
Running only on specified device: 9b034f1b
Deploying and running 'bm-gen-logs-tree-vk' on device: 9b034f1b
build/android/arm64-v8a/release/bm-gen-logs-tree-vk: 1 file pushed, 0 skipped. 480.1 MB/s (7087568 bytes in 0.014s)
[2025-06-29 14:29:07.400] [info] Pinable Lit cores: 0 1 2 
[2025-06-29 14:29:07.401] [info] Pinable Med cores: 3 4 
[2025-06-29 14:29:07.401] [info] Pinable Big cores: 5 6 7 
[2025-06-29 14:29:07.401] [info] Pinable Sup cores: 
[2025-06-29 14:29:07.874] [info] Fetching JSON from URL: http://192.168.1.12:8080/9b034f1b/tree/vk/schedules_btpm_tmax.json
[2025-06-29 14:29:07.944] [info] Loaded 30 valid schedules from JSON
[2025-06-29 14:29:07.945] [info] Loaded 30 schedules
--------------------------------
Schedule 0 [UID: SCH-M7-G000-6300]:
  Chunk 0 [OMP/Medium]: 1, 2, 3, 4, 5, 6, 7
--------------------------------
Schedule 1 [UID: SCH-L7-G000-9147]:
  Chunk 0 [OMP/Little]: 1, 2, 3, 4, 5, 6, 7
--------------------------------
Schedule 2 [UID: SCH-B7-G000-9f4e]:
  Chunk 0 [OMP/Big   ]: 1, 2, 3, 4, 5, 6, 7
--------------------------------
Schedule 3 [UID: SCH-G7-G000-20e7]:
  Chunk 0 [Vulkan    ]: 1, 2, 3, 4, 5, 6, 7
--------------------------------
Schedule 4 [UID: SCH-L2B5-G002-5b85]:
  Chunk 0 [OMP/Little]: 1, 2
  Chunk 1 [OMP/Big   ]: 3, 4, 5, 6, 7
--------------------------------
Schedule 5 [UID: SCH-B3G4-G038-3a14]:
  Chunk 0 [OMP/Big   ]: 1, 2, 3
  Chunk 1 [Vulkan    ]: 4, 5, 6, 7
--------------------------------
Schedule 6 [UID: SCH-B2G3M2-G043-9dd9]:
  Chunk 0 [OMP/Big   ]: 1, 2
  Chunk 1 [Vulkan    ]: 3, 4, 5
  Chunk 2 [OMP/Medium]: 6, 7
--------------------------------
Schedule 7 [UID: SCH-M3G4-G059-cd0a]:
  Chunk 0 [OMP/Medium]: 1, 2, 3
  Chunk 1 [Vulkan    ]: 4, 5, 6, 7
--------------------------------
Schedule 8 [UID: SCH-B4L3-G069-27ef]:
  Chunk 0 [OMP/Big   ]: 1, 2, 3, 4
  Chunk 1 [OMP/Little]: 5, 6, 7
--------------------------------
Schedule 9 [UID: SCH-M2G2B3-G071-ab80]:
  Chunk 0 [OMP/Medium]: 1, 2
  Chunk 1 [Vulkan    ]: 3, 4
  Chunk 2 [OMP/Big   ]: 5, 6, 7
--------------------------------
Schedule 10 [UID: SCH-B2G2M3-G073-a5e8]:
  Chunk 0 [OMP/Big   ]: 1, 2
  Chunk 1 [Vulkan    ]: 3, 4
  Chunk 2 [OMP/Medium]: 5, 6, 7
--------------------------------
Schedule 11 [UID: SCH-B2G4M1-G082-48ab]:
  Chunk 0 [OMP/Big   ]: 1, 2
  Chunk 1 [Vulkan    ]: 3, 4, 5, 6
  Chunk 2 [OMP/Medium]: 7
--------------------------------
Schedule 12 [UID: SCH-M2G3B2-G084-d1b8]:
  Chunk 0 [OMP/Medium]: 1, 2
  Chunk 1 [Vulkan    ]: 3, 4, 5
  Chunk 2 [OMP/Big   ]: 6, 7
--------------------------------
Schedule 13 [UID: SCH-B5L2-G088-0c1e]:
  Chunk 0 [OMP/Big   ]: 1, 2, 3, 4, 5
  Chunk 1 [OMP/Little]: 6, 7
--------------------------------
Schedule 14 [UID: SCH-B2G2L2M1-G091-36fe]:
  Chunk 0 [OMP/Big   ]: 1, 2
  Chunk 1 [Vulkan    ]: 3, 4
  Chunk 2 [OMP/Little]: 5, 6
  Chunk 3 [OMP/Medium]: 7
--------------------------------
Schedule 15 [UID: SCH-M3G2B2-G121-c029]:
  Chunk 0 [OMP/Medium]: 1, 2, 3
  Chunk 1 [Vulkan    ]: 4, 5
  Chunk 2 [OMP/Big   ]: 6, 7
--------------------------------
Schedule 16 [UID: SCH-L3B4-G125-f9a6]:
  Chunk 0 [OMP/Little]: 1, 2, 3
  Chunk 1 [OMP/Big   ]: 4, 5, 6, 7
--------------------------------
Schedule 17 [UID: SCH-M2G2L1B2-G125-2ec6]:
  Chunk 0 [OMP/Medium]: 1, 2
  Chunk 1 [Vulkan    ]: 3, 4
  Chunk 2 [OMP/Little]: 5
  Chunk 3 [OMP/Big   ]: 6, 7
--------------------------------
Schedule 18 [UID: SCH-B3G2M2-G125-7f8c]:
  Chunk 0 [OMP/Big   ]: 1, 2, 3
  Chunk 1 [Vulkan    ]: 4, 5
  Chunk 2 [OMP/Medium]: 6, 7
--------------------------------
Schedule 19 [UID: SCH-B2G2L1M2-G127-bcf6]:
  Chunk 0 [OMP/Big   ]: 1, 2
  Chunk 1 [Vulkan    ]: 3, 4
  Chunk 2 [OMP/Little]: 5
  Chunk 3 [OMP/Medium]: 6, 7
--------------------------------
Schedule 20 [UID: SCH-M4L3-G129-943f]:
  Chunk 0 [OMP/Medium]: 1, 2, 3, 4
  Chunk 1 [OMP/Little]: 5, 6, 7
--------------------------------
Schedule 21 [UID: SCH-B3G3M1-G129-dd11]:
  Chunk 0 [OMP/Big   ]: 1, 2, 3
  Chunk 1 [Vulkan    ]: 4, 5, 6
  Chunk 2 [OMP/Medium]: 7
--------------------------------
Schedule 22 [UID: SCH-M2G2L2B1-G130-0542]:
  Chunk 0 [OMP/Medium]: 1, 2
  Chunk 1 [Vulkan    ]: 3, 4
  Chunk 2 [OMP/Little]: 5, 6
  Chunk 3 [OMP/Big   ]: 7
--------------------------------
Schedule 23 [UID: SCH-L1B2G4-G132-e435]:
  Chunk 0 [OMP/Little]: 1
  Chunk 1 [OMP/Big   ]: 2, 3
  Chunk 2 [Vulkan    ]: 4, 5, 6, 7
--------------------------------
Schedule 24 [UID: SCH-B2G5-G138-8344]:
  Chunk 0 [OMP/Big   ]: 1, 2
  Chunk 1 [Vulkan    ]: 3, 4, 5, 6, 7
--------------------------------
Schedule 25 [UID: SCH-M2G5-G140-de4b]:
  Chunk 0 [OMP/Medium]: 1, 2
  Chunk 1 [Vulkan    ]: 3, 4, 5, 6, 7
--------------------------------
Schedule 26 [UID: SCH-M2G4B1-G141-c168]:
  Chunk 0 [OMP/Medium]: 1, 2
  Chunk 1 [Vulkan    ]: 3, 4, 5, 6
  Chunk 2 [OMP/Big   ]: 7
--------------------------------
Schedule 27 [UID: SCH-L3M4-G143-d133]:
  Chunk 0 [OMP/Little]: 1, 2, 3
  Chunk 1 [OMP/Medium]: 4, 5, 6, 7
--------------------------------
Schedule 28 [UID: SCH-M3G1B3-G152-3753]:
  Chunk 0 [OMP/Medium]: 1, 2, 3
  Chunk 1 [Vulkan    ]: 4
  Chunk 2 [OMP/Big   ]: 5, 6, 7
--------------------------------
Schedule 29 [UID: SCH-M3G1L1B2-G162-c801]:
  Chunk 0 [OMP/Medium]: 1, 2, 3
  Chunk 1 [Vulkan    ]: 4
  Chunk 2 [OMP/Little]: 5
  Chunk 3 [OMP/Big   ]: 6, 7
[2025-06-29 14:29:07.951] [info] Running 30/30 schedules

--------------------------------
[2025-06-29 14:29:07.951] [info] Available Vulkan Layers:
[2025-06-29 14:29:07.951] [warning] Validation layer requested but not available, continuing without it...
[2025-06-29 14:29:07.956] [info] Using integrated GPU: Adreno (TM) 740
[2025-06-29 14:29:07.966] [info] VulkanDispatcher instance created.
[2025-06-29 14:29:08.087] [info] Total memory used: 40550404 bytes (38.67188 MB)
[2025-06-29 14:29:08.096] [info] Total memory used: 40550404 bytes (38.67188 MB)
[2025-06-29 14:29:08.115] [info] Total memory used: 40550404 bytes (38.67188 MB)
[2025-06-29 14:29:08.124] [info] Total memory used: 40550404 bytes (38.67188 MB)
[2025-06-29 14:29:08.133] [info] Total memory used: 40550404 bytes (38.67188 MB)
[2025-06-29 14:29:08.170] [info] Total memory used: 40550404 bytes (38.67188 MB)
[2025-06-29 14:29:08.180] [info] Total memory used: 40550404 bytes (38.67188 MB)
[2025-06-29 14:29:08.189] [info] Total memory used: 40550404 bytes (38.67188 MB)
[2025-06-29 14:29:08.199] [info] Total memory used: 40550404 bytes (38.67188 MB)
[2025-06-29 14:29:08.208] [info] Total memory used: 40550404 bytes (38.67188 MB)
[2025-06-29 14:29:08.248] [info] Total memory used: 40550404 bytes (38.67188 MB)
[2025-06-29 14:29:08.258] [info] Total memory used: 40550404 bytes (38.67188 MB)
[2025-06-29 14:29:08.267] [info] Total memory used: 40550404 bytes (38.67188 MB)
[2025-06-29 14:29:08.276] [info] Total memory used: 40550404 bytes (38.67188 MB)
[2025-06-29 14:29:08.286] [info] Total memory used: 40550404 bytes (38.67188 MB)
[2025-06-29 14:29:08.296] [info] Total memory used: 40550404 bytes (38.67188 MB)
### Python Begin ###
Schedule_UID=SCH-M7-G000-6300
Frequency=19200000 Hz
Task=0 Chunk=0 Start=7927867866465 End=7927868185873 Duration=319408
Task=1 Chunk=0 Start=7927868185877 End=7927868390638 Duration=204761
Task=2 Chunk=0 Start=7927868390639 End=7927868595456 Duration=204817
Task=3 Chunk=0 Start=7927868595462 End=7927868800536 Duration=205074
Task=4 Chunk=0 Start=7927868800543 End=7927869004457 Duration=203914
Task=5 Chunk=0 Start=7927869004458 End=7927869210086 Duration=205628
Task=6 Chunk=0 Start=7927869210087 End=7927869414636 Duration=204549
Task=7 Chunk=0 Start=7927869414637 End=7927869619476 Duration=204839
Task=8 Chunk=0 Start=7927869619477 End=7927869825180 Duration=205703
Task=9 Chunk=0 Start=7927869825183 End=7927870030642 Duration=205459
Task=10 Chunk=0 Start=7927870030646 End=7927870236236 Duration=205590
Task=11 Chunk=0 Start=7927870236237 End=7927870441539 Duration=205302
Task=12 Chunk=0 Start=7927870441540 End=7927870646448 Duration=204908
Task=13 Chunk=0 Start=7927870646449 End=7927870851354 Duration=204905
Task=14 Chunk=0 Start=7927870851358 End=7927871056551 Duration=205193
Task=15 Chunk=0 Start=7927871056554 End=7927871261135 Duration=204581
Task=16 Chunk=0 Start=7927871261137 End=7927871466896 Duration=205759
Task=17 Chunk=0 Start=7927871466896 End=7927871671033 Duration=204137
Task=18 Chunk=0 Start=7927871671034 End=7927871875362 Duration=204328
Task=19 Chunk=0 Start=7927871875362 End=7927872079884 Duration=204522
Task=20 Chunk=0 Start=7927872079885 End=7927872283981 Duration=204096
Task=21 Chunk=0 Start=7927872283981 End=7927872487283 Duration=203302
Task=22 Chunk=0 Start=7927872487289 End=7927872692206 Duration=204917
Task=23 Chunk=0 Start=7927872692207 End=7927872895178 Duration=202971
Task=24 Chunk=0 Start=7927872895178 End=7927873100630 Duration=205452
Task=25 Chunk=0 Start=7927873100635 End=7927873306912 Duration=206277
Task=26 Chunk=0 Start=7927873306913 End=7927873511869 Duration=204956
Task=27 Chunk=0 Start=7927873511870 End=7927873717211 Duration=205341
Task=28 Chunk=0 Start=7927873717215 End=7927873923107 Duration=205892
Task=29 Chunk=0 Start=7927873923108 End=7927874128855 Duration=205747
Task=30 Chunk=0 Start=7927874128856 End=7927874334105 Duration=205249
Task=31 Chunk=0 Start=7927874334106 End=7927874538847 Duration=204741
Task=32 Chunk=0 Start=7927874538848 End=7927874743811 Duration=204963
Task=33 Chunk=0 Start=7927874743813 End=7927874947034 Duration=203221
Task=34 Chunk=0 Start=7927874947036 End=7927875151792 Duration=204756
Task=35 Chunk=0 Start=7927875151793 End=7927875356553 Duration=204760
Task=36 Chunk=0 Start=7927875356554 End=7927875561568 Duration=205014
Task=37 Chunk=0 Start=7927875561569 End=7927875766892 Duration=205323
Task=38 Chunk=0 Start=7927875766893 End=7927875970748 Duration=203855
Task=39 Chunk=0 Start=7927875970749 End=7927876176186 Duration=205437
Task=40 Chunk=0 Start=7927876176187 End=7927876382667 Duration=206480
Task=41 Chunk=0 Start=7927876382668 End=7927876588464 Duration=205796
Task=42 Chunk=0 Start=7927876588466 End=7927876794264 Duration=205798
Task=43 Chunk=0 Start=7927876794267 End=7927876999144 Duration=204877
Task=44 Chunk=0 Start=7927876999148 End=7927877203814 Duration=204666
Task=45 Chunk=0 Start=7927877203817 End=7927877408440 Duration=204623
Task=46 Chunk=0 Start=7927877408444 End=7927877613340 Duration=204896
Task=47 Chunk=0 Start=7927877613340 End=7927877817584 Duration=204244
Task=48 Chunk=0 Start=7927877817587 End=7927878021876 Duration=204289
Task=49 Chunk=0 Start=7927878021883 End=7927878227060 Duration=205177
Task=50 Chunk=0 Start=7927878227065 End=7927878430149 Duration=203084
Task=51 Chunk=0 Start=7927878430150 End=7927878635060 Duration=204910
Task=52 Chunk=0 Start=7927878635061 End=7927878840231 Duration=205170
Task=53 Chunk=0 Start=7927878840233 End=7927879043672 Duration=203439
Task=54 Chunk=0 Start=7927879043676 End=7927879251700 Duration=208024
Task=55 Chunk=0 Start=7927879251703 End=7927879457543 Duration=205840
Task=56 Chunk=0 Start=7927879457544 End=7927879662147 Duration=204603
Task=57 Chunk=0 Start=7927879662151 End=7927879867263 Duration=205112
Task=58 Chunk=0 Start=7927879867264 End=7927880072163 Duration=204899
Task=59 Chunk=0 Start=7927880072163 End=7927880277291 Duration=205128
Task=60 Chunk=0 Start=7927880277294 End=7927880481847 Duration=204553
Task=61 Chunk=0 Start=7927880481848 End=7927880685912 Duration=204064
Task=62 Chunk=0 Start=7927880685912 End=7927880890365 Duration=204453
Task=63 Chunk=0 Start=7927880890368 End=7927881094777 Duration=204409
Task=64 Chunk=0 Start=7927881094778 End=7927881299758 Duration=204980
Task=65 Chunk=0 Start=7927881299759 End=7927881504544 Duration=204785
Task=66 Chunk=0 Start=7927881504545 End=7927881709677 Duration=205132
Task=67 Chunk=0 Start=7927881709678 End=7927881914273 Duration=204595
Task=68 Chunk=0 Start=7927881914274 End=7927882118467 Duration=204193
Task=69 Chunk=0 Start=7927882118468 End=7927882324606 Duration=206138
Task=70 Chunk=0 Start=7927882324606 End=7927882530640 Duration=206034
Task=71 Chunk=0 Start=7927882530641 End=7927882734110 Duration=203469
Task=72 Chunk=0 Start=7927882734111 End=7927882937678 Duration=203567
Task=73 Chunk=0 Start=7927882937683 End=7927883142585 Duration=204902
Task=74 Chunk=0 Start=7927883142586 End=7927883348608 Duration=206022
Task=75 Chunk=0 Start=7927883348608 End=7927883552859 Duration=204251
Task=76 Chunk=0 Start=7927883552862 End=7927883757688 Duration=204826
Task=77 Chunk=0 Start=7927883757688 End=7927883962063 Duration=204375
Task=78 Chunk=0 Start=7927883962064 End=7927884166071 Duration=204007
Task=79 Chunk=0 Start=7927884166072 End=7927884372096 Duration=206024
Task=80 Chunk=0 Start=7927884372097 End=7927884575823 Duration=203726
Task=81 Chunk=0 Start=7927884575827 End=7927884781085 Duration=205258
Task=82 Chunk=0 Start=7927884781089 End=7927884985841 Duration=204752
Task=83 Chunk=0 Start=7927884985842 End=7927885190707 Duration=204865
Task=84 Chunk=0 Start=7927885190708 End=7927885398471 Duration=207763
Task=85 Chunk=0 Start=7927885398472 End=7927885605100 Duration=206628
Task=86 Chunk=0 Start=7927885605103 End=7927885809257 Duration=204154
Task=87 Chunk=0 Start=7927885809258 End=7927886015025 Duration=205767
Task=88 Chunk=0 Start=7927886015026 End=7927886219855 Duration=204829
Task=89 Chunk=0 Start=7927886219855 End=7927886424799 Duration=204944
Task=90 Chunk=0 Start=7927886424800 End=7927886629955 Duration=205155
Task=91 Chunk=0 Start=7927886629956 End=7927886835597 Duration=205641
Task=92 Chunk=0 Start=7927886835598 End=7927887040452 Duration=204854
Task=93 Chunk=0 Start=7927887040454 End=7927887246029 Duration=205575
Task=94 Chunk=0 Start=7927887246029 End=7927887451672 Duration=205643
Task=95 Chunk=0 Start=7927887451673 End=7927887655667 Duration=203994
Task=96 Chunk=0 Start=7927887655668 End=7927887861431 Duration=205763
Task=97 Chunk=0 Start=7927887861431 End=7927888066877 Duration=205446
Task=98 Chunk=0 Start=7927888066878 End=7927888271820 Duration=204942
Task=99 Chunk=0 Start=7927888271821 End=7927888477122 Duration=205301
### Python End ###

--------------------------------
[2025-06-29 14:29:09.420] [info] Available Vulkan Layers:
[2025-06-29 14:29:09.420] [warning] Validation layer requested but not available, continuing without it...
[2025-06-29 14:29:09.423] [info] Using integrated GPU: Adreno (TM) 740
[2025-06-29 14:29:09.432] [info] VulkanDispatcher instance created.
[2025-06-29 14:29:09.505] [info] Total memory used: 40550404 bytes (38.67188 MB)
[2025-06-29 14:29:09.515] [info] Total memory used: 40550404 bytes (38.67188 MB)
[2025-06-29 14:29:09.535] [info] Total memory used: 40550404 bytes (38.67188 MB)
[2025-06-29 14:29:09.544] [info] Total memory used: 40550404 bytes (38.67188 MB)
[2025-06-29 14:29:09.554] [info] Total memory used: 40550404 bytes (38.67188 MB)
[2025-06-29 14:29:09.592] [info] Total memory used: 40550404 bytes (38.67188 MB)
[2025-06-29 14:29:09.602] [info] Total memory used: 40550404 bytes (38.67188 MB)
[2025-06-29 14:29:09.611] [info] Total memory used: 40550404 bytes (38.67188 MB)
[2025-06-29 14:29:09.620] [info] Total memory used: 40550404 bytes (38.67188 MB)
[2025-06-29 14:29:09.629] [info] Total memory used: 40550404 bytes (38.67188 MB)
[2025-06-29 14:29:09.669] [info] Total memory used: 40550404 bytes (38.67188 MB)
[2025-06-29 14:29:09.678] [info] Total memory used: 40550404 bytes (38.67188 MB)
[2025-06-29 14:29:09.688] [info] Total memory used: 40550404 bytes (38.67188 MB)
[2025-06-29 14:29:09.697] [info] Total memory used: 40550404 bytes (38.67188 MB)
[2025-06-29 14:29:09.707] [info] Total memory used: 40550404 bytes (38.67188 MB)
[2025-06-29 14:29:09.716] [info] Total memory used: 40550404 bytes (38.67188 MB)
### Python Begin ###
Schedule_UID=SCH-L7-G000-9147
Frequency=19200000 Hz
Task=0 Chunk=0 Start=7927895144917 End=7927895636959 Duration=492042
Task=1 Chunk=0 Start=7927895636981 End=7927895903089 Duration=266108
Task=2 Chunk=0 Start=7927895903100 End=7927896199597 Duration=296497
Task=3 Chunk=0 Start=7927896199608 End=7927896477276 Duration=277668
Task=4 Chunk=0 Start=7927896477301 End=7927896764288 Duration=286987
Task=5 Chunk=0 Start=7927896764307 End=7927897038408 Duration=274101
Task=6 Chunk=0 Start=7927897038423 End=7927897317595 Duration=279172
Task=7 Chunk=0 Start=7927897317614 End=7927897600970 Duration=283356
Task=8 Chunk=0 Start=7927897600992 End=7927897898954 Duration=297962
Task=9 Chunk=0 Start=7927897898985 End=7927898193368 Duration=294383
Task=10 Chunk=0 Start=7927898193386 End=7927898488124 Duration=294738
Task=11 Chunk=0 Start=7927898488146 End=7927898768234 Duration=280088
Task=12 Chunk=0 Start=7927898768261 End=7927899048275 Duration=280014
Task=13 Chunk=0 Start=7927899048298 End=7927899322784 Duration=274486
Task=14 Chunk=0 Start=7927899322807 End=7927899621724 Duration=298917
Task=15 Chunk=0 Start=7927899621742 End=7927899905865 Duration=284123
Task=16 Chunk=0 Start=7927899905879 End=7927900180913 Duration=275034
Task=17 Chunk=0 Start=7927900180937 End=7927900474642 Duration=293705
Task=18 Chunk=0 Start=7927900474672 End=7927900768811 Duration=294139
Task=19 Chunk=0 Start=7927900768824 End=7927901049884 Duration=281060
Task=20 Chunk=0 Start=7927901049904 End=7927901347067 Duration=297163
Task=21 Chunk=0 Start=7927901347085 End=7927901631894 Duration=284809
Task=22 Chunk=0 Start=7927901631920 End=7927901902683 Duration=270763
Task=23 Chunk=0 Start=7927901902700 End=7927902179371 Duration=276671
Task=24 Chunk=0 Start=7927902179398 End=7927902451406 Duration=272008
Task=25 Chunk=0 Start=7927902451430 End=7927902737575 Duration=286145
Task=26 Chunk=0 Start=7927902737594 End=7927903030119 Duration=292525
Task=27 Chunk=0 Start=7927903030139 End=7927903297234 Duration=267095
Task=28 Chunk=0 Start=7927903297245 End=7927903568823 Duration=271578
Task=29 Chunk=0 Start=7927903568848 End=7927903853142 Duration=284294
Task=30 Chunk=0 Start=7927903853169 End=7927904139268 Duration=286099
Task=31 Chunk=0 Start=7927904139280 End=7927904421649 Duration=282369
Task=32 Chunk=0 Start=7927904421664 End=7927904700352 Duration=278688
Task=33 Chunk=0 Start=7927904700368 End=7927904978398 Duration=278030
Task=34 Chunk=0 Start=7927904978419 End=7927905257844 Duration=279425
Task=35 Chunk=0 Start=7927905257855 End=7927905531885 Duration=274030
Task=36 Chunk=0 Start=7927905531919 End=7927905816037 Duration=284118
Task=37 Chunk=0 Start=7927905816060 End=7927906091399 Duration=275339
Task=38 Chunk=0 Start=7927906091417 End=7927906364180 Duration=272763
Task=39 Chunk=0 Start=7927906364199 End=7927906658024 Duration=293825
Task=40 Chunk=0 Start=7927906658050 End=7927906943931 Duration=285881
Task=41 Chunk=0 Start=7927906943962 End=7927907231826 Duration=287864
Task=42 Chunk=0 Start=7927907231858 End=7927907510316 Duration=278458
Task=43 Chunk=0 Start=7927907510328 End=7927907781827 Duration=271499
Task=44 Chunk=0 Start=7927907781853 End=7927908064767 Duration=282914
Task=45 Chunk=0 Start=7927908064790 End=7927908346794 Duration=282004
Task=46 Chunk=0 Start=7927908346815 End=7927908625447 Duration=278632
Task=47 Chunk=0 Start=7927908625469 End=7927908899905 Duration=274436
Task=48 Chunk=0 Start=7927908899930 End=7927909180026 Duration=280096
Task=49 Chunk=0 Start=7927909180048 End=7927909455478 Duration=275430
Task=50 Chunk=0 Start=7927909455498 End=7927909737027 Duration=281529
Task=51 Chunk=0 Start=7927909737046 End=7927910030306 Duration=293260
Task=52 Chunk=0 Start=7927910030328 End=7927910312045 Duration=281717
Task=53 Chunk=0 Start=7927910312068 End=7927910601305 Duration=289237
Task=54 Chunk=0 Start=7927910601325 End=7927910884829 Duration=283504
Task=55 Chunk=0 Start=7927910884848 End=7927911157123 Duration=272275
Task=56 Chunk=0 Start=7927911157145 End=7927911446394 Duration=289249
Task=57 Chunk=0 Start=7927911446413 End=7927911721866 Duration=275453
Task=58 Chunk=0 Start=7927911721884 End=7927912009531 Duration=287647
Task=59 Chunk=0 Start=7927912009553 End=7927912290699 Duration=281146
Task=60 Chunk=0 Start=7927912290723 End=7927912571568 Duration=280845
Task=61 Chunk=0 Start=7927912571586 End=7927912842014 Duration=270428
Task=62 Chunk=0 Start=7927912842034 End=7927913117766 Duration=275732
Task=63 Chunk=0 Start=7927913117783 End=7927913391189 Duration=273406
Task=64 Chunk=0 Start=7927913391216 End=7927913708736 Duration=317520
Task=65 Chunk=0 Start=7927913708771 End=7927914006432 Duration=297661
Task=66 Chunk=0 Start=7927914006457 End=7927914297444 Duration=290987
Task=67 Chunk=0 Start=7927914297470 End=7927914576512 Duration=279042
Task=68 Chunk=0 Start=7927914576530 End=7927914849302 Duration=272772
Task=69 Chunk=0 Start=7927914849321 End=7927915118077 Duration=268756
Task=70 Chunk=0 Start=7927915118093 End=7927915402737 Duration=284644
Task=71 Chunk=0 Start=7927915402757 End=7927915698682 Duration=295925
Task=72 Chunk=0 Start=7927915698714 End=7927916004998 Duration=306284
Task=73 Chunk=0 Start=7927916005026 End=7927916312151 Duration=307125
Task=74 Chunk=0 Start=7927916312173 End=7927916606933 Duration=294760
Task=75 Chunk=0 Start=7927916606957 End=7927916889812 Duration=282855
Task=76 Chunk=0 Start=7927916889838 End=7927917188496 Duration=298658
Task=77 Chunk=0 Start=7927917188508 End=7927917459197 Duration=270689
Task=78 Chunk=0 Start=7927917459214 End=7927917734220 Duration=275006
Task=79 Chunk=0 Start=7927917734231 End=7927918009299 Duration=275068
Task=80 Chunk=0 Start=7927918009319 End=7927918287149 Duration=277830
Task=81 Chunk=0 Start=7927918287170 End=7927918565429 Duration=278259
Task=82 Chunk=0 Start=7927918565447 End=7927918849575 Duration=284128
Task=83 Chunk=0 Start=7927918849592 End=7927919124358 Duration=274766
Task=84 Chunk=0 Start=7927919124368 End=7927919417761 Duration=293393
Task=85 Chunk=0 Start=7927919417773 End=7927919692111 Duration=274338
Task=86 Chunk=0 Start=7927919692118 End=7927919980888 Duration=288770
Task=87 Chunk=0 Start=7927919980905 End=7927920263592 Duration=282687
Task=88 Chunk=0 Start=7927920263607 End=7927920550451 Duration=286844
Task=89 Chunk=0 Start=7927920550470 End=7927920818244 Duration=267774
Task=90 Chunk=0 Start=7927920818257 End=7927921107820 Duration=289563
Task=91 Chunk=0 Start=7927921107834 End=7927921389514 Duration=281680
Task=92 Chunk=0 Start=7927921389531 End=7927921668379 Duration=278848
Task=93 Chunk=0 Start=7927921668392 End=7927921960703 Duration=292311
Task=94 Chunk=0 Start=7927921960719 End=7927922243666 Duration=282947
Task=95 Chunk=0 Start=7927922243684 End=7927922528042 Duration=284358
Task=96 Chunk=0 Start=7927922528054 End=7927922807467 Duration=279413
Task=97 Chunk=0 Start=7927922807481 End=7927923083331 Duration=275850
Task=98 Chunk=0 Start=7927923083338 End=7927923376808 Duration=293470
Task=99 Chunk=0 Start=7927923376826 End=7927923679942 Duration=303116
### Python End ###

--------------------------------
[2025-06-29 14:29:11.283] [info] Available Vulkan Layers:
[2025-06-29 14:29:11.283] [warning] Validation layer requested but not available, continuing without it...
[2025-06-29 14:29:11.286] [info] Using integrated GPU: Adreno (TM) 740
[2025-06-29 14:29:11.295] [info] VulkanDispatcher instance created.
[2025-06-29 14:29:11.394] [info] Total memory used: 40550404 bytes (38.67188 MB)
[2025-06-29 14:29:11.403] [info] Total memory used: 40550404 bytes (38.67188 MB)
[2025-06-29 14:29:11.423] [info] Total memory used: 40550404 bytes (38.67188 MB)
[2025-06-29 14:29:11.432] [info] Total memory used: 40550404 bytes (38.67188 MB)
[2025-06-29 14:29:11.440] [info] Total memory used: 40550404 bytes (38.67188 MB)
[2025-06-29 14:29:11.479] [info] Total memory used: 40550404 bytes (38.67188 MB)
[2025-06-29 14:29:11.488] [info] Total memory used: 40550404 bytes (38.67188 MB)
[2025-06-29 14:29:11.498] [info] Total memory used: 40550404 bytes (38.67188 MB)
[2025-06-29 14:29:11.507] [info] Total memory used: 40550404 bytes (38.67188 MB)
[2025-06-29 14:29:11.516] [info] Total memory used: 40550404 bytes (38.67188 MB)
[2025-06-29 14:29:11.556] [info] Total memory used: 40550404 bytes (38.67188 MB)
[2025-06-29 14:29:11.565] [info] Total memory used: 40550404 bytes (38.67188 MB)
[2025-06-29 14:29:11.575] [info] Total memory used: 40550404 bytes (38.67188 MB)
[2025-06-29 14:29:11.584] [info] Total memory used: 40550404 bytes (38.67188 MB)
[2025-06-29 14:29:11.594] [info] Total memory used: 40550404 bytes (38.67188 MB)
[2025-06-29 14:29:11.603] [info] Total memory used: 40550404 bytes (38.67188 MB)
### Python Begin ###
Schedule_UID=SCH-B7-G000-9f4e
Frequency=19200000 Hz
Task=0 Chunk=0 Start=7927931371012 End=7927932153820 Duration=782808
Task=1 Chunk=0 Start=7927932153827 End=7927932578550 Duration=424723
Task=2 Chunk=0 Start=7927932578556 End=7927932928374 Duration=349818
Task=3 Chunk=0 Start=7927932928377 End=7927933235295 Duration=306918
Task=4 Chunk=0 Start=7927933235296 End=7927933532361 Duration=297065
Task=5 Chunk=0 Start=7927933532362 End=7927933827107 Duration=294745
Task=6 Chunk=0 Start=7927933827108 End=7927934122016 Duration=294908
Task=7 Chunk=0 Start=7927934122025 End=7927934419039 Duration=297014
Task=8 Chunk=0 Start=7927934419040 End=7927934715390 Duration=296350
Task=9 Chunk=0 Start=7927934715391 End=7927934969775 Duration=254384
Task=10 Chunk=0 Start=7927934969777 End=7927935118800 Duration=149023
Task=11 Chunk=0 Start=7927935118801 End=7927935263928 Duration=145127
Task=12 Chunk=0 Start=7927935263929 End=7927935407966 Duration=144037
Task=13 Chunk=0 Start=7927935407967 End=7927935552927 Duration=144960
Task=14 Chunk=0 Start=7927935552928 End=7927935697395 Duration=144467
Task=15 Chunk=0 Start=7927935697398 End=7927935843119 Duration=145721
Task=16 Chunk=0 Start=7927935843128 End=7927935988860 Duration=145732
Task=17 Chunk=0 Start=7927935988860 End=7927936133632 Duration=144772
Task=18 Chunk=0 Start=7927936133633 End=7927936277677 Duration=144044
Task=19 Chunk=0 Start=7927936277680 End=7927936422133 Duration=144453
Task=20 Chunk=0 Start=7927936422139 End=7927936566398 Duration=144259
Task=21 Chunk=0 Start=7927936566398 End=7927936709946 Duration=143548
Task=22 Chunk=0 Start=7927936709946 End=7927936855364 Duration=145418
Task=23 Chunk=0 Start=7927936855380 End=7927937000815 Duration=145435
Task=24 Chunk=0 Start=7927937000825 End=7927937145571 Duration=144746
Task=25 Chunk=0 Start=7927937145572 End=7927937290286 Duration=144714
Task=26 Chunk=0 Start=7927937290289 End=7927937434676 Duration=144387
Task=27 Chunk=0 Start=7927937434677 End=7927937579832 Duration=145155
Task=28 Chunk=0 Start=7927937579836 End=7927937724255 Duration=144419
Task=29 Chunk=0 Start=7927937724256 End=7927937868453 Duration=144197
Task=30 Chunk=0 Start=7927937868454 End=7927938012354 Duration=143900
Task=31 Chunk=0 Start=7927938012356 End=7927938156429 Duration=144073
Task=32 Chunk=0 Start=7927938156430 End=7927938302002 Duration=145572
Task=33 Chunk=0 Start=7927938302003 End=7927938446711 Duration=144708
Task=34 Chunk=0 Start=7927938446712 End=7927938591461 Duration=144749
Task=35 Chunk=0 Start=7927938591461 End=7927938735845 Duration=144384
Task=36 Chunk=0 Start=7927938735845 End=7927938881344 Duration=145499
Task=37 Chunk=0 Start=7927938881345 End=7927939027978 Duration=146633
Task=38 Chunk=0 Start=7927939027979 End=7927939174228 Duration=146249
Task=39 Chunk=0 Start=7927939174229 End=7927939319143 Duration=144914
Task=40 Chunk=0 Start=7927939319143 End=7927939466380 Duration=147237
Task=41 Chunk=0 Start=7927939466381 End=7927939610329 Duration=143948
Task=42 Chunk=0 Start=7927939610331 End=7927939755473 Duration=145142
Task=43 Chunk=0 Start=7927939755473 End=7927939902656 Duration=147183
Task=44 Chunk=0 Start=7927939902656 End=7927940047800 Duration=145144
Task=45 Chunk=0 Start=7927940047800 End=7927940191832 Duration=144032
Task=46 Chunk=0 Start=7927940191832 End=7927940335781 Duration=143949
Task=47 Chunk=0 Start=7927940335782 End=7927940480090 Duration=144308
Task=48 Chunk=0 Start=7927940480091 End=7927940623242 Duration=143151
Task=49 Chunk=0 Start=7927940623252 End=7927940767074 Duration=143822
Task=50 Chunk=0 Start=7927940767075 End=7927940912852 Duration=145777
Task=51 Chunk=0 Start=7927940912852 End=7927941059442 Duration=146590
Task=52 Chunk=0 Start=7927941059442 End=7927941203234 Duration=143792
Task=53 Chunk=0 Start=7927941203235 End=7927941348479 Duration=145244
Task=54 Chunk=0 Start=7927941348480 End=7927941494873 Duration=146393
Task=55 Chunk=0 Start=7927941494874 End=7927941640282 Duration=145408
Task=56 Chunk=0 Start=7927941640283 End=7927941784439 Duration=144156
Task=57 Chunk=0 Start=7927941784440 End=7927941929560 Duration=145120
Task=58 Chunk=0 Start=7927941929560 End=7927942074664 Duration=145104
Task=59 Chunk=0 Start=7927942074665 End=7927942218698 Duration=144033
Task=60 Chunk=0 Start=7927942218699 End=7927942364103 Duration=145404
Task=61 Chunk=0 Start=7927942364103 End=7927942511249 Duration=147146
Task=62 Chunk=0 Start=7927942511250 End=7927942656484 Duration=145234
Task=63 Chunk=0 Start=7927942656485 End=7927942800620 Duration=144135
Task=64 Chunk=0 Start=7927942800621 End=7927942944693 Duration=144072
Task=65 Chunk=0 Start=7927942944695 End=7927943088139 Duration=143444
Task=66 Chunk=0 Start=7927943088140 End=7927943233883 Duration=145743
Task=67 Chunk=0 Start=7927943233883 End=7927943378891 Duration=145008
Task=68 Chunk=0 Start=7927943378897 End=7927943525084 Duration=146187
Task=69 Chunk=0 Start=7927943525085 End=7927943671466 Duration=146381
Task=70 Chunk=0 Start=7927943671466 End=7927943816031 Duration=144565
Task=71 Chunk=0 Start=7927943816032 End=7927943961341 Duration=145309
Task=72 Chunk=0 Start=7927943961342 End=7927944105812 Duration=144470
Task=73 Chunk=0 Start=7927944105813 End=7927944250928 Duration=145115
Task=74 Chunk=0 Start=7927944250929 End=7927944394915 Duration=143986
Task=75 Chunk=0 Start=7927944394916 End=7927944538235 Duration=143319
Task=76 Chunk=0 Start=7927944538236 End=7927944683112 Duration=144876
Task=77 Chunk=0 Start=7927944683113 End=7927944827974 Duration=144861
Task=78 Chunk=0 Start=7927944827975 End=7927944973207 Duration=145232
Task=79 Chunk=0 Start=7927944973207 End=7927945120278 Duration=147071
Task=80 Chunk=0 Start=7927945120279 End=7927945265250 Duration=144971
Task=81 Chunk=0 Start=7927945265250 End=7927945409703 Duration=144453
Task=82 Chunk=0 Start=7927945409704 End=7927945553740 Duration=144036
Task=83 Chunk=0 Start=7927945553741 End=7927945697041 Duration=143300
Task=84 Chunk=0 Start=7927945697043 End=7927945841005 Duration=143962
Task=85 Chunk=0 Start=7927945841006 End=7927945987229 Duration=146223
Task=86 Chunk=0 Start=7927945987230 End=7927946132952 Duration=145722
Task=87 Chunk=0 Start=7927946132953 End=7927946277474 Duration=144521
Task=88 Chunk=0 Start=7927946277475 End=7927946421451 Duration=143976
Task=89 Chunk=0 Start=7927946421451 End=7927946567541 Duration=146090
Task=90 Chunk=0 Start=7927946567541 End=7927946714063 Duration=146522
Task=91 Chunk=0 Start=7927946714064 End=7927946858900 Duration=144836
Task=92 Chunk=0 Start=7927946858900 End=7927947003474 Duration=144574
Task=93 Chunk=0 Start=7927947003475 End=7927947147207 Duration=143732
Task=94 Chunk=0 Start=7927947147207 End=7927947292318 Duration=145111
Task=95 Chunk=0 Start=7927947292320 End=7927947436860 Duration=144540
Task=96 Chunk=0 Start=7927947436860 End=7927947581706 Duration=144846
Task=97 Chunk=0 Start=7927947581707 End=7927947730047 Duration=148340
Task=98 Chunk=0 Start=7927947730048 End=7927947873890 Duration=143842
Task=99 Chunk=0 Start=7927947873891 End=7927948018003 Duration=144112
### Python End ###

--------------------------------
[2025-06-29 14:29:12.523] [info] Available Vulkan Layers:
[2025-06-29 14:29:12.523] [warning] Validation layer requested but not available, continuing without it...
[2025-06-29 14:29:12.526] [info] Using integrated GPU: Adreno (TM) 740
[2025-06-29 14:29:12.536] [info] VulkanDispatcher instance created.
[2025-06-29 14:29:12.632] [info] Total memory used: 40550404 bytes (38.67188 MB)
[2025-06-29 14:29:12.645] [info] Total memory used: 40550404 bytes (38.67188 MB)
[2025-06-29 14:29:12.667] [info] Total memory used: 40550404 bytes (38.67188 MB)
[2025-06-29 14:29:12.678] [info] Total memory used: 40550404 bytes (38.67188 MB)
[2025-06-29 14:29:12.687] [info] Total memory used: 40550404 bytes (38.67188 MB)
[2025-06-29 14:29:12.726] [info] Total memory used: 40550404 bytes (38.67188 MB)
[2025-06-29 14:29:12.736] [info] Total memory used: 40550404 bytes (38.67188 MB)
[2025-06-29 14:29:12.745] [info] Total memory used: 40550404 bytes (38.67188 MB)
[2025-06-29 14:29:12.754] [info] Total memory used: 40550404 bytes (38.67188 MB)
[2025-06-29 14:29:12.764] [info] Total memory used: 40550404 bytes (38.67188 MB)
[2025-06-29 14:29:12.803] [info] Total memory used: 40550404 bytes (38.67188 MB)
[2025-06-29 14:29:12.813] [info] Total memory used: 40550404 bytes (38.67188 MB)
[2025-06-29 14:29:12.823] [info] Total memory used: 40550404 bytes (38.67188 MB)
[2025-06-29 14:29:12.832] [info] Total memory used: 40550404 bytes (38.67188 MB)
[2025-06-29 14:29:12.842] [info] Total memory used: 40550404 bytes (38.67188 MB)
[2025-06-29 14:29:12.852] [info] Total memory used: 40550404 bytes (38.67188 MB)
### Python Begin ###
Schedule_UID=SCH-G7-G000-20e7
Frequency=19200000 Hz
Task=0 Chunk=0 Start=7927955336170 End=7927957401337 Duration=2065167
Task=1 Chunk=0 Start=7927957401338 End=7927958269604 Duration=868266
Task=2 Chunk=0 Start=7927958269620 End=7927959148807 Duration=879187
Task=3 Chunk=0 Start=7927959148821 End=7927960038260 Duration=889439
Task=4 Chunk=0 Start=7927960038285 End=7927960914601 Duration=876316
Task=5 Chunk=0 Start=7927960914628 End=7927961791276 Duration=876648
Task=6 Chunk=0 Start=7927961791291 End=7927962669968 Duration=878677
Task=7 Chunk=0 Start=7927962669999 End=7927963564938 Duration=894939
Task=8 Chunk=0 Start=7927963564971 End=7927964462205 Duration=897234
Task=9 Chunk=0 Start=7927964462239 End=7927965339712 Duration=877473
Task=10 Chunk=0 Start=7927965339725 End=7927966235415 Duration=895690
Task=11 Chunk=0 Start=7927966235424 End=7927967152554 Duration=917130
Task=12 Chunk=0 Start=7927967152567 End=7927968042825 Duration=890258
Task=13 Chunk=0 Start=7927968042846 End=7927968933986 Duration=891140
Task=14 Chunk=0 Start=7927968934010 End=7927969802960 Duration=868950
Task=15 Chunk=0 Start=7927969802971 End=7927970681985 Duration=879014
Task=16 Chunk=0 Start=7927970682005 End=7927971573969 Duration=891964
Task=17 Chunk=0 Start=7927971573990 End=7927972466513 Duration=892523
Task=18 Chunk=0 Start=7927972466539 End=7927973340370 Duration=873831
Task=19 Chunk=0 Start=7927973340380 End=7927974221144 Duration=880764
Task=20 Chunk=0 Start=7927974221164 End=7927975093226 Duration=872062
Task=21 Chunk=0 Start=7927975093252 End=7927975998721 Duration=905469
Task=22 Chunk=0 Start=7927975998756 End=7927976923770 Duration=925014
Task=23 Chunk=0 Start=7927976923794 End=7927977794665 Duration=870871
Task=24 Chunk=0 Start=7927977794678 End=7927978674092 Duration=879414
Task=25 Chunk=0 Start=7927978674115 End=7927979558843 Duration=884728
Task=26 Chunk=0 Start=7927979558871 End=7927980442835 Duration=883964
Task=27 Chunk=0 Start=7927980442853 End=7927981314088 Duration=871235
Task=28 Chunk=0 Start=7927981314113 End=7927982211995 Duration=897882
Task=29 Chunk=0 Start=7927982212011 End=7927983129974 Duration=917963
Task=30 Chunk=0 Start=7927983129998 End=7927984000873 Duration=870875
Task=31 Chunk=0 Start=7927984000890 End=7927984884106 Duration=883216
Task=32 Chunk=0 Start=7927984884135 End=7927985792071 Duration=907936
Task=33 Chunk=0 Start=7927985792094 End=7927986675512 Duration=883418
Task=34 Chunk=0 Start=7927986675541 End=7927987574007 Duration=898466
Task=35 Chunk=0 Start=7927987574023 End=7927988445658 Duration=871635
Task=36 Chunk=0 Start=7927988445675 End=7927989349427 Duration=903752
Task=37 Chunk=0 Start=7927989349442 End=7927990233061 Duration=883619
Task=38 Chunk=0 Start=7927990233082 End=7927991130625 Duration=897543
Task=39 Chunk=0 Start=7927991130644 End=7927992008141 Duration=877497
Task=40 Chunk=0 Start=7927992008164 End=7927992880037 Duration=871873
Task=41 Chunk=0 Start=7927992880055 End=7927993750195 Duration=870140
Task=42 Chunk=0 Start=7927993750212 End=7927994577425 Duration=827213
Task=43 Chunk=0 Start=7927994577432 End=7927995457325 Duration=879893
Task=44 Chunk=0 Start=7927995457347 End=7927996322726 Duration=865379
Task=45 Chunk=0 Start=7927996322743 End=7927997185690 Duration=862947
Task=46 Chunk=0 Start=7927997185705 End=7927998079306 Duration=893601
Task=47 Chunk=0 Start=7927998079322 End=7927998953986 Duration=874664
Task=48 Chunk=0 Start=7927998954017 End=7927999843198 Duration=889181
Task=49 Chunk=0 Start=7927999843218 End=7928000720668 Duration=877450
Task=50 Chunk=0 Start=7928000720687 End=7928001603543 Duration=882856
Task=51 Chunk=0 Start=7928001603564 End=7928002480884 Duration=877320
Task=52 Chunk=0 Start=7928002480898 End=7928003362930 Duration=882032
Task=53 Chunk=0 Start=7928003362943 End=7928004265854 Duration=902911
Task=54 Chunk=0 Start=7928004265885 End=7928005155916 Duration=890031
Task=55 Chunk=0 Start=7928005155939 End=7928006033878 Duration=877939
Task=56 Chunk=0 Start=7928006033905 End=7928006904053 Duration=870148
Task=57 Chunk=0 Start=7928006904083 End=7928007792553 Duration=888470
Task=58 Chunk=0 Start=7928007792574 End=7928008659688 Duration=867114
Task=59 Chunk=0 Start=7928008659698 End=7928009544578 Duration=884880
Task=60 Chunk=0 Start=7928009544603 End=7928010419487 Duration=874884
Task=61 Chunk=0 Start=7928010419512 End=7928011319580 Duration=900068
Task=62 Chunk=0 Start=7928011319612 End=7928012200497 Duration=880885
Task=63 Chunk=0 Start=7928012200520 End=7928013079678 Duration=879158
Task=64 Chunk=0 Start=7928013079698 End=7928013998401 Duration=918703
Task=65 Chunk=0 Start=7928013998432 End=7928014873088 Duration=874656
Task=66 Chunk=0 Start=7928014873108 End=7928015740779 Duration=867671
Task=67 Chunk=0 Start=7928015740804 End=7928016635509 Duration=894705
Task=68 Chunk=0 Start=7928016635527 End=7928017524476 Duration=888949
Task=69 Chunk=0 Start=7928017524498 End=7928018401886 Duration=877388
Task=70 Chunk=0 Start=7928018401915 End=7928019308029 Duration=906114
Task=71 Chunk=0 Start=7928019308060 End=7928020193973 Duration=885913
Task=72 Chunk=0 Start=7928020193998 End=7928021062485 Duration=868487
Task=73 Chunk=0 Start=7928021062493 End=7928021934289 Duration=871796
Task=74 Chunk=0 Start=7928021934315 End=7928022820887 Duration=886572
Task=75 Chunk=0 Start=7928022820906 End=7928023700611 Duration=879705
Task=76 Chunk=0 Start=7928023700626 End=7928024590190 Duration=889564
Task=77 Chunk=0 Start=7928024590208 End=7928025489522 Duration=899314
Task=78 Chunk=0 Start=7928025489543 End=7928026375000 Duration=885457
Task=79 Chunk=0 Start=7928026375010 End=7928027251449 Duration=876439
Task=80 Chunk=0 Start=7928027251474 End=7928028164020 Duration=912546
Task=81 Chunk=0 Start=7928028164036 End=7928029068809 Duration=904773
Task=82 Chunk=0 Start=7928029068834 End=7928029934289 Duration=865455
Task=83 Chunk=0 Start=7928029934306 End=7928030837406 Duration=903100
Task=84 Chunk=0 Start=7928030837433 End=7928031717839 Duration=880406
Task=85 Chunk=0 Start=7928031717859 End=7928032602208 Duration=884349
Task=86 Chunk=0 Start=7928032602233 End=7928033469842 Duration=867609
Task=87 Chunk=0 Start=7928033469858 End=7928034318557 Duration=848699
Task=88 Chunk=0 Start=7928034318573 End=7928035181147 Duration=862574
Task=89 Chunk=0 Start=7928035181164 End=7928036062468 Duration=881304
Task=90 Chunk=0 Start=7928036062490 End=7928036931005 Duration=868515
Task=91 Chunk=0 Start=7928036931027 End=7928037812760 Duration=881733
Task=92 Chunk=0 Start=7928037812777 End=7928038744497 Duration=931720
Task=93 Chunk=0 Start=7928038744519 End=7928039618754 Duration=874235
Task=94 Chunk=0 Start=7928039618764 End=7928040504799 Duration=886035
Task=95 Chunk=0 Start=7928040504821 End=7928041381742 Duration=876921
Task=96 Chunk=0 Start=7928041381765 End=7928042249215 Duration=867450
Task=97 Chunk=0 Start=7928042249233 End=7928043124571 Duration=875338
Task=98 Chunk=0 Start=7928043124589 End=7928043995498 Duration=870909
Task=99 Chunk=0 Start=7928043995510 End=7928044877600 Duration=882090
### Python End ###

--------------------------------
[2025-06-29 14:29:17.579] [info] Available Vulkan Layers:
[2025-06-29 14:29:17.579] [warning] Validation layer requested but not available, continuing without it...
[2025-06-29 14:29:17.582] [info] Using integrated GPU: Adreno (TM) 740
[2025-06-29 14:29:17.583] [info] VulkanDispatcher instance created.
[2025-06-29 14:29:17.656] [info] Total memory used: 40550404 bytes (38.67188 MB)
[2025-06-29 14:29:17.664] [info] Total memory used: 40550404 bytes (38.67188 MB)
[2025-06-29 14:29:17.684] [info] Total memory used: 40550404 bytes (38.67188 MB)
[2025-06-29 14:29:17.693] [info] Total memory used: 40550404 bytes (38.67188 MB)
[2025-06-29 14:29:17.703] [info] Total memory used: 40550404 bytes (38.67188 MB)
[2025-06-29 14:29:17.742] [info] Total memory used: 40550404 bytes (38.67188 MB)
[2025-06-29 14:29:17.751] [info] Total memory used: 40550404 bytes (38.67188 MB)
[2025-06-29 14:29:17.761] [info] Total memory used: 40550404 bytes (38.67188 MB)
[2025-06-29 14:29:17.770] [info] Total memory used: 40550404 bytes (38.67188 MB)
[2025-06-29 14:29:17.780] [info] Total memory used: 40550404 bytes (38.67188 MB)
[2025-06-29 14:29:17.819] [info] Total memory used: 40550404 bytes (38.67188 MB)
[2025-06-29 14:29:17.829] [info] Total memory used: 40550404 bytes (38.67188 MB)
[2025-06-29 14:29:17.839] [info] Total memory used: 40550404 bytes (38.67188 MB)
[2025-06-29 14:29:17.849] [info] Total memory used: 40550404 bytes (38.67188 MB)
[2025-06-29 14:29:17.859] [info] Total memory used: 40550404 bytes (38.67188 MB)
[2025-06-29 14:29:17.868] [info] Total memory used: 40550404 bytes (38.67188 MB)
### Python Begin ###
Schedule_UID=SCH-L2B5-G002-5b85
Frequency=19200000 Hz
Task=0 Chunk=0 Start=7928051658262 End=7928051819639 Duration=161377
Task=0 Chunk=1 Start=7928051819661 End=7928052084036 Duration=264375
Task=1 Chunk=0 Start=7928051819656 End=7928051898252 Duration=78596
Task=1 Chunk=1 Start=7928052084044 End=7928052197223 Duration=113179
Task=2 Chunk=0 Start=7928051898256 End=7928051931595 Duration=33339
Task=2 Chunk=1 Start=7928052197224 End=7928052311367 Duration=114143
Task=3 Chunk=0 Start=7928051931599 End=7928051962762 Duration=31163
Task=3 Chunk=1 Start=7928052311368 End=7928052422840 Duration=111472
Task=4 Chunk=0 Start=7928051962765 End=7928051997541 Duration=34776
Task=4 Chunk=1 Start=7928052422841 End=7928052535664 Duration=112823
Task=5 Chunk=0 Start=7928051997544 End=7928052026270 Duration=28726
Task=5 Chunk=1 Start=7928052535665 End=7928052647418 Duration=111753
Task=6 Chunk=0 Start=7928052026272 End=7928052058802 Duration=32530
Task=6 Chunk=1 Start=7928052647419 End=7928052759460 Duration=112041
Task=7 Chunk=0 Start=7928052058804 End=7928052089225 Duration=30421
Task=7 Chunk=1 Start=7928052759461 End=7928052871715 Duration=112254
Task=8 Chunk=0 Start=7928052089228 End=7928052121529 Duration=32301
Task=8 Chunk=1 Start=7928052871716 End=7928052984347 Duration=112631
Task=9 Chunk=0 Start=7928052121532 End=7928052155357 Duration=33825
Task=9 Chunk=1 Start=7928052984348 End=7928053096514 Duration=112166
Task=10 Chunk=0 Start=7928052155359 End=7928052185944 Duration=30585
Task=10 Chunk=1 Start=7928053096514 End=7928053208883 Duration=112369
Task=11 Chunk=0 Start=7928052185947 End=7928052215068 Duration=29121
Task=11 Chunk=1 Start=7928053208885 End=7928053321695 Duration=112810
Task=12 Chunk=0 Start=7928052215072 End=7928052246264 Duration=31192
Task=12 Chunk=1 Start=7928053321696 End=7928053434233 Duration=112537
Task=13 Chunk=0 Start=7928052246267 End=7928052275963 Duration=29696
Task=13 Chunk=1 Start=7928053434234 End=7928053547284 Duration=113050
Task=14 Chunk=0 Start=7928052275966 End=7928052309133 Duration=33167
Task=14 Chunk=1 Start=7928053547285 End=7928053658584 Duration=111299
Task=15 Chunk=0 Start=7928052309138 End=7928052337696 Duration=28558
Task=15 Chunk=1 Start=7928053658585 End=7928053770349 Duration=111764
Task=16 Chunk=0 Start=7928052337698 End=7928052367369 Duration=29671
Task=16 Chunk=1 Start=7928053770350 End=7928053882032 Duration=111682
Task=17 Chunk=0 Start=7928052367371 End=7928052397909 Duration=30538
Task=17 Chunk=1 Start=7928053882032 End=7928053994852 Duration=112820
Task=18 Chunk=0 Start=7928052422894 End=7928052451523 Duration=28629
Task=18 Chunk=1 Start=7928053994853 End=7928054105722 Duration=110869
Task=19 Chunk=0 Start=7928052535714 End=7928052564409 Duration=28695
Task=19 Chunk=1 Start=7928054105723 End=7928054217502 Duration=111779
Task=20 Chunk=0 Start=7928052647449 End=7928052676252 Duration=28803
Task=20 Chunk=1 Start=7928054217503 End=7928054330185 Duration=112682
Task=21 Chunk=0 Start=7928052759502 End=7928052789597 Duration=30095
Task=21 Chunk=1 Start=7928054330186 End=7928054442205 Duration=112019
Task=22 Chunk=0 Start=7928052871763 End=7928052901761 Duration=29998
Task=22 Chunk=1 Start=7928054442206 End=7928054554708 Duration=112502
Task=23 Chunk=0 Start=7928052984373 End=7928053014571 Duration=30198
Task=23 Chunk=1 Start=7928054554709 End=7928054666838 Duration=112129
Task=24 Chunk=0 Start=7928053096542 End=7928053125281 Duration=28739
Task=24 Chunk=1 Start=7928054666839 End=7928054779737 Duration=112898
Task=25 Chunk=0 Start=7928053208897 End=7928053239602 Duration=30705
Task=25 Chunk=1 Start=7928054779738 End=7928054891203 Duration=111465
Task=26 Chunk=0 Start=7928053321730 End=7928053350750 Duration=29020
Task=26 Chunk=1 Start=7928054891203 End=7928055002366 Duration=111163
Task=27 Chunk=0 Start=7928053434263 End=7928053463632 Duration=29369
Task=27 Chunk=1 Start=7928055002367 End=7928055114574 Duration=112207
Task=28 Chunk=0 Start=7928053547304 End=7928053576102 Duration=28798
Task=28 Chunk=1 Start=7928055114575 End=7928055228391 Duration=113816
Task=29 Chunk=0 Start=7928053658600 End=7928053689524 Duration=30924
Task=29 Chunk=1 Start=7928055228392 End=7928055339246 Duration=110854
Task=30 Chunk=0 Start=7928053770360 End=7928053798903 Duration=28543
Task=30 Chunk=1 Start=7928055339247 End=7928055451292 Duration=112045
Task=31 Chunk=0 Start=7928053882070 End=7928053911439 Duration=29369
Task=31 Chunk=1 Start=7928055451293 End=7928055562409 Duration=111116
Task=32 Chunk=0 Start=7928053994889 End=7928054023506 Duration=28617
Task=32 Chunk=1 Start=7928055562410 End=7928055673455 Duration=111045
Task=33 Chunk=0 Start=7928054105741 End=7928054135631 Duration=29890
Task=33 Chunk=1 Start=7928055673455 End=7928055785931 Duration=112476
Task=34 Chunk=0 Start=7928054217526 End=7928054246966 Duration=29440
Task=34 Chunk=1 Start=7928055785932 End=7928055897686 Duration=111754
Task=35 Chunk=0 Start=7928054330191 End=7928054360512 Duration=30321
Task=35 Chunk=1 Start=7928055897686 End=7928056010632 Duration=112946
Task=36 Chunk=0 Start=7928054442237 End=7928054474643 Duration=32406
Task=36 Chunk=1 Start=7928056010632 End=7928056121340 Duration=110708
Task=37 Chunk=0 Start=7928054554735 End=7928054583743 Duration=29008
Task=37 Chunk=1 Start=7928056121341 End=7928056232703 Duration=111362
Task=38 Chunk=0 Start=7928054666852 End=7928054696294 Duration=29442
Task=38 Chunk=1 Start=7928056232704 End=7928056344556 Duration=111852
Task=39 Chunk=0 Start=7928054779786 End=7928054808632 Duration=28846
Task=39 Chunk=1 Start=7928056344556 End=7928056457791 Duration=113235
Task=40 Chunk=0 Start=7928054891258 End=7928054921385 Duration=30127
Task=40 Chunk=1 Start=7928056457792 End=7928056569031 Duration=111239
Task=41 Chunk=0 Start=7928055002379 End=7928055030973 Duration=28594
Task=41 Chunk=1 Start=7928056569032 End=7928056681281 Duration=112249
Task=42 Chunk=0 Start=7928055114618 End=7928055143987 Duration=29369
Task=42 Chunk=1 Start=7928056681282 End=7928056793641 Duration=112359
Task=43 Chunk=0 Start=7928055228408 End=7928055256867 Duration=28459
Task=43 Chunk=1 Start=7928056793642 End=7928056905230 Duration=111588
Task=44 Chunk=0 Start=7928055339282 End=7928055368341 Duration=29059
Task=44 Chunk=1 Start=7928056905231 End=7928057017382 Duration=112151
Task=45 Chunk=0 Start=7928055451346 End=7928055480025 Duration=28679
Task=45 Chunk=1 Start=7928057017383 End=7928057128954 Duration=111571
Task=46 Chunk=0 Start=7928055562436 End=7928055591168 Duration=28732
Task=46 Chunk=1 Start=7928057128955 End=7928057241786 Duration=112831
Task=47 Chunk=0 Start=7928055673501 End=7928055704640 Duration=31139
Task=47 Chunk=1 Start=7928057241786 End=7928057352601 Duration=110815
Task=48 Chunk=0 Start=7928055785949 End=7928055814657 Duration=28708
Task=48 Chunk=1 Start=7928057352602 End=7928057465283 Duration=112681
Task=49 Chunk=0 Start=7928055897745 End=7928055927199 Duration=29454
Task=49 Chunk=1 Start=7928057465284 End=7928057577066 Duration=111782
Task=50 Chunk=0 Start=7928056010679 End=7928056039267 Duration=28588
Task=50 Chunk=1 Start=7928057577067 End=7928057689541 Duration=112474
Task=51 Chunk=0 Start=7928056121364 End=7928056151881 Duration=30517
Task=51 Chunk=1 Start=7928057689542 End=7928057800184 Duration=110642
Task=52 Chunk=0 Start=7928056232749 End=7928056261424 Duration=28675
Task=52 Chunk=1 Start=7928057800185 End=7928057912375 Duration=112190
Task=53 Chunk=0 Start=7928056344598 End=7928056374185 Duration=29587
Task=53 Chunk=1 Start=7928057912376 End=7928058024267 Duration=111891
Task=54 Chunk=0 Start=7928056457801 End=7928056486457 Duration=28656
Task=54 Chunk=1 Start=7928058024268 End=7928058137698 Duration=113430
Task=55 Chunk=0 Start=7928056569053 End=7928056598589 Duration=29536
Task=55 Chunk=1 Start=7928058137699 End=7928058249831 Duration=112132
Task=56 Chunk=0 Start=7928056681301 End=7928056710019 Duration=28718
Task=56 Chunk=1 Start=7928058249832 End=7928058361857 Duration=112025
Task=57 Chunk=0 Start=7928056793682 End=7928056822511 Duration=28829
Task=57 Chunk=1 Start=7928058361858 End=7928058474154 Duration=112296
Task=58 Chunk=0 Start=7928056905273 End=7928056936466 Duration=31193
Task=58 Chunk=1 Start=7928058474155 End=7928058585472 Duration=111317
Task=59 Chunk=0 Start=7928057017426 End=7928057045984 Duration=28558
Task=59 Chunk=1 Start=7928058585473 End=7928058697598 Duration=112125
Task=60 Chunk=0 Start=7928057128963 End=7928057158357 Duration=29394
Task=60 Chunk=1 Start=7928058697598 End=7928058809830 Duration=112232
Task=61 Chunk=0 Start=7928057241806 End=7928057270464 Duration=28658
Task=61 Chunk=1 Start=7928058809831 End=7928058922605 Duration=112774
Task=62 Chunk=0 Start=7928057352630 End=7928057385986 Duration=33356
Task=62 Chunk=1 Start=7928058922605 End=7928059033276 Duration=110671
Task=63 Chunk=0 Start=7928057465341 End=7928057495283 Duration=29942
Task=63 Chunk=1 Start=7928059033277 End=7928059144602 Duration=111325
Task=64 Chunk=0 Start=7928057577079 End=7928057607015 Duration=29936
Task=64 Chunk=1 Start=7928059144602 End=7928059256697 Duration=112095
Task=65 Chunk=0 Start=7928057689592 End=7928057718201 Duration=28609
Task=65 Chunk=1 Start=7928059256697 End=7928059370368 Duration=113671
Task=66 Chunk=0 Start=7928057800234 End=7928057829594 Duration=29360
Task=66 Chunk=1 Start=7928059370368 End=7928059481299 Duration=110931
Task=67 Chunk=0 Start=7928057912404 End=7928057941125 Duration=28721
Task=67 Chunk=1 Start=7928059481300 End=7928059593002 Duration=111702
Task=68 Chunk=0 Start=7928058024300 End=7928058053265 Duration=28965
Task=68 Chunk=1 Start=7928059593003 End=7928059705287 Duration=112284
Task=69 Chunk=0 Start=7928058137710 End=7928058167500 Duration=29790
Task=69 Chunk=1 Start=7928059705288 End=7928059817056 Duration=111768
Task=70 Chunk=0 Start=7928058249842 End=7928058278505 Duration=28663
Task=70 Chunk=1 Start=7928059817057 End=7928059929947 Duration=112890
Task=71 Chunk=0 Start=7928058361892 End=7928058391306 Duration=29414
Task=71 Chunk=1 Start=7928059929947 End=7928060042174 Duration=112227
Task=72 Chunk=0 Start=7928058474180 End=7928058504338 Duration=30158
Task=72 Chunk=1 Start=7928060042175 End=7928060155551 Duration=113376
Task=73 Chunk=0 Start=7928058585531 End=7928058615905 Duration=30374
Task=73 Chunk=1 Start=7928060155551 End=7928060266562 Duration=111011
Task=74 Chunk=0 Start=7928058697662 End=7928058726425 Duration=28763
Task=74 Chunk=1 Start=7928060266563 End=7928060378171 Duration=111608
Task=75 Chunk=0 Start=7928058809877 End=7928058839296 Duration=29419
Task=75 Chunk=1 Start=7928060378172 End=7928060490131 Duration=111959
Task=76 Chunk=0 Start=7928058922653 End=7928058953946 Duration=31293
Task=76 Chunk=1 Start=7928060490132 End=7928060603317 Duration=113185
Task=77 Chunk=0 Start=7928059033317 End=7928059064859 Duration=31542
Task=77 Chunk=1 Start=7928060603318 End=7928060714030 Duration=110712
Task=78 Chunk=0 Start=7928059144609 End=7928059173272 Duration=28663
Task=78 Chunk=1 Start=7928060714031 End=7928060826356 Duration=112325
Task=79 Chunk=0 Start=7928059256712 End=7928059286603 Duration=29891
Task=79 Chunk=1 Start=7928060826357 End=7928060937410 Duration=111053
Task=80 Chunk=0 Start=7928059370403 End=7928059399101 Duration=28698
Task=80 Chunk=1 Start=7928060937411 End=7928061048495 Duration=111084
Task=81 Chunk=0 Start=7928059481326 End=7928059510054 Duration=28728
Task=81 Chunk=1 Start=7928061048496 End=7928061160931 Duration=112435
Task=82 Chunk=0 Start=7928059593065 End=7928059633528 Duration=40463
Task=82 Chunk=1 Start=7928061160932 End=7928061273218 Duration=112286
Task=83 Chunk=0 Start=7928059705328 End=7928059734224 Duration=28896
Task=83 Chunk=1 Start=7928061273219 End=7928061386568 Duration=113349
Task=84 Chunk=0 Start=7928059817116 End=7928059849582 Duration=32466
Task=84 Chunk=1 Start=7928061386569 End=7928061497400 Duration=110831
Task=85 Chunk=0 Start=7928059929983 End=7928059958663 Duration=28680
Task=85 Chunk=1 Start=7928061497401 End=7928061609215 Duration=111814
Task=86 Chunk=0 Start=7928060042196 End=7928060071663 Duration=29467
Task=86 Chunk=1 Start=7928061609215 End=7928061721426 Duration=112211
Task=87 Chunk=0 Start=7928060155556 End=7928060185041 Duration=29485
Task=87 Chunk=1 Start=7928061721427 End=7928061834807 Duration=113380
Task=88 Chunk=0 Start=7928060266596 End=7928060297038 Duration=30442
Task=88 Chunk=1 Start=7928061834808 End=7928061945567 Duration=110759
Task=89 Chunk=0 Start=7928060378186 End=7928060407997 Duration=29811
Task=89 Chunk=1 Start=7928061945568 End=7928062058256 Duration=112688
Task=90 Chunk=0 Start=7928060490184 End=7928060519709 Duration=29525
Task=90 Chunk=1 Start=7928062058257 End=7928062170671 Duration=112414
Task=91 Chunk=0 Start=7928060603324 End=7928060632097 Duration=28773
Task=91 Chunk=1 Start=7928062170671 End=7928062284527 Duration=113856
Task=92 Chunk=0 Start=7928060714066 End=7928060742632 Duration=28566
Task=92 Chunk=1 Start=7928062284529 End=7928062396384 Duration=111855
Task=93 Chunk=0 Start=7928060826362 End=7928060854932 Duration=28570
Task=93 Chunk=1 Start=7928062396389 End=7928062508340 Duration=111951
Task=94 Chunk=0 Start=7928060937451 End=7928060967494 Duration=30043
Task=94 Chunk=1 Start=7928062508344 End=7928062620774 Duration=112430
Task=95 Chunk=0 Start=7928061048511 End=7928061079521 Duration=31010
Task=95 Chunk=1 Start=7928062620775 End=7928062731924 Duration=111149
Task=96 Chunk=0 Start=7928061160951 End=7928061190551 Duration=29600
Task=96 Chunk=1 Start=7928062731925 End=7928062844369 Duration=112444
Task=97 Chunk=0 Start=7928061273267 End=7928061303298 Duration=30031
Task=97 Chunk=1 Start=7928062844370 End=7928062957468 Duration=113098
Task=98 Chunk=0 Start=7928061386621 End=7928061415293 Duration=28672
Task=98 Chunk=1 Start=7928062957468 End=7928063070785 Duration=113317
Task=99 Chunk=0 Start=7928061497449 End=7928061527682 Duration=30233
Task=99 Chunk=1 Start=7928063070786 End=7928063181576 Duration=110790
### Python End ###

--------------------------------
[2025-06-29 14:29:18.522] [info] Available Vulkan Layers:
[2025-06-29 14:29:18.523] [warning] Validation layer requested but not available, continuing without it...
[2025-06-29 14:29:18.525] [info] Using integrated GPU: Adreno (TM) 740
[2025-06-29 14:29:18.534] [info] VulkanDispatcher instance created.
[2025-06-29 14:29:18.632] [info] Total memory used: 40550404 bytes (38.67188 MB)
[2025-06-29 14:29:18.645] [info] Total memory used: 40550404 bytes (38.67188 MB)
[2025-06-29 14:29:18.667] [info] Total memory used: 40550404 bytes (38.67188 MB)
[2025-06-29 14:29:18.678] [info] Total memory used: 40550404 bytes (38.67188 MB)
[2025-06-29 14:29:18.688] [info] Total memory used: 40550404 bytes (38.67188 MB)
[2025-06-29 14:29:18.726] [info] Total memory used: 40550404 bytes (38.67188 MB)
[2025-06-29 14:29:18.736] [info] Total memory used: 40550404 bytes (38.67188 MB)
[2025-06-29 14:29:18.746] [info] Total memory used: 40550404 bytes (38.67188 MB)
[2025-06-29 14:29:18.756] [info] Total memory used: 40550404 bytes (38.67188 MB)
[2025-06-29 14:29:18.765] [info] Total memory used: 40550404 bytes (38.67188 MB)
[2025-06-29 14:29:18.806] [info] Total memory used: 40550404 bytes (38.67188 MB)
[2025-06-29 14:29:18.816] [info] Total memory used: 40550404 bytes (38.67188 MB)
[2025-06-29 14:29:18.825] [info] Total memory used: 40550404 bytes (38.67188 MB)
[2025-06-29 14:29:18.835] [info] Total memory used: 40550404 bytes (38.67188 MB)
[2025-06-29 14:29:18.844] [info] Total memory used: 40550404 bytes (38.67188 MB)
[2025-06-29 14:29:18.853] [info] Total memory used: 40550404 bytes (38.67188 MB)
### Python Begin ###
Schedule_UID=SCH-B3G4-G038-3a14
Frequency=19200000 Hz
Task=0 Chunk=0 Start=7928070577983 End=7928070791879 Duration=213896
Task=0 Chunk=1 Start=7928070791899 End=7928071033731 Duration=241832
Task=1 Chunk=0 Start=7928070791886 End=7928070825554 Duration=33668
Task=1 Chunk=1 Start=7928071033737 End=7928071082588 Duration=48851
Task=2 Chunk=0 Start=7928070825561 End=7928070857980 Duration=32419
Task=2 Chunk=1 Start=7928071082591 End=7928071130071 Duration=47480
Task=3 Chunk=0 Start=7928070857980 End=7928070891481 Duration=33501
Task=3 Chunk=1 Start=7928071130072 End=7928071173440 Duration=43368
Task=4 Chunk=0 Start=7928070891482 End=7928070923789 Duration=32307
Task=4 Chunk=1 Start=7928071173443 End=7928071221837 Duration=48394
Task=5 Chunk=0 Start=7928070923789 End=7928070956096 Duration=32307
Task=5 Chunk=1 Start=7928071221838 End=7928071269808 Duration=47970
Task=6 Chunk=0 Start=7928070956097 End=7928070989064 Duration=32967
Task=6 Chunk=1 Start=7928071269809 End=7928071314278 Duration=44469
Task=7 Chunk=0 Start=7928070989065 End=7928071022401 Duration=33336
Task=7 Chunk=1 Start=7928071314279 End=7928071356306 Duration=42027
Task=8 Chunk=0 Start=7928071022402 End=7928071055928 Duration=33526
Task=8 Chunk=1 Start=7928071356307 End=7928071406375 Duration=50068
Task=9 Chunk=0 Start=7928071055928 End=7928071088750 Duration=32822
Task=9 Chunk=1 Start=7928071406376 End=7928071457499 Duration=51123
Task=10 Chunk=0 Start=7928071088751 End=7928071123132 Duration=34381
Task=10 Chunk=1 Start=7928071457499 End=7928071505805 Duration=48306
Task=11 Chunk=0 Start=7928071123132 End=7928071156090 Duration=32958
Task=11 Chunk=1 Start=7928071505806 End=7928071561546 Duration=55740
Task=12 Chunk=0 Start=7928071156091 End=7928071188982 Duration=32891
Task=12 Chunk=1 Start=7928071561560 End=7928071615770 Duration=54210
Task=13 Chunk=0 Start=7928071188984 End=7928071223175 Duration=34191
Task=13 Chunk=1 Start=7928071615774 End=7928071662548 Duration=46774
Task=14 Chunk=0 Start=7928071223176 End=7928071255733 Duration=32557
Task=14 Chunk=1 Start=7928071662553 End=7928071704425 Duration=41872
Task=15 Chunk=0 Start=7928071255738 End=7928071288600 Duration=32862
Task=15 Chunk=1 Start=7928071704437 End=7928071767661 Duration=63224
Task=16 Chunk=0 Start=7928071288606 End=7928071321004 Duration=32398
Task=16 Chunk=1 Start=7928071767664 End=7928071829232 Duration=61568
Task=17 Chunk=0 Start=7928071321006 End=7928071353994 Duration=32988
Task=17 Chunk=1 Start=7928071829243 End=7928071893579 Duration=64336
Task=18 Chunk=0 Start=7928071353994 End=7928071389353 Duration=35359
Task=18 Chunk=1 Start=7928071893584 End=7928071959537 Duration=65953
Task=19 Chunk=0 Start=7928071389353 End=7928071428528 Duration=39175
Task=19 Chunk=1 Start=7928071959542 End=7928072028559 Duration=69017
Task=20 Chunk=0 Start=7928071428530 End=7928071464323 Duration=35793
Task=20 Chunk=1 Start=7928072028564 End=7928072097366 Duration=68802
Task=21 Chunk=0 Start=7928071464330 End=7928071501035 Duration=36705
Task=21 Chunk=1 Start=7928072097380 End=7928072166832 Duration=69452
Task=22 Chunk=0 Start=7928071501035 End=7928071538342 Duration=37307
Task=22 Chunk=1 Start=7928072166838 End=7928072233398 Duration=66560
Task=23 Chunk=0 Start=7928071538343 End=7928071575470 Duration=37127
Task=23 Chunk=1 Start=7928072233404 End=7928072299902 Duration=66498
Task=24 Chunk=0 Start=7928071575471 End=7928071610391 Duration=34920
Task=24 Chunk=1 Start=7928072299908 End=7928072365923 Duration=66015
Task=25 Chunk=0 Start=7928071610392 End=7928071644953 Duration=34561
Task=25 Chunk=1 Start=7928072365929 End=7928072431515 Duration=65586
Task=26 Chunk=0 Start=7928071644954 End=7928071680990 Duration=36036
Task=26 Chunk=1 Start=7928072431560 End=7928072503311 Duration=71751
Task=27 Chunk=0 Start=7928071680991 End=7928071713244 Duration=32253
Task=27 Chunk=1 Start=7928072503317 End=7928072577537 Duration=74220
Task=28 Chunk=0 Start=7928071713245 End=7928071746807 Duration=33562
Task=28 Chunk=1 Start=7928072577546 End=7928072642469 Duration=64923
Task=29 Chunk=0 Start=7928071746808 End=7928071779278 Duration=32470
Task=29 Chunk=1 Start=7928072642475 End=7928072707958 Duration=65483
Task=30 Chunk=0 Start=7928071779279 End=7928071813812 Duration=34533
Task=30 Chunk=1 Start=7928072707963 End=7928072775347 Duration=67384
Task=31 Chunk=0 Start=7928071829255 End=7928071862194 Duration=32939
Task=31 Chunk=1 Start=7928072775354 End=7928072842157 Duration=66803
Task=32 Chunk=0 Start=7928071893591 End=7928071926418 Duration=32827
Task=32 Chunk=1 Start=7928072842162 End=7928072907838 Duration=65676
Task=33 Chunk=0 Start=7928071959561 End=7928071992619 Duration=33058
Task=33 Chunk=1 Start=7928072907842 End=7928072973727 Duration=65885
Task=34 Chunk=0 Start=7928072028570 End=7928072061930 Duration=33360
Task=34 Chunk=1 Start=7928072973736 End=7928073046111 Duration=72375
Task=35 Chunk=0 Start=7928072097399 End=7928072130958 Duration=33559
Task=35 Chunk=1 Start=7928073046117 End=7928073112957 Duration=66840
Task=36 Chunk=0 Start=7928072166840 End=7928072200343 Duration=33503
Task=36 Chunk=1 Start=7928073112963 End=7928073178465 Duration=65502
Task=37 Chunk=0 Start=7928072233407 End=7928072266697 Duration=33290
Task=37 Chunk=1 Start=7928073178471 End=7928073257109 Duration=78638
Task=38 Chunk=0 Start=7928072299922 End=7928072332497 Duration=32575
Task=38 Chunk=1 Start=7928073257120 End=7928073330934 Duration=73814
Task=39 Chunk=0 Start=7928072365937 End=7928072398552 Duration=32615
Task=39 Chunk=1 Start=7928073330940 End=7928073398985 Duration=68045
Task=40 Chunk=0 Start=7928072431561 End=7928072465555 Duration=33994
Task=40 Chunk=1 Start=7928073398990 End=7928073467108 Duration=68118
Task=41 Chunk=0 Start=7928072503325 End=7928072536037 Duration=32712
Task=41 Chunk=1 Start=7928073467113 End=7928073534714 Duration=67601
Task=42 Chunk=0 Start=7928072577545 End=7928072610269 Duration=32724
Task=42 Chunk=1 Start=7928073534720 End=7928073600913 Duration=66193
Task=43 Chunk=0 Start=7928072642491 End=7928072675873 Duration=33382
Task=43 Chunk=1 Start=7928073600922 End=7928073667801 Duration=66879
Task=44 Chunk=0 Start=7928072707980 End=7928072741296 Duration=33316
Task=44 Chunk=1 Start=7928073667836 End=7928073735986 Duration=68150
Task=45 Chunk=0 Start=7928072775372 End=7928072808430 Duration=33058
Task=45 Chunk=1 Start=7928073735991 End=7928073802584 Duration=66593
Task=46 Chunk=0 Start=7928072842172 End=7928072874834 Duration=32662
Task=46 Chunk=1 Start=7928073802589 End=7928073868861 Duration=66272
Task=47 Chunk=0 Start=7928072907849 End=7928072940388 Duration=32539
Task=47 Chunk=1 Start=7928073868867 End=7928073936028 Duration=67161
Task=48 Chunk=0 Start=7928072973741 End=7928073006255 Duration=32514
Task=48 Chunk=1 Start=7928073936044 End=7928074004933 Duration=68889
Task=49 Chunk=0 Start=7928073046135 End=7928073078785 Duration=32650
Task=49 Chunk=1 Start=7928074004969 End=7928074075869 Duration=70900
Task=50 Chunk=0 Start=7928073112971 End=7928073145635 Duration=32664
Task=50 Chunk=1 Start=7928074075889 End=7928074143268 Duration=67379
Task=51 Chunk=0 Start=7928073178475 End=7928073211663 Duration=33188
Task=51 Chunk=1 Start=7928074143282 End=7928074209690 Duration=66408
Task=52 Chunk=0 Start=7928073257126 End=7928073290247 Duration=33121
Task=52 Chunk=1 Start=7928074209697 End=7928074275744 Duration=66047
Task=53 Chunk=0 Start=7928073330953 End=7928073364365 Duration=33412
Task=53 Chunk=1 Start=7928074275749 End=7928074354023 Duration=78274
Task=54 Chunk=0 Start=7928073398991 End=7928073432067 Duration=33076
Task=54 Chunk=1 Start=7928074354040 End=7928074424600 Duration=70560
Task=55 Chunk=0 Start=7928073467134 End=7928073500320 Duration=33186
Task=55 Chunk=1 Start=7928074424606 End=7928074491840 Duration=67234
Task=56 Chunk=0 Start=7928073534720 End=7928073567323 Duration=32603
Task=56 Chunk=1 Start=7928074491845 End=7928074559625 Duration=67780
Task=57 Chunk=0 Start=7928073600925 End=7928073633562 Duration=32637
Task=57 Chunk=1 Start=7928074559631 End=7928074638829 Duration=79198
Task=58 Chunk=0 Start=7928073667844 End=7928073700910 Duration=33066
Task=58 Chunk=1 Start=7928074638840 End=7928074705887 Duration=67047
Task=59 Chunk=0 Start=7928073735994 End=7928073768546 Duration=32552
Task=59 Chunk=1 Start=7928074705893 End=7928074774055 Duration=68162
Task=60 Chunk=0 Start=7928073802851 End=7928073835355 Duration=32504
Task=60 Chunk=1 Start=7928074774062 End=7928074842955 Duration=68893
Task=61 Chunk=0 Start=7928073868880 End=7928073901917 Duration=33037
Task=61 Chunk=1 Start=7928074842973 End=7928074911263 Duration=68290
Task=62 Chunk=0 Start=7928073936061 End=7928073969406 Duration=33345
Task=62 Chunk=1 Start=7928074911268 End=7928074978049 Duration=66781
Task=63 Chunk=0 Start=7928074004985 End=7928074038834 Duration=33849
Task=63 Chunk=1 Start=7928074978054 End=7928075044632 Duration=66578
Task=64 Chunk=0 Start=7928074075890 End=7928074108657 Duration=32767
Task=64 Chunk=1 Start=7928075044652 End=7928075113850 Duration=69198
Task=65 Chunk=0 Start=7928074143289 End=7928074176013 Duration=32724
Task=65 Chunk=1 Start=7928075113855 End=7928075179909 Duration=66054
Task=66 Chunk=0 Start=7928074209699 End=7928074242393 Duration=32694
Task=66 Chunk=1 Start=7928075179927 End=7928075246320 Duration=66393
Task=67 Chunk=0 Start=7928074275762 End=7928074308400 Duration=32638
Task=67 Chunk=1 Start=7928075246325 End=7928075312460 Duration=66135
Task=68 Chunk=0 Start=7928074354047 End=7928074386646 Duration=32599
Task=68 Chunk=1 Start=7928075312465 End=7928075380460 Duration=67995
Task=69 Chunk=0 Start=7928074424618 End=7928074457273 Duration=32655
Task=69 Chunk=1 Start=7928075380470 End=7928075449688 Duration=69218
Task=70 Chunk=0 Start=7928074491857 End=7928074524769 Duration=32912
Task=70 Chunk=1 Start=7928075449709 End=7928075517105 Duration=67396
Task=71 Chunk=0 Start=7928074559640 End=7928074592804 Duration=33164
Task=71 Chunk=1 Start=7928075517110 End=7928075583318 Duration=66208
Task=72 Chunk=0 Start=7928074638857 End=7928074672026 Duration=33169
Task=72 Chunk=1 Start=7928075583327 End=7928075651944 Duration=68617
Task=73 Chunk=0 Start=7928074705912 End=7928074739225 Duration=33313
Task=73 Chunk=1 Start=7928075651950 End=7928075717930 Duration=65980
Task=74 Chunk=0 Start=7928074774069 End=7928074807373 Duration=33304
Task=74 Chunk=1 Start=7928075717935 End=7928075784575 Duration=66640
Task=75 Chunk=0 Start=7928074842984 End=7928074875606 Duration=32622
Task=75 Chunk=1 Start=7928075784593 End=7928075864345 Duration=79752
Task=76 Chunk=0 Start=7928074911287 End=7928074943777 Duration=32490
Task=76 Chunk=1 Start=7928075864366 End=7928075933719 Duration=69353
Task=77 Chunk=0 Start=7928074978054 End=7928075010613 Duration=32559
Task=77 Chunk=1 Start=7928075933725 End=7928076003673 Duration=69948
Task=78 Chunk=0 Start=7928075044667 End=7928075077488 Duration=32821
Task=78 Chunk=1 Start=7928076003678 End=7928076074331 Duration=70653
Task=79 Chunk=0 Start=7928075113867 End=7928075146513 Duration=32646
Task=79 Chunk=1 Start=7928076074336 End=7928076143159 Duration=68823
Task=80 Chunk=0 Start=7928075179942 End=7928075213517 Duration=33575
Task=80 Chunk=1 Start=7928076143171 End=7928076209965 Duration=66794
Task=81 Chunk=0 Start=7928075246339 End=7928075279796 Duration=33457
Task=81 Chunk=1 Start=7928076209970 End=7928076276006 Duration=66036
Task=82 Chunk=0 Start=7928075312480 End=7928075345889 Duration=33409
Task=82 Chunk=1 Start=7928076276020 End=7928076343533 Duration=67513
Task=83 Chunk=0 Start=7928075380478 End=7928075413124 Duration=32646
Task=83 Chunk=1 Start=7928076343538 End=7928076425254 Duration=81716
Task=84 Chunk=0 Start=7928075449714 End=7928075482445 Duration=32731
Task=84 Chunk=1 Start=7928076425261 End=7928076492857 Duration=67596
Task=85 Chunk=0 Start=7928075517118 End=7928075549675 Duration=32557
Task=85 Chunk=1 Start=7928076492862 End=7928076559101 Duration=66239
Task=86 Chunk=0 Start=7928075583327 End=7928075616131 Duration=32804
Task=86 Chunk=1 Start=7928076559106 End=7928076626723 Duration=67617
Task=87 Chunk=0 Start=7928075651953 End=7928075684659 Duration=32706
Task=87 Chunk=1 Start=7928076626729 End=7928076695298 Duration=68569
Task=88 Chunk=0 Start=7928075717947 End=7928075751296 Duration=33349
Task=88 Chunk=1 Start=7928076695303 End=7928076772349 Duration=77046
Task=89 Chunk=0 Start=7928075784597 End=7928075818414 Duration=33817
Task=89 Chunk=1 Start=7928076772370 End=7928076841946 Duration=69576
Task=90 Chunk=0 Start=7928075864373 End=7928075897969 Duration=33596
Task=90 Chunk=1 Start=7928076841952 End=7928076909804 Duration=67852
Task=91 Chunk=0 Start=7928075933725 End=7928075967077 Duration=33352
Task=91 Chunk=1 Start=7928076909808 End=7928076976785 Duration=66977
Task=92 Chunk=0 Start=7928076003692 End=7928076037114 Duration=33422
Task=92 Chunk=1 Start=7928076976789 End=7928077043738 Duration=66949
Task=93 Chunk=0 Start=7928076074344 End=7928076107588 Duration=33244
Task=93 Chunk=1 Start=7928077043742 End=7928077111036 Duration=67294
Task=94 Chunk=0 Start=7928076143185 End=7928076175877 Duration=32692
Task=94 Chunk=1 Start=7928077111039 End=7928077176654 Duration=65615
Task=95 Chunk=0 Start=7928076209975 End=7928076242540 Duration=32565
Task=95 Chunk=1 Start=7928077176657 End=7928077243156 Duration=66499
Task=96 Chunk=0 Start=7928076276028 End=7928076309045 Duration=33017
Task=96 Chunk=1 Start=7928077243160 End=7928077309062 Duration=65902
Task=97 Chunk=0 Start=7928076343538 End=7928076376053 Duration=32515
Task=97 Chunk=1 Start=7928077309074 End=7928077376863 Duration=67789
Task=98 Chunk=0 Start=7928076425260 End=7928076457998 Duration=32738
Task=98 Chunk=1 Start=7928077376867 End=7928077443985 Duration=67118
Task=99 Chunk=0 Start=7928076492876 End=7928076525637 Duration=32761
Task=99 Chunk=1 Start=7928077443991 End=7928077509933 Duration=65942
### Python End ###

--------------------------------
[2025-06-29 14:29:19.271] [info] Available Vulkan Layers:
[2025-06-29 14:29:19.271] [warning] Validation layer requested but not available, continuing without it...
[2025-06-29 14:29:19.275] [info] Using integrated GPU: Adreno (TM) 740
[2025-06-29 14:29:19.276] [info] VulkanDispatcher instance created.
[2025-06-29 14:29:19.371] [info] Total memory used: 40550404 bytes (38.67188 MB)
[2025-06-29 14:29:19.380] [info] Total memory used: 40550404 bytes (38.67188 MB)
[2025-06-29 14:29:19.400] [info] Total memory used: 40550404 bytes (38.67188 MB)
[2025-06-29 14:29:19.408] [info] Total memory used: 40550404 bytes (38.67188 MB)
[2025-06-29 14:29:19.417] [info] Total memory used: 40550404 bytes (38.67188 MB)
[2025-06-29 14:29:19.455] [info] Total memory used: 40550404 bytes (38.67188 MB)
[2025-06-29 14:29:19.465] [info] Total memory used: 40550404 bytes (38.67188 MB)
[2025-06-29 14:29:19.474] [info] Total memory used: 40550404 bytes (38.67188 MB)
[2025-06-29 14:29:19.483] [info] Total memory used: 40550404 bytes (38.67188 MB)
[2025-06-29 14:29:19.493] [info] Total memory used: 40550404 bytes (38.67188 MB)
[2025-06-29 14:29:19.532] [info] Total memory used: 40550404 bytes (38.67188 MB)
[2025-06-29 14:29:19.542] [info] Total memory used: 40550404 bytes (38.67188 MB)
[2025-06-29 14:29:19.552] [info] Total memory used: 40550404 bytes (38.67188 MB)
[2025-06-29 14:29:19.561] [info] Total memory used: 40550404 bytes (38.67188 MB)
[2025-06-29 14:29:19.570] [info] Total memory used: 40550404 bytes (38.67188 MB)
[2025-06-29 14:29:19.580] [info] Total memory used: 40550404 bytes (38.67188 MB)
### Python Begin ###
Schedule_UID=SCH-B2G3M2-G043-9dd9
Frequency=19200000 Hz
Task=0 Chunk=0 Start=7928084525156 End=7928084736410 Duration=211254
Task=0 Chunk=1 Start=7928084736425 End=7928084971124 Duration=234699
Task=0 Chunk=2 Start=7928084971141 End=7928085034016 Duration=62875
Task=1 Chunk=0 Start=7928084736412 End=7928084789709 Duration=53297
Task=1 Chunk=1 Start=7928084971126 End=7928085010445 Duration=39319
Task=1 Chunk=2 Start=7928085034017 End=7928085071028 Duration=37011
Task=2 Chunk=0 Start=7928084789710 End=7928084841875 Duration=52165
Task=2 Chunk=1 Start=7928085010458 End=7928085059475 Duration=49017
Task=2 Chunk=2 Start=7928085071029 End=7928085108245 Duration=37216
Task=3 Chunk=0 Start=7928084841876 End=7928084895350 Duration=53474
Task=3 Chunk=1 Start=7928085059479 End=7928085113677 Duration=54198
Task=3 Chunk=2 Start=7928085113691 End=7928085150265 Duration=36574
Task=4 Chunk=0 Start=7928084895351 End=7928084948393 Duration=53042
Task=4 Chunk=1 Start=7928085113683 End=7928085163569 Duration=49886
Task=4 Chunk=2 Start=7928085163592 End=7928085200318 Duration=36726
Task=5 Chunk=0 Start=7928084948394 End=7928084978927 Duration=30533
Task=5 Chunk=1 Start=7928085163577 End=7928085213738 Duration=50161
Task=5 Chunk=2 Start=7928085213748 End=7928085250574 Duration=36826
Task=6 Chunk=0 Start=7928084978931 End=7928085005847 Duration=26916
Task=6 Chunk=1 Start=7928085213746 End=7928085273686 Duration=59940
Task=6 Chunk=2 Start=7928085273698 End=7928085309816 Duration=36118
Task=7 Chunk=0 Start=7928085005848 End=7928085033375 Duration=27527
Task=7 Chunk=1 Start=7928085273696 End=7928085327217 Duration=53521
Task=7 Chunk=2 Start=7928085327257 End=7928085363351 Duration=36094
Task=8 Chunk=0 Start=7928085033377 End=7928085060020 Duration=26643
Task=8 Chunk=1 Start=7928085327241 End=7928085380859 Duration=53618
Task=8 Chunk=2 Start=7928085380887 End=7928085417290 Duration=36403
Task=9 Chunk=0 Start=7928085060021 End=7928085086730 Duration=26709
Task=9 Chunk=1 Start=7928085380868 End=7928085431369 Duration=50501
Task=9 Chunk=2 Start=7928085431386 End=7928085467241 Duration=35855
Task=10 Chunk=0 Start=7928085086731 End=7928085113942 Duration=27211
Task=10 Chunk=1 Start=7928085431377 End=7928085484213 Duration=52836
Task=10 Chunk=2 Start=7928085484239 End=7928085520082 Duration=35843
Task=11 Chunk=0 Start=7928085113942 End=7928085140917 Duration=26975
Task=11 Chunk=1 Start=7928085484221 End=7928085535857 Duration=51636
Task=11 Chunk=2 Start=7928085535865 End=7928085572630 Duration=36765
Task=12 Chunk=0 Start=7928085140918 End=7928085167356 Duration=26438
Task=12 Chunk=1 Start=7928085535862 End=7928085586732 Duration=50870
Task=12 Chunk=2 Start=7928085586761 End=7928085622531 Duration=35770
Task=13 Chunk=0 Start=7928085167357 End=7928085195264 Duration=27907
Task=13 Chunk=1 Start=7928085586752 End=7928085640116 Duration=53364
Task=13 Chunk=2 Start=7928085640130 End=7928085675884 Duration=35754
Task=14 Chunk=0 Start=7928085195267 End=7928085222955 Duration=27688
Task=14 Chunk=1 Start=7928085640122 End=7928085690202 Duration=50080
Task=14 Chunk=2 Start=7928085690214 End=7928085726691 Duration=36477
Task=15 Chunk=0 Start=7928085222955 End=7928085250832 Duration=27877
Task=15 Chunk=1 Start=7928085690210 End=7928085746770 Duration=56560
Task=15 Chunk=2 Start=7928085746777 End=7928085782330 Duration=35553
Task=16 Chunk=0 Start=7928085250834 End=7928085276993 Duration=26159
Task=16 Chunk=1 Start=7928085746786 End=7928085807095 Duration=60309
Task=16 Chunk=2 Start=7928085807119 End=7928085842711 Duration=35592
Task=17 Chunk=0 Start=7928085276994 End=7928085303931 Duration=26937
Task=17 Chunk=1 Start=7928085807105 End=7928085858223 Duration=51118
Task=17 Chunk=2 Start=7928085858246 End=7928085894759 Duration=36513
Task=18 Chunk=0 Start=7928085303932 End=7928085331188 Duration=27256
Task=18 Chunk=1 Start=7928085858229 End=7928085910031 Duration=51802
Task=18 Chunk=2 Start=7928085910041 End=7928085946666 Duration=36625
Task=19 Chunk=0 Start=7928085331189 End=7928085358212 Duration=27023
Task=19 Chunk=1 Start=7928085910037 End=7928085968999 Duration=58962
Task=19 Chunk=2 Start=7928085969006 End=7928086004497 Duration=35491
Task=20 Chunk=0 Start=7928085358212 End=7928085384539 Duration=26327
Task=20 Chunk=1 Start=7928085969005 End=7928086022869 Duration=53864
Task=20 Chunk=2 Start=7928086022898 End=7928086058488 Duration=35590
Task=21 Chunk=0 Start=7928085384540 End=7928085411890 Duration=27350
Task=21 Chunk=1 Start=7928086022885 End=7928086074908 Duration=52023
Task=21 Chunk=2 Start=7928086074932 End=7928086111179 Duration=36247
Task=22 Chunk=0 Start=7928085411891 End=7928085438927 Duration=27036
Task=22 Chunk=1 Start=7928086074916 End=7928086133388 Duration=58472
Task=22 Chunk=2 Start=7928086133394 End=7928086169814 Duration=36420
Task=23 Chunk=0 Start=7928085438928 End=7928085465900 Duration=26972
Task=23 Chunk=1 Start=7928086133393 End=7928086188664 Duration=55271
Task=23 Chunk=2 Start=7928086188684 End=7928086224142 Duration=35458
Task=24 Chunk=0 Start=7928085467263 End=7928085494418 Duration=27155
Task=24 Chunk=1 Start=7928086188671 End=7928086238755 Duration=50084
Task=24 Chunk=2 Start=7928086238777 End=7928086275093 Duration=36316
Task=25 Chunk=0 Start=7928085520095 End=7928085546487 Duration=26392
Task=25 Chunk=1 Start=7928086238761 End=7928086288866 Duration=50105
Task=25 Chunk=2 Start=7928086288883 End=7928086325180 Duration=36297
Task=26 Chunk=0 Start=7928085572649 End=7928085599332 Duration=26683
Task=26 Chunk=1 Start=7928086288872 End=7928086345758 Duration=56886
Task=26 Chunk=2 Start=7928086345777 End=7928086381242 Duration=35465
Task=27 Chunk=0 Start=7928085622550 End=7928085649481 Duration=26931
Task=27 Chunk=1 Start=7928086345763 End=7928086394968 Duration=49205
Task=27 Chunk=2 Start=7928086394973 End=7928086431184 Duration=36211
Task=28 Chunk=0 Start=7928085675900 End=7928085702815 Duration=26915
Task=28 Chunk=1 Start=7928086394974 End=7928086446821 Duration=51847
Task=28 Chunk=2 Start=7928086447006 End=7928086483211 Duration=36205
Task=29 Chunk=0 Start=7928085726695 End=7928085753025 Duration=26330
Task=29 Chunk=1 Start=7928086446828 End=7928086499366 Duration=52538
Task=29 Chunk=2 Start=7928086499377 End=7928086534840 Duration=35463
Task=30 Chunk=0 Start=7928085782348 End=7928085809039 Duration=26691
Task=30 Chunk=1 Start=7928086499373 End=7928086559523 Duration=60150
Task=30 Chunk=2 Start=7928086559539 End=7928086594955 Duration=35416
Task=31 Chunk=0 Start=7928085842735 End=7928085869587 Duration=26852
Task=31 Chunk=1 Start=7928086559531 End=7928086609987 Duration=50456
Task=31 Chunk=2 Start=7928086609998 End=7928086646035 Duration=36037
Task=32 Chunk=0 Start=7928085894778 End=7928085921097 Duration=26319
Task=32 Chunk=1 Start=7928086609996 End=7928086660444 Duration=50448
Task=32 Chunk=2 Start=7928086660464 End=7928086695765 Duration=35301
Task=33 Chunk=0 Start=7928085946677 End=7928085972841 Duration=26164
Task=33 Chunk=1 Start=7928086660453 End=7928086713243 Duration=52790
Task=33 Chunk=2 Start=7928086713263 End=7928086748997 Duration=35734
Task=34 Chunk=0 Start=7928086004505 End=7928086031220 Duration=26715
Task=34 Chunk=1 Start=7928086713251 End=7928086767499 Duration=54248
Task=34 Chunk=2 Start=7928086767510 End=7928086803673 Duration=36163
Task=35 Chunk=0 Start=7928086058504 End=7928086084844 Duration=26340
Task=35 Chunk=1 Start=7928086767507 End=7928086816562 Duration=49055
Task=35 Chunk=2 Start=7928086816575 End=7928086851893 Duration=35318
Task=36 Chunk=0 Start=7928086111196 End=7928086137448 Duration=26252
Task=36 Chunk=1 Start=7928086816568 End=7928086867116 Duration=50548
Task=36 Chunk=2 Start=7928086867142 End=7928086902577 Duration=35435
Task=37 Chunk=0 Start=7928086169839 End=7928086197355 Duration=27516
Task=37 Chunk=1 Start=7928086867125 End=7928086916421 Duration=49296
Task=37 Chunk=2 Start=7928086916443 End=7928086952357 Duration=35914
Task=38 Chunk=0 Start=7928086224159 End=7928086251280 Duration=27121
Task=38 Chunk=1 Start=7928086916430 End=7928086970209 Duration=53779
Task=38 Chunk=2 Start=7928086970228 End=7928087005527 Duration=35299
Task=39 Chunk=0 Start=7928086275111 End=7928086301564 Duration=26453
Task=39 Chunk=1 Start=7928086970215 End=7928087022826 Duration=52611
Task=39 Chunk=2 Start=7928087022843 End=7928087058391 Duration=35548
Task=40 Chunk=0 Start=7928086325198 End=7928086351454 Duration=26256
Task=40 Chunk=1 Start=7928087022832 End=7928087071615 Duration=48783
Task=40 Chunk=2 Start=7928087071642 End=7928087107638 Duration=35996
Task=41 Chunk=0 Start=7928086381251 End=7928086408352 Duration=27101
Task=41 Chunk=1 Start=7928087071627 End=7928087120495 Duration=48868
Task=41 Chunk=2 Start=7928087120506 End=7928087155823 Duration=35317
Task=42 Chunk=0 Start=7928086431202 End=7928086457732 Duration=26530
Task=42 Chunk=1 Start=7928087120502 End=7928087181655 Duration=61153
Task=42 Chunk=2 Start=7928087181665 End=7928087217225 Duration=35560
Task=43 Chunk=0 Start=7928086483228 End=7928086509705 Duration=26477
Task=43 Chunk=1 Start=7928087181661 End=7928087239977 Duration=58316
Task=43 Chunk=2 Start=7928087240000 End=7928087275818 Duration=35818
Task=44 Chunk=0 Start=7928086534856 End=7928086562303 Duration=27447
Task=44 Chunk=1 Start=7928087239994 End=7928087293062 Duration=53068
Task=44 Chunk=2 Start=7928087293071 End=7928087329037 Duration=35966
Task=45 Chunk=0 Start=7928086594976 End=7928086621525 Duration=26549
Task=45 Chunk=1 Start=7928087293070 End=7928087346591 Duration=53521
Task=45 Chunk=2 Start=7928087346606 End=7928087381851 Duration=35245
Task=46 Chunk=0 Start=7928086646048 End=7928086672516 Duration=26468
Task=46 Chunk=1 Start=7928087346598 End=7928087403673 Duration=57075
Task=46 Chunk=2 Start=7928087403696 End=7928087438977 Duration=35281
Task=47 Chunk=0 Start=7928086695781 End=7928086722675 Duration=26894
Task=47 Chunk=1 Start=7928087403683 End=7928087455043 Duration=51360
Task=47 Chunk=2 Start=7928087455067 End=7928087490989 Duration=35922
Task=48 Chunk=0 Start=7928086749012 End=7928086776538 Duration=27526
Task=48 Chunk=1 Start=7928087455052 End=7928087505576 Duration=50524
Task=48 Chunk=2 Start=7928087505594 End=7928087541199 Duration=35605
Task=49 Chunk=0 Start=7928086803692 End=7928086830108 Duration=26416
Task=49 Chunk=1 Start=7928087505585 End=7928087558871 Duration=53286
Task=49 Chunk=2 Start=7928087558880 End=7928087594150 Duration=35270
Task=50 Chunk=0 Start=7928086851906 End=7928086879012 Duration=27106
Task=50 Chunk=1 Start=7928087558879 End=7928087608235 Duration=49356
Task=50 Chunk=2 Start=7928087608260 End=7928087644455 Duration=36195
Task=51 Chunk=0 Start=7928086902585 End=7928086929362 Duration=26777
Task=51 Chunk=1 Start=7928087608243 End=7928087657347 Duration=49104
Task=51 Chunk=2 Start=7928087657373 End=7928087692758 Duration=35385
Task=52 Chunk=0 Start=7928086952384 End=7928086980093 Duration=27709
Task=52 Chunk=1 Start=7928087657366 End=7928087708648 Duration=51282
Task=52 Chunk=2 Start=7928087708661 End=7928087744020 Duration=35359
Task=53 Chunk=0 Start=7928087005545 End=7928087032772 Duration=27227
Task=53 Chunk=1 Start=7928087708659 End=7928087762275 Duration=53616
Task=53 Chunk=2 Start=7928087762289 End=7928087798462 Duration=36173
Task=54 Chunk=0 Start=7928087058410 End=7928087084920 Duration=26510
Task=54 Chunk=1 Start=7928087762280 End=7928087811177 Duration=48897
Task=54 Chunk=2 Start=7928087811192 End=7928087846598 Duration=35406
Task=55 Chunk=0 Start=7928087107644 End=7928087134043 Duration=26399
Task=55 Chunk=1 Start=7928087811182 End=7928087862307 Duration=51125
Task=55 Chunk=2 Start=7928087862331 End=7928087897654 Duration=35323
Task=56 Chunk=0 Start=7928087155849 End=7928087183135 Duration=27286
Task=56 Chunk=1 Start=7928087862314 End=7928087911453 Duration=49139
Task=56 Chunk=2 Start=7928087911474 End=7928087947592 Duration=36118
Task=57 Chunk=0 Start=7928087217233 End=7928087244015 Duration=26782
Task=57 Chunk=1 Start=7928087911468 End=7928087975339 Duration=63871
Task=57 Chunk=2 Start=7928087975353 End=7928088011558 Duration=36205
Task=58 Chunk=0 Start=7928087275843 End=7928087302620 Duration=26777
Task=58 Chunk=1 Start=7928087975346 End=7928088027236 Duration=51890
Task=58 Chunk=2 Start=7928088027245 End=7928088062937 Duration=35692
Task=59 Chunk=0 Start=7928087329052 End=7928087355781 Duration=26729
Task=59 Chunk=1 Start=7928088027243 End=7928088076328 Duration=49085
Task=59 Chunk=2 Start=7928088076352 End=7928088112886 Duration=36534
Task=60 Chunk=0 Start=7928087381865 End=7928087408910 Duration=27045
Task=60 Chunk=1 Start=7928088076334 End=7928088125478 Duration=49144
Task=60 Chunk=2 Start=7928088125500 End=7928088161094 Duration=35594
Task=61 Chunk=0 Start=7928087438986 End=7928087465426 Duration=26440
Task=61 Chunk=1 Start=7928088125488 End=7928088183057 Duration=57569
Task=61 Chunk=2 Start=7928088183077 End=7928088218650 Duration=35573
Task=62 Chunk=0 Start=7928087491001 End=7928087517343 Duration=26342
Task=62 Chunk=1 Start=7928088183062 End=7928088233257 Duration=50195
Task=62 Chunk=2 Start=7928088233273 End=7928088269374 Duration=36101
Task=63 Chunk=0 Start=7928087541213 End=7928087567946 Duration=26733
Task=63 Chunk=1 Start=7928088233265 End=7928088283020 Duration=49755
Task=63 Chunk=2 Start=7928088283034 End=7928088319580 Duration=36546
Task=64 Chunk=0 Start=7928087594178 End=7928087620687 Duration=26509
Task=64 Chunk=1 Start=7928088283026 End=7928088336343 Duration=53317
Task=64 Chunk=2 Start=7928088336370 End=7928088371781 Duration=35411
Task=65 Chunk=0 Start=7928087644470 End=7928087670922 Duration=26452
Task=65 Chunk=1 Start=7928088336358 End=7928088403695 Duration=67337
Task=65 Chunk=2 Start=7928088403724 End=7928088439191 Duration=35467
Task=66 Chunk=0 Start=7928087692761 End=7928087719983 Duration=27222
Task=66 Chunk=1 Start=7928088403712 End=7928088455133 Duration=51421
Task=66 Chunk=2 Start=7928088455148 End=7928088491177 Duration=36029
Task=67 Chunk=0 Start=7928087744052 End=7928087771614 Duration=27562
Task=67 Chunk=1 Start=7928088455144 End=7928088505586 Duration=50442
Task=67 Chunk=2 Start=7928088505614 End=7928088541071 Duration=35457
Task=68 Chunk=0 Start=7928087798474 End=7928087824920 Duration=26446
Task=68 Chunk=1 Start=7928088505593 End=7928088559382 Duration=53789
Task=68 Chunk=2 Start=7928088559391 End=7928088594949 Duration=35558
Task=69 Chunk=0 Start=7928087846615 End=7928087873545 Duration=26930
Task=69 Chunk=1 Start=7928088559390 End=7928088609823 Duration=50433
Task=69 Chunk=2 Start=7928088609846 End=7928088645934 Duration=36088
Task=70 Chunk=0 Start=7928087897665 End=7928087924108 Duration=26443
Task=70 Chunk=1 Start=7928088609829 End=7928088659963 Duration=50134
Task=70 Chunk=2 Start=7928088659975 End=7928088695342 Duration=35367
Task=71 Chunk=0 Start=7928087947614 End=7928087973694 Duration=26080
Task=71 Chunk=1 Start=7928088659970 End=7928088713463 Duration=53493
Task=71 Chunk=2 Start=7928088713495 End=7928088748899 Duration=35404
Task=72 Chunk=0 Start=7928088011582 End=7928088038022 Duration=26440
Task=72 Chunk=1 Start=7928088713484 End=7928088769777 Duration=56293
Task=72 Chunk=2 Start=7928088769803 End=7928088805869 Duration=36066
Task=73 Chunk=0 Start=7928088062963 End=7928088090131 Duration=27168
Task=73 Chunk=1 Start=7928088769784 End=7928088820317 Duration=50533
Task=73 Chunk=2 Start=7928088820349 End=7928088857375 Duration=37026
Task=74 Chunk=0 Start=7928088112905 End=7928088139306 Duration=26401
Task=74 Chunk=1 Start=7928088820330 End=7928088879174 Duration=58844
Task=74 Chunk=2 Start=7928088879186 End=7928088914495 Duration=35309
Task=75 Chunk=0 Start=7928088161115 End=7928088187672 Duration=26557
Task=75 Chunk=1 Start=7928088879185 End=7928088929753 Duration=50568
Task=75 Chunk=2 Start=7928088929768 End=7928088965445 Duration=35677
Task=76 Chunk=0 Start=7928088218661 End=7928088245702 Duration=27041
Task=76 Chunk=1 Start=7928088929767 End=7928088994813 Duration=65046
Task=76 Chunk=2 Start=7928088994821 End=7928089030634 Duration=35813
Task=77 Chunk=0 Start=7928088269400 End=7928088295864 Duration=26464
Task=77 Chunk=1 Start=7928088994821 End=7928089045941 Duration=51120
Task=77 Chunk=2 Start=7928089045960 End=7928089081200 Duration=35240
Task=78 Chunk=0 Start=7928088319593 End=7928088346324 Duration=26731
Task=78 Chunk=1 Start=7928089045950 End=7928089096399 Duration=50449
Task=78 Chunk=2 Start=7928089096419 End=7928089132041 Duration=35622
Task=79 Chunk=0 Start=7928088371800 End=7928088398803 Duration=27003
Task=79 Chunk=1 Start=7928089096404 End=7928089145983 Duration=49579
Task=79 Chunk=2 Start=7928089146010 End=7928089181912 Duration=35902
Task=80 Chunk=0 Start=7928088439196 End=7928088465657 Duration=26461
Task=80 Chunk=1 Start=7928089145990 End=7928089199583 Duration=53593
Task=80 Chunk=2 Start=7928089199599 End=7928089234897 Duration=35298
Task=81 Chunk=0 Start=7928088491190 End=7928088517849 Duration=26659
Task=81 Chunk=1 Start=7928089199596 End=7928089250228 Duration=50632
Task=81 Chunk=2 Start=7928089250250 End=7928089285566 Duration=35316
Task=82 Chunk=0 Start=7928088541103 End=7928088568237 Duration=27134
Task=82 Chunk=1 Start=7928089250235 End=7928089299151 Duration=48916
Task=82 Chunk=2 Start=7928089299160 End=7928089335097 Duration=35937
Task=83 Chunk=0 Start=7928088594972 End=7928088621277 Duration=26305
Task=83 Chunk=1 Start=7928089299158 End=7928089355542 Duration=56384
Task=83 Chunk=2 Start=7928089355565 End=7928089390890 Duration=35325
Task=84 Chunk=0 Start=7928088645937 End=7928088672388 Duration=26451
Task=84 Chunk=1 Start=7928089355552 End=7928089413721 Duration=58169
Task=84 Chunk=2 Start=7928089413747 End=7928089449816 Duration=36069
Task=85 Chunk=0 Start=7928088695360 End=7928088722166 Duration=26806
Task=85 Chunk=1 Start=7928089413728 End=7928089463669 Duration=49941
Task=85 Chunk=2 Start=7928089463684 End=7928089500125 Duration=36441
Task=86 Chunk=0 Start=7928088748920 End=7928088775290 Duration=26370
Task=86 Chunk=1 Start=7928089463674 End=7928089519532 Duration=55858
Task=86 Chunk=2 Start=7928089519557 End=7928089555325 Duration=35768
Task=87 Chunk=0 Start=7928088805889 End=7928088832282 Duration=26393
Task=87 Chunk=1 Start=7928089519541 End=7928089574112 Duration=54571
Task=87 Chunk=2 Start=7928089574133 End=7928089609482 Duration=35349
Task=88 Chunk=0 Start=7928088857393 End=7928088883650 Duration=26257
Task=88 Chunk=1 Start=7928089574120 End=7928089635605 Duration=61485
Task=88 Chunk=2 Start=7928089635626 End=7928089670998 Duration=35372
Task=89 Chunk=0 Start=7928088914510 End=7928088941370 Duration=26860
Task=89 Chunk=1 Start=7928089635614 End=7928089689706 Duration=54092
Task=89 Chunk=2 Start=7928089689724 End=7928089725572 Duration=35848
Task=90 Chunk=0 Start=7928088965457 End=7928088991504 Duration=26047
Task=90 Chunk=1 Start=7928089689720 End=7928089740292 Duration=50572
Task=90 Chunk=2 Start=7928089740301 End=7928089775479 Duration=35178
Task=91 Chunk=0 Start=7928089030647 End=7928089057031 Duration=26384
Task=91 Chunk=1 Start=7928089740299 End=7928089791848 Duration=51549
Task=91 Chunk=2 Start=7928089791855 End=7928089827075 Duration=35220
Task=92 Chunk=0 Start=7928089081211 End=7928089108264 Duration=27053
Task=92 Chunk=1 Start=7928089791853 End=7928089849092 Duration=57239
Task=92 Chunk=2 Start=7928089849114 End=7928089884642 Duration=35528
Task=93 Chunk=0 Start=7928089132047 End=7928089158623 Duration=26576
Task=93 Chunk=1 Start=7928089849100 End=7928089900982 Duration=51882
Task=93 Chunk=2 Start=7928089901002 End=7928089937139 Duration=36137
Task=94 Chunk=0 Start=7928089181924 End=7928089208752 Duration=26828
Task=94 Chunk=1 Start=7928089900995 End=7928089955255 Duration=54260
Task=94 Chunk=2 Start=7928089955270 End=7928089990433 Duration=35163
Task=95 Chunk=0 Start=7928089234902 End=7928089261758 Duration=26856
Task=95 Chunk=1 Start=7928089955260 End=7928090025435 Duration=70175
Task=95 Chunk=2 Start=7928090025466 End=7928090060730 Duration=35264
Task=96 Chunk=0 Start=7928089285587 End=7928089312344 Duration=26757
Task=96 Chunk=1 Start=7928090025460 End=7928090076602 Duration=51142
Task=96 Chunk=2 Start=7928090076620 End=7928090112306 Duration=35686
Task=97 Chunk=0 Start=7928089335127 End=7928089361400 Duration=26273
Task=97 Chunk=1 Start=7928090076608 End=7928090126474 Duration=49866
Task=97 Chunk=2 Start=7928090126491 End=7928090162549 Duration=36058
Task=98 Chunk=0 Start=7928089390892 End=7928089417459 Duration=26567
Task=98 Chunk=1 Start=7928090126481 End=7928090181011 Duration=54530
Task=98 Chunk=2 Start=7928090181031 End=7928090216303 Duration=35272
Task=99 Chunk=0 Start=7928089449838 End=7928089477040 Duration=27202
Task=99 Chunk=1 Start=7928090181017 End=7928090241502 Duration=60485
Task=99 Chunk=2 Start=7928090241518 End=7928090276861 Duration=35343
### Python End ###

--------------------------------
[2025-06-29 14:29:19.935] [info] Available Vulkan Layers:
[2025-06-29 14:29:19.935] [warning] Validation layer requested but not available, continuing without it...
[2025-06-29 14:29:19.939] [info] Using integrated GPU: Adreno (TM) 740
[2025-06-29 14:29:19.940] [info] VulkanDispatcher instance created.
[2025-06-29 14:29:20.037] [info] Total memory used: 40550404 bytes (38.67188 MB)
[2025-06-29 14:29:20.048] [info] Total memory used: 40550404 bytes (38.67188 MB)
[2025-06-29 14:29:20.069] [info] Total memory used: 40550404 bytes (38.67188 MB)
[2025-06-29 14:29:20.079] [info] Total memory used: 40550404 bytes (38.67188 MB)
[2025-06-29 14:29:20.088] [info] Total memory used: 40550404 bytes (38.67188 MB)
[2025-06-29 14:29:20.127] [info] Total memory used: 40550404 bytes (38.67188 MB)
[2025-06-29 14:29:20.136] [info] Total memory used: 40550404 bytes (38.67188 MB)
[2025-06-29 14:29:20.146] [info] Total memory used: 40550404 bytes (38.67188 MB)
[2025-06-29 14:29:20.155] [info] Total memory used: 40550404 bytes (38.67188 MB)
[2025-06-29 14:29:20.164] [info] Total memory used: 40550404 bytes (38.67188 MB)
[2025-06-29 14:29:20.204] [info] Total memory used: 40550404 bytes (38.67188 MB)
[2025-06-29 14:29:20.213] [info] Total memory used: 40550404 bytes (38.67188 MB)
[2025-06-29 14:29:20.223] [info] Total memory used: 40550404 bytes (38.67188 MB)
[2025-06-29 14:29:20.232] [info] Total memory used: 40550404 bytes (38.67188 MB)
[2025-06-29 14:29:20.242] [info] Total memory used: 40550404 bytes (38.67188 MB)
[2025-06-29 14:29:20.251] [info] Total memory used: 40550404 bytes (38.67188 MB)
### Python Begin ###
Schedule_UID=SCH-M3G4-G059-cd0a
Frequency=19200000 Hz
Task=0 Chunk=0 Start=7928097412594 End=7928097437893 Duration=25299
Task=0 Chunk=1 Start=7928097437904 End=7928097671062 Duration=233158
Task=1 Chunk=0 Start=7928097437896 End=7928097461426 Duration=23530
Task=1 Chunk=1 Start=7928097671064 End=7928097712781 Duration=41717
Task=2 Chunk=0 Start=7928097461427 End=7928097482800 Duration=21373
Task=2 Chunk=1 Start=7928097712782 End=7928097753838 Duration=41056
Task=3 Chunk=0 Start=7928097482801 End=7928097518316 Duration=35515
Task=3 Chunk=1 Start=7928097753839 End=7928097796031 Duration=42192
Task=4 Chunk=0 Start=7928097518317 End=7928097542236 Duration=23919
Task=4 Chunk=1 Start=7928097796032 End=7928097849687 Duration=53655
Task=5 Chunk=0 Start=7928097542238 End=7928097565383 Duration=23145
Task=5 Chunk=1 Start=7928097849687 End=7928097896317 Duration=46630
Task=6 Chunk=0 Start=7928097565384 End=7928097588376 Duration=22992
Task=6 Chunk=1 Start=7928097896318 End=7928097939522 Duration=43204
Task=7 Chunk=0 Start=7928097588377 End=7928097612268 Duration=23891
Task=7 Chunk=1 Start=7928097939523 End=7928097989059 Duration=49536
Task=8 Chunk=0 Start=7928097612269 End=7928097636690 Duration=24421
Task=8 Chunk=1 Start=7928097989092 End=7928098059739 Duration=70647
Task=9 Chunk=0 Start=7928097636690 End=7928097660038 Duration=23348
Task=9 Chunk=1 Start=7928098059749 End=7928098127041 Duration=67292
Task=10 Chunk=0 Start=7928097660040 End=7928097685251 Duration=25211
Task=10 Chunk=1 Start=7928098127056 End=7928098192029 Duration=64973
Task=11 Chunk=0 Start=7928097685252 End=7928097709290 Duration=24038
Task=11 Chunk=1 Start=7928098192035 End=7928098262554 Duration=70519
Task=12 Chunk=0 Start=7928097709293 End=7928097732418 Duration=23125
Task=12 Chunk=1 Start=7928098262566 End=7928098331021 Duration=68455
Task=13 Chunk=0 Start=7928097732419 End=7928097756282 Duration=23863
Task=13 Chunk=1 Start=7928098331028 End=7928098400578 Duration=69550
Task=14 Chunk=0 Start=7928097756283 End=7928097782159 Duration=25876
Task=14 Chunk=1 Start=7928098400584 End=7928098468525 Duration=67941
Task=15 Chunk=0 Start=7928097782160 End=7928097806758 Duration=24598
Task=15 Chunk=1 Start=7928098468532 End=7928098538302 Duration=69770
Task=16 Chunk=0 Start=7928097806759 End=7928097830251 Duration=23492
Task=16 Chunk=1 Start=7928098538307 End=7928098607258 Duration=68951
Task=17 Chunk=0 Start=7928097830251 End=7928097854696 Duration=24445
Task=17 Chunk=1 Start=7928098607263 End=7928098678481 Duration=71218
Task=18 Chunk=0 Start=7928097854697 End=7928097878652 Duration=23955
Task=18 Chunk=1 Start=7928098678488 End=7928098759624 Duration=81136
Task=19 Chunk=0 Start=7928097878653 End=7928097902575 Duration=23922
Task=19 Chunk=1 Start=7928098759641 End=7928098827791 Duration=68150
Task=20 Chunk=0 Start=7928097902576 End=7928097927230 Duration=24654
Task=20 Chunk=1 Start=7928098827796 End=7928098897954 Duration=70158
Task=21 Chunk=0 Start=7928097939547 End=7928097962728 Duration=23181
Task=21 Chunk=1 Start=7928098897960 End=7928098966653 Duration=68693
Task=22 Chunk=0 Start=7928097989104 End=7928098012794 Duration=23690
Task=22 Chunk=1 Start=7928098966659 End=7928099047536 Duration=80877
Task=23 Chunk=0 Start=7928098059757 End=7928098084170 Duration=24413
Task=23 Chunk=1 Start=7928099047559 End=7928099129902 Duration=82343
Task=24 Chunk=0 Start=7928098127069 End=7928098150699 Duration=23630
Task=24 Chunk=1 Start=7928099129907 End=7928099213346 Duration=83439
Task=25 Chunk=0 Start=7928098192052 End=7928098215251 Duration=23199
Task=25 Chunk=1 Start=7928099213354 End=7928099294028 Duration=80674
Task=26 Chunk=0 Start=7928098262572 End=7928098286042 Duration=23470
Task=26 Chunk=1 Start=7928099294035 End=7928099374675 Duration=80640
Task=27 Chunk=0 Start=7928098331032 End=7928098354347 Duration=23315
Task=27 Chunk=1 Start=7928099374681 End=7928099458886 Duration=84205
Task=28 Chunk=0 Start=7928098400597 End=7928098423887 Duration=23290
Task=28 Chunk=1 Start=7928099458896 End=7928099538880 Duration=79984
Task=29 Chunk=0 Start=7928098468538 End=7928098491992 Duration=23454
Task=29 Chunk=1 Start=7928099538886 End=7928099619124 Duration=80238
Task=30 Chunk=0 Start=7928098538313 End=7928098561609 Duration=23296
Task=30 Chunk=1 Start=7928099619129 End=7928099704850 Duration=85721
Task=31 Chunk=0 Start=7928098607264 End=7928098630920 Duration=23656
Task=31 Chunk=1 Start=7928099704859 End=7928099772269 Duration=67410
Task=32 Chunk=0 Start=7928098678501 End=7928098703329 Duration=24828
Task=32 Chunk=1 Start=7928099772276 End=7928099852744 Duration=80468
Task=33 Chunk=0 Start=7928098759651 End=7928098783822 Duration=24171
Task=33 Chunk=1 Start=7928099852763 End=7928099925619 Duration=72856
Task=34 Chunk=0 Start=7928098827815 End=7928098852323 Duration=24508
Task=34 Chunk=1 Start=7928099925629 End=7928099995648 Duration=70019
Task=35 Chunk=0 Start=7928098897960 End=7928098921849 Duration=23889
Task=35 Chunk=1 Start=7928099995655 End=7928100064060 Duration=68405
Task=36 Chunk=0 Start=7928098966660 End=7928098990021 Duration=23361
Task=36 Chunk=1 Start=7928100064066 End=7928100131835 Duration=67769
Task=37 Chunk=0 Start=7928099047567 End=7928099072247 Duration=24680
Task=37 Chunk=1 Start=7928100131840 End=7928100200821 Duration=68981
Task=38 Chunk=0 Start=7928099129919 End=7928099155444 Duration=25525
Task=38 Chunk=1 Start=7928100200827 End=7928100269906 Duration=69079
Task=39 Chunk=0 Start=7928099213371 End=7928099240395 Duration=27024
Task=39 Chunk=1 Start=7928100269912 End=7928100338963 Duration=69051
Task=40 Chunk=0 Start=7928099294042 End=7928099320671 Duration=26629
Task=40 Chunk=1 Start=7928100338968 End=7928100407464 Duration=68496
Task=41 Chunk=0 Start=7928099374693 End=7928099399347 Duration=24654
Task=41 Chunk=1 Start=7928100407472 End=7928100478280 Duration=70808
Task=42 Chunk=0 Start=7928099458912 End=7928099483190 Duration=24278
Task=42 Chunk=1 Start=7928100478306 End=7928100545422 Duration=67116
Task=43 Chunk=0 Start=7928099538886 End=7928099563345 Duration=24459
Task=43 Chunk=1 Start=7928100545428 End=7928100613603 Duration=68175
Task=44 Chunk=0 Start=7928099619135 End=7928099643294 Duration=24159
Task=44 Chunk=1 Start=7928100613609 End=7928100681597 Duration=67988
Task=45 Chunk=0 Start=7928099704871 End=7928099728243 Duration=23372
Task=45 Chunk=1 Start=7928100681604 End=7928100750802 Duration=69198
Task=46 Chunk=0 Start=7928099772288 End=7928099795613 Duration=23325
Task=46 Chunk=1 Start=7928100750807 End=7928100819483 Duration=68676
Task=47 Chunk=0 Start=7928099852768 End=7928099876116 Duration=23348
Task=47 Chunk=1 Start=7928100819490 End=7928100889619 Duration=70129
Task=48 Chunk=0 Start=7928099925638 End=7928099948933 Duration=23295
Task=48 Chunk=1 Start=7928100889633 End=7928100958428 Duration=68795
Task=49 Chunk=0 Start=7928099995662 End=7928100019009 Duration=23347
Task=49 Chunk=1 Start=7928100958434 End=7928101027620 Duration=69186
Task=50 Chunk=0 Start=7928100064082 End=7928100089913 Duration=25831
Task=50 Chunk=1 Start=7928101027629 End=7928101101378 Duration=73749
Task=51 Chunk=0 Start=7928100131841 End=7928100155807 Duration=23966
Task=51 Chunk=1 Start=7928101101395 End=7928101168908 Duration=67513
Task=52 Chunk=0 Start=7928100200839 End=7928100225374 Duration=24535
Task=52 Chunk=1 Start=7928101168914 End=7928101237202 Duration=68288
Task=53 Chunk=0 Start=7928100269918 End=7928100293330 Duration=23412
Task=53 Chunk=1 Start=7928101237209 End=7928101304559 Duration=67350
Task=54 Chunk=0 Start=7928100338971 End=7928100362455 Duration=23484
Task=54 Chunk=1 Start=7928101304565 End=7928101371926 Duration=67361
Task=55 Chunk=0 Start=7928100407471 End=7928100431436 Duration=23965
Task=55 Chunk=1 Start=7928101371934 End=7928101441010 Duration=69076
Task=56 Chunk=0 Start=7928100478316 End=7928100501686 Duration=23370
Task=56 Chunk=1 Start=7928101441015 End=7928101520645 Duration=79630
Task=57 Chunk=0 Start=7928100545441 End=7928100568742 Duration=23301
Task=57 Chunk=1 Start=7928101520662 End=7928101589014 Duration=68352
Task=58 Chunk=0 Start=7928100613610 End=7928100636946 Duration=23336
Task=58 Chunk=1 Start=7928101589024 End=7928101659989 Duration=70965
Task=59 Chunk=0 Start=7928100681607 End=7928100706124 Duration=24517
Task=59 Chunk=1 Start=7928101659996 End=7928101729673 Duration=69677
Task=60 Chunk=0 Start=7928100750819 End=7928100774868 Duration=24049
Task=60 Chunk=1 Start=7928101729696 End=7928101798398 Duration=68702
Task=61 Chunk=0 Start=7928100819491 End=7928100844010 Duration=24519
Task=61 Chunk=1 Start=7928101798405 End=7928101868569 Duration=70164
Task=62 Chunk=0 Start=7928100889637 End=7928100913518 Duration=23881
Task=62 Chunk=1 Start=7928101868575 End=7928101936569 Duration=67994
Task=63 Chunk=0 Start=7928100958436 End=7928100981725 Duration=23289
Task=63 Chunk=1 Start=7928101936575 End=7928102007961 Duration=71386
Task=64 Chunk=0 Start=7928101027630 End=7928101051041 Duration=23411
Task=64 Chunk=1 Start=7928102007981 End=7928102077459 Duration=69478
Task=65 Chunk=0 Start=7928101101411 End=7928101124745 Duration=23334
Task=65 Chunk=1 Start=7928102077464 End=7928102146741 Duration=69277
Task=66 Chunk=0 Start=7928101168921 End=7928101192318 Duration=23397
Task=66 Chunk=1 Start=7928102146765 End=7928102215297 Duration=68532
Task=67 Chunk=0 Start=7928101237221 End=7928101260555 Duration=23334
Task=67 Chunk=1 Start=7928102215310 End=7928102283515 Duration=68205
Task=68 Chunk=0 Start=7928101304565 End=7928101327946 Duration=23381
Task=68 Chunk=1 Start=7928102283521 End=7928102363301 Duration=79780
Task=69 Chunk=0 Start=7928101371935 End=7928101395744 Duration=23809
Task=69 Chunk=1 Start=7928102363328 End=7928102431503 Duration=68175
Task=70 Chunk=0 Start=7928101441023 End=7928101465358 Duration=24335
Task=70 Chunk=1 Start=7928102431508 End=7928102501079 Duration=69571
Task=71 Chunk=0 Start=7928101520675 End=7928101544531 Duration=23856
Task=71 Chunk=1 Start=7928102501085 End=7928102570410 Duration=69325
Task=72 Chunk=0 Start=7928101589037 End=7928101613602 Duration=24565
Task=72 Chunk=1 Start=7928102570415 End=7928102639426 Duration=69011
Task=73 Chunk=0 Start=7928101659998 End=7928101683914 Duration=23916
Task=73 Chunk=1 Start=7928102639433 End=7928102706765 Duration=67332
Task=74 Chunk=0 Start=7928101729707 End=7928101752876 Duration=23169
Task=74 Chunk=1 Start=7928102706774 End=7928102775499 Duration=68725
Task=75 Chunk=0 Start=7928101798414 End=7928101821739 Duration=23325
Task=75 Chunk=1 Start=7928102775506 End=7928102843536 Duration=68030
Task=76 Chunk=0 Start=7928101868583 End=7928101891944 Duration=23361
Task=76 Chunk=1 Start=7928102843541 End=7928102912968 Duration=69427
Task=77 Chunk=0 Start=7928101936581 End=7928101959907 Duration=23326
Task=77 Chunk=1 Start=7928102912973 End=7928102981290 Duration=68317
Task=78 Chunk=0 Start=7928102007981 End=7928102031324 Duration=23343
Task=78 Chunk=1 Start=7928102981295 End=7928103049433 Duration=68138
Task=79 Chunk=0 Start=7928102077473 End=7928102100797 Duration=23324
Task=79 Chunk=1 Start=7928103049439 End=7928103119434 Duration=69995
Task=80 Chunk=0 Start=7928102146779 End=7928102170261 Duration=23482
Task=80 Chunk=1 Start=7928103119444 End=7928103191110 Duration=71666
Task=81 Chunk=0 Start=7928102215313 End=7928102239675 Duration=24362
Task=81 Chunk=1 Start=7928103191116 End=7928103259708 Duration=68592
Task=82 Chunk=0 Start=7928102283530 End=7928102307659 Duration=24129
Task=82 Chunk=1 Start=7928103259723 End=7928103328842 Duration=69119
Task=83 Chunk=0 Start=7928102363338 End=7928102388401 Duration=25063
Task=83 Chunk=1 Start=7928103328847 End=7928103396133 Duration=67286
Task=84 Chunk=0 Start=7928102431526 End=7928102455405 Duration=23879
Task=84 Chunk=1 Start=7928103396139 End=7928103464349 Duration=68210
Task=85 Chunk=0 Start=7928102501094 End=7928102524589 Duration=23495
Task=85 Chunk=1 Start=7928103464378 End=7928103542943 Duration=78565
Task=86 Chunk=0 Start=7928102570419 End=7928102593723 Duration=23304
Task=86 Chunk=1 Start=7928103542979 End=7928103614756 Duration=71777
Task=87 Chunk=0 Start=7928102639447 End=7928102662673 Duration=23226
Task=87 Chunk=1 Start=7928103614761 End=7928103686438 Duration=71677
Task=88 Chunk=0 Start=7928102706791 End=7928102730119 Duration=23328
Task=88 Chunk=1 Start=7928103686447 End=7928103770844 Duration=84397
Task=89 Chunk=0 Start=7928102775519 End=7928102798899 Duration=23380
Task=89 Chunk=1 Start=7928103770900 End=7928103845938 Duration=75038
Task=90 Chunk=0 Start=7928102843546 End=7928102866816 Duration=23270
Task=90 Chunk=1 Start=7928103845945 End=7928103919187 Duration=73242
Task=91 Chunk=0 Start=7928102912981 End=7928102936269 Duration=23288
Task=91 Chunk=1 Start=7928103919193 End=7928103993995 Duration=74802
Task=92 Chunk=0 Start=7928102981307 End=7928103005952 Duration=24645
Task=92 Chunk=1 Start=7928103994001 End=7928104069003 Duration=75002
Task=93 Chunk=0 Start=7928103049450 End=7928103073613 Duration=24163
Task=93 Chunk=1 Start=7928104069008 End=7928104146749 Duration=77741
Task=94 Chunk=0 Start=7928103119451 End=7928103143994 Duration=24543
Task=94 Chunk=1 Start=7928104146795 End=7928104226440 Duration=79645
Task=95 Chunk=0 Start=7928103191117 End=7928103214495 Duration=23378
Task=95 Chunk=1 Start=7928104226449 End=7928104301370 Duration=74921
Task=96 Chunk=0 Start=7928103259731 End=7928103283232 Duration=23501
Task=96 Chunk=1 Start=7928104301376 End=7928104376340 Duration=74964
Task=97 Chunk=0 Start=7928103328863 End=7928103352198 Duration=23335
Task=97 Chunk=1 Start=7928104376346 End=7928104454026 Duration=77680
Task=98 Chunk=0 Start=7928103396154 End=7928103419547 Duration=23393
Task=98 Chunk=1 Start=7928104454032 End=7928104530407 Duration=76375
Task=99 Chunk=0 Start=7928103464388 End=7928103487755 Duration=23367
Task=99 Chunk=1 Start=7928104530417 End=7928104611476 Duration=81059
### Python End ###

--------------------------------
[2025-06-29 14:29:20.683] [info] Available Vulkan Layers:
[2025-06-29 14:29:20.683] [warning] Validation layer requested but not available, continuing without it...
[2025-06-29 14:29:20.686] [info] Using integrated GPU: Adreno (TM) 740
[2025-06-29 14:29:20.687] [info] VulkanDispatcher instance created.
[2025-06-29 14:29:20.760] [info] Total memory used: 40550404 bytes (38.67188 MB)
[2025-06-29 14:29:20.769] [info] Total memory used: 40550404 bytes (38.67188 MB)
[2025-06-29 14:29:20.788] [info] Total memory used: 40550404 bytes (38.67188 MB)
[2025-06-29 14:29:20.797] [info] Total memory used: 40550404 bytes (38.67188 MB)
[2025-06-29 14:29:20.806] [info] Total memory used: 40550404 bytes (38.67188 MB)
[2025-06-29 14:29:20.844] [info] Total memory used: 40550404 bytes (38.67188 MB)
[2025-06-29 14:29:20.853] [info] Total memory used: 40550404 bytes (38.67188 MB)
[2025-06-29 14:29:20.863] [info] Total memory used: 40550404 bytes (38.67188 MB)
[2025-06-29 14:29:20.872] [info] Total memory used: 40550404 bytes (38.67188 MB)
[2025-06-29 14:29:20.881] [info] Total memory used: 40550404 bytes (38.67188 MB)
[2025-06-29 14:29:20.921] [info] Total memory used: 40550404 bytes (38.67188 MB)
[2025-06-29 14:29:20.930] [info] Total memory used: 40550404 bytes (38.67188 MB)
[2025-06-29 14:29:20.940] [info] Total memory used: 40550404 bytes (38.67188 MB)
[2025-06-29 14:29:20.949] [info] Total memory used: 40550404 bytes (38.67188 MB)
[2025-06-29 14:29:20.959] [info] Total memory used: 40550404 bytes (38.67188 MB)
[2025-06-29 14:29:20.968] [info] Total memory used: 40550404 bytes (38.67188 MB)
### Python Begin ###
Schedule_UID=SCH-B4L3-G069-27ef
Frequency=19200000 Hz
Task=0 Chunk=0 Start=7928111176743 End=7928111450104 Duration=273361
Task=0 Chunk=1 Start=7928111450114 End=7928111547754 Duration=97640
Task=1 Chunk=0 Start=7928111450113 End=7928111562974 Duration=112861
Task=1 Chunk=1 Start=7928111563019 End=7928111636184 Duration=73165
Task=2 Chunk=0 Start=7928111562975 End=7928111675345 Duration=112370
Task=2 Chunk=1 Start=7928111675365 End=7928111750766 Duration=75401
Task=3 Chunk=0 Start=7928111675345 End=7928111787039 Duration=111694
Task=3 Chunk=1 Start=7928111787077 End=7928111867401 Duration=80324
Task=4 Chunk=0 Start=7928111787045 End=7928111899318 Duration=112273
Task=4 Chunk=1 Start=7928111899331 End=7928111973330 Duration=73999
Task=5 Chunk=0 Start=7928111899319 End=7928112011521 Duration=112202
Task=5 Chunk=1 Start=7928112011570 End=7928112087355 Duration=75785
Task=6 Chunk=0 Start=7928112011522 End=7928112123255 Duration=111733
Task=6 Chunk=1 Start=7928112123277 End=7928112194896 Duration=71619
Task=7 Chunk=0 Start=7928112123256 End=7928112235210 Duration=111954
Task=7 Chunk=1 Start=7928112235226 End=7928112312970 Duration=77744
Task=8 Chunk=0 Start=7928112235212 End=7928112346465 Duration=111253
Task=8 Chunk=1 Start=7928112346488 End=7928112423310 Duration=76822
Task=9 Chunk=0 Start=7928112346466 End=7928112459233 Duration=112767
Task=9 Chunk=1 Start=7928112459278 End=7928112532982 Duration=73704
Task=10 Chunk=0 Start=7928112459233 End=7928112571516 Duration=112283
Task=10 Chunk=1 Start=7928112571564 End=7928112655175 Duration=83611
Task=11 Chunk=0 Start=7928112571516 End=7928112684296 Duration=112780
Task=11 Chunk=1 Start=7928112684354 End=7928112771428 Duration=87074
Task=12 Chunk=0 Start=7928112684297 End=7928112796347 Duration=112050
Task=12 Chunk=1 Start=7928112796385 End=7928112879836 Duration=83451
Task=13 Chunk=0 Start=7928112796348 End=7928112909389 Duration=113041
Task=13 Chunk=1 Start=7928112909400 End=7928112991986 Duration=82586
Task=14 Chunk=0 Start=7928112909390 End=7928113021731 Duration=112341
Task=14 Chunk=1 Start=7928113021744 End=7928113111464 Duration=89720
Task=15 Chunk=0 Start=7928113021732 End=7928113134154 Duration=112422
Task=15 Chunk=1 Start=7928113134197 End=7928113221102 Duration=86905
Task=16 Chunk=0 Start=7928113134154 End=7928113247643 Duration=113489
Task=16 Chunk=1 Start=7928113247690 End=7928113323576 Duration=75886
Task=17 Chunk=0 Start=7928113247645 End=7928113360946 Duration=113301
Task=17 Chunk=1 Start=7928113360978 End=7928113450680 Duration=89702
Task=18 Chunk=0 Start=7928113360947 End=7928113474234 Duration=113287
Task=18 Chunk=1 Start=7928113474246 End=7928113561342 Duration=87096
Task=19 Chunk=0 Start=7928113474236 End=7928113587871 Duration=113635
Task=19 Chunk=1 Start=7928113587909 End=7928113681342 Duration=93433
Task=20 Chunk=0 Start=7928113587872 End=7928113701884 Duration=114012
Task=20 Chunk=1 Start=7928113701930 End=7928113783656 Duration=81726
Task=21 Chunk=0 Start=7928113701885 End=7928113815613 Duration=113728
Task=21 Chunk=1 Start=7928113816046 End=7928113894985 Duration=78939
Task=22 Chunk=0 Start=7928113815614 End=7928113928772 Duration=113158
Task=22 Chunk=1 Start=7928113928778 End=7928114007309 Duration=78531
Task=23 Chunk=0 Start=7928113928773 End=7928114042205 Duration=113432
Task=23 Chunk=1 Start=7928114042218 End=7928114136557 Duration=94339
Task=24 Chunk=0 Start=7928114042206 End=7928114157697 Duration=115491
Task=24 Chunk=1 Start=7928114157716 End=7928114236735 Duration=79019
Task=25 Chunk=0 Start=7928114157697 End=7928114271051 Duration=113354
Task=25 Chunk=1 Start=7928114271089 End=7928114347193 Duration=76104
Task=26 Chunk=0 Start=7928114271051 End=7928114384695 Duration=113644
Task=26 Chunk=1 Start=7928114384737 End=7928114479589 Duration=94852
Task=27 Chunk=0 Start=7928114384696 End=7928114497606 Duration=112910
Task=27 Chunk=1 Start=7928114497635 End=7928114575542 Duration=77907
Task=28 Chunk=0 Start=7928114497607 End=7928114610938 Duration=113331
Task=28 Chunk=1 Start=7928114610994 End=7928114691984 Duration=80990
Task=29 Chunk=0 Start=7928114610939 End=7928114724069 Duration=113130
Task=29 Chunk=1 Start=7928114724100 End=7928114801837 Duration=77737
Task=30 Chunk=0 Start=7928114724070 End=7928114837597 Duration=113527
Task=30 Chunk=1 Start=7928114837652 End=7928114923719 Duration=86067
Task=31 Chunk=0 Start=7928114837598 End=7928114950022 Duration=112424
Task=31 Chunk=1 Start=7928114950049 End=7928115027042 Duration=76993
Task=32 Chunk=0 Start=7928114950023 End=7928115062729 Duration=112706
Task=32 Chunk=1 Start=7928115062755 End=7928115146301 Duration=83546
Task=33 Chunk=0 Start=7928115062731 End=7928115175081 Duration=112350
Task=33 Chunk=1 Start=7928115175116 End=7928115255179 Duration=80063
Task=34 Chunk=0 Start=7928115175082 End=7928115287612 Duration=112530
Task=34 Chunk=1 Start=7928115287666 End=7928115378517 Duration=90851
Task=35 Chunk=0 Start=7928115287612 End=7928115400245 Duration=112633
Task=35 Chunk=1 Start=7928115400295 End=7928115473945 Duration=73650
Task=36 Chunk=0 Start=7928115400245 End=7928115514006 Duration=113761
Task=36 Chunk=1 Start=7928115514060 End=7928115600726 Duration=86666
Task=37 Chunk=0 Start=7928115514007 End=7928115627336 Duration=113329
Task=37 Chunk=1 Start=7928115627350 End=7928115720539 Duration=93189
Task=38 Chunk=0 Start=7928115627337 End=7928115743333 Duration=115996
Task=38 Chunk=1 Start=7928115743386 End=7928115833145 Duration=89759
Task=39 Chunk=0 Start=7928115743334 End=7928115856502 Duration=113168
Task=39 Chunk=1 Start=7928115856514 End=7928115931345 Duration=74831
Task=40 Chunk=0 Start=7928115856503 End=7928115970203 Duration=113700
Task=40 Chunk=1 Start=7928115970253 End=7928116045470 Duration=75217
Task=41 Chunk=0 Start=7928115970204 End=7928116083744 Duration=113540
Task=41 Chunk=1 Start=7928116083800 End=7928116165210 Duration=81410
Task=42 Chunk=0 Start=7928116083746 End=7928116197305 Duration=113559
Task=42 Chunk=1 Start=7928116197355 End=7928116274169 Duration=76814
Task=43 Chunk=0 Start=7928116197306 End=7928116311707 Duration=114401
Task=43 Chunk=1 Start=7928116311761 End=7928116386813 Duration=75052
Task=44 Chunk=0 Start=7928116311708 End=7928116424226 Duration=112518
Task=44 Chunk=1 Start=7928116424245 End=7928116513027 Duration=88782
Task=45 Chunk=0 Start=7928116424227 End=7928116537095 Duration=112868
Task=45 Chunk=1 Start=7928116537148 End=7928116628204 Duration=91056
Task=46 Chunk=0 Start=7928116537095 End=7928116649441 Duration=112346
Task=46 Chunk=1 Start=7928116649494 End=7928116743382 Duration=93888
Task=47 Chunk=0 Start=7928116649441 End=7928116762283 Duration=112842
Task=47 Chunk=1 Start=7928116762337 End=7928116842804 Duration=80467
Task=48 Chunk=0 Start=7928116762283 End=7928116874639 Duration=112356
Task=48 Chunk=1 Start=7928116874677 End=7928116967069 Duration=92392
Task=49 Chunk=0 Start=7928116874641 End=7928116987251 Duration=112610
Task=49 Chunk=1 Start=7928116987300 End=7928117069199 Duration=81899
Task=50 Chunk=0 Start=7928116987252 End=7928117100502 Duration=113250
Task=50 Chunk=1 Start=7928117100517 End=7928117187594 Duration=87077
Task=51 Chunk=0 Start=7928117100503 End=7928117214494 Duration=113991
Task=51 Chunk=1 Start=7928117214544 End=7928117289234 Duration=74690
Task=52 Chunk=0 Start=7928117214495 End=7928117327705 Duration=113210
Task=52 Chunk=1 Start=7928117327762 End=7928117404817 Duration=77055
Task=53 Chunk=0 Start=7928117327705 End=7928117442046 Duration=114341
Task=53 Chunk=1 Start=7928117442094 End=7928117535622 Duration=93528
Task=54 Chunk=0 Start=7928117442047 End=7928117555911 Duration=113864
Task=54 Chunk=1 Start=7928117555932 End=7928117650658 Duration=94726
Task=55 Chunk=0 Start=7928117555912 End=7928117669534 Duration=113622
Task=55 Chunk=1 Start=7928117669581 End=7928117761718 Duration=92137
Task=56 Chunk=0 Start=7928117669536 End=7928117782449 Duration=112913
Task=56 Chunk=1 Start=7928117782463 End=7928117859563 Duration=77100
Task=57 Chunk=0 Start=7928117782449 End=7928117896004 Duration=113555
Task=57 Chunk=1 Start=7928117896034 End=7928117971904 Duration=75870
Task=58 Chunk=0 Start=7928117896005 End=7928118009370 Duration=113365
Task=58 Chunk=1 Start=7928118009389 End=7928118085338 Duration=75949
Task=59 Chunk=0 Start=7928118009370 End=7928118123015 Duration=113645
Task=59 Chunk=1 Start=7928118123076 End=7928118217564 Duration=94488
Task=60 Chunk=0 Start=7928118123016 End=7928118236460 Duration=113444
Task=60 Chunk=1 Start=7928118236511 End=7928118315474 Duration=78963
Task=61 Chunk=0 Start=7928118236461 End=7928118349958 Duration=113497
Task=61 Chunk=1 Start=7928118349993 End=7928118426696 Duration=76703
Task=62 Chunk=0 Start=7928118349959 End=7928118463287 Duration=113328
Task=62 Chunk=1 Start=7928118463333 End=7928118551037 Duration=87704
Task=63 Chunk=0 Start=7928118463288 End=7928118578045 Duration=114757
Task=63 Chunk=1 Start=7928118578056 End=7928118649427 Duration=71371
Task=64 Chunk=0 Start=7928118578046 End=7928118689348 Duration=111302
Task=64 Chunk=1 Start=7928118689397 End=7928118763915 Duration=74518
Task=65 Chunk=0 Start=7928118689348 End=7928118800706 Duration=111358
Task=65 Chunk=1 Start=7928118800735 End=7928118886763 Duration=86028
Task=66 Chunk=0 Start=7928118800707 End=7928118912590 Duration=111883
Task=66 Chunk=1 Start=7928118912622 End=7928118988658 Duration=76036
Task=67 Chunk=0 Start=7928118912591 End=7928119024114 Duration=111523
Task=67 Chunk=1 Start=7928119024170 End=7928119104051 Duration=79881
Task=68 Chunk=0 Start=7928119024115 End=7928119135694 Duration=111579
Task=68 Chunk=1 Start=7928119135710 End=7928119220059 Duration=84349
Task=69 Chunk=0 Start=7928119135695 End=7928119247116 Duration=111421
Task=69 Chunk=1 Start=7928119247122 End=7928119321403 Duration=74281
Task=70 Chunk=0 Start=7928119247117 End=7928119359157 Duration=112040
Task=70 Chunk=1 Start=7928119359207 End=7928119437918 Duration=78711
Task=71 Chunk=0 Start=7928119359158 End=7928119471138 Duration=111980
Task=71 Chunk=1 Start=7928119471191 End=7928119550905 Duration=79714
Task=72 Chunk=0 Start=7928119471138 End=7928119583759 Duration=112621
Task=72 Chunk=1 Start=7928119583802 End=7928119666829 Duration=83027
Task=73 Chunk=0 Start=7928119583760 End=7928119695967 Duration=112207
Task=73 Chunk=1 Start=7928119695996 End=7928119789762 Duration=93766
Task=74 Chunk=0 Start=7928119695967 End=7928119808515 Duration=112548
Task=74 Chunk=1 Start=7928119808574 End=7928119897556 Duration=88982
Task=75 Chunk=0 Start=7928119808515 End=7928119920823 Duration=112308
Task=75 Chunk=1 Start=7928119920852 End=7928119995031 Duration=74179
Task=76 Chunk=0 Start=7928119920824 End=7928120033329 Duration=112505
Task=76 Chunk=1 Start=7928120033373 End=7928120125349 Duration=91976
Task=77 Chunk=0 Start=7928120033330 End=7928120147229 Duration=113899
Task=77 Chunk=1 Start=7928120147274 End=7928120228748 Duration=81474
Task=78 Chunk=0 Start=7928120147230 End=7928120260535 Duration=113305
Task=78 Chunk=1 Start=7928120260561 End=7928120354621 Duration=94060
Task=79 Chunk=0 Start=7928120260536 End=7928120374473 Duration=113937
Task=79 Chunk=1 Start=7928120374510 End=7928120454707 Duration=80197
Task=80 Chunk=0 Start=7928120374474 End=7928120487874 Duration=113400
Task=80 Chunk=1 Start=7928120487925 End=7928120575337 Duration=87412
Task=81 Chunk=0 Start=7928120487875 End=7928120601465 Duration=113590
Task=81 Chunk=1 Start=7928120601508 End=7928120682360 Duration=80852
Task=82 Chunk=0 Start=7928120601466 End=7928120714676 Duration=113210
Task=82 Chunk=1 Start=7928120714736 End=7928120806148 Duration=91412
Task=83 Chunk=0 Start=7928120714677 End=7928120828549 Duration=113872
Task=83 Chunk=1 Start=7928120828580 End=7928120910914 Duration=82334
Task=84 Chunk=0 Start=7928120828550 End=7928120941617 Duration=113067
Task=84 Chunk=1 Start=7928120941676 End=7928121036916 Duration=95240
Task=85 Chunk=0 Start=7928120941620 End=7928121057430 Duration=115810
Task=85 Chunk=1 Start=7928121057464 End=7928121138405 Duration=80941
Task=86 Chunk=0 Start=7928121057431 End=7928121170726 Duration=113295
Task=86 Chunk=1 Start=7928121170752 End=7928121266583 Duration=95831
Task=87 Chunk=0 Start=7928121170727 End=7928121284148 Duration=113421
Task=87 Chunk=1 Start=7928121284179 End=7928121376575 Duration=92396
Task=88 Chunk=0 Start=7928121284149 End=7928121397249 Duration=113100
Task=88 Chunk=1 Start=7928121397301 End=7928121491428 Duration=94127
Task=89 Chunk=0 Start=7928121397250 End=7928121510803 Duration=113553
Task=89 Chunk=1 Start=7928121510812 End=7928121595725 Duration=84913
Task=90 Chunk=0 Start=7928121510805 End=7928121623722 Duration=112917
Task=90 Chunk=1 Start=7928121623782 End=7928121702173 Duration=78391
Task=91 Chunk=0 Start=7928121623722 End=7928121737740 Duration=114018
Task=91 Chunk=1 Start=7928121737795 End=7928121829719 Duration=91924
Task=92 Chunk=0 Start=7928121737741 End=7928121850955 Duration=113214
Task=92 Chunk=1 Start=7928121851009 End=7928121926996 Duration=75987
Task=93 Chunk=0 Start=7928121850956 End=7928121964813 Duration=113857
Task=93 Chunk=1 Start=7928121964824 End=7928122052708 Duration=87884
Task=94 Chunk=0 Start=7928121964814 End=7928122078308 Duration=113494
Task=94 Chunk=1 Start=7928122078330 End=7928122174118 Duration=95788
Task=95 Chunk=0 Start=7928122078309 End=7928122194089 Duration=115780
Task=95 Chunk=1 Start=7928122194349 End=7928122301346 Duration=106997
Task=96 Chunk=0 Start=7928122194090 End=7928122307363 Duration=113273
Task=96 Chunk=1 Start=7928122307440 End=7928122419357 Duration=111917
Task=97 Chunk=0 Start=7928122307364 End=7928122421527 Duration=114163
Task=97 Chunk=1 Start=7928122421549 End=7928122537053 Duration=115504
Task=98 Chunk=0 Start=7928122421529 End=7928122535319 Duration=113790
Task=98 Chunk=1 Start=7928122537067 End=7928122612545 Duration=75478
Task=99 Chunk=0 Start=7928122535320 End=7928122648711 Duration=113391
Task=99 Chunk=1 Start=7928122648734 End=7928122739944 Duration=91210
### Python End ###

--------------------------------
[2025-06-29 14:29:21.626] [info] Available Vulkan Layers:
[2025-06-29 14:29:21.626] [warning] Validation layer requested but not available, continuing without it...
[2025-06-29 14:29:21.629] [info] Using integrated GPU: Adreno (TM) 740
[2025-06-29 14:29:21.639] [info] VulkanDispatcher instance created.
[2025-06-29 14:29:21.735] [info] Total memory used: 40550404 bytes (38.67188 MB)
[2025-06-29 14:29:21.748] [info] Total memory used: 40550404 bytes (38.67188 MB)
[2025-06-29 14:29:21.770] [info] Total memory used: 40550404 bytes (38.67188 MB)
[2025-06-29 14:29:21.780] [info] Total memory used: 40550404 bytes (38.67188 MB)
[2025-06-29 14:29:21.790] [info] Total memory used: 40550404 bytes (38.67188 MB)
[2025-06-29 14:29:21.828] [info] Total memory used: 40550404 bytes (38.67188 MB)
[2025-06-29 14:29:21.838] [info] Total memory used: 40550404 bytes (38.67188 MB)
[2025-06-29 14:29:21.847] [info] Total memory used: 40550404 bytes (38.67188 MB)
[2025-06-29 14:29:21.857] [info] Total memory used: 40550404 bytes (38.67188 MB)
[2025-06-29 14:29:21.866] [info] Total memory used: 40550404 bytes (38.67188 MB)
[2025-06-29 14:29:21.906] [info] Total memory used: 40550404 bytes (38.67188 MB)
[2025-06-29 14:29:21.915] [info] Total memory used: 40550404 bytes (38.67188 MB)
[2025-06-29 14:29:21.925] [info] Total memory used: 40550404 bytes (38.67188 MB)
[2025-06-29 14:29:21.934] [info] Total memory used: 40550404 bytes (38.67188 MB)
[2025-06-29 14:29:21.944] [info] Total memory used: 40550404 bytes (38.67188 MB)
[2025-06-29 14:29:21.953] [info] Total memory used: 40550404 bytes (38.67188 MB)
### Python Begin ###
Schedule_UID=SCH-M2G2B3-G071-ab80
Frequency=19200000 Hz
Task=0 Chunk=0 Start=7928130093991 End=7928130118552 Duration=24561
Task=0 Chunk=1 Start=7928130118572 End=7928130313032 Duration=194460
Task=0 Chunk=2 Start=7928130313052 End=7928130359930 Duration=46878
Task=1 Chunk=0 Start=7928130118555 End=7928130138936 Duration=20381
Task=1 Chunk=1 Start=7928130313037 End=7928130348335 Duration=35298
Task=1 Chunk=2 Start=7928130359932 End=7928130403096 Duration=43164
Task=2 Chunk=0 Start=7928130138937 End=7928130154256 Duration=15319
Task=2 Chunk=1 Start=7928130348346 End=7928130383873 Duration=35527
Task=2 Chunk=2 Start=7928130403097 End=7928130447543 Duration=44446
Task=3 Chunk=0 Start=7928130154257 End=7928130169451 Duration=15194
Task=3 Chunk=1 Start=7928130383877 End=7928130419015 Duration=35138
Task=3 Chunk=2 Start=7928130447545 End=7928130493206 Duration=45661
Task=4 Chunk=0 Start=7928130169452 End=7928130185534 Duration=16082
Task=4 Chunk=1 Start=7928130419020 End=7928130454736 Duration=35716
Task=4 Chunk=2 Start=7928130493207 End=7928130536192 Duration=42985
Task=5 Chunk=0 Start=7928130185535 End=7928130200778 Duration=15243
Task=5 Chunk=1 Start=7928130454740 End=7928130491128 Duration=36388
Task=5 Chunk=2 Start=7928130536199 End=7928130570128 Duration=33929
Task=6 Chunk=0 Start=7928130200779 End=7928130215986 Duration=15207
Task=6 Chunk=1 Start=7928130491131 End=7928130525659 Duration=34528
Task=6 Chunk=2 Start=7928130570129 End=7928130602007 Duration=31878
Task=7 Chunk=0 Start=7928130215987 End=7928130231193 Duration=15206
Task=7 Chunk=1 Start=7928130525663 End=7928130562474 Duration=36811
Task=7 Chunk=2 Start=7928130602007 End=7928130633951 Duration=31944
Task=8 Chunk=0 Start=7928130231194 End=7928130246308 Duration=15114
Task=8 Chunk=1 Start=7928130562480 End=7928130597159 Duration=34679
Task=8 Chunk=2 Start=7928130633952 End=7928130666305 Duration=32353
Task=9 Chunk=0 Start=7928130246309 End=7928130261940 Duration=15631
Task=9 Chunk=1 Start=7928130597163 End=7928130631812 Duration=34649
Task=9 Chunk=2 Start=7928130666306 End=7928130697285 Duration=30979
Task=10 Chunk=0 Start=7928130261941 End=7928130277155 Duration=15214
Task=10 Chunk=1 Start=7928130631818 End=7928130666347 Duration=34529
Task=10 Chunk=2 Start=7928130697286 End=7928130727288 Duration=30002
Task=11 Chunk=0 Start=7928130277157 End=7928130292377 Duration=15220
Task=11 Chunk=1 Start=7928130666352 End=7928130702241 Duration=35889
Task=11 Chunk=2 Start=7928130727289 End=7928130756588 Duration=29299
Task=12 Chunk=0 Start=7928130292377 End=7928130307685 Duration=15308
Task=12 Chunk=1 Start=7928130702245 End=7928130736978 Duration=34733
Task=12 Chunk=2 Start=7928130756588 End=7928130785888 Duration=29300
Task=13 Chunk=0 Start=7928130307686 End=7928130322929 Duration=15243
Task=13 Chunk=1 Start=7928130736984 End=7928130771658 Duration=34674
Task=13 Chunk=2 Start=7928130785889 End=7928130816195 Duration=30306
Task=14 Chunk=0 Start=7928130322931 End=7928130340149 Duration=17218
Task=14 Chunk=1 Start=7928130771662 End=7928130806413 Duration=34751
Task=14 Chunk=2 Start=7928130816196 End=7928130845585 Duration=29389
Task=15 Chunk=0 Start=7928130359941 End=7928130375680 Duration=15739
Task=15 Chunk=1 Start=7928130806417 End=7928130843435 Duration=37018
Task=15 Chunk=2 Start=7928130845588 End=7928130875560 Duration=29972
Task=16 Chunk=0 Start=7928130403117 End=7928130419823 Duration=16706
Task=16 Chunk=1 Start=7928130843439 End=7928130885691 Duration=42252
Task=16 Chunk=2 Start=7928130885718 End=7928130914993 Duration=29275
Task=17 Chunk=0 Start=7928130447561 End=7928130463537 Duration=15976
Task=17 Chunk=1 Start=7928130885702 End=7928130922877 Duration=37175
Task=17 Chunk=2 Start=7928130922885 End=7928130952783 Duration=29898
Task=18 Chunk=0 Start=7928130493219 End=7928130508795 Duration=15576
Task=18 Chunk=1 Start=7928130922883 End=7928130957934 Duration=35051
Task=18 Chunk=2 Start=7928130957944 End=7928130987297 Duration=29353
Task=19 Chunk=0 Start=7928130536206 End=7928130553001 Duration=16795
Task=19 Chunk=1 Start=7928130957940 End=7928130993374 Duration=35434
Task=19 Chunk=2 Start=7928130993410 End=7928131023201 Duration=29791
Task=20 Chunk=0 Start=7928130570148 End=7928130587024 Duration=16876
Task=20 Chunk=1 Start=7928130993399 End=7928131029550 Duration=36151
Task=20 Chunk=2 Start=7928131029563 End=7928131058810 Duration=29247
Task=21 Chunk=0 Start=7928130602011 End=7928130619134 Duration=17123
Task=21 Chunk=1 Start=7928131029558 End=7928131065151 Duration=35593
Task=21 Chunk=2 Start=7928131065164 End=7928131094116 Duration=28952
Task=22 Chunk=0 Start=7928130634593 End=7928130651312 Duration=16719
Task=22 Chunk=1 Start=7928131065158 End=7928131103457 Duration=38299
Task=22 Chunk=2 Start=7928131103473 End=7928131132980 Duration=29507
Task=23 Chunk=0 Start=7928130666330 End=7928130683081 Duration=16751
Task=23 Chunk=1 Start=7928131103463 End=7928131143780 Duration=40317
Task=23 Chunk=2 Start=7928131143785 End=7928131173290 Duration=29505
Task=24 Chunk=0 Start=7928130697295 End=7928130713603 Duration=16308
Task=24 Chunk=1 Start=7928131143785 End=7928131185189 Duration=41404
Task=24 Chunk=2 Start=7928131185206 End=7928131214239 Duration=29033
Task=25 Chunk=0 Start=7928130727292 End=7928130743392 Duration=16100
Task=25 Chunk=1 Start=7928131185195 End=7928131220706 Duration=35511
Task=25 Chunk=2 Start=7928131220716 End=7928131250358 Duration=29642
Task=26 Chunk=0 Start=7928130756605 End=7928130772404 Duration=15799
Task=26 Chunk=1 Start=7928131220712 End=7928131257613 Duration=36901
Task=26 Chunk=2 Start=7928131257628 End=7928131286521 Duration=28893
Task=27 Chunk=0 Start=7928130785899 End=7928130802289 Duration=16390
Task=27 Chunk=1 Start=7928131257619 End=7928131292505 Duration=34886
Task=27 Chunk=2 Start=7928131292520 End=7928131321473 Duration=28953
Task=28 Chunk=0 Start=7928130816204 End=7928130832279 Duration=16075
Task=28 Chunk=1 Start=7928131292511 End=7928131332820 Duration=40309
Task=28 Chunk=2 Start=7928131332839 End=7928131362063 Duration=29224
Task=29 Chunk=0 Start=7928130845607 End=7928130861277 Duration=15670
Task=29 Chunk=1 Start=7928131332826 End=7928131367691 Duration=34865
Task=29 Chunk=2 Start=7928131367715 End=7928131396693 Duration=28978
Task=30 Chunk=0 Start=7928130875568 End=7928130890866 Duration=15298
Task=30 Chunk=1 Start=7928131367699 End=7928131406430 Duration=38731
Task=30 Chunk=2 Start=7928131406450 End=7928131435498 Duration=29048
Task=31 Chunk=0 Start=7928130915014 End=7928130930427 Duration=15413
Task=31 Chunk=1 Start=7928131406436 End=7928131440796 Duration=34360
Task=31 Chunk=2 Start=7928131440814 End=7928131469788 Duration=28974
Task=32 Chunk=0 Start=7928130952803 End=7928130968214 Duration=15411
Task=32 Chunk=1 Start=7928131440802 End=7928131475665 Duration=34863
Task=32 Chunk=2 Start=7928131475690 End=7928131505313 Duration=29623
Task=33 Chunk=0 Start=7928130987318 End=7928131002778 Duration=15460
Task=33 Chunk=1 Start=7928131475670 End=7928131510035 Duration=34365
Task=33 Chunk=2 Start=7928131510047 End=7928131539005 Duration=28958
Task=34 Chunk=0 Start=7928131023207 End=7928131038479 Duration=15272
Task=34 Chunk=1 Start=7928131510041 End=7928131548696 Duration=38655
Task=34 Chunk=2 Start=7928131548710 End=7928131578406 Duration=29696
Task=35 Chunk=0 Start=7928131058825 End=7928131074264 Duration=15439
Task=35 Chunk=1 Start=7928131548702 End=7928131583278 Duration=34576
Task=35 Chunk=2 Start=7928131583290 End=7928131612429 Duration=29139
Task=36 Chunk=0 Start=7928131094123 End=7928131110152 Duration=16029
Task=36 Chunk=1 Start=7928131583284 End=7928131618218 Duration=34934
Task=36 Chunk=2 Start=7928131618229 End=7928131647882 Duration=29653
Task=37 Chunk=0 Start=7928131133000 End=7928131148355 Duration=15355
Task=37 Chunk=1 Start=7928131618224 End=7928131654096 Duration=35872
Task=37 Chunk=2 Start=7928131654109 End=7928131683604 Duration=29495
Task=38 Chunk=0 Start=7928131173314 End=7928131188567 Duration=15253
Task=38 Chunk=1 Start=7928131654103 End=7928131688936 Duration=34833
Task=38 Chunk=2 Start=7928131688947 End=7928131718706 Duration=29759
Task=39 Chunk=0 Start=7928131214261 End=7928131229730 Duration=15469
Task=39 Chunk=1 Start=7928131688943 End=7928131724872 Duration=35929
Task=39 Chunk=2 Start=7928131724885 End=7928131753844 Duration=28959
Task=40 Chunk=0 Start=7928131250366 End=7928131265690 Duration=15324
Task=40 Chunk=1 Start=7928131724877 End=7928131764420 Duration=39543
Task=40 Chunk=2 Start=7928131764434 End=7928131793995 Duration=29561
Task=41 Chunk=0 Start=7928131286527 End=7928131301979 Duration=15452
Task=41 Chunk=1 Start=7928131764426 End=7928131799113 Duration=34687
Task=41 Chunk=2 Start=7928131799130 End=7928131828047 Duration=28917
Task=42 Chunk=0 Start=7928131321482 End=7928131337826 Duration=16344
Task=42 Chunk=1 Start=7928131799119 End=7928131833637 Duration=34518
Task=42 Chunk=2 Start=7928131833644 End=7928131862466 Duration=28822
Task=43 Chunk=0 Start=7928131362091 End=7928131377459 Duration=15368
Task=43 Chunk=1 Start=7928131833643 End=7928131875790 Duration=42147
Task=43 Chunk=2 Start=7928131875795 End=7928131904978 Duration=29183
Task=44 Chunk=0 Start=7928131396709 End=7928131413189 Duration=16480
Task=44 Chunk=1 Start=7928131875795 End=7928131910958 Duration=35163
Task=44 Chunk=2 Start=7928131910970 End=7928131940373 Duration=29403
Task=45 Chunk=0 Start=7928131435516 End=7928131450839 Duration=15323
Task=45 Chunk=1 Start=7928131910964 End=7928131950458 Duration=39494
Task=45 Chunk=2 Start=7928131950479 End=7928131979514 Duration=29035
Task=46 Chunk=0 Start=7928131469808 End=7928131485603 Duration=15795
Task=46 Chunk=1 Start=7928131950464 End=7928131985826 Duration=35362
Task=46 Chunk=2 Start=7928131985848 End=7928132014682 Duration=28834
Task=47 Chunk=0 Start=7928131505331 End=7928131520733 Duration=15402
Task=47 Chunk=1 Start=7928131985838 End=7928132032099 Duration=46261
Task=47 Chunk=2 Start=7928132032106 End=7928132061102 Duration=28996
Task=48 Chunk=0 Start=7928131539014 End=7928131554426 Duration=15412
Task=48 Chunk=1 Start=7928132032106 End=7928132073218 Duration=41112
Task=48 Chunk=2 Start=7928132073232 End=7928132102815 Duration=29583
Task=49 Chunk=0 Start=7928131578414 End=7928131593829 Duration=15415
Task=49 Chunk=1 Start=7928132073226 End=7928132108474 Duration=35248
Task=49 Chunk=2 Start=7928132108479 End=7928132137385 Duration=28906
Task=50 Chunk=0 Start=7928131612449 End=7928131627834 Duration=15385
Task=50 Chunk=1 Start=7928132108479 End=7928132143522 Duration=35043
Task=50 Chunk=2 Start=7928132143530 End=7928132173462 Duration=29932
Task=51 Chunk=0 Start=7928131647899 End=7928131663363 Duration=15464
Task=51 Chunk=1 Start=7928132143528 End=7928132179649 Duration=36121
Task=51 Chunk=2 Start=7928132179670 End=7928132208585 Duration=28915
Task=52 Chunk=0 Start=7928131683623 End=7928131699183 Duration=15560
Task=52 Chunk=1 Start=7928132179655 End=7928132214525 Duration=34870
Task=52 Chunk=2 Start=7928132214530 End=7928132243842 Duration=29312
Task=53 Chunk=0 Start=7928131718728 End=7928131734073 Duration=15345
Task=53 Chunk=1 Start=7928132214530 End=7928132254822 Duration=40292
Task=53 Chunk=2 Start=7928132254842 End=7928132283761 Duration=28919
Task=54 Chunk=0 Start=7928131753871 End=7928131769279 Duration=15408
Task=54 Chunk=1 Start=7928132254827 End=7928132289458 Duration=34631
Task=54 Chunk=2 Start=7928132289482 End=7928132318354 Duration=28872
Task=55 Chunk=0 Start=7928131794016 End=7928131809362 Duration=15346
Task=55 Chunk=1 Start=7928132289463 End=7928132327703 Duration=38240
Task=55 Chunk=2 Start=7928132327711 End=7928132356744 Duration=29033
Task=56 Chunk=0 Start=7928131828065 End=7928131843438 Duration=15373
Task=56 Chunk=1 Start=7928132327708 End=7928132368836 Duration=41128
Task=56 Chunk=2 Start=7928132368858 End=7928132397725 Duration=28867
Task=57 Chunk=0 Start=7928131862479 End=7928131878581 Duration=16102
Task=57 Chunk=1 Start=7928132368841 End=7928132415172 Duration=46331
Task=57 Chunk=2 Start=7928132415182 End=7928132444054 Duration=28872
Task=58 Chunk=0 Start=7928131904988 End=7928131920360 Duration=15372
Task=58 Chunk=1 Start=7928132415177 End=7928132449949 Duration=34772
Task=58 Chunk=2 Start=7928132449958 End=7928132479673 Duration=29715
Task=59 Chunk=0 Start=7928131940390 End=7928131955811 Duration=15421
Task=59 Chunk=1 Start=7928132449954 End=7928132488055 Duration=38101
Task=59 Chunk=2 Start=7928132488063 End=7928132517018 Duration=28955
Task=60 Chunk=0 Start=7928131979534 End=7928131994910 Duration=15376
Task=60 Chunk=1 Start=7928132488060 End=7928132522785 Duration=34725
Task=60 Chunk=2 Start=7928132522799 End=7928132551561 Duration=28762
Task=61 Chunk=0 Start=7928132014698 End=7928132031184 Duration=16486
Task=61 Chunk=1 Start=7928132522790 End=7928132567311 Duration=44521
Task=61 Chunk=2 Start=7928132567330 End=7928132596301 Duration=28971
Task=62 Chunk=0 Start=7928132061106 End=7928132076570 Duration=15464
Task=62 Chunk=1 Start=7928132567317 End=7928132602372 Duration=35055
Task=62 Chunk=2 Start=7928132602381 End=7928132632033 Duration=29652
Task=63 Chunk=0 Start=7928132102824 End=7928132118153 Duration=15329
Task=63 Chunk=1 Start=7928132602376 End=7928132639073 Duration=36697
Task=63 Chunk=2 Start=7928132639086 End=7928132668003 Duration=28917
Task=64 Chunk=0 Start=7928132137398 End=7928132152753 Duration=15355
Task=64 Chunk=1 Start=7928132639078 End=7928132674709 Duration=35631
Task=64 Chunk=2 Start=7928132674719 End=7928132703595 Duration=28876
Task=65 Chunk=0 Start=7928132173469 End=7928132188767 Duration=15298
Task=65 Chunk=1 Start=7928132674714 End=7928132713345 Duration=38631
Task=65 Chunk=2 Start=7928132713357 End=7928132742623 Duration=29266
Task=66 Chunk=0 Start=7928132208595 End=7928132224044 Duration=15449
Task=66 Chunk=1 Start=7928132713350 End=7928132757100 Duration=43750
Task=66 Chunk=2 Start=7928132757108 End=7928132786885 Duration=29777
Task=67 Chunk=0 Start=7928132243857 End=7928132259682 Duration=15825
Task=67 Chunk=1 Start=7928132757104 End=7928132794015 Duration=36911
Task=67 Chunk=2 Start=7928132794025 End=7928132823354 Duration=29329
Task=68 Chunk=0 Start=7928132283781 End=7928132299223 Duration=15442
Task=68 Chunk=1 Start=7928132794020 End=7928132829419 Duration=35399
Task=68 Chunk=2 Start=7928132829435 End=7928132858273 Duration=28838
Task=69 Chunk=0 Start=7928132318375 End=7928132334545 Duration=16170
Task=69 Chunk=1 Start=7928132829425 End=7928132869138 Duration=39713
Task=69 Chunk=2 Start=7928132869145 End=7928132898072 Duration=28927
Task=70 Chunk=0 Start=7928132356764 End=7928132372119 Duration=15355
Task=70 Chunk=1 Start=7928132869142 End=7928132904344 Duration=35202
Task=70 Chunk=2 Start=7928132904359 End=7928132933222 Duration=28863
Task=71 Chunk=0 Start=7928132397745 End=7928132413573 Duration=15828
Task=71 Chunk=1 Start=7928132904350 End=7928132942245 Duration=37895
Task=71 Chunk=2 Start=7928132942259 End=7928132971293 Duration=29034
Task=72 Chunk=0 Start=7928132444083 End=7928132459492 Duration=15409
Task=72 Chunk=1 Start=7928132942250 End=7928132977514 Duration=35264
Task=72 Chunk=2 Start=7928132977528 End=7928133006521 Duration=28993
Task=73 Chunk=0 Start=7928132479680 End=7928132495067 Duration=15387
Task=73 Chunk=1 Start=7928132977519 End=7928133012653 Duration=35134
Task=73 Chunk=2 Start=7928133012672 End=7928133042146 Duration=29474
Task=74 Chunk=0 Start=7928132517038 End=7928132532487 Duration=15449
Task=74 Chunk=1 Start=7928133012659 End=7928133048549 Duration=35890
Task=74 Chunk=2 Start=7928133048569 End=7928133077416 Duration=28847
Task=75 Chunk=0 Start=7928132551577 End=7928132567715 Duration=16138
Task=75 Chunk=1 Start=7928133048554 End=7928133083815 Duration=35261
Task=75 Chunk=2 Start=7928133083829 End=7928133113477 Duration=29648
Task=76 Chunk=0 Start=7928132596316 End=7928132611715 Duration=15399
Task=76 Chunk=1 Start=7928133083820 End=7928133118812 Duration=34992
Task=76 Chunk=2 Start=7928133118818 End=7928133148069 Duration=29251
Task=77 Chunk=0 Start=7928132632047 End=7928132647379 Duration=15332
Task=77 Chunk=1 Start=7928133118818 End=7928133163697 Duration=44879
Task=77 Chunk=2 Start=7928133163727 End=7928133194434 Duration=30707
Task=78 Chunk=0 Start=7928132668016 End=7928132683497 Duration=15481
Task=78 Chunk=1 Start=7928133163710 End=7928133199084 Duration=35374
Task=78 Chunk=2 Start=7928133199104 End=7928133227918 Duration=28814
Task=79 Chunk=0 Start=7928132703610 End=7928132719501 Duration=15891
Task=79 Chunk=1 Start=7928133199091 End=7928133234418 Duration=35327
Task=79 Chunk=2 Start=7928133234441 End=7928133264257 Duration=29816
Task=80 Chunk=0 Start=7928132742638 End=7928132758113 Duration=15475
Task=80 Chunk=1 Start=7928133234424 End=7928133269276 Duration=34852
Task=80 Chunk=2 Start=7928133269287 End=7928133298450 Duration=29163
Task=81 Chunk=0 Start=7928132786906 End=7928132802293 Duration=15387
Task=81 Chunk=1 Start=7928133269284 End=7928133304127 Duration=34843
Task=81 Chunk=2 Start=7928133304142 End=7928133333791 Duration=29649
Task=82 Chunk=0 Start=7928132823369 End=7928132838840 Duration=15471
Task=82 Chunk=1 Start=7928133304134 End=7928133338614 Duration=34480
Task=82 Chunk=2 Start=7928133338620 End=7928133368096 Duration=29476
Task=83 Chunk=0 Start=7928132858296 End=7928132874181 Duration=15885
Task=83 Chunk=1 Start=7928133338619 End=7928133379612 Duration=40993
Task=83 Chunk=2 Start=7928133379636 End=7928133409456 Duration=29820
Task=84 Chunk=0 Start=7928132898087 End=7928132913575 Duration=15488
Task=84 Chunk=1 Start=7928133379617 End=7928133422973 Duration=43356
Task=84 Chunk=2 Start=7928133422980 End=7928133452039 Duration=29059
Task=85 Chunk=0 Start=7928132933232 End=7928132949475 Duration=16243
Task=85 Chunk=1 Start=7928133422978 End=7928133458063 Duration=35085
Task=85 Chunk=2 Start=7928133458083 End=7928133487524 Duration=29441
Task=86 Chunk=0 Start=7928132971302 End=7928132986704 Duration=15402
Task=86 Chunk=1 Start=7928133458069 End=7928133492587 Duration=34518
Task=86 Chunk=2 Start=7928133492598 End=7928133521451 Duration=28853
Task=87 Chunk=0 Start=7928133006541 End=7928133022434 Duration=15893
Task=87 Chunk=1 Start=7928133492592 End=7928133527560 Duration=34968
Task=87 Chunk=2 Start=7928133527583 End=7928133557268 Duration=29685
Task=88 Chunk=0 Start=7928133042161 End=7928133057554 Duration=15393
Task=88 Chunk=1 Start=7928133527565 End=7928133562393 Duration=34828
Task=88 Chunk=2 Start=7928133562403 End=7928133591302 Duration=28899
Task=89 Chunk=0 Start=7928133077432 End=7928133093698 Duration=16266
Task=89 Chunk=1 Start=7928133562401 End=7928133597217 Duration=34816
Task=89 Chunk=2 Start=7928133597238 End=7928133626094 Duration=28856
Task=90 Chunk=0 Start=7928133113482 End=7928133128777 Duration=15295
Task=90 Chunk=1 Start=7928133597223 End=7928133639105 Duration=41882
Task=90 Chunk=2 Start=7928133639120 End=7928133668037 Duration=28917
Task=91 Chunk=0 Start=7928133148073 End=7928133163238 Duration=15165
Task=91 Chunk=1 Start=7928133639111 End=7928133673487 Duration=34376
Task=91 Chunk=2 Start=7928133673504 End=7928133702532 Duration=29028
Task=92 Chunk=0 Start=7928133194442 End=7928133209769 Duration=15327
Task=92 Chunk=1 Start=7928133673493 End=7928133711777 Duration=38284
Task=92 Chunk=2 Start=7928133711787 End=7928133740661 Duration=28874
Task=93 Chunk=0 Start=7928133227933 End=7928133243425 Duration=15492
Task=93 Chunk=1 Start=7928133711782 End=7928133746340 Duration=34558
Task=93 Chunk=2 Start=7928133746354 End=7928133775253 Duration=28899
Task=94 Chunk=0 Start=7928133264264 End=7928133279643 Duration=15379
Task=94 Chunk=1 Start=7928133746346 End=7928133788254 Duration=41908
Task=94 Chunk=2 Start=7928133788268 End=7928133817357 Duration=29089
Task=95 Chunk=0 Start=7928133298458 End=7928133313797 Duration=15339
Task=95 Chunk=1 Start=7928133788259 End=7928133822464 Duration=34205
Task=95 Chunk=2 Start=7928133822484 End=7928133851658 Duration=29174
Task=96 Chunk=0 Start=7928133333804 End=7928133349172 Duration=15368
Task=96 Chunk=1 Start=7928133822470 End=7928133856937 Duration=34467
Task=96 Chunk=2 Start=7928133856946 End=7928133886639 Duration=29693
Task=97 Chunk=0 Start=7928133368112 End=7928133383401 Duration=15289
Task=97 Chunk=1 Start=7928133856942 End=7928133891351 Duration=34409
Task=97 Chunk=2 Start=7928133891362 End=7928133920599 Duration=29237
Task=98 Chunk=0 Start=7928133409471 End=7928133424782 Duration=15311
Task=98 Chunk=1 Start=7928133891355 End=7928133925776 Duration=34421
Task=98 Chunk=2 Start=7928133925789 End=7928133955329 Duration=29540
Task=99 Chunk=0 Start=7928133452056 End=7928133467396 Duration=15340
Task=99 Chunk=1 Start=7928133925781 End=7928133960279 Duration=34498
Task=99 Chunk=2 Start=7928133960285 End=7928133989055 Duration=28770
### Python End ###

--------------------------------
[2025-06-29 14:29:22.211] [info] Available Vulkan Layers:
[2025-06-29 14:29:22.211] [warning] Validation layer requested but not available, continuing without it...
[2025-06-29 14:29:22.214] [info] Using integrated GPU: Adreno (TM) 740
[2025-06-29 14:29:22.215] [info] VulkanDispatcher instance created.
[2025-06-29 14:29:22.312] [info] Total memory used: 40550404 bytes (38.67188 MB)
[2025-06-29 14:29:22.325] [info] Total memory used: 40550404 bytes (38.67188 MB)
[2025-06-29 14:29:22.348] [info] Total memory used: 40550404 bytes (38.67188 MB)
[2025-06-29 14:29:22.360] [info] Total memory used: 40550404 bytes (38.67188 MB)
[2025-06-29 14:29:22.369] [info] Total memory used: 40550404 bytes (38.67188 MB)
[2025-06-29 14:29:22.409] [info] Total memory used: 40550404 bytes (38.67188 MB)
[2025-06-29 14:29:22.418] [info] Total memory used: 40550404 bytes (38.67188 MB)
[2025-06-29 14:29:22.427] [info] Total memory used: 40550404 bytes (38.67188 MB)
[2025-06-29 14:29:22.437] [info] Total memory used: 40550404 bytes (38.67188 MB)
[2025-06-29 14:29:22.446] [info] Total memory used: 40550404 bytes (38.67188 MB)
[2025-06-29 14:29:22.486] [info] Total memory used: 40550404 bytes (38.67188 MB)
[2025-06-29 14:29:22.496] [info] Total memory used: 40550404 bytes (38.67188 MB)
[2025-06-29 14:29:22.505] [info] Total memory used: 40550404 bytes (38.67188 MB)
[2025-06-29 14:29:22.515] [info] Total memory used: 40550404 bytes (38.67188 MB)
[2025-06-29 14:29:22.524] [info] Total memory used: 40550404 bytes (38.67188 MB)
[2025-06-29 14:29:22.533] [info] Total memory used: 40550404 bytes (38.67188 MB)
### Python Begin ###
Schedule_UID=SCH-B2G2M3-G073-a5e8
Frequency=19200000 Hz
Task=0 Chunk=0 Start=7928141233846 End=7928141441090 Duration=207244
Task=0 Chunk=1 Start=7928141441106 End=7928141645751 Duration=204645
Task=0 Chunk=2 Start=7928141645767 End=7928141692444 Duration=46677
Task=1 Chunk=0 Start=7928141441095 End=7928141468453 Duration=27358
Task=1 Chunk=1 Start=7928141645759 End=7928141683059 Duration=37300
Task=1 Chunk=2 Start=7928141692448 End=7928141735063 Duration=42615
Task=2 Chunk=0 Start=7928141468454 End=7928141494488 Duration=26034
Task=2 Chunk=1 Start=7928141683076 End=7928141721525 Duration=38449
Task=2 Chunk=2 Start=7928141735064 End=7928141776913 Duration=41849
Task=3 Chunk=0 Start=7928141494489 End=7928141520511 Duration=26022
Task=3 Chunk=1 Start=7928141721531 End=7928141758447 Duration=36916
Task=3 Chunk=2 Start=7928141776917 End=7928141817698 Duration=40781
Task=4 Chunk=0 Start=7928141520511 End=7928141547211 Duration=26700
Task=4 Chunk=1 Start=7928141758452 End=7928141797389 Duration=38937
Task=4 Chunk=2 Start=7928141817699 End=7928141859307 Duration=41608
Task=5 Chunk=0 Start=7928141547212 End=7928141573107 Duration=25895
Task=5 Chunk=1 Start=7928141797393 End=7928141834074 Duration=36681
Task=5 Chunk=2 Start=7928141859308 End=7928141900641 Duration=41333
Task=6 Chunk=0 Start=7928141573108 End=7928141599083 Duration=25975
Task=6 Chunk=1 Start=7928141834078 End=7928141870069 Duration=35991
Task=6 Chunk=2 Start=7928141900642 End=7928141942246 Duration=41604
Task=7 Chunk=0 Start=7928141599083 End=7928141625627 Duration=26544
Task=7 Chunk=1 Start=7928141870074 End=7928141909333 Duration=39259
Task=7 Chunk=2 Start=7928141942247 End=7928141982843 Duration=40596
Task=8 Chunk=0 Start=7928141625628 End=7928141652308 Duration=26680
Task=8 Chunk=1 Start=7928141909337 End=7928141945293 Duration=35956
Task=8 Chunk=2 Start=7928141982844 End=7928142024464 Duration=41620
Task=9 Chunk=0 Start=7928141652309 End=7928141679321 Duration=27012
Task=9 Chunk=1 Start=7928141945297 End=7928141981039 Duration=35742
Task=9 Chunk=2 Start=7928142024465 End=7928142064997 Duration=40532
Task=10 Chunk=0 Start=7928141679321 End=7928141706799 Duration=27478
Task=10 Chunk=1 Start=7928141981044 End=7928142017077 Duration=36033
Task=10 Chunk=2 Start=7928142064998 End=7928142106211 Duration=41213
Task=11 Chunk=0 Start=7928141706799 End=7928141733744 Duration=26945
Task=11 Chunk=1 Start=7928142017084 End=7928142053009 Duration=35925
Task=11 Chunk=2 Start=7928142106217 End=7928142146713 Duration=40496
Task=12 Chunk=0 Start=7928141733745 End=7928141761105 Duration=27360
Task=12 Chunk=1 Start=7928142053014 End=7928142088832 Duration=35818
Task=12 Chunk=2 Start=7928142146714 End=7928142188935 Duration=42221
Task=13 Chunk=0 Start=7928141761106 End=7928141788717 Duration=27611
Task=13 Chunk=1 Start=7928142088839 End=7928142123980 Duration=35141
Task=13 Chunk=2 Start=7928142188935 End=7928142229333 Duration=40398
Task=14 Chunk=0 Start=7928141788718 End=7928141815609 Duration=26891
Task=14 Chunk=1 Start=7928142123986 End=7928142160969 Duration=36983
Task=14 Chunk=2 Start=7928142229336 End=7928142270505 Duration=41169
Task=15 Chunk=0 Start=7928141815610 End=7928141842905 Duration=27295
Task=15 Chunk=1 Start=7928142160973 End=7928142195718 Duration=34745
Task=15 Chunk=2 Start=7928142270506 End=7928142312032 Duration=41526
Task=16 Chunk=0 Start=7928141842906 End=7928141870661 Duration=27755
Task=16 Chunk=1 Start=7928142195723 End=7928142237510 Duration=41787
Task=16 Chunk=2 Start=7928142312034 End=7928142352113 Duration=40079
Task=17 Chunk=0 Start=7928141870662 End=7928141897477 Duration=26815
Task=17 Chunk=1 Start=7928142237521 End=7928142274581 Duration=37060
Task=17 Chunk=2 Start=7928142352113 End=7928142392772 Duration=40659
Task=18 Chunk=0 Start=7928141897478 End=7928141925182 Duration=27704
Task=18 Chunk=1 Start=7928142274599 End=7928142314882 Duration=40283
Task=18 Chunk=2 Start=7928142392773 End=7928142432892 Duration=40119
Task=19 Chunk=0 Start=7928141925183 End=7928141952205 Duration=27022
Task=19 Chunk=1 Start=7928142314891 End=7928142350999 Duration=36108
Task=19 Chunk=2 Start=7928142432893 End=7928142474199 Duration=41306
Task=20 Chunk=0 Start=7928141952205 End=7928141979305 Duration=27100
Task=20 Chunk=1 Start=7928142351013 End=7928142393867 Duration=42854
Task=20 Chunk=2 Start=7928142474200 End=7928142515078 Duration=40878
Task=21 Chunk=0 Start=7928141979306 End=7928142006801 Duration=27495
Task=21 Chunk=1 Start=7928142393883 End=7928142436587 Duration=42704
Task=21 Chunk=2 Start=7928142515079 End=7928142556274 Duration=41195
Task=22 Chunk=0 Start=7928142006802 End=7928142033783 Duration=26981
Task=22 Chunk=1 Start=7928142436593 End=7928142475739 Duration=39146
Task=22 Chunk=2 Start=7928142556275 End=7928142596304 Duration=40029
Task=23 Chunk=0 Start=7928142033784 End=7928142060479 Duration=26695
Task=23 Chunk=1 Start=7928142475747 End=7928142512465 Duration=36718
Task=23 Chunk=2 Start=7928142596304 End=7928142637692 Duration=41388
Task=24 Chunk=0 Start=7928142065026 End=7928142093038 Duration=28012
Task=24 Chunk=1 Start=7928142512474 End=7928142550243 Duration=37769
Task=24 Chunk=2 Start=7928142637695 End=7928142677819 Duration=40124
Task=25 Chunk=0 Start=7928142106225 End=7928142133882 Duration=27657
Task=25 Chunk=1 Start=7928142550248 End=7928142586741 Duration=36493
Task=25 Chunk=2 Start=7928142677820 End=7928142718515 Duration=40695
Task=26 Chunk=0 Start=7928142146727 End=7928142175036 Duration=28309
Task=26 Chunk=1 Start=7928142586750 End=7928142625275 Duration=38525
Task=26 Chunk=2 Start=7928142718517 End=7928142758605 Duration=40088
Task=27 Chunk=0 Start=7928142188955 End=7928142216051 Duration=27096
Task=27 Chunk=1 Start=7928142625292 End=7928142673257 Duration=47965
Task=27 Chunk=2 Start=7928142758605 End=7928142799917 Duration=41312
Task=28 Chunk=0 Start=7928142229355 End=7928142257315 Duration=27960
Task=28 Chunk=1 Start=7928142673265 End=7928142709337 Duration=36072
Task=28 Chunk=2 Start=7928142799918 End=7928142840025 Duration=40107
Task=29 Chunk=0 Start=7928142270518 End=7928142297488 Duration=26970
Task=29 Chunk=1 Start=7928142709345 End=7928142750012 Duration=40667
Task=29 Chunk=2 Start=7928142840026 End=7928142881112 Duration=41086
Task=30 Chunk=0 Start=7928142312043 End=7928142338796 Duration=26753
Task=30 Chunk=1 Start=7928142750020 End=7928142786674 Duration=36654
Task=30 Chunk=2 Start=7928142881113 End=7928142921016 Duration=39903
Task=31 Chunk=0 Start=7928142352135 End=7928142379180 Duration=27045
Task=31 Chunk=1 Start=7928142786686 End=7928142828271 Duration=41585
Task=31 Chunk=2 Start=7928142921017 End=7928142962203 Duration=41186
Task=32 Chunk=0 Start=7928142392793 End=7928142419721 Duration=26928
Task=32 Chunk=1 Start=7928142828275 End=7928142864614 Duration=36339
Task=32 Chunk=2 Start=7928142962203 End=7928143003229 Duration=41026
Task=33 Chunk=0 Start=7928142432904 End=7928142459877 Duration=26973
Task=33 Chunk=1 Start=7928142864625 End=7928142900707 Duration=36082
Task=33 Chunk=2 Start=7928143003230 End=7928143043272 Duration=40042
Task=34 Chunk=0 Start=7928142474216 End=7928142501070 Duration=26854
Task=34 Chunk=1 Start=7928142900713 End=7928142936431 Duration=35718
Task=34 Chunk=2 Start=7928143043273 End=7928143084517 Duration=41244
Task=35 Chunk=0 Start=7928142515104 End=7928142542505 Duration=27401
Task=35 Chunk=1 Start=7928142936437 End=7928142972652 Duration=36215
Task=35 Chunk=2 Start=7928143084518 End=7928143125323 Duration=40805
Task=36 Chunk=0 Start=7928142556292 End=7928142583687 Duration=27395
Task=36 Chunk=1 Start=7928142972656 End=7928143011026 Duration=38370
Task=36 Chunk=2 Start=7928143125324 End=7928143166130 Duration=40806
Task=37 Chunk=0 Start=7928142596326 End=7928142624528 Duration=28202
Task=37 Chunk=1 Start=7928143011033 End=7928143047155 Duration=36122
Task=37 Chunk=2 Start=7928143166131 End=7928143206156 Duration=40025
Task=38 Chunk=0 Start=7928142637700 End=7928142664605 Duration=26905
Task=38 Chunk=1 Start=7928143047165 End=7928143084209 Duration=37044
Task=38 Chunk=2 Start=7928143206156 End=7928143247776 Duration=41620
Task=39 Chunk=0 Start=7928142677825 End=7928142705368 Duration=27543
Task=39 Chunk=1 Start=7928143084216 End=7928143119625 Duration=35409
Task=39 Chunk=2 Start=7928143247777 End=7928143287904 Duration=40127
Task=40 Chunk=0 Start=7928142718540 End=7928142745537 Duration=26997
Task=40 Chunk=1 Start=7928143119634 End=7928143159268 Duration=39634
Task=40 Chunk=2 Start=7928143287905 End=7928143328632 Duration=40727
Task=41 Chunk=0 Start=7928142758608 End=7928142786421 Duration=27813
Task=41 Chunk=1 Start=7928143159275 End=7928143194732 Duration=35457
Task=41 Chunk=2 Start=7928143328634 End=7928143368678 Duration=40044
Task=42 Chunk=0 Start=7928142799953 End=7928142827022 Duration=27069
Task=42 Chunk=1 Start=7928143194739 End=7928143237011 Duration=42272
Task=42 Chunk=2 Start=7928143368679 End=7928143409758 Duration=41079
Task=43 Chunk=0 Start=7928142840045 End=7928142868097 Duration=28052
Task=43 Chunk=1 Start=7928143237020 End=7928143272923 Duration=35903
Task=43 Chunk=2 Start=7928143409760 End=7928143449817 Duration=40057
Task=44 Chunk=0 Start=7928142881135 End=7928142908412 Duration=27277
Task=44 Chunk=1 Start=7928143272936 End=7928143314584 Duration=41648
Task=44 Chunk=2 Start=7928143449818 End=7928143490646 Duration=40828
Task=45 Chunk=0 Start=7928142921022 End=7928142948819 Duration=27797
Task=45 Chunk=1 Start=7928143314596 End=7928143352951 Duration=38355
Task=45 Chunk=2 Start=7928143490647 End=7928143530425 Duration=39778
Task=46 Chunk=0 Start=7928142962219 End=7928142989369 Duration=27150
Task=46 Chunk=1 Start=7928143352962 End=7928143392191 Duration=39229
Task=46 Chunk=2 Start=7928143530426 End=7928143571357 Duration=40931
Task=47 Chunk=0 Start=7928143003256 End=7928143030154 Duration=26898
Task=47 Chunk=1 Start=7928143392201 End=7928143433676 Duration=41475
Task=47 Chunk=2 Start=7928143571358 End=7928143611543 Duration=40185
Task=48 Chunk=0 Start=7928143043280 End=7928143070114 Duration=26834
Task=48 Chunk=1 Start=7928143433683 End=7928143471221 Duration=37538
Task=48 Chunk=2 Start=7928143611544 End=7928143652669 Duration=41125
Task=49 Chunk=0 Start=7928143084531 End=7928143111779 Duration=27248
Task=49 Chunk=1 Start=7928143471229 End=7928143507243 Duration=36014
Task=49 Chunk=2 Start=7928143652670 End=7928143693904 Duration=41234
Task=50 Chunk=0 Start=7928143125346 End=7928143152283 Duration=26937
Task=50 Chunk=1 Start=7928143507250 End=7928143553297 Duration=46047
Task=50 Chunk=2 Start=7928143693905 End=7928143734512 Duration=40607
Task=51 Chunk=0 Start=7928143166153 End=7928143193736 Duration=27583
Task=51 Chunk=1 Start=7928143553308 End=7928143590331 Duration=37023
Task=51 Chunk=2 Start=7928143734513 End=7928143775240 Duration=40727
Task=52 Chunk=0 Start=7928143206170 End=7928143234200 Duration=28030
Task=52 Chunk=1 Start=7928143590339 End=7928143640233 Duration=49894
Task=52 Chunk=2 Start=7928143775241 End=7928143815233 Duration=39992
Task=53 Chunk=0 Start=7928143247780 End=7928143274903 Duration=27123
Task=53 Chunk=1 Start=7928143640239 End=7928143678934 Duration=38695
Task=53 Chunk=2 Start=7928143815233 End=7928143856371 Duration=41138
Task=54 Chunk=0 Start=7928143287915 End=7928143315463 Duration=27548
Task=54 Chunk=1 Start=7928143678947 End=7928143715179 Duration=36232
Task=54 Chunk=2 Start=7928143856374 End=7928143896296 Duration=39922
Task=55 Chunk=0 Start=7928143328648 End=7928143355885 Duration=27237
Task=55 Chunk=1 Start=7928143715185 End=7928143751257 Duration=36072
Task=55 Chunk=2 Start=7928143896297 End=7928143937005 Duration=40708
Task=56 Chunk=0 Start=7928143368704 End=7928143396655 Duration=27951
Task=56 Chunk=1 Start=7928143751262 End=7928143786665 Duration=35403
Task=56 Chunk=2 Start=7928143937006 End=7928143976911 Duration=39905
Task=57 Chunk=0 Start=7928143409775 End=7928143437087 Duration=27312
Task=57 Chunk=1 Start=7928143786673 End=7928143822593 Duration=35920
Task=57 Chunk=2 Start=7928143976912 End=7928144017964 Duration=41052
Task=58 Chunk=0 Start=7928143449828 End=7928143477606 Duration=27778
Task=58 Chunk=1 Start=7928143822599 End=7928143857459 Duration=34860
Task=58 Chunk=2 Start=7928144017965 End=7928144058066 Duration=40101
Task=59 Chunk=0 Start=7928143490670 End=7928143518082 Duration=27412
Task=59 Chunk=1 Start=7928143857466 End=7928143892893 Duration=35427
Task=59 Chunk=2 Start=7928144058066 End=7928144099005 Duration=40939
Task=60 Chunk=0 Start=7928143530448 End=7928143557769 Duration=27321
Task=60 Chunk=1 Start=7928143892899 End=7928143930964 Duration=38065
Task=60 Chunk=2 Start=7928144099006 End=7928144138892 Duration=39886
Task=61 Chunk=0 Start=7928143571365 End=7928143598506 Duration=27141
Task=61 Chunk=1 Start=7928143930973 End=7928143966919 Duration=35946
Task=61 Chunk=2 Start=7928144138892 End=7928144179906 Duration=41014
Task=62 Chunk=0 Start=7928143611570 End=7928143639582 Duration=28012
Task=62 Chunk=1 Start=7928143966929 End=7928144005755 Duration=38826
Task=62 Chunk=2 Start=7928144179908 End=7928144219979 Duration=40071
Task=63 Chunk=0 Start=7928143652685 End=7928143680003 Duration=27318
Task=63 Chunk=1 Start=7928144005761 End=7928144046064 Duration=40303
Task=63 Chunk=2 Start=7928144219980 End=7928144261084 Duration=41104
Task=64 Chunk=0 Start=7928143693916 End=7928143721017 Duration=27101
Task=64 Chunk=1 Start=7928144046071 End=7928144088692 Duration=42621
Task=64 Chunk=2 Start=7928144261085 End=7928144301654 Duration=40569
Task=65 Chunk=0 Start=7928143734517 End=7928143761772 Duration=27255
Task=65 Chunk=1 Start=7928144088704 End=7928144124825 Duration=36121
Task=65 Chunk=2 Start=7928144301655 End=7928144343940 Duration=42285
Task=66 Chunk=0 Start=7928143775247 End=7928143803312 Duration=28065
Task=66 Chunk=1 Start=7928144124833 End=7928144160697 Duration=35864
Task=66 Chunk=2 Start=7928144343941 End=7928144384971 Duration=41030
Task=67 Chunk=0 Start=7928143815248 End=7928143842231 Duration=26983
Task=67 Chunk=1 Start=7928144160706 End=7928144196838 Duration=36132
Task=67 Chunk=2 Start=7928144384972 End=7928144425158 Duration=40186
Task=68 Chunk=0 Start=7928143856388 End=7928143883148 Duration=26760
Task=68 Chunk=1 Start=7928144196845 End=7928144242066 Duration=45221
Task=68 Chunk=2 Start=7928144425159 End=7928144466529 Duration=41370
Task=69 Chunk=0 Start=7928143896320 End=7928143924038 Duration=27718
Task=69 Chunk=1 Start=7928144242075 End=7928144278257 Duration=36182
Task=69 Chunk=2 Start=7928144466530 End=7928144506641 Duration=40111
Task=70 Chunk=0 Start=7928143937024 End=7928143964093 Duration=27069
Task=70 Chunk=1 Start=7928144278261 End=7928144315581 Duration=37320
Task=70 Chunk=2 Start=7928144506643 End=7928144547491 Duration=40848
Task=71 Chunk=0 Start=7928143976917 End=7928144004928 Duration=28011
Task=71 Chunk=1 Start=7928144315589 End=7928144350850 Duration=35261
Task=71 Chunk=2 Start=7928144547492 End=7928144587589 Duration=40097
Task=72 Chunk=0 Start=7928144017984 End=7928144045283 Duration=27299
Task=72 Chunk=1 Start=7928144350857 End=7928144390719 Duration=39862
Task=72 Chunk=2 Start=7928144587590 End=7928144628940 Duration=41350
Task=73 Chunk=0 Start=7928144058085 End=7928144086133 Duration=28048
Task=73 Chunk=1 Start=7928144390726 End=7928144431197 Duration=40471
Task=73 Chunk=2 Start=7928144628941 End=7928144669193 Duration=40252
Task=74 Chunk=0 Start=7928144099024 End=7928144126653 Duration=27629
Task=74 Chunk=1 Start=7928144431204 End=7928144467700 Duration=36496
Task=74 Chunk=2 Start=7928144669194 End=7928144710535 Duration=41341
Task=75 Chunk=0 Start=7928144138902 End=7928144166558 Duration=27656
Task=75 Chunk=1 Start=7928144467717 End=7928144503150 Duration=35433
Task=75 Chunk=2 Start=7928144710538 End=7928144750411 Duration=39873
Task=76 Chunk=0 Start=7928144179917 End=7928144206972 Duration=27055
Task=76 Chunk=1 Start=7928144503155 End=7928144543080 Duration=39925
Task=76 Chunk=2 Start=7928144750412 End=7928144791468 Duration=41056
Task=77 Chunk=0 Start=7928144219991 End=7928144247598 Duration=27607
Task=77 Chunk=1 Start=7928144543092 End=7928144578818 Duration=35726
Task=77 Chunk=2 Start=7928144791469 End=7928144831465 Duration=39996
Task=78 Chunk=0 Start=7928144261101 End=7928144288367 Duration=27266
Task=78 Chunk=1 Start=7928144578827 End=7928144617834 Duration=39007
Task=78 Chunk=2 Start=7928144831466 End=7928144872511 Duration=41045
Task=79 Chunk=0 Start=7928144301666 End=7928144329145 Duration=27479
Task=79 Chunk=1 Start=7928144617843 End=7928144653292 Duration=35449
Task=79 Chunk=2 Start=7928144872512 End=7928144912392 Duration=39880
Task=80 Chunk=0 Start=7928144343970 End=7928144371081 Duration=27111
Task=80 Chunk=1 Start=7928144653299 End=7928144695665 Duration=42366
Task=80 Chunk=2 Start=7928144912393 End=7928144954524 Duration=42131
Task=81 Chunk=0 Start=7928144384985 End=7928144411914 Duration=26929
Task=81 Chunk=1 Start=7928144695672 End=7928144731786 Duration=36114
Task=81 Chunk=2 Start=7928144954525 End=7928144994518 Duration=39993
Task=82 Chunk=0 Start=7928144425167 End=7928144452224 Duration=27057
Task=82 Chunk=1 Start=7928144731795 End=7928144773603 Duration=41808
Task=82 Chunk=2 Start=7928144994519 End=7928145035418 Duration=40899
Task=83 Chunk=0 Start=7928144466546 End=7928144493395 Duration=26849
Task=83 Chunk=1 Start=7928144773611 End=7928144809831 Duration=36220
Task=83 Chunk=2 Start=7928145035419 End=7928145076543 Duration=41124
Task=84 Chunk=0 Start=7928144506660 End=7928144534216 Duration=27556
Task=84 Chunk=1 Start=7928144809839 End=7928144851181 Duration=41342
Task=84 Chunk=2 Start=7928145076543 End=7928145116434 Duration=39891
Task=85 Chunk=0 Start=7928144547513 End=7928144574528 Duration=27015
Task=85 Chunk=1 Start=7928144851190 End=7928144887158 Duration=35968
Task=85 Chunk=2 Start=7928145116435 End=7928145157519 Duration=41084
Task=86 Chunk=0 Start=7928144587602 End=7928144615559 Duration=27957
Task=86 Chunk=1 Start=7928144887167 End=7928144926381 Duration=39214
Task=86 Chunk=2 Start=7928145157520 End=7928145197269 Duration=39749
Task=87 Chunk=0 Start=7928144628957 End=7928144656377 Duration=27420
Task=87 Chunk=1 Start=7928144926390 End=7928144962205 Duration=35815
Task=87 Chunk=2 Start=7928145197270 End=7928145238452 Duration=41182
Task=88 Chunk=0 Start=7928144669207 End=7928144697356 Duration=28149
Task=88 Chunk=1 Start=7928144962212 End=7928145002165 Duration=39953
Task=88 Chunk=2 Start=7928145238453 End=7928145278272 Duration=39819
Task=89 Chunk=0 Start=7928144710556 End=7928144737895 Duration=27339
Task=89 Chunk=1 Start=7928145002174 End=7928145037607 Duration=35433
Task=89 Chunk=2 Start=7928145278273 End=7928145318844 Duration=40571
Task=90 Chunk=0 Start=7928144750433 End=7928144778410 Duration=27977
Task=90 Chunk=1 Start=7928145037612 End=7928145080709 Duration=43097
Task=90 Chunk=2 Start=7928145318846 End=7928145359040 Duration=40194
Task=91 Chunk=0 Start=7928144791488 End=7928144818902 Duration=27414
Task=91 Chunk=1 Start=7928145080716 End=7928145117588 Duration=36872
Task=91 Chunk=2 Start=7928145359041 End=7928145399951 Duration=40910
Task=92 Chunk=0 Start=7928144831479 End=7928144858966 Duration=27487
Task=92 Chunk=1 Start=7928145117593 End=7928145158890 Duration=41297
Task=92 Chunk=2 Start=7928145399952 End=7928145439985 Duration=40033
Task=93 Chunk=0 Start=7928144872519 End=7928144899998 Duration=27479
Task=93 Chunk=1 Start=7928145158898 End=7928145194854 Duration=35956
Task=93 Chunk=2 Start=7928145439986 End=7928145480757 Duration=40771
Task=94 Chunk=0 Start=7928144912412 End=7928144940240 Duration=27828
Task=94 Chunk=1 Start=7928145194859 End=7928145234690 Duration=39831
Task=94 Chunk=2 Start=7928145480758 End=7928145520643 Duration=39885
Task=95 Chunk=0 Start=7928144954532 End=7928144981608 Duration=27076
Task=95 Chunk=1 Start=7928145234698 End=7928145270722 Duration=36024
Task=95 Chunk=2 Start=7928145520644 End=7928145562152 Duration=41508
Task=96 Chunk=0 Start=7928144994526 End=7928145022109 Duration=27583
Task=96 Chunk=1 Start=7928145270730 End=7928145313021 Duration=42291
Task=96 Chunk=2 Start=7928145562153 End=7928145602048 Duration=39895
Task=97 Chunk=0 Start=7928145035429 End=7928145062580 Duration=27151
Task=97 Chunk=1 Start=7928145313028 End=7928145348499 Duration=35471
Task=97 Chunk=2 Start=7928145602049 End=7928145642580 Duration=40531
Task=98 Chunk=0 Start=7928145076567 End=7928145103371 Duration=26804
Task=98 Chunk=1 Start=7928145348506 End=7928145388745 Duration=40239
Task=98 Chunk=2 Start=7928145642581 End=7928145682371 Duration=39790
Task=99 Chunk=0 Start=7928145116444 End=7928145143205 Duration=26761
Task=99 Chunk=1 Start=7928145388755 End=7928145424079 Duration=35324
Task=99 Chunk=2 Start=7928145682372 End=7928145723195 Duration=40823
### Python End ###

--------------------------------
[2025-06-29 14:29:22.827] [info] Available Vulkan Layers:
[2025-06-29 14:29:22.827] [warning] Validation layer requested but not available, continuing without it...
[2025-06-29 14:29:22.831] [info] Using integrated GPU: Adreno (TM) 740
[2025-06-29 14:29:22.832] [info] VulkanDispatcher instance created.
[2025-06-29 14:29:22.926] [info] Total memory used: 40550404 bytes (38.67188 MB)
[2025-06-29 14:29:22.939] [info] Total memory used: 40550404 bytes (38.67188 MB)
[2025-06-29 14:29:22.960] [info] Total memory used: 40550404 bytes (38.67188 MB)
[2025-06-29 14:29:22.969] [info] Total memory used: 40550404 bytes (38.67188 MB)
[2025-06-29 14:29:22.978] [info] Total memory used: 40550404 bytes (38.67188 MB)
[2025-06-29 14:29:23.016] [info] Total memory used: 40550404 bytes (38.67188 MB)
[2025-06-29 14:29:23.026] [info] Total memory used: 40550404 bytes (38.67188 MB)
[2025-06-29 14:29:23.035] [info] Total memory used: 40550404 bytes (38.67188 MB)
[2025-06-29 14:29:23.045] [info] Total memory used: 40550404 bytes (38.67188 MB)
[2025-06-29 14:29:23.054] [info] Total memory used: 40550404 bytes (38.67188 MB)
[2025-06-29 14:29:23.094] [info] Total memory used: 40550404 bytes (38.67188 MB)
[2025-06-29 14:29:23.103] [info] Total memory used: 40550404 bytes (38.67188 MB)
[2025-06-29 14:29:23.113] [info] Total memory used: 40550404 bytes (38.67188 MB)
[2025-06-29 14:29:23.122] [info] Total memory used: 40550404 bytes (38.67188 MB)
[2025-06-29 14:29:23.132] [info] Total memory used: 40550404 bytes (38.67188 MB)
[2025-06-29 14:29:23.141] [info] Total memory used: 40550404 bytes (38.67188 MB)
### Python Begin ###
Schedule_UID=SCH-B2G4M1-G082-48ab
Frequency=19200000 Hz
Task=0 Chunk=0 Start=7928152899047 End=7928152932552 Duration=33505
Task=0 Chunk=1 Start=7928152932563 End=7928153149137 Duration=216574
Task=0 Chunk=2 Start=7928153149150 End=7928153151223 Duration=2073
Task=1 Chunk=0 Start=7928152932556 End=7928152962168 Duration=29612
Task=1 Chunk=1 Start=7928153149138 End=7928153214422 Duration=65284
Task=1 Chunk=2 Start=7928153214443 End=7928153214531 Duration=88
Task=2 Chunk=0 Start=7928152962170 End=7928152993397 Duration=31227
Task=2 Chunk=1 Start=7928153214438 End=7928153280229 Duration=65791
Task=2 Chunk=2 Start=7928153280262 End=7928153280305 Duration=43
Task=3 Chunk=0 Start=7928152993399 End=7928153036904 Duration=43505
Task=3 Chunk=1 Start=7928153280246 End=7928153347962 Duration=67716
Task=3 Chunk=2 Start=7928153347974 End=7928153348041 Duration=67
Task=4 Chunk=0 Start=7928153036904 End=7928153089759 Duration=52855
Task=4 Chunk=1 Start=7928153347972 End=7928153415283 Duration=67311
Task=4 Chunk=2 Start=7928153415296 End=7928153415339 Duration=43
Task=5 Chunk=0 Start=7928153089760 End=7928153120287 Duration=30527
Task=5 Chunk=1 Start=7928153415292 End=7928153483138 Duration=67846
Task=5 Chunk=2 Start=7928153483162 End=7928153483222 Duration=60
Task=6 Chunk=0 Start=7928153120288 End=7928153147516 Duration=27228
Task=6 Chunk=1 Start=7928153483147 End=7928153550997 Duration=67850
Task=6 Chunk=2 Start=7928153551020 End=7928153551078 Duration=58
Task=7 Chunk=0 Start=7928153147517 End=7928153173747 Duration=26230
Task=7 Chunk=1 Start=7928153551006 End=7928153620408 Duration=69402
Task=7 Chunk=2 Start=7928153620435 End=7928153620491 Duration=56
Task=8 Chunk=0 Start=7928153173749 End=7928153199869 Duration=26120
Task=8 Chunk=1 Start=7928153620421 End=7928153688737 Duration=68316
Task=8 Chunk=2 Start=7928153688749 End=7928153688807 Duration=58
Task=9 Chunk=0 Start=7928153199870 End=7928153227065 Duration=27195
Task=9 Chunk=1 Start=7928153688746 End=7928153764486 Duration=75740
Task=9 Chunk=2 Start=7928153764508 End=7928153764564 Duration=56
Task=10 Chunk=0 Start=7928153227066 End=7928153253127 Duration=26061
Task=10 Chunk=1 Start=7928153764500 End=7928153833831 Duration=69331
Task=10 Chunk=2 Start=7928153833854 End=7928153833912 Duration=58
Task=11 Chunk=0 Start=7928153253128 End=7928153279677 Duration=26549
Task=11 Chunk=1 Start=7928153833841 End=7928153900545 Duration=66704
Task=11 Chunk=2 Start=7928153900557 End=7928153900614 Duration=57
Task=12 Chunk=0 Start=7928153279677 End=7928153306287 Duration=26610
Task=12 Chunk=1 Start=7928153900553 End=7928153969683 Duration=69130
Task=12 Chunk=2 Start=7928153969699 End=7928153969760 Duration=61
Task=13 Chunk=0 Start=7928153306288 End=7928153332414 Duration=26126
Task=13 Chunk=1 Start=7928153969691 End=7928154041053 Duration=71362
Task=13 Chunk=2 Start=7928154041066 End=7928154041123 Duration=57
Task=14 Chunk=0 Start=7928153332415 End=7928153358765 Duration=26350
Task=14 Chunk=1 Start=7928154041061 End=7928154115039 Duration=73978
Task=14 Chunk=2 Start=7928154115058 End=7928154115115 Duration=57
Task=15 Chunk=0 Start=7928153358765 End=7928153385578 Duration=26813
Task=15 Chunk=1 Start=7928154115058 End=7928154189580 Duration=74522
Task=15 Chunk=2 Start=7928154189593 End=7928154189653 Duration=60
Task=16 Chunk=0 Start=7928153385579 End=7928153411940 Duration=26361
Task=16 Chunk=1 Start=7928154189602 End=7928154259738 Duration=70136
Task=16 Chunk=2 Start=7928154259755 End=7928154259815 Duration=60
Task=17 Chunk=0 Start=7928153411941 End=7928153438017 Duration=26076
Task=17 Chunk=1 Start=7928154259748 End=7928154329626 Duration=69878
Task=17 Chunk=2 Start=7928154329640 End=7928154329718 Duration=78
Task=18 Chunk=0 Start=7928153438018 End=7928153464362 Duration=26344
Task=18 Chunk=1 Start=7928154329636 End=7928154400550 Duration=70914
Task=18 Chunk=2 Start=7928154400587 End=7928154400644 Duration=57
Task=19 Chunk=0 Start=7928153464363 End=7928153490530 Duration=26167
Task=19 Chunk=1 Start=7928154400569 End=7928154471532 Duration=70963
Task=19 Chunk=2 Start=7928154471549 End=7928154471612 Duration=63
Task=20 Chunk=0 Start=7928153490531 End=7928153516666 Duration=26135
Task=20 Chunk=1 Start=7928154471543 End=7928154542855 Duration=71312
Task=20 Chunk=2 Start=7928154542887 End=7928154542946 Duration=59
Task=21 Chunk=0 Start=7928153551084 End=7928153577480 Duration=26396
Task=21 Chunk=1 Start=7928154542870 End=7928154613899 Duration=71029
Task=21 Chunk=2 Start=7928154613911 End=7928154613972 Duration=61
Task=22 Chunk=0 Start=7928153620505 End=7928153646821 Duration=26316
Task=22 Chunk=1 Start=7928154613910 End=7928154684915 Duration=71005
Task=22 Chunk=2 Start=7928154684939 End=7928154684999 Duration=60
Task=23 Chunk=0 Start=7928153688816 End=7928153715102 Duration=26286
Task=23 Chunk=1 Start=7928154684926 End=7928154756120 Duration=71194
Task=23 Chunk=2 Start=7928154756135 End=7928154756191 Duration=56
Task=24 Chunk=0 Start=7928153764581 End=7928153790823 Duration=26242
Task=24 Chunk=1 Start=7928154756137 End=7928154827734 Duration=71597
Task=24 Chunk=2 Start=7928154827759 End=7928154827816 Duration=57
Task=25 Chunk=0 Start=7928153833924 End=7928153860309 Duration=26385
Task=25 Chunk=1 Start=7928154827744 End=7928154897801 Duration=70057
Task=25 Chunk=2 Start=7928154897822 End=7928154897876 Duration=54
Task=26 Chunk=0 Start=7928153900633 End=7928153927159 Duration=26526
Task=26 Chunk=1 Start=7928154897811 End=7928154970038 Duration=72227
Task=26 Chunk=2 Start=7928154970065 End=7928154970127 Duration=62
Task=27 Chunk=0 Start=7928153969777 End=7928153996536 Duration=26759
Task=27 Chunk=1 Start=7928154970052 End=7928155040205 Duration=70153
Task=27 Chunk=2 Start=7928155040223 End=7928155040282 Duration=59
Task=28 Chunk=0 Start=7928154041142 End=7928154068010 Duration=26868
Task=28 Chunk=1 Start=7928155040216 End=7928155111757 Duration=71541
Task=28 Chunk=2 Start=7928155111780 End=7928155111840 Duration=60
Task=29 Chunk=0 Start=7928154115124 End=7928154142705 Duration=27581
Task=29 Chunk=1 Start=7928155111770 End=7928155181600 Duration=69830
Task=29 Chunk=2 Start=7928155181611 End=7928155181670 Duration=59
Task=30 Chunk=0 Start=7928154189667 End=7928154217224 Duration=27557
Task=30 Chunk=1 Start=7928155181610 End=7928155253049 Duration=71439
Task=30 Chunk=2 Start=7928155253079 End=7928155253120 Duration=41
Task=31 Chunk=0 Start=7928154259823 End=7928154286832 Duration=27009
Task=31 Chunk=1 Start=7928155253061 End=7928155324724 Duration=71663
Task=31 Chunk=2 Start=7928155324752 End=7928155324794 Duration=42
Task=32 Chunk=0 Start=7928154329734 End=7928154356833 Duration=27099
Task=32 Chunk=1 Start=7928155324739 End=7928155395116 Duration=70377
Task=32 Chunk=2 Start=7928155395133 End=7928155395194 Duration=61
Task=33 Chunk=0 Start=7928154400665 End=7928154427699 Duration=27034
Task=33 Chunk=1 Start=7928155395130 End=7928155465267 Duration=70137
Task=33 Chunk=2 Start=7928155465282 End=7928155465354 Duration=72
Task=34 Chunk=0 Start=7928154471635 End=7928154498604 Duration=26969
Task=34 Chunk=1 Start=7928155465278 End=7928155536808 Duration=71530
Task=34 Chunk=2 Start=7928155536817 End=7928155536875 Duration=58
Task=35 Chunk=0 Start=7928154542962 End=7928154570235 Duration=27273
Task=35 Chunk=1 Start=7928155536817 End=7928155607845 Duration=71028
Task=35 Chunk=2 Start=7928155607855 End=7928155607913 Duration=58
Task=36 Chunk=0 Start=7928154613979 End=7928154641111 Duration=27132
Task=36 Chunk=1 Start=7928155607854 End=7928155679113 Duration=71259
Task=36 Chunk=2 Start=7928155679125 End=7928155679185 Duration=60
Task=37 Chunk=0 Start=7928154685013 End=7928154712026 Duration=27013
Task=37 Chunk=1 Start=7928155679123 End=7928155752125 Duration=73002
Task=37 Chunk=2 Start=7928155752146 End=7928155752208 Duration=62
Task=38 Chunk=0 Start=7928154756211 End=7928154783577 Duration=27366
Task=38 Chunk=1 Start=7928155752138 End=7928155821803 Duration=69665
Task=38 Chunk=2 Start=7928155821827 End=7928155821889 Duration=62
Task=39 Chunk=0 Start=7928154827825 End=7928154855071 Duration=27246
Task=39 Chunk=1 Start=7928155821815 End=7928155891444 Duration=69629
Task=39 Chunk=2 Start=7928155891460 End=7928155891520 Duration=60
Task=40 Chunk=0 Start=7928154897882 End=7928154925634 Duration=27752
Task=40 Chunk=1 Start=7928155891455 End=7928155961321 Duration=69866
Task=40 Chunk=2 Start=7928155961336 End=7928155961375 Duration=39
Task=41 Chunk=0 Start=7928154970151 End=7928154998060 Duration=27909
Task=41 Chunk=1 Start=7928155961330 End=7928156031294 Duration=69964
Task=41 Chunk=2 Start=7928156031314 End=7928156031370 Duration=56
Task=42 Chunk=0 Start=7928155040288 End=7928155068290 Duration=28002
Task=42 Chunk=1 Start=7928156031304 End=7928156102829 Duration=71525
Task=42 Chunk=2 Start=7928156102851 End=7928156102890 Duration=39
Task=43 Chunk=0 Start=7928155111847 End=7928155139676 Duration=27829
Task=43 Chunk=1 Start=7928156102843 End=7928156174007 Duration=71164
Task=43 Chunk=2 Start=7928156174037 End=7928156174095 Duration=58
Task=44 Chunk=0 Start=7928155181681 End=7928155208646 Duration=26965
Task=44 Chunk=1 Start=7928156174019 End=7928156245519 Duration=71500
Task=44 Chunk=2 Start=7928156245537 End=7928156245593 Duration=56
Task=45 Chunk=0 Start=7928155253143 End=7928155280216 Duration=27073
Task=45 Chunk=1 Start=7928156245528 End=7928156325978 Duration=80450
Task=45 Chunk=2 Start=7928156325993 End=7928156326050 Duration=57
Task=46 Chunk=0 Start=7928155324807 End=7928155351960 Duration=27153
Task=46 Chunk=1 Start=7928156325994 End=7928156399268 Duration=73274
Task=46 Chunk=2 Start=7928156399284 End=7928156399340 Duration=56
Task=47 Chunk=0 Start=7928155395214 End=7928155422324 Duration=27110
Task=47 Chunk=1 Start=7928156399280 End=7928156470125 Duration=70845
Task=47 Chunk=2 Start=7928156470143 End=7928156470199 Duration=56
Task=48 Chunk=0 Start=7928155465377 End=7928155492337 Duration=26960
Task=48 Chunk=1 Start=7928156470136 End=7928156540514 Duration=70378
Task=48 Chunk=2 Start=7928156540536 End=7928156540600 Duration=64
Task=49 Chunk=0 Start=7928155536894 End=7928155564050 Duration=27156
Task=49 Chunk=1 Start=7928156540525 End=7928156611915 Duration=71390
Task=49 Chunk=2 Start=7928156611941 End=7928156611999 Duration=58
Task=50 Chunk=0 Start=7928155607927 End=7928155635046 Duration=27119
Task=50 Chunk=1 Start=7928156611925 End=7928156684614 Duration=72689
Task=50 Chunk=2 Start=7928156684639 End=7928156684697 Duration=58
Task=51 Chunk=0 Start=7928155679196 End=7928155706318 Duration=27122
Task=51 Chunk=1 Start=7928156684624 End=7928156755387 Duration=70763
Task=51 Chunk=2 Start=7928156755413 End=7928156755470 Duration=57
Task=52 Chunk=0 Start=7928155752219 End=7928155779223 Duration=27004
Task=52 Chunk=1 Start=7928156755397 End=7928156826868 Duration=71471
Task=52 Chunk=2 Start=7928156826885 End=7928156826940 Duration=55
Task=53 Chunk=0 Start=7928155821909 End=7928155849513 Duration=27604
Task=53 Chunk=1 Start=7928156826879 End=7928156897473 Duration=70594
Task=53 Chunk=2 Start=7928156897484 End=7928156897523 Duration=39
Task=54 Chunk=0 Start=7928155891536 End=7928155918963 Duration=27427
Task=54 Chunk=1 Start=7928156897483 End=7928156968683 Duration=71200
Task=54 Chunk=2 Start=7928156968699 End=7928156968755 Duration=56
Task=55 Chunk=0 Start=7928155961383 End=7928155989358 Duration=27975
Task=55 Chunk=1 Start=7928156968697 End=7928157041783 Duration=73086
Task=55 Chunk=2 Start=7928157041802 End=7928157041860 Duration=58
Task=56 Chunk=0 Start=7928156031374 End=7928156059093 Duration=27719
Task=56 Chunk=1 Start=7928157041793 End=7928157112267 Duration=70474
Task=56 Chunk=2 Start=7928157112278 End=7928157112338 Duration=60
Task=57 Chunk=0 Start=7928156102903 End=7928156130268 Duration=27365
Task=57 Chunk=1 Start=7928157112277 End=7928157182425 Duration=70148
Task=57 Chunk=2 Start=7928157182443 End=7928157182500 Duration=57
Task=58 Chunk=0 Start=7928156174108 End=7928156201232 Duration=27124
Task=58 Chunk=1 Start=7928157182434 End=7928157252669 Duration=70235
Task=58 Chunk=2 Start=7928157252690 End=7928157252748 Duration=58
Task=59 Chunk=0 Start=7928156245610 End=7928156272602 Duration=26992
Task=59 Chunk=1 Start=7928157252678 End=7928157324138 Duration=71460
Task=59 Chunk=2 Start=7928157324151 End=7928157324217 Duration=66
Task=60 Chunk=0 Start=7928156326063 End=7928156353074 Duration=27011
Task=60 Chunk=1 Start=7928157324148 End=7928157395796 Duration=71648
Task=60 Chunk=2 Start=7928157395810 End=7928157395877 Duration=67
Task=61 Chunk=0 Start=7928156399354 End=7928156426529 Duration=27175
Task=61 Chunk=1 Start=7928157395805 End=7928157468006 Duration=72201
Task=61 Chunk=2 Start=7928157468030 End=7928157468093 Duration=63
Task=62 Chunk=0 Start=7928156470208 End=7928156497211 Duration=27003
Task=62 Chunk=1 Start=7928157468027 End=7928157540666 Duration=72639
Task=62 Chunk=2 Start=7928157540679 End=7928157540739 Duration=60
Task=63 Chunk=0 Start=7928156540610 End=7928156567733 Duration=27123
Task=63 Chunk=1 Start=7928157540677 End=7928157621359 Duration=80682
Task=63 Chunk=2 Start=7928157621391 End=7928157621448 Duration=57
Task=64 Chunk=0 Start=7928156612008 End=7928156639099 Duration=27091
Task=64 Chunk=1 Start=7928157621374 End=7928157694156 Duration=72782
Task=64 Chunk=2 Start=7928157694170 End=7928157694228 Duration=58
Task=65 Chunk=0 Start=7928156684719 End=7928156711759 Duration=27040
Task=65 Chunk=1 Start=7928157694169 End=7928157766287 Duration=72118
Task=65 Chunk=2 Start=7928157766310 End=7928157766371 Duration=61
Task=66 Chunk=0 Start=7928156755494 End=7928156782638 Duration=27144
Task=66 Chunk=1 Start=7928157766299 End=7928157839899 Duration=73600
Task=66 Chunk=2 Start=7928157839928 End=7928157839978 Duration=50
Task=67 Chunk=0 Start=7928156826960 End=7928156853884 Duration=26924
Task=67 Chunk=1 Start=7928157839910 End=7928157912816 Duration=72906
Task=67 Chunk=2 Start=7928157912845 End=7928157912909 Duration=64
Task=68 Chunk=0 Start=7928156897532 End=7928156925347 Duration=27815
Task=68 Chunk=1 Start=7928157912827 End=7928157983810 Duration=70983
Task=68 Chunk=2 Start=7928157983841 End=7928157983904 Duration=63
Task=69 Chunk=0 Start=7928156968765 End=7928156996156 Duration=27391
Task=69 Chunk=1 Start=7928157983832 End=7928158057420 Duration=73588
Task=69 Chunk=2 Start=7928158057447 End=7928158057513 Duration=66
Task=70 Chunk=0 Start=7928157041880 End=7928157069438 Duration=27558
Task=70 Chunk=1 Start=7928158057433 End=7928158128317 Duration=70884
Task=70 Chunk=2 Start=7928158128328 End=7928158128948 Duration=620
Task=71 Chunk=0 Start=7928157112352 End=7928157140227 Duration=27875
Task=71 Chunk=1 Start=7928158128329 End=7928158199836 Duration=71507
Task=71 Chunk=2 Start=7928158199858 End=7928158199927 Duration=69
Task=72 Chunk=0 Start=7928157182509 End=7928157210477 Duration=27968
Task=72 Chunk=1 Start=7928158199846 End=7928158269659 Duration=69813
Task=72 Chunk=2 Start=7928158269675 End=7928158269732 Duration=57
Task=73 Chunk=0 Start=7928157252757 End=7928157280189 Duration=27432
Task=73 Chunk=1 Start=7928158269669 End=7928158340373 Duration=70704
Task=73 Chunk=2 Start=7928158340387 End=7928158340447 Duration=60
Task=74 Chunk=0 Start=7928157324230 End=7928157351409 Duration=27179
Task=74 Chunk=1 Start=7928158340383 End=7928158423745 Duration=83362
Task=74 Chunk=2 Start=7928158423776 End=7928158423836 Duration=60
Task=75 Chunk=0 Start=7928157395898 End=7928157422927 Duration=27029
Task=75 Chunk=1 Start=7928158423764 End=7928158494453 Duration=70689
Task=75 Chunk=2 Start=7928158494477 End=7928158494535 Duration=58
Task=76 Chunk=0 Start=7928157468100 End=7928157495152 Duration=27052
Task=76 Chunk=1 Start=7928158494465 End=7928158565301 Duration=70836
Task=76 Chunk=2 Start=7928158565322 End=7928158565378 Duration=56
Task=77 Chunk=0 Start=7928157540747 End=7928157567891 Duration=27144
Task=77 Chunk=1 Start=7928158565313 End=7928158637419 Duration=72106
Task=77 Chunk=2 Start=7928158637437 End=7928158637493 Duration=56
Task=78 Chunk=0 Start=7928157621452 End=7928157648385 Duration=26933
Task=78 Chunk=1 Start=7928158637433 End=7928158707500 Duration=70067
Task=78 Chunk=2 Start=7928158707512 End=7928158707573 Duration=61
Task=79 Chunk=0 Start=7928157694245 End=7928157721278 Duration=27033
Task=79 Chunk=1 Start=7928158707512 End=7928158778008 Duration=70496
Task=79 Chunk=2 Start=7928158778026 End=7928158778090 Duration=64
Task=80 Chunk=0 Start=7928157766378 End=7928157793697 Duration=27319
Task=80 Chunk=1 Start=7928158778019 End=7928158848346 Duration=70327
Task=80 Chunk=2 Start=7928158848366 End=7928158848424 Duration=58
Task=81 Chunk=0 Start=7928157839988 End=7928157867336 Duration=27348
Task=81 Chunk=1 Start=7928158848355 End=7928158919951 Duration=71596
Task=81 Chunk=2 Start=7928158919971 End=7928158920037 Duration=66
Task=82 Chunk=0 Start=7928157912925 End=7928157940116 Duration=27191
Task=82 Chunk=1 Start=7928158919961 End=7928158993417 Duration=73456
Task=82 Chunk=2 Start=7928158993444 End=7928158993501 Duration=57
Task=83 Chunk=0 Start=7928157983923 End=7928158011153 Duration=27230
Task=83 Chunk=1 Start=7928158993427 End=7928159064834 Duration=71407
Task=83 Chunk=2 Start=7928159064844 End=7928159064902 Duration=58
Task=84 Chunk=0 Start=7928158057530 End=7928158084657 Duration=27127
Task=84 Chunk=1 Start=7928159064843 End=7928159137181 Duration=72338
Task=84 Chunk=2 Start=7928159137197 End=7928159137260 Duration=63
Task=85 Chunk=0 Start=7928158129084 End=7928158156124 Duration=27040
Task=85 Chunk=1 Start=7928159137191 End=7928159209183 Duration=71992
Task=85 Chunk=2 Start=7928159209209 End=7928159209258 Duration=49
Task=86 Chunk=0 Start=7928158199938 End=7928158227312 Duration=27374
Task=86 Chunk=1 Start=7928159209202 End=7928159280034 Duration=70832
Task=86 Chunk=2 Start=7928159280049 End=7928159280105 Duration=56
Task=87 Chunk=0 Start=7928158269751 End=7928158297645 Duration=27894
Task=87 Chunk=1 Start=7928159280045 End=7928159351198 Duration=71153
Task=87 Chunk=2 Start=7928159351212 End=7928159351271 Duration=59
Task=88 Chunk=0 Start=7928158340464 End=7928158368323 Duration=27859
Task=88 Chunk=1 Start=7928159351208 End=7928159421015 Duration=69807
Task=88 Chunk=2 Start=7928159421042 End=7928159421102 Duration=60
Task=89 Chunk=0 Start=7928158423851 End=7928158452453 Duration=28602
Task=89 Chunk=1 Start=7928159421025 End=7928159490769 Duration=69744
Task=89 Chunk=2 Start=7928159490784 End=7928159490840 Duration=56
Task=90 Chunk=0 Start=7928158494541 End=7928158522242 Duration=27701
Task=90 Chunk=1 Start=7928159490778 End=7928159561400 Duration=70622
Task=90 Chunk=2 Start=7928159561415 End=7928159561474 Duration=59
Task=91 Chunk=0 Start=7928158565381 End=7928158593293 Duration=27912
Task=91 Chunk=1 Start=7928159561409 End=7928159630903 Duration=69494
Task=91 Chunk=2 Start=7928159630922 End=7928159630979 Duration=57
Task=92 Chunk=0 Start=7928158637506 End=7928158664428 Duration=26922
Task=92 Chunk=1 Start=7928159630912 End=7928159705407 Duration=74495
Task=92 Chunk=2 Start=7928159705424 End=7928159705481 Duration=57
Task=93 Chunk=0 Start=7928158707589 End=7928158734800 Duration=27211
Task=93 Chunk=1 Start=7928159705421 End=7928159776597 Duration=71176
Task=93 Chunk=2 Start=7928159776620 End=7928159776675 Duration=55
Task=94 Chunk=0 Start=7928158778093 End=7928158805304 Duration=27211
Task=94 Chunk=1 Start=7928159776609 End=7928159846598 Duration=69989
Task=94 Chunk=2 Start=7928159846624 End=7928159846684 Duration=60
Task=95 Chunk=0 Start=7928158848438 End=7928158875496 Duration=27058
Task=95 Chunk=1 Start=7928159846609 End=7928159918007 Duration=71398
Task=95 Chunk=2 Start=7928159918021 End=7928159918079 Duration=58
Task=96 Chunk=0 Start=7928158920056 End=7928158947348 Duration=27292
Task=96 Chunk=1 Start=7928159918018 End=7928159989607 Duration=71589
Task=96 Chunk=2 Start=7928159989621 End=7928159989678 Duration=57
Task=97 Chunk=0 Start=7928158993521 End=7928159020465 Duration=26944
Task=97 Chunk=1 Start=7928159989617 End=7928160060802 Duration=71185
Task=97 Chunk=2 Start=7928160060827 End=7928160060887 Duration=60
Task=98 Chunk=0 Start=7928159064919 End=7928159092145 Duration=27226
Task=98 Chunk=1 Start=7928160060815 End=7928160134367 Duration=73552
Task=98 Chunk=2 Start=7928160134389 End=7928160134451 Duration=62
Task=99 Chunk=0 Start=7928159137271 End=7928159164377 Duration=27106
Task=99 Chunk=1 Start=7928160134378 End=7928160206617 Duration=72239
Task=99 Chunk=2 Start=7928160206646 End=7928160206688 Duration=42
### Python End ###

--------------------------------
[2025-06-29 14:29:23.579] [info] Available Vulkan Layers:
[2025-06-29 14:29:23.579] [warning] Validation layer requested but not available, continuing without it...
[2025-06-29 14:29:23.583] [info] Using integrated GPU: Adreno (TM) 740
[2025-06-29 14:29:23.584] [info] VulkanDispatcher instance created.
[2025-06-29 14:29:23.680] [info] Total memory used: 40550404 bytes (38.67188 MB)
[2025-06-29 14:29:23.689] [info] Total memory used: 40550404 bytes (38.67188 MB)
[2025-06-29 14:29:23.710] [info] Total memory used: 40550404 bytes (38.67188 MB)
[2025-06-29 14:29:23.719] [info] Total memory used: 40550404 bytes (38.67188 MB)
[2025-06-29 14:29:23.729] [info] Total memory used: 40550404 bytes (38.67188 MB)
[2025-06-29 14:29:23.767] [info] Total memory used: 40550404 bytes (38.67188 MB)
[2025-06-29 14:29:23.777] [info] Total memory used: 40550404 bytes (38.67188 MB)
[2025-06-29 14:29:23.786] [info] Total memory used: 40550404 bytes (38.67188 MB)
[2025-06-29 14:29:23.795] [info] Total memory used: 40550404 bytes (38.67188 MB)
[2025-06-29 14:29:23.805] [info] Total memory used: 40550404 bytes (38.67188 MB)
[2025-06-29 14:29:23.844] [info] Total memory used: 40550404 bytes (38.67188 MB)
[2025-06-29 14:29:23.854] [info] Total memory used: 40550404 bytes (38.67188 MB)
[2025-06-29 14:29:23.863] [info] Total memory used: 40550404 bytes (38.67188 MB)
[2025-06-29 14:29:23.873] [info] Total memory used: 40550404 bytes (38.67188 MB)
[2025-06-29 14:29:23.882] [info] Total memory used: 40550404 bytes (38.67188 MB)
[2025-06-29 14:29:23.892] [info] Total memory used: 40550404 bytes (38.67188 MB)
### Python Begin ###
Schedule_UID=SCH-M2G3B2-G084-d1b8
Frequency=19200000 Hz
Task=0 Chunk=0 Start=7928167309397 End=7928167333339 Duration=23942
Task=0 Chunk=1 Start=7928167333351 End=7928167541549 Duration=208198
Task=0 Chunk=2 Start=7928167541563 End=7928167603674 Duration=62111
Task=1 Chunk=0 Start=7928167333341 End=7928167354544 Duration=21203
Task=1 Chunk=1 Start=7928167541550 End=7928167593236 Duration=51686
Task=1 Chunk=2 Start=7928167603675 End=7928167654170 Duration=50495
Task=2 Chunk=0 Start=7928167354545 End=7928167369933 Duration=15388
Task=2 Chunk=1 Start=7928167593246 End=7928167642043 Duration=48797
Task=2 Chunk=2 Start=7928167654171 End=7928167703472 Duration=49301
Task=3 Chunk=0 Start=7928167369934 End=7928167385208 Duration=15274
Task=3 Chunk=1 Start=7928167642049 End=7928167690124 Duration=48075
Task=3 Chunk=2 Start=7928167703473 End=7928167734734 Duration=31261
Task=4 Chunk=0 Start=7928167385209 End=7928167400402 Duration=15193
Task=4 Chunk=1 Start=7928167690130 End=7928167740936 Duration=50806
Task=4 Chunk=2 Start=7928167740953 End=7928167765694 Duration=24741
Task=5 Chunk=0 Start=7928167400402 End=7928167415589 Duration=15187
Task=5 Chunk=1 Start=7928167740942 End=7928167790163 Duration=49221
Task=5 Chunk=2 Start=7928167790179 End=7928167815501 Duration=25322
Task=6 Chunk=0 Start=7928167415590 End=7928167432621 Duration=17031
Task=6 Chunk=1 Start=7928167790169 End=7928167841233 Duration=51064
Task=6 Chunk=2 Start=7928167841241 End=7928167865763 Duration=24522
Task=7 Chunk=0 Start=7928167432622 End=7928167447814 Duration=15192
Task=7 Chunk=1 Start=7928167841238 End=7928167890633 Duration=49395
Task=7 Chunk=2 Start=7928167890642 End=7928167915089 Duration=24447
Task=8 Chunk=0 Start=7928167447815 End=7928167463038 Duration=15223
Task=8 Chunk=1 Start=7928167890638 End=7928167939063 Duration=48425
Task=8 Chunk=2 Start=7928167939076 End=7928167964105 Duration=25029
Task=9 Chunk=0 Start=7928167463038 End=7928167478284 Duration=15246
Task=9 Chunk=1 Start=7928167939067 End=7928167987612 Duration=48545
Task=9 Chunk=2 Start=7928167987624 End=7928168012081 Duration=24457
Task=10 Chunk=0 Start=7928167478285 End=7928167493498 Duration=15213
Task=10 Chunk=1 Start=7928167987619 End=7928168036499 Duration=48880
Task=10 Chunk=2 Start=7928168036510 End=7928168060965 Duration=24455
Task=11 Chunk=0 Start=7928167493499 End=7928167510242 Duration=16743
Task=11 Chunk=1 Start=7928168036504 End=7928168085983 Duration=49479
Task=11 Chunk=2 Start=7928168085988 End=7928168110206 Duration=24218
Task=12 Chunk=0 Start=7928167510242 End=7928167530308 Duration=20066
Task=12 Chunk=1 Start=7928168085987 End=7928168136331 Duration=50344
Task=12 Chunk=2 Start=7928168136338 End=7928168160800 Duration=24462
Task=13 Chunk=0 Start=7928167530309 End=7928167548509 Duration=18200
Task=13 Chunk=1 Start=7928168136336 End=7928168187359 Duration=51023
Task=13 Chunk=2 Start=7928168187374 End=7928168212582 Duration=25208
Task=14 Chunk=0 Start=7928167548510 End=7928167564403 Duration=15893
Task=14 Chunk=1 Start=7928168187371 End=7928168244242 Duration=56871
Task=14 Chunk=2 Start=7928168244259 End=7928168269357 Duration=25098
Task=15 Chunk=0 Start=7928167603683 End=7928167619200 Duration=15517
Task=15 Chunk=1 Start=7928168244251 End=7928168301873 Duration=57622
Task=15 Chunk=2 Start=7928168301892 End=7928168326157 Duration=24265
Task=16 Chunk=0 Start=7928167654186 End=7928167669591 Duration=15405
Task=16 Chunk=1 Start=7928168301882 End=7928168360223 Duration=58341
Task=16 Chunk=2 Start=7928168360234 End=7928168384376 Duration=24142
Task=17 Chunk=0 Start=7928167703487 End=7928167719000 Duration=15513
Task=17 Chunk=1 Start=7928168360231 End=7928168409162 Duration=48931
Task=17 Chunk=2 Start=7928168409170 End=7928168435039 Duration=25869
Task=18 Chunk=0 Start=7928167734748 End=7928167750061 Duration=15313
Task=18 Chunk=1 Start=7928168409168 End=7928168458346 Duration=49178
Task=18 Chunk=2 Start=7928168458353 End=7928168482564 Duration=24211
Task=19 Chunk=0 Start=7928167765715 End=7928167781295 Duration=15580
Task=19 Chunk=1 Start=7928168458351 End=7928168527088 Duration=68737
Task=19 Chunk=2 Start=7928168527108 End=7928168551333 Duration=24225
Task=20 Chunk=0 Start=7928167815519 End=7928167831836 Duration=16317
Task=20 Chunk=1 Start=7928168527097 End=7928168579191 Duration=52094
Task=20 Chunk=2 Start=7928168579205 End=7928168603491 Duration=24286
Task=21 Chunk=0 Start=7928167865774 End=7928167881024 Duration=15250
Task=21 Chunk=1 Start=7928168579199 End=7928168629174 Duration=49975
Task=21 Chunk=2 Start=7928168629186 End=7928168654149 Duration=24963
Task=22 Chunk=0 Start=7928167915104 End=7928167930417 Duration=15313
Task=22 Chunk=1 Start=7928168629180 End=7928168678272 Duration=49092
Task=22 Chunk=2 Start=7928168678283 End=7928168702477 Duration=24194
Task=23 Chunk=0 Start=7928167964118 End=7928167979380 Duration=15262
Task=23 Chunk=1 Start=7928168678279 End=7928168736943 Duration=58664
Task=23 Chunk=2 Start=7928168736958 End=7928168761087 Duration=24129
Task=24 Chunk=0 Start=7928168012089 End=7928168027412 Duration=15323
Task=24 Chunk=1 Start=7928168736949 End=7928168785817 Duration=48868
Task=24 Chunk=2 Start=7928168785831 End=7928168810547 Duration=24716
Task=25 Chunk=0 Start=7928168060982 End=7928168076276 Duration=15294
Task=25 Chunk=1 Start=7928168785823 End=7928168834722 Duration=48899
Task=25 Chunk=2 Start=7928168834740 End=7928168858864 Duration=24124
Task=26 Chunk=0 Start=7928168110223 End=7928168126183 Duration=15960
Task=26 Chunk=1 Start=7928168834727 End=7928168887900 Duration=53173
Task=26 Chunk=2 Start=7928168887918 End=7928168911928 Duration=24010
Task=27 Chunk=0 Start=7928168160813 End=7928168176258 Duration=15445
Task=27 Chunk=1 Start=7928168887911 End=7928168950112 Duration=62201
Task=27 Chunk=2 Start=7928168950126 End=7928168974942 Duration=24816
Task=28 Chunk=0 Start=7928168212601 End=7928168227842 Duration=15241
Task=28 Chunk=1 Start=7928168950121 End=7928169000128 Duration=50007
Task=28 Chunk=2 Start=7928169000137 End=7928169024147 Duration=24010
Task=29 Chunk=0 Start=7928168269371 End=7928168284656 Duration=15285
Task=29 Chunk=1 Start=7928169000134 End=7928169053443 Duration=53309
Task=29 Chunk=2 Start=7928169053461 End=7928169077522 Duration=24061
Task=30 Chunk=0 Start=7928168326166 End=7928168341406 Duration=15240
Task=30 Chunk=1 Start=7928169053449 End=7928169103515 Duration=50066
Task=30 Chunk=2 Start=7928169103524 End=7928169128011 Duration=24487
Task=31 Chunk=0 Start=7928168384384 End=7928168399620 Duration=15236
Task=31 Chunk=1 Start=7928169103522 End=7928169156678 Duration=53156
Task=31 Chunk=2 Start=7928169156691 End=7928169180628 Duration=23937
Task=32 Chunk=0 Start=7928168435057 End=7928168450364 Duration=15307
Task=32 Chunk=1 Start=7928169156686 End=7928169208379 Duration=51693
Task=32 Chunk=2 Start=7928169208388 End=7928169232498 Duration=24110
Task=33 Chunk=0 Start=7928168482573 End=7928168498315 Duration=15742
Task=33 Chunk=1 Start=7928169208388 End=7928169256917 Duration=48529
Task=33 Chunk=2 Start=7928169256924 End=7928169281640 Duration=24716
Task=34 Chunk=0 Start=7928168551348 End=7928168566609 Duration=15261
Task=34 Chunk=1 Start=7928169256923 End=7928169305667 Duration=48744
Task=34 Chunk=2 Start=7928169305678 End=7928169329705 Duration=24027
Task=35 Chunk=0 Start=7928168603503 End=7928168618800 Duration=15297
Task=35 Chunk=1 Start=7928169305676 End=7928169362012 Duration=56336
Task=35 Chunk=2 Start=7928169362026 End=7928169386232 Duration=24206
Task=36 Chunk=0 Start=7928168654160 End=7928168669530 Duration=15370
Task=36 Chunk=1 Start=7928169362022 End=7928169410890 Duration=48868
Task=36 Chunk=2 Start=7928169410898 End=7928169435541 Duration=24643
Task=37 Chunk=0 Start=7928168702497 End=7928168718119 Duration=15622
Task=37 Chunk=1 Start=7928169410897 End=7928169459468 Duration=48571
Task=37 Chunk=2 Start=7928169459473 End=7928169483510 Duration=24037
Task=38 Chunk=0 Start=7928168761102 End=7928168776568 Duration=15466
Task=38 Chunk=1 Start=7928169459473 End=7928169512347 Duration=52874
Task=38 Chunk=2 Start=7928169512364 End=7928169536502 Duration=24138
Task=39 Chunk=0 Start=7928168810558 End=7928168825777 Duration=15219
Task=39 Chunk=1 Start=7928169512357 End=7928169579081 Duration=66724
Task=39 Chunk=2 Start=7928169579095 End=7928169603269 Duration=24174
Task=40 Chunk=0 Start=7928168858878 End=7928168874314 Duration=15436
Task=40 Chunk=1 Start=7928169579087 End=7928169627870 Duration=48783
Task=40 Chunk=2 Start=7928169627877 End=7928169652574 Duration=24697
Task=41 Chunk=0 Start=7928168911945 End=7928168927325 Duration=15380
Task=41 Chunk=1 Start=7928169627876 End=7928169676082 Duration=48206
Task=41 Chunk=2 Start=7928169676099 End=7928169700188 Duration=24089
Task=42 Chunk=0 Start=7928168974954 End=7928168990237 Duration=15283
Task=42 Chunk=1 Start=7928169676090 End=7928169724751 Duration=48661
Task=42 Chunk=2 Start=7928169724769 End=7928169749349 Duration=24580
Task=43 Chunk=0 Start=7928169024162 End=7928169040498 Duration=16336
Task=43 Chunk=1 Start=7928169724757 End=7928169784803 Duration=60046
Task=43 Chunk=2 Start=7928169784815 End=7928169809485 Duration=24670
Task=44 Chunk=0 Start=7928169077531 End=7928169092952 Duration=15421
Task=44 Chunk=1 Start=7928169784812 End=7928169834182 Duration=49370
Task=44 Chunk=2 Start=7928169834200 End=7928169858271 Duration=24071
Task=45 Chunk=0 Start=7928169128026 End=7928169143273 Duration=15247
Task=45 Chunk=1 Start=7928169834188 End=7928169888085 Duration=53897
Task=45 Chunk=2 Start=7928169888102 End=7928169912238 Duration=24136
Task=46 Chunk=0 Start=7928169180648 End=7928169196759 Duration=16111
Task=46 Chunk=1 Start=7928169888089 End=7928169936800 Duration=48711
Task=46 Chunk=2 Start=7928169936814 End=7928169961455 Duration=24641
Task=47 Chunk=0 Start=7928169232514 End=7928169247813 Duration=15299
Task=47 Chunk=1 Start=7928169936805 End=7928169989359 Duration=52554
Task=47 Chunk=2 Start=7928169989366 End=7928170013459 Duration=24093
Task=48 Chunk=0 Start=7928169281648 End=7928169296849 Duration=15201
Task=48 Chunk=1 Start=7928169989365 End=7928170046972 Duration=57607
Task=48 Chunk=2 Start=7928170046990 End=7928170071188 Duration=24198
Task=49 Chunk=0 Start=7928169329718 End=7928169345532 Duration=15814
Task=49 Chunk=1 Start=7928170046983 End=7928170108460 Duration=61477
Task=49 Chunk=2 Start=7928170108478 End=7928170134203 Duration=25725
Task=50 Chunk=0 Start=7928169386240 End=7928169401543 Duration=15303
Task=50 Chunk=1 Start=7928170108469 End=7928170170875 Duration=62406
Task=50 Chunk=2 Start=7928170170885 End=7928170195683 Duration=24798
Task=51 Chunk=0 Start=7928169435548 End=7928169450824 Duration=15276
Task=51 Chunk=1 Start=7928170170883 End=7928170220248 Duration=49365
Task=51 Chunk=2 Start=7928170220263 End=7928170244541 Duration=24278
Task=52 Chunk=0 Start=7928169483529 End=7928169500663 Duration=17134
Task=52 Chunk=1 Start=7928170220254 End=7928170278889 Duration=58635
Task=52 Chunk=2 Start=7928170278910 End=7928170303123 Duration=24213
Task=53 Chunk=0 Start=7928169536507 End=7928169551785 Duration=15278
Task=53 Chunk=1 Start=7928170278901 End=7928170330039 Duration=51138
Task=53 Chunk=2 Start=7928170330049 End=7928170354717 Duration=24668
Task=54 Chunk=0 Start=7928169603290 End=7928169618553 Duration=15263
Task=54 Chunk=1 Start=7928170330045 End=7928170383792 Duration=53747
Task=54 Chunk=2 Start=7928170383798 End=7928170408033 Duration=24235
Task=55 Chunk=0 Start=7928169652583 End=7928169667855 Duration=15272
Task=55 Chunk=1 Start=7928170383797 End=7928170441788 Duration=57991
Task=55 Chunk=2 Start=7928170441806 End=7928170466394 Duration=24588
Task=56 Chunk=0 Start=7928169700194 End=7928169715472 Duration=15278
Task=56 Chunk=1 Start=7928170441796 End=7928170491053 Duration=49257
Task=56 Chunk=2 Start=7928170491065 End=7928170515510 Duration=24445
Task=57 Chunk=0 Start=7928169749360 End=7928169764670 Duration=15310
Task=57 Chunk=1 Start=7928170491058 End=7928170542172 Duration=51114
Task=57 Chunk=2 Start=7928170542180 End=7928170566363 Duration=24183
Task=58 Chunk=0 Start=7928169809490 End=7928169824708 Duration=15218
Task=58 Chunk=1 Start=7928170542178 End=7928170600504 Duration=58326
Task=58 Chunk=2 Start=7928170600520 End=7928170624744 Duration=24224
Task=59 Chunk=0 Start=7928169858286 End=7928169873545 Duration=15259
Task=59 Chunk=1 Start=7928170600510 End=7928170652919 Duration=52409
Task=59 Chunk=2 Start=7928170652932 End=7928170677254 Duration=24322
Task=60 Chunk=0 Start=7928169912247 End=7928169927536 Duration=15289
Task=60 Chunk=1 Start=7928170652929 End=7928170705775 Duration=52846
Task=60 Chunk=2 Start=7928170705788 End=7928170730439 Duration=24651
Task=61 Chunk=0 Start=7928169961474 End=7928169976662 Duration=15188
Task=61 Chunk=1 Start=7928170705780 End=7928170755907 Duration=50127
Task=61 Chunk=2 Start=7928170755914 End=7928170779908 Duration=23994
Task=62 Chunk=0 Start=7928170013474 End=7928170028744 Duration=15270
Task=62 Chunk=1 Start=7928170755913 End=7928170812160 Duration=56247
Task=62 Chunk=2 Start=7928170812171 End=7928170836355 Duration=24184
Task=63 Chunk=0 Start=7928170071209 End=7928170086434 Duration=15225
Task=63 Chunk=1 Start=7928170812166 End=7928170861239 Duration=49073
Task=63 Chunk=2 Start=7928170861255 End=7928170885983 Duration=24728
Task=64 Chunk=0 Start=7928170134224 End=7928170149603 Duration=15379
Task=64 Chunk=1 Start=7928170861244 End=7928170909953 Duration=48709
Task=64 Chunk=2 Start=7928170909962 End=7928170934176 Duration=24214
Task=65 Chunk=0 Start=7928170195696 End=7928170211044 Duration=15348
Task=65 Chunk=1 Start=7928170909962 End=7928170963148 Duration=53186
Task=65 Chunk=2 Start=7928170963157 End=7928170987391 Duration=24234
Task=66 Chunk=0 Start=7928170244557 End=7928170259949 Duration=15392
Task=66 Chunk=1 Start=7928170963156 End=7928171016864 Duration=53708
Task=66 Chunk=2 Start=7928171016869 End=7928171041748 Duration=24879
Task=67 Chunk=0 Start=7928170303140 End=7928170318442 Duration=15302
Task=67 Chunk=1 Start=7928171016870 End=7928171066137 Duration=49267
Task=67 Chunk=2 Start=7928171066143 End=7928171090581 Duration=24438
Task=68 Chunk=0 Start=7928170354728 End=7928170369980 Duration=15252
Task=68 Chunk=1 Start=7928171066142 End=7928171117446 Duration=51304
Task=68 Chunk=2 Start=7928171117464 End=7928171141639 Duration=24175
Task=69 Chunk=0 Start=7928170408038 End=7928170424261 Duration=16223
Task=69 Chunk=1 Start=7928171117451 End=7928171165789 Duration=48338
Task=69 Chunk=2 Start=7928171165804 End=7928171190578 Duration=24774
Task=70 Chunk=0 Start=7928170466397 End=7928170481829 Duration=15432
Task=70 Chunk=1 Start=7928171165794 End=7928171226929 Duration=61135
Task=70 Chunk=2 Start=7928171226952 End=7928171251281 Duration=24329
Task=71 Chunk=0 Start=7928170515515 End=7928170530838 Duration=15323
Task=71 Chunk=1 Start=7928171226942 End=7928171284569 Duration=57627
Task=71 Chunk=2 Start=7928171284588 End=7928171308780 Duration=24192
Task=72 Chunk=0 Start=7928170566373 End=7928170582391 Duration=16018
Task=72 Chunk=1 Start=7928171284578 End=7928171336286 Duration=51708
Task=72 Chunk=2 Start=7928171336299 End=7928171362103 Duration=25804
Task=73 Chunk=0 Start=7928170624758 End=7928170640010 Duration=15252
Task=73 Chunk=1 Start=7928171336295 End=7928171400501 Duration=64206
Task=73 Chunk=2 Start=7928171400533 End=7928171425592 Duration=25059
Task=74 Chunk=0 Start=7928170677267 End=7928170692478 Duration=15211
Task=74 Chunk=1 Start=7928171400520 End=7928171450741 Duration=50221
Task=74 Chunk=2 Start=7928171450753 End=7928171475209 Duration=24456
Task=75 Chunk=0 Start=7928170730459 End=7928170745745 Duration=15286
Task=75 Chunk=1 Start=7928171450747 End=7928171507172 Duration=56425
Task=75 Chunk=2 Start=7928171507192 End=7928171531525 Duration=24333
Task=76 Chunk=0 Start=7928170779915 End=7928170795154 Duration=15239
Task=76 Chunk=1 Start=7928171507183 End=7928171558971 Duration=51788
Task=76 Chunk=2 Start=7928171558987 End=7928171583712 Duration=24725
Task=77 Chunk=0 Start=7928170836363 End=7928170851633 Duration=15270
Task=77 Chunk=1 Start=7928171558977 End=7928171613675 Duration=54698
Task=77 Chunk=2 Start=7928171613697 End=7928171637657 Duration=23960
Task=78 Chunk=0 Start=7928170885989 End=7928170901276 Duration=15287
Task=78 Chunk=1 Start=7928171613690 End=7928171667229 Duration=53539
Task=78 Chunk=2 Start=7928171667246 End=7928171691489 Duration=24243
Task=79 Chunk=0 Start=7928170934179 End=7928170949424 Duration=15245
Task=79 Chunk=1 Start=7928171667235 End=7928171716211 Duration=48976
Task=79 Chunk=2 Start=7928171716227 End=7928171740937 Duration=24710
Task=80 Chunk=0 Start=7928170987399 End=7928171002702 Duration=15303
Task=80 Chunk=1 Start=7928171716225 End=7928171764854 Duration=48629
Task=80 Chunk=2 Start=7928171764865 End=7928171789054 Duration=24189
Task=81 Chunk=0 Start=7928171041761 End=7928171056998 Duration=15237
Task=81 Chunk=1 Start=7928171764870 End=7928171820314 Duration=55444
Task=81 Chunk=2 Start=7928171820327 End=7928171844630 Duration=24303
Task=82 Chunk=0 Start=7928171090602 End=7928171105864 Duration=15262
Task=82 Chunk=1 Start=7928171820323 End=7928171870035 Duration=49712
Task=82 Chunk=2 Start=7928171870055 End=7928171894690 Duration=24635
Task=83 Chunk=0 Start=7928171141644 End=7928171156938 Duration=15294
Task=83 Chunk=1 Start=7928171870046 End=7928171924111 Duration=54065
Task=83 Chunk=2 Start=7928171924120 End=7928171948144 Duration=24024
Task=84 Chunk=0 Start=7928171190596 End=7928171205863 Duration=15267
Task=84 Chunk=1 Start=7928171924118 End=7928171975871 Duration=51753
Task=84 Chunk=2 Start=7928171975885 End=7928172000294 Duration=24409
Task=85 Chunk=0 Start=7928171251287 End=7928171267383 Duration=16096
Task=85 Chunk=1 Start=7928171975877 End=7928172036536 Duration=60659
Task=85 Chunk=2 Start=7928172036550 End=7928172061061 Duration=24511
Task=86 Chunk=0 Start=7928171308791 End=7928171324133 Duration=15342
Task=86 Chunk=1 Start=7928172036549 End=7928172088824 Duration=52275
Task=86 Chunk=2 Start=7928172088843 End=7928172113501 Duration=24658
Task=87 Chunk=0 Start=7928171362124 End=7928171377452 Duration=15328
Task=87 Chunk=1 Start=7928172088838 End=7928172139121 Duration=50283
Task=87 Chunk=2 Start=7928172139127 End=7928172163440 Duration=24313
Task=88 Chunk=0 Start=7928171425600 End=7928171440855 Duration=15255
Task=88 Chunk=1 Start=7928172139127 End=7928172190862 Duration=51735
Task=88 Chunk=2 Start=7928172190873 End=7928172215316 Duration=24443
Task=89 Chunk=0 Start=7928171475220 End=7928171490656 Duration=15436
Task=89 Chunk=1 Start=7928172190873 End=7928172240549 Duration=49676
Task=89 Chunk=2 Start=7928172240565 End=7928172265316 Duration=24751
Task=90 Chunk=0 Start=7928171531537 End=7928171546771 Duration=15234
Task=90 Chunk=1 Start=7928172240555 End=7928172289321 Duration=48766
Task=90 Chunk=2 Start=7928172289338 End=7928172313453 Duration=24115
Task=91 Chunk=0 Start=7928171583731 End=7928171598936 Duration=15205
Task=91 Chunk=1 Start=7928172289326 End=7928172343196 Duration=53870
Task=91 Chunk=2 Start=7928172343207 End=7928172367402 Duration=24195
Task=92 Chunk=0 Start=7928171637676 End=7928171653446 Duration=15770
Task=92 Chunk=1 Start=7928172343201 End=7928172398603 Duration=55402
Task=92 Chunk=2 Start=7928172398624 End=7928172423404 Duration=24780
Task=93 Chunk=0 Start=7928171691505 End=7928171706813 Duration=15308
Task=93 Chunk=1 Start=7928172398616 End=7928172452259 Duration=53643
Task=93 Chunk=2 Start=7928172452276 End=7928172476664 Duration=24388
Task=94 Chunk=0 Start=7928171740950 End=7928171756237 Duration=15287
Task=94 Chunk=1 Start=7928172452264 End=7928172501697 Duration=49433
Task=94 Chunk=2 Start=7928172501715 End=7928172526080 Duration=24365
Task=95 Chunk=0 Start=7928171789059 End=7928171805010 Duration=15951
Task=95 Chunk=1 Start=7928172501705 End=7928172551240 Duration=49535
Task=95 Chunk=2 Start=7928172551250 End=7928172576265 Duration=25015
Task=96 Chunk=0 Start=7928171844649 End=7928171859959 Duration=15310
Task=96 Chunk=1 Start=7928172551253 End=7928172600734 Duration=49481
Task=96 Chunk=2 Start=7928172600743 End=7928172625236 Duration=24493
Task=97 Chunk=0 Start=7928171894707 End=7928171909958 Duration=15251
Task=97 Chunk=1 Start=7928172600742 End=7928172663934 Duration=63192
Task=97 Chunk=2 Start=7928172663948 End=7928172688407 Duration=24459
Task=98 Chunk=0 Start=7928171948162 End=7928171964021 Duration=15859
Task=98 Chunk=1 Start=7928172663942 End=7928172712424 Duration=48482
Task=98 Chunk=2 Start=7928172712440 End=7928172738407 Duration=25967
Task=99 Chunk=0 Start=7928172000313 End=7928172015703 Duration=15390
Task=99 Chunk=1 Start=7928172712429 End=7928172761230 Duration=48801
Task=99 Chunk=2 Start=7928172761245 End=7928172785764 Duration=24519
### Python End ###

--------------------------------
[2025-06-29 14:29:24.233] [info] Available Vulkan Layers:
[2025-06-29 14:29:24.234] [warning] Validation layer requested but not available, continuing without it...
[2025-06-29 14:29:24.237] [info] Using integrated GPU: Adreno (TM) 740
[2025-06-29 14:29:24.238] [info] VulkanDispatcher instance created.
[2025-06-29 14:29:24.336] [info] Total memory used: 40550404 bytes (38.67188 MB)
[2025-06-29 14:29:24.348] [info] Total memory used: 40550404 bytes (38.67188 MB)
[2025-06-29 14:29:24.371] [info] Total memory used: 40550404 bytes (38.67188 MB)
[2025-06-29 14:29:24.383] [info] Total memory used: 40550404 bytes (38.67188 MB)
[2025-06-29 14:29:24.392] [info] Total memory used: 40550404 bytes (38.67188 MB)
[2025-06-29 14:29:24.431] [info] Total memory used: 40550404 bytes (38.67188 MB)
[2025-06-29 14:29:24.440] [info] Total memory used: 40550404 bytes (38.67188 MB)
[2025-06-29 14:29:24.450] [info] Total memory used: 40550404 bytes (38.67188 MB)
[2025-06-29 14:29:24.459] [info] Total memory used: 40550404 bytes (38.67188 MB)
[2025-06-29 14:29:24.469] [info] Total memory used: 40550404 bytes (38.67188 MB)
[2025-06-29 14:29:24.508] [info] Total memory used: 40550404 bytes (38.67188 MB)
[2025-06-29 14:29:24.518] [info] Total memory used: 40550404 bytes (38.67188 MB)
[2025-06-29 14:29:24.527] [info] Total memory used: 40550404 bytes (38.67188 MB)
[2025-06-29 14:29:24.537] [info] Total memory used: 40550404 bytes (38.67188 MB)
[2025-06-29 14:29:24.546] [info] Total memory used: 40550404 bytes (38.67188 MB)
[2025-06-29 14:29:24.556] [info] Total memory used: 40550404 bytes (38.67188 MB)
### Python Begin ###
Schedule_UID=SCH-B5L2-G088-0c1e
Frequency=19200000 Hz
Task=0 Chunk=0 Start=7928180058035 End=7928180393211 Duration=335176
Task=0 Chunk=1 Start=7928180393223 End=7928180480920 Duration=87697
Task=1 Chunk=0 Start=7928180393214 End=7928180510051 Duration=116837
Task=1 Chunk=1 Start=7928180510067 End=7928180583588 Duration=73521
Task=2 Chunk=0 Start=7928180510052 End=7928180624358 Duration=114306
Task=2 Chunk=1 Start=7928180624368 End=7928180722099 Duration=97731
Task=3 Chunk=0 Start=7928180624359 End=7928180739197 Duration=114838
Task=3 Chunk=1 Start=7928180739252 End=7928180817516 Duration=78264
Task=4 Chunk=0 Start=7928180739198 End=7928180854100 Duration=114902
Task=4 Chunk=1 Start=7928180854147 End=7928180939588 Duration=85441
Task=5 Chunk=0 Start=7928180854101 End=7928180968877 Duration=114776
Task=5 Chunk=1 Start=7928180968937 End=7928181063910 Duration=94973
Task=6 Chunk=0 Start=7928180968878 End=7928181083362 Duration=114484
Task=6 Chunk=1 Start=7928181083400 End=7928181177036 Duration=93636
Task=7 Chunk=0 Start=7928181083362 End=7928181199093 Duration=115731
Task=7 Chunk=1 Start=7928181199128 End=7928181316808 Duration=117680
Task=8 Chunk=0 Start=7928181199093 End=7928181313283 Duration=114190
Task=8 Chunk=1 Start=7928181316813 End=7928181415481 Duration=98668
Task=9 Chunk=0 Start=7928181313283 End=7928181428801 Duration=115518
Task=9 Chunk=1 Start=7928181428826 End=7928181503857 Duration=75031
Task=10 Chunk=0 Start=7928181428802 End=7928181543182 Duration=114380
Task=10 Chunk=1 Start=7928181543239 End=7928181623872 Duration=80633
Task=11 Chunk=0 Start=7928181543182 End=7928181658201 Duration=115019
Task=11 Chunk=1 Start=7928181658219 End=7928181731611 Duration=73392
Task=12 Chunk=0 Start=7928181658202 End=7928181772287 Duration=114085
Task=12 Chunk=1 Start=7928181772322 End=7928181853675 Duration=81353
Task=13 Chunk=0 Start=7928181772288 End=7928181886922 Duration=114634
Task=13 Chunk=1 Start=7928181886962 End=7928181960765 Duration=73803
Task=14 Chunk=0 Start=7928181886923 End=7928182001479 Duration=114556
Task=14 Chunk=1 Start=7928182001539 End=7928182081745 Duration=80206
Task=15 Chunk=0 Start=7928182001480 End=7928182115987 Duration=114507
Task=15 Chunk=1 Start=7928182116014 End=7928182195539 Duration=79525
Task=16 Chunk=0 Start=7928182115987 End=7928182229976 Duration=113989
Task=16 Chunk=1 Start=7928182229987 End=7928182311196 Duration=81209
Task=17 Chunk=0 Start=7928182229977 End=7928182345433 Duration=115456
Task=17 Chunk=1 Start=7928182345453 End=7928182423037 Duration=77584
Task=18 Chunk=0 Start=7928182345434 End=7928182460652 Duration=115218
Task=18 Chunk=1 Start=7928182460694 End=7928182547891 Duration=87197
Task=19 Chunk=0 Start=7928182460653 End=7928182576981 Duration=116328
Task=19 Chunk=1 Start=7928182577002 End=7928182662037 Duration=85035
Task=20 Chunk=0 Start=7928182576982 End=7928182692078 Duration=115096
Task=20 Chunk=1 Start=7928182692093 End=7928182767454 Duration=75361
Task=21 Chunk=0 Start=7928182692079 End=7928182807985 Duration=115906
Task=21 Chunk=1 Start=7928182808005 End=7928182878484 Duration=70479
Task=22 Chunk=0 Start=7928182807987 End=7928182923154 Duration=115167
Task=22 Chunk=1 Start=7928182923181 End=7928182994211 Duration=71030
Task=23 Chunk=0 Start=7928182923155 End=7928183038780 Duration=115625
Task=23 Chunk=1 Start=7928183038818 End=7928183116312 Duration=77494
Task=24 Chunk=0 Start=7928183038780 End=7928183154576 Duration=115796
Task=24 Chunk=1 Start=7928183154615 End=7928183229461 Duration=74846
Task=25 Chunk=0 Start=7928183154577 End=7928183270545 Duration=115968
Task=25 Chunk=1 Start=7928183270601 End=7928183340927 Duration=70326
Task=26 Chunk=0 Start=7928183270546 End=7928183386121 Duration=115575
Task=26 Chunk=1 Start=7928183386172 End=7928183459634 Duration=73462
Task=27 Chunk=0 Start=7928183386122 End=7928183502349 Duration=116227
Task=27 Chunk=1 Start=7928183502387 End=7928183589212 Duration=86825
Task=28 Chunk=0 Start=7928183502350 End=7928183617772 Duration=115422
Task=28 Chunk=1 Start=7928183617828 End=7928183705382 Duration=87554
Task=29 Chunk=0 Start=7928183617773 End=7928183733870 Duration=116097
Task=29 Chunk=1 Start=7928183733899 End=7928183809684 Duration=75785
Task=30 Chunk=0 Start=7928183733873 End=7928183849335 Duration=115462
Task=30 Chunk=1 Start=7928183849393 End=7928183929235 Duration=79842
Task=31 Chunk=0 Start=7928183849336 End=7928183965456 Duration=116120
Task=31 Chunk=1 Start=7928183965494 End=7928184049660 Duration=84166
Task=32 Chunk=0 Start=7928183965457 End=7928184080894 Duration=115437
Task=32 Chunk=1 Start=7928184080930 End=7928184157482 Duration=76552
Task=33 Chunk=0 Start=7928184080897 End=7928184197421 Duration=116524
Task=33 Chunk=1 Start=7928184197471 End=7928184281007 Duration=83536
Task=34 Chunk=0 Start=7928184197422 End=7928184314530 Duration=117108
Task=34 Chunk=1 Start=7928184314565 End=7928184413496 Duration=98931
Task=35 Chunk=0 Start=7928184314531 End=7928184430724 Duration=116193
Task=35 Chunk=1 Start=7928184430734 End=7928184502101 Duration=71367
Task=36 Chunk=0 Start=7928184430724 End=7928184546335 Duration=115611
Task=36 Chunk=1 Start=7928184546373 End=7928184618712 Duration=72339
Task=37 Chunk=0 Start=7928184546336 End=7928184662731 Duration=116395
Task=37 Chunk=1 Start=7928184662785 End=7928184734512 Duration=71727
Task=38 Chunk=0 Start=7928184662732 End=7928184779076 Duration=116344
Task=38 Chunk=1 Start=7928184779128 End=7928184862300 Duration=83172
Task=39 Chunk=0 Start=7928184779077 End=7928184895282 Duration=116205
Task=39 Chunk=1 Start=7928184895286 End=7928184982009 Duration=86723
Task=40 Chunk=0 Start=7928184895283 End=7928185011596 Duration=116313
Task=40 Chunk=1 Start=7928185011612 End=7928185093079 Duration=81467
Task=41 Chunk=0 Start=7928185011596 End=7928185127363 Duration=115767
Task=41 Chunk=1 Start=7928185127418 End=7928185197730 Duration=70312
Task=42 Chunk=0 Start=7928185127364 End=7928185243109 Duration=115745
Task=42 Chunk=1 Start=7928185243124 End=7928185326642 Duration=83518
Task=43 Chunk=0 Start=7928185243110 End=7928185359717 Duration=116607
Task=43 Chunk=1 Start=7928185359780 End=7928185431245 Duration=71465
Task=44 Chunk=0 Start=7928185359718 End=7928185476136 Duration=116418
Task=44 Chunk=1 Start=7928185476169 End=7928185563228 Duration=87059
Task=45 Chunk=0 Start=7928185476137 End=7928185591730 Duration=115593
Task=45 Chunk=1 Start=7928185591757 End=7928185664095 Duration=72338
Task=46 Chunk=0 Start=7928185591731 End=7928185707994 Duration=116263
Task=46 Chunk=1 Start=7928185708056 End=7928185792126 Duration=84070
Task=47 Chunk=0 Start=7928185707995 End=7928185823748 Duration=115753
Task=47 Chunk=1 Start=7928185823789 End=7928185910133 Duration=86344
Task=48 Chunk=0 Start=7928185823749 End=7928185940297 Duration=116548
Task=48 Chunk=1 Start=7928185940330 End=7928186031472 Duration=91142
Task=49 Chunk=0 Start=7928185940298 End=7928186056846 Duration=116548
Task=49 Chunk=1 Start=7928186056852 End=7928186130662 Duration=73810
Task=50 Chunk=0 Start=7928186056846 End=7928186173161 Duration=116315
Task=50 Chunk=1 Start=7928186173200 End=7928186244157 Duration=70957
Task=51 Chunk=0 Start=7928186173168 End=7928186289216 Duration=116048
Task=51 Chunk=1 Start=7928186289395 End=7928186366299 Duration=76904
Task=52 Chunk=0 Start=7928186289217 End=7928186405774 Duration=116557
Task=52 Chunk=1 Start=7928186405829 End=7928186493259 Duration=87430
Task=53 Chunk=0 Start=7928186405774 End=7928186521509 Duration=115735
Task=53 Chunk=1 Start=7928186521525 End=7928186611046 Duration=89521
Task=54 Chunk=0 Start=7928186521510 End=7928186637943 Duration=116433
Task=54 Chunk=1 Start=7928186637970 End=7928186722543 Duration=84573
Task=55 Chunk=0 Start=7928186637944 End=7928186753690 Duration=115746
Task=55 Chunk=1 Start=7928186753742 End=7928186823617 Duration=69875
Task=56 Chunk=0 Start=7928186753691 End=7928186869902 Duration=116211
Task=56 Chunk=1 Start=7928186869944 End=7928186952025 Duration=82081
Task=57 Chunk=0 Start=7928186869902 End=7928186986007 Duration=116105
Task=57 Chunk=1 Start=7928186986049 End=7928187054517 Duration=68468
Task=58 Chunk=0 Start=7928186986008 End=7928187101296 Duration=115288
Task=58 Chunk=1 Start=7928187101338 End=7928187178878 Duration=77540
Task=59 Chunk=0 Start=7928187101297 End=7928187215977 Duration=114680
Task=59 Chunk=1 Start=7928187215999 End=7928187291247 Duration=75248
Task=60 Chunk=0 Start=7928187215978 End=7928187331281 Duration=115303
Task=60 Chunk=1 Start=7928187331314 End=7928187402666 Duration=71352
Task=61 Chunk=0 Start=7928187331282 End=7928187446515 Duration=115233
Task=61 Chunk=1 Start=7928187446560 End=7928187525394 Duration=78834
Task=62 Chunk=0 Start=7928187446516 End=7928187562283 Duration=115767
Task=62 Chunk=1 Start=7928187562331 End=7928187641210 Duration=78879
Task=63 Chunk=0 Start=7928187562283 End=7928187677685 Duration=115402
Task=63 Chunk=1 Start=7928187677692 End=7928187764985 Duration=87293
Task=64 Chunk=0 Start=7928187677685 End=7928187794128 Duration=116443
Task=64 Chunk=1 Start=7928187794145 End=7928187879588 Duration=85443
Task=65 Chunk=0 Start=7928187794129 End=7928187909556 Duration=115427
Task=65 Chunk=1 Start=7928187909576 End=7928187996744 Duration=87168
Task=66 Chunk=0 Start=7928187909557 End=7928188025256 Duration=115699
Task=66 Chunk=1 Start=7928188025298 End=7928188102716 Duration=77418
Task=67 Chunk=0 Start=7928188025257 End=7928188140367 Duration=115110
Task=67 Chunk=1 Start=7928188140391 End=7928188226259 Duration=85868
Task=68 Chunk=0 Start=7928188140368 End=7928188255826 Duration=115458
Task=68 Chunk=1 Start=7928188255839 End=7928188336652 Duration=80813
Task=69 Chunk=0 Start=7928188255826 End=7928188371432 Duration=115606
Task=69 Chunk=1 Start=7928188371453 End=7928188448976 Duration=77523
Task=70 Chunk=0 Start=7928188371432 End=7928188486758 Duration=115326
Task=70 Chunk=1 Start=7928188486803 End=7928188563977 Duration=77174
Task=71 Chunk=0 Start=7928188486758 End=7928188601721 Duration=114963
Task=71 Chunk=1 Start=7928188601750 End=7928188671685 Duration=69935
Task=72 Chunk=0 Start=7928188601724 End=7928188717421 Duration=115697
Task=72 Chunk=1 Start=7928188717453 End=7928188802061 Duration=84608
Task=73 Chunk=0 Start=7928188717422 End=7928188832041 Duration=114619
Task=73 Chunk=1 Start=7928188832088 End=7928188918397 Duration=86309
Task=74 Chunk=0 Start=7928188832042 End=7928188947354 Duration=115312
Task=74 Chunk=1 Start=7928188947377 End=7928189021525 Duration=74148
Task=75 Chunk=0 Start=7928188947354 End=7928189062487 Duration=115133
Task=75 Chunk=1 Start=7928189062495 End=7928189148793 Duration=86298
Task=76 Chunk=0 Start=7928189062488 End=7928189178163 Duration=115675
Task=76 Chunk=1 Start=7928189178182 End=7928189256163 Duration=77981
Task=77 Chunk=0 Start=7928189178164 End=7928189293119 Duration=114955
Task=77 Chunk=1 Start=7928189293167 End=7928189381894 Duration=88727
Task=78 Chunk=0 Start=7928189293120 End=7928189408677 Duration=115557
Task=78 Chunk=1 Start=7928189408710 End=7928189487424 Duration=78714
Task=79 Chunk=0 Start=7928189408677 End=7928189524295 Duration=115618
Task=79 Chunk=1 Start=7928189524347 End=7928189595907 Duration=71560
Task=80 Chunk=0 Start=7928189524299 End=7928189639786 Duration=115487
Task=80 Chunk=1 Start=7928189639839 End=7928189722837 Duration=82998
Task=81 Chunk=0 Start=7928189639787 End=7928189754696 Duration=114909
Task=81 Chunk=1 Start=7928189754721 End=7928189842532 Duration=87811
Task=82 Chunk=0 Start=7928189754697 End=7928189870243 Duration=115546
Task=82 Chunk=1 Start=7928189870269 End=7928189947360 Duration=77091
Task=83 Chunk=0 Start=7928189870244 End=7928189985243 Duration=114999
Task=83 Chunk=1 Start=7928189985298 End=7928190056381 Duration=71083
Task=84 Chunk=0 Start=7928189985245 End=7928190100736 Duration=115491
Task=84 Chunk=1 Start=7928190100751 End=7928190185601 Duration=84850
Task=85 Chunk=0 Start=7928190100737 End=7928190215684 Duration=114947
Task=85 Chunk=1 Start=7928190215701 End=7928190302156 Duration=86455
Task=86 Chunk=0 Start=7928190215685 End=7928190330908 Duration=115223
Task=86 Chunk=1 Start=7928190330959 End=7928190403302 Duration=72343
Task=87 Chunk=0 Start=7928190330909 End=7928190445840 Duration=114931
Task=87 Chunk=1 Start=7928190445854 End=7928190520579 Duration=74725
Task=88 Chunk=0 Start=7928190445841 End=7928190560975 Duration=115134
Task=88 Chunk=1 Start=7928190561024 End=7928190638385 Duration=77361
Task=89 Chunk=0 Start=7928190560976 End=7928190675806 Duration=114830
Task=89 Chunk=1 Start=7928190675839 End=7928190752706 Duration=76867
Task=90 Chunk=0 Start=7928190675807 End=7928190791183 Duration=115376
Task=90 Chunk=1 Start=7928190791222 End=7928190869445 Duration=78223
Task=91 Chunk=0 Start=7928190791184 End=7928190906162 Duration=114978
Task=91 Chunk=1 Start=7928190906197 End=7928190998140 Duration=91943
Task=92 Chunk=0 Start=7928190906163 End=7928191021508 Duration=115345
Task=92 Chunk=1 Start=7928191021565 End=7928191104565 Duration=83000
Task=93 Chunk=0 Start=7928191021509 End=7928191136511 Duration=115002
Task=93 Chunk=1 Start=7928191136554 End=7928191209908 Duration=73354
Task=94 Chunk=0 Start=7928191136512 End=7928191253015 Duration=116503
Task=94 Chunk=1 Start=7928191253046 End=7928191322820 Duration=69774
Task=95 Chunk=0 Start=7928191253015 End=7928191368269 Duration=115254
Task=95 Chunk=1 Start=7928191368299 End=7928191438038 Duration=69739
Task=96 Chunk=0 Start=7928191368270 End=7928191483741 Duration=115471
Task=96 Chunk=1 Start=7928191483791 End=7928191561071 Duration=77280
Task=97 Chunk=0 Start=7928191483742 End=7928191598987 Duration=115245
Task=97 Chunk=1 Start=7928191599043 End=7928191671825 Duration=72782
Task=98 Chunk=0 Start=7928191598988 End=7928191714145 Duration=115157
Task=98 Chunk=1 Start=7928191714154 End=7928191789147 Duration=74993
Task=99 Chunk=0 Start=7928191714146 End=7928191829207 Duration=115061
Task=99 Chunk=1 Start=7928191829226 End=7928191912721 Duration=83495
### Python End ###

--------------------------------
[2025-06-29 14:29:25.229] [info] Available Vulkan Layers:
[2025-06-29 14:29:25.229] [warning] Validation layer requested but not available, continuing without it...
[2025-06-29 14:29:25.232] [info] Using integrated GPU: Adreno (TM) 740
[2025-06-29 14:29:25.241] [info] VulkanDispatcher instance created.
[2025-06-29 14:29:25.339] [info] Total memory used: 40550404 bytes (38.67188 MB)
[2025-06-29 14:29:25.352] [info] Total memory used: 40550404 bytes (38.67188 MB)
[2025-06-29 14:29:25.374] [info] Total memory used: 40550404 bytes (38.67188 MB)
[2025-06-29 14:29:25.384] [info] Total memory used: 40550404 bytes (38.67188 MB)
[2025-06-29 14:29:25.393] [info] Total memory used: 40550404 bytes (38.67188 MB)
[2025-06-29 14:29:25.432] [info] Total memory used: 40550404 bytes (38.67188 MB)
[2025-06-29 14:29:25.441] [info] Total memory used: 40550404 bytes (38.67188 MB)
[2025-06-29 14:29:25.450] [info] Total memory used: 40550404 bytes (38.67188 MB)
[2025-06-29 14:29:25.460] [info] Total memory used: 40550404 bytes (38.67188 MB)
[2025-06-29 14:29:25.469] [info] Total memory used: 40550404 bytes (38.67188 MB)
[2025-06-29 14:29:25.509] [info] Total memory used: 40550404 bytes (38.67188 MB)
[2025-06-29 14:29:25.518] [info] Total memory used: 40550404 bytes (38.67188 MB)
[2025-06-29 14:29:25.528] [info] Total memory used: 40550404 bytes (38.67188 MB)
[2025-06-29 14:29:25.537] [info] Total memory used: 40550404 bytes (38.67188 MB)
[2025-06-29 14:29:25.546] [info] Total memory used: 40550404 bytes (38.67188 MB)
[2025-06-29 14:29:25.556] [info] Total memory used: 40550404 bytes (38.67188 MB)
### Python Begin ###
Schedule_UID=SCH-B2G2L2M1-G091-36fe
Frequency=19200000 Hz
Task=0 Chunk=0 Start=7928199262991 End=7928199300535 Duration=37544
Task=0 Chunk=1 Start=7928199300625 End=7928199499483 Duration=198858
Task=0 Chunk=2 Start=7928199499498 End=7928199515333 Duration=15835
Task=0 Chunk=3 Start=7928199515342 End=7928199519140 Duration=3798
Task=1 Chunk=0 Start=7928199300538 End=7928199330276 Duration=29738
Task=1 Chunk=1 Start=7928199499488 End=7928199532864 Duration=33376
Task=1 Chunk=2 Start=7928199532913 End=7928199539859 Duration=6946
Task=1 Chunk=3 Start=7928199539873 End=7928199540009 Duration=136
Task=2 Chunk=0 Start=7928199330276 End=7928199359773 Duration=29497
Task=2 Chunk=1 Start=7928199532868 End=7928199560555 Duration=27687
Task=2 Chunk=2 Start=7928199560609 End=7928199567016 Duration=6407
Task=2 Chunk=3 Start=7928199567027 End=7928199567133 Duration=106
Task=3 Chunk=0 Start=7928199359774 End=7928199408687 Duration=48913
Task=3 Chunk=1 Start=7928199560561 End=7928199587526 Duration=26965
Task=3 Chunk=2 Start=7928199587532 End=7928199597612 Duration=10080
Task=3 Chunk=3 Start=7928199597629 End=7928199597724 Duration=95
Task=4 Chunk=0 Start=7928199408687 End=7928199461548 Duration=52861
Task=4 Chunk=1 Start=7928199587527 End=7928199614231 Duration=26704
Task=4 Chunk=2 Start=7928199614289 End=7928199620776 Duration=6487
Task=4 Chunk=3 Start=7928199620795 End=7928199620902 Duration=107
Task=5 Chunk=0 Start=7928199461549 End=7928199503236 Duration=41687
Task=5 Chunk=1 Start=7928199614232 End=7928199641637 Duration=27405
Task=5 Chunk=2 Start=7928199641655 End=7928199655151 Duration=13496
Task=5 Chunk=3 Start=7928199655164 End=7928199655243 Duration=79
Task=6 Chunk=0 Start=7928199503239 End=7928199530820 Duration=27581
Task=6 Chunk=1 Start=7928199641639 End=7928199670046 Duration=28407
Task=6 Chunk=2 Start=7928199670250 End=7928199676882 Duration=6632
Task=6 Chunk=3 Start=7928199676896 End=7928199676952 Duration=56
Task=7 Chunk=0 Start=7928199530822 End=7928199557067 Duration=26245
Task=7 Chunk=1 Start=7928199670047 End=7928199697483 Duration=27436
Task=7 Chunk=2 Start=7928199697502 End=7928199705683 Duration=8181
Task=7 Chunk=3 Start=7928199705687 End=7928199705752 Duration=65
Task=8 Chunk=0 Start=7928199557067 End=7928199583316 Duration=26249
Task=8 Chunk=1 Start=7928199697483 End=7928199724497 Duration=27014
Task=8 Chunk=2 Start=7928199724540 End=7928199731302 Duration=6762
Task=8 Chunk=3 Start=7928199731319 End=7928199731376 Duration=57
Task=9 Chunk=0 Start=7928199583316 End=7928199610764 Duration=27448
Task=9 Chunk=1 Start=7928199724498 End=7928199751623 Duration=27125
Task=9 Chunk=2 Start=7928199751670 End=7928199762643 Duration=10973
Task=9 Chunk=3 Start=7928199762659 End=7928199762738 Duration=79
Task=10 Chunk=0 Start=7928199610765 End=7928199637069 Duration=26304
Task=10 Chunk=1 Start=7928199751624 End=7928199778574 Duration=26950
Task=10 Chunk=2 Start=7928199778596 End=7928199785371 Duration=6775
Task=10 Chunk=3 Start=7928199785378 End=7928199785433 Duration=55
Task=11 Chunk=0 Start=7928199637070 End=7928199663610 Duration=26540
Task=11 Chunk=1 Start=7928199778575 End=7928199805939 Duration=27364
Task=11 Chunk=2 Start=7928199805983 End=7928199812602 Duration=6619
Task=11 Chunk=3 Start=7928199812622 End=7928199812674 Duration=52
Task=12 Chunk=0 Start=7928199663611 End=7928199690621 Duration=27010
Task=12 Chunk=1 Start=7928199805940 End=7928199833556 Duration=27616
Task=12 Chunk=2 Start=7928199833721 End=7928199844676 Duration=10955
Task=12 Chunk=3 Start=7928199844688 End=7928199844748 Duration=60
Task=13 Chunk=0 Start=7928199690622 End=7928199716923 Duration=26301
Task=13 Chunk=1 Start=7928199833556 End=7928199860968 Duration=27412
Task=13 Chunk=2 Start=7928199861012 End=7928199867801 Duration=6789
Task=13 Chunk=3 Start=7928199867812 End=7928199867888 Duration=76
Task=14 Chunk=0 Start=7928199716924 End=7928199743557 Duration=26633
Task=14 Chunk=1 Start=7928199860969 End=7928199887764 Duration=26795
Task=14 Chunk=2 Start=7928199887790 End=7928199894587 Duration=6797
Task=14 Chunk=3 Start=7928199894602 End=7928199894657 Duration=55
Task=15 Chunk=0 Start=7928199743557 End=7928199770557 Duration=27000
Task=15 Chunk=1 Start=7928199887765 End=7928199914572 Duration=26807
Task=15 Chunk=2 Start=7928199914632 End=7928199921139 Duration=6507
Task=15 Chunk=3 Start=7928199921155 End=7928199921274 Duration=119
Task=16 Chunk=0 Start=7928199770558 End=7928199797279 Duration=26721
Task=16 Chunk=1 Start=7928199914573 End=7928199941605 Duration=27032
Task=16 Chunk=2 Start=7928199941617 End=7928199948422 Duration=6805
Task=16 Chunk=3 Start=7928199948443 End=7928199948531 Duration=88
Task=17 Chunk=0 Start=7928199797280 End=7928199823849 Duration=26569
Task=17 Chunk=1 Start=7928199941605 End=7928199968963 Duration=27358
Task=17 Chunk=2 Start=7928199969003 End=7928199975324 Duration=6321
Task=17 Chunk=3 Start=7928199975334 End=7928199975391 Duration=57
Task=18 Chunk=0 Start=7928199823849 End=7928199851094 Duration=27245
Task=18 Chunk=1 Start=7928199968963 End=7928199996126 Duration=27163
Task=18 Chunk=2 Start=7928199996137 End=7928200002570 Duration=6433
Task=18 Chunk=3 Start=7928200002587 End=7928200002670 Duration=83
Task=19 Chunk=0 Start=7928199851095 End=7928199877913 Duration=26818
Task=19 Chunk=1 Start=7928199996127 End=7928200023453 Duration=27326
Task=19 Chunk=2 Start=7928200023495 End=7928200029876 Duration=6381
Task=19 Chunk=3 Start=7928200029882 End=7928200029960 Duration=78
Task=20 Chunk=0 Start=7928199877914 End=7928199904647 Duration=26733
Task=20 Chunk=1 Start=7928200023454 End=7928200050371 Duration=26917
Task=20 Chunk=2 Start=7928200050377 End=7928200060498 Duration=10121
Task=20 Chunk=3 Start=7928200060509 End=7928200060564 Duration=55
Task=21 Chunk=0 Start=7928199904648 End=7928199931875 Duration=27227
Task=21 Chunk=1 Start=7928200050373 End=7928200077516 Duration=27143
Task=21 Chunk=2 Start=7928200077539 End=7928200084013 Duration=6474
Task=21 Chunk=3 Start=7928200084034 End=7928200084096 Duration=62
Task=22 Chunk=0 Start=7928199931876 End=7928199958615 Duration=26739
Task=22 Chunk=1 Start=7928200077516 End=7928200104442 Duration=26926
Task=22 Chunk=2 Start=7928200104494 End=7928200111041 Duration=6547
Task=22 Chunk=3 Start=7928200111059 End=7928200111134 Duration=75
Task=23 Chunk=0 Start=7928199958616 End=7928199985422 Duration=26806
Task=23 Chunk=1 Start=7928200104443 End=7928200131404 Duration=26961
Task=23 Chunk=2 Start=7928200131453 End=7928200137871 Duration=6418
Task=23 Chunk=3 Start=7928200137887 End=7928200137943 Duration=56
Task=24 Chunk=0 Start=7928199985423 End=7928200011475 Duration=26052
Task=24 Chunk=1 Start=7928200131405 End=7928200158159 Duration=26754
Task=24 Chunk=2 Start=7928200158211 End=7928200167100 Duration=8889
Task=24 Chunk=3 Start=7928200167104 End=7928200167183 Duration=79
Task=25 Chunk=0 Start=7928200011476 End=7928200037596 Duration=26120
Task=25 Chunk=1 Start=7928200158160 End=7928200185269 Duration=27109
Task=25 Chunk=2 Start=7928200185295 End=7928200191585 Duration=6290
Task=25 Chunk=3 Start=7928200191601 End=7928200191677 Duration=76
Task=26 Chunk=0 Start=7928200037596 End=7928200064447 Duration=26851
Task=26 Chunk=1 Start=7928200185270 End=7928200212231 Duration=26961
Task=26 Chunk=2 Start=7928200212256 End=7928200220175 Duration=7919
Task=26 Chunk=3 Start=7928200220192 End=7928200220246 Duration=54
Task=27 Chunk=0 Start=7928200064448 End=7928200090663 Duration=26215
Task=27 Chunk=1 Start=7928200212231 End=7928200239432 Duration=27201
Task=27 Chunk=2 Start=7928200239465 End=7928200245768 Duration=6303
Task=27 Chunk=3 Start=7928200245789 End=7928200245847 Duration=58
Task=28 Chunk=0 Start=7928200090664 End=7928200116949 Duration=26285
Task=28 Chunk=1 Start=7928200239433 End=7928200266666 Duration=27233
Task=28 Chunk=2 Start=7928200266681 End=7928200277169 Duration=10488
Task=28 Chunk=3 Start=7928200277181 End=7928200277254 Duration=73
Task=29 Chunk=0 Start=7928200116950 End=7928200143647 Duration=26697
Task=29 Chunk=1 Start=7928200266667 End=7928200294834 Duration=28167
Task=29 Chunk=2 Start=7928200294876 End=7928200302765 Duration=7889
Task=29 Chunk=3 Start=7928200302785 End=7928200302886 Duration=101
Task=30 Chunk=0 Start=7928200143648 End=7928200169910 Duration=26262
Task=30 Chunk=1 Start=7928200294835 End=7928200322477 Duration=27642
Task=30 Chunk=2 Start=7928200322524 End=7928200329124 Duration=6600
Task=30 Chunk=3 Start=7928200329129 End=7928200329184 Duration=55
Task=31 Chunk=0 Start=7928200169911 End=7928200196023 Duration=26112
Task=31 Chunk=1 Start=7928200322478 End=7928200349264 Duration=26786
Task=31 Chunk=2 Start=7928200349310 End=7928200355926 Duration=6616
Task=31 Chunk=3 Start=7928200355947 End=7928200356000 Duration=53
Task=32 Chunk=0 Start=7928200196023 End=7928200222800 Duration=26777
Task=32 Chunk=1 Start=7928200349264 End=7928200376308 Duration=27044
Task=32 Chunk=2 Start=7928200376322 End=7928200382831 Duration=6509
Task=32 Chunk=3 Start=7928200382844 End=7928200382922 Duration=78
Task=33 Chunk=0 Start=7928200222801 End=7928200248955 Duration=26154
Task=33 Chunk=1 Start=7928200376309 End=7928200403147 Duration=26838
Task=33 Chunk=2 Start=7928200403171 End=7928200409658 Duration=6487
Task=33 Chunk=3 Start=7928200409674 End=7928200410900 Duration=1226
Task=34 Chunk=0 Start=7928200248956 End=7928200275264 Duration=26308
Task=34 Chunk=1 Start=7928200403148 End=7928200430223 Duration=27075
Task=34 Chunk=2 Start=7928200430274 End=7928200436854 Duration=6580
Task=34 Chunk=3 Start=7928200436867 End=7928200436946 Duration=79
Task=35 Chunk=0 Start=7928200275265 End=7928200302750 Duration=27485
Task=35 Chunk=1 Start=7928200430224 End=7928200457547 Duration=27323
Task=35 Chunk=2 Start=7928200457560 End=7928200464377 Duration=6817
Task=35 Chunk=3 Start=7928200464388 End=7928200464490 Duration=102
Task=36 Chunk=0 Start=7928200302750 End=7928200329633 Duration=26883
Task=36 Chunk=1 Start=7928200457548 End=7928200484632 Duration=27084
Task=36 Chunk=2 Start=7928200484636 End=7928200500068 Duration=15432
Task=36 Chunk=3 Start=7928200500088 End=7928200500152 Duration=64
Task=37 Chunk=0 Start=7928200329634 End=7928200356244 Duration=26610
Task=37 Chunk=1 Start=7928200484633 End=7928200511403 Duration=26770
Task=37 Chunk=2 Start=7928200511426 End=7928200518060 Duration=6634
Task=37 Chunk=3 Start=7928200518078 End=7928200518134 Duration=56
Task=38 Chunk=0 Start=7928200356245 End=7928200383595 Duration=27350
Task=38 Chunk=1 Start=7928200511404 End=7928200538413 Duration=27009
Task=38 Chunk=2 Start=7928200538456 End=7928200545193 Duration=6737
Task=38 Chunk=3 Start=7928200545201 End=7928200545284 Duration=83
Task=39 Chunk=0 Start=7928200383596 End=7928200410146 Duration=26550
Task=39 Chunk=1 Start=7928200538413 End=7928200565387 Duration=26974
Task=39 Chunk=2 Start=7928200565409 End=7928200572050 Duration=6641
Task=39 Chunk=3 Start=7928200572065 End=7928200572120 Duration=55
Task=40 Chunk=0 Start=7928200410147 End=7928200436862 Duration=26715
Task=40 Chunk=1 Start=7928200565388 End=7928200592472 Duration=27084
Task=40 Chunk=2 Start=7928200592507 End=7928200602378 Duration=9871
Task=40 Chunk=3 Start=7928200604223 End=7928200604354 Duration=131
Task=41 Chunk=0 Start=7928200436863 End=7928200464379 Duration=27516
Task=41 Chunk=1 Start=7928200592473 End=7928200619540 Duration=27067
Task=41 Chunk=2 Start=7928200619581 End=7928200626294 Duration=6713
Task=41 Chunk=3 Start=7928200626314 End=7928200626380 Duration=66
Task=42 Chunk=0 Start=7928200464379 End=7928200491090 Duration=26711
Task=42 Chunk=1 Start=7928200619541 End=7928200646771 Duration=27230
Task=42 Chunk=2 Start=7928200646799 End=7928200653376 Duration=6577
Task=42 Chunk=3 Start=7928200653391 End=7928200653464 Duration=73
Task=43 Chunk=0 Start=7928200491091 End=7928200517994 Duration=26903
Task=43 Chunk=1 Start=7928200646771 End=7928200673790 Duration=27019
Task=43 Chunk=2 Start=7928200673840 End=7928200684293 Duration=10453
Task=43 Chunk=3 Start=7928200684299 End=7928200684362 Duration=63
Task=44 Chunk=0 Start=7928200517994 End=7928200545448 Duration=27454
Task=44 Chunk=1 Start=7928200673791 End=7928200702804 Duration=29013
Task=44 Chunk=2 Start=7928200702834 End=7928200717585 Duration=14751
Task=44 Chunk=3 Start=7928200717596 End=7928200717651 Duration=55
Task=45 Chunk=0 Start=7928200545449 End=7928200572173 Duration=26724
Task=45 Chunk=1 Start=7928200702805 End=7928200729807 Duration=27002
Task=45 Chunk=2 Start=7928200729845 End=7928200739971 Duration=10126
Task=45 Chunk=3 Start=7928200739976 End=7928200740029 Duration=53
Task=46 Chunk=0 Start=7928200572173 End=7928200599380 Duration=27207
Task=46 Chunk=1 Start=7928200729808 End=7928200756740 Duration=26932
Task=46 Chunk=2 Start=7928200756765 End=7928200765068 Duration=8303
Task=46 Chunk=3 Start=7928200765084 End=7928200765185 Duration=101
Task=47 Chunk=0 Start=7928200599381 End=7928200626196 Duration=26815
Task=47 Chunk=1 Start=7928200756742 End=7928200783959 Duration=27217
Task=47 Chunk=2 Start=7928200783990 End=7928200790592 Duration=6602
Task=47 Chunk=3 Start=7928200790600 End=7928200790677 Duration=77
Task=48 Chunk=0 Start=7928200626197 End=7928200652883 Duration=26686
Task=48 Chunk=1 Start=7928200783959 End=7928200811123 Duration=27164
Task=48 Chunk=2 Start=7928200811153 End=7928200817669 Duration=6516
Task=48 Chunk=3 Start=7928200817689 End=7928200817761 Duration=72
Task=49 Chunk=0 Start=7928200652883 End=7928200680501 Duration=27618
Task=49 Chunk=1 Start=7928200811124 End=7928200837892 Duration=26768
Task=49 Chunk=2 Start=7928200837910 End=7928200844475 Duration=6565
Task=49 Chunk=3 Start=7928200844480 End=7928200844566 Duration=86
Task=50 Chunk=0 Start=7928200680502 End=7928200707473 Duration=26971
Task=50 Chunk=1 Start=7928200837894 End=7928200865251 Duration=27357
Task=50 Chunk=2 Start=7928200865283 End=7928200871779 Duration=6496
Task=50 Chunk=3 Start=7928200871782 End=7928200871835 Duration=53
Task=51 Chunk=0 Start=7928200707474 End=7928200734422 Duration=26948
Task=51 Chunk=1 Start=7928200865251 End=7928200892205 Duration=26954
Task=51 Chunk=2 Start=7928200892220 End=7928200898976 Duration=6756
Task=51 Chunk=3 Start=7928200898994 End=7928200899048 Duration=54
Task=52 Chunk=0 Start=7928200734423 End=7928200762347 Duration=27924
Task=52 Chunk=1 Start=7928200892206 End=7928200918942 Duration=26736
Task=52 Chunk=2 Start=7928200919001 End=7928200929063 Duration=10062
Task=52 Chunk=3 Start=7928200929069 End=7928200929174 Duration=105
Task=53 Chunk=0 Start=7928200762350 End=7928200789058 Duration=26708
Task=53 Chunk=1 Start=7928200918945 End=7928200946245 Duration=27300
Task=53 Chunk=2 Start=7928200946250 End=7928200952818 Duration=6568
Task=53 Chunk=3 Start=7928200952822 End=7928200952901 Duration=79
Task=54 Chunk=0 Start=7928200789059 End=7928200815802 Duration=26743
Task=54 Chunk=1 Start=7928200946246 End=7928200972944 Duration=26698
Task=54 Chunk=2 Start=7928200973000 End=7928200979466 Duration=6466
Task=54 Chunk=3 Start=7928200979472 End=7928200979547 Duration=75
Task=55 Chunk=0 Start=7928200815803 End=7928200843146 Duration=27343
Task=55 Chunk=1 Start=7928200972944 End=7928200999895 Duration=26951
Task=55 Chunk=2 Start=7928200999907 End=7928201006579 Duration=6672
Task=55 Chunk=3 Start=7928201006585 End=7928201006654 Duration=69
Task=56 Chunk=0 Start=7928200843147 End=7928200870238 Duration=27091
Task=56 Chunk=1 Start=7928200999901 End=7928201027081 Duration=27180
Task=56 Chunk=2 Start=7928201027092 End=7928201033706 Duration=6614
Task=56 Chunk=3 Start=7928201033723 End=7928201033775 Duration=52
Task=57 Chunk=0 Start=7928200870239 End=7928200897183 Duration=26944
Task=57 Chunk=1 Start=7928201027083 End=7928201054069 Duration=26986
Task=57 Chunk=2 Start=7928201054110 End=7928201063607 Duration=9497
Task=57 Chunk=3 Start=7928201063622 End=7928201063701 Duration=79
Task=58 Chunk=0 Start=7928200897184 End=7928200924505 Duration=27321
Task=58 Chunk=1 Start=7928201054070 End=7928201081424 Duration=27354
Task=58 Chunk=2 Start=7928201081468 End=7928201087998 Duration=6530
Task=58 Chunk=3 Start=7928201088015 End=7928201088079 Duration=64
Task=59 Chunk=0 Start=7928200924506 End=7928200951337 Duration=26831
Task=59 Chunk=1 Start=7928201081426 End=7928201108597 Duration=27171
Task=59 Chunk=2 Start=7928201108610 End=7928201115255 Duration=6645
Task=59 Chunk=3 Start=7928201115258 End=7928201115312 Duration=54
Task=60 Chunk=0 Start=7928200951337 End=7928200978081 Duration=26744
Task=60 Chunk=1 Start=7928201108598 End=7928201135339 Duration=26741
Task=60 Chunk=2 Start=7928201135346 End=7928201147423 Duration=12077
Task=60 Chunk=3 Start=7928201147444 End=7928201147518 Duration=74
Task=61 Chunk=0 Start=7928200978082 End=7928201005410 Duration=27328
Task=61 Chunk=1 Start=7928201135340 End=7928201162244 Duration=26904
Task=61 Chunk=2 Start=7928201162302 End=7928201168871 Duration=6569
Task=61 Chunk=3 Start=7928201168877 End=7928201168932 Duration=55
Task=62 Chunk=0 Start=7928201005411 End=7928201032671 Duration=27260
Task=62 Chunk=1 Start=7928201162245 End=7928201189288 Duration=27043
Task=62 Chunk=2 Start=7928201189315 End=7928201195670 Duration=6355
Task=62 Chunk=3 Start=7928201195686 End=7928201195759 Duration=73
Task=63 Chunk=0 Start=7928201032672 End=7928201059426 Duration=26754
Task=63 Chunk=1 Start=7928201189288 End=7928201216216 Duration=26928
Task=63 Chunk=2 Start=7928201216270 End=7928201223657 Duration=7387
Task=63 Chunk=3 Start=7928201223672 End=7928201223728 Duration=56
Task=64 Chunk=0 Start=7928201059427 End=7928201086527 Duration=27100
Task=64 Chunk=1 Start=7928201216217 End=7928201243264 Duration=27047
Task=64 Chunk=2 Start=7928201243304 End=7928201249924 Duration=6620
Task=64 Chunk=3 Start=7928201249931 End=7928201249986 Duration=55
Task=65 Chunk=0 Start=7928201086528 End=7928201113632 Duration=27104
Task=65 Chunk=1 Start=7928201243265 End=7928201269987 Duration=26722
Task=65 Chunk=2 Start=7928201270034 End=7928201276560 Duration=6526
Task=65 Chunk=3 Start=7928201276580 End=7928201276632 Duration=52
Task=66 Chunk=0 Start=7928201113633 End=7928201141365 Duration=27732
Task=66 Chunk=1 Start=7928201269988 End=7928201296561 Duration=26573
Task=66 Chunk=2 Start=7928201296574 End=7928201303191 Duration=6617
Task=66 Chunk=3 Start=7928201303209 End=7928201303286 Duration=77
Task=67 Chunk=0 Start=7928201141365 End=7928201168430 Duration=27065
Task=67 Chunk=1 Start=7928201296561 End=7928201323444 Duration=26883
Task=67 Chunk=2 Start=7928201323493 End=7928201330193 Duration=6700
Task=67 Chunk=3 Start=7928201330197 End=7928201330256 Duration=59
Task=68 Chunk=0 Start=7928201168430 End=7928201195032 Duration=26602
Task=68 Chunk=1 Start=7928201323445 End=7928201350630 Duration=27185
Task=68 Chunk=2 Start=7928201350646 End=7928201360992 Duration=10346
Task=68 Chunk=3 Start=7928201361012 End=7928201361085 Duration=73
Task=69 Chunk=0 Start=7928201195033 End=7928201222362 Duration=27329
Task=69 Chunk=1 Start=7928201350631 End=7928201377646 Duration=27015
Task=69 Chunk=2 Start=7928201377667 End=7928201384460 Duration=6793
Task=69 Chunk=3 Start=7928201384468 End=7928201384549 Duration=81
Task=70 Chunk=0 Start=7928201222363 End=7928201249310 Duration=26947
Task=70 Chunk=1 Start=7928201377647 End=7928201405061 Duration=27414
Task=70 Chunk=2 Start=7928201405086 End=7928201411749 Duration=6663
Task=70 Chunk=3 Start=7928201411759 End=7928201411811 Duration=52
Task=71 Chunk=0 Start=7928201249317 End=7928201276159 Duration=26842
Task=71 Chunk=1 Start=7928201405062 End=7928201432143 Duration=27081
Task=71 Chunk=2 Start=7928201432189 End=7928201438785 Duration=6596
Task=71 Chunk=3 Start=7928201438795 End=7928201438867 Duration=72
Task=72 Chunk=0 Start=7928201276160 End=7928201303701 Duration=27541
Task=72 Chunk=1 Start=7928201432144 End=7928201459015 Duration=26871
Task=72 Chunk=2 Start=7928201459040 End=7928201465851 Duration=6811
Task=72 Chunk=3 Start=7928201465858 End=7928201465936 Duration=78
Task=73 Chunk=0 Start=7928201303701 End=7928201330458 Duration=26757
Task=73 Chunk=1 Start=7928201459016 End=7928201486229 Duration=27213
Task=73 Chunk=2 Start=7928201486237 End=7928201493062 Duration=6825
Task=73 Chunk=3 Start=7928201493242 End=7928201493293 Duration=51
Task=74 Chunk=0 Start=7928201330459 End=7928201357353 Duration=26894
Task=74 Chunk=1 Start=7928201486229 End=7928201513346 Duration=27117
Task=74 Chunk=2 Start=7928201513384 End=7928201520027 Duration=6643
Task=74 Chunk=3 Start=7928201520039 End=7928201520093 Duration=54
Task=75 Chunk=0 Start=7928201357354 End=7928201384862 Duration=27508
Task=75 Chunk=1 Start=7928201513347 End=7928201540345 Duration=26998
Task=75 Chunk=2 Start=7928201540375 End=7928201546958 Duration=6583
Task=75 Chunk=3 Start=7928201546968 End=7928201547068 Duration=100
Task=76 Chunk=0 Start=7928201384863 End=7928201411683 Duration=26820
Task=76 Chunk=1 Start=7928201540346 End=7928201567268 Duration=26922
Task=76 Chunk=2 Start=7928201567325 End=7928201582513 Duration=15188
Task=76 Chunk=3 Start=7928201582531 End=7928201582584 Duration=53
Task=77 Chunk=0 Start=7928201411684 End=7928201438460 Duration=26776
Task=77 Chunk=1 Start=7928201567270 End=7928201594119 Duration=26849
Task=77 Chunk=2 Start=7928201594132 End=7928201602477 Duration=8345
Task=77 Chunk=3 Start=7928201602496 End=7928201602571 Duration=75
Task=78 Chunk=0 Start=7928201438461 End=7928201465991 Duration=27530
Task=78 Chunk=1 Start=7928201594119 End=7928201621623 Duration=27504
Task=78 Chunk=2 Start=7928201621663 End=7928201628080 Duration=6417
Task=78 Chunk=3 Start=7928201628097 End=7928201628153 Duration=56
Task=79 Chunk=0 Start=7928201465991 End=7928201492890 Duration=26899
Task=79 Chunk=1 Start=7928201621624 End=7928201648848 Duration=27224
Task=79 Chunk=2 Start=7928201648862 End=7928201655332 Duration=6470
Task=79 Chunk=3 Start=7928201655352 End=7928201655405 Duration=53
Task=80 Chunk=0 Start=7928201492891 End=7928201519976 Duration=27085
Task=80 Chunk=1 Start=7928201648848 End=7928201677157 Duration=28309
Task=80 Chunk=2 Start=7928201677212 End=7928201685101 Duration=7889
Task=80 Chunk=3 Start=7928201685114 End=7928201685217 Duration=103
Task=81 Chunk=0 Start=7928201519977 End=7928201547212 Duration=27235
Task=81 Chunk=1 Start=7928201677159 End=7928201704783 Duration=27624
Task=81 Chunk=2 Start=7928201704828 End=7928201711616 Duration=6788
Task=81 Chunk=3 Start=7928201711626 End=7928201711684 Duration=58
Task=82 Chunk=0 Start=7928201547213 End=7928201574001 Duration=26788
Task=82 Chunk=1 Start=7928201704784 End=7928201731869 Duration=27085
Task=82 Chunk=2 Start=7928201731882 End=7928201738368 Duration=6486
Task=82 Chunk=3 Start=7928201738375 End=7928201738432 Duration=57
Task=83 Chunk=0 Start=7928201574001 End=7928201601811 Duration=27810
Task=83 Chunk=1 Start=7928201731870 End=7928201758671 Duration=26801
Task=83 Chunk=2 Start=7928201758692 End=7928201769374 Duration=10682
Task=83 Chunk=3 Start=7928201769385 End=7928201769445 Duration=60
Task=84 Chunk=0 Start=7928201601812 End=7928201628454 Duration=26642
Task=84 Chunk=1 Start=7928201758672 End=7928201785702 Duration=27030
Task=84 Chunk=2 Start=7928201785760 End=7928201792133 Duration=6373
Task=84 Chunk=3 Start=7928201792146 End=7928201792201 Duration=55
Task=85 Chunk=0 Start=7928201628455 End=7928201655229 Duration=26774
Task=85 Chunk=1 Start=7928201785703 End=7928201812560 Duration=26857
Task=85 Chunk=2 Start=7928201812617 End=7928201819068 Duration=6451
Task=85 Chunk=3 Start=7928201819088 End=7928201819135 Duration=47
Task=86 Chunk=0 Start=7928201655229 End=7928201682671 Duration=27442
Task=86 Chunk=1 Start=7928201812561 End=7928201839508 Duration=26947
Task=86 Chunk=2 Start=7928201839543 End=7928201846250 Duration=6707
Task=86 Chunk=3 Start=7928201846267 End=7928201846327 Duration=60
Task=87 Chunk=0 Start=7928201682671 End=7928201709499 Duration=26828
Task=87 Chunk=1 Start=7928201839509 End=7928201866420 Duration=26911
Task=87 Chunk=2 Start=7928201866445 End=7928201873098 Duration=6653
Task=87 Chunk=3 Start=7928201873107 End=7928201873160 Duration=53
Task=88 Chunk=0 Start=7928201709500 End=7928201736279 Duration=26779
Task=88 Chunk=1 Start=7928201866421 End=7928201893094 Duration=26673
Task=88 Chunk=2 Start=7928201893134 End=7928201899618 Duration=6484
Task=88 Chunk=3 Start=7928201899638 End=7928201899691 Duration=53
Task=89 Chunk=0 Start=7928201736279 End=7928201763743 Duration=27464
Task=89 Chunk=1 Start=7928201893095 End=7928201920512 Duration=27417
Task=89 Chunk=2 Start=7928201920533 End=7928201927111 Duration=6578
Task=89 Chunk=3 Start=7928201927124 End=7928201927223 Duration=99
Task=90 Chunk=0 Start=7928201763744 End=7928201790725 Duration=26981
Task=90 Chunk=1 Start=7928201920516 End=7928201947483 Duration=26967
Task=90 Chunk=2 Start=7928201947498 End=7928201953777 Duration=6279
Task=90 Chunk=3 Start=7928201954506 End=7928201954577 Duration=71
Task=91 Chunk=0 Start=7928201790725 End=7928201817406 Duration=26681
Task=91 Chunk=1 Start=7928201947484 End=7928201974547 Duration=27063
Task=91 Chunk=2 Start=7928201974586 End=7928201986614 Duration=12028
Task=91 Chunk=3 Start=7928201986635 End=7928201986709 Duration=74
Task=92 Chunk=0 Start=7928201817407 End=7928201844653 Duration=27246
Task=92 Chunk=1 Start=7928201974548 End=7928202001398 Duration=26850
Task=92 Chunk=2 Start=7928202001440 End=7928202007941 Duration=6501
Task=92 Chunk=3 Start=7928202007951 End=7928202008026 Duration=75
Task=93 Chunk=0 Start=7928201844653 End=7928201871456 Duration=26803
Task=93 Chunk=1 Start=7928202001399 End=7928202028465 Duration=27066
Task=93 Chunk=2 Start=7928202028487 End=7928202034933 Duration=6446
Task=93 Chunk=3 Start=7928202034937 End=7928202034989 Duration=52
Task=94 Chunk=0 Start=7928201871457 End=7928201898322 Duration=26865
Task=94 Chunk=1 Start=7928202028466 End=7928202056899 Duration=28433
Task=94 Chunk=2 Start=7928202056915 End=7928202065447 Duration=8532
Task=94 Chunk=3 Start=7928202065464 End=7928202065526 Duration=62
Task=95 Chunk=0 Start=7928201898323 End=7928201926068 Duration=27745
Task=95 Chunk=1 Start=7928202056905 End=7928202089324 Duration=32419
Task=95 Chunk=2 Start=7928202089341 End=7928202095730 Duration=6389
Task=95 Chunk=3 Start=7928202095737 End=7928202095790 Duration=53
Task=96 Chunk=0 Start=7928201926069 End=7928201953222 Duration=27153
Task=96 Chunk=1 Start=7928202089328 End=7928202116338 Duration=27010
Task=96 Chunk=2 Start=7928202116358 End=7928202122630 Duration=6272
Task=96 Chunk=3 Start=7928202122644 End=7928202122698 Duration=54
Task=97 Chunk=0 Start=7928201953223 End=7928201979864 Duration=26641
Task=97 Chunk=1 Start=7928202116342 End=7928202143089 Duration=26747
Task=97 Chunk=2 Start=7928202143114 End=7928202149590 Duration=6476
Task=97 Chunk=3 Start=7928202149601 End=7928202149660 Duration=59
Task=98 Chunk=0 Start=7928201979865 End=7928202007036 Duration=27171
Task=98 Chunk=1 Start=7928202143094 End=7928202169999 Duration=26905
Task=98 Chunk=2 Start=7928202170006 End=7928202177845 Duration=7839
Task=98 Chunk=3 Start=7928202177855 End=7928202177908 Duration=53
Task=99 Chunk=0 Start=7928202007036 End=7928202033753 Duration=26717
Task=99 Chunk=1 Start=7928202170004 End=7928202203839 Duration=33835
Task=99 Chunk=2 Start=7928202203845 End=7928202210186 Duration=6341
Task=99 Chunk=3 Start=7928202210195 End=7928202210248 Duration=53
### Python End ###

--------------------------------
[2025-06-29 14:29:25.769] [info] Available Vulkan Layers:
[2025-06-29 14:29:25.769] [warning] Validation layer requested but not available, continuing without it...
[2025-06-29 14:29:25.772] [info] Using integrated GPU: Adreno (TM) 740
[2025-06-29 14:29:25.773] [info] VulkanDispatcher instance created.
[2025-06-29 14:29:25.868] [info] Total memory used: 40550404 bytes (38.67188 MB)
[2025-06-29 14:29:25.881] [info] Total memory used: 40550404 bytes (38.67188 MB)
[2025-06-29 14:29:25.904] [info] Total memory used: 40550404 bytes (38.67188 MB)
[2025-06-29 14:29:25.914] [info] Total memory used: 40550404 bytes (38.67188 MB)
[2025-06-29 14:29:25.923] [info] Total memory used: 40550404 bytes (38.67188 MB)
[2025-06-29 14:29:25.962] [info] Total memory used: 40550404 bytes (38.67188 MB)
[2025-06-29 14:29:25.971] [info] Total memory used: 40550404 bytes (38.67188 MB)
[2025-06-29 14:29:25.981] [info] Total memory used: 40550404 bytes (38.67188 MB)
[2025-06-29 14:29:25.990] [info] Total memory used: 40550404 bytes (38.67188 MB)
[2025-06-29 14:29:26.000] [info] Total memory used: 40550404 bytes (38.67188 MB)
[2025-06-29 14:29:26.039] [info] Total memory used: 40550404 bytes (38.67188 MB)
[2025-06-29 14:29:26.048] [info] Total memory used: 40550404 bytes (38.67188 MB)
[2025-06-29 14:29:26.058] [info] Total memory used: 40550404 bytes (38.67188 MB)
[2025-06-29 14:29:26.067] [info] Total memory used: 40550404 bytes (38.67188 MB)
[2025-06-29 14:29:26.077] [info] Total memory used: 40550404 bytes (38.67188 MB)
[2025-06-29 14:29:26.086] [info] Total memory used: 40550404 bytes (38.67188 MB)
### Python Begin ###
Schedule_UID=SCH-M3G2B2-G121-c029
Frequency=19200000 Hz
Task=0 Chunk=0 Start=7928209449930 End=7928209475442 Duration=25512
Task=0 Chunk=1 Start=7928209475456 End=7928209652049 Duration=176593
Task=0 Chunk=2 Start=7928209656332 End=7928209714792 Duration=58460
Task=1 Chunk=0 Start=7928209475448 End=7928209497083 Duration=21635
Task=1 Chunk=1 Start=7928209652050 End=7928209713899 Duration=61849
Task=1 Chunk=2 Start=7928209714797 End=7928209770117 Duration=55320
Task=2 Chunk=0 Start=7928209497084 End=7928209519244 Duration=22160
Task=2 Chunk=1 Start=7928209713900 End=7928209788563 Duration=74663
Task=2 Chunk=2 Start=7928209788576 End=7928209823818 Duration=35242
Task=3 Chunk=0 Start=7928209519245 End=7928209569084 Duration=49839
Task=3 Chunk=1 Start=7928209788564 End=7928209806723 Duration=18159
Task=3 Chunk=2 Start=7928209823821 End=7928209851122 Duration=27301
Task=4 Chunk=0 Start=7928209569085 End=7928209636732 Duration=67647
Task=4 Chunk=1 Start=7928209806751 End=7928209826617 Duration=19866
Task=4 Chunk=2 Start=7928209851123 End=7928209878576 Duration=27453
Task=5 Chunk=0 Start=7928209636743 End=7928209660424 Duration=23681
Task=5 Chunk=1 Start=7928209826626 End=7928209843307 Duration=16681
Task=5 Chunk=2 Start=7928209878577 End=7928209908056 Duration=29479
Task=6 Chunk=0 Start=7928209660425 End=7928209684718 Duration=24293
Task=6 Chunk=1 Start=7928209843314 End=7928209859892 Duration=16578
Task=6 Chunk=2 Start=7928209908057 End=7928209934777 Duration=26720
Task=7 Chunk=0 Start=7928209684719 End=7928209707946 Duration=23227
Task=7 Chunk=1 Start=7928209859898 End=7928209876154 Duration=16256
Task=7 Chunk=2 Start=7928209934777 End=7928209960270 Duration=25493
Task=8 Chunk=0 Start=7928209707946 End=7928209735314 Duration=27368
Task=8 Chunk=1 Start=7928209876160 End=7928209892735 Duration=16575
Task=8 Chunk=2 Start=7928209960271 End=7928209985723 Duration=25452
Task=9 Chunk=0 Start=7928209735315 End=7928209759451 Duration=24136
Task=9 Chunk=1 Start=7928209892741 End=7928209908378 Duration=15637
Task=9 Chunk=2 Start=7928209985723 End=7928210010684 Duration=24961
Task=10 Chunk=0 Start=7928209759451 End=7928209782609 Duration=23158
Task=10 Chunk=1 Start=7928209908384 End=7928209923522 Duration=15138
Task=10 Chunk=2 Start=7928210010685 End=7928210035513 Duration=24828
Task=11 Chunk=0 Start=7928209782610 End=7928209808572 Duration=25962
Task=11 Chunk=1 Start=7928209923528 End=7928209938661 Duration=15133
Task=11 Chunk=2 Start=7928210035514 End=7928210061077 Duration=25563
Task=12 Chunk=0 Start=7928209808577 End=7928209832978 Duration=24401
Task=12 Chunk=1 Start=7928209938666 End=7928209953738 Duration=15072
Task=12 Chunk=2 Start=7928210061078 End=7928210085852 Duration=24774
Task=13 Chunk=0 Start=7928209832979 End=7928209859096 Duration=26117
Task=13 Chunk=1 Start=7928209953743 End=7928209969709 Duration=15966
Task=13 Chunk=2 Start=7928210085853 End=7928210110906 Duration=25053
Task=14 Chunk=0 Start=7928209859097 End=7928209882829 Duration=23732
Task=14 Chunk=1 Start=7928209969714 End=7928209986371 Duration=16657
Task=14 Chunk=2 Start=7928210110907 End=7928210136198 Duration=25291
Task=15 Chunk=0 Start=7928209882833 End=7928209909801 Duration=26968
Task=15 Chunk=1 Start=7928209986380 End=7928210003231 Duration=16851
Task=15 Chunk=2 Start=7928210136198 End=7928210160832 Duration=24634
Task=16 Chunk=0 Start=7928209909802 End=7928209932956 Duration=23154
Task=16 Chunk=1 Start=7928210003240 End=7928210020297 Duration=17057
Task=16 Chunk=2 Start=7928210160833 End=7928210185254 Duration=24421
Task=17 Chunk=0 Start=7928209932957 End=7928209955579 Duration=22622
Task=17 Chunk=1 Start=7928210020317 End=7928210037225 Duration=16908
Task=17 Chunk=2 Start=7928210185256 End=7928210210982 Duration=25726
Task=18 Chunk=0 Start=7928209955580 End=7928209977952 Duration=22372
Task=18 Chunk=1 Start=7928210037236 End=7928210053668 Duration=16432
Task=18 Chunk=2 Start=7928210210984 End=7928210235347 Duration=24363
Task=19 Chunk=0 Start=7928209977952 End=7928209999854 Duration=21902
Task=19 Chunk=1 Start=7928210053675 End=7928210069188 Duration=15513
Task=19 Chunk=2 Start=7928210235350 End=7928210259899 Duration=24549
Task=20 Chunk=0 Start=7928209999855 End=7928210023081 Duration=23226
Task=20 Chunk=1 Start=7928210069194 End=7928210084329 Duration=15135
Task=20 Chunk=2 Start=7928210259900 End=7928210284855 Duration=24955
Task=21 Chunk=0 Start=7928210023081 End=7928210046258 Duration=23177
Task=21 Chunk=1 Start=7928210084335 End=7928210103756 Duration=19421
Task=21 Chunk=2 Start=7928210284855 End=7928210309196 Duration=24341
Task=22 Chunk=0 Start=7928210046259 End=7928210068054 Duration=21795
Task=22 Chunk=1 Start=7928210103761 End=7928210118890 Duration=15129
Task=22 Chunk=2 Start=7928210309197 End=7928210333465 Duration=24268
Task=23 Chunk=0 Start=7928210068054 End=7928210089655 Duration=21601
Task=23 Chunk=1 Start=7928210118895 End=7928210134156 Duration=15261
Task=23 Chunk=2 Start=7928210333466 End=7928210359306 Duration=25840
Task=24 Chunk=0 Start=7928210089656 End=7928210114844 Duration=25188
Task=24 Chunk=1 Start=7928210134162 End=7928210149337 Duration=15175
Task=24 Chunk=2 Start=7928210359307 End=7928210383765 Duration=24458
Task=25 Chunk=0 Start=7928210114845 End=7928210137062 Duration=22217
Task=25 Chunk=1 Start=7928210149342 End=7928210164408 Duration=15066
Task=25 Chunk=2 Start=7928210383766 End=7928210408205 Duration=24439
Task=26 Chunk=0 Start=7928210137062 End=7928210159140 Duration=22078
Task=26 Chunk=1 Start=7928210164417 End=7928210179717 Duration=15300
Task=26 Chunk=2 Start=7928210408205 End=7928210433303 Duration=25098
Task=27 Chunk=0 Start=7928210159143 End=7928210180833 Duration=21690
Task=27 Chunk=1 Start=7928210180950 End=7928210196129 Duration=15179
Task=27 Chunk=2 Start=7928210433304 End=7928210457514 Duration=24210
Task=28 Chunk=0 Start=7928210180835 End=7928210203171 Duration=22336
Task=28 Chunk=1 Start=7928210203245 End=7928210218684 Duration=15439
Task=28 Chunk=2 Start=7928210457514 End=7928210481777 Duration=24263
Task=29 Chunk=0 Start=7928210203172 End=7928210224683 Duration=21511
Task=29 Chunk=1 Start=7928210224756 End=7928210240298 Duration=15542
Task=29 Chunk=2 Start=7928210481778 End=7928210506833 Duration=25055
Task=30 Chunk=0 Start=7928210224683 End=7928210246319 Duration=21636
Task=30 Chunk=1 Start=7928210246449 End=7928210261831 Duration=15382
Task=30 Chunk=2 Start=7928210506834 End=7928210531562 Duration=24728
Task=31 Chunk=0 Start=7928210246320 End=7928210268132 Duration=21812
Task=31 Chunk=1 Start=7928210268285 End=7928210283904 Duration=15619
Task=31 Chunk=2 Start=7928210531562 End=7928210556212 Duration=24650
Task=32 Chunk=0 Start=7928210268133 End=7928210290545 Duration=22412
Task=32 Chunk=1 Start=7928210290664 End=7928210306247 Duration=15583
Task=32 Chunk=2 Start=7928210556213 End=7928210580594 Duration=24381
Task=33 Chunk=0 Start=7928210290546 End=7928210312319 Duration=21773
Task=33 Chunk=1 Start=7928210312405 End=7928210327641 Duration=15236
Task=33 Chunk=2 Start=7928210580597 End=7928210605671 Duration=25074
Task=34 Chunk=0 Start=7928210312320 End=7928210333960 Duration=21640
Task=34 Chunk=1 Start=7928210334080 End=7928210349363 Duration=15283
Task=34 Chunk=2 Start=7928210605672 End=7928210630243 Duration=24571
Task=35 Chunk=0 Start=7928210333961 End=7928210356622 Duration=22661
Task=35 Chunk=1 Start=7928210356704 End=7928210372008 Duration=15304
Task=35 Chunk=2 Start=7928210630244 End=7928210654726 Duration=24482
Task=36 Chunk=0 Start=7928210356623 End=7928210378192 Duration=21569
Task=36 Chunk=1 Start=7928210378351 End=7928210393545 Duration=15194
Task=36 Chunk=2 Start=7928210654727 End=7928210680231 Duration=25504
Task=37 Chunk=0 Start=7928210378192 End=7928210399890 Duration=21698
Task=37 Chunk=1 Start=7928210400031 End=7928210415984 Duration=15953
Task=37 Chunk=2 Start=7928210680232 End=7928210704730 Duration=24498
Task=38 Chunk=0 Start=7928210399891 End=7928210421533 Duration=21642
Task=38 Chunk=1 Start=7928210421661 End=7928210436486 Duration=14825
Task=38 Chunk=2 Start=7928210704731 End=7928210729036 Duration=24305
Task=39 Chunk=0 Start=7928210421534 End=7928210444053 Duration=22519
Task=39 Chunk=1 Start=7928210444098 End=7928210458780 Duration=14682
Task=39 Chunk=2 Start=7928210729037 End=7928210754163 Duration=25126
Task=40 Chunk=0 Start=7928210444054 End=7928210465895 Duration=21841
Task=40 Chunk=1 Start=7928210465901 End=7928210480492 Duration=14591
Task=40 Chunk=2 Start=7928210754166 End=7928210778634 Duration=24468
Task=41 Chunk=0 Start=7928210465895 End=7928210487717 Duration=21822
Task=41 Chunk=1 Start=7928210487805 End=7928210502368 Duration=14563
Task=41 Chunk=2 Start=7928210778635 End=7928210803028 Duration=24393
Task=42 Chunk=0 Start=7928210487717 End=7928210510164 Duration=22447
Task=42 Chunk=1 Start=7928210510293 End=7928210524930 Duration=14637
Task=42 Chunk=2 Start=7928210803028 End=7928210828837 Duration=25809
Task=43 Chunk=0 Start=7928210510164 End=7928210531884 Duration=21720
Task=43 Chunk=1 Start=7928210532006 End=7928210546770 Duration=14764
Task=43 Chunk=2 Start=7928210828838 End=7928210853294 Duration=24456
Task=44 Chunk=0 Start=7928210531884 End=7928210553472 Duration=21588
Task=44 Chunk=1 Start=7928210553508 End=7928210568344 Duration=14836
Task=44 Chunk=2 Start=7928210853295 End=7928210877623 Duration=24328
Task=45 Chunk=0 Start=7928210553473 End=7928210575058 Duration=21585
Task=45 Chunk=1 Start=7928210575183 End=7928210598245 Duration=23062
Task=45 Chunk=2 Start=7928210877624 End=7928210903321 Duration=25697
Task=46 Chunk=0 Start=7928210575060 End=7928210597708 Duration=22648
Task=46 Chunk=1 Start=7928210598256 End=7928210615472 Duration=17216
Task=46 Chunk=2 Start=7928210903321 End=7928210927505 Duration=24184
Task=47 Chunk=0 Start=7928210597711 End=7928210619301 Duration=21590
Task=47 Chunk=1 Start=7928210619361 End=7928210644180 Duration=24819
Task=47 Chunk=2 Start=7928210927506 End=7928210951906 Duration=24400
Task=48 Chunk=0 Start=7928210619302 End=7928210641178 Duration=21876
Task=48 Chunk=1 Start=7928210644185 End=7928210658939 Duration=14754
Task=48 Chunk=2 Start=7928210951907 End=7928210977343 Duration=25436
Task=49 Chunk=0 Start=7928210641178 End=7928210664097 Duration=22919
Task=49 Chunk=1 Start=7928210664160 End=7928210679043 Duration=14883
Task=49 Chunk=2 Start=7928210977344 End=7928211001887 Duration=24543
Task=50 Chunk=0 Start=7928210664097 End=7928210686091 Duration=21994
Task=50 Chunk=1 Start=7928210686245 End=7928210701104 Duration=14859
Task=50 Chunk=2 Start=7928211001888 End=7928211026190 Duration=24302
Task=51 Chunk=0 Start=7928210686093 End=7928210707900 Duration=21807
Task=51 Chunk=1 Start=7928210708005 End=7928210722638 Duration=14633
Task=51 Chunk=2 Start=7928211026191 End=7928211051335 Duration=25144
Task=52 Chunk=0 Start=7928210707901 End=7928210732172 Duration=24271
Task=52 Chunk=1 Start=7928210732311 End=7928210749931 Duration=17620
Task=52 Chunk=2 Start=7928211051336 End=7928211075762 Duration=24426
Task=53 Chunk=0 Start=7928210732173 End=7928210754419 Duration=22246
Task=53 Chunk=1 Start=7928210754506 End=7928210770697 Duration=16191
Task=53 Chunk=2 Start=7928211075763 End=7928211100158 Duration=24395
Task=54 Chunk=0 Start=7928210754421 End=7928210776231 Duration=21810
Task=54 Chunk=1 Start=7928210776364 End=7928210791099 Duration=14735
Task=54 Chunk=2 Start=7928211100161 End=7928211125864 Duration=25703
Task=55 Chunk=0 Start=7928210778645 End=7928210800800 Duration=22155
Task=55 Chunk=1 Start=7928210800944 End=7928210821545 Duration=20601
Task=55 Chunk=2 Start=7928211125865 End=7928211150199 Duration=24334
Task=56 Chunk=0 Start=7928210803032 End=7928210826226 Duration=23194
Task=56 Chunk=1 Start=7928210826380 End=7928210844124 Duration=17744
Task=56 Chunk=2 Start=7928211150199 End=7928211174576 Duration=24377
Task=57 Chunk=0 Start=7928210828845 End=7928210850674 Duration=21829
Task=57 Chunk=1 Start=7928210850730 End=7928210866124 Duration=15394
Task=57 Chunk=2 Start=7928211174577 End=7928211199445 Duration=24868
Task=58 Chunk=0 Start=7928210853311 End=7928210875307 Duration=21996
Task=58 Chunk=1 Start=7928210875397 End=7928210891278 Duration=15881
Task=58 Chunk=2 Start=7928211199446 End=7928211223871 Duration=24425
Task=59 Chunk=0 Start=7928210877635 End=7928210901274 Duration=23639
Task=59 Chunk=1 Start=7928210901405 End=7928210916452 Duration=15047
Task=59 Chunk=2 Start=7928211223871 End=7928211248208 Duration=24337
Task=60 Chunk=0 Start=7928210903337 End=7928210925251 Duration=21914
Task=60 Chunk=1 Start=7928210925294 End=7928210940082 Duration=14788
Task=60 Chunk=2 Start=7928211248208 End=7928211272446 Duration=24238
Task=61 Chunk=0 Start=7928210927519 End=7928210949567 Duration=22048
Task=61 Chunk=1 Start=7928210949663 End=7928210964140 Duration=14477
Task=61 Chunk=2 Start=7928211272447 End=7928211297776 Duration=25329
Task=62 Chunk=0 Start=7928210951916 End=7928210974629 Duration=22713
Task=62 Chunk=1 Start=7928210974729 End=7928210989438 Duration=14709
Task=62 Chunk=2 Start=7928211297777 End=7928211322383 Duration=24606
Task=63 Chunk=0 Start=7928210977368 End=7928210999156 Duration=21788
Task=63 Chunk=1 Start=7928210999207 End=7928211014721 Duration=15514
Task=63 Chunk=2 Start=7928211322385 End=7928211346849 Duration=24464
Task=64 Chunk=0 Start=7928211001901 End=7928211023847 Duration=21946
Task=64 Chunk=1 Start=7928211023989 End=7928211038940 Duration=14951
Task=64 Chunk=2 Start=7928211346849 End=7928211372249 Duration=25400
Task=65 Chunk=0 Start=7928211026202 End=7928211048906 Duration=22704
Task=65 Chunk=1 Start=7928211049005 End=7928211063731 Duration=14726
Task=65 Chunk=2 Start=7928211372250 End=7928211396621 Duration=24371
Task=66 Chunk=0 Start=7928211051358 End=7928211073363 Duration=22005
Task=66 Chunk=1 Start=7928211073486 End=7928211088288 Duration=14802
Task=66 Chunk=2 Start=7928211396621 End=7928211421170 Duration=24549
Task=67 Chunk=0 Start=7928211075780 End=7928211097926 Duration=22146
Task=67 Chunk=1 Start=7928211098040 End=7928211112704 Duration=14664
Task=67 Chunk=2 Start=7928211421170 End=7928211446793 Duration=25623
Task=68 Chunk=0 Start=7928211100175 End=7928211122794 Duration=22619
Task=68 Chunk=1 Start=7928211122847 End=7928211137694 Duration=14847
Task=68 Chunk=2 Start=7928211446794 End=7928211471388 Duration=24594
Task=69 Chunk=0 Start=7928211125875 End=7928211148072 Duration=22197
Task=69 Chunk=1 Start=7928211148203 End=7928211163050 Duration=14847
Task=69 Chunk=2 Start=7928211471389 End=7928211495868 Duration=24479
Task=70 Chunk=0 Start=7928211150218 End=7928211172171 Duration=21953
Task=70 Chunk=1 Start=7928211172267 End=7928211186961 Duration=14694
Task=70 Chunk=2 Start=7928211495869 End=7928211521316 Duration=25447
Task=71 Chunk=0 Start=7928211174581 End=7928211196626 Duration=22045
Task=71 Chunk=1 Start=7928211196715 End=7928211212647 Duration=15932
Task=71 Chunk=2 Start=7928211521317 End=7928211546179 Duration=24862
Task=72 Chunk=0 Start=7928211199460 End=7928211221395 Duration=21935
Task=72 Chunk=1 Start=7928211221507 End=7928211236324 Duration=14817
Task=72 Chunk=2 Start=7928211546180 End=7928211570836 Duration=24656
Task=73 Chunk=0 Start=7928211223897 End=7928211246026 Duration=22129
Task=73 Chunk=1 Start=7928211246044 End=7928211260685 Duration=14641
Task=73 Chunk=2 Start=7928211570837 End=7928211596430 Duration=25593
Task=74 Chunk=0 Start=7928211248216 End=7928211270205 Duration=21989
Task=74 Chunk=1 Start=7928211270277 End=7928211285189 Duration=14912
Task=74 Chunk=2 Start=7928211596431 End=7928211620789 Duration=24358
Task=75 Chunk=0 Start=7928211272453 End=7928211295205 Duration=22752
Task=75 Chunk=1 Start=7928211295242 End=7928211310197 Duration=14955
Task=75 Chunk=2 Start=7928211620790 End=7928211645231 Duration=24441
Task=76 Chunk=0 Start=7928211297792 End=7928211319626 Duration=21834
Task=76 Chunk=1 Start=7928211319668 End=7928211334443 Duration=14775
Task=76 Chunk=2 Start=7928211645232 End=7928211670103 Duration=24871
Task=77 Chunk=0 Start=7928211322398 End=7928211344456 Duration=22058
Task=77 Chunk=1 Start=7928211344551 End=7928211359653 Duration=15102
Task=77 Chunk=2 Start=7928211670104 End=7928211694622 Duration=24518
Task=78 Chunk=0 Start=7928211346857 End=7928211369790 Duration=22933
Task=78 Chunk=1 Start=7928211369884 End=7928211384896 Duration=15012
Task=78 Chunk=2 Start=7928211694623 End=7928211719166 Duration=24543
Task=79 Chunk=0 Start=7928211372265 End=7928211394214 Duration=21949
Task=79 Chunk=1 Start=7928211394338 End=7928211409533 Duration=15195
Task=79 Chunk=2 Start=7928211719167 End=7928211745408 Duration=26241
Task=80 Chunk=0 Start=7928211396643 End=7928211418571 Duration=21928
Task=80 Chunk=1 Start=7928211418705 End=7928211443837 Duration=25132
Task=80 Chunk=2 Start=7928211745409 End=7928211770059 Duration=24650
Task=81 Chunk=0 Start=7928211421191 End=7928211444166 Duration=22975
Task=81 Chunk=1 Start=7928211444190 End=7928211460904 Duration=16714
Task=81 Chunk=2 Start=7928211770064 End=7928211794686 Duration=24622
Task=82 Chunk=0 Start=7928211446809 End=7928211468609 Duration=21800
Task=82 Chunk=1 Start=7928211468715 End=7928211483675 Duration=14960
Task=82 Chunk=2 Start=7928211794690 End=7928211820118 Duration=25428
Task=83 Chunk=0 Start=7928211471394 End=7928211493313 Duration=21919
Task=83 Chunk=1 Start=7928211493392 End=7928211511198 Duration=17806
Task=83 Chunk=2 Start=7928211820119 End=7928211844805 Duration=24686
Task=84 Chunk=0 Start=7928211495885 End=7928211518923 Duration=23038
Task=84 Chunk=1 Start=7928211519029 End=7928211535069 Duration=16040
Task=84 Chunk=2 Start=7928211844805 End=7928211869363 Duration=24558
Task=85 Chunk=0 Start=7928211521329 End=7928211543200 Duration=21871
Task=85 Chunk=1 Start=7928211543297 End=7928211557854 Duration=14557
Task=85 Chunk=2 Start=7928211869364 End=7928211895497 Duration=26133
Task=86 Chunk=0 Start=7928211546193 End=7928211568096 Duration=21903
Task=86 Chunk=1 Start=7928211568224 End=7928211584421 Duration=16197
Task=86 Chunk=2 Start=7928211895498 End=7928211919920 Duration=24422
Task=87 Chunk=0 Start=7928211570844 End=7928211593699 Duration=22855
Task=87 Chunk=1 Start=7928211593748 End=7928211609073 Duration=15325
Task=87 Chunk=2 Start=7928211919920 End=7928211944166 Duration=24246
Task=88 Chunk=0 Start=7928211596437 End=7928211618399 Duration=21962
Task=88 Chunk=1 Start=7928211618557 End=7928211637545 Duration=18988
Task=88 Chunk=2 Start=7928211944167 End=7928211968993 Duration=24826
Task=89 Chunk=0 Start=7928211620801 End=7928211642759 Duration=21958
Task=89 Chunk=1 Start=7928211642776 End=7928211657476 Duration=14700
Task=89 Chunk=2 Start=7928211968993 End=7928211993188 Duration=24195
Task=90 Chunk=0 Start=7928211645234 End=7928211667803 Duration=22569
Task=90 Chunk=1 Start=7928211667843 End=7928211682682 Duration=14839
Task=90 Chunk=2 Start=7928211993189 End=7928212017491 Duration=24302
Task=91 Chunk=0 Start=7928211670114 End=7928211692044 Duration=21930
Task=91 Chunk=1 Start=7928211692155 End=7928211706917 Duration=14762
Task=91 Chunk=2 Start=7928212017491 End=7928212041801 Duration=24310
Task=92 Chunk=0 Start=7928211694634 End=7928211716392 Duration=21758
Task=92 Chunk=1 Start=7928211716532 End=7928211731249 Duration=14717
Task=92 Chunk=2 Start=7928212041802 End=7928212067030 Duration=25228
Task=93 Chunk=0 Start=7928211719185 End=7928211742138 Duration=22953
Task=93 Chunk=1 Start=7928211742268 End=7928211758285 Duration=16017
Task=93 Chunk=2 Start=7928212067031 End=7928212091982 Duration=24951
Task=94 Chunk=0 Start=7928211745429 End=7928211767268 Duration=21839
Task=94 Chunk=1 Start=7928211767315 End=7928211782043 Duration=14728
Task=94 Chunk=2 Start=7928212091983 End=7928212116458 Duration=24475
Task=95 Chunk=0 Start=7928211770077 End=7928211791964 Duration=21887
Task=95 Chunk=1 Start=7928211792096 End=7928211807604 Duration=15508
Task=95 Chunk=2 Start=7928212116459 End=7928212141083 Duration=24624
Task=96 Chunk=0 Start=7928211794707 End=7928211817798 Duration=23091
Task=96 Chunk=1 Start=7928211817814 End=7928211832681 Duration=14867
Task=96 Chunk=2 Start=7928212141084 End=7928212165457 Duration=24373
Task=97 Chunk=0 Start=7928211820132 End=7928211841916 Duration=21784
Task=97 Chunk=1 Start=7928211841997 End=7928211856683 Duration=14686
Task=97 Chunk=2 Start=7928212165458 End=7928212189795 Duration=24337
Task=98 Chunk=0 Start=7928211844810 End=7928211866750 Duration=21940
Task=98 Chunk=1 Start=7928211866866 End=7928211881584 Duration=14718
Task=98 Chunk=2 Start=7928212189796 End=7928212215103 Duration=25307
Task=99 Chunk=0 Start=7928211869378 End=7928211892261 Duration=22883
Task=99 Chunk=1 Start=7928211892405 End=7928211907843 Duration=15438
Task=99 Chunk=2 Start=7928212215104 End=7928212239439 Duration=24335
### Python End ###

--------------------------------
[2025-06-29 14:29:26.286] [info] Available Vulkan Layers:
[2025-06-29 14:29:26.286] [warning] Validation layer requested but not available, continuing without it...
[2025-06-29 14:29:26.289] [info] Using integrated GPU: Adreno (TM) 740
[2025-06-29 14:29:26.290] [info] VulkanDispatcher instance created.
[2025-06-29 14:29:26.387] [info] Total memory used: 40550404 bytes (38.67188 MB)
[2025-06-29 14:29:26.400] [info] Total memory used: 40550404 bytes (38.67188 MB)
[2025-06-29 14:29:26.423] [info] Total memory used: 40550404 bytes (38.67188 MB)
[2025-06-29 14:29:26.435] [info] Total memory used: 40550404 bytes (38.67188 MB)
[2025-06-29 14:29:26.444] [info] Total memory used: 40550404 bytes (38.67188 MB)
[2025-06-29 14:29:26.483] [info] Total memory used: 40550404 bytes (38.67188 MB)
[2025-06-29 14:29:26.493] [info] Total memory used: 40550404 bytes (38.67188 MB)
[2025-06-29 14:29:26.502] [info] Total memory used: 40550404 bytes (38.67188 MB)
[2025-06-29 14:29:26.512] [info] Total memory used: 40550404 bytes (38.67188 MB)
[2025-06-29 14:29:26.521] [info] Total memory used: 40550404 bytes (38.67188 MB)
[2025-06-29 14:29:26.560] [info] Total memory used: 40550404 bytes (38.67188 MB)
[2025-06-29 14:29:26.570] [info] Total memory used: 40550404 bytes (38.67188 MB)
[2025-06-29 14:29:26.580] [info] Total memory used: 40550404 bytes (38.67188 MB)
[2025-06-29 14:29:26.589] [info] Total memory used: 40550404 bytes (38.67188 MB)
[2025-06-29 14:29:26.599] [info] Total memory used: 40550404 bytes (38.67188 MB)
[2025-06-29 14:29:26.608] [info] Total memory used: 40550404 bytes (38.67188 MB)
### Python Begin ###
Schedule_UID=SCH-L3B4-G125-f9a6
Frequency=19200000 Hz
Task=0 Chunk=0 Start=7928219472404 End=7928219652538 Duration=180134
Task=0 Chunk=1 Start=7928219652556 End=7928219742199 Duration=89643
Task=1 Chunk=0 Start=7928219652551 End=7928219745527 Duration=92976
Task=1 Chunk=1 Start=7928219745533 End=7928219811503 Duration=65970
Task=2 Chunk=0 Start=7928219745533 End=7928219804829 Duration=59296
Task=2 Chunk=1 Start=7928219811504 End=7928219877207 Duration=65703
Task=3 Chunk=0 Start=7928219804835 End=7928219853854 Duration=49019
Task=3 Chunk=1 Start=7928219877208 End=7928219942975 Duration=65767
Task=4 Chunk=0 Start=7928219853856 End=7928219901338 Duration=47482
Task=4 Chunk=1 Start=7928219942976 End=7928220008239 Duration=65263
Task=5 Chunk=0 Start=7928219901346 End=7928219946049 Duration=44703
Task=5 Chunk=1 Start=7928220008240 End=7928220066757 Duration=58517
Task=6 Chunk=0 Start=7928219946051 End=7928219990742 Duration=44691
Task=6 Chunk=1 Start=7928220066759 End=7928220099355 Duration=32596
Task=7 Chunk=0 Start=7928219990748 End=7928220035913 Duration=45165
Task=7 Chunk=1 Start=7928220099356 End=7928220133353 Duration=33997
Task=8 Chunk=0 Start=7928220035922 End=7928220079504 Duration=43582
Task=8 Chunk=1 Start=7928220133354 End=7928220165514 Duration=32160
Task=9 Chunk=0 Start=7928220079512 End=7928220130437 Duration=50925
Task=9 Chunk=1 Start=7928220165515 End=7928220198664 Duration=33149
Task=10 Chunk=0 Start=7928220130451 End=7928220179391 Duration=48940
Task=10 Chunk=1 Start=7928220198665 End=7928220230983 Duration=32318
Task=11 Chunk=0 Start=7928220179402 End=7928220230064 Duration=50662
Task=11 Chunk=1 Start=7928220230984 End=7928220263831 Duration=32847
Task=12 Chunk=0 Start=7928220230076 End=7928220275359 Duration=45283
Task=12 Chunk=1 Start=7928220275373 End=7928220307616 Duration=32243
Task=13 Chunk=0 Start=7928220275362 End=7928220320414 Duration=45052
Task=13 Chunk=1 Start=7928220320423 End=7928220353514 Duration=33091
Task=14 Chunk=0 Start=7928220320419 End=7928220367005 Duration=46586
Task=14 Chunk=1 Start=7928220367010 End=7928220399255 Duration=32245
Task=15 Chunk=0 Start=7928220367009 End=7928220411287 Duration=44278
Task=15 Chunk=1 Start=7928220411303 End=7928220444313 Duration=33010
Task=16 Chunk=0 Start=7928220411291 End=7928220456585 Duration=45294
Task=16 Chunk=1 Start=7928220456593 End=7928220488790 Duration=32197
Task=17 Chunk=0 Start=7928220456588 End=7928220502228 Duration=45640
Task=17 Chunk=1 Start=7928220502238 End=7928220534286 Duration=32048
Task=18 Chunk=0 Start=7928220502231 End=7928220546530 Duration=44299
Task=18 Chunk=1 Start=7928220546542 End=7928220579376 Duration=32834
Task=19 Chunk=0 Start=7928220546533 End=7928220591625 Duration=45092
Task=19 Chunk=1 Start=7928220591635 End=7928220623650 Duration=32015
Task=20 Chunk=0 Start=7928220591629 End=7928220635878 Duration=44249
Task=20 Chunk=1 Start=7928220635885 End=7928220668415 Duration=32530
Task=21 Chunk=0 Start=7928220635881 End=7928220681322 Duration=45441
Task=21 Chunk=1 Start=7928220681332 End=7928220713361 Duration=32029
Task=22 Chunk=0 Start=7928220681330 End=7928220726815 Duration=45485
Task=22 Chunk=1 Start=7928220726825 End=7928220758714 Duration=31889
Task=23 Chunk=0 Start=7928220726822 End=7928220771164 Duration=44342
Task=23 Chunk=1 Start=7928220771176 End=7928220803585 Duration=32409
Task=24 Chunk=0 Start=7928220771168 End=7928220818100 Duration=46932
Task=24 Chunk=1 Start=7928220818115 End=7928220850164 Duration=32049
Task=25 Chunk=0 Start=7928220818107 End=7928220863594 Duration=45487
Task=25 Chunk=1 Start=7928220863603 End=7928220896114 Duration=32511
Task=26 Chunk=0 Start=7928220863600 End=7928220908682 Duration=45082
Task=26 Chunk=1 Start=7928220908702 End=7928220940541 Duration=31839
Task=27 Chunk=0 Start=7928220908689 End=7928220954461 Duration=45772
Task=27 Chunk=1 Start=7928220954468 End=7928220986839 Duration=32371
Task=28 Chunk=0 Start=7928220954464 End=7928220998718 Duration=44254
Task=28 Chunk=1 Start=7928220998727 End=7928221030980 Duration=32253
Task=29 Chunk=0 Start=7928220998725 End=7928221043810 Duration=45085
Task=29 Chunk=1 Start=7928221043817 End=7928221075690 Duration=31873
Task=30 Chunk=0 Start=7928221043814 End=7928221088108 Duration=44294
Task=30 Chunk=1 Start=7928221088122 End=7928221120571 Duration=32449
Task=31 Chunk=0 Start=7928221088112 End=7928221134862 Duration=46750
Task=31 Chunk=1 Start=7928221134875 End=7928221166735 Duration=31860
Task=32 Chunk=0 Start=7928221134867 End=7928221179161 Duration=44294
Task=32 Chunk=1 Start=7928221179177 End=7928221211516 Duration=32339
Task=33 Chunk=0 Start=7928221179166 End=7928221225819 Duration=46653
Task=33 Chunk=1 Start=7928221225837 End=7928221257859 Duration=32022
Task=34 Chunk=0 Start=7928221225832 End=7928221271301 Duration=45469
Task=34 Chunk=1 Start=7928221271313 End=7928221303388 Duration=32075
Task=35 Chunk=0 Start=7928221271309 End=7928221317848 Duration=46539
Task=35 Chunk=1 Start=7928221317864 End=7928221350456 Duration=32592
Task=36 Chunk=0 Start=7928221317853 End=7928221366464 Duration=48611
Task=36 Chunk=1 Start=7928221366480 End=7928221398570 Duration=32090
Task=37 Chunk=0 Start=7928221366473 End=7928221413180 Duration=46707
Task=37 Chunk=1 Start=7928221413199 End=7928221445034 Duration=31835
Task=38 Chunk=0 Start=7928221413189 End=7928221457516 Duration=44327
Task=38 Chunk=1 Start=7928221457532 End=7928221489829 Duration=32297
Task=39 Chunk=0 Start=7928221457522 End=7928221504884 Duration=47362
Task=39 Chunk=1 Start=7928221504898 End=7928221536935 Duration=32037
Task=40 Chunk=0 Start=7928221504889 End=7928221549132 Duration=44243
Task=40 Chunk=1 Start=7928221549147 End=7928221581694 Duration=32547
Task=41 Chunk=0 Start=7928221549139 End=7928221595729 Duration=46590
Task=41 Chunk=1 Start=7928221595744 End=7928221627760 Duration=32016
Task=42 Chunk=0 Start=7928221595734 End=7928221639934 Duration=44200
Task=42 Chunk=1 Start=7928221639940 End=7928221672351 Duration=32411
Task=43 Chunk=0 Start=7928221639937 End=7928221685166 Duration=45229
Task=43 Chunk=1 Start=7928221685176 End=7928221717024 Duration=31848
Task=44 Chunk=0 Start=7928221685172 End=7928221732000 Duration=46828
Task=44 Chunk=1 Start=7928221732015 End=7928221763966 Duration=31951
Task=45 Chunk=0 Start=7928221732005 End=7928221776210 Duration=44205
Task=45 Chunk=1 Start=7928221776223 End=7928221808562 Duration=32339
Task=46 Chunk=0 Start=7928221776213 End=7928221822740 Duration=46527
Task=46 Chunk=1 Start=7928221822747 End=7928221854688 Duration=31941
Task=47 Chunk=0 Start=7928221822743 End=7928221867925 Duration=45182
Task=47 Chunk=1 Start=7928221867941 End=7928221900583 Duration=32642
Task=48 Chunk=0 Start=7928221867930 End=7928221915549 Duration=47619
Task=48 Chunk=1 Start=7928221915564 End=7928221947672 Duration=32108
Task=49 Chunk=0 Start=7928221915553 End=7928221960429 Duration=44876
Task=49 Chunk=1 Start=7928221960441 End=7928221992581 Duration=32140
Task=50 Chunk=0 Start=7928221960438 End=7928222004792 Duration=44354
Task=50 Chunk=1 Start=7928222004796 End=7928222037362 Duration=32566
Task=51 Chunk=0 Start=7928222004795 End=7928222050815 Duration=46020
Task=51 Chunk=1 Start=7928222050827 End=7928222082762 Duration=31935
Task=52 Chunk=0 Start=7928222050818 End=7928222095143 Duration=44325
Task=52 Chunk=1 Start=7928222095154 End=7928222127504 Duration=32350
Task=53 Chunk=0 Start=7928222095149 End=7928222140180 Duration=45031
Task=53 Chunk=1 Start=7928222140196 End=7928222172000 Duration=31804
Task=54 Chunk=0 Start=7928222140190 End=7928222185243 Duration=45053
Task=54 Chunk=1 Start=7928222185258 End=7928222217324 Duration=32066
Task=55 Chunk=0 Start=7928222185247 End=7928222230851 Duration=45604
Task=55 Chunk=1 Start=7928222230867 End=7928222263206 Duration=32339
Task=56 Chunk=0 Start=7928222230856 End=7928222276228 Duration=45372
Task=56 Chunk=1 Start=7928222276235 End=7928222308028 Duration=31793
Task=57 Chunk=0 Start=7928222276233 End=7928222320311 Duration=44078
Task=57 Chunk=1 Start=7928222320324 End=7928222352866 Duration=32542
Task=58 Chunk=0 Start=7928222320316 End=7928222368052 Duration=47736
Task=58 Chunk=1 Start=7928222368068 End=7928222400035 Duration=31967
Task=59 Chunk=0 Start=7928222368060 End=7928222416676 Duration=48616
Task=59 Chunk=1 Start=7928222416683 End=7928222448566 Duration=31883
Task=60 Chunk=0 Start=7928222416682 End=7928222465280 Duration=48598
Task=60 Chunk=1 Start=7928222465289 End=7928222497885 Duration=32596
Task=61 Chunk=0 Start=7928222465283 End=7928222511616 Duration=46333
Task=61 Chunk=1 Start=7928222511621 End=7928222543505 Duration=31884
Task=62 Chunk=0 Start=7928222511619 End=7928222556436 Duration=44817
Task=62 Chunk=1 Start=7928222556442 End=7928222588653 Duration=32211
Task=63 Chunk=0 Start=7928222556439 End=7928222604264 Duration=47825
Task=63 Chunk=1 Start=7928222604280 End=7928222636317 Duration=32037
Task=64 Chunk=0 Start=7928222604272 End=7928222649695 Duration=45423
Task=64 Chunk=1 Start=7928222649704 End=7928222681740 Duration=32036
Task=65 Chunk=0 Start=7928222649701 End=7928222695377 Duration=45676
Task=65 Chunk=1 Start=7928222695395 End=7928222727632 Duration=32237
Task=66 Chunk=0 Start=7928222695384 End=7928222740974 Duration=45590
Task=66 Chunk=1 Start=7928222740986 End=7928222773007 Duration=32021
Task=67 Chunk=0 Start=7928222740978 End=7928222785089 Duration=44111
Task=67 Chunk=1 Start=7928222785099 End=7928222817536 Duration=32437
Task=68 Chunk=0 Start=7928222785096 End=7928222830759 Duration=45663
Task=68 Chunk=1 Start=7928222830775 End=7928222862624 Duration=31849
Task=69 Chunk=0 Start=7928222830764 End=7928222875987 Duration=45223
Task=69 Chunk=1 Start=7928222875995 End=7928222907962 Duration=31967
Task=70 Chunk=0 Start=7928222875992 End=7928222920299 Duration=44307
Task=70 Chunk=1 Start=7928222920312 End=7928222952987 Duration=32675
Task=71 Chunk=0 Start=7928222920304 End=7928222965783 Duration=45479
Task=71 Chunk=1 Start=7928222965792 End=7928222997725 Duration=31933
Task=72 Chunk=0 Start=7928222965786 End=7928223009950 Duration=44164
Task=72 Chunk=1 Start=7928223009966 End=7928223042369 Duration=32403
Task=73 Chunk=0 Start=7928223009954 End=7928223055143 Duration=45189
Task=73 Chunk=1 Start=7928223055160 End=7928223087000 Duration=31840
Task=74 Chunk=0 Start=7928223055152 End=7928223099171 Duration=44019
Task=74 Chunk=1 Start=7928223099183 End=7928223131620 Duration=32437
Task=75 Chunk=0 Start=7928223099174 End=7928223144859 Duration=45685
Task=75 Chunk=1 Start=7928223144867 End=7928223176598 Duration=31731
Task=76 Chunk=0 Start=7928223144864 End=7928223192527 Duration=47663
Task=76 Chunk=1 Start=7928223192534 End=7928223224435 Duration=31901
Task=77 Chunk=0 Start=7928223192530 End=7928223238525 Duration=45995
Task=77 Chunk=1 Start=7928223238529 End=7928223271068 Duration=32539
Task=78 Chunk=0 Start=7928223238528 End=7928223285704 Duration=47176
Task=78 Chunk=1 Start=7928223285712 End=7928223317596 Duration=31884
Task=79 Chunk=0 Start=7928223285707 End=7928223330095 Duration=44388
Task=79 Chunk=1 Start=7928223330103 End=7928223362694 Duration=32591
Task=80 Chunk=0 Start=7928223330100 End=7928223375131 Duration=45031
Task=80 Chunk=1 Start=7928223375144 End=7928223406895 Duration=31751
Task=81 Chunk=0 Start=7928223375140 End=7928223421091 Duration=45951
Task=81 Chunk=1 Start=7928223421107 End=7928223453238 Duration=32131
Task=82 Chunk=0 Start=7928223421099 End=7928223465266 Duration=44167
Task=82 Chunk=1 Start=7928223465283 End=7928223497575 Duration=32292
Task=83 Chunk=0 Start=7928223465275 End=7928223514200 Duration=48925
Task=83 Chunk=1 Start=7928223514214 End=7928223546060 Duration=31846
Task=84 Chunk=0 Start=7928223514209 End=7928223561656 Duration=47447
Task=84 Chunk=1 Start=7928223561669 End=7928223594294 Duration=32625
Task=85 Chunk=0 Start=7928223561661 End=7928223607190 Duration=45529
Task=85 Chunk=1 Start=7928223607206 End=7928223639663 Duration=32457
Task=86 Chunk=0 Start=7928223607197 End=7928223652431 Duration=45234
Task=86 Chunk=1 Start=7928223652445 End=7928223684344 Duration=31899
Task=87 Chunk=0 Start=7928223652436 End=7928223696672 Duration=44236
Task=87 Chunk=1 Start=7928223696677 End=7928223729338 Duration=32661
Task=88 Chunk=0 Start=7928223696676 End=7928223743112 Duration=46436
Task=88 Chunk=1 Start=7928223743122 End=7928223774909 Duration=31787
Task=89 Chunk=0 Start=7928223743122 End=7928223787791 Duration=44669
Task=89 Chunk=1 Start=7928223787804 End=7928223820263 Duration=32459
Task=90 Chunk=0 Start=7928223787799 End=7928223834405 Duration=46606
Task=90 Chunk=1 Start=7928223834420 End=7928223866323 Duration=31903
Task=91 Chunk=0 Start=7928223834410 End=7928223880031 Duration=45621
Task=91 Chunk=1 Start=7928223880042 End=7928223912032 Duration=31990
Task=92 Chunk=0 Start=7928223880036 End=7928223924211 Duration=44175
Task=92 Chunk=1 Start=7928223924220 End=7928223956431 Duration=32211
Task=93 Chunk=0 Start=7928223924217 End=7928223969728 Duration=45511
Task=93 Chunk=1 Start=7928223969740 End=7928224001739 Duration=31999
Task=94 Chunk=0 Start=7928223969736 End=7928224015490 Duration=45754
Task=94 Chunk=1 Start=7928224015501 End=7928224048311 Duration=32810
Task=95 Chunk=0 Start=7928224015493 End=7928224061255 Duration=45762
Task=95 Chunk=1 Start=7928224061272 End=7928224093262 Duration=31990
Task=96 Chunk=0 Start=7928224061261 End=7928224106603 Duration=45342
Task=96 Chunk=1 Start=7928224106621 End=7928224138692 Duration=32071
Task=97 Chunk=0 Start=7928224106611 End=7928224150767 Duration=44156
Task=97 Chunk=1 Start=7928224150773 End=7928224183118 Duration=32345
Task=98 Chunk=0 Start=7928224150773 End=7928224197101 Duration=46328
Task=98 Chunk=1 Start=7928224197108 End=7928224228971 Duration=31863
Task=99 Chunk=0 Start=7928224197104 End=7928224247555 Duration=50451
Task=99 Chunk=1 Start=7928224247562 End=7928224280785 Duration=33223
### Python End ###

--------------------------------
[2025-06-29 14:29:26.912] [info] Available Vulkan Layers:
[2025-06-29 14:29:26.912] [warning] Validation layer requested but not available, continuing without it...
[2025-06-29 14:29:26.916] [info] Using integrated GPU: Adreno (TM) 740
[2025-06-29 14:29:26.926] [info] VulkanDispatcher instance created.
[2025-06-29 14:29:27.020] [info] Total memory used: 40550404 bytes (38.67188 MB)
[2025-06-29 14:29:27.032] [info] Total memory used: 40550404 bytes (38.67188 MB)
[2025-06-29 14:29:27.055] [info] Total memory used: 40550404 bytes (38.67188 MB)
[2025-06-29 14:29:27.065] [info] Total memory used: 40550404 bytes (38.67188 MB)
[2025-06-29 14:29:27.074] [info] Total memory used: 40550404 bytes (38.67188 MB)
[2025-06-29 14:29:27.114] [info] Total memory used: 40550404 bytes (38.67188 MB)
[2025-06-29 14:29:27.123] [info] Total memory used: 40550404 bytes (38.67188 MB)
[2025-06-29 14:29:27.132] [info] Total memory used: 40550404 bytes (38.67188 MB)
[2025-06-29 14:29:27.142] [info] Total memory used: 40550404 bytes (38.67188 MB)
[2025-06-29 14:29:27.151] [info] Total memory used: 40550404 bytes (38.67188 MB)
[2025-06-29 14:29:27.191] [info] Total memory used: 40550404 bytes (38.67188 MB)
[2025-06-29 14:29:27.200] [info] Total memory used: 40550404 bytes (38.67188 MB)
[2025-06-29 14:29:27.210] [info] Total memory used: 40550404 bytes (38.67188 MB)
[2025-06-29 14:29:27.220] [info] Total memory used: 40550404 bytes (38.67188 MB)
[2025-06-29 14:29:27.229] [info] Total memory used: 40550404 bytes (38.67188 MB)
[2025-06-29 14:29:27.238] [info] Total memory used: 40550404 bytes (38.67188 MB)
### Python Begin ###
Schedule_UID=SCH-M2G2L1B2-G125-2ec6
Frequency=19200000 Hz
Task=0 Chunk=0 Start=7928231580162 End=7928231649275 Duration=69113
Task=0 Chunk=1 Start=7928231649306 End=7928231859561 Duration=210255
Task=0 Chunk=2 Start=7928231860922 End=7928231872319 Duration=11397
Task=0 Chunk=3 Start=7928231872341 End=7928231923922 Duration=51581
Task=1 Chunk=0 Start=7928231649281 End=7928231715199 Duration=65918
Task=1 Chunk=1 Start=7928231859568 End=7928231894815 Duration=35247
Task=1 Chunk=2 Start=7928231894910 End=7928231895774 Duration=864
Task=1 Chunk=3 Start=7928231923923 End=7928231953001 Duration=29078
Task=2 Chunk=0 Start=7928231715200 End=7928231775219 Duration=60019
Task=2 Chunk=1 Start=7928231894821 End=7928231945822 Duration=51001
Task=2 Chunk=2 Start=7928231945842 End=7928231946961 Duration=1119
Task=2 Chunk=3 Start=7928231953003 End=7928231980031 Duration=27028
Task=3 Chunk=0 Start=7928231775219 End=7928231809661 Duration=34442
Task=3 Chunk=1 Start=7928231945824 End=7928231976739 Duration=30915
Task=3 Chunk=2 Start=7928231976789 End=7928231977034 Duration=245
Task=3 Chunk=3 Start=7928231980032 End=7928232006919 Duration=26887
Task=4 Chunk=0 Start=7928231809662 End=7928231843159 Duration=33497
Task=4 Chunk=1 Start=7928231976740 End=7928232003768 Duration=27028
Task=4 Chunk=2 Start=7928232003817 End=7928232009862 Duration=6045
Task=4 Chunk=3 Start=7928232009875 End=7928232039651 Duration=29776
Task=5 Chunk=0 Start=7928231843159 End=7928231865457 Duration=22298
Task=5 Chunk=1 Start=7928232003768 End=7928232030845 Duration=27077
Task=5 Chunk=2 Start=7928232030901 End=7928232031135 Duration=234
Task=5 Chunk=3 Start=7928232039652 End=7928232066027 Duration=26375
Task=6 Chunk=0 Start=7928231865458 End=7928231882187 Duration=16729
Task=6 Chunk=1 Start=7928232030846 End=7928232057303 Duration=26457
Task=6 Chunk=2 Start=7928232057328 End=7928232057546 Duration=218
Task=6 Chunk=3 Start=7928232066027 End=7928232091523 Duration=25496
Task=7 Chunk=0 Start=7928231882188 End=7928231901353 Duration=19165
Task=7 Chunk=1 Start=7928232057304 End=7928232084756 Duration=27452
Task=7 Chunk=2 Start=7928232084776 End=7928232085086 Duration=310
Task=7 Chunk=3 Start=7928232091525 End=7928232116178 Duration=24653
Task=8 Chunk=0 Start=7928231901354 End=7928231918410 Duration=17056
Task=8 Chunk=1 Start=7928232084757 End=7928232112741 Duration=27984
Task=8 Chunk=2 Start=7928232112776 End=7928232113095 Duration=319
Task=8 Chunk=3 Start=7928232116179 End=7928232140744 Duration=24565
Task=9 Chunk=0 Start=7928231918411 End=7928231935858 Duration=17447
Task=9 Chunk=1 Start=7928232112742 End=7928232139830 Duration=27088
Task=9 Chunk=2 Start=7928232139948 End=7928232140199 Duration=251
Task=9 Chunk=3 Start=7928232140745 End=7928232167217 Duration=26472
Task=10 Chunk=0 Start=7928231935863 End=7928231952516 Duration=16653
Task=10 Chunk=1 Start=7928232139830 End=7928232167535 Duration=27705
Task=10 Chunk=2 Start=7928232170400 End=7928232170751 Duration=351
Task=10 Chunk=3 Start=7928232170761 End=7928232195273 Duration=24512
Task=11 Chunk=0 Start=7928231952517 End=7928231969656 Duration=17139
Task=11 Chunk=1 Start=7928232167536 End=7928232194416 Duration=26880
Task=11 Chunk=2 Start=7928232194456 End=7928232194724 Duration=268
Task=11 Chunk=3 Start=7928232195277 End=7928232219711 Duration=24434
Task=12 Chunk=0 Start=7928231969656 End=7928231987096 Duration=17440
Task=12 Chunk=1 Start=7928232194417 End=7928232221088 Duration=26671
Task=12 Chunk=2 Start=7928232221162 End=7928232224068 Duration=2906
Task=12 Chunk=3 Start=7928232224088 End=7928232249054 Duration=24966
Task=13 Chunk=0 Start=7928231987097 End=7928232004597 Duration=17500
Task=13 Chunk=1 Start=7928232221089 End=7928232247926 Duration=26837
Task=13 Chunk=2 Start=7928232247999 End=7928232248290 Duration=291
Task=13 Chunk=3 Start=7928232249055 End=7928232273558 Duration=24503
Task=14 Chunk=0 Start=7928232004598 End=7928232023811 Duration=19213
Task=14 Chunk=1 Start=7928232247927 End=7928232274403 Duration=26476
Task=14 Chunk=2 Start=7928232274414 End=7928232274700 Duration=286
Task=14 Chunk=3 Start=7928232274717 End=7928232299094 Duration=24377
Task=15 Chunk=0 Start=7928232023812 End=7928232040745 Duration=16933
Task=15 Chunk=1 Start=7928232274404 End=7928232301082 Duration=26678
Task=15 Chunk=2 Start=7928232301141 End=7928232301379 Duration=238
Task=15 Chunk=3 Start=7928232301383 End=7928232326218 Duration=24835
Task=16 Chunk=0 Start=7928232040746 End=7928232057311 Duration=16565
Task=16 Chunk=1 Start=7928232301083 End=7928232327743 Duration=26660
Task=16 Chunk=2 Start=7928232327826 End=7928232328112 Duration=286
Task=16 Chunk=3 Start=7928232328123 End=7928232352353 Duration=24230
Task=17 Chunk=0 Start=7928232057311 End=7928232073400 Duration=16089
Task=17 Chunk=1 Start=7928232327744 End=7928232354535 Duration=26791
Task=17 Chunk=2 Start=7928232354583 End=7928232354830 Duration=247
Task=17 Chunk=3 Start=7928232354852 End=7928232378994 Duration=24142
Task=18 Chunk=0 Start=7928232073401 End=7928232089712 Duration=16311
Task=18 Chunk=1 Start=7928232354536 End=7928232381021 Duration=26485
Task=18 Chunk=2 Start=7928232381055 End=7928232381290 Duration=235
Task=18 Chunk=3 Start=7928232381305 End=7928232406048 Duration=24743
Task=19 Chunk=0 Start=7928232089713 End=7928232105702 Duration=15989
Task=19 Chunk=1 Start=7928232381022 End=7928232407465 Duration=26443
Task=19 Chunk=2 Start=7928232407546 End=7928232407836 Duration=290
Task=19 Chunk=3 Start=7928232407845 End=7928232431874 Duration=24029
Task=20 Chunk=0 Start=7928232105703 End=7928232121327 Duration=15624
Task=20 Chunk=1 Start=7928232407466 End=7928232434363 Duration=26897
Task=20 Chunk=2 Start=7928232434411 End=7928232437333 Duration=2922
Task=20 Chunk=3 Start=7928232437336 End=7928232461840 Duration=24504
Task=21 Chunk=0 Start=7928232121327 End=7928232136917 Duration=15590
Task=21 Chunk=1 Start=7928232434364 End=7928232461014 Duration=26650
Task=21 Chunk=2 Start=7928232461054 End=7928232461304 Duration=250
Task=21 Chunk=3 Start=7928232461843 End=7928232486883 Duration=25040
Task=22 Chunk=0 Start=7928232136918 End=7928232152338 Duration=15420
Task=22 Chunk=1 Start=7928232461015 End=7928232487642 Duration=26627
Task=22 Chunk=2 Start=7928232487702 End=7928232487984 Duration=282
Task=22 Chunk=3 Start=7928232487991 End=7928232512284 Duration=24293
Task=23 Chunk=0 Start=7928232152339 End=7928232168916 Duration=16577
Task=23 Chunk=1 Start=7928232487643 End=7928232514230 Duration=26587
Task=23 Chunk=2 Start=7928232514275 End=7928232514506 Duration=231
Task=23 Chunk=3 Start=7928232514522 End=7928232538642 Duration=24120
Task=24 Chunk=0 Start=7928232168916 End=7928232184409 Duration=15493
Task=24 Chunk=1 Start=7928232514231 End=7928232540661 Duration=26430
Task=24 Chunk=2 Start=7928232540727 End=7928232540957 Duration=230
Task=24 Chunk=3 Start=7928232540971 End=7928232565690 Duration=24719
Task=25 Chunk=0 Start=7928232195297 End=7928232211204 Duration=15907
Task=25 Chunk=1 Start=7928232540662 End=7928232567605 Duration=26943
Task=25 Chunk=2 Start=7928232567631 End=7928232567918 Duration=287
Task=25 Chunk=3 Start=7928232567929 End=7928232592210 Duration=24281
Task=26 Chunk=0 Start=7928232219722 End=7928232235184 Duration=15462
Task=26 Chunk=1 Start=7928232567606 End=7928232594309 Duration=26703
Task=26 Chunk=2 Start=7928232594353 End=7928232594583 Duration=230
Task=26 Chunk=3 Start=7928232594601 End=7928232618691 Duration=24090
Task=27 Chunk=0 Start=7928232249066 End=7928232264959 Duration=15893
Task=27 Chunk=1 Start=7928232594310 End=7928232620883 Duration=26573
Task=27 Chunk=2 Start=7928232620963 End=7928232621223 Duration=260
Task=27 Chunk=3 Start=7928232621243 End=7928232646270 Duration=25027
Task=28 Chunk=0 Start=7928232273567 End=7928232289182 Duration=15615
Task=28 Chunk=1 Start=7928232620884 End=7928232647572 Duration=26688
Task=28 Chunk=2 Start=7928232647662 End=7928232650543 Duration=2881
Task=28 Chunk=3 Start=7928232650556 End=7928232674652 Duration=24096
Task=29 Chunk=0 Start=7928232299111 End=7928232314542 Duration=15431
Task=29 Chunk=1 Start=7928232647573 End=7928232675248 Duration=27675
Task=29 Chunk=2 Start=7928232675279 End=7928232675473 Duration=194
Task=29 Chunk=3 Start=7928232675488 End=7928232699613 Duration=24125
Task=30 Chunk=0 Start=7928232326223 End=7928232341679 Duration=15456
Task=30 Chunk=1 Start=7928232675248 End=7928232702693 Duration=27445
Task=30 Chunk=2 Start=7928232702784 End=7928232703845 Duration=1061
Task=30 Chunk=3 Start=7928232703854 End=7928232727909 Duration=24055
Task=31 Chunk=0 Start=7928232352360 End=7928232367798 Duration=15438
Task=31 Chunk=1 Start=7928232702694 End=7928232729443 Duration=26749
Task=31 Chunk=2 Start=7928232729476 End=7928232729729 Duration=253
Task=31 Chunk=3 Start=7928232729733 End=7928232753850 Duration=24117
Task=32 Chunk=0 Start=7928232379010 End=7928232395009 Duration=15999
Task=32 Chunk=1 Start=7928232729444 End=7928232756399 Duration=26955
Task=32 Chunk=2 Start=7928232756460 End=7928232756697 Duration=237
Task=32 Chunk=3 Start=7928232756709 End=7928232781612 Duration=24903
Task=33 Chunk=0 Start=7928232406064 End=7928232421564 Duration=15500
Task=33 Chunk=1 Start=7928232756400 End=7928232782824 Duration=26424
Task=33 Chunk=2 Start=7928232782932 End=7928232783207 Duration=275
Task=33 Chunk=3 Start=7928232783222 End=7928232807521 Duration=24299
Task=34 Chunk=0 Start=7928232431897 End=7928232447164 Duration=15267
Task=34 Chunk=1 Start=7928232782825 End=7928232809920 Duration=27095
Task=34 Chunk=2 Start=7928232809952 End=7928232810180 Duration=228
Task=34 Chunk=3 Start=7928232810199 End=7928232834360 Duration=24161
Task=35 Chunk=0 Start=7928232461857 End=7928232478193 Duration=16336
Task=35 Chunk=1 Start=7928232809921 End=7928232836515 Duration=26594
Task=35 Chunk=2 Start=7928232836547 End=7928232836772 Duration=225
Task=35 Chunk=3 Start=7928232836778 End=7928232861488 Duration=24710
Task=36 Chunk=0 Start=7928232486894 End=7928232502518 Duration=15624
Task=36 Chunk=1 Start=7928232836515 End=7928232863137 Duration=26622
Task=36 Chunk=2 Start=7928232863263 End=7928232866352 Duration=3089
Task=36 Chunk=3 Start=7928232866358 End=7928232890770 Duration=24412
Task=37 Chunk=0 Start=7928232512303 End=7928232527639 Duration=15336
Task=37 Chunk=1 Start=7928232863138 End=7928232889906 Duration=26768
Task=37 Chunk=2 Start=7928232889943 End=7928232890270 Duration=327
Task=37 Chunk=3 Start=7928232890771 End=7928232915146 Duration=24375
Task=38 Chunk=0 Start=7928232538660 End=7928232554866 Duration=16206
Task=38 Chunk=1 Start=7928232889907 End=7928232916750 Duration=26843
Task=38 Chunk=2 Start=7928232916775 End=7928232916946 Duration=171
Task=38 Chunk=3 Start=7928232916958 End=7928232941892 Duration=24934
Task=39 Chunk=0 Start=7928232565704 End=7928232581102 Duration=15398
Task=39 Chunk=1 Start=7928232916751 End=7928232943514 Duration=26763
Task=39 Chunk=2 Start=7928232943577 End=7928232943777 Duration=200
Task=39 Chunk=3 Start=7928232943781 End=7928232967974 Duration=24193
Task=40 Chunk=0 Start=7928232592214 End=7928232607695 Duration=15481
Task=40 Chunk=1 Start=7928232943515 End=7928232970215 Duration=26700
Task=40 Chunk=2 Start=7928232970251 End=7928232970415 Duration=164
Task=40 Chunk=3 Start=7928232970420 End=7928232994807 Duration=24387
Task=41 Chunk=0 Start=7928232618709 End=7928232634835 Duration=16126
Task=41 Chunk=1 Start=7928232970215 End=7928232996872 Duration=26657
Task=41 Chunk=2 Start=7928232996906 End=7928232997147 Duration=241
Task=41 Chunk=3 Start=7928232997161 End=7928233022017 Duration=24856
Task=42 Chunk=0 Start=7928232646276 End=7928232661761 Duration=15485
Task=42 Chunk=1 Start=7928232996872 End=7928233023449 Duration=26577
Task=42 Chunk=2 Start=7928233023511 End=7928233023819 Duration=308
Task=42 Chunk=3 Start=7928233023828 End=7928233048009 Duration=24181
Task=43 Chunk=0 Start=7928232674666 End=7928232690318 Duration=15652
Task=43 Chunk=1 Start=7928233023450 End=7928233050074 Duration=26624
Task=43 Chunk=2 Start=7928233050116 End=7928233050346 Duration=230
Task=43 Chunk=3 Start=7928233050353 End=7928233074457 Duration=24104
Task=44 Chunk=0 Start=7928232699633 End=7928232715565 Duration=15932
Task=44 Chunk=1 Start=7928233050074 End=7928233076581 Duration=26507
Task=44 Chunk=2 Start=7928233076617 End=7928233079456 Duration=2839
Task=44 Chunk=3 Start=7928233079466 End=7928233104345 Duration=24879
Task=45 Chunk=0 Start=7928232727919 End=7928232743358 Duration=15439
Task=45 Chunk=1 Start=7928233076582 End=7928233103452 Duration=26870
Task=45 Chunk=2 Start=7928233103533 End=7928233103825 Duration=292
Task=45 Chunk=3 Start=7928233104349 End=7928233128637 Duration=24288
Task=46 Chunk=0 Start=7928232753866 End=7928232769193 Duration=15327
Task=46 Chunk=1 Start=7928233103453 End=7928233130252 Duration=26799
Task=46 Chunk=2 Start=7928233130283 End=7928233130517 Duration=234
Task=46 Chunk=3 Start=7928233130532 End=7928233155017 Duration=24485
Task=47 Chunk=0 Start=7928232781621 End=7928232797002 Duration=15381
Task=47 Chunk=1 Start=7928233130253 End=7928233156968 Duration=26715
Task=47 Chunk=2 Start=7928233156992 End=7928233157226 Duration=234
Task=47 Chunk=3 Start=7928233157232 End=7928233181901 Duration=24669
Task=48 Chunk=0 Start=7928232807543 End=7928232822943 Duration=15400
Task=48 Chunk=1 Start=7928233156969 End=7928233183619 Duration=26650
Task=48 Chunk=2 Start=7928233183668 End=7928233183965 Duration=297
Task=48 Chunk=3 Start=7928233183989 End=7928233208265 Duration=24276
Task=49 Chunk=0 Start=7928232834366 End=7928232849714 Duration=15348
Task=49 Chunk=1 Start=7928233183620 End=7928233210120 Duration=26500
Task=49 Chunk=2 Start=7928233210188 End=7928233210419 Duration=231
Task=49 Chunk=3 Start=7928233210430 End=7928233234688 Duration=24258
Task=50 Chunk=0 Start=7928232861494 End=7928232876817 Duration=15323
Task=50 Chunk=1 Start=7928233210121 End=7928233236524 Duration=26403
Task=50 Chunk=2 Start=7928233236548 End=7928233236777 Duration=229
Task=50 Chunk=3 Start=7928233236791 End=7928233261780 Duration=24989
Task=51 Chunk=0 Start=7928232890785 End=7928232907038 Duration=16253
Task=51 Chunk=1 Start=7928233236525 End=7928233263575 Duration=27050
Task=51 Chunk=2 Start=7928233263626 End=7928233263902 Duration=276
Task=51 Chunk=3 Start=7928233263924 End=7928233288251 Duration=24327
Task=52 Chunk=0 Start=7928232915160 End=7928232930574 Duration=15414
Task=52 Chunk=1 Start=7928233263576 End=7928233291069 Duration=27493
Task=52 Chunk=2 Start=7928233291090 End=7928233293974 Duration=2884
Task=52 Chunk=3 Start=7928233293984 End=7928233318958 Duration=24974
Task=53 Chunk=0 Start=7928232941904 End=7928232957284 Duration=15380
Task=53 Chunk=1 Start=7928233291070 End=7928233318096 Duration=27026
Task=53 Chunk=2 Start=7928233318762 End=7928233319233 Duration=471
Task=53 Chunk=3 Start=7928233319252 End=7928233343747 Duration=24495
Task=54 Chunk=0 Start=7928232967984 End=7928232983385 Duration=15401
Task=54 Chunk=1 Start=7928233318097 End=7928233345076 Duration=26979
Task=54 Chunk=2 Start=7928233345092 End=7928233345346 Duration=254
Task=54 Chunk=3 Start=7928233345367 End=7928233369755 Duration=24388
Task=55 Chunk=0 Start=7928232994828 End=7928233010837 Duration=16009
Task=55 Chunk=1 Start=7928233345077 End=7928233371737 Duration=26660
Task=55 Chunk=2 Start=7928233371770 End=7928233371995 Duration=225
Task=55 Chunk=3 Start=7928233372010 End=7928233397259 Duration=25249
Task=56 Chunk=0 Start=7928233022023 End=7928233037482 Duration=15459
Task=56 Chunk=1 Start=7928233371738 End=7928233398521 Duration=26783
Task=56 Chunk=2 Start=7928233398630 End=7928233398914 Duration=284
Task=56 Chunk=3 Start=7928233398930 End=7928233423158 Duration=24228
Task=57 Chunk=0 Start=7928233048029 End=7928233063558 Duration=15529
Task=57 Chunk=1 Start=7928233398522 End=7928233425323 Duration=26801
Task=57 Chunk=2 Start=7928233425327 End=7928233425560 Duration=233
Task=57 Chunk=3 Start=7928233425571 End=7928233449902 Duration=24331
Task=58 Chunk=0 Start=7928233074466 End=7928233090661 Duration=16195
Task=58 Chunk=1 Start=7928233425324 End=7928233451662 Duration=26338
Task=58 Chunk=2 Start=7928233451678 End=7928233451828 Duration=150
Task=58 Chunk=3 Start=7928233451833 End=7928233476569 Duration=24736
Task=59 Chunk=0 Start=7928233104362 End=7928233120285 Duration=15923
Task=59 Chunk=1 Start=7928233451662 End=7928233478268 Duration=26606
Task=59 Chunk=2 Start=7928233478321 End=7928233478614 Duration=293
Task=59 Chunk=3 Start=7928233478629 End=7928233502901 Duration=24272
Task=60 Chunk=0 Start=7928233128643 End=7928233144102 Duration=15459
Task=60 Chunk=1 Start=7928233478269 End=7928233505001 Duration=26732
Task=60 Chunk=2 Start=7928233505028 End=7928233507894 Duration=2866
Task=60 Chunk=3 Start=7928233507909 End=7928233532805 Duration=24896
Task=61 Chunk=0 Start=7928233155024 End=7928233171230 Duration=16206
Task=61 Chunk=1 Start=7928233505001 End=7928233531980 Duration=26979
Task=61 Chunk=2 Start=7928233532006 End=7928233532262 Duration=256
Task=61 Chunk=3 Start=7928233532806 End=7928233558091 Duration=25285
Task=62 Chunk=0 Start=7928233181917 End=7928233197268 Duration=15351
Task=62 Chunk=1 Start=7928233531981 End=7928233558725 Duration=26744
Task=62 Chunk=2 Start=7928233558790 End=7928233559072 Duration=282
Task=62 Chunk=3 Start=7928233559077 End=7928233583410 Duration=24333
Task=63 Chunk=0 Start=7928233208283 End=7928233223813 Duration=15530
Task=63 Chunk=1 Start=7928233558726 End=7928233585339 Duration=26613
Task=63 Chunk=2 Start=7928233585354 End=7928233585588 Duration=234
Task=63 Chunk=3 Start=7928233585601 End=7928233609990 Duration=24389
Task=64 Chunk=0 Start=7928233234697 End=7928233250836 Duration=16139
Task=64 Chunk=1 Start=7928233585339 End=7928233612047 Duration=26708
Task=64 Chunk=2 Start=7928233612076 End=7928233612311 Duration=235
Task=64 Chunk=3 Start=7928233612316 End=7928233637131 Duration=24815
Task=65 Chunk=0 Start=7928233261789 End=7928233277145 Duration=15356
Task=65 Chunk=1 Start=7928233612047 End=7928233638477 Duration=26430
Task=65 Chunk=2 Start=7928233638540 End=7928233638837 Duration=297
Task=65 Chunk=3 Start=7928233638855 End=7928233663132 Duration=24277
Task=66 Chunk=0 Start=7928233289202 End=7928233304573 Duration=15371
Task=66 Chunk=1 Start=7928233638478 End=7928233665086 Duration=26608
Task=66 Chunk=2 Start=7928233665121 End=7928233665356 Duration=235
Task=66 Chunk=3 Start=7928233665374 End=7928233689630 Duration=24256
Task=67 Chunk=0 Start=7928233318961 End=7928233334450 Duration=15489
Task=67 Chunk=1 Start=7928233665086 End=7928233691623 Duration=26537
Task=67 Chunk=2 Start=7928233691647 End=7928233691876 Duration=229
Task=67 Chunk=3 Start=7928233691897 End=7928233717049 Duration=25152
Task=68 Chunk=0 Start=7928233343754 End=7928233359193 Duration=15439
Task=68 Chunk=1 Start=7928233691624 End=7928233718495 Duration=26871
Task=68 Chunk=2 Start=7928233718568 End=7928233721482 Duration=2914
Task=68 Chunk=3 Start=7928233721499 End=7928233746299 Duration=24800
Task=69 Chunk=0 Start=7928233369777 End=7928233385182 Duration=15405
Task=69 Chunk=1 Start=7928233718496 End=7928233745470 Duration=26974
Task=69 Chunk=2 Start=7928233745523 End=7928233745801 Duration=278
Task=69 Chunk=3 Start=7928233746300 End=7928233770755 Duration=24455
Task=70 Chunk=0 Start=7928233397278 End=7928233412621 Duration=15343
Task=70 Chunk=1 Start=7928233745471 End=7928233772528 Duration=27057
Task=70 Chunk=2 Start=7928233772621 End=7928233772926 Duration=305
Task=70 Chunk=3 Start=7928233772946 End=7928233797855 Duration=24909
Task=71 Chunk=0 Start=7928233423175 End=7928233438596 Duration=15421
Task=71 Chunk=1 Start=7928233772529 End=7928233799304 Duration=26775
Task=71 Chunk=2 Start=7928233799378 End=7928233799693 Duration=315
Task=71 Chunk=3 Start=7928233799701 End=7928233823932 Duration=24231
Task=72 Chunk=0 Start=7928233449917 End=7928233465350 Duration=15433
Task=72 Chunk=1 Start=7928233799305 End=7928233825845 Duration=26540
Task=72 Chunk=2 Start=7928233825861 End=7928233826097 Duration=236
Task=72 Chunk=3 Start=7928233826119 End=7928233850484 Duration=24365
Task=73 Chunk=0 Start=7928233476583 End=7928233492071 Duration=15488
Task=73 Chunk=1 Start=7928233825846 End=7928233852221 Duration=26375
Task=73 Chunk=2 Start=7928233852243 End=7928233852475 Duration=232
Task=73 Chunk=3 Start=7928233852486 End=7928233877537 Duration=25051
Task=74 Chunk=0 Start=7928233502909 End=7928233518433 Duration=15524
Task=74 Chunk=1 Start=7928233852222 End=7928233879057 Duration=26835
Task=74 Chunk=2 Start=7928233879084 End=7928233879360 Duration=276
Task=74 Chunk=3 Start=7928233879370 End=7928233903735 Duration=24365
Task=75 Chunk=0 Start=7928233532826 End=7928233549443 Duration=16617
Task=75 Chunk=1 Start=7928233879058 End=7928233905733 Duration=26675
Task=75 Chunk=2 Start=7928233905799 End=7928233906032 Duration=233
Task=75 Chunk=3 Start=7928233906050 End=7928233930960 Duration=24910
Task=76 Chunk=0 Start=7928233558102 End=7928233573557 Duration=15455
Task=76 Chunk=1 Start=7928233905734 End=7928233932683 Duration=26949
Task=76 Chunk=2 Start=7928233933489 End=7928233936376 Duration=2887
Task=76 Chunk=3 Start=7928233936385 End=7928233960716 Duration=24331
Task=77 Chunk=0 Start=7928233583415 End=7928233598763 Duration=15348
Task=77 Chunk=1 Start=7928233932683 End=7928233959171 Duration=26488
Task=77 Chunk=2 Start=7928233959191 End=7928233959528 Duration=337
Task=77 Chunk=3 Start=7928233960718 End=7928233985140 Duration=24422
Task=78 Chunk=0 Start=7928233609995 End=7928233626036 Duration=16041
Task=78 Chunk=1 Start=7928233959172 End=7928233985452 Duration=26280
Task=78 Chunk=2 Start=7928233985456 End=7928233985614 Duration=158
Task=78 Chunk=3 Start=7928233985623 End=7928234011321 Duration=25698
Task=79 Chunk=0 Start=7928233637140 End=7928233652520 Duration=15380
Task=79 Chunk=1 Start=7928233985453 End=7928234012471 Duration=27018
Task=79 Chunk=2 Start=7928234012514 End=7928234012828 Duration=314
Task=79 Chunk=3 Start=7928234012841 End=7928234037219 Duration=24378
Task=80 Chunk=0 Start=7928233663137 End=7928233678565 Duration=15428
Task=80 Chunk=1 Start=7928234012472 End=7928234039194 Duration=26722
Task=80 Chunk=2 Start=7928234039216 End=7928234039450 Duration=234
Task=80 Chunk=3 Start=7928234039469 End=7928234063689 Duration=24220
Task=81 Chunk=0 Start=7928233689648 End=7928233707809 Duration=18161
Task=81 Chunk=1 Start=7928234039195 End=7928234065734 Duration=26539
Task=81 Chunk=2 Start=7928234065790 End=7928234066009 Duration=219
Task=81 Chunk=3 Start=7928234066028 End=7928234090928 Duration=24900
Task=82 Chunk=0 Start=7928233717057 End=7928233732429 Duration=15372
Task=82 Chunk=1 Start=7928234065734 End=7928234092384 Duration=26650
Task=82 Chunk=2 Start=7928234092419 End=7928234092711 Duration=292
Task=82 Chunk=3 Start=7928234092721 End=7928234117112 Duration=24391
Task=83 Chunk=0 Start=7928233746302 End=7928233761966 Duration=15664
Task=83 Chunk=1 Start=7928234092385 End=7928234118883 Duration=26498
Task=83 Chunk=2 Start=7928234118954 End=7928234119182 Duration=228
Task=83 Chunk=3 Start=7928234119194 End=7928234143833 Duration=24639
Task=84 Chunk=0 Start=7928233770774 End=7928233786590 Duration=15816
Task=84 Chunk=1 Start=7928234118884 End=7928234145186 Duration=26302
Task=84 Chunk=2 Start=7928234145206 End=7928234148255 Duration=3049
Task=84 Chunk=3 Start=7928234148273 End=7928234173559 Duration=25286
Task=85 Chunk=0 Start=7928233797881 End=7928233813420 Duration=15539
Task=85 Chunk=1 Start=7928234145187 End=7928234172292 Duration=27105
Task=85 Chunk=2 Start=7928234172308 End=7928234172611 Duration=303
Task=85 Chunk=3 Start=7928234173561 End=7928234199126 Duration=25565
Task=86 Chunk=0 Start=7928233823951 End=7928233839369 Duration=15418
Task=86 Chunk=1 Start=7928234172293 End=7928234201101 Duration=28808
Task=86 Chunk=2 Start=7928234201152 End=7928234201363 Duration=211
Task=86 Chunk=3 Start=7928234201385 End=7928234225537 Duration=24152
Task=87 Chunk=0 Start=7928233850498 End=7928233866891 Duration=16393
Task=87 Chunk=1 Start=7928234201106 End=7928234232815 Duration=31709
Task=87 Chunk=2 Start=7928234232838 End=7928234233030 Duration=192
Task=87 Chunk=3 Start=7928234233043 End=7928234257716 Duration=24673
Task=88 Chunk=0 Start=7928233877558 End=7928233893164 Duration=15606
Task=88 Chunk=1 Start=7928234232816 End=7928234259069 Duration=26253
Task=88 Chunk=2 Start=7928234259082 End=7928234259369 Duration=287
Task=88 Chunk=3 Start=7928234259381 End=7928234283691 Duration=24310
Task=89 Chunk=0 Start=7928233903757 End=7928233919218 Duration=15461
Task=89 Chunk=1 Start=7928234259073 End=7928234285603 Duration=26530
Task=89 Chunk=2 Start=7928234285650 End=7928234285833 Duration=183
Task=89 Chunk=3 Start=7928234285841 End=7928234310113 Duration=24272
Task=90 Chunk=0 Start=7928233930974 End=7928233946273 Duration=15299
Task=90 Chunk=1 Start=7928234285607 End=7928234311910 Duration=26303
Task=90 Chunk=2 Start=7928234311945 End=7928234312125 Duration=180
Task=90 Chunk=3 Start=7928234312147 End=7928234337420 Duration=25273
Task=91 Chunk=0 Start=7928233960736 End=7928233976635 Duration=15899
Task=91 Chunk=1 Start=7928234311911 End=7928234338213 Duration=26302
Task=91 Chunk=2 Start=7928234338228 End=7928234340048 Duration=1820
Task=91 Chunk=3 Start=7928234340066 End=7928234364344 Duration=24278
Task=92 Chunk=0 Start=7928233985146 End=7928234000713 Duration=15567
Task=92 Chunk=1 Start=7928234338217 End=7928234371816 Duration=33599
Task=92 Chunk=2 Start=7928234371866 End=7928234372065 Duration=199
Task=92 Chunk=3 Start=7928234372088 End=7928234397020 Duration=24932
Task=93 Chunk=0 Start=7928234011341 End=7928234026757 Duration=15416
Task=93 Chunk=1 Start=7928234371822 End=7928234398384 Duration=26562
Task=93 Chunk=2 Start=7928234398397 End=7928234398650 Duration=253
Task=93 Chunk=3 Start=7928234398655 End=7928234423030 Duration=24375
Task=94 Chunk=0 Start=7928234037235 End=7928234052668 Duration=15433
Task=94 Chunk=1 Start=7928234398386 End=7928234425196 Duration=26810
Task=94 Chunk=2 Start=7928234425201 End=7928234425460 Duration=259
Task=94 Chunk=3 Start=7928234425468 End=7928234449778 Duration=24310
Task=95 Chunk=0 Start=7928234063698 End=7928234079057 Duration=15359
Task=95 Chunk=1 Start=7928234425198 End=7928234451803 Duration=26605
Task=95 Chunk=2 Start=7928234451858 End=7928234452038 Duration=180
Task=95 Chunk=3 Start=7928234452044 End=7928234477156 Duration=25112
Task=96 Chunk=0 Start=7928234090950 End=7928234106423 Duration=15473
Task=96 Chunk=1 Start=7928234451804 End=7928234478202 Duration=26398
Task=96 Chunk=2 Start=7928234478248 End=7928234478478 Duration=230
Task=96 Chunk=3 Start=7928234478496 End=7928234502954 Duration=24458
Task=97 Chunk=0 Start=7928234117130 End=7928234132506 Duration=15376
Task=97 Chunk=1 Start=7928234478203 End=7928234504363 Duration=26160
Task=97 Chunk=2 Start=7928234504383 End=7928234504572 Duration=189
Task=97 Chunk=3 Start=7928234504578 End=7928234528958 Duration=24380
Task=98 Chunk=0 Start=7928234143849 End=7928234159101 Duration=15252
Task=98 Chunk=1 Start=7928234504364 End=7928234530649 Duration=26285
Task=98 Chunk=2 Start=7928234530654 End=7928234531944 Duration=1290
Task=98 Chunk=3 Start=7928234531965 End=7928234557190 Duration=25225
Task=99 Chunk=0 Start=7928234173576 End=7928234189380 Duration=15804
Task=99 Chunk=1 Start=7928234530650 End=7928234557673 Duration=27023
Task=99 Chunk=2 Start=7928234557681 End=7928234557927 Duration=246
Task=99 Chunk=3 Start=7928234557951 End=7928234582455 Duration=24504
### Python End ###

--------------------------------
[2025-06-29 14:29:27.450] [info] Available Vulkan Layers:
[2025-06-29 14:29:27.450] [warning] Validation layer requested but not available, continuing without it...
[2025-06-29 14:29:27.452] [info] Using integrated GPU: Adreno (TM) 740
[2025-06-29 14:29:27.454] [info] VulkanDispatcher instance created.
[2025-06-29 14:29:27.552] [info] Total memory used: 40550404 bytes (38.67188 MB)
[2025-06-29 14:29:27.565] [info] Total memory used: 40550404 bytes (38.67188 MB)
[2025-06-29 14:29:27.587] [info] Total memory used: 40550404 bytes (38.67188 MB)
[2025-06-29 14:29:27.599] [info] Total memory used: 40550404 bytes (38.67188 MB)
[2025-06-29 14:29:27.609] [info] Total memory used: 40550404 bytes (38.67188 MB)
[2025-06-29 14:29:27.648] [info] Total memory used: 40550404 bytes (38.67188 MB)
[2025-06-29 14:29:27.657] [info] Total memory used: 40550404 bytes (38.67188 MB)
[2025-06-29 14:29:27.667] [info] Total memory used: 40550404 bytes (38.67188 MB)
[2025-06-29 14:29:27.676] [info] Total memory used: 40550404 bytes (38.67188 MB)
[2025-06-29 14:29:27.685] [info] Total memory used: 40550404 bytes (38.67188 MB)
[2025-06-29 14:29:27.725] [info] Total memory used: 40550404 bytes (38.67188 MB)
[2025-06-29 14:29:27.734] [info] Total memory used: 40550404 bytes (38.67188 MB)
[2025-06-29 14:29:27.744] [info] Total memory used: 40550404 bytes (38.67188 MB)
[2025-06-29 14:29:27.753] [info] Total memory used: 40550404 bytes (38.67188 MB)
[2025-06-29 14:29:27.763] [info] Total memory used: 40550404 bytes (38.67188 MB)
[2025-06-29 14:29:27.772] [info] Total memory used: 40550404 bytes (38.67188 MB)
### Python Begin ###
Schedule_UID=SCH-B3G2M2-G125-7f8c
Frequency=19200000 Hz
Task=0 Chunk=0 Start=7928241821648 End=7928241885171 Duration=63523
Task=0 Chunk=1 Start=7928241885180 End=7928242078008 Duration=192828
Task=0 Chunk=2 Start=7928242078037 End=7928242123730 Duration=45693
Task=1 Chunk=0 Start=7928241885176 End=7928241921354 Duration=36178
Task=1 Chunk=1 Start=7928242078016 End=7928242124150 Duration=46134
Task=1 Chunk=2 Start=7928242124171 End=7928242165987 Duration=41816
Task=2 Chunk=0 Start=7928241921359 End=7928241953375 Duration=32016
Task=2 Chunk=1 Start=7928242124151 End=7928242164095 Duration=39944
Task=2 Chunk=2 Start=7928242165990 End=7928242204184 Duration=38194
Task=3 Chunk=0 Start=7928241953376 End=7928241985457 Duration=32081
Task=3 Chunk=1 Start=7928242164098 End=7928242202500 Duration=38402
Task=3 Chunk=2 Start=7928242204190 End=7928242241545 Duration=37355
Task=4 Chunk=0 Start=7928241985458 End=7928242018397 Duration=32939
Task=4 Chunk=1 Start=7928242202501 End=7928242226420 Duration=23919
Task=4 Chunk=2 Start=7928242241549 End=7928242277927 Duration=36378
Task=5 Chunk=0 Start=7928242018398 End=7928242050610 Duration=32212
Task=5 Chunk=1 Start=7928242226434 End=7928242245412 Duration=18978
Task=5 Chunk=2 Start=7928242277928 End=7928242315338 Duration=37410
Task=6 Chunk=0 Start=7928242050611 End=7928242084241 Duration=33630
Task=6 Chunk=1 Start=7928242245418 End=7928242260808 Duration=15390
Task=6 Chunk=2 Start=7928242315340 End=7928242353382 Duration=38042
Task=7 Chunk=0 Start=7928242084242 End=7928242118482 Duration=34240
Task=7 Chunk=1 Start=7928242260812 End=7928242277349 Duration=16537
Task=7 Chunk=2 Start=7928242353386 End=7928242390067 Duration=36681
Task=8 Chunk=0 Start=7928242118483 End=7928242151784 Duration=33301
Task=8 Chunk=1 Start=7928242277352 End=7928242293083 Duration=15731
Task=8 Chunk=2 Start=7928242390068 End=7928242425969 Duration=35901
Task=9 Chunk=0 Start=7928242151784 End=7928242184347 Duration=32563
Task=9 Chunk=1 Start=7928242293088 End=7928242310425 Duration=17337
Task=9 Chunk=2 Start=7928242425970 End=7928242464146 Duration=38176
Task=10 Chunk=0 Start=7928242184347 End=7928242218080 Duration=33733
Task=10 Chunk=1 Start=7928242310431 End=7928242326398 Duration=15967
Task=10 Chunk=2 Start=7928242464147 End=7928242499812 Duration=35665
Task=11 Chunk=0 Start=7928242218081 End=7928242252549 Duration=34468
Task=11 Chunk=1 Start=7928242326401 End=7928242341828 Duration=15427
Task=11 Chunk=2 Start=7928242499813 End=7928242536316 Duration=36503
Task=12 Chunk=0 Start=7928242252550 End=7928242287321 Duration=34771
Task=12 Chunk=1 Start=7928242341833 End=7928242358633 Duration=16800
Task=12 Chunk=2 Start=7928242536317 End=7928242571968 Duration=35651
Task=13 Chunk=0 Start=7928242287321 End=7928242321807 Duration=34486
Task=13 Chunk=1 Start=7928242358637 End=7928242374018 Duration=15381
Task=13 Chunk=2 Start=7928242571973 End=7928242607702 Duration=35729
Task=14 Chunk=0 Start=7928242321814 End=7928242355204 Duration=33390
Task=14 Chunk=1 Start=7928242374022 End=7928242390042 Duration=16020
Task=14 Chunk=2 Start=7928242607703 End=7928242645412 Duration=37709
Task=15 Chunk=0 Start=7928242355205 End=7928242390531 Duration=35326
Task=15 Chunk=1 Start=7928242390642 End=7928242405977 Duration=15335
Task=15 Chunk=2 Start=7928242645415 End=7928242681148 Duration=35733
Task=16 Chunk=0 Start=7928242390532 End=7928242423486 Duration=32954
Task=16 Chunk=1 Start=7928242423582 End=7928242439824 Duration=16242
Task=16 Chunk=2 Start=7928242681149 End=7928242717514 Duration=36365
Task=17 Chunk=0 Start=7928242423487 End=7928242456991 Duration=33504
Task=17 Chunk=1 Start=7928242457014 End=7928242475541 Duration=18527
Task=17 Chunk=2 Start=7928242717515 End=7928242753078 Duration=35563
Task=18 Chunk=0 Start=7928242456991 End=7928242490742 Duration=33751
Task=18 Chunk=1 Start=7928242490843 End=7928242506876 Duration=16033
Task=18 Chunk=2 Start=7928242753079 End=7928242791250 Duration=38171
Task=19 Chunk=0 Start=7928242490743 End=7928242523186 Duration=32443
Task=19 Chunk=1 Start=7928242523322 End=7928242541761 Duration=18439
Task=19 Chunk=2 Start=7928242791251 End=7928242826709 Duration=35458
Task=20 Chunk=0 Start=7928242523187 End=7928242556600 Duration=33413
Task=20 Chunk=1 Start=7928242556665 End=7928242573358 Duration=16693
Task=20 Chunk=2 Start=7928242826710 End=7928242863290 Duration=36580
Task=21 Chunk=0 Start=7928242556601 End=7928242589068 Duration=32467
Task=21 Chunk=1 Start=7928242589150 End=7928242606350 Duration=17200
Task=21 Chunk=2 Start=7928242863291 End=7928242898808 Duration=35517
Task=22 Chunk=0 Start=7928242589069 End=7928242623192 Duration=34123
Task=22 Chunk=1 Start=7928242623315 End=7928242640668 Duration=17353
Task=22 Chunk=2 Start=7928242898810 End=7928242937329 Duration=38519
Task=23 Chunk=0 Start=7928242623193 End=7928242655883 Duration=32690
Task=23 Chunk=1 Start=7928242655971 End=7928242672580 Duration=16609
Task=23 Chunk=2 Start=7928242937329 End=7928242974475 Duration=37146
Task=24 Chunk=0 Start=7928242655883 End=7928242692677 Duration=36794
Task=24 Chunk=1 Start=7928242692834 End=7928242710346 Duration=17512
Task=24 Chunk=2 Start=7928242974475 End=7928243010570 Duration=36095
Task=25 Chunk=0 Start=7928242692678 End=7928242725577 Duration=32899
Task=25 Chunk=1 Start=7928242725678 End=7928242742292 Duration=16614
Task=25 Chunk=2 Start=7928243010571 End=7928243046048 Duration=35477
Task=26 Chunk=0 Start=7928242725578 End=7928242758360 Duration=32782
Task=26 Chunk=1 Start=7928242758472 End=7928242777368 Duration=18896
Task=26 Chunk=2 Start=7928243046049 End=7928243084054 Duration=38005
Task=27 Chunk=0 Start=7928242758361 End=7928242793185 Duration=34824
Task=27 Chunk=1 Start=7928242793225 End=7928242809680 Duration=16455
Task=27 Chunk=2 Start=7928243084055 End=7928243119500 Duration=35445
Task=28 Chunk=0 Start=7928242793186 End=7928242825587 Duration=32401
Task=28 Chunk=1 Start=7928242825600 End=7928242843873 Duration=18273
Task=28 Chunk=2 Start=7928243119500 End=7928243155621 Duration=36121
Task=29 Chunk=0 Start=7928242825588 End=7928242858905 Duration=33317
Task=29 Chunk=1 Start=7928242859070 End=7928242876535 Duration=17465
Task=29 Chunk=2 Start=7928243155623 End=7928243191103 Duration=35480
Task=30 Chunk=0 Start=7928242858906 End=7928242891390 Duration=32484
Task=30 Chunk=1 Start=7928242891445 End=7928242907996 Duration=16551
Task=30 Chunk=2 Start=7928243191104 End=7928243227522 Duration=36418
Task=31 Chunk=0 Start=7928242891391 End=7928242928322 Duration=36931
Task=31 Chunk=1 Start=7928242928373 End=7928242947479 Duration=19106
Task=31 Chunk=2 Start=7928243227523 End=7928243263794 Duration=36271
Task=32 Chunk=0 Start=7928242928322 End=7928242961257 Duration=32935
Task=32 Chunk=1 Start=7928242970515 End=7928242986877 Duration=16362
Task=32 Chunk=2 Start=7928243263795 End=7928243299291 Duration=35496
Task=33 Chunk=0 Start=7928242961258 End=7928242994558 Duration=33300
Task=33 Chunk=1 Start=7928242994606 End=7928243009750 Duration=15144
Task=33 Chunk=2 Start=7928243299292 End=7928243335441 Duration=36149
Task=34 Chunk=0 Start=7928242994560 End=7928243027733 Duration=33173
Task=34 Chunk=1 Start=7928243027791 End=7928243043645 Duration=15854
Task=34 Chunk=2 Start=7928243335441 End=7928243370976 Duration=35535
Task=35 Chunk=0 Start=7928243027733 End=7928243060614 Duration=32881
Task=35 Chunk=1 Start=7928243060699 End=7928243076346 Duration=15647
Task=35 Chunk=2 Start=7928243370977 End=7928243407718 Duration=36741
Task=36 Chunk=0 Start=7928243060616 End=7928243095393 Duration=34777
Task=36 Chunk=1 Start=7928243095461 End=7928243109727 Duration=14266
Task=36 Chunk=2 Start=7928243407718 End=7928243443141 Duration=35423
Task=37 Chunk=0 Start=7928243095393 End=7928243127824 Duration=32431
Task=37 Chunk=1 Start=7928243127891 End=7928243144876 Duration=16985
Task=37 Chunk=2 Start=7928243443141 End=7928243479435 Duration=36294
Task=38 Chunk=0 Start=7928243127825 End=7928243160951 Duration=33126
Task=38 Chunk=1 Start=7928243160984 End=7928243176700 Duration=15716
Task=38 Chunk=2 Start=7928243479437 End=7928243514850 Duration=35413
Task=39 Chunk=0 Start=7928243160952 End=7928243193604 Duration=32652
Task=39 Chunk=1 Start=7928243193660 End=7928243210038 Duration=16378
Task=39 Chunk=2 Start=7928243514852 End=7928243552707 Duration=37855
Task=40 Chunk=0 Start=7928243193604 End=7928243226818 Duration=33214
Task=40 Chunk=1 Start=7928243226925 End=7928243243695 Duration=16770
Task=40 Chunk=2 Start=7928243552708 End=7928243588067 Duration=35359
Task=41 Chunk=0 Start=7928243226819 End=7928243260346 Duration=33527
Task=41 Chunk=1 Start=7928243260468 End=7928243275971 Duration=15503
Task=41 Chunk=2 Start=7928243588068 End=7928243624220 Duration=36152
Task=42 Chunk=0 Start=7928243260347 End=7928243293009 Duration=32662
Task=42 Chunk=1 Start=7928243293112 End=7928243309536 Duration=16424
Task=42 Chunk=2 Start=7928243624221 End=7928243659622 Duration=35401
Task=43 Chunk=0 Start=7928243293010 End=7928243326679 Duration=33669
Task=43 Chunk=1 Start=7928243326827 End=7928243342849 Duration=16022
Task=43 Chunk=2 Start=7928243659623 End=7928243697349 Duration=37726
Task=44 Chunk=0 Start=7928243326680 End=7928243359711 Duration=33031
Task=44 Chunk=1 Start=7928243359845 End=7928243375587 Duration=15742
Task=44 Chunk=2 Start=7928243697350 End=7928243732779 Duration=35429
Task=45 Chunk=0 Start=7928243359712 End=7928243393314 Duration=33602
Task=45 Chunk=1 Start=7928243393453 End=7928243411396 Duration=17943
Task=45 Chunk=2 Start=7928243732779 End=7928243768937 Duration=36158
Task=46 Chunk=0 Start=7928243393318 End=7928243426797 Duration=33479
Task=46 Chunk=1 Start=7928243426857 End=7928243443466 Duration=16609
Task=46 Chunk=2 Start=7928243768938 End=7928243804398 Duration=35460
Task=47 Chunk=0 Start=7928243426798 End=7928243460465 Duration=33667
Task=47 Chunk=1 Start=7928243460603 End=7928243478743 Duration=18140
Task=47 Chunk=2 Start=7928243804399 End=7928243841190 Duration=36791
Task=48 Chunk=0 Start=7928243460468 End=7928243493287 Duration=32819
Task=48 Chunk=1 Start=7928243493389 End=7928243510806 Duration=17417
Task=48 Chunk=2 Start=7928243841191 End=7928243877548 Duration=36357
Task=49 Chunk=0 Start=7928243493288 End=7928243526409 Duration=33121
Task=49 Chunk=1 Start=7928243526459 End=7928243552602 Duration=26143
Task=49 Chunk=2 Start=7928243877549 End=7928243912749 Duration=35200
Task=50 Chunk=0 Start=7928243526409 End=7928243560879 Duration=34470
Task=50 Chunk=1 Start=7928243560977 End=7928243578041 Duration=17064
Task=50 Chunk=2 Start=7928243912749 End=7928243948805 Duration=36056
Task=51 Chunk=0 Start=7928243560879 End=7928243593386 Duration=32507
Task=51 Chunk=1 Start=7928243593462 End=7928243610945 Duration=17483
Task=51 Chunk=2 Start=7928243948806 End=7928243984266 Duration=35460
Task=52 Chunk=0 Start=7928243593386 End=7928243626591 Duration=33205
Task=52 Chunk=1 Start=7928243626760 End=7928243642767 Duration=16007
Task=52 Chunk=2 Start=7928243984267 End=7928244021794 Duration=37527
Task=53 Chunk=0 Start=7928243626592 End=7928243659030 Duration=32438
Task=53 Chunk=1 Start=7928243659183 End=7928243674757 Duration=15574
Task=53 Chunk=2 Start=7928244021795 End=7928244057309 Duration=35514
Task=54 Chunk=0 Start=7928243659030 End=7928243693329 Duration=34299
Task=54 Chunk=1 Start=7928243693427 End=7928243709660 Duration=16233
Task=54 Chunk=2 Start=7928244057310 End=7928244093343 Duration=36033
Task=55 Chunk=0 Start=7928243693330 End=7928243726366 Duration=33036
Task=55 Chunk=1 Start=7928243726446 End=7928243742685 Duration=16239
Task=55 Chunk=2 Start=7928244093343 End=7928244128711 Duration=35368
Task=56 Chunk=0 Start=7928243726368 End=7928243759262 Duration=32894
Task=56 Chunk=1 Start=7928243759390 End=7928243776111 Duration=16721
Task=56 Chunk=2 Start=7928244128712 End=7928244165091 Duration=36379
Task=57 Chunk=0 Start=7928243759262 End=7928243793189 Duration=33927
Task=57 Chunk=1 Start=7928243793304 End=7928243809078 Duration=15774
Task=57 Chunk=2 Start=7928244165092 End=7928244200481 Duration=35389
Task=58 Chunk=0 Start=7928243793190 End=7928243825954 Duration=32764
Task=58 Chunk=1 Start=7928243826091 End=7928243851807 Duration=25716
Task=58 Chunk=2 Start=7928244200481 End=7928244236737 Duration=36256
Task=59 Chunk=0 Start=7928243825954 End=7928243860336 Duration=34382
Task=59 Chunk=1 Start=7928243860434 End=7928243877233 Duration=16799
Task=59 Chunk=2 Start=7928244236738 End=7928244272167 Duration=35429
Task=60 Chunk=0 Start=7928243860340 End=7928243892688 Duration=32348
Task=60 Chunk=1 Start=7928243892819 End=7928243908188 Duration=15369
Task=60 Chunk=2 Start=7928244272169 End=7928244310050 Duration=37881
Task=61 Chunk=0 Start=7928243892689 End=7928243925720 Duration=33031
Task=61 Chunk=1 Start=7928243925760 End=7928243941313 Duration=15553
Task=61 Chunk=2 Start=7928244310050 End=7928244345817 Duration=35767
Task=62 Chunk=0 Start=7928243925721 End=7928243958200 Duration=32479
Task=62 Chunk=1 Start=7928243958254 End=7928243973463 Duration=15209
Task=62 Chunk=2 Start=7928244345818 End=7928244381895 Duration=36077
Task=63 Chunk=0 Start=7928243958201 End=7928243990455 Duration=32254
Task=63 Chunk=1 Start=7928243990543 End=7928244007270 Duration=16727
Task=63 Chunk=2 Start=7928244381895 End=7928244417515 Duration=35620
Task=64 Chunk=0 Start=7928243990456 End=7928244024971 Duration=34515
Task=64 Chunk=1 Start=7928244025087 End=7928244041439 Duration=16352
Task=64 Chunk=2 Start=7928244417517 End=7928244454215 Duration=36698
Task=65 Chunk=0 Start=7928244024975 End=7928244057899 Duration=32924
Task=65 Chunk=1 Start=7928244058044 End=7928244075207 Duration=17163
Task=65 Chunk=2 Start=7928244454215 End=7928244490660 Duration=36445
Task=66 Chunk=0 Start=7928244057899 End=7928244091605 Duration=33706
Task=66 Chunk=1 Start=7928244091736 End=7928244107686 Duration=15950
Task=66 Chunk=2 Start=7928244490661 End=7928244526348 Duration=35687
Task=67 Chunk=0 Start=7928244091605 End=7928244124359 Duration=32754
Task=67 Chunk=1 Start=7928244124369 End=7928244140023 Duration=15654
Task=67 Chunk=2 Start=7928244526349 End=7928244562636 Duration=36287
Task=68 Chunk=0 Start=7928244124360 End=7928244157993 Duration=33633
Task=68 Chunk=1 Start=7928244158140 End=7928244176136 Duration=17996
Task=68 Chunk=2 Start=7928244562639 End=7928244598193 Duration=35554
Task=69 Chunk=0 Start=7928244157994 End=7928244191535 Duration=33541
Task=69 Chunk=1 Start=7928244191606 End=7928244207352 Duration=15746
Task=69 Chunk=2 Start=7928244598195 End=7928244636058 Duration=37863
Task=70 Chunk=0 Start=7928244191536 End=7928244225220 Duration=33684
Task=70 Chunk=1 Start=7928244225229 End=7928244241762 Duration=16533
Task=70 Chunk=2 Start=7928244636059 End=7928244671741 Duration=35682
Task=71 Chunk=0 Start=7928244225220 End=7928244258094 Duration=32874
Task=71 Chunk=1 Start=7928244258180 End=7928244274238 Duration=16058
Task=71 Chunk=2 Start=7928244671742 End=7928244707955 Duration=36213
Task=72 Chunk=0 Start=7928244258095 End=7928244290989 Duration=32894
Task=72 Chunk=1 Start=7928244291085 End=7928244307323 Duration=16238
Task=72 Chunk=2 Start=7928244707956 End=7928244743503 Duration=35547
Task=73 Chunk=0 Start=7928244290989 End=7928244325711 Duration=34722
Task=73 Chunk=1 Start=7928244325770 End=7928244342327 Duration=16557
Task=73 Chunk=2 Start=7928244743504 End=7928244780260 Duration=36756
Task=74 Chunk=0 Start=7928244325716 End=7928244358063 Duration=32347
Task=74 Chunk=1 Start=7928244358113 End=7928244373210 Duration=15097
Task=74 Chunk=2 Start=7928244780261 End=7928244815770 Duration=35509
Task=75 Chunk=0 Start=7928244358064 End=7928244391180 Duration=33116
Task=75 Chunk=1 Start=7928244391215 End=7928244406397 Duration=15182
Task=75 Chunk=2 Start=7928244815771 End=7928244851731 Duration=35960
Task=76 Chunk=0 Start=7928244391181 End=7928244423673 Duration=32492
Task=76 Chunk=1 Start=7928244423708 End=7928244439395 Duration=15687
Task=76 Chunk=2 Start=7928244851732 End=7928244887007 Duration=35275
Task=77 Chunk=0 Start=7928244423673 End=7928244456499 Duration=32826
Task=77 Chunk=1 Start=7928244456528 End=7928244472340 Duration=15812
Task=77 Chunk=2 Start=7928244887007 End=7928244924383 Duration=37376
Task=78 Chunk=0 Start=7928244456500 End=7928244490306 Duration=33806
Task=78 Chunk=1 Start=7928244490439 End=7928244506479 Duration=16040
Task=78 Chunk=2 Start=7928244924384 End=7928244959907 Duration=35523
Task=79 Chunk=0 Start=7928244490307 End=7928244523007 Duration=32700
Task=79 Chunk=1 Start=7928244523116 End=7928244538983 Duration=15867
Task=79 Chunk=2 Start=7928244959908 End=7928244996141 Duration=36233
Task=80 Chunk=0 Start=7928244523008 End=7928244556898 Duration=33890
Task=80 Chunk=1 Start=7928244557067 End=7928244572927 Duration=15860
Task=80 Chunk=2 Start=7928244996142 End=7928245031482 Duration=35340
Task=81 Chunk=0 Start=7928244556901 End=7928244589956 Duration=33055
Task=81 Chunk=1 Start=7928244589966 End=7928244605981 Duration=16015
Task=81 Chunk=2 Start=7928245031482 End=7928245067789 Duration=36307
Task=82 Chunk=0 Start=7928244589956 End=7928244624310 Duration=34354
Task=82 Chunk=1 Start=7928244624322 End=7928244640140 Duration=15818
Task=82 Chunk=2 Start=7928245067789 End=7928245104480 Duration=36691
Task=83 Chunk=0 Start=7928244624310 End=7928244658120 Duration=33810
Task=83 Chunk=1 Start=7928244658622 End=7928244674203 Duration=15581
Task=83 Chunk=2 Start=7928245104481 End=7928245139829 Duration=35348
Task=84 Chunk=0 Start=7928244658121 End=7928244691222 Duration=33101
Task=84 Chunk=1 Start=7928244691335 End=7928244706750 Duration=15415
Task=84 Chunk=2 Start=7928245139829 End=7928245175638 Duration=35809
Task=85 Chunk=0 Start=7928244691223 End=7928244723834 Duration=32611
Task=85 Chunk=1 Start=7928244723907 End=7928244738976 Duration=15069
Task=85 Chunk=2 Start=7928245175639 End=7928245210915 Duration=35276
Task=86 Chunk=0 Start=7928244723835 End=7928244756296 Duration=32461
Task=86 Chunk=1 Start=7928244756306 End=7928244771576 Duration=15270
Task=86 Chunk=2 Start=7928245210916 End=7928245248350 Duration=37434
Task=87 Chunk=0 Start=7928244756297 End=7928244789445 Duration=33148
Task=87 Chunk=1 Start=7928244789493 End=7928244804660 Duration=15167
Task=87 Chunk=2 Start=7928245248350 End=7928245283674 Duration=35324
Task=88 Chunk=0 Start=7928244789446 End=7928244821859 Duration=32413
Task=88 Chunk=1 Start=7928244821882 End=7928244839298 Duration=17416
Task=88 Chunk=2 Start=7928245283675 End=7928245319558 Duration=35883
Task=89 Chunk=0 Start=7928244821864 End=7928244855262 Duration=33398
Task=89 Chunk=1 Start=7928244855295 End=7928244870606 Duration=15311
Task=89 Chunk=2 Start=7928245319559 End=7928245354824 Duration=35265
Task=90 Chunk=0 Start=7928244855263 End=7928244887639 Duration=32376
Task=90 Chunk=1 Start=7928244887780 End=7928244902789 Duration=15009
Task=90 Chunk=2 Start=7928245354825 End=7928245390966 Duration=36141
Task=91 Chunk=0 Start=7928244887639 End=7928244922081 Duration=34442
Task=91 Chunk=1 Start=7928244922584 End=7928244938736 Duration=16152
Task=91 Chunk=2 Start=7928245390966 End=7928245426069 Duration=35103
Task=92 Chunk=0 Start=7928244924401 End=7928244957354 Duration=32953
Task=92 Chunk=1 Start=7928244957402 End=7928244972756 Duration=15354
Task=92 Chunk=2 Start=7928245426070 End=7928245462015 Duration=35945
Task=93 Chunk=0 Start=7928244959914 End=7928244994034 Duration=34120
Task=93 Chunk=1 Start=7928244994188 End=7928245010382 Duration=16194
Task=93 Chunk=2 Start=7928245462016 End=7928245497265 Duration=35249
Task=94 Chunk=0 Start=7928244996152 End=7928245029038 Duration=32886
Task=94 Chunk=1 Start=7928245029126 End=7928245047615 Duration=18489
Task=94 Chunk=2 Start=7928245497266 End=7928245533678 Duration=36412
Task=95 Chunk=0 Start=7928245031500 End=7928245064316 Duration=32816
Task=95 Chunk=1 Start=7928245064456 End=7928245082840 Duration=18384
Task=95 Chunk=2 Start=7928245533679 End=7928245568915 Duration=35236
Task=96 Chunk=0 Start=7928245067817 End=7928245101880 Duration=34063
Task=96 Chunk=1 Start=7928245101932 End=7928245118731 Duration=16799
Task=96 Chunk=2 Start=7928245568915 End=7928245604599 Duration=35684
Task=97 Chunk=0 Start=7928245104489 End=7928245136828 Duration=32339
Task=97 Chunk=1 Start=7928245136937 End=7928245152212 Duration=15275
Task=97 Chunk=2 Start=7928245604600 End=7928245639877 Duration=35277
Task=98 Chunk=0 Start=7928245139839 End=7928245173197 Duration=33358
Task=98 Chunk=1 Start=7928245173279 End=7928245188375 Duration=15096
Task=98 Chunk=2 Start=7928245639878 End=7928245675061 Duration=35183
Task=99 Chunk=0 Start=7928245175655 End=7928245208252 Duration=32597
Task=99 Chunk=1 Start=7928245208382 End=7928245227178 Duration=18796
Task=99 Chunk=2 Start=7928245675061 End=7928245711373 Duration=36312
### Python End ###

--------------------------------
[2025-06-29 14:29:28.031] [info] Available Vulkan Layers:
[2025-06-29 14:29:28.031] [warning] Validation layer requested but not available, continuing without it...
[2025-06-29 14:29:28.036] [info] Using integrated GPU: Adreno (TM) 740
[2025-06-29 14:29:28.066] [info] VulkanDispatcher instance created.
[2025-06-29 14:29:28.160] [info] Total memory used: 40550404 bytes (38.67188 MB)
[2025-06-29 14:29:28.170] [info] Total memory used: 40550404 bytes (38.67188 MB)
[2025-06-29 14:29:28.190] [info] Total memory used: 40550404 bytes (38.67188 MB)
[2025-06-29 14:29:28.199] [info] Total memory used: 40550404 bytes (38.67188 MB)
[2025-06-29 14:29:28.208] [info] Total memory used: 40550404 bytes (38.67188 MB)
[2025-06-29 14:29:28.246] [info] Total memory used: 40550404 bytes (38.67188 MB)
[2025-06-29 14:29:28.256] [info] Total memory used: 40550404 bytes (38.67188 MB)
[2025-06-29 14:29:28.265] [info] Total memory used: 40550404 bytes (38.67188 MB)
[2025-06-29 14:29:28.275] [info] Total memory used: 40550404 bytes (38.67188 MB)
[2025-06-29 14:29:28.284] [info] Total memory used: 40550404 bytes (38.67188 MB)
[2025-06-29 14:29:28.324] [info] Total memory used: 40550404 bytes (38.67188 MB)
[2025-06-29 14:29:28.333] [info] Total memory used: 40550404 bytes (38.67188 MB)
[2025-06-29 14:29:28.343] [info] Total memory used: 40550404 bytes (38.67188 MB)
[2025-06-29 14:29:28.353] [info] Total memory used: 40550404 bytes (38.67188 MB)
[2025-06-29 14:29:28.362] [info] Total memory used: 40550404 bytes (38.67188 MB)
[2025-06-29 14:29:28.372] [info] Total memory used: 40550404 bytes (38.67188 MB)
### Python Begin ###
Schedule_UID=SCH-B2G2L1M2-G127-bcf6
Frequency=19200000 Hz
Task=0 Chunk=0 Start=7928253327495 End=7928253556893 Duration=229398
Task=0 Chunk=1 Start=7928253556914 End=7928253781065 Duration=224151
Task=0 Chunk=2 Start=7928253781082 End=7928253789836 Duration=8754
Task=0 Chunk=3 Start=7928253789841 End=7928253835206 Duration=45365
Task=1 Chunk=0 Start=7928253556900 End=7928253610097 Duration=53197
Task=1 Chunk=1 Start=7928253781078 End=7928253815592 Duration=34514
Task=1 Chunk=2 Start=7928253816306 End=7928253816837 Duration=531
Task=1 Chunk=3 Start=7928253835210 End=7928253875044 Duration=39834
Task=2 Chunk=0 Start=7928253610098 End=7928253662508 Duration=52410
Task=2 Chunk=1 Start=7928253815593 End=7928253843882 Duration=28289
Task=2 Chunk=2 Start=7928253843913 End=7928253844228 Duration=315
Task=2 Chunk=3 Start=7928253875046 End=7928253914290 Duration=39244
Task=3 Chunk=0 Start=7928253662508 End=7928253715658 Duration=53150
Task=3 Chunk=1 Start=7928253843883 End=7928253872253 Duration=28370
Task=3 Chunk=2 Start=7928253872298 End=7928253872562 Duration=264
Task=3 Chunk=3 Start=7928253914291 End=7928253957148 Duration=42857
Task=4 Chunk=0 Start=7928253715659 End=7928253768495 Duration=52836
Task=4 Chunk=1 Start=7928253872257 End=7928253900889 Duration=28632
Task=4 Chunk=2 Start=7928253900907 End=7928253901154 Duration=247
Task=4 Chunk=3 Start=7928253957149 End=7928254000454 Duration=43305
Task=5 Chunk=0 Start=7928253768496 End=7928253800677 Duration=32181
Task=5 Chunk=1 Start=7928253900893 End=7928253932123 Duration=31230
Task=5 Chunk=2 Start=7928253932480 End=7928253932775 Duration=295
Task=5 Chunk=3 Start=7928254000455 End=7928254038020 Duration=37565
Task=6 Chunk=0 Start=7928253800678 End=7928253828694 Duration=28016
Task=6 Chunk=1 Start=7928253932127 End=7928253963709 Duration=31582
Task=6 Chunk=2 Start=7928253963767 End=7928253963981 Duration=214
Task=6 Chunk=3 Start=7928254038021 End=7928254077631 Duration=39610
Task=7 Chunk=0 Start=7928253828695 End=7928253855775 Duration=27080
Task=7 Chunk=1 Start=7928253963710 End=7928253991214 Duration=27504
Task=7 Chunk=2 Start=7928253991240 End=7928253991531 Duration=291
Task=7 Chunk=3 Start=7928254077631 End=7928254114955 Duration=37324
Task=8 Chunk=0 Start=7928253855775 End=7928253882526 Duration=26751
Task=8 Chunk=1 Start=7928253991214 End=7928254018707 Duration=27493
Task=8 Chunk=2 Start=7928254018741 End=7928254019002 Duration=261
Task=8 Chunk=3 Start=7928254114956 End=7928254158056 Duration=43100
Task=9 Chunk=0 Start=7928253882526 End=7928253910310 Duration=27784
Task=9 Chunk=1 Start=7928254018707 End=7928254046235 Duration=27528
Task=9 Chunk=2 Start=7928254046287 End=7928254046492 Duration=205
Task=9 Chunk=3 Start=7928254158058 End=7928254197007 Duration=38949
Task=10 Chunk=0 Start=7928253910311 End=7928253937301 Duration=26990
Task=10 Chunk=1 Start=7928254046236 End=7928254073815 Duration=27579
Task=10 Chunk=2 Start=7928254073882 End=7928254074159 Duration=277
Task=10 Chunk=3 Start=7928254197007 End=7928254234944 Duration=37937
Task=11 Chunk=0 Start=7928253937302 End=7928253964280 Duration=26978
Task=11 Chunk=1 Start=7928254073816 End=7928254101538 Duration=27722
Task=11 Chunk=2 Start=7928254101597 End=7928254101797 Duration=200
Task=11 Chunk=3 Start=7928254234952 End=7928254274858 Duration=39906
Task=12 Chunk=0 Start=7928253964281 End=7928253992076 Duration=27795
Task=12 Chunk=1 Start=7928254101539 End=7928254132371 Duration=30832
Task=12 Chunk=2 Start=7928254132382 End=7928254132641 Duration=259
Task=12 Chunk=3 Start=7928254274859 End=7928254314958 Duration=40099
Task=13 Chunk=0 Start=7928253992076 End=7928254019085 Duration=27009
Task=13 Chunk=1 Start=7928254132373 End=7928254163057 Duration=30684
Task=13 Chunk=2 Start=7928254163083 End=7928254163288 Duration=205
Task=13 Chunk=3 Start=7928254314983 End=7928254357144 Duration=42161
Task=14 Chunk=0 Start=7928254019086 End=7928254046158 Duration=27072
Task=14 Chunk=1 Start=7928254163059 End=7928254190565 Duration=27506
Task=14 Chunk=2 Start=7928254190581 End=7928254190777 Duration=196
Task=14 Chunk=3 Start=7928254357145 End=7928254395311 Duration=38166
Task=15 Chunk=0 Start=7928254046159 End=7928254073658 Duration=27499
Task=15 Chunk=1 Start=7928254190565 End=7928254217717 Duration=27152
Task=15 Chunk=2 Start=7928254217781 End=7928254218021 Duration=240
Task=15 Chunk=3 Start=7928254395312 End=7928254432223 Duration=36911
Task=16 Chunk=0 Start=7928254073659 End=7928254100250 Duration=26591
Task=16 Chunk=1 Start=7928254217719 End=7928254244941 Duration=27222
Task=16 Chunk=2 Start=7928254244997 End=7928254245253 Duration=256
Task=16 Chunk=3 Start=7928254432224 End=7928254472931 Duration=40707
Task=17 Chunk=0 Start=7928254100250 End=7928254127293 Duration=27043
Task=17 Chunk=1 Start=7928254244941 End=7928254272229 Duration=27288
Task=17 Chunk=2 Start=7928254272278 End=7928254273073 Duration=795
Task=17 Chunk=3 Start=7928254472932 End=7928254509983 Duration=37051
Task=18 Chunk=0 Start=7928254127294 End=7928254154338 Duration=27044
Task=18 Chunk=1 Start=7928254272231 End=7928254299632 Duration=27401
Task=18 Chunk=2 Start=7928254299666 End=7928254299939 Duration=273
Task=18 Chunk=3 Start=7928254509984 End=7928254552398 Duration=42414
Task=19 Chunk=0 Start=7928254154339 End=7928254181112 Duration=26773
Task=19 Chunk=1 Start=7928254299633 End=7928254327227 Duration=27594
Task=19 Chunk=2 Start=7928254327657 End=7928254327874 Duration=217
Task=19 Chunk=3 Start=7928254552399 End=7928254592671 Duration=40272
Task=20 Chunk=0 Start=7928254181124 End=7928254208621 Duration=27497
Task=20 Chunk=1 Start=7928254327227 End=7928254354695 Duration=27468
Task=20 Chunk=2 Start=7928254354753 End=7928254355009 Duration=256
Task=20 Chunk=3 Start=7928254592672 End=7928254631062 Duration=38390
Task=21 Chunk=0 Start=7928254208622 End=7928254235521 Duration=26899
Task=21 Chunk=1 Start=7928254354697 End=7928254382609 Duration=27912
Task=21 Chunk=2 Start=7928254382618 End=7928254382918 Duration=300
Task=21 Chunk=3 Start=7928254631063 End=7928254670813 Duration=39750
Task=22 Chunk=0 Start=7928254235523 End=7928254262299 Duration=26776
Task=22 Chunk=1 Start=7928254382610 End=7928254409675 Duration=27065
Task=22 Chunk=2 Start=7928254409742 End=7928254409994 Duration=252
Task=22 Chunk=3 Start=7928254670814 End=7928254708016 Duration=37202
Task=23 Chunk=0 Start=7928254262300 End=7928254289568 Duration=27268
Task=23 Chunk=1 Start=7928254409676 End=7928254438574 Duration=28898
Task=23 Chunk=2 Start=7928254438632 End=7928254439415 Duration=783
Task=23 Chunk=3 Start=7928254708017 End=7928254752411 Duration=44394
Task=24 Chunk=0 Start=7928254289569 End=7928254316318 Duration=26749
Task=24 Chunk=1 Start=7928254438575 End=7928254465625 Duration=27050
Task=24 Chunk=2 Start=7928254465680 End=7928254465895 Duration=215
Task=24 Chunk=3 Start=7928254752412 End=7928254791756 Duration=39344
Task=25 Chunk=0 Start=7928254316320 End=7928254343089 Duration=26769
Task=25 Chunk=1 Start=7928254465625 End=7928254492862 Duration=27237
Task=25 Chunk=2 Start=7928254492875 End=7928254493093 Duration=218
Task=25 Chunk=3 Start=7928254791756 End=7928254830459 Duration=38703
Task=26 Chunk=0 Start=7928254343089 End=7928254370413 Duration=27324
Task=26 Chunk=1 Start=7928254492862 End=7928254519888 Duration=27026
Task=26 Chunk=2 Start=7928254520243 End=7928254520498 Duration=255
Task=26 Chunk=3 Start=7928254830460 End=7928254867321 Duration=36861
Task=27 Chunk=0 Start=7928254370414 End=7928254397401 Duration=26987
Task=27 Chunk=1 Start=7928254519891 End=7928254547227 Duration=27336
Task=27 Chunk=2 Start=7928254547291 End=7928254547501 Duration=210
Task=27 Chunk=3 Start=7928254867322 End=7928254907546 Duration=40224
Task=28 Chunk=0 Start=7928254397402 End=7928254424388 Duration=26986
Task=28 Chunk=1 Start=7928254547229 End=7928254574280 Duration=27051
Task=28 Chunk=2 Start=7928254574322 End=7928254574591 Duration=269
Task=28 Chunk=3 Start=7928254907547 End=7928254954323 Duration=46776
Task=29 Chunk=0 Start=7928254424389 End=7928254452028 Duration=27639
Task=29 Chunk=1 Start=7928254574282 End=7928254601309 Duration=27027
Task=29 Chunk=2 Start=7928254601429 End=7928254601691 Duration=262
Task=29 Chunk=3 Start=7928254954324 End=7928255008958 Duration=54634
Task=30 Chunk=0 Start=7928254452029 End=7928254479020 Duration=26991
Task=30 Chunk=1 Start=7928254601312 End=7928254628105 Duration=26793
Task=30 Chunk=2 Start=7928254628191 End=7928254628408 Duration=217
Task=30 Chunk=3 Start=7928255008959 End=7928255228551 Duration=219592
Task=31 Chunk=0 Start=7928254479021 End=7928254506112 Duration=27091
Task=31 Chunk=1 Start=7928254628106 End=7928254654963 Duration=26857
Task=31 Chunk=2 Start=7928254655013 End=7928254655229 Duration=216
Task=31 Chunk=3 Start=7928255228552 End=7928255274360 Duration=45808
Task=32 Chunk=0 Start=7928254510001 End=7928254537382 Duration=27381
Task=32 Chunk=1 Start=7928254654963 End=7928254682001 Duration=27038
Task=32 Chunk=2 Start=7928254682258 End=7928254682524 Duration=266
Task=32 Chunk=3 Start=7928255274361 End=7928255315069 Duration=40708
Task=33 Chunk=0 Start=7928254552416 End=7928254579674 Duration=27258
Task=33 Chunk=1 Start=7928254682001 End=7928254708794 Duration=26793
Task=33 Chunk=2 Start=7928254709252 End=7928254709483 Duration=231
Task=33 Chunk=3 Start=7928255315070 End=7928255366826 Duration=51756
Task=34 Chunk=0 Start=7928254592681 End=7928254619707 Duration=27026
Task=34 Chunk=1 Start=7928254708794 End=7928254736123 Duration=27329
Task=34 Chunk=2 Start=7928254736439 End=7928254736660 Duration=221
Task=34 Chunk=3 Start=7928255366827 End=7928255525706 Duration=158879
Task=35 Chunk=0 Start=7928254631069 End=7928254658108 Duration=27039
Task=35 Chunk=1 Start=7928254736123 End=7928254762800 Duration=26677
Task=35 Chunk=2 Start=7928254762837 End=7928254763108 Duration=271
Task=35 Chunk=3 Start=7928255525710 End=7928255567540 Duration=41830
Task=36 Chunk=0 Start=7928254670839 End=7928254698052 Duration=27213
Task=36 Chunk=1 Start=7928254762802 End=7928254790278 Duration=27476
Task=36 Chunk=2 Start=7928254790336 End=7928254790551 Duration=215
Task=36 Chunk=3 Start=7928255567540 End=7928255606714 Duration=39174
Task=37 Chunk=0 Start=7928254708037 End=7928254735083 Duration=27046
Task=37 Chunk=1 Start=7928254790278 End=7928254817251 Duration=26973
Task=37 Chunk=2 Start=7928254817375 End=7928254817627 Duration=252
Task=37 Chunk=3 Start=7928255606715 End=7928255655605 Duration=48890
Task=38 Chunk=0 Start=7928254752416 End=7928254779439 Duration=27023
Task=38 Chunk=1 Start=7928254817251 End=7928254844283 Duration=27032
Task=38 Chunk=2 Start=7928254844396 End=7928254844652 Duration=256
Task=38 Chunk=3 Start=7928255655605 End=7928255712630 Duration=57025
Task=39 Chunk=0 Start=7928254791775 End=7928254818575 Duration=26800
Task=39 Chunk=1 Start=7928254844284 End=7928254871035 Duration=26751
Task=39 Chunk=2 Start=7928254871132 End=7928254871416 Duration=284
Task=39 Chunk=3 Start=7928255712631 End=7928255889418 Duration=176787
Task=40 Chunk=0 Start=7928254830472 End=7928254857724 Duration=27252
Task=40 Chunk=1 Start=7928254871038 End=7928254900171 Duration=29133
Task=40 Chunk=2 Start=7928254900240 End=7928254900503 Duration=263
Task=40 Chunk=3 Start=7928255889419 End=7928255937250 Duration=47831
Task=41 Chunk=0 Start=7928254867329 End=7928254894224 Duration=26895
Task=41 Chunk=1 Start=7928254900173 End=7928254927101 Duration=26928
Task=41 Chunk=2 Start=7928254927159 End=7928254927380 Duration=221
Task=41 Chunk=3 Start=7928255937251 End=7928255978210 Duration=40959
Task=42 Chunk=0 Start=7928254907554 End=7928254934568 Duration=27014
Task=42 Chunk=1 Start=7928254934575 End=7928254964549 Duration=29974
Task=42 Chunk=2 Start=7928254964561 End=7928254964775 Duration=214
Task=42 Chunk=3 Start=7928255978211 End=7928256024849 Duration=46638
Task=43 Chunk=0 Start=7928254954345 End=7928254981451 Duration=27106
Task=43 Chunk=1 Start=7928254981460 End=7928255012116 Duration=30656
Task=43 Chunk=2 Start=7928255012203 End=7928255012463 Duration=260
Task=43 Chunk=3 Start=7928256024849 End=7928256078929 Duration=54080
Task=44 Chunk=0 Start=7928255008985 End=7928255035500 Duration=26515
Task=44 Chunk=1 Start=7928255035508 End=7928255065281 Duration=29773
Task=44 Chunk=2 Start=7928255065391 End=7928255065638 Duration=247
Task=44 Chunk=3 Start=7928256078930 End=7928256262808 Duration=183878
Task=45 Chunk=0 Start=7928255228569 End=7928255255021 Duration=26452
Task=45 Chunk=1 Start=7928255269690 End=7928255300868 Duration=31178
Task=45 Chunk=2 Start=7928255300913 End=7928255301291 Duration=378
Task=45 Chunk=3 Start=7928256262809 End=7928256313375 Duration=50566
Task=46 Chunk=0 Start=7928255274389 End=7928255301822 Duration=27433
Task=46 Chunk=1 Start=7928255301830 End=7928255329694 Duration=27864
Task=46 Chunk=2 Start=7928255329731 End=7928255329964 Duration=233
Task=46 Chunk=3 Start=7928256313376 End=7928256409595 Duration=96219
Task=47 Chunk=0 Start=7928255315087 End=7928255341622 Duration=26535
Task=47 Chunk=1 Start=7928255341634 End=7928255371524 Duration=29890
Task=47 Chunk=2 Start=7928255371680 End=7928255371948 Duration=268
Task=47 Chunk=3 Start=7928256409595 End=7928256447894 Duration=38299
Task=48 Chunk=0 Start=7928255366852 End=7928255393351 Duration=26499
Task=48 Chunk=1 Start=7928255393367 End=7928255423482 Duration=30115
Task=48 Chunk=2 Start=7928255423526 End=7928255423770 Duration=244
Task=48 Chunk=3 Start=7928256447894 End=7928256485272 Duration=37378
Task=49 Chunk=0 Start=7928255525733 End=7928255552149 Duration=26416
Task=49 Chunk=1 Start=7928255563700 End=7928255594703 Duration=31003
Task=49 Chunk=2 Start=7928255594753 End=7928255595052 Duration=299
Task=49 Chunk=3 Start=7928256485272 End=7928256531249 Duration=45977
Task=50 Chunk=0 Start=7928255567549 End=7928255594884 Duration=27335
Task=50 Chunk=1 Start=7928255594887 End=7928255622325 Duration=27438
Task=50 Chunk=2 Start=7928255622358 End=7928255622575 Duration=217
Task=50 Chunk=3 Start=7928256531249 End=7928256583585 Duration=52336
Task=51 Chunk=0 Start=7928255606736 End=7928255633550 Duration=26814
Task=51 Chunk=1 Start=7928255633557 End=7928255663625 Duration=30068
Task=51 Chunk=2 Start=7928255663708 End=7928255663926 Duration=218
Task=51 Chunk=3 Start=7928256583586 End=7928256773924 Duration=190338
Task=52 Chunk=0 Start=7928255655629 End=7928255683103 Duration=27474
Task=52 Chunk=1 Start=7928255683110 End=7928255713178 Duration=30068
Task=52 Chunk=2 Start=7928255713429 End=7928255713729 Duration=300
Task=52 Chunk=3 Start=7928256773924 End=7928256814246 Duration=40322
Task=53 Chunk=0 Start=7928255712645 End=7928255738965 Duration=26320
Task=53 Chunk=1 Start=7928255738975 End=7928255772311 Duration=33336
Task=53 Chunk=2 Start=7928255772690 End=7928255772936 Duration=246
Task=53 Chunk=3 Start=7928256814246 End=7928256855522 Duration=41276
Task=54 Chunk=0 Start=7928255889426 End=7928255916463 Duration=27037
Task=54 Chunk=1 Start=7928255934822 End=7928255968453 Duration=33631
Task=54 Chunk=2 Start=7928255968490 End=7928255968749 Duration=259
Task=54 Chunk=3 Start=7928256855523 End=7928256908976 Duration=53453
Task=55 Chunk=0 Start=7928255937267 End=7928255964344 Duration=27077
Task=55 Chunk=1 Start=7928255968454 End=7928255996013 Duration=27559
Task=55 Chunk=2 Start=7928255996081 End=7928255996321 Duration=240
Task=55 Chunk=3 Start=7928256908977 End=7928257070399 Duration=161422
Task=56 Chunk=0 Start=7928255978215 End=7928256005113 Duration=26898
Task=56 Chunk=1 Start=7928256005127 End=7928256035573 Duration=30446
Task=56 Chunk=2 Start=7928256035613 End=7928256035829 Duration=216
Task=56 Chunk=3 Start=7928257070400 End=7928257110509 Duration=40109
Task=57 Chunk=0 Start=7928256024858 End=7928256052481 Duration=27623
Task=57 Chunk=1 Start=7928256052485 End=7928256082770 Duration=30285
Task=57 Chunk=2 Start=7928256082893 End=7928256083154 Duration=261
Task=57 Chunk=3 Start=7928257110510 End=7928257151459 Duration=40949
Task=58 Chunk=0 Start=7928256078948 End=7928256105797 Duration=26849
Task=58 Chunk=1 Start=7928256105814 End=7928256135388 Duration=29574
Task=58 Chunk=2 Start=7928256135527 End=7928256135782 Duration=255
Task=58 Chunk=3 Start=7928257151459 End=7928257202187 Duration=50728
Task=59 Chunk=0 Start=7928256262813 End=7928256290574 Duration=27761
Task=59 Chunk=1 Start=7928256290581 End=7928256321096 Duration=30515
Task=59 Chunk=2 Start=7928256321146 End=7928256321415 Duration=269
Task=59 Chunk=3 Start=7928257202187 End=7928257361437 Duration=159250
Task=60 Chunk=0 Start=7928256313397 End=7928256339947 Duration=26550
Task=60 Chunk=1 Start=7928256339970 End=7928256370599 Duration=30629
Task=60 Chunk=2 Start=7928256370647 End=7928256370895 Duration=248
Task=60 Chunk=3 Start=7928257361437 End=7928257402199 Duration=40762
Task=61 Chunk=0 Start=7928256409602 End=7928256436706 Duration=27104
Task=61 Chunk=1 Start=7928256446215 End=7928256476746 Duration=30531
Task=61 Chunk=2 Start=7928256476788 End=7928256477038 Duration=250
Task=61 Chunk=3 Start=7928257402200 End=7928257443991 Duration=41791
Task=62 Chunk=0 Start=7928256447915 End=7928256474970 Duration=27055
Task=62 Chunk=1 Start=7928256476748 End=7928256506681 Duration=29933
Task=62 Chunk=2 Start=7928256506728 End=7928256506949 Duration=221
Task=62 Chunk=3 Start=7928257443992 End=7928257490027 Duration=46035
Task=63 Chunk=0 Start=7928256485291 End=7928256512548 Duration=27257
Task=63 Chunk=1 Start=7928256512569 End=7928256543358 Duration=30789
Task=63 Chunk=2 Start=7928256543376 End=7928256543613 Duration=237
Task=63 Chunk=3 Start=7928257490028 End=7928257544129 Duration=54101
Task=64 Chunk=0 Start=7928256531266 End=7928256557987 Duration=26721
Task=64 Chunk=1 Start=7928256557995 End=7928256590105 Duration=32110
Task=64 Chunk=2 Start=7928256590457 End=7928256590749 Duration=292
Task=64 Chunk=3 Start=7928257544130 End=7928257727526 Duration=183396
Task=65 Chunk=0 Start=7928256583605 End=7928256610654 Duration=27049
Task=65 Chunk=1 Start=7928256610662 End=7928256641705 Duration=31043
Task=65 Chunk=2 Start=7928256641858 End=7928256642116 Duration=258
Task=65 Chunk=3 Start=7928257727526 End=7928257778211 Duration=50685
Task=66 Chunk=0 Start=7928256773950 End=7928256800903 Duration=26953
Task=66 Chunk=1 Start=7928256809719 End=7928256841516 Duration=31797
Task=66 Chunk=2 Start=7928256841559 End=7928256841882 Duration=323
Task=66 Chunk=3 Start=7928257778212 End=7928257820691 Duration=42479
Task=67 Chunk=0 Start=7928256814252 End=7928256841535 Duration=27283
Task=67 Chunk=1 Start=7928256841582 End=7928256869785 Duration=28203
Task=67 Chunk=2 Start=7928256869814 End=7928256870034 Duration=220
Task=67 Chunk=3 Start=7928257820691 End=7928257864713 Duration=44022
Task=68 Chunk=0 Start=7928256855531 End=7928256882543 Duration=27012
Task=68 Chunk=1 Start=7928256882563 End=7928256912983 Duration=30420
Task=68 Chunk=2 Start=7928256913147 End=7928256913421 Duration=274
Task=68 Chunk=3 Start=7928257864713 End=7928257915682 Duration=50969
Task=69 Chunk=0 Start=7928256908997 End=7928256935776 Duration=26779
Task=69 Chunk=1 Start=7928256935796 End=7928256966076 Duration=30280
Task=69 Chunk=2 Start=7928256966099 End=7928256967177 Duration=1078
Task=69 Chunk=3 Start=7928257915683 End=7928258090715 Duration=175032
Task=70 Chunk=0 Start=7928257070423 End=7928257097229 Duration=26806
Task=70 Chunk=1 Start=7928257106008 End=7928257136809 Duration=30801
Task=70 Chunk=2 Start=7928257136960 End=7928257137250 Duration=290
Task=70 Chunk=3 Start=7928258090716 End=7928258132361 Duration=41645
Task=71 Chunk=0 Start=7928257110527 End=7928257137987 Duration=27460
Task=71 Chunk=1 Start=7928257137999 End=7928257165820 Duration=27821
Task=71 Chunk=2 Start=7928257165861 End=7928257166082 Duration=221
Task=71 Chunk=3 Start=7928258132362 End=7928258171717 Duration=39355
Task=72 Chunk=0 Start=7928257151467 End=7928257178550 Duration=27083
Task=72 Chunk=1 Start=7928257178566 End=7928257208484 Duration=29918
Task=72 Chunk=2 Start=7928257208580 End=7928257208839 Duration=259
Task=72 Chunk=3 Start=7928258171718 End=7928258220517 Duration=48799
Task=73 Chunk=0 Start=7928257202205 End=7928257228831 Duration=26626
Task=73 Chunk=1 Start=7928257228837 End=7928257259000 Duration=30163
Task=73 Chunk=2 Start=7928257259036 End=7928257259253 Duration=217
Task=73 Chunk=3 Start=7928258220518 End=7928258274084 Duration=53566
Task=74 Chunk=0 Start=7928257361450 End=7928257389311 Duration=27861
Task=74 Chunk=1 Start=7928257397155 End=7928257428505 Duration=31350
Task=74 Chunk=2 Start=7928257428529 End=7928257428857 Duration=328
Task=74 Chunk=3 Start=7928258274084 End=7928258454609 Duration=180525
Task=75 Chunk=0 Start=7928257402215 End=7928257430058 Duration=27843
Task=75 Chunk=1 Start=7928257430075 End=7928257462862 Duration=32787
Task=75 Chunk=2 Start=7928257462918 End=7928257463181 Duration=263
Task=75 Chunk=3 Start=7928258454610 End=7928258493508 Duration=38898
Task=76 Chunk=0 Start=7928257443995 End=7928257471557 Duration=27562
Task=76 Chunk=1 Start=7928257471577 End=7928257501983 Duration=30406
Task=76 Chunk=2 Start=7928257502278 End=7928257502489 Duration=211
Task=76 Chunk=3 Start=7928258493509 End=7928258540420 Duration=46911
Task=77 Chunk=0 Start=7928257490045 End=7928257518776 Duration=28731
Task=77 Chunk=1 Start=7928257518784 End=7928257548575 Duration=29791
Task=77 Chunk=2 Start=7928257548688 End=7928257548976 Duration=288
Task=77 Chunk=3 Start=7928258540421 End=7928258588188 Duration=47767
Task=78 Chunk=0 Start=7928257544142 End=7928257570654 Duration=26512
Task=78 Chunk=1 Start=7928257570672 End=7928257602513 Duration=31841
Task=78 Chunk=2 Start=7928257602558 End=7928257602803 Duration=245
Task=78 Chunk=3 Start=7928258588189 End=7928258640693 Duration=52504
Task=79 Chunk=0 Start=7928257727536 End=7928257754535 Duration=26999
Task=79 Chunk=1 Start=7928257775029 End=7928257806620 Duration=31591
Task=79 Chunk=2 Start=7928257807406 End=7928257807709 Duration=303
Task=79 Chunk=3 Start=7928258640694 End=7928258823947 Duration=183253
Task=80 Chunk=0 Start=7928257778221 End=7928257804949 Duration=26728
Task=80 Chunk=1 Start=7928257806621 End=7928257840653 Duration=34032
Task=80 Chunk=2 Start=7928257840720 End=7928257840984 Duration=264
Task=80 Chunk=3 Start=7928258823948 End=7928258859293 Duration=35345
Task=81 Chunk=0 Start=7928257820714 End=7928257847583 Duration=26869
Task=81 Chunk=1 Start=7928257847603 End=7928257878375 Duration=30772
Task=81 Chunk=2 Start=7928257878421 End=7928257878644 Duration=223
Task=81 Chunk=3 Start=7928258859294 End=7928258904039 Duration=44745
Task=82 Chunk=0 Start=7928257864723 End=7928257891405 Duration=26682
Task=82 Chunk=1 Start=7928257891422 End=7928257921387 Duration=29965
Task=82 Chunk=2 Start=7928257921475 End=7928257921745 Duration=270
Task=82 Chunk=3 Start=7928258904039 End=7928258953061 Duration=49022
Task=83 Chunk=0 Start=7928257915687 End=7928257942295 Duration=26608
Task=83 Chunk=1 Start=7928257942306 End=7928257972098 Duration=29792
Task=83 Chunk=2 Start=7928257972218 End=7928257972474 Duration=256
Task=83 Chunk=3 Start=7928258953062 End=7928259008986 Duration=55924
Task=84 Chunk=0 Start=7928258090721 End=7928258117442 Duration=26721
Task=84 Chunk=1 Start=7928258127711 End=7928258159210 Duration=31499
Task=84 Chunk=2 Start=7928258159305 End=7928258159617 Duration=312
Task=84 Chunk=3 Start=7928259008987 End=7928259188760 Duration=179773
Task=85 Chunk=0 Start=7928258132367 End=7928258160174 Duration=27807
Task=85 Chunk=1 Start=7928258160182 End=7928258189044 Duration=28862
Task=85 Chunk=2 Start=7928258189063 End=7928258189288 Duration=225
Task=85 Chunk=3 Start=7928259188760 End=7928259238862 Duration=50102
Task=86 Chunk=0 Start=7928258171734 End=7928258199588 Duration=27854
Task=86 Chunk=1 Start=7928258199601 End=7928258231469 Duration=31868
Task=86 Chunk=2 Start=7928258231603 End=7928258231868 Duration=265
Task=86 Chunk=3 Start=7928259238862 End=7928259275227 Duration=36365
Task=87 Chunk=0 Start=7928258220537 End=7928258247632 Duration=27095
Task=87 Chunk=1 Start=7928258247642 End=7928258278591 Duration=30949
Task=87 Chunk=2 Start=7928258278787 End=7928258279998 Duration=1211
Task=87 Chunk=3 Start=7928259275228 End=7928259311027 Duration=35799
Task=88 Chunk=0 Start=7928258274100 End=7928258302565 Duration=28465
Task=88 Chunk=1 Start=7928258302571 End=7928258334654 Duration=32083
Task=88 Chunk=2 Start=7928258334698 End=7928258334925 Duration=227
Task=88 Chunk=3 Start=7928259311028 End=7928259346730 Duration=35702
Task=89 Chunk=0 Start=7928258454634 End=7928258482899 Duration=28265
Task=89 Chunk=1 Start=7928258493735 End=7928258526694 Duration=32959
Task=89 Chunk=2 Start=7928258527474 End=7928258527813 Duration=339
Task=89 Chunk=3 Start=7928259346731 End=7928259383795 Duration=37064
Task=90 Chunk=0 Start=7928258493521 End=7928258522387 Duration=28866
Task=90 Chunk=1 Start=7928258526696 End=7928258560808 Duration=34112
Task=90 Chunk=2 Start=7928258560838 End=7928258561059 Duration=221
Task=90 Chunk=3 Start=7928259383796 End=7928259419086 Duration=35290
Task=91 Chunk=0 Start=7928258540444 End=7928258568950 Duration=28506
Task=91 Chunk=1 Start=7928258568964 End=7928258599324 Duration=30360
Task=91 Chunk=2 Start=7928258599577 End=7928258599825 Duration=248
Task=91 Chunk=3 Start=7928259419087 End=7928259455066 Duration=35979
Task=92 Chunk=0 Start=7928258588197 End=7928258614937 Duration=26740
Task=92 Chunk=1 Start=7928258614946 End=7928258645009 Duration=30063
Task=92 Chunk=2 Start=7928258645017 End=7928258645246 Duration=229
Task=92 Chunk=3 Start=7928259455066 End=7928259490307 Duration=35241
Task=93 Chunk=0 Start=7928258640717 End=7928258667736 Duration=27019
Task=93 Chunk=1 Start=7928258667752 End=7928258697617 Duration=29865
Task=93 Chunk=2 Start=7928258697705 End=7928258697962 Duration=257
Task=93 Chunk=3 Start=7928259490307 End=7928259526248 Duration=35941
Task=94 Chunk=0 Start=7928258823955 End=7928258850683 Duration=26728
Task=94 Chunk=1 Start=7928258859379 End=7928258891104 Duration=31725
Task=94 Chunk=2 Start=7928258891165 End=7928258891809 Duration=644
Task=94 Chunk=3 Start=7928259526249 End=7928259561729 Duration=35480
Task=95 Chunk=0 Start=7928258859315 End=7928258886111 Duration=26796
Task=95 Chunk=1 Start=7928258891106 End=7928258918900 Duration=27794
Task=95 Chunk=2 Start=7928258918914 End=7928258919182 Duration=268
Task=95 Chunk=3 Start=7928259561730 End=7928259597546 Duration=35816
Task=96 Chunk=0 Start=7928258904044 End=7928258930917 Duration=26873
Task=96 Chunk=1 Start=7928258930931 End=7928258961230 Duration=30299
Task=96 Chunk=2 Start=7928258961234 End=7928258961457 Duration=223
Task=96 Chunk=3 Start=7928259597547 End=7928259632858 Duration=35311
Task=97 Chunk=0 Start=7928258953070 End=7928258980089 Duration=27019
Task=97 Chunk=1 Start=7928258980101 End=7928259010080 Duration=29979
Task=97 Chunk=2 Start=7928259010466 End=7928259010738 Duration=272
Task=97 Chunk=3 Start=7928259632858 End=7928259668922 Duration=36064
Task=98 Chunk=0 Start=7928259009012 End=7928259035285 Duration=26273
Task=98 Chunk=1 Start=7928259035296 End=7928259067624 Duration=32328
Task=98 Chunk=2 Start=7928259067659 End=7928259067905 Duration=246
Task=98 Chunk=3 Start=7928259668922 End=7928259704223 Duration=35301
Task=99 Chunk=0 Start=7928259188778 End=7928259216860 Duration=28082
Task=99 Chunk=1 Start=7928259218975 End=7928259251728 Duration=32753
Task=99 Chunk=2 Start=7928259251960 End=7928259252254 Duration=294
Task=99 Chunk=3 Start=7928259704223 End=7928259740165 Duration=35942
### Python End ###

--------------------------------
[2025-06-29 14:29:28.765] [info] Available Vulkan Layers:
[2025-06-29 14:29:28.765] [warning] Validation layer requested but not available, continuing without it...
[2025-06-29 14:29:28.768] [info] Using integrated GPU: Adreno (TM) 740
[2025-06-29 14:29:28.794] [info] VulkanDispatcher instance created.
[2025-06-29 14:29:28.888] [info] Total memory used: 40550404 bytes (38.67188 MB)
[2025-06-29 14:29:28.897] [info] Total memory used: 40550404 bytes (38.67188 MB)
[2025-06-29 14:29:28.918] [info] Total memory used: 40550404 bytes (38.67188 MB)
[2025-06-29 14:29:28.927] [info] Total memory used: 40550404 bytes (38.67188 MB)
[2025-06-29 14:29:28.936] [info] Total memory used: 40550404 bytes (38.67188 MB)
[2025-06-29 14:29:28.975] [info] Total memory used: 40550404 bytes (38.67188 MB)
[2025-06-29 14:29:28.984] [info] Total memory used: 40550404 bytes (38.67188 MB)
[2025-06-29 14:29:28.993] [info] Total memory used: 40550404 bytes (38.67188 MB)
[2025-06-29 14:29:29.003] [info] Total memory used: 40550404 bytes (38.67188 MB)
[2025-06-29 14:29:29.012] [info] Total memory used: 40550404 bytes (38.67188 MB)
[2025-06-29 14:29:29.052] [info] Total memory used: 40550404 bytes (38.67188 MB)
[2025-06-29 14:29:29.062] [info] Total memory used: 40550404 bytes (38.67188 MB)
[2025-06-29 14:29:29.071] [info] Total memory used: 40550404 bytes (38.67188 MB)
[2025-06-29 14:29:29.081] [info] Total memory used: 40550404 bytes (38.67188 MB)
[2025-06-29 14:29:29.090] [info] Total memory used: 40550404 bytes (38.67188 MB)
[2025-06-29 14:29:29.100] [info] Total memory used: 40550404 bytes (38.67188 MB)
### Python Begin ###
Schedule_UID=SCH-M4L3-G129-943f
Frequency=19200000 Hz
Task=0 Chunk=0 Start=7928267305033 End=7928267452776 Duration=147743
Task=0 Chunk=1 Start=7928267452796 End=7928267580870 Duration=128074
Task=1 Chunk=0 Start=7928267452779 End=7928267607765 Duration=154986
Task=1 Chunk=1 Start=7928267607782 End=7928267679955 Duration=72173
Task=2 Chunk=0 Start=7928267607775 End=7928267763185 Duration=155410
Task=2 Chunk=1 Start=7928267763227 End=7928267840826 Duration=77599
Task=3 Chunk=0 Start=7928267763187 End=7928267917857 Duration=154670
Task=3 Chunk=1 Start=7928267917883 End=7928267990420 Duration=72537
Task=4 Chunk=0 Start=7928267917862 End=7928268072083 Duration=154221
Task=4 Chunk=1 Start=7928268072108 End=7928268143618 Duration=71510
Task=5 Chunk=0 Start=7928268072085 End=7928268226987 Duration=154902
Task=5 Chunk=1 Start=7928268227057 End=7928268300490 Duration=73433
Task=6 Chunk=0 Start=7928268226997 End=7928268381056 Duration=154059
Task=6 Chunk=1 Start=7928268381077 End=7928268455006 Duration=73929
Task=7 Chunk=0 Start=7928268381061 End=7928268535411 Duration=154350
Task=7 Chunk=1 Start=7928268535461 End=7928268605541 Duration=70080
Task=8 Chunk=0 Start=7928268535416 End=7928268689270 Duration=153854
Task=8 Chunk=1 Start=7928268689296 End=7928268765321 Duration=76025
Task=9 Chunk=0 Start=7928268689273 End=7928268844128 Duration=154855
Task=9 Chunk=1 Start=7928268844173 End=7928268919641 Duration=75468
Task=10 Chunk=0 Start=7928268844132 End=7928268999245 Duration=155113
Task=10 Chunk=1 Start=7928268999299 End=7928269076100 Duration=76801
Task=11 Chunk=0 Start=7928268999248 End=7928269153767 Duration=154519
Task=11 Chunk=1 Start=7928269153818 End=7928269225354 Duration=71536
Task=12 Chunk=0 Start=7928269153768 End=7928269308523 Duration=154755
Task=12 Chunk=1 Start=7928269308541 End=7928269381537 Duration=72996
Task=13 Chunk=0 Start=7928269308524 End=7928269463066 Duration=154542
Task=13 Chunk=1 Start=7928269463085 End=7928269540957 Duration=77872
Task=14 Chunk=0 Start=7928269463067 End=7928269617950 Duration=154883
Task=14 Chunk=1 Start=7928269617970 End=7928269690559 Duration=72589
Task=15 Chunk=0 Start=7928269617953 End=7928269772046 Duration=154093
Task=15 Chunk=1 Start=7928269772096 End=7928269847479 Duration=75383
Task=16 Chunk=0 Start=7928269772047 End=7928269925748 Duration=153701
Task=16 Chunk=1 Start=7928269925805 End=7928270001080 Duration=75275
Task=17 Chunk=0 Start=7928269925749 End=7928270079902 Duration=154153
Task=17 Chunk=1 Start=7928270079930 End=7928270157225 Duration=77295
Task=18 Chunk=0 Start=7928270079902 End=7928270233768 Duration=153866
Task=18 Chunk=1 Start=7928270233807 End=7928270307989 Duration=74182
Task=19 Chunk=0 Start=7928270233769 End=7928270387485 Duration=153716
Task=19 Chunk=1 Start=7928270387522 End=7928270462038 Duration=74516
Task=20 Chunk=0 Start=7928270387486 End=7928270542062 Duration=154576
Task=20 Chunk=1 Start=7928270542099 End=7928270617280 Duration=75181
Task=21 Chunk=0 Start=7928270542063 End=7928270696213 Duration=154150
Task=21 Chunk=1 Start=7928270696254 End=7928270771341 Duration=75087
Task=22 Chunk=0 Start=7928270696214 End=7928270850227 Duration=154013
Task=22 Chunk=1 Start=7928270850241 End=7928270925877 Duration=75636
Task=23 Chunk=0 Start=7928270850228 End=7928271004393 Duration=154165
Task=23 Chunk=1 Start=7928271004455 End=7928271079959 Duration=75504
Task=24 Chunk=0 Start=7928271004398 End=7928271158809 Duration=154411
Task=24 Chunk=1 Start=7928271158843 End=7928271243847 Duration=85004
Task=25 Chunk=0 Start=7928271158810 End=7928271313335 Duration=154525
Task=25 Chunk=1 Start=7928271313363 End=7928271387710 Duration=74347
Task=26 Chunk=0 Start=7928271313335 End=7928271467394 Duration=154059
Task=26 Chunk=1 Start=7928271467446 End=7928271541551 Duration=74105
Task=27 Chunk=0 Start=7928271467395 End=7928271621405 Duration=154010
Task=27 Chunk=1 Start=7928271621465 End=7928271695079 Duration=73614
Task=28 Chunk=0 Start=7928271621406 End=7928271775285 Duration=153879
Task=28 Chunk=1 Start=7928271775311 End=7928271850341 Duration=75030
Task=29 Chunk=0 Start=7928271775286 End=7928271929425 Duration=154139
Task=29 Chunk=1 Start=7928271929489 End=7928272003200 Duration=73711
Task=30 Chunk=0 Start=7928271929430 End=7928272083125 Duration=153695
Task=30 Chunk=1 Start=7928272083185 End=7928272157624 Duration=74439
Task=31 Chunk=0 Start=7928272083126 End=7928272236957 Duration=153831
Task=31 Chunk=1 Start=7928272237007 End=7928272311233 Duration=74226
Task=32 Chunk=0 Start=7928272236958 End=7928272390627 Duration=153669
Task=32 Chunk=1 Start=7928272390682 End=7928272467553 Duration=76871
Task=33 Chunk=0 Start=7928272390629 End=7928272544548 Duration=153919
Task=33 Chunk=1 Start=7928272544570 End=7928272619268 Duration=74698
Task=34 Chunk=0 Start=7928272544550 End=7928272698888 Duration=154338
Task=34 Chunk=1 Start=7928272698922 End=7928272795450 Duration=96528
Task=35 Chunk=0 Start=7928272698889 End=7928272856305 Duration=157416
Task=35 Chunk=1 Start=7928272856364 End=7928272934366 Duration=78002
Task=36 Chunk=0 Start=7928272856314 End=7928273010131 Duration=153817
Task=36 Chunk=1 Start=7928273010138 End=7928273084589 Duration=74451
Task=37 Chunk=0 Start=7928273010132 End=7928273163496 Duration=153364
Task=37 Chunk=1 Start=7928273163506 End=7928273258969 Duration=95463
Task=38 Chunk=0 Start=7928273163497 End=7928273318142 Duration=154645
Task=38 Chunk=1 Start=7928273318157 End=7928273414596 Duration=96439
Task=39 Chunk=0 Start=7928273318143 End=7928273474458 Duration=156315
Task=39 Chunk=1 Start=7928273474510 End=7928273557718 Duration=83208
Task=40 Chunk=0 Start=7928273474459 End=7928273629421 Duration=154962
Task=40 Chunk=1 Start=7928273629482 End=7928273703608 Duration=74126
Task=41 Chunk=0 Start=7928273629422 End=7928273784098 Duration=154676
Task=41 Chunk=1 Start=7928273784153 End=7928273865241 Duration=81088
Task=42 Chunk=0 Start=7928273784099 End=7928273938789 Duration=154690
Task=42 Chunk=1 Start=7928273938855 End=7928274032856 Duration=94001
Task=43 Chunk=0 Start=7928273938790 End=7928274093972 Duration=155182
Task=43 Chunk=1 Start=7928274094030 End=7928274187982 Duration=93952
Task=44 Chunk=0 Start=7928274093973 End=7928274249115 Duration=155142
Task=44 Chunk=1 Start=7928274249137 End=7928274320483 Duration=71346
Task=45 Chunk=0 Start=7928274249116 End=7928274403537 Duration=154421
Task=45 Chunk=1 Start=7928274404197 End=7928274484766 Duration=80569
Task=46 Chunk=0 Start=7928274403539 End=7928274558564 Duration=155025
Task=46 Chunk=1 Start=7928274558586 End=7928274631791 Duration=73205
Task=47 Chunk=0 Start=7928274558565 End=7928274712177 Duration=153612
Task=47 Chunk=1 Start=7928274712214 End=7928274807600 Duration=95386
Task=48 Chunk=0 Start=7928274712178 End=7928274866295 Duration=154117
Task=48 Chunk=1 Start=7928274866320 End=7928274942686 Duration=76366
Task=49 Chunk=0 Start=7928274866297 End=7928275020048 Duration=153751
Task=49 Chunk=1 Start=7928275020073 End=7928275116471 Duration=96398
Task=50 Chunk=0 Start=7928275020049 End=7928275177067 Duration=157018
Task=50 Chunk=1 Start=7928275177083 End=7928275250527 Duration=73444
Task=51 Chunk=0 Start=7928275177068 End=7928275332610 Duration=155542
Task=51 Chunk=1 Start=7928275332634 End=7928275426255 Duration=93621
Task=52 Chunk=0 Start=7928275332611 End=7928275488643 Duration=156032
Task=52 Chunk=1 Start=7928275488674 End=7928275575996 Duration=87322
Task=53 Chunk=0 Start=7928275488644 End=7928275644166 Duration=155522
Task=53 Chunk=1 Start=7928275644183 End=7928275721805 Duration=77622
Task=54 Chunk=0 Start=7928275644167 End=7928275799494 Duration=155327
Task=54 Chunk=1 Start=7928275799512 End=7928275888335 Duration=88823
Task=55 Chunk=0 Start=7928275799494 End=7928275954113 Duration=154619
Task=55 Chunk=1 Start=7928275954149 End=7928276027994 Duration=73845
Task=56 Chunk=0 Start=7928275954114 End=7928276108632 Duration=154518
Task=56 Chunk=1 Start=7928276108658 End=7928276190645 Duration=81987
Task=57 Chunk=0 Start=7928276108632 End=7928276263888 Duration=155256
Task=57 Chunk=1 Start=7928276263925 End=7928276340471 Duration=76546
Task=58 Chunk=0 Start=7928276263888 End=7928276419928 Duration=156040
Task=58 Chunk=1 Start=7928276419970 End=7928276500423 Duration=80453
Task=59 Chunk=0 Start=7928276419929 End=7928276574391 Duration=154462
Task=59 Chunk=1 Start=7928276575134 End=7928276666903 Duration=91769
Task=60 Chunk=0 Start=7928276574392 End=7928276727604 Duration=153212
Task=60 Chunk=1 Start=7928276727638 End=7928276802890 Duration=75252
Task=61 Chunk=0 Start=7928276727605 End=7928276881915 Duration=154310
Task=61 Chunk=1 Start=7928276881964 End=7928276960228 Duration=78264
Task=62 Chunk=0 Start=7928276881916 End=7928277035601 Duration=153685
Task=62 Chunk=1 Start=7928277035630 End=7928277107798 Duration=72168
Task=63 Chunk=0 Start=7928277035602 End=7928277190217 Duration=154615
Task=63 Chunk=1 Start=7928277190257 End=7928277273085 Duration=82828
Task=64 Chunk=0 Start=7928277190218 End=7928277344794 Duration=154576
Task=64 Chunk=1 Start=7928277344823 End=7928277417109 Duration=72286
Task=65 Chunk=0 Start=7928277344795 End=7928277499238 Duration=154443
Task=65 Chunk=1 Start=7928277499254 End=7928277577437 Duration=78183
Task=66 Chunk=0 Start=7928277499242 End=7928277653465 Duration=154223
Task=66 Chunk=1 Start=7928277653514 End=7928277732832 Duration=79318
Task=67 Chunk=0 Start=7928277653467 End=7928277807508 Duration=154041
Task=67 Chunk=1 Start=7928277807522 End=7928277899484 Duration=91962
Task=68 Chunk=0 Start=7928277807509 End=7928277962111 Duration=154602
Task=68 Chunk=1 Start=7928277962135 End=7928278043376 Duration=81241
Task=69 Chunk=0 Start=7928277962112 End=7928278115982 Duration=153870
Task=69 Chunk=1 Start=7928278116040 End=7928278190121 Duration=74081
Task=70 Chunk=0 Start=7928278115984 End=7928278270335 Duration=154351
Task=70 Chunk=1 Start=7928278270388 End=7928278353697 Duration=83309
Task=71 Chunk=0 Start=7928278270336 End=7928278424649 Duration=154313
Task=71 Chunk=1 Start=7928278424665 End=7928278515728 Duration=91063
Task=72 Chunk=0 Start=7928278424650 End=7928278579052 Duration=154402
Task=72 Chunk=1 Start=7928278579113 End=7928278670564 Duration=91451
Task=73 Chunk=0 Start=7928278579053 End=7928278733394 Duration=154341
Task=73 Chunk=1 Start=7928278734214 End=7928278844196 Duration=109982
Task=74 Chunk=0 Start=7928278733397 End=7928278887602 Duration=154205
Task=74 Chunk=1 Start=7928278887625 End=7928278970835 Duration=83210
Task=75 Chunk=0 Start=7928278887605 End=7928279041788 Duration=154183
Task=75 Chunk=1 Start=7928279041806 End=7928279134785 Duration=92979
Task=76 Chunk=0 Start=7928279041789 End=7928279195254 Duration=153465
Task=76 Chunk=1 Start=7928279195873 End=7928279288514 Duration=92641
Task=77 Chunk=0 Start=7928279195255 End=7928279349734 Duration=154479
Task=77 Chunk=1 Start=7928279349789 End=7928279494280 Duration=144491
Task=78 Chunk=0 Start=7928279349735 End=7928279503594 Duration=153859
Task=78 Chunk=1 Start=7928279503940 End=7928279604054 Duration=100114
Task=79 Chunk=0 Start=7928279503594 End=7928279657711 Duration=154117
Task=79 Chunk=1 Start=7928279657725 End=7928279737197 Duration=79472
Task=80 Chunk=0 Start=7928279657712 End=7928279812223 Duration=154511
Task=80 Chunk=1 Start=7928279812279 End=7928279890882 Duration=78603
Task=81 Chunk=0 Start=7928279812224 End=7928279965525 Duration=153301
Task=81 Chunk=1 Start=7928279965570 End=7928280045368 Duration=79798
Task=82 Chunk=0 Start=7928279965526 End=7928280119084 Duration=153558
Task=82 Chunk=1 Start=7928280119116 End=7928280198309 Duration=79193
Task=83 Chunk=0 Start=7928280119085 End=7928280273318 Duration=154233
Task=83 Chunk=1 Start=7928280273355 End=7928280352182 Duration=78827
Task=84 Chunk=0 Start=7928280273319 End=7928280427376 Duration=154057
Task=84 Chunk=1 Start=7928280427421 End=7928280499637 Duration=72216
Task=85 Chunk=0 Start=7928280427377 End=7928280581486 Duration=154109
Task=85 Chunk=1 Start=7928280581547 End=7928280672596 Duration=91049
Task=86 Chunk=0 Start=7928280581487 End=7928280735045 Duration=153558
Task=86 Chunk=1 Start=7928280735058 End=7928280826482 Duration=91424
Task=87 Chunk=0 Start=7928280735048 End=7928280888603 Duration=153555
Task=87 Chunk=1 Start=7928280888631 End=7928280979741 Duration=91110
Task=88 Chunk=0 Start=7928280888603 End=7928281042344 Duration=153741
Task=88 Chunk=1 Start=7928281042378 End=7928281114840 Duration=72462
Task=89 Chunk=0 Start=7928281042345 End=7928281196079 Duration=153734
Task=89 Chunk=1 Start=7928281196115 End=7928281274032 Duration=77917
Task=90 Chunk=0 Start=7928281196080 End=7928281349771 Duration=153691
Task=90 Chunk=1 Start=7928281349785 End=7928281425368 Duration=75583
Task=91 Chunk=0 Start=7928281349772 End=7928281503190 Duration=153418
Task=91 Chunk=1 Start=7928281503219 End=7928281586854 Duration=83635
Task=92 Chunk=0 Start=7928281503191 End=7928281656446 Duration=153255
Task=92 Chunk=1 Start=7928281656485 End=7928281736145 Duration=79660
Task=93 Chunk=0 Start=7928281656446 End=7928281810177 Duration=153731
Task=93 Chunk=1 Start=7928281810219 End=7928281896404 Duration=86185
Task=94 Chunk=0 Start=7928281810178 End=7928281963683 Duration=153505
Task=94 Chunk=1 Start=7928281963720 End=7928282041575 Duration=77855
Task=95 Chunk=0 Start=7928281963687 End=7928282117798 Duration=154111
Task=95 Chunk=1 Start=7928282117813 End=7928282213730 Duration=95917
Task=96 Chunk=0 Start=7928282117798 End=7928282271473 Duration=153675
Task=96 Chunk=1 Start=7928282271493 End=7928282364524 Duration=93031
Task=97 Chunk=0 Start=7928282271474 End=7928282425312 Duration=153838
Task=97 Chunk=1 Start=7928282425365 End=7928282507691 Duration=82326
Task=98 Chunk=0 Start=7928282425313 End=7928282578918 Duration=153605
Task=98 Chunk=1 Start=7928282578975 End=7928282652502 Duration=73527
Task=99 Chunk=0 Start=7928282578919 End=7928282732935 Duration=154016
Task=99 Chunk=1 Start=7928282732987 End=7928282823876 Duration=90889
### Python End ###

--------------------------------
[2025-06-29 14:29:29.960] [info] Available Vulkan Layers:
[2025-06-29 14:29:29.960] [warning] Validation layer requested but not available, continuing without it...
[2025-06-29 14:29:29.962] [info] Using integrated GPU: Adreno (TM) 740
[2025-06-29 14:29:29.972] [info] VulkanDispatcher instance created.
[2025-06-29 14:29:30.046] [info] Total memory used: 40550404 bytes (38.67188 MB)
[2025-06-29 14:29:30.055] [info] Total memory used: 40550404 bytes (38.67188 MB)
[2025-06-29 14:29:30.075] [info] Total memory used: 40550404 bytes (38.67188 MB)
[2025-06-29 14:29:30.084] [info] Total memory used: 40550404 bytes (38.67188 MB)
[2025-06-29 14:29:30.093] [info] Total memory used: 40550404 bytes (38.67188 MB)
[2025-06-29 14:29:30.131] [info] Total memory used: 40550404 bytes (38.67188 MB)
[2025-06-29 14:29:30.141] [info] Total memory used: 40550404 bytes (38.67188 MB)
[2025-06-29 14:29:30.150] [info] Total memory used: 40550404 bytes (38.67188 MB)
[2025-06-29 14:29:30.160] [info] Total memory used: 40550404 bytes (38.67188 MB)
[2025-06-29 14:29:30.169] [info] Total memory used: 40550404 bytes (38.67188 MB)
[2025-06-29 14:29:30.209] [info] Total memory used: 40550404 bytes (38.67188 MB)
[2025-06-29 14:29:30.219] [info] Total memory used: 40550404 bytes (38.67188 MB)
[2025-06-29 14:29:30.229] [info] Total memory used: 40550404 bytes (38.67188 MB)
[2025-06-29 14:29:30.238] [info] Total memory used: 40550404 bytes (38.67188 MB)
[2025-06-29 14:29:30.248] [info] Total memory used: 40550404 bytes (38.67188 MB)
[2025-06-29 14:29:30.257] [info] Total memory used: 40550404 bytes (38.67188 MB)
### Python Begin ###
Schedule_UID=SCH-B3G3M1-G129-dd11
Frequency=19200000 Hz
Task=0 Chunk=0 Start=7928289530635 End=7928289570635 Duration=40000
Task=0 Chunk=1 Start=7928289570651 End=7928289744773 Duration=174122
Task=0 Chunk=2 Start=7928289744797 End=7928289750058 Duration=5261
Task=1 Chunk=0 Start=7928289570638 End=7928289607711 Duration=37073
Task=1 Chunk=1 Start=7928289744780 End=7928289763490 Duration=18710
Task=1 Chunk=2 Start=7928289763517 End=7928289765870 Duration=2353
Task=2 Chunk=0 Start=7928289607712 End=7928289659655 Duration=51943
Task=2 Chunk=1 Start=7928289763493 End=7928289781596 Duration=18103
Task=2 Chunk=2 Start=7928289781619 End=7928289783236 Duration=1617
Task=3 Chunk=0 Start=7928289659656 End=7928289698555 Duration=38899
Task=3 Chunk=1 Start=7928289781597 End=7928289798919 Duration=17322
Task=3 Chunk=2 Start=7928289798923 End=7928289800463 Duration=1540
Task=4 Chunk=0 Start=7928289698558 End=7928289733026 Duration=34468
Task=4 Chunk=1 Start=7928289798919 End=7928289816187 Duration=17268
Task=4 Chunk=2 Start=7928289816206 End=7928289817855 Duration=1649
Task=5 Chunk=0 Start=7928289733027 End=7928289769981 Duration=36954
Task=5 Chunk=1 Start=7928289816187 End=7928289834010 Duration=17823
Task=5 Chunk=2 Start=7928289834016 End=7928289835606 Duration=1590
Task=6 Chunk=0 Start=7928289769983 End=7928289805412 Duration=35429
Task=6 Chunk=1 Start=7928289834010 End=7928289852463 Duration=18453
Task=6 Chunk=2 Start=7928289852471 End=7928289853886 Duration=1415
Task=7 Chunk=0 Start=7928289805413 End=7928289839036 Duration=33623
Task=7 Chunk=1 Start=7928289852464 End=7928289870222 Duration=17758
Task=7 Chunk=2 Start=7928289870242 End=7928289870510 Duration=268
Task=8 Chunk=0 Start=7928289839036 End=7928289872695 Duration=33659
Task=8 Chunk=1 Start=7928289872802 End=7928289890951 Duration=18149
Task=8 Chunk=2 Start=7928289890958 End=7928289891247 Duration=289
Task=9 Chunk=0 Start=7928289872696 End=7928289904948 Duration=32252
Task=9 Chunk=1 Start=7928289905004 End=7928289924861 Duration=19857
Task=9 Chunk=2 Start=7928289924874 End=7928289925126 Duration=252
Task=10 Chunk=0 Start=7928289904949 End=7928289939516 Duration=34567
Task=10 Chunk=1 Start=7928289939598 End=7928289958443 Duration=18845
Task=10 Chunk=2 Start=7928289958463 End=7928289958713 Duration=250
Task=11 Chunk=0 Start=7928289939517 End=7928289971581 Duration=32064
Task=11 Chunk=1 Start=7928289971660 End=7928289994809 Duration=23149
Task=11 Chunk=2 Start=7928289994824 End=7928289994892 Duration=68
Task=12 Chunk=0 Start=7928289971582 End=7928290004481 Duration=32899
Task=12 Chunk=1 Start=7928290004517 End=7928290022365 Duration=17848
Task=12 Chunk=2 Start=7928290022372 End=7928290022429 Duration=57
Task=13 Chunk=0 Start=7928290004482 End=7928290036559 Duration=32077
Task=13 Chunk=1 Start=7928290036584 End=7928290053420 Duration=16836
Task=13 Chunk=2 Start=7928290053435 End=7928290053495 Duration=60
Task=14 Chunk=0 Start=7928290036559 End=7928290068508 Duration=31949
Task=14 Chunk=1 Start=7928290068517 End=7928290085242 Duration=16725
Task=14 Chunk=2 Start=7928290085253 End=7928290085311 Duration=58
Task=15 Chunk=0 Start=7928290068508 End=7928290101540 Duration=33032
Task=15 Chunk=1 Start=7928290101563 End=7928290118565 Duration=17002
Task=15 Chunk=2 Start=7928290118574 End=7928290118629 Duration=55
Task=16 Chunk=0 Start=7928290101541 End=7928290133526 Duration=31985
Task=16 Chunk=1 Start=7928290133569 End=7928290152240 Duration=18671
Task=16 Chunk=2 Start=7928290152249 End=7928290152317 Duration=68
Task=17 Chunk=0 Start=7928290133527 End=7928290166198 Duration=32671
Task=17 Chunk=1 Start=7928290166264 End=7928290185080 Duration=18816
Task=17 Chunk=2 Start=7928290185101 End=7928290185161 Duration=60
Task=18 Chunk=0 Start=7928290166198 End=7928290198368 Duration=32170
Task=18 Chunk=1 Start=7928290198430 End=7928290216216 Duration=17786
Task=18 Chunk=2 Start=7928290216239 End=7928290216295 Duration=56
Task=19 Chunk=0 Start=7928290198369 End=7928290232587 Duration=34218
Task=19 Chunk=1 Start=7928290232617 End=7928290250597 Duration=17980
Task=19 Chunk=2 Start=7928290250612 End=7928290250669 Duration=57
Task=20 Chunk=0 Start=7928290232588 End=7928290264794 Duration=32206
Task=20 Chunk=1 Start=7928290264839 End=7928290283673 Duration=18834
Task=20 Chunk=2 Start=7928290283697 End=7928290283734 Duration=37
Task=21 Chunk=0 Start=7928290264795 End=7928290296902 Duration=32107
Task=21 Chunk=1 Start=7928290296947 End=7928290315691 Duration=18744
Task=21 Chunk=2 Start=7928290315699 End=7928290315737 Duration=38
Task=22 Chunk=0 Start=7928290296903 End=7928290329537 Duration=32634
Task=22 Chunk=1 Start=7928290329543 End=7928290348260 Duration=18717
Task=22 Chunk=2 Start=7928290348267 End=7928290348305 Duration=38
Task=23 Chunk=0 Start=7928290329537 End=7928290361624 Duration=32087
Task=23 Chunk=1 Start=7928290361653 End=7928290381022 Duration=19369
Task=23 Chunk=2 Start=7928290381031 End=7928290381089 Duration=58
Task=24 Chunk=0 Start=7928290361625 End=7928290395542 Duration=33917
Task=24 Chunk=1 Start=7928290395586 End=7928290415353 Duration=19767
Task=24 Chunk=2 Start=7928290415379 End=7928290415433 Duration=54
Task=25 Chunk=0 Start=7928290395543 End=7928290427614 Duration=32071
Task=25 Chunk=1 Start=7928290427839 End=7928290447159 Duration=19320
Task=25 Chunk=2 Start=7928290447183 End=7928290447240 Duration=57
Task=26 Chunk=0 Start=7928290427615 End=7928290460340 Duration=32725
Task=26 Chunk=1 Start=7928290460368 End=7928290479053 Duration=18685
Task=26 Chunk=2 Start=7928290479070 End=7928290479129 Duration=59
Task=27 Chunk=0 Start=7928290460341 End=7928290492518 Duration=32177
Task=27 Chunk=1 Start=7928290492574 End=7928290515989 Duration=23415
Task=27 Chunk=2 Start=7928290516012 End=7928290516067 Duration=55
Task=28 Chunk=0 Start=7928290492519 End=7928290524537 Duration=32018
Task=28 Chunk=1 Start=7928290524582 End=7928290544201 Duration=19619
Task=28 Chunk=2 Start=7928290544213 End=7928290544271 Duration=58
Task=29 Chunk=0 Start=7928290524538 End=7928290557266 Duration=32728
Task=29 Chunk=1 Start=7928290557291 End=7928290576512 Duration=19221
Task=29 Chunk=2 Start=7928290576532 End=7928290576590 Duration=58
Task=30 Chunk=0 Start=7928290557267 End=7928290589402 Duration=32135
Task=30 Chunk=1 Start=7928290589448 End=7928290611024 Duration=21576
Task=30 Chunk=2 Start=7928290611044 End=7928290611099 Duration=55
Task=31 Chunk=0 Start=7928290589403 End=7928290622526 Duration=33123
Task=31 Chunk=1 Start=7928290622561 End=7928290643619 Duration=21058
Task=31 Chunk=2 Start=7928290643634 End=7928290643687 Duration=53
Task=32 Chunk=0 Start=7928290622527 End=7928290654476 Duration=31949
Task=32 Chunk=1 Start=7928290654480 End=7928290674286 Duration=19806
Task=32 Chunk=2 Start=7928290674309 End=7928290674365 Duration=56
Task=33 Chunk=0 Start=7928290654476 End=7928290687166 Duration=32690
Task=33 Chunk=1 Start=7928290687213 End=7928290710149 Duration=22936
Task=33 Chunk=2 Start=7928290710159 End=7928290710218 Duration=59
Task=34 Chunk=0 Start=7928290687166 End=7928290719500 Duration=32334
Task=34 Chunk=1 Start=7928290719555 End=7928290739811 Duration=20256
Task=34 Chunk=2 Start=7928290739824 End=7928290739878 Duration=54
Task=35 Chunk=0 Start=7928290719501 End=7928290751566 Duration=32065
Task=35 Chunk=1 Start=7928290751597 End=7928290775620 Duration=24023
Task=35 Chunk=2 Start=7928290775651 End=7928290775708 Duration=57
Task=36 Chunk=0 Start=7928290751567 End=7928290784349 Duration=32782
Task=36 Chunk=1 Start=7928290784397 End=7928290805678 Duration=21281
Task=36 Chunk=2 Start=7928290805700 End=7928290805756 Duration=56
Task=37 Chunk=0 Start=7928290784350 End=7928290816442 Duration=32092
Task=37 Chunk=1 Start=7928290816487 End=7928290837195 Duration=20708
Task=37 Chunk=2 Start=7928290837213 End=7928290837266 Duration=53
Task=38 Chunk=0 Start=7928290816442 End=7928290849064 Duration=32622
Task=38 Chunk=1 Start=7928290849078 End=7928290869743 Duration=20665
Task=38 Chunk=2 Start=7928290869764 End=7928290869804 Duration=40
Task=39 Chunk=0 Start=7928290849064 End=7928290881192 Duration=32128
Task=39 Chunk=1 Start=7928290881260 End=7928290902462 Duration=21202
Task=39 Chunk=2 Start=7928290902477 End=7928290902536 Duration=59
Task=40 Chunk=0 Start=7928290881193 End=7928290913219 Duration=32026
Task=40 Chunk=1 Start=7928290913264 End=7928290934456 Duration=21192
Task=40 Chunk=2 Start=7928290934482 End=7928290934536 Duration=54
Task=41 Chunk=0 Start=7928290913220 End=7928290946121 Duration=32901
Task=41 Chunk=1 Start=7928290946132 End=7928290966776 Duration=20644
Task=41 Chunk=2 Start=7928290966799 End=7928290966835 Duration=36
Task=42 Chunk=0 Start=7928290946122 End=7928290978234 Duration=32112
Task=42 Chunk=1 Start=7928290978299 End=7928290999715 Duration=21416
Task=42 Chunk=2 Start=7928290999736 End=7928290999778 Duration=42
Task=43 Chunk=0 Start=7928290978235 End=7928291011133 Duration=32898
Task=43 Chunk=1 Start=7928291011143 End=7928291031852 Duration=20709
Task=43 Chunk=2 Start=7928291031860 End=7928291031915 Duration=55
Task=44 Chunk=0 Start=7928291011134 End=7928291043256 Duration=32122
Task=44 Chunk=1 Start=7928291043318 End=7928291063832 Duration=20514
Task=44 Chunk=2 Start=7928291063842 End=7928291063900 Duration=58
Task=45 Chunk=0 Start=7928291043257 End=7928291075924 Duration=32667
Task=45 Chunk=1 Start=7928291075958 End=7928291097158 Duration=21200
Task=45 Chunk=2 Start=7928291097166 End=7928291097221 Duration=55
Task=46 Chunk=0 Start=7928291075925 End=7928291108136 Duration=32211
Task=46 Chunk=1 Start=7928291108205 End=7928291129517 Duration=21312
Task=46 Chunk=2 Start=7928291129526 End=7928291129582 Duration=56
Task=47 Chunk=0 Start=7928291108137 End=7928291140141 Duration=32004
Task=47 Chunk=1 Start=7928291140206 End=7928291161483 Duration=21277
Task=47 Chunk=2 Start=7928291161505 End=7928291161564 Duration=59
Task=48 Chunk=0 Start=7928291140142 End=7928291172721 Duration=32579
Task=48 Chunk=1 Start=7928291172731 End=7928291193523 Duration=20792
Task=48 Chunk=2 Start=7928291193536 End=7928291193591 Duration=55
Task=49 Chunk=0 Start=7928291172722 End=7928291204698 Duration=31976
Task=49 Chunk=1 Start=7928291204757 End=7928291228398 Duration=23641
Task=49 Chunk=2 Start=7928291228410 End=7928291228468 Duration=58
Task=50 Chunk=0 Start=7928291204699 End=7928291237235 Duration=32536
Task=50 Chunk=1 Start=7928291237328 End=7928291260147 Duration=22819
Task=50 Chunk=2 Start=7928291260163 End=7928291260218 Duration=55
Task=51 Chunk=0 Start=7928291237236 End=7928291269233 Duration=31997
Task=51 Chunk=1 Start=7928291269309 End=7928291291942 Duration=22633
Task=51 Chunk=2 Start=7928291291954 End=7928291292009 Duration=55
Task=52 Chunk=0 Start=7928291269233 End=7928291302289 Duration=33056
Task=52 Chunk=1 Start=7928291302329 End=7928291324362 Duration=22033
Task=52 Chunk=2 Start=7928291324383 End=7928291324439 Duration=56
Task=53 Chunk=0 Start=7928291302293 End=7928291334559 Duration=32266
Task=53 Chunk=1 Start=7928291334619 End=7928291357511 Duration=22892
Task=53 Chunk=2 Start=7928291357530 End=7928291357588 Duration=58
Task=54 Chunk=0 Start=7928291334559 End=7928291366517 Duration=31958
Task=54 Chunk=1 Start=7928291366576 End=7928291391535 Duration=24959
Task=54 Chunk=2 Start=7928291391544 End=7928291391600 Duration=56
Task=55 Chunk=0 Start=7928291366519 End=7928291399517 Duration=32998
Task=55 Chunk=1 Start=7928291399610 End=7928291423460 Duration=23850
Task=55 Chunk=2 Start=7928291423481 End=7928291423536 Duration=55
Task=56 Chunk=0 Start=7928291399520 End=7928291431626 Duration=32106
Task=56 Chunk=1 Start=7928291431643 End=7928291456000 Duration=24357
Task=56 Chunk=2 Start=7928291456007 End=7928291456047 Duration=40
Task=57 Chunk=0 Start=7928291431626 End=7928291464397 Duration=32771
Task=57 Chunk=1 Start=7928291464428 End=7928291488234 Duration=23806
Task=57 Chunk=2 Start=7928291488244 End=7928291488281 Duration=37
Task=58 Chunk=0 Start=7928291464397 End=7928291496483 Duration=32086
Task=58 Chunk=1 Start=7928291496531 End=7928291521796 Duration=25265
Task=58 Chunk=2 Start=7928291521824 End=7928291521881 Duration=57
Task=59 Chunk=0 Start=7928291496484 End=7928291528561 Duration=32077
Task=59 Chunk=1 Start=7928291528613 End=7928291554976 Duration=26363
Task=59 Chunk=2 Start=7928291554998 End=7928291555038 Duration=40
Task=60 Chunk=0 Start=7928291528561 End=7928291561102 Duration=32541
Task=60 Chunk=1 Start=7928291561192 End=7928291585618 Duration=24426
Task=60 Chunk=2 Start=7928291585632 End=7928291585669 Duration=37
Task=61 Chunk=0 Start=7928291561104 End=7928291593172 Duration=32068
Task=61 Chunk=1 Start=7928291593252 End=7928291620625 Duration=27373
Task=61 Chunk=2 Start=7928291620650 End=7928291620704 Duration=54
Task=62 Chunk=0 Start=7928291593173 End=7928291626063 Duration=32890
Task=62 Chunk=1 Start=7928291626091 End=7928291651414 Duration=25323
Task=62 Chunk=2 Start=7928291651437 End=7928291651488 Duration=51
Task=63 Chunk=0 Start=7928291626064 End=7928291658090 Duration=32026
Task=63 Chunk=1 Start=7928291658113 End=7928291686516 Duration=28403
Task=63 Chunk=2 Start=7928291686530 End=7928291686594 Duration=64
Task=64 Chunk=0 Start=7928291658091 End=7928291690646 Duration=32555
Task=64 Chunk=1 Start=7928291690685 End=7928291717387 Duration=26702
Task=64 Chunk=2 Start=7928291717395 End=7928291717452 Duration=57
Task=65 Chunk=0 Start=7928291690647 End=7928291722747 Duration=32100
Task=65 Chunk=1 Start=7928291722784 End=7928291749336 Duration=26552
Task=65 Chunk=2 Start=7928291749362 End=7928291749416 Duration=54
Task=66 Chunk=0 Start=7928291722748 End=7928291754729 Duration=31981
Task=66 Chunk=1 Start=7928291754823 End=7928291782029 Duration=27206
Task=66 Chunk=2 Start=7928291782048 End=7928291782107 Duration=59
Task=67 Chunk=0 Start=7928291754729 End=7928291787405 Duration=32676
Task=67 Chunk=1 Start=7928291787464 End=7928291814044 Duration=26580
Task=67 Chunk=2 Start=7928291814054 End=7928291814108 Duration=54
Task=68 Chunk=0 Start=7928291787406 End=7928291819412 Duration=32006
Task=68 Chunk=1 Start=7928291819456 End=7928291846772 Duration=27316
Task=68 Chunk=2 Start=7928291846788 End=7928291846844 Duration=56
Task=69 Chunk=0 Start=7928291819413 End=7928291852329 Duration=32916
Task=69 Chunk=1 Start=7928291852338 End=7928291879640 Duration=27302
Task=69 Chunk=2 Start=7928291879649 End=7928291879703 Duration=54
Task=70 Chunk=0 Start=7928291852330 End=7928291884331 Duration=32001
Task=70 Chunk=1 Start=7928291884434 End=7928291911037 Duration=26603
Task=70 Chunk=2 Start=7928291911059 End=7928291911114 Duration=55
Task=71 Chunk=0 Start=7928291884332 End=7928291917418 Duration=33086
Task=71 Chunk=1 Start=7928291917480 End=7928291944043 Duration=26563
Task=71 Chunk=2 Start=7928291944068 End=7928291944124 Duration=56
Task=72 Chunk=0 Start=7928291917419 End=7928291949719 Duration=32300
Task=72 Chunk=1 Start=7928291949830 End=7928291976196 Duration=26366
Task=72 Chunk=2 Start=7928291976223 End=7928291976277 Duration=54
Task=73 Chunk=0 Start=7928291949719 End=7928291981865 Duration=32146
Task=73 Chunk=1 Start=7928291981941 End=7928292010296 Duration=28355
Task=73 Chunk=2 Start=7928292010309 End=7928292010365 Duration=56
Task=74 Chunk=0 Start=7928291981866 End=7928292014263 Duration=32397
Task=74 Chunk=1 Start=7928292014296 End=7928292041372 Duration=27076
Task=74 Chunk=2 Start=7928292041396 End=7928292041450 Duration=54
Task=75 Chunk=0 Start=7928292014264 End=7928292046349 Duration=32085
Task=75 Chunk=1 Start=7928292046432 End=7928292075698 Duration=29266
Task=75 Chunk=2 Start=7928292075715 End=7928292075773 Duration=58
Task=76 Chunk=0 Start=7928292046350 End=7928292079986 Duration=33636
Task=76 Chunk=1 Start=7928292080073 End=7928292108116 Duration=28043
Task=76 Chunk=2 Start=7928292108133 End=7928292108187 Duration=54
Task=77 Chunk=0 Start=7928292079986 End=7928292112975 Duration=32989
Task=77 Chunk=1 Start=7928292113052 End=7928292140772 Duration=27720
Task=77 Chunk=2 Start=7928292140780 End=7928292140836 Duration=56
Task=78 Chunk=0 Start=7928292112976 End=7928292146226 Duration=33250
Task=78 Chunk=1 Start=7928292146268 End=7928292173856 Duration=27588
Task=78 Chunk=2 Start=7928292173885 End=7928292173928 Duration=43
Task=79 Chunk=0 Start=7928292146226 End=7928292179291 Duration=33065
Task=79 Chunk=1 Start=7928292179336 End=7928292206696 Duration=27360
Task=79 Chunk=2 Start=7928292206711 End=7928292206772 Duration=61
Task=80 Chunk=0 Start=7928292179292 End=7928292212187 Duration=32895
Task=80 Chunk=1 Start=7928292212218 End=7928292241002 Duration=28784
Task=80 Chunk=2 Start=7928292241022 End=7928292241077 Duration=55
Task=81 Chunk=0 Start=7928292212188 End=7928292245336 Duration=33148
Task=81 Chunk=1 Start=7928292245368 End=7928292273165 Duration=27797
Task=81 Chunk=2 Start=7928292273191 End=7928292273249 Duration=58
Task=82 Chunk=0 Start=7928292245336 End=7928292278045 Duration=32709
Task=82 Chunk=1 Start=7928292278182 End=7928292309637 Duration=31455
Task=82 Chunk=2 Start=7928292309649 End=7928292309705 Duration=56
Task=83 Chunk=0 Start=7928292278046 End=7928292310755 Duration=32709
Task=83 Chunk=1 Start=7928292310841 End=7928292339938 Duration=29097
Task=83 Chunk=2 Start=7928292339955 End=7928292340007 Duration=52
Task=84 Chunk=0 Start=7928292310756 End=7928292342890 Duration=32134
Task=84 Chunk=1 Start=7928292342958 End=7928292371835 Duration=28877
Task=84 Chunk=2 Start=7928292371856 End=7928292371909 Duration=53
Task=85 Chunk=0 Start=7928292342891 End=7928292375484 Duration=32593
Task=85 Chunk=1 Start=7928292375952 End=7928292405132 Duration=29180
Task=85 Chunk=2 Start=7928292405139 End=7928292405195 Duration=56
Task=86 Chunk=0 Start=7928292375484 End=7928292408036 Duration=32552
Task=86 Chunk=1 Start=7928292408150 End=7928292439902 Duration=31752
Task=86 Chunk=2 Start=7928292439916 End=7928292439972 Duration=56
Task=87 Chunk=0 Start=7928292408037 End=7928292440029 Duration=31992
Task=87 Chunk=1 Start=7928292440277 End=7928292476084 Duration=35807
Task=87 Chunk=2 Start=7928292476106 End=7928292476170 Duration=64
Task=88 Chunk=0 Start=7928292440032 End=7928292473270 Duration=33238
Task=88 Chunk=1 Start=7928292476092 End=7928292509655 Duration=33563
Task=88 Chunk=2 Start=7928292509672 End=7928292509735 Duration=63
Task=89 Chunk=0 Start=7928292473271 End=7928292505682 Duration=32411
Task=89 Chunk=1 Start=7928292509663 End=7928292545438 Duration=35775
Task=89 Chunk=2 Start=7928292545448 End=7928292545507 Duration=59
Task=90 Chunk=0 Start=7928292505682 End=7928292539787 Duration=34105
Task=90 Chunk=1 Start=7928292545448 End=7928292580332 Duration=34884
Task=90 Chunk=2 Start=7928292580359 End=7928292580423 Duration=64
Task=91 Chunk=0 Start=7928292539788 End=7928292572859 Duration=33071
Task=91 Chunk=1 Start=7928292580342 End=7928292616715 Duration=36373
Task=91 Chunk=2 Start=7928292616737 End=7928292616800 Duration=63
Task=92 Chunk=0 Start=7928292572860 End=7928292606773 Duration=33913
Task=92 Chunk=1 Start=7928292616729 End=7928292653112 Duration=36383
Task=92 Chunk=2 Start=7928292653138 End=7928292653200 Duration=62
Task=93 Chunk=0 Start=7928292606773 End=7928292639981 Duration=33208
Task=93 Chunk=1 Start=7928292653128 End=7928292692443 Duration=39315
Task=93 Chunk=2 Start=7928292692458 End=7928292692517 Duration=59
Task=94 Chunk=0 Start=7928292639982 End=7928292673109 Duration=33127
Task=94 Chunk=1 Start=7928292692455 End=7928292728830 Duration=36375
Task=94 Chunk=2 Start=7928292728857 End=7928292728895 Duration=38
Task=95 Chunk=0 Start=7928292673110 End=7928292706774 Duration=33664
Task=95 Chunk=1 Start=7928292728840 End=7928292767364 Duration=38524
Task=95 Chunk=2 Start=7928292767379 End=7928292767419 Duration=40
Task=96 Chunk=0 Start=7928292706775 End=7928292738877 Duration=32102
Task=96 Chunk=1 Start=7928292767372 End=7928292801062 Duration=33690
Task=96 Chunk=2 Start=7928292801079 End=7928292801134 Duration=55
Task=97 Chunk=0 Start=7928292738878 End=7928292771854 Duration=32976
Task=97 Chunk=1 Start=7928292801074 End=7928292834751 Duration=33677
Task=97 Chunk=2 Start=7928292834760 End=7928292834815 Duration=55
Task=98 Chunk=0 Start=7928292771855 End=7928292804183 Duration=32328
Task=98 Chunk=1 Start=7928292834759 End=7928292870179 Duration=35420
Task=98 Chunk=2 Start=7928292870203 End=7928292870260 Duration=57
Task=99 Chunk=0 Start=7928292804184 End=7928292836933 Duration=32749
Task=99 Chunk=1 Start=7928292870193 End=7928292904503 Duration=34310
Task=99 Chunk=2 Start=7928292904525 End=7928292904585 Duration=60
### Python End ###

--------------------------------
[2025-06-29 14:29:30.490] [info] Available Vulkan Layers:
[2025-06-29 14:29:30.490] [warning] Validation layer requested but not available, continuing without it...
[2025-06-29 14:29:30.493] [info] Using integrated GPU: Adreno (TM) 740
[2025-06-29 14:29:30.494] [info] VulkanDispatcher instance created.
[2025-06-29 14:29:30.589] [info] Total memory used: 40550404 bytes (38.67188 MB)
[2025-06-29 14:29:30.602] [info] Total memory used: 40550404 bytes (38.67188 MB)
[2025-06-29 14:29:30.626] [info] Total memory used: 40550404 bytes (38.67188 MB)
[2025-06-29 14:29:30.637] [info] Total memory used: 40550404 bytes (38.67188 MB)
[2025-06-29 14:29:30.646] [info] Total memory used: 40550404 bytes (38.67188 MB)
[2025-06-29 14:29:30.685] [info] Total memory used: 40550404 bytes (38.67188 MB)
[2025-06-29 14:29:30.694] [info] Total memory used: 40550404 bytes (38.67188 MB)
[2025-06-29 14:29:30.704] [info] Total memory used: 40550404 bytes (38.67188 MB)
[2025-06-29 14:29:30.713] [info] Total memory used: 40550404 bytes (38.67188 MB)
[2025-06-29 14:29:30.723] [info] Total memory used: 40550404 bytes (38.67188 MB)
[2025-06-29 14:29:30.762] [info] Total memory used: 40550404 bytes (38.67188 MB)
[2025-06-29 14:29:30.772] [info] Total memory used: 40550404 bytes (38.67188 MB)
[2025-06-29 14:29:30.781] [info] Total memory used: 40550404 bytes (38.67188 MB)
[2025-06-29 14:29:30.791] [info] Total memory used: 40550404 bytes (38.67188 MB)
[2025-06-29 14:29:30.800] [info] Total memory used: 40550404 bytes (38.67188 MB)
[2025-06-29 14:29:30.810] [info] Total memory used: 40550404 bytes (38.67188 MB)
### Python Begin ###
Schedule_UID=SCH-M2G2L2B1-G130-0542
Frequency=19200000 Hz
Task=0 Chunk=0 Start=7928300137539 End=7928300156721 Duration=19182
Task=0 Chunk=1 Start=7928300156735 End=7928300349628 Duration=192893
Task=0 Chunk=2 Start=7928300353841 End=7928300378267 Duration=24426
Task=0 Chunk=3 Start=7928300378283 End=7928300383929 Duration=5646
Task=1 Chunk=0 Start=7928300156723 End=7928300172482 Duration=15759
Task=1 Chunk=1 Start=7928300349633 End=7928300382829 Duration=33196
Task=1 Chunk=2 Start=7928300384181 End=7928300390675 Duration=6494
Task=1 Chunk=3 Start=7928300390689 End=7928300390774 Duration=85
Task=2 Chunk=0 Start=7928300172484 End=7928300187996 Duration=15512
Task=2 Chunk=1 Start=7928300382830 End=7928300411392 Duration=28562
Task=2 Chunk=2 Start=7928300412107 End=7928300418439 Duration=6332
Task=2 Chunk=3 Start=7928300418445 End=7928300418548 Duration=103
Task=3 Chunk=0 Start=7928300187997 End=7928300203424 Duration=15427
Task=3 Chunk=1 Start=7928300411393 End=7928300439316 Duration=27923
Task=3 Chunk=2 Start=7928300439518 End=7928300445884 Duration=6366
Task=3 Chunk=3 Start=7928300445888 End=7928300445991 Duration=103
Task=4 Chunk=0 Start=7928300203425 End=7928300226555 Duration=23130
Task=4 Chunk=1 Start=7928300439317 End=7928300466855 Duration=27538
Task=4 Chunk=2 Start=7928300467747 End=7928300474128 Duration=6381
Task=4 Chunk=3 Start=7928300474142 End=7928300474223 Duration=81
Task=5 Chunk=0 Start=7928300226556 End=7928300257222 Duration=30666
Task=5 Chunk=1 Start=7928300466856 End=7928300493380 Duration=26524
Task=5 Chunk=2 Start=7928300493419 End=7928300499645 Duration=6226
Task=5 Chunk=3 Start=7928300499653 End=7928300499742 Duration=89
Task=6 Chunk=0 Start=7928300257222 End=7928300288243 Duration=31021
Task=6 Chunk=1 Start=7928300493381 End=7928300520842 Duration=27461
Task=6 Chunk=2 Start=7928300520879 End=7928300527775 Duration=6896
Task=6 Chunk=3 Start=7928300527783 End=7928300527876 Duration=93
Task=7 Chunk=0 Start=7928300288243 End=7928300318793 Duration=30550
Task=7 Chunk=1 Start=7928300520845 End=7928300547160 Duration=26315
Task=7 Chunk=2 Start=7928300547176 End=7928300557005 Duration=9829
Task=7 Chunk=3 Start=7928300557020 End=7928300557108 Duration=88
Task=8 Chunk=0 Start=7928300318793 End=7928300349543 Duration=30750
Task=8 Chunk=1 Start=7928300547162 End=7928300576603 Duration=29441
Task=8 Chunk=2 Start=7928300576646 End=7928300583015 Duration=6369
Task=8 Chunk=3 Start=7928300583026 End=7928300583132 Duration=106
Task=9 Chunk=0 Start=7928300349544 End=7928300369467 Duration=19923
Task=9 Chunk=1 Start=7928300576609 End=7928300607878 Duration=31269
Task=9 Chunk=2 Start=7928300607904 End=7928300614334 Duration=6430
Task=9 Chunk=3 Start=7928300614348 End=7928300614444 Duration=96
Task=10 Chunk=0 Start=7928300369468 End=7928300391145 Duration=21677
Task=10 Chunk=1 Start=7928300607880 End=7928300635112 Duration=27232
Task=10 Chunk=2 Start=7928300635164 End=7928300641560 Duration=6396
Task=10 Chunk=3 Start=7928300641565 End=7928300641645 Duration=80
Task=11 Chunk=0 Start=7928300391146 End=7928300407674 Duration=16528
Task=11 Chunk=1 Start=7928300635113 End=7928300662065 Duration=26952
Task=11 Chunk=2 Start=7928300662088 End=7928300668473 Duration=6385
Task=11 Chunk=3 Start=7928300668488 End=7928300668563 Duration=75
Task=12 Chunk=0 Start=7928300407675 End=7928300423536 Duration=15861
Task=12 Chunk=1 Start=7928300662066 End=7928300689146 Duration=27080
Task=12 Chunk=2 Start=7928300689182 End=7928300695654 Duration=6472
Task=12 Chunk=3 Start=7928300695663 End=7928300695761 Duration=98
Task=13 Chunk=0 Start=7928300423536 End=7928300439693 Duration=16157
Task=13 Chunk=1 Start=7928300689148 End=7928300716703 Duration=27555
Task=13 Chunk=2 Start=7928300716740 End=7928300723197 Duration=6457
Task=13 Chunk=3 Start=7928300723209 End=7928300723289 Duration=80
Task=14 Chunk=0 Start=7928300439694 End=7928300455154 Duration=15460
Task=14 Chunk=1 Start=7928300716704 End=7928300743752 Duration=27048
Task=14 Chunk=2 Start=7928300743772 End=7928300754808 Duration=11036
Task=14 Chunk=3 Start=7928300754820 End=7928300754917 Duration=97
Task=15 Chunk=0 Start=7928300455155 End=7928300470623 Duration=15468
Task=15 Chunk=1 Start=7928300743752 End=7928300772870 Duration=29118
Task=15 Chunk=2 Start=7928300772918 End=7928300783377 Duration=10459
Task=15 Chunk=3 Start=7928300783387 End=7928300783454 Duration=67
Task=16 Chunk=0 Start=7928300470624 End=7928300486288 Duration=15664
Task=16 Chunk=1 Start=7928300772872 End=7928300801457 Duration=28585
Task=16 Chunk=2 Start=7928300801513 End=7928300809816 Duration=8303
Task=16 Chunk=3 Start=7928300809825 End=7928300809905 Duration=80
Task=17 Chunk=0 Start=7928300486289 End=7928300501709 Duration=15420
Task=17 Chunk=1 Start=7928300801458 End=7928300828252 Duration=26794
Task=17 Chunk=2 Start=7928300828304 End=7928300835085 Duration=6781
Task=17 Chunk=3 Start=7928300835094 End=7928300835174 Duration=80
Task=18 Chunk=0 Start=7928300501710 End=7928300518099 Duration=16389
Task=18 Chunk=1 Start=7928300828254 End=7928300855323 Duration=27069
Task=18 Chunk=2 Start=7928300855342 End=7928300861661 Duration=6319
Task=18 Chunk=3 Start=7928300861676 End=7928300861741 Duration=65
Task=19 Chunk=0 Start=7928300518100 End=7928300533336 Duration=15236
Task=19 Chunk=1 Start=7928300855325 End=7928300882653 Duration=27328
Task=19 Chunk=2 Start=7928300882700 End=7928300889012 Duration=6312
Task=19 Chunk=3 Start=7928300889022 End=7928300889083 Duration=61
Task=20 Chunk=0 Start=7928300533337 End=7928300548711 Duration=15374
Task=20 Chunk=1 Start=7928300882653 End=7928300910006 Duration=27353
Task=20 Chunk=2 Start=7928300910046 End=7928300916866 Duration=6820
Task=20 Chunk=3 Start=7928300916870 End=7928300916950 Duration=80
Task=21 Chunk=0 Start=7928300548711 End=7928300564536 Duration=15825
Task=21 Chunk=1 Start=7928300910008 End=7928300937054 Duration=27046
Task=21 Chunk=2 Start=7928300937106 End=7928300943476 Duration=6370
Task=21 Chunk=3 Start=7928300943487 End=7928300943566 Duration=79
Task=22 Chunk=0 Start=7928300564536 End=7928300579844 Duration=15308
Task=22 Chunk=1 Start=7928300937056 End=7928300963976 Duration=26920
Task=22 Chunk=2 Start=7928300963992 End=7928300970344 Duration=6352
Task=22 Chunk=3 Start=7928300970357 End=7928300970421 Duration=64
Task=23 Chunk=0 Start=7928300583151 End=7928300598913 Duration=15762
Task=23 Chunk=1 Start=7928300963977 End=7928300991045 Duration=27068
Task=23 Chunk=2 Start=7928300991098 End=7928300997509 Duration=6411
Task=23 Chunk=3 Start=7928300997527 End=7928300997604 Duration=77
Task=24 Chunk=0 Start=7928300614453 End=7928300629735 Duration=15282
Task=24 Chunk=1 Start=7928300991048 End=7928301017946 Duration=26898
Task=24 Chunk=2 Start=7928301017951 End=7928301024355 Duration=6404
Task=24 Chunk=3 Start=7928301024360 End=7928301024440 Duration=80
Task=25 Chunk=0 Start=7928300641648 End=7928300657035 Duration=15387
Task=25 Chunk=1 Start=7928301017948 End=7928301044851 Duration=26903
Task=25 Chunk=2 Start=7928301044860 End=7928301059303 Duration=14443
Task=25 Chunk=3 Start=7928301059315 End=7928301059394 Duration=79
Task=26 Chunk=0 Start=7928300668571 End=7928300684403 Duration=15832
Task=26 Chunk=1 Start=7928301044853 End=7928301071975 Duration=27122
Task=26 Chunk=2 Start=7928301072005 End=7928301078515 Duration=6510
Task=26 Chunk=3 Start=7928301078526 End=7928301078607 Duration=81
Task=27 Chunk=0 Start=7928300695765 End=7928300711252 Duration=15487
Task=27 Chunk=1 Start=7928301071977 End=7928301098996 Duration=27019
Task=27 Chunk=2 Start=7928301099024 End=7928301105440 Duration=6416
Task=27 Chunk=3 Start=7928301105446 End=7928301105505 Duration=59
Task=28 Chunk=0 Start=7928300723296 End=7928300738568 Duration=15272
Task=28 Chunk=1 Start=7928301098998 End=7928301126258 Duration=27260
Task=28 Chunk=2 Start=7928301126295 End=7928301135504 Duration=9209
Task=28 Chunk=3 Start=7928301135512 End=7928301135589 Duration=77
Task=29 Chunk=0 Start=7928300754932 End=7928300770191 Duration=15259
Task=29 Chunk=1 Start=7928301126259 End=7928301153320 Duration=27061
Task=29 Chunk=2 Start=7928301153359 End=7928301159845 Duration=6486
Task=29 Chunk=3 Start=7928301159852 End=7928301159932 Duration=80
Task=30 Chunk=0 Start=7928300783462 End=7928300798653 Duration=15191
Task=30 Chunk=1 Start=7928301153322 End=7928301180539 Duration=27217
Task=30 Chunk=2 Start=7928301180578 End=7928301187044 Duration=6466
Task=30 Chunk=3 Start=7928301187053 End=7928301187119 Duration=66
Task=31 Chunk=0 Start=7928300809926 End=7928300825851 Duration=15925
Task=31 Chunk=1 Start=7928301180541 End=7928301209539 Duration=28998
Task=31 Chunk=2 Start=7928301209545 End=7928301216304 Duration=6759
Task=31 Chunk=3 Start=7928301216320 End=7928301216397 Duration=77
Task=32 Chunk=0 Start=7928300835182 End=7928300850630 Duration=15448
Task=32 Chunk=1 Start=7928301209540 End=7928301237427 Duration=27887
Task=32 Chunk=2 Start=7928301237441 End=7928301243846 Duration=6405
Task=32 Chunk=3 Start=7928301243857 End=7928301243938 Duration=81
Task=33 Chunk=0 Start=7928300861760 End=7928300876997 Duration=15237
Task=33 Chunk=1 Start=7928301237429 End=7928301264611 Duration=27182
Task=33 Chunk=2 Start=7928301264652 End=7928301271061 Duration=6409
Task=33 Chunk=3 Start=7928301271077 End=7928301271140 Duration=63
Task=34 Chunk=0 Start=7928300889086 End=7928300904785 Duration=15699
Task=34 Chunk=1 Start=7928301264612 End=7928301292172 Duration=27560
Task=34 Chunk=2 Start=7928301292197 End=7928301298699 Duration=6502
Task=34 Chunk=3 Start=7928301298708 End=7928301298791 Duration=83
Task=35 Chunk=0 Start=7928300916969 End=7928300932459 Duration=15490
Task=35 Chunk=1 Start=7928301292173 End=7928301319497 Duration=27324
Task=35 Chunk=2 Start=7928301319546 End=7928301328955 Duration=9409
Task=35 Chunk=3 Start=7928301328965 End=7928301329040 Duration=75
Task=36 Chunk=0 Start=7928300943579 End=7928300958919 Duration=15340
Task=36 Chunk=1 Start=7928301319499 End=7928301348182 Duration=28683
Task=36 Chunk=2 Start=7928301348202 End=7928301354731 Duration=6529
Task=36 Chunk=3 Start=7928301354745 End=7928301354826 Duration=81
Task=37 Chunk=0 Start=7928300970435 End=7928300986293 Duration=15858
Task=37 Chunk=1 Start=7928301348183 End=7928301375590 Duration=27407
Task=37 Chunk=2 Start=7928301375635 End=7928301382118 Duration=6483
Task=37 Chunk=3 Start=7928301382127 End=7928301382207 Duration=80
Task=38 Chunk=0 Start=7928300997613 End=7928301013016 Duration=15403
Task=38 Chunk=1 Start=7928301375592 End=7928301402860 Duration=27268
Task=38 Chunk=2 Start=7928301402881 End=7928301409365 Duration=6484
Task=38 Chunk=3 Start=7928301409376 End=7928301409453 Duration=77
Task=39 Chunk=0 Start=7928301024459 End=7928301045868 Duration=21409
Task=39 Chunk=1 Start=7928301402861 End=7928301430426 Duration=27565
Task=39 Chunk=2 Start=7928301430480 End=7928301437042 Duration=6562
Task=39 Chunk=3 Start=7928301437054 End=7928301437112 Duration=58
Task=40 Chunk=0 Start=7928301059405 End=7928301074709 Duration=15304
Task=40 Chunk=1 Start=7928301430427 End=7928301457743 Duration=27316
Task=40 Chunk=2 Start=7928301457769 End=7928301464283 Duration=6514
Task=40 Chunk=3 Start=7928301464289 End=7928301464371 Duration=82
Task=41 Chunk=0 Start=7928301078621 End=7928301094131 Duration=15510
Task=41 Chunk=1 Start=7928301457744 End=7928301485098 Duration=27354
Task=41 Chunk=2 Start=7928301485122 End=7928301491625 Duration=6503
Task=41 Chunk=3 Start=7928301491631 End=7928301491694 Duration=63
Task=42 Chunk=0 Start=7928301105510 End=7928301120841 Duration=15331
Task=42 Chunk=1 Start=7928301485099 End=7928301512548 Duration=27449
Task=42 Chunk=2 Start=7928301512603 End=7928301521360 Duration=8757
Task=42 Chunk=3 Start=7928301521372 End=7928301521455 Duration=83
Task=43 Chunk=0 Start=7928301135607 End=7928301150938 Duration=15331
Task=43 Chunk=1 Start=7928301512549 End=7928301539599 Duration=27050
Task=43 Chunk=2 Start=7928301539648 End=7928301546329 Duration=6681
Task=43 Chunk=3 Start=7928301546343 End=7928301546423 Duration=80
Task=44 Chunk=0 Start=7928301159941 End=7928301175198 Duration=15257
Task=44 Chunk=1 Start=7928301539600 End=7928301566832 Duration=27232
Task=44 Chunk=2 Start=7928301566856 End=7928301573452 Duration=6596
Task=44 Chunk=3 Start=7928301573464 End=7928301573540 Duration=76
Task=45 Chunk=0 Start=7928301187122 End=7928301202414 Duration=15292
Task=45 Chunk=1 Start=7928301566833 End=7928301594626 Duration=27793
Task=45 Chunk=2 Start=7928301594682 End=7928301600948 Duration=6266
Task=45 Chunk=3 Start=7928301600952 End=7928301601016 Duration=64
Task=46 Chunk=0 Start=7928301216400 End=7928301232018 Duration=15618
Task=46 Chunk=1 Start=7928301594627 End=7928301622450 Duration=27823
Task=46 Chunk=2 Start=7928301622462 End=7928301628804 Duration=6342
Task=46 Chunk=3 Start=7928301628813 End=7928301628882 Duration=69
Task=47 Chunk=0 Start=7928301243959 End=7928301259727 Duration=15768
Task=47 Chunk=1 Start=7928301622453 End=7928301650276 Duration=27823
Task=47 Chunk=2 Start=7928301650330 End=7928301656722 Duration=6392
Task=47 Chunk=3 Start=7928301656725 End=7928301656787 Duration=62
Task=48 Chunk=0 Start=7928301271145 End=7928301287317 Duration=16172
Task=48 Chunk=1 Start=7928301650277 End=7928301677448 Duration=27171
Task=48 Chunk=2 Start=7928301677468 End=7928301683932 Duration=6464
Task=48 Chunk=3 Start=7928301683946 End=7928301684029 Duration=83
Task=49 Chunk=0 Start=7928301298797 End=7928301314776 Duration=15979
Task=49 Chunk=1 Start=7928301677450 End=7928301705044 Duration=27594
Task=49 Chunk=2 Start=7928301705226 End=7928301711628 Duration=6402
Task=49 Chunk=3 Start=7928301711633 End=7928301711707 Duration=74
Task=50 Chunk=0 Start=7928301329050 End=7928301344598 Duration=15548
Task=50 Chunk=1 Start=7928301705045 End=7928301732064 Duration=27019
Task=50 Chunk=2 Start=7928301732083 End=7928301738578 Duration=6495
Task=50 Chunk=3 Start=7928301738594 End=7928301738671 Duration=77
Task=51 Chunk=0 Start=7928301354838 End=7928301370897 Duration=16059
Task=51 Chunk=1 Start=7928301732065 End=7928301759539 Duration=27474
Task=51 Chunk=2 Start=7928301759586 End=7928301765996 Duration=6410
Task=51 Chunk=3 Start=7928301766011 End=7928301766083 Duration=72
Task=52 Chunk=0 Start=7928301382213 End=7928301397942 Duration=15729
Task=52 Chunk=1 Start=7928301759541 End=7928301786889 Duration=27348
Task=52 Chunk=2 Start=7928301787122 End=7928301793579 Duration=6457
Task=52 Chunk=3 Start=7928301793593 End=7928301794137 Duration=544
Task=53 Chunk=0 Start=7928301409473 End=7928301425068 Duration=15595
Task=53 Chunk=1 Start=7928301786890 End=7928301814333 Duration=27443
Task=53 Chunk=2 Start=7928301814363 End=7928301820884 Duration=6521
Task=53 Chunk=3 Start=7928301820893 End=7928301820960 Duration=67
Task=54 Chunk=0 Start=7928301437121 End=7928301453336 Duration=16215
Task=54 Chunk=1 Start=7928301814333 End=7928301841590 Duration=27257
Task=54 Chunk=2 Start=7928301841892 End=7928301848518 Duration=6626
Task=54 Chunk=3 Start=7928301848524 End=7928301848591 Duration=67
Task=55 Chunk=0 Start=7928301464385 End=7928301480056 Duration=15671
Task=55 Chunk=1 Start=7928301841592 End=7928301869196 Duration=27604
Task=55 Chunk=2 Start=7928301869483 End=7928301876071 Duration=6588
Task=55 Chunk=3 Start=7928301876082 End=7928301876161 Duration=79
Task=56 Chunk=0 Start=7928301491713 End=7928301507219 Duration=15506
Task=56 Chunk=1 Start=7928301869198 End=7928301896334 Duration=27136
Task=56 Chunk=2 Start=7928301896367 End=7928301907348 Duration=10981
Task=56 Chunk=3 Start=7928301907353 End=7928301907431 Duration=78
Task=57 Chunk=0 Start=7928301521457 End=7928301536993 Duration=15536
Task=57 Chunk=1 Start=7928301896335 End=7928301925440 Duration=29105
Task=57 Chunk=2 Start=7928301925699 End=7928301934676 Duration=8977
Task=57 Chunk=3 Start=7928301934685 End=7928301934764 Duration=79
Task=58 Chunk=0 Start=7928301546433 End=7928301562589 Duration=16156
Task=58 Chunk=1 Start=7928301925441 End=7928301953294 Duration=27853
Task=58 Chunk=2 Start=7928301953329 End=7928301960311 Duration=6982
Task=58 Chunk=3 Start=7928301960321 End=7928301960404 Duration=83
Task=59 Chunk=0 Start=7928301573544 End=7928301589177 Duration=15633
Task=59 Chunk=1 Start=7928301953294 End=7928301980790 Duration=27496
Task=59 Chunk=2 Start=7928301980834 End=7928301987215 Duration=6381
Task=59 Chunk=3 Start=7928301987229 End=7928301987309 Duration=80
Task=60 Chunk=0 Start=7928301601019 End=7928301616564 Duration=15545
Task=60 Chunk=1 Start=7928301980792 End=7928302008190 Duration=27398
Task=60 Chunk=2 Start=7928302008237 End=7928302014622 Duration=6385
Task=60 Chunk=3 Start=7928302014637 End=7928302014701 Duration=64
Task=61 Chunk=0 Start=7928301628890 End=7928301644463 Duration=15573
Task=61 Chunk=1 Start=7928302008191 End=7928302035595 Duration=27404
Task=61 Chunk=2 Start=7928302035614 End=7928302042043 Duration=6429
Task=61 Chunk=3 Start=7928302042058 End=7928302042119 Duration=61
Task=62 Chunk=0 Start=7928301656795 End=7928301673217 Duration=16422
Task=62 Chunk=1 Start=7928302035595 End=7928302062984 Duration=27389
Task=62 Chunk=2 Start=7928302063041 End=7928302069490 Duration=6449
Task=62 Chunk=3 Start=7928302069499 End=7928302069561 Duration=62
Task=63 Chunk=0 Start=7928301684031 End=7928301699692 Duration=15661
Task=63 Chunk=1 Start=7928302062985 End=7928302090451 Duration=27466
Task=63 Chunk=2 Start=7928302090636 End=7928302097134 Duration=6498
Task=63 Chunk=3 Start=7928302097150 End=7928302097213 Duration=63
Task=64 Chunk=0 Start=7928301711722 End=7928301727778 Duration=16056
Task=64 Chunk=1 Start=7928302090452 End=7928302117869 Duration=27417
Task=64 Chunk=2 Start=7928302117913 End=7928302124326 Duration=6413
Task=64 Chunk=3 Start=7928302124331 End=7928302124408 Duration=77
Task=65 Chunk=0 Start=7928301738673 End=7928301755064 Duration=16391
Task=65 Chunk=1 Start=7928302117870 End=7928302145382 Duration=27512
Task=65 Chunk=2 Start=7928302145437 End=7928302151969 Duration=6532
Task=65 Chunk=3 Start=7928302151982 End=7928302152066 Duration=84
Task=66 Chunk=0 Start=7928301766095 End=7928301782107 Duration=16012
Task=66 Chunk=1 Start=7928302145385 End=7928302172763 Duration=27378
Task=66 Chunk=2 Start=7928302172999 End=7928302179542 Duration=6543
Task=66 Chunk=3 Start=7928302179556 End=7928302179620 Duration=64
Task=67 Chunk=0 Start=7928301794146 End=7928301809751 Duration=15605
Task=67 Chunk=1 Start=7928302172765 End=7928302200057 Duration=27292
Task=67 Chunk=2 Start=7928302200269 End=7928302208375 Duration=8106
Task=67 Chunk=3 Start=7928302208390 End=7928302208452 Duration=62
Task=68 Chunk=0 Start=7928301820971 End=7928301837003 Duration=16032
Task=68 Chunk=1 Start=7928302200058 End=7928302227629 Duration=27571
Task=68 Chunk=2 Start=7928302227907 End=7928302234411 Duration=6504
Task=68 Chunk=3 Start=7928302234423 End=7928302234503 Duration=80
Task=69 Chunk=0 Start=7928301848603 End=7928301864407 Duration=15804
Task=69 Chunk=1 Start=7928302227630 End=7928302255400 Duration=27770
Task=69 Chunk=2 Start=7928302255421 End=7928302262009 Duration=6588
Task=69 Chunk=3 Start=7928302262021 End=7928302262087 Duration=66
Task=70 Chunk=0 Start=7928301876170 End=7928301891720 Duration=15550
Task=70 Chunk=1 Start=7928302255402 End=7928302283448 Duration=28046
Task=70 Chunk=2 Start=7928302283831 End=7928302292243 Duration=8412
Task=70 Chunk=3 Start=7928302292250 End=7928302292326 Duration=76
Task=71 Chunk=0 Start=7928301907447 End=7928301923006 Duration=15559
Task=71 Chunk=1 Start=7928302283451 End=7928302312097 Duration=28646
Task=71 Chunk=2 Start=7928302312341 End=7928302318899 Duration=6558
Task=71 Chunk=3 Start=7928302318911 End=7928302318993 Duration=82
Task=72 Chunk=0 Start=7928301934778 End=7928301950702 Duration=15924
Task=72 Chunk=1 Start=7928302312098 End=7928302339638 Duration=27540
Task=72 Chunk=2 Start=7928302339697 End=7928302346239 Duration=6542
Task=72 Chunk=3 Start=7928302346249 End=7928302346328 Duration=79
Task=73 Chunk=0 Start=7928301960413 End=7928301976552 Duration=16139
Task=73 Chunk=1 Start=7928302339639 End=7928302366904 Duration=27265
Task=73 Chunk=2 Start=7928302367174 End=7928302373647 Duration=6473
Task=73 Chunk=3 Start=7928302373654 End=7928302373731 Duration=77
Task=74 Chunk=0 Start=7928301987322 End=7928302003346 Duration=16024
Task=74 Chunk=1 Start=7928302366907 End=7928302394335 Duration=27428
Task=74 Chunk=2 Start=7928302394377 End=7928302400867 Duration=6490
Task=74 Chunk=3 Start=7928302400880 End=7928302400939 Duration=59
Task=75 Chunk=0 Start=7928302014705 End=7928302030770 Duration=16065
Task=75 Chunk=1 Start=7928302394336 End=7928302421996 Duration=27660
Task=75 Chunk=2 Start=7928302422048 End=7928302428452 Duration=6404
Task=75 Chunk=3 Start=7928302428464 End=7928302428530 Duration=66
Task=76 Chunk=0 Start=7928302042129 End=7928302058317 Duration=16188
Task=76 Chunk=1 Start=7928302421997 End=7928302449560 Duration=27563
Task=76 Chunk=2 Start=7928302449620 End=7928302456080 Duration=6460
Task=76 Chunk=3 Start=7928302456089 End=7928302456188 Duration=99
Task=77 Chunk=0 Start=7928302069572 End=7928302085198 Duration=15626
Task=77 Chunk=1 Start=7928302449562 End=7928302476799 Duration=27237
Task=77 Chunk=2 Start=7928302476987 End=7928302483338 Duration=6351
Task=77 Chunk=3 Start=7928302483345 End=7928302483422 Duration=77
Task=78 Chunk=0 Start=7928302097232 End=7928302113098 Duration=15866
Task=78 Chunk=1 Start=7928302476800 End=7928302504115 Duration=27315
Task=78 Chunk=2 Start=7928302504171 End=7928302510692 Duration=6521
Task=78 Chunk=3 Start=7928302510703 End=7928302510766 Duration=63
Task=79 Chunk=0 Start=7928302124411 End=7928302140650 Duration=16239
Task=79 Chunk=1 Start=7928302504115 End=7928302531488 Duration=27373
Task=79 Chunk=2 Start=7928302531514 End=7928302537949 Duration=6435
Task=79 Chunk=3 Start=7928302537963 End=7928302538045 Duration=82
Task=80 Chunk=0 Start=7928302152070 End=7928302168069 Duration=15999
Task=80 Chunk=1 Start=7928302531490 End=7928302558961 Duration=27471
Task=80 Chunk=2 Start=7928302558984 End=7928302565503 Duration=6519
Task=80 Chunk=3 Start=7928302565510 End=7928302565591 Duration=81
Task=81 Chunk=0 Start=7928302179629 End=7928302195464 Duration=15835
Task=81 Chunk=1 Start=7928302558963 End=7928302586192 Duration=27229
Task=81 Chunk=2 Start=7928302586414 End=7928302594708 Duration=8294
Task=81 Chunk=3 Start=7928302594714 End=7928302594796 Duration=82
Task=82 Chunk=0 Start=7928302208455 End=7928302223904 Duration=15449
Task=82 Chunk=1 Start=7928302586193 End=7928302613625 Duration=27432
Task=82 Chunk=2 Start=7928302613899 End=7928302620222 Duration=6323
Task=82 Chunk=3 Start=7928302620227 End=7928302620287 Duration=60
Task=83 Chunk=0 Start=7928302234517 End=7928302250068 Duration=15551
Task=83 Chunk=1 Start=7928302613626 End=7928302641090 Duration=27464
Task=83 Chunk=2 Start=7928302641314 End=7928302647815 Duration=6501
Task=83 Chunk=3 Start=7928302647823 End=7928302647900 Duration=77
Task=84 Chunk=0 Start=7928302262105 End=7928302277680 Duration=15575
Task=84 Chunk=1 Start=7928302641091 End=7928302668379 Duration=27288
Task=84 Chunk=2 Start=7928302668618 End=7928302675236 Duration=6618
Task=84 Chunk=3 Start=7928302675250 End=7928302675327 Duration=77
Task=85 Chunk=0 Start=7928302292342 End=7928302307912 Duration=15570
Task=85 Chunk=1 Start=7928302668380 End=7928302697657 Duration=29277
Task=85 Chunk=2 Start=7928302697700 End=7928302704162 Duration=6462
Task=85 Chunk=3 Start=7928302704168 End=7928302704255 Duration=87
Task=86 Chunk=0 Start=7928302319005 End=7928302334676 Duration=15671
Task=86 Chunk=1 Start=7928302697659 End=7928302730819 Duration=33160
Task=86 Chunk=2 Start=7928302730969 End=7928302737578 Duration=6609
Task=86 Chunk=3 Start=7928302737587 End=7928302737652 Duration=65
Task=87 Chunk=0 Start=7928302346349 End=7928302362962 Duration=16613
Task=87 Chunk=1 Start=7928302730821 End=7928302758009 Duration=27188
Task=87 Chunk=2 Start=7928302758233 End=7928302764789 Duration=6556
Task=87 Chunk=3 Start=7928302764805 End=7928302764892 Duration=87
Task=88 Chunk=0 Start=7928302373748 End=7928302389742 Duration=15994
Task=88 Chunk=1 Start=7928302758010 End=7928302785170 Duration=27160
Task=88 Chunk=2 Start=7928302785347 End=7928302791949 Duration=6602
Task=88 Chunk=3 Start=7928302791958 End=7928302792022 Duration=64
Task=89 Chunk=0 Start=7928302400942 End=7928302416651 Duration=15709
Task=89 Chunk=1 Start=7928302785171 End=7928302812352 Duration=27181
Task=89 Chunk=2 Start=7928302812543 End=7928302819032 Duration=6489
Task=89 Chunk=3 Start=7928302819044 End=7928302819088 Duration=44
Task=90 Chunk=0 Start=7928302428536 End=7928302445059 Duration=16523
Task=90 Chunk=1 Start=7928302812352 End=7928302839305 Duration=26953
Task=90 Chunk=2 Start=7928302839526 End=7928302845759 Duration=6233
Task=90 Chunk=3 Start=7928302845765 End=7928302845826 Duration=61
Task=91 Chunk=0 Start=7928302456190 End=7928302472274 Duration=16084
Task=91 Chunk=1 Start=7928302839306 End=7928302866570 Duration=27264
Task=91 Chunk=2 Start=7928302867202 End=7928302873631 Duration=6429
Task=91 Chunk=3 Start=7928302873645 End=7928302873708 Duration=63
Task=92 Chunk=0 Start=7928302483431 End=7928302499193 Duration=15762
Task=92 Chunk=1 Start=7928302866571 End=7928302896234 Duration=29663
Task=92 Chunk=2 Start=7928302896287 End=7928302903320 Duration=7033
Task=92 Chunk=3 Start=7928302903331 End=7928302903391 Duration=60
Task=93 Chunk=0 Start=7928302510778 End=7928302526986 Duration=16208
Task=93 Chunk=1 Start=7928302896240 End=7928302931754 Duration=35514
Task=93 Chunk=2 Start=7928302931917 End=7928302938212 Duration=6295
Task=93 Chunk=3 Start=7928302938217 End=7928302938264 Duration=47
Task=94 Chunk=0 Start=7928302538054 End=7928302553671 Duration=15617
Task=94 Chunk=1 Start=7928302931755 End=7928302958975 Duration=27220
Task=94 Chunk=2 Start=7928302959155 End=7928302965521 Duration=6366
Task=94 Chunk=3 Start=7928302965525 End=7928302965584 Duration=59
Task=95 Chunk=0 Start=7928302565594 End=7928302581276 Duration=15682
Task=95 Chunk=1 Start=7928302958976 End=7928302985853 Duration=26877
Task=95 Chunk=2 Start=7928302986026 End=7928302992487 Duration=6461
Task=95 Chunk=3 Start=7928302992498 End=7928302992561 Duration=63
Task=96 Chunk=0 Start=7928302594808 End=7928302610593 Duration=15785
Task=96 Chunk=1 Start=7928302985854 End=7928303013029 Duration=27175
Task=96 Chunk=2 Start=7928303013234 End=7928303019539 Duration=6305
Task=96 Chunk=3 Start=7928303019553 End=7928303019621 Duration=68
Task=97 Chunk=0 Start=7928302620299 End=7928302635901 Duration=15602
Task=97 Chunk=1 Start=7928303013029 End=7928303040310 Duration=27281
Task=97 Chunk=2 Start=7928303040509 End=7928303046881 Duration=6372
Task=97 Chunk=3 Start=7928303046889 End=7928303046935 Duration=46
Task=98 Chunk=0 Start=7928302647903 End=7928302663463 Duration=15560
Task=98 Chunk=1 Start=7928303040311 End=7928303067376 Duration=27065
Task=98 Chunk=2 Start=7928303067952 End=7928303076935 Duration=8983
Task=98 Chunk=3 Start=7928303076944 End=7928303077004 Duration=60
Task=99 Chunk=0 Start=7928302675331 End=7928302690935 Duration=15604
Task=99 Chunk=1 Start=7928303067377 End=7928303096848 Duration=29471
Task=99 Chunk=2 Start=7928303096951 End=7928303105427 Duration=8476
Task=99 Chunk=3 Start=7928303105438 End=7928303105499 Duration=61
### Python End ###

--------------------------------
[2025-06-29 14:29:31.021] [info] Available Vulkan Layers:
[2025-06-29 14:29:31.021] [warning] Validation layer requested but not available, continuing without it...
[2025-06-29 14:29:31.024] [info] Using integrated GPU: Adreno (TM) 740
[2025-06-29 14:29:31.025] [info] VulkanDispatcher instance created.
[2025-06-29 14:29:31.124] [info] Total memory used: 40550404 bytes (38.67188 MB)
[2025-06-29 14:29:31.137] [info] Total memory used: 40550404 bytes (38.67188 MB)
[2025-06-29 14:29:31.160] [info] Total memory used: 40550404 bytes (38.67188 MB)
[2025-06-29 14:29:31.171] [info] Total memory used: 40550404 bytes (38.67188 MB)
[2025-06-29 14:29:31.181] [info] Total memory used: 40550404 bytes (38.67188 MB)
[2025-06-29 14:29:31.220] [info] Total memory used: 40550404 bytes (38.67188 MB)
[2025-06-29 14:29:31.229] [info] Total memory used: 40550404 bytes (38.67188 MB)
[2025-06-29 14:29:31.239] [info] Total memory used: 40550404 bytes (38.67188 MB)
[2025-06-29 14:29:31.248] [info] Total memory used: 40550404 bytes (38.67188 MB)
[2025-06-29 14:29:31.258] [info] Total memory used: 40550404 bytes (38.67188 MB)
[2025-06-29 14:29:31.297] [info] Total memory used: 40550404 bytes (38.67188 MB)
[2025-06-29 14:29:31.307] [info] Total memory used: 40550404 bytes (38.67188 MB)
[2025-06-29 14:29:31.316] [info] Total memory used: 40550404 bytes (38.67188 MB)
[2025-06-29 14:29:31.326] [info] Total memory used: 40550404 bytes (38.67188 MB)
[2025-06-29 14:29:31.335] [info] Total memory used: 40550404 bytes (38.67188 MB)
[2025-06-29 14:29:31.345] [info] Total memory used: 40550404 bytes (38.67188 MB)
### Python Begin ###
Schedule_UID=SCH-L1B2G4-G132-e435
Frequency=19200000 Hz
Task=0 Chunk=0 Start=7928310414431 End=7928310425094 Duration=10663
Task=0 Chunk=1 Start=7928310425111 End=7928310459386 Duration=34275
Task=0 Chunk=2 Start=7928310459408 End=7928310645107 Duration=185699
Task=1 Chunk=0 Start=7928310425105 End=7928310429643 Duration=4538
Task=1 Chunk=1 Start=7928310459389 End=7928310472231 Duration=12842
Task=1 Chunk=2 Start=7928310645108 End=7928310683108 Duration=38000
Task=2 Chunk=0 Start=7928310429648 End=7928310432434 Duration=2786
Task=2 Chunk=1 Start=7928310472233 End=7928310484944 Duration=12711
Task=2 Chunk=2 Start=7928310683110 End=7928310718988 Duration=35878
Task=3 Chunk=0 Start=7928310432437 End=7928310434017 Duration=1580
Task=3 Chunk=1 Start=7928310484945 End=7928310497655 Duration=12710
Task=3 Chunk=2 Start=7928310718989 End=7928310754594 Duration=35605
Task=4 Chunk=0 Start=7928310434019 End=7928310435479 Duration=1460
Task=4 Chunk=1 Start=7928310497656 End=7928310511880 Duration=14224
Task=4 Chunk=2 Start=7928310754595 End=7928310789820 Duration=35225
Task=5 Chunk=0 Start=7928310435481 End=7928310436904 Duration=1423
Task=5 Chunk=1 Start=7928310511880 End=7928310524655 Duration=12775
Task=5 Chunk=2 Start=7928310789821 End=7928310826385 Duration=36564
Task=6 Chunk=0 Start=7928310436907 End=7928310438354 Duration=1447
Task=6 Chunk=1 Start=7928310524656 End=7928310537436 Duration=12780
Task=6 Chunk=2 Start=7928310826386 End=7928310863529 Duration=37143
Task=7 Chunk=0 Start=7928310438357 End=7928310439773 Duration=1416
Task=7 Chunk=1 Start=7928310537436 End=7928310550169 Duration=12733
Task=7 Chunk=2 Start=7928310863530 End=7928310899528 Duration=35998
Task=8 Chunk=0 Start=7928310439776 End=7928310441198 Duration=1422
Task=8 Chunk=1 Start=7928310550170 End=7928310562113 Duration=11943
Task=8 Chunk=2 Start=7928310899530 End=7928310935196 Duration=35666
Task=9 Chunk=0 Start=7928310441201 End=7928310442622 Duration=1421
Task=9 Chunk=1 Start=7928310562114 End=7928310569279 Duration=7165
Task=9 Chunk=2 Start=7928310935197 End=7928310970494 Duration=35297
Task=10 Chunk=0 Start=7928310442625 End=7928310445756 Duration=3131
Task=10 Chunk=1 Start=7928310569280 End=7928310576085 Duration=6805
Task=10 Chunk=2 Start=7928310970495 End=7928311005919 Duration=35424
Task=11 Chunk=0 Start=7928310445759 End=7928310447168 Duration=1409
Task=11 Chunk=1 Start=7928310576086 End=7928310583530 Duration=7444
Task=11 Chunk=2 Start=7928311005920 End=7928311042066 Duration=36146
Task=12 Chunk=0 Start=7928310447171 End=7928310448608 Duration=1437
Task=12 Chunk=1 Start=7928310583530 End=7928310590661 Duration=7131
Task=12 Chunk=2 Start=7928311042071 End=7928311078927 Duration=36856
Task=13 Chunk=0 Start=7928310448611 End=7928310449996 Duration=1385
Task=13 Chunk=1 Start=7928310590661 End=7928310597396 Duration=6735
Task=13 Chunk=2 Start=7928311078929 End=7928311116101 Duration=37172
Task=14 Chunk=0 Start=7928310449999 End=7928310451368 Duration=1369
Task=14 Chunk=1 Start=7928310597397 End=7928310604145 Duration=6748
Task=14 Chunk=2 Start=7928311116102 End=7928311151870 Duration=35768
Task=15 Chunk=0 Start=7928310645228 End=7928310646088 Duration=860
Task=15 Chunk=1 Start=7928310646095 End=7928310652833 Duration=6738
Task=15 Chunk=2 Start=7928311151872 End=7928311187563 Duration=35691
Task=16 Chunk=0 Start=7928310683307 End=7928310683845 Duration=538
Task=16 Chunk=1 Start=7928310683854 End=7928310690807 Duration=6953
Task=16 Chunk=2 Start=7928311187567 End=7928311227300 Duration=39733
Task=17 Chunk=0 Start=7928310719002 End=7928310719231 Duration=229
Task=17 Chunk=1 Start=7928310719240 End=7928310725566 Duration=6326
Task=17 Chunk=2 Start=7928311227301 End=7928311264992 Duration=37691
Task=18 Chunk=0 Start=7928310754622 End=7928310754912 Duration=290
Task=18 Chunk=1 Start=7928310754933 End=7928310761377 Duration=6444
Task=18 Chunk=2 Start=7928311264993 End=7928311302801 Duration=37808
Task=19 Chunk=0 Start=7928310793532 End=7928310794533 Duration=1001
Task=19 Chunk=1 Start=7928310794552 End=7928310800812 Duration=6260
Task=19 Chunk=2 Start=7928311302802 End=7928311340312 Duration=37510
Task=20 Chunk=0 Start=7928310826407 End=7928310826628 Duration=221
Task=20 Chunk=1 Start=7928310826646 End=7928310833168 Duration=6522
Task=20 Chunk=2 Start=7928311340312 End=7928311379143 Duration=38831
Task=21 Chunk=0 Start=7928310863566 End=7928310863770 Duration=204
Task=21 Chunk=1 Start=7928310863773 End=7928310870458 Duration=6685
Task=21 Chunk=2 Start=7928311379144 End=7928311416680 Duration=37536
Task=22 Chunk=0 Start=7928310899542 End=7928310899777 Duration=235
Task=22 Chunk=1 Start=7928310899795 End=7928310906344 Duration=6549
Task=22 Chunk=2 Start=7928311416681 End=7928311454174 Duration=37493
Task=23 Chunk=0 Start=7928310935223 End=7928310935391 Duration=168
Task=23 Chunk=1 Start=7928310935406 End=7928310941857 Duration=6451
Task=23 Chunk=2 Start=7928311454175 End=7928311491456 Duration=37281
Task=24 Chunk=0 Start=7928310970534 End=7928310970730 Duration=196
Task=24 Chunk=1 Start=7928310970750 End=7928310977263 Duration=6513
Task=24 Chunk=2 Start=7928311491457 End=7928311532343 Duration=40886
Task=25 Chunk=0 Start=7928311005973 End=7928311006138 Duration=165
Task=25 Chunk=1 Start=7928311006143 End=7928311012584 Duration=6441
Task=25 Chunk=2 Start=7928311532343 End=7928311569646 Duration=37303
Task=26 Chunk=0 Start=7928311042126 End=7928311042346 Duration=220
Task=26 Chunk=1 Start=7928311042366 End=7928311048941 Duration=6575
Task=26 Chunk=2 Start=7928311569646 End=7928311612009 Duration=42363
Task=27 Chunk=0 Start=7928311078937 End=7928311079171 Duration=234
Task=27 Chunk=1 Start=7928311079174 End=7928311085631 Duration=6457
Task=27 Chunk=2 Start=7928311612015 End=7928311649784 Duration=37769
Task=28 Chunk=0 Start=7928311116152 End=7928311116395 Duration=243
Task=28 Chunk=1 Start=7928311116398 End=7928311122902 Duration=6504
Task=28 Chunk=2 Start=7928311649785 End=7928311686866 Duration=37081
Task=29 Chunk=0 Start=7928311151922 End=7928311152155 Duration=233
Task=29 Chunk=1 Start=7928311152170 End=7928311158629 Duration=6459
Task=29 Chunk=2 Start=7928311686867 End=7928311723956 Duration=37089
Task=30 Chunk=0 Start=7928311187605 End=7928311187766 Duration=161
Task=30 Chunk=1 Start=7928311187779 End=7928311195862 Duration=8083
Task=30 Chunk=2 Start=7928311723957 End=7928311761500 Duration=37543
Task=31 Chunk=0 Start=7928311227341 End=7928311227618 Duration=277
Task=31 Chunk=1 Start=7928311227630 End=7928311234694 Duration=7064
Task=31 Chunk=2 Start=7928311761501 End=7928311798705 Duration=37204
Task=32 Chunk=0 Start=7928311265038 End=7928311265270 Duration=232
Task=32 Chunk=1 Start=7928311265275 End=7928311272802 Duration=7527
Task=32 Chunk=2 Start=7928311798706 End=7928311836708 Duration=38002
Task=33 Chunk=0 Start=7928311302854 End=7928311303057 Duration=203
Task=33 Chunk=1 Start=7928311303076 End=7928311309914 Duration=6838
Task=33 Chunk=2 Start=7928311836708 End=7928311873791 Duration=37083
Task=34 Chunk=0 Start=7928311340344 End=7928311340510 Duration=166
Task=34 Chunk=1 Start=7928311340521 End=7928311347769 Duration=7248
Task=34 Chunk=2 Start=7928311873792 End=7928311911546 Duration=37754
Task=35 Chunk=0 Start=7928311379163 End=7928311379391 Duration=228
Task=35 Chunk=1 Start=7928311379406 End=7928311386332 Duration=6926
Task=35 Chunk=2 Start=7928311911547 End=7928311948499 Duration=36952
Task=36 Chunk=0 Start=7928311416711 End=7928311416875 Duration=164
Task=36 Chunk=1 Start=7928311416885 End=7928311424373 Duration=7488
Task=36 Chunk=2 Start=7928311948500 End=7928311986654 Duration=38154
Task=37 Chunk=0 Start=7928311454181 End=7928311454423 Duration=242
Task=37 Chunk=1 Start=7928311454441 End=7928311461068 Duration=6627
Task=37 Chunk=2 Start=7928311986655 End=7928312025479 Duration=38824
Task=38 Chunk=0 Start=7928311491489 End=7928311491656 Duration=167
Task=38 Chunk=1 Start=7928311491674 End=7928311499528 Duration=7854
Task=38 Chunk=2 Start=7928312025484 End=7928312066033 Duration=40549
Task=39 Chunk=0 Start=7928311532387 End=7928311532646 Duration=259
Task=39 Chunk=1 Start=7928311532658 End=7928311539481 Duration=6823
Task=39 Chunk=2 Start=7928312066036 End=7928312105851 Duration=39815
Task=40 Chunk=0 Start=7928311569681 End=7928311569846 Duration=165
Task=40 Chunk=1 Start=7928311569852 End=7928311577262 Duration=7410
Task=40 Chunk=2 Start=7928312105852 End=7928312146528 Duration=40676
Task=41 Chunk=0 Start=7928311612066 End=7928311612332 Duration=266
Task=41 Chunk=1 Start=7928311612339 End=7928311619168 Duration=6829
Task=41 Chunk=2 Start=7928312146529 End=7928312186001 Duration=39472
Task=42 Chunk=0 Start=7928311649797 End=7928311649962 Duration=165
Task=42 Chunk=1 Start=7928311649982 End=7928311657430 Duration=7448
Task=42 Chunk=2 Start=7928312186002 End=7928312228103 Duration=42101
Task=43 Chunk=0 Start=7928311686921 End=7928311687165 Duration=244
Task=43 Chunk=1 Start=7928311687179 End=7928311694090 Duration=6911
Task=43 Chunk=2 Start=7928312228110 End=7928312270280 Duration=42170
Task=44 Chunk=0 Start=7928311723992 End=7928311724159 Duration=167
Task=44 Chunk=1 Start=7928311724163 End=7928311731773 Duration=7610
Task=44 Chunk=2 Start=7928312270282 End=7928312311990 Duration=41708
Task=45 Chunk=0 Start=7928311761524 End=7928311761707 Duration=183
Task=45 Chunk=1 Start=7928311761732 End=7928311768670 Duration=6938
Task=45 Chunk=2 Start=7928312311991 End=7928312352638 Duration=40647
Task=46 Chunk=0 Start=7928311798747 End=7928311798976 Duration=229
Task=46 Chunk=1 Start=7928311798992 End=7928311806530 Duration=7538
Task=46 Chunk=2 Start=7928312352639 End=7928312393995 Duration=41356
Task=47 Chunk=0 Start=7928311836742 End=7928311836930 Duration=188
Task=47 Chunk=1 Start=7928311836951 End=7928311843691 Duration=6740
Task=47 Chunk=2 Start=7928312393995 End=7928312434292 Duration=40297
Task=48 Chunk=0 Start=7928311873829 End=7928311873991 Duration=162
Task=48 Chunk=1 Start=7928311874014 End=7928311880897 Duration=6883
Task=48 Chunk=2 Start=7928312434293 End=7928312474412 Duration=40119
Task=49 Chunk=0 Start=7928311911561 End=7928311911747 Duration=186
Task=49 Chunk=1 Start=7928311911763 End=7928311918565 Duration=6802
Task=49 Chunk=2 Start=7928312474415 End=7928312514875 Duration=40460
Task=50 Chunk=0 Start=7928311948525 End=7928311948693 Duration=168
Task=50 Chunk=1 Start=7928311948714 End=7928311955615 Duration=6901
Task=50 Chunk=2 Start=7928312514876 End=7928312554336 Duration=39460
Task=51 Chunk=0 Start=7928311986673 End=7928311986866 Duration=193
Task=51 Chunk=1 Start=7928311986870 End=7928311994343 Duration=7473
Task=51 Chunk=2 Start=7928312554337 End=7928312594046 Duration=39709
Task=52 Chunk=0 Start=7928312025494 End=7928312025662 Duration=168
Task=52 Chunk=1 Start=7928312025672 End=7928312032999 Duration=7327
Task=52 Chunk=2 Start=7928312594046 End=7928312635490 Duration=41444
Task=53 Chunk=0 Start=7928312066067 End=7928312066285 Duration=218
Task=53 Chunk=1 Start=7928312066302 End=7928312073815 Duration=7513
Task=53 Chunk=2 Start=7928312635493 End=7928312675145 Duration=39652
Task=54 Chunk=0 Start=7928312105886 End=7928312106116 Duration=230
Task=54 Chunk=1 Start=7928312106122 End=7928312114188 Duration=8066
Task=54 Chunk=2 Start=7928312675146 End=7928312714840 Duration=39694
Task=55 Chunk=0 Start=7928312146560 End=7928312146791 Duration=231
Task=55 Chunk=1 Start=7928312146796 End=7928312154133 Duration=7337
Task=55 Chunk=2 Start=7928312714841 End=7928312755663 Duration=40822
Task=56 Chunk=0 Start=7928312186031 End=7928312186256 Duration=225
Task=56 Chunk=1 Start=7928312186273 End=7928312194591 Duration=8318
Task=56 Chunk=2 Start=7928312755663 End=7928312795324 Duration=39661
Task=57 Chunk=0 Start=7928312228154 End=7928312228347 Duration=193
Task=57 Chunk=1 Start=7928312228365 End=7928312235651 Duration=7286
Task=57 Chunk=2 Start=7928312795325 End=7928312839161 Duration=43836
Task=58 Chunk=0 Start=7928312270332 End=7928312270756 Duration=424
Task=58 Chunk=1 Start=7928312270760 End=7928312278240 Duration=7480
Task=58 Chunk=2 Start=7928312839166 End=7928312878542 Duration=39376
Task=59 Chunk=0 Start=7928312312017 End=7928312312183 Duration=166
Task=59 Chunk=1 Start=7928312312199 End=7928312319328 Duration=7129
Task=59 Chunk=2 Start=7928312878543 End=7928312918387 Duration=39844
Task=60 Chunk=0 Start=7928312352678 End=7928312352866 Duration=188
Task=60 Chunk=1 Start=7928312352873 End=7928312360623 Duration=7750
Task=60 Chunk=2 Start=7928312918388 End=7928312960577 Duration=42189
Task=61 Chunk=0 Start=7928312394001 End=7928312394167 Duration=166
Task=61 Chunk=1 Start=7928312394173 End=7928312401671 Duration=7498
Task=61 Chunk=2 Start=7928312960587 End=7928313001905 Duration=41318
Task=62 Chunk=0 Start=7928312434343 End=7928312434529 Duration=186
Task=62 Chunk=1 Start=7928312434534 End=7928312441838 Duration=7304
Task=62 Chunk=2 Start=7928313001911 End=7928313041853 Duration=39942
Task=63 Chunk=0 Start=7928312474434 End=7928312474599 Duration=165
Task=63 Chunk=1 Start=7928312474604 End=7928312482208 Duration=7604
Task=63 Chunk=2 Start=7928313041854 End=7928313081667 Duration=39813
Task=64 Chunk=0 Start=7928312514902 End=7928312515087 Duration=185
Task=64 Chunk=1 Start=7928312515092 End=7928312522393 Duration=7301
Task=64 Chunk=2 Start=7928313081668 End=7928313121661 Duration=39993
Task=65 Chunk=0 Start=7928312554390 End=7928312554554 Duration=164
Task=65 Chunk=1 Start=7928312554571 End=7928312561888 Duration=7317
Task=65 Chunk=2 Start=7928313121662 End=7928313161852 Duration=40190
Task=66 Chunk=0 Start=7928312594097 End=7928312594279 Duration=182
Task=66 Chunk=1 Start=7928312594289 End=7928312601759 Duration=7470
Task=66 Chunk=2 Start=7928313161853 End=7928313201785 Duration=39932
Task=67 Chunk=0 Start=7928312635548 End=7928312635721 Duration=173
Task=67 Chunk=1 Start=7928312635730 End=7928312643216 Duration=7486
Task=67 Chunk=2 Start=7928313201787 End=7928313241618 Duration=39831
Task=68 Chunk=0 Start=7928312675184 End=7928312675372 Duration=188
Task=68 Chunk=1 Start=7928312675393 End=7928312683114 Duration=7721
Task=68 Chunk=2 Start=7928313241619 End=7928313281956 Duration=40337
Task=69 Chunk=0 Start=7928312714895 End=7928312715057 Duration=162
Task=69 Chunk=1 Start=7928312715074 End=7928312722320 Duration=7246
Task=69 Chunk=2 Start=7928313281957 End=7928313321728 Duration=39771
Task=70 Chunk=0 Start=7928312755680 End=7928312755868 Duration=188
Task=70 Chunk=1 Start=7928312755880 End=7928312763409 Duration=7529
Task=70 Chunk=2 Start=7928313321728 End=7928313361087 Duration=39359
Task=71 Chunk=0 Start=7928312795382 End=7928312795544 Duration=162
Task=71 Chunk=1 Start=7928312795558 End=7928312802629 Duration=7071
Task=71 Chunk=2 Start=7928313361088 End=7928313400756 Duration=39668
Task=72 Chunk=0 Start=7928312839207 End=7928312839410 Duration=203
Task=72 Chunk=1 Start=7928312839419 End=7928312846656 Duration=7237
Task=72 Chunk=2 Start=7928313400757 End=7928313445659 Duration=44902
Task=73 Chunk=0 Start=7928312878551 End=7928312878717 Duration=166
Task=73 Chunk=1 Start=7928312878727 End=7928312886322 Duration=7595
Task=73 Chunk=2 Start=7928313445661 End=7928313484923 Duration=39262
Task=74 Chunk=0 Start=7928312918412 End=7928312918601 Duration=189
Task=74 Chunk=1 Start=7928312918611 End=7928312925698 Duration=7087
Task=74 Chunk=2 Start=7928313484924 End=7928313525129 Duration=40205
Task=75 Chunk=0 Start=7928312960597 End=7928312960840 Duration=243
Task=75 Chunk=1 Start=7928312960847 End=7928312968469 Duration=7622
Task=75 Chunk=2 Start=7928313525129 End=7928313564944 Duration=39815
Task=76 Chunk=0 Start=7928313001960 End=7928313002130 Duration=170
Task=76 Chunk=1 Start=7928313002152 End=7928313009642 Duration=7490
Task=76 Chunk=2 Start=7928313564945 End=7928313606292 Duration=41347
Task=77 Chunk=0 Start=7928313041915 End=7928313042133 Duration=218
Task=77 Chunk=1 Start=7928313042148 End=7928313049229 Duration=7081
Task=77 Chunk=2 Start=7928313606293 End=7928313648916 Duration=42623
Task=78 Chunk=0 Start=7928313081711 End=7928313081876 Duration=165
Task=78 Chunk=1 Start=7928313081882 End=7928313089249 Duration=7367
Task=78 Chunk=2 Start=7928313648918 End=7928313688813 Duration=39895
Task=79 Chunk=0 Start=7928313121681 End=7928313121864 Duration=183
Task=79 Chunk=1 Start=7928313121871 End=7928313129237 Duration=7366
Task=79 Chunk=2 Start=7928313688814 End=7928313728772 Duration=39958
Task=80 Chunk=0 Start=7928313161874 End=7928313162042 Duration=168
Task=80 Chunk=1 Start=7928313162062 End=7928313169305 Duration=7243
Task=80 Chunk=2 Start=7928313728773 End=7928313768927 Duration=40154
Task=81 Chunk=0 Start=7928313201836 End=7928313202031 Duration=195
Task=81 Chunk=1 Start=7928313202039 End=7928313209248 Duration=7209
Task=81 Chunk=2 Start=7928313768928 End=7928313810053 Duration=41125
Task=82 Chunk=0 Start=7928313241641 End=7928313241802 Duration=161
Task=82 Chunk=1 Start=7928313241808 End=7928313249044 Duration=7236
Task=82 Chunk=2 Start=7928313810054 End=7928313850285 Duration=40231
Task=83 Chunk=0 Start=7928313281996 End=7928313282188 Duration=192
Task=83 Chunk=1 Start=7928313282198 End=7928313289819 Duration=7621
Task=83 Chunk=2 Start=7928313850286 End=7928313890575 Duration=40289
Task=84 Chunk=0 Start=7928313321733 End=7928313321958 Duration=225
Task=84 Chunk=1 Start=7928313321964 End=7928313329235 Duration=7271
Task=84 Chunk=2 Start=7928313890575 End=7928313930809 Duration=40234
Task=85 Chunk=0 Start=7928313361129 End=7928313361304 Duration=175
Task=85 Chunk=1 Start=7928313361320 End=7928313368688 Duration=7368
Task=85 Chunk=2 Start=7928313930814 End=7928313975151 Duration=44337
Task=86 Chunk=0 Start=7928313400788 End=7928313401350 Duration=562
Task=86 Chunk=1 Start=7928313401362 End=7928313407752 Duration=6390
Task=86 Chunk=2 Start=7928313975151 End=7928314015001 Duration=39850
Task=87 Chunk=0 Start=7928313445684 End=7928313445926 Duration=242
Task=87 Chunk=1 Start=7928313445939 End=7928313453134 Duration=7195
Task=87 Chunk=2 Start=7928314015001 End=7928314054616 Duration=39615
Task=88 Chunk=0 Start=7928313484961 End=7928313485130 Duration=169
Task=88 Chunk=1 Start=7928313485144 End=7928313492553 Duration=7409
Task=88 Chunk=2 Start=7928314054616 End=7928314093975 Duration=39359
Task=89 Chunk=0 Start=7928313525171 End=7928313525367 Duration=196
Task=89 Chunk=1 Start=7928313525388 End=7928313532571 Duration=7183
Task=89 Chunk=2 Start=7928314093976 End=7928314132990 Duration=39014
Task=90 Chunk=0 Start=7928313564970 End=7928313565133 Duration=163
Task=90 Chunk=1 Start=7928313565152 End=7928313573817 Duration=8665
Task=90 Chunk=2 Start=7928314132991 End=7928314173936 Duration=40945
Task=91 Chunk=0 Start=7928313606332 End=7928313606522 Duration=190
Task=91 Chunk=1 Start=7928313606527 End=7928313614207 Duration=7680
Task=91 Chunk=2 Start=7928314173937 End=7928314214504 Duration=40567
Task=92 Chunk=0 Start=7928313648952 End=7928313651122 Duration=2170
Task=92 Chunk=1 Start=7928313651137 End=7928313658032 Duration=6895
Task=92 Chunk=2 Start=7928314214505 End=7928314254079 Duration=39574
Task=93 Chunk=0 Start=7928313688867 End=7928313689033 Duration=166
Task=93 Chunk=1 Start=7928313689049 End=7928313696276 Duration=7227
Task=93 Chunk=2 Start=7928314254080 End=7928314293601 Duration=39521
Task=94 Chunk=0 Start=7928313728781 End=7928313728974 Duration=193
Task=94 Chunk=1 Start=7928313728980 End=7928313736352 Duration=7372
Task=94 Chunk=2 Start=7928314293602 End=7928314332730 Duration=39128
Task=95 Chunk=0 Start=7928313768981 End=7928313769146 Duration=165
Task=95 Chunk=1 Start=7928313769163 End=7928313776439 Duration=7276
Task=95 Chunk=2 Start=7928314332730 End=7928314383562 Duration=50832
Task=96 Chunk=0 Start=7928313810072 End=7928313810291 Duration=219
Task=96 Chunk=1 Start=7928313810314 End=7928313817662 Duration=7348
Task=96 Chunk=2 Start=7928314383566 End=7928314423791 Duration=40225
Task=97 Chunk=0 Start=7928313850330 End=7928313850494 Duration=164
Task=97 Chunk=1 Start=7928313850500 End=7928313857579 Duration=7079
Task=97 Chunk=2 Start=7928314423794 End=7928314463696 Duration=39902
Task=98 Chunk=0 Start=7928313890602 End=7928313890791 Duration=189
Task=98 Chunk=1 Start=7928313890805 End=7928313898240 Duration=7435
Task=98 Chunk=2 Start=7928314463698 End=7928314503780 Duration=40082
Task=99 Chunk=0 Start=7928313930856 End=7928313931019 Duration=163
Task=99 Chunk=1 Start=7928313931026 End=7928313938670 Duration=7644
Task=99 Chunk=2 Start=7928314503787 End=7928314543640 Duration=39853
### Python End ###

--------------------------------
[2025-06-29 14:29:31.618] [info] Available Vulkan Layers:
[2025-06-29 14:29:31.618] [warning] Validation layer requested but not available, continuing without it...
[2025-06-29 14:29:31.621] [info] Using integrated GPU: Adreno (TM) 740
[2025-06-29 14:29:31.623] [info] VulkanDispatcher instance created.
[2025-06-29 14:29:31.722] [info] Total memory used: 40550404 bytes (38.67188 MB)
[2025-06-29 14:29:31.734] [info] Total memory used: 40550404 bytes (38.67188 MB)
[2025-06-29 14:29:31.754] [info] Total memory used: 40550404 bytes (38.67188 MB)
[2025-06-29 14:29:31.763] [info] Total memory used: 40550404 bytes (38.67188 MB)
[2025-06-29 14:29:31.772] [info] Total memory used: 40550404 bytes (38.67188 MB)
[2025-06-29 14:29:31.810] [info] Total memory used: 40550404 bytes (38.67188 MB)
[2025-06-29 14:29:31.820] [info] Total memory used: 40550404 bytes (38.67188 MB)
[2025-06-29 14:29:31.829] [info] Total memory used: 40550404 bytes (38.67188 MB)
[2025-06-29 14:29:31.839] [info] Total memory used: 40550404 bytes (38.67188 MB)
[2025-06-29 14:29:31.848] [info] Total memory used: 40550404 bytes (38.67188 MB)
[2025-06-29 14:29:31.888] [info] Total memory used: 40550404 bytes (38.67188 MB)
[2025-06-29 14:29:31.897] [info] Total memory used: 40550404 bytes (38.67188 MB)
[2025-06-29 14:29:31.907] [info] Total memory used: 40550404 bytes (38.67188 MB)
[2025-06-29 14:29:31.916] [info] Total memory used: 40550404 bytes (38.67188 MB)
[2025-06-29 14:29:31.926] [info] Total memory used: 40550404 bytes (38.67188 MB)
[2025-06-29 14:29:31.936] [info] Total memory used: 40550404 bytes (38.67188 MB)
### Python Begin ###
Schedule_UID=SCH-B2G5-G138-8344
Frequency=19200000 Hz
Task=0 Chunk=0 Start=7928321754001 End=7928321915441 Duration=161440
Task=0 Chunk=1 Start=7928321917713 End=7928322187994 Duration=270281
Task=1 Chunk=0 Start=7928321915451 End=7928321955539 Duration=40088
Task=1 Chunk=1 Start=7928322187995 End=7928322263638 Duration=75643
Task=2 Chunk=0 Start=7928321955542 End=7928321987838 Duration=32296
Task=2 Chunk=1 Start=7928322263638 End=7928322346852 Duration=83214
Task=3 Chunk=0 Start=7928321987838 End=7928322021036 Duration=33198
Task=3 Chunk=1 Start=7928322346853 End=7928322447647 Duration=100794
Task=4 Chunk=0 Start=7928322021039 End=7928322053930 Duration=32891
Task=4 Chunk=1 Start=7928322447659 End=7928322539944 Duration=92285
Task=5 Chunk=0 Start=7928322053933 End=7928322085751 Duration=31818
Task=5 Chunk=1 Start=7928322539951 End=7928322646135 Duration=106184
Task=6 Chunk=0 Start=7928322085752 End=7928322121301 Duration=35549
Task=6 Chunk=1 Start=7928322646140 End=7928322752483 Duration=106343
Task=7 Chunk=0 Start=7928322121303 End=7928322143696 Duration=22393
Task=7 Chunk=1 Start=7928322752488 End=7928322855508 Duration=103020
Task=8 Chunk=0 Start=7928322143697 End=7928322167126 Duration=23429
Task=8 Chunk=1 Start=7928322855512 End=7928322960502 Duration=104990
Task=9 Chunk=0 Start=7928322167128 End=7928322191601 Duration=24473
Task=9 Chunk=1 Start=7928322960507 End=7928323065149 Duration=104642
Task=10 Chunk=0 Start=7928322191602 End=7928322214119 Duration=22517
Task=10 Chunk=1 Start=7928323065159 End=7928323181701 Duration=116542
Task=11 Chunk=0 Start=7928322214120 End=7928322236240 Duration=22120
Task=11 Chunk=1 Start=7928323181711 End=7928323284377 Duration=102666
Task=12 Chunk=0 Start=7928322236241 End=7928322259613 Duration=23372
Task=12 Chunk=1 Start=7928323284382 End=7928323398788 Duration=114406
Task=13 Chunk=0 Start=7928322259613 End=7928322282072 Duration=22459
Task=13 Chunk=1 Start=7928323398803 End=7928323501722 Duration=102919
Task=14 Chunk=0 Start=7928322282073 End=7928322305358 Duration=23285
Task=14 Chunk=1 Start=7928323501741 End=7928323606477 Duration=104736
Task=15 Chunk=0 Start=7928322305358 End=7928322329763 Duration=24405
Task=15 Chunk=1 Start=7928323606493 End=7928323723696 Duration=117203
Task=16 Chunk=0 Start=7928322329763 End=7928322353386 Duration=23623
Task=16 Chunk=1 Start=7928323723712 End=7928323831116 Duration=107404
Task=17 Chunk=0 Start=7928322353387 End=7928322375452 Duration=22065
Task=17 Chunk=1 Start=7928323831127 End=7928323936649 Duration=105522
Task=18 Chunk=0 Start=7928322447664 End=7928322469755 Duration=22091
Task=18 Chunk=1 Start=7928323936667 End=7928324040419 Duration=103752
Task=19 Chunk=0 Start=7928322539961 End=7928322562348 Duration=22387
Task=19 Chunk=1 Start=7928324040424 End=7928324144336 Duration=103912
Task=20 Chunk=0 Start=7928322646152 End=7928322669172 Duration=23020
Task=20 Chunk=1 Start=7928324144341 End=7928324247834 Duration=103493
Task=21 Chunk=0 Start=7928322752490 End=7928322775612 Duration=23122
Task=21 Chunk=1 Start=7928324247839 End=7928324353014 Duration=105175
Task=22 Chunk=0 Start=7928322855524 End=7928322878676 Duration=23152
Task=22 Chunk=1 Start=7928324353025 End=7928324464376 Duration=111351
Task=23 Chunk=0 Start=7928322960517 End=7928322983458 Duration=22941
Task=23 Chunk=1 Start=7928324464390 End=7928324571344 Duration=106954
Task=24 Chunk=0 Start=7928323065168 End=7928323088227 Duration=23059
Task=24 Chunk=1 Start=7928324571349 End=7928324677936 Duration=106587
Task=25 Chunk=0 Start=7928323181720 End=7928323204807 Duration=23087
Task=25 Chunk=1 Start=7928324677942 End=7928324781496 Duration=103554
Task=26 Chunk=0 Start=7928323284383 End=7928323307429 Duration=23046
Task=26 Chunk=1 Start=7928324781502 End=7928324885000 Duration=103498
Task=27 Chunk=0 Start=7928323398806 End=7928323422279 Duration=23473
Task=27 Chunk=1 Start=7928324885005 End=7928324990960 Duration=105955
Task=28 Chunk=0 Start=7928323501742 End=7928323524422 Duration=22680
Task=28 Chunk=1 Start=7928324990976 End=7928325098387 Duration=107411
Task=29 Chunk=0 Start=7928323606499 End=7928323629330 Duration=22831
Task=29 Chunk=1 Start=7928325098397 End=7928325201853 Duration=103456
Task=30 Chunk=0 Start=7928323723716 End=7928323746260 Duration=22544
Task=30 Chunk=1 Start=7928325201859 End=7928325316533 Duration=114674
Task=31 Chunk=0 Start=7928323831138 End=7928323853975 Duration=22837
Task=31 Chunk=1 Start=7928325316542 End=7928325421545 Duration=105003
Task=32 Chunk=0 Start=7928323936669 End=7928323959732 Duration=23063
Task=32 Chunk=1 Start=7928325421551 End=7928325539392 Duration=117841
Task=33 Chunk=0 Start=7928324040434 End=7928324063341 Duration=22907
Task=33 Chunk=1 Start=7928325539401 End=7928325645662 Duration=106261
Task=34 Chunk=0 Start=7928324144353 End=7928324167404 Duration=23051
Task=34 Chunk=1 Start=7928325645688 End=7928325751976 Duration=106288
Task=35 Chunk=0 Start=7928324247850 End=7928324271062 Duration=23212
Task=35 Chunk=1 Start=7928325751981 End=7928325857430 Duration=105449
Task=36 Chunk=0 Start=7928324353028 End=7928324375988 Duration=22960
Task=36 Chunk=1 Start=7928325857438 End=7928325960427 Duration=102989
Task=37 Chunk=0 Start=7928324464400 End=7928324487736 Duration=23336
Task=37 Chunk=1 Start=7928325960455 End=7928326065631 Duration=105176
Task=38 Chunk=0 Start=7928324571352 End=7928324594150 Duration=22798
Task=38 Chunk=1 Start=7928326065647 End=7928326171328 Duration=105681
Task=39 Chunk=0 Start=7928324677951 End=7928324700523 Duration=22572
Task=39 Chunk=1 Start=7928326171337 End=7928326281981 Duration=110644
Task=40 Chunk=0 Start=7928324781509 End=7928324805398 Duration=23889
Task=40 Chunk=1 Start=7928326281996 End=7928326380914 Duration=98918
Task=41 Chunk=0 Start=7928324885008 End=7928324908138 Duration=23130
Task=41 Chunk=1 Start=7928326380920 End=7928326484090 Duration=103170
Task=42 Chunk=0 Start=7928324990979 End=7928325013941 Duration=22962
Task=42 Chunk=1 Start=7928326484095 End=7928326587524 Duration=103429
Task=43 Chunk=0 Start=7928325098400 End=7928325121356 Duration=22956
Task=43 Chunk=1 Start=7928326587529 End=7928326690371 Duration=102842
Task=44 Chunk=0 Start=7928325201863 End=7928325224682 Duration=22819
Task=44 Chunk=1 Start=7928326690376 End=7928326792747 Duration=102371
Task=45 Chunk=0 Start=7928325316542 End=7928325339250 Duration=22708
Task=45 Chunk=1 Start=7928326792753 End=7928326909255 Duration=116502
Task=46 Chunk=0 Start=7928325421554 End=7928325444154 Duration=22600
Task=46 Chunk=1 Start=7928326909267 End=7928327008899 Duration=99632
Task=47 Chunk=0 Start=7928325539401 End=7928325562507 Duration=23106
Task=47 Chunk=1 Start=7928327008904 End=7928327103240 Duration=94336
Task=48 Chunk=0 Start=7928325645689 End=7928325668404 Duration=22715
Task=48 Chunk=1 Start=7928327103252 End=7928327205815 Duration=102563
Task=49 Chunk=0 Start=7928325751988 End=7928325775304 Duration=23316
Task=49 Chunk=1 Start=7928327205830 End=7928327329007 Duration=123177
Task=50 Chunk=0 Start=7928325857439 End=7928325881079 Duration=23640
Task=50 Chunk=1 Start=7928327329023 End=7928327433100 Duration=104077
Task=51 Chunk=0 Start=7928325960455 End=7928325983151 Duration=22696
Task=51 Chunk=1 Start=7928327433108 End=7928327535438 Duration=102330
Task=52 Chunk=0 Start=7928326065648 End=7928326088412 Duration=22764
Task=52 Chunk=1 Start=7928327535443 End=7928327637712 Duration=102269
Task=53 Chunk=0 Start=7928326171346 End=7928326194232 Duration=22886
Task=53 Chunk=1 Start=7928327637718 End=7928327742076 Duration=104358
Task=54 Chunk=0 Start=7928326281996 End=7928326304744 Duration=22748
Task=54 Chunk=1 Start=7928327742083 End=7928327846724 Duration=104641
Task=55 Chunk=0 Start=7928326380927 End=7928326403937 Duration=23010
Task=55 Chunk=1 Start=7928327846729 End=7928327950565 Duration=103836
Task=56 Chunk=0 Start=7928326484107 End=7928326507036 Duration=22929
Task=56 Chunk=1 Start=7928327950571 End=7928328054029 Duration=103458
Task=57 Chunk=0 Start=7928326587535 End=7928326610035 Duration=22500
Task=57 Chunk=1 Start=7928328054034 End=7928328158335 Duration=104301
Task=58 Chunk=0 Start=7928326690381 End=7928326713518 Duration=23137
Task=58 Chunk=1 Start=7928328158341 End=7928328261593 Duration=103252
Task=59 Chunk=0 Start=7928326792752 End=7928326815422 Duration=22670
Task=59 Chunk=1 Start=7928328261621 End=7928328372773 Duration=111152
Task=60 Chunk=0 Start=7928326909279 End=7928326932030 Duration=22751
Task=60 Chunk=1 Start=7928328372779 End=7928328478582 Duration=105803
Task=61 Chunk=0 Start=7928327008911 End=7928327031857 Duration=22946
Task=61 Chunk=1 Start=7928328478608 End=7928328585508 Duration=106900
Task=62 Chunk=0 Start=7928327103262 End=7928327126106 Duration=22844
Task=62 Chunk=1 Start=7928328585516 End=7928328688392 Duration=102876
Task=63 Chunk=0 Start=7928327205833 End=7928327228663 Duration=22830
Task=63 Chunk=1 Start=7928328688397 End=7928328791253 Duration=102856
Task=64 Chunk=0 Start=7928327329035 End=7928327351766 Duration=22731
Task=64 Chunk=1 Start=7928328791258 End=7928328899599 Duration=108341
Task=65 Chunk=0 Start=7928327433113 End=7928327456259 Duration=23146
Task=65 Chunk=1 Start=7928328899609 End=7928329016447 Duration=116838
Task=66 Chunk=0 Start=7928327535444 End=7928327559112 Duration=23668
Task=66 Chunk=1 Start=7928329016455 End=7928329120403 Duration=103948
Task=67 Chunk=0 Start=7928327637724 End=7928327660653 Duration=22929
Task=67 Chunk=1 Start=7928329120408 End=7928329224266 Duration=103858
Task=68 Chunk=0 Start=7928327742095 End=7928327764890 Duration=22795
Task=68 Chunk=1 Start=7928329224271 End=7928329329791 Duration=105520
Task=69 Chunk=0 Start=7928327846736 End=7928327869514 Duration=22778
Task=69 Chunk=1 Start=7928329329798 End=7928329434211 Duration=104413
Task=70 Chunk=0 Start=7928327950576 End=7928327973565 Duration=22989
Task=70 Chunk=1 Start=7928329434215 End=7928329537470 Duration=103255
Task=71 Chunk=0 Start=7928328054035 End=7928328077147 Duration=23112
Task=71 Chunk=1 Start=7928329537475 End=7928329643945 Duration=106470
Task=72 Chunk=0 Start=7928328158351 End=7928328181700 Duration=23349
Task=72 Chunk=1 Start=7928329643990 End=7928329751127 Duration=107137
Task=73 Chunk=0 Start=7928328261621 End=7928328284162 Duration=22541
Task=73 Chunk=1 Start=7928329751140 End=7928329854370 Duration=103230
Task=74 Chunk=0 Start=7928328372783 End=7928328395732 Duration=22949
Task=74 Chunk=1 Start=7928329854375 End=7928329959724 Duration=105349
Task=75 Chunk=0 Start=7928328478610 End=7928328501128 Duration=22518
Task=75 Chunk=1 Start=7928329959739 End=7928330071985 Duration=112246
Task=76 Chunk=0 Start=7928328585524 End=7928328608150 Duration=22626
Task=76 Chunk=1 Start=7928330071990 End=7928330175233 Duration=103243
Task=77 Chunk=0 Start=7928328688407 End=7928328711695 Duration=23288
Task=77 Chunk=1 Start=7928330175238 End=7928330282220 Duration=106982
Task=78 Chunk=0 Start=7928328791264 End=7928328814215 Duration=22951
Task=78 Chunk=1 Start=7928330282238 End=7928330386606 Duration=104368
Task=79 Chunk=0 Start=7928328899618 End=7928328922364 Duration=22746
Task=79 Chunk=1 Start=7928330386611 End=7928330490204 Duration=103593
Task=80 Chunk=0 Start=7928329016458 End=7928329039804 Duration=23346
Task=80 Chunk=1 Start=7928330490209 End=7928330594155 Duration=103946
Task=81 Chunk=0 Start=7928329120412 End=7928329143406 Duration=22994
Task=81 Chunk=1 Start=7928330594160 End=7928330697091 Duration=102931
Task=82 Chunk=0 Start=7928329224272 End=7928329247867 Duration=23595
Task=82 Chunk=1 Start=7928330697109 End=7928330802785 Duration=105676
Task=83 Chunk=0 Start=7928329329805 End=7928329352913 Duration=23108
Task=83 Chunk=1 Start=7928330802801 End=7928330916540 Duration=113739
Task=84 Chunk=0 Start=7928329434221 End=7928329457076 Duration=22855
Task=84 Chunk=1 Start=7928330916554 End=7928331023058 Duration=106504
Task=85 Chunk=0 Start=7928329537479 End=7928329561017 Duration=23538
Task=85 Chunk=1 Start=7928331023073 End=7928331133353 Duration=110280
Task=86 Chunk=0 Start=7928329644002 End=7928329666806 Duration=22804
Task=86 Chunk=1 Start=7928331133361 End=7928331239282 Duration=105921
Task=87 Chunk=0 Start=7928329751141 End=7928329774196 Duration=23055
Task=87 Chunk=1 Start=7928331239287 End=7928331343407 Duration=104120
Task=88 Chunk=0 Start=7928329854387 End=7928329877724 Duration=23337
Task=88 Chunk=1 Start=7928331343411 End=7928331446808 Duration=103397
Task=89 Chunk=0 Start=7928329959752 End=7928329982748 Duration=22996
Task=89 Chunk=1 Start=7928331446812 End=7928331550312 Duration=103500
Task=90 Chunk=0 Start=7928330071995 End=7928330094789 Duration=22794
Task=90 Chunk=1 Start=7928331550316 End=7928331653845 Duration=103529
Task=91 Chunk=0 Start=7928330175241 End=7928330197904 Duration=22663
Task=91 Chunk=1 Start=7928331653849 End=7928331756788 Duration=102939
Task=92 Chunk=0 Start=7928330282245 End=7928330304946 Duration=22701
Task=92 Chunk=1 Start=7928331756792 End=7928331869912 Duration=113120
Task=93 Chunk=0 Start=7928330386621 End=7928330410089 Duration=23468
Task=93 Chunk=1 Start=7928331869946 End=7928331987142 Duration=117196
Task=94 Chunk=0 Start=7928330490209 End=7928330513136 Duration=22927
Task=94 Chunk=1 Start=7928331987158 End=7928332092239 Duration=105081
Task=95 Chunk=0 Start=7928330594168 End=7928330617448 Duration=23280
Task=95 Chunk=1 Start=7928332092247 End=7928332197991 Duration=105744
Task=96 Chunk=0 Start=7928330697115 End=7928330720058 Duration=22943
Task=96 Chunk=1 Start=7928332198002 End=7928332300291 Duration=102289
Task=97 Chunk=0 Start=7928330802803 End=7928330825734 Duration=22931
Task=97 Chunk=1 Start=7928332300296 End=7928332403764 Duration=103468
Task=98 Chunk=0 Start=7928330916563 End=7928330939945 Duration=23382
Task=98 Chunk=1 Start=7928332403768 End=7928332507067 Duration=103299
Task=99 Chunk=0 Start=7928331023078 End=7928331045666 Duration=22588
Task=99 Chunk=1 Start=7928332507080 End=7928332611060 Duration=103980
### Python End ###

--------------------------------
[2025-06-29 14:29:32.556] [info] Available Vulkan Layers:
[2025-06-29 14:29:32.556] [warning] Validation layer requested but not available, continuing without it...
[2025-06-29 14:29:32.560] [info] Using integrated GPU: Adreno (TM) 740
[2025-06-29 14:29:32.561] [info] VulkanDispatcher instance created.
[2025-06-29 14:29:32.649] [info] Total memory used: 40550404 bytes (38.67188 MB)
[2025-06-29 14:29:32.658] [info] Total memory used: 40550404 bytes (38.67188 MB)
[2025-06-29 14:29:32.678] [info] Total memory used: 40550404 bytes (38.67188 MB)
[2025-06-29 14:29:32.687] [info] Total memory used: 40550404 bytes (38.67188 MB)
[2025-06-29 14:29:32.696] [info] Total memory used: 40550404 bytes (38.67188 MB)
[2025-06-29 14:29:32.735] [info] Total memory used: 40550404 bytes (38.67188 MB)
[2025-06-29 14:29:32.745] [info] Total memory used: 40550404 bytes (38.67188 MB)
[2025-06-29 14:29:32.754] [info] Total memory used: 40550404 bytes (38.67188 MB)
[2025-06-29 14:29:32.763] [info] Total memory used: 40550404 bytes (38.67188 MB)
[2025-06-29 14:29:32.773] [info] Total memory used: 40550404 bytes (38.67188 MB)
[2025-06-29 14:29:32.813] [info] Total memory used: 40550404 bytes (38.67188 MB)
[2025-06-29 14:29:32.822] [info] Total memory used: 40550404 bytes (38.67188 MB)
[2025-06-29 14:29:32.832] [info] Total memory used: 40550404 bytes (38.67188 MB)
[2025-06-29 14:29:32.841] [info] Total memory used: 40550404 bytes (38.67188 MB)
[2025-06-29 14:29:32.851] [info] Total memory used: 40550404 bytes (38.67188 MB)
[2025-06-29 14:29:32.860] [info] Total memory used: 40550404 bytes (38.67188 MB)
### Python Begin ###
Schedule_UID=SCH-M2G5-G140-de4b
Frequency=19200000 Hz
Task=0 Chunk=0 Start=7928339508641 End=7928339700821 Duration=192180
Task=0 Chunk=1 Start=7928339700831 End=7928339982760 Duration=281929
Task=1 Chunk=0 Start=7928339700826 End=7928339723052 Duration=22226
Task=1 Chunk=1 Start=7928339982765 End=7928340057657 Duration=74892
Task=2 Chunk=0 Start=7928339723054 End=7928339739737 Duration=16683
Task=2 Chunk=1 Start=7928340057659 End=7928340141049 Duration=83390
Task=3 Chunk=0 Start=7928339739740 End=7928339756144 Duration=16404
Task=3 Chunk=1 Start=7928340141052 End=7928340225663 Duration=84611
Task=4 Chunk=0 Start=7928339756145 End=7928339773456 Duration=17311
Task=4 Chunk=1 Start=7928340225665 End=7928340308581 Duration=82916
Task=5 Chunk=0 Start=7928339773458 End=7928339789935 Duration=16477
Task=5 Chunk=1 Start=7928340308584 End=7928340391231 Duration=82647
Task=6 Chunk=0 Start=7928339789936 End=7928339806436 Duration=16500
Task=6 Chunk=1 Start=7928340391233 End=7928340479086 Duration=87853
Task=7 Chunk=0 Start=7928339806438 End=7928339822908 Duration=16470
Task=7 Chunk=1 Start=7928340479089 End=7928340568872 Duration=89783
Task=8 Chunk=0 Start=7928339822908 End=7928339840000 Duration=17092
Task=8 Chunk=1 Start=7928340568875 End=7928340666990 Duration=98115
Task=9 Chunk=0 Start=7928339840001 End=7928339856459 Duration=16458
Task=9 Chunk=1 Start=7928340667010 End=7928340773455 Duration=106445
Task=10 Chunk=0 Start=7928339856460 End=7928339872937 Duration=16477
Task=10 Chunk=1 Start=7928340773462 End=7928340875247 Duration=101785
Task=11 Chunk=0 Start=7928339872937 End=7928339889416 Duration=16479
Task=11 Chunk=1 Start=7928340875264 End=7928340972810 Duration=97546
Task=12 Chunk=0 Start=7928339889417 End=7928339905890 Duration=16473
Task=12 Chunk=1 Start=7928340972816 End=7928341078393 Duration=105577
Task=13 Chunk=0 Start=7928339905892 End=7928339922998 Duration=17106
Task=13 Chunk=1 Start=7928341078399 End=7928341213718 Duration=135319
Task=14 Chunk=0 Start=7928339922999 End=7928339939592 Duration=16593
Task=14 Chunk=1 Start=7928341213724 End=7928341348936 Duration=135212
Task=15 Chunk=0 Start=7928339982770 End=7928339999858 Duration=17088
Task=15 Chunk=1 Start=7928341348947 End=7928341483680 Duration=134733
Task=16 Chunk=0 Start=7928340057675 End=7928340074454 Duration=16779
Task=16 Chunk=1 Start=7928341483686 End=7928341618901 Duration=135215
Task=17 Chunk=0 Start=7928340141059 End=7928340158425 Duration=17366
Task=17 Chunk=1 Start=7928341618906 End=7928341765742 Duration=146836
Task=18 Chunk=0 Start=7928340225671 End=7928340242136 Duration=16465
Task=18 Chunk=1 Start=7928341765758 End=7928341908873 Duration=143115
Task=19 Chunk=0 Start=7928340308592 End=7928340325036 Duration=16444
Task=19 Chunk=1 Start=7928341908888 End=7928342040494 Duration=131606
Task=20 Chunk=0 Start=7928340391239 End=7928340408086 Duration=16847
Task=20 Chunk=1 Start=7928342040511 End=7928342163694 Duration=123183
Task=21 Chunk=0 Start=7928340479091 End=7928340495769 Duration=16678
Task=21 Chunk=1 Start=7928342163704 End=7928342292350 Duration=128646
Task=22 Chunk=0 Start=7928340568906 End=7928340585444 Duration=16538
Task=22 Chunk=1 Start=7928342292369 End=7928342423901 Duration=131532
Task=23 Chunk=0 Start=7928340667013 End=7928340684284 Duration=17271
Task=23 Chunk=1 Start=7928342423911 End=7928342543406 Duration=119495
Task=24 Chunk=0 Start=7928340773468 End=7928340790080 Duration=16612
Task=24 Chunk=1 Start=7928342543424 End=7928342662598 Duration=119174
Task=25 Chunk=0 Start=7928340875278 End=7928340891810 Duration=16532
Task=25 Chunk=1 Start=7928342662604 End=7928342779178 Duration=116574
Task=26 Chunk=0 Start=7928340972821 End=7928340989955 Duration=17134
Task=26 Chunk=1 Start=7928342779186 End=7928342896154 Duration=116968
Task=27 Chunk=0 Start=7928341078416 End=7928341094952 Duration=16536
Task=27 Chunk=1 Start=7928342896160 End=7928343003086 Duration=106926
Task=28 Chunk=0 Start=7928341213733 End=7928341233948 Duration=20215
Task=28 Chunk=1 Start=7928343003101 End=7928343113480 Duration=110379
Task=29 Chunk=0 Start=7928341348950 End=7928341367577 Duration=18627
Task=29 Chunk=1 Start=7928343113491 End=7928343222586 Duration=109095
Task=30 Chunk=0 Start=7928341483699 End=7928341502449 Duration=18750
Task=30 Chunk=1 Start=7928343222599 End=7928343333829 Duration=111230
Task=31 Chunk=0 Start=7928341618915 End=7928341637600 Duration=18685
Task=31 Chunk=1 Start=7928343333838 End=7928343451690 Duration=117852
Task=32 Chunk=0 Start=7928341765776 End=7928341784647 Duration=18871
Task=32 Chunk=1 Start=7928343451710 End=7928343563210 Duration=111500
Task=33 Chunk=0 Start=7928341908894 End=7928341928174 Duration=19280
Task=33 Chunk=1 Start=7928343563222 End=7928343669544 Duration=106322
Task=34 Chunk=0 Start=7928342040519 End=7928342057608 Duration=17089
Task=34 Chunk=1 Start=7928343669549 End=7928343774336 Duration=104787
Task=35 Chunk=0 Start=7928342163712 End=7928342180970 Duration=17258
Task=35 Chunk=1 Start=7928343774353 End=7928343881589 Duration=107236
Task=36 Chunk=0 Start=7928342292376 End=7928342310397 Duration=18021
Task=36 Chunk=1 Start=7928343881600 End=7928343988871 Duration=107271
Task=37 Chunk=0 Start=7928342423912 End=7928342441015 Duration=17103
Task=37 Chunk=1 Start=7928343988877 End=7928344095074 Duration=106197
Task=38 Chunk=0 Start=7928342543435 End=7928342560646 Duration=17211
Task=38 Chunk=1 Start=7928344095083 End=7928344199462 Duration=104379
Task=39 Chunk=0 Start=7928342662620 End=7928342680439 Duration=17819
Task=39 Chunk=1 Start=7928344199472 End=7928344303799 Duration=104327
Task=40 Chunk=0 Start=7928342779191 End=7928342796207 Duration=17016
Task=40 Chunk=1 Start=7928344303807 End=7928344418646 Duration=114839
Task=41 Chunk=0 Start=7928342896171 End=7928342914124 Duration=17953
Task=41 Chunk=1 Start=7928344418666 End=7928344527071 Duration=108405
Task=42 Chunk=0 Start=7928343003101 End=7928343019785 Duration=16684
Task=42 Chunk=1 Start=7928344527090 End=7928344634219 Duration=107129
Task=43 Chunk=0 Start=7928343113504 End=7928343130105 Duration=16601
Task=43 Chunk=1 Start=7928344634236 End=7928344742900 Duration=108664
Task=44 Chunk=0 Start=7928343222606 End=7928343239162 Duration=16556
Task=44 Chunk=1 Start=7928344742907 End=7928344847369 Duration=104462
Task=45 Chunk=0 Start=7928343333849 End=7928343350358 Duration=16509
Task=45 Chunk=1 Start=7928344847375 End=7928344952813 Duration=105438
Task=46 Chunk=0 Start=7928343451716 End=7928343468297 Duration=16581
Task=46 Chunk=1 Start=7928344952819 End=7928345061952 Duration=109133
Task=47 Chunk=0 Start=7928343563229 End=7928343579922 Duration=16693
Task=47 Chunk=1 Start=7928345061961 End=7928345166794 Duration=104833
Task=48 Chunk=0 Start=7928343669555 End=7928343686768 Duration=17213
Task=48 Chunk=1 Start=7928345166813 End=7928345282723 Duration=115910
Task=49 Chunk=0 Start=7928343774353 End=7928343790926 Duration=16573
Task=49 Chunk=1 Start=7928345282736 End=7928345387709 Duration=104973
Task=50 Chunk=0 Start=7928343881613 End=7928343898247 Duration=16634
Task=50 Chunk=1 Start=7928345387715 End=7928345499343 Duration=111628
Task=51 Chunk=0 Start=7928343988892 End=7928344005615 Duration=16723
Task=51 Chunk=1 Start=7928345499365 End=7928345606047 Duration=106682
Task=52 Chunk=0 Start=7928344095084 End=7928344111742 Duration=16658
Task=52 Chunk=1 Start=7928345606066 End=7928345713465 Duration=107399
Task=53 Chunk=0 Start=7928344199488 End=7928344216625 Duration=17137
Task=53 Chunk=1 Start=7928345713472 End=7928345821769 Duration=108297
Task=54 Chunk=0 Start=7928344303812 End=7928344320356 Duration=16544
Task=54 Chunk=1 Start=7928345821776 End=7928345927283 Duration=105507
Task=55 Chunk=0 Start=7928344418677 End=7928344435255 Duration=16578
Task=55 Chunk=1 Start=7928345927295 End=7928346033001 Duration=105706
Task=56 Chunk=0 Start=7928344527091 End=7928344543653 Duration=16562
Task=56 Chunk=1 Start=7928346033008 End=7928346136681 Duration=103673
Task=57 Chunk=0 Start=7928344634254 End=7928344650849 Duration=16595
Task=57 Chunk=1 Start=7928346136710 End=7928346243719 Duration=107009
Task=58 Chunk=0 Start=7928344742912 End=7928344760152 Duration=17240
Task=58 Chunk=1 Start=7928346243732 End=7928346347393 Duration=103661
Task=59 Chunk=0 Start=7928344847377 End=7928344864016 Duration=16639
Task=59 Chunk=1 Start=7928346347401 End=7928346460710 Duration=113309
Task=60 Chunk=0 Start=7928344952834 End=7928344969397 Duration=16563
Task=60 Chunk=1 Start=7928346460728 End=7928346577155 Duration=116427
Task=61 Chunk=0 Start=7928345061966 End=7928345078471 Duration=16505
Task=61 Chunk=1 Start=7928346577166 End=7928346684601 Duration=107435
Task=62 Chunk=0 Start=7928345166816 End=7928345183382 Duration=16566
Task=62 Chunk=1 Start=7928346684612 End=7928346791257 Duration=106645
Task=63 Chunk=0 Start=7928345282736 End=7928345299820 Duration=17084
Task=63 Chunk=1 Start=7928346791263 End=7928346896986 Duration=105723
Task=64 Chunk=0 Start=7928345387722 End=7928345404250 Duration=16528
Task=64 Chunk=1 Start=7928346896992 End=7928347004288 Duration=107296
Task=65 Chunk=0 Start=7928345499381 End=7928345516038 Duration=16657
Task=65 Chunk=1 Start=7928347004295 End=7928347108186 Duration=103891
Task=66 Chunk=0 Start=7928345606077 End=7928345622772 Duration=16695
Task=66 Chunk=1 Start=7928347108192 End=7928347216265 Duration=108073
Task=67 Chunk=0 Start=7928345713473 End=7928345730125 Duration=16652
Task=67 Chunk=1 Start=7928347216282 End=7928347321817 Duration=105535
Task=68 Chunk=0 Start=7928345821790 End=7928345839059 Duration=17269
Task=68 Chunk=1 Start=7928347321823 End=7928347426093 Duration=104270
Task=69 Chunk=0 Start=7928345927308 End=7928345944033 Duration=16725
Task=69 Chunk=1 Start=7928347426099 End=7928347529858 Duration=103759
Task=70 Chunk=0 Start=7928346033011 End=7928346049548 Duration=16537
Task=70 Chunk=1 Start=7928347529863 End=7928347640095 Duration=110232
Task=71 Chunk=0 Start=7928346136710 End=7928346153485 Duration=16775
Task=71 Chunk=1 Start=7928347640116 End=7928347754550 Duration=114434
Task=72 Chunk=0 Start=7928346243736 End=7928346260368 Duration=16632
Task=72 Chunk=1 Start=7928347754570 End=7928347860988 Duration=106418
Task=73 Chunk=0 Start=7928346347406 End=7928346364030 Duration=16624
Task=73 Chunk=1 Start=7928347860994 End=7928347965968 Duration=104974
Task=74 Chunk=0 Start=7928346460731 End=7928346477416 Duration=16685
Task=74 Chunk=1 Start=7928347965980 End=7928348070371 Duration=104391
Task=75 Chunk=0 Start=7928346577172 End=7928346593734 Duration=16562
Task=75 Chunk=1 Start=7928348070379 End=7928348183621 Duration=113242
Task=76 Chunk=0 Start=7928346684615 End=7928346701292 Duration=16677
Task=76 Chunk=1 Start=7928348183626 End=7928348291810 Duration=108184
Task=77 Chunk=0 Start=7928346791271 End=7928346807971 Duration=16700
Task=77 Chunk=1 Start=7928348291822 End=7928348397427 Duration=105605
Task=78 Chunk=0 Start=7928346896996 End=7928346914358 Duration=17362
Task=78 Chunk=1 Start=7928348397433 End=7928348502711 Duration=105278
Task=79 Chunk=0 Start=7928347004309 End=7928347020976 Duration=16667
Task=79 Chunk=1 Start=7928348502722 End=7928348607486 Duration=104764
Task=80 Chunk=0 Start=7928347108199 End=7928347124862 Duration=16663
Task=80 Chunk=1 Start=7928348607515 End=7928348726524 Duration=119009
Task=81 Chunk=0 Start=7928347216291 End=7928347232970 Duration=16679
Task=81 Chunk=1 Start=7928348726539 End=7928348834375 Duration=107836
Task=82 Chunk=0 Start=7928347321841 End=7928347338382 Duration=16541
Task=82 Chunk=1 Start=7928348834394 End=7928348943948 Duration=109554
Task=83 Chunk=0 Start=7928347426101 End=7928347443275 Duration=17174
Task=83 Chunk=1 Start=7928348943957 End=7928349050528 Duration=106571
Task=84 Chunk=0 Start=7928347529872 End=7928347546511 Duration=16639
Task=84 Chunk=1 Start=7928349050534 End=7928349154915 Duration=104381
Task=85 Chunk=0 Start=7928347640118 End=7928347656726 Duration=16608
Task=85 Chunk=1 Start=7928349154921 End=7928349266822 Duration=111901
Task=86 Chunk=0 Start=7928347754584 End=7928347771161 Duration=16577
Task=86 Chunk=1 Start=7928349266826 End=7928349375300 Duration=108474
Task=87 Chunk=0 Start=7928347861008 End=7928347877639 Duration=16631
Task=87 Chunk=1 Start=7928349375344 End=7928349492138 Duration=116794
Task=88 Chunk=0 Start=7928347965986 End=7928347983225 Duration=17239
Task=88 Chunk=1 Start=7928349492145 End=7928349606210 Duration=114065
Task=89 Chunk=0 Start=7928348070394 End=7928348087121 Duration=16727
Task=89 Chunk=1 Start=7928349606217 End=7928349721409 Duration=115192
Task=90 Chunk=0 Start=7928348183642 End=7928348200260 Duration=16618
Task=90 Chunk=1 Start=7928349721415 End=7928349835954 Duration=114539
Task=91 Chunk=0 Start=7928348291833 End=7928348308457 Duration=16624
Task=91 Chunk=1 Start=7928349835961 End=7928349951807 Duration=115846
Task=92 Chunk=0 Start=7928348397441 End=7928348413980 Duration=16539
Task=92 Chunk=1 Start=7928349951814 End=7928350068099 Duration=116285
Task=93 Chunk=0 Start=7928348502733 End=7928348520022 Duration=17289
Task=93 Chunk=1 Start=7928350068105 End=7928350186173 Duration=118068
Task=94 Chunk=0 Start=7928348607532 End=7928348624078 Duration=16546
Task=94 Chunk=1 Start=7928350186180 End=7928350301162 Duration=114982
Task=95 Chunk=0 Start=7928348726542 End=7928348743168 Duration=16626
Task=95 Chunk=1 Start=7928350301189 End=7928350415584 Duration=114395
Task=96 Chunk=0 Start=7928348834406 End=7928348851090 Duration=16684
Task=96 Chunk=1 Start=7928350415590 End=7928350533072 Duration=117482
Task=97 Chunk=0 Start=7928348943972 End=7928348960638 Duration=16666
Task=97 Chunk=1 Start=7928350533087 End=7928350649785 Duration=116698
Task=98 Chunk=0 Start=7928349050550 End=7928349067966 Duration=17416
Task=98 Chunk=1 Start=7928350649792 End=7928350762763 Duration=112971
Task=99 Chunk=0 Start=7928349154925 End=7928349171459 Duration=16534
Task=99 Chunk=1 Start=7928350762799 End=7928350878002 Duration=115203
### Python End ###

--------------------------------
[2025-06-29 14:29:33.506] [info] Available Vulkan Layers:
[2025-06-29 14:29:33.506] [warning] Validation layer requested but not available, continuing without it...
[2025-06-29 14:29:33.509] [info] Using integrated GPU: Adreno (TM) 740
[2025-06-29 14:29:33.511] [info] VulkanDispatcher instance created.
[2025-06-29 14:29:33.583] [info] Total memory used: 40550404 bytes (38.67188 MB)
[2025-06-29 14:29:33.592] [info] Total memory used: 40550404 bytes (38.67188 MB)
[2025-06-29 14:29:33.612] [info] Total memory used: 40550404 bytes (38.67188 MB)
[2025-06-29 14:29:33.621] [info] Total memory used: 40550404 bytes (38.67188 MB)
[2025-06-29 14:29:33.630] [info] Total memory used: 40550404 bytes (38.67188 MB)
[2025-06-29 14:29:33.668] [info] Total memory used: 40550404 bytes (38.67188 MB)
[2025-06-29 14:29:33.677] [info] Total memory used: 40550404 bytes (38.67188 MB)
[2025-06-29 14:29:33.687] [info] Total memory used: 40550404 bytes (38.67188 MB)
[2025-06-29 14:29:33.696] [info] Total memory used: 40550404 bytes (38.67188 MB)
[2025-06-29 14:29:33.705] [info] Total memory used: 40550404 bytes (38.67188 MB)
[2025-06-29 14:29:33.745] [info] Total memory used: 40550404 bytes (38.67188 MB)
[2025-06-29 14:29:33.754] [info] Total memory used: 40550404 bytes (38.67188 MB)
[2025-06-29 14:29:33.764] [info] Total memory used: 40550404 bytes (38.67188 MB)
[2025-06-29 14:29:33.773] [info] Total memory used: 40550404 bytes (38.67188 MB)
[2025-06-29 14:29:33.783] [info] Total memory used: 40550404 bytes (38.67188 MB)
[2025-06-29 14:29:33.792] [info] Total memory used: 40550404 bytes (38.67188 MB)
### Python Begin ###
Schedule_UID=SCH-M2G4B1-G141-c168
Frequency=19200000 Hz
Task=0 Chunk=0 Start=7928357402954 End=7928357420963 Duration=18009
Task=0 Chunk=1 Start=7928357438409 End=7928357663164 Duration=224755
Task=0 Chunk=2 Start=7928357663190 End=7928357818801 Duration=155611
Task=1 Chunk=0 Start=7928357420964 End=7928357449968 Duration=29004
Task=1 Chunk=1 Start=7928357663167 End=7928357728974 Duration=65807
Task=1 Chunk=2 Start=7928357818804 End=7928357819357 Duration=553
Task=2 Chunk=0 Start=7928357449973 End=7928357497137 Duration=47164
Task=2 Chunk=1 Start=7928357728996 End=7928357803297 Duration=74301
Task=2 Chunk=2 Start=7928357819358 End=7928357819546 Duration=188
Task=3 Chunk=0 Start=7928357497139 End=7928357545975 Duration=48836
Task=3 Chunk=1 Start=7928357803308 End=7928357873399 Duration=70091
Task=3 Chunk=2 Start=7928357873410 End=7928357873550 Duration=140
Task=4 Chunk=0 Start=7928357545976 End=7928357568387 Duration=22411
Task=4 Chunk=1 Start=7928357873411 End=7928357944661 Duration=71250
Task=4 Chunk=2 Start=7928357944673 End=7928357944742 Duration=69
Task=5 Chunk=0 Start=7928357568390 End=7928357586236 Duration=17846
Task=5 Chunk=1 Start=7928357944672 End=7928358013600 Duration=68928
Task=5 Chunk=2 Start=7928358013621 End=7928358013717 Duration=96
Task=6 Chunk=0 Start=7928357586237 End=7928357602988 Duration=16751
Task=6 Chunk=1 Start=7928358013610 End=7928358082045 Duration=68435
Task=6 Chunk=2 Start=7928358082065 End=7928358082117 Duration=52
Task=7 Chunk=0 Start=7928357602989 End=7928357619767 Duration=16778
Task=7 Chunk=1 Start=7928358082055 End=7928358153373 Duration=71318
Task=7 Chunk=2 Start=7928358153388 End=7928358153436 Duration=48
Task=8 Chunk=0 Start=7928357619768 End=7928357636613 Duration=16845
Task=8 Chunk=1 Start=7928358153382 End=7928358221466 Duration=68084
Task=8 Chunk=2 Start=7928358221487 End=7928358221535 Duration=48
Task=9 Chunk=0 Start=7928357636613 End=7928357665809 Duration=29196
Task=9 Chunk=1 Start=7928358221475 End=7928358298662 Duration=77187
Task=9 Chunk=2 Start=7928358298678 End=7928358298743 Duration=65
Task=10 Chunk=0 Start=7928357665810 End=7928357682449 Duration=16639
Task=10 Chunk=1 Start=7928358298676 End=7928358370407 Duration=71731
Task=10 Chunk=2 Start=7928358370422 End=7928358370502 Duration=80
Task=11 Chunk=0 Start=7928357682449 End=7928357701098 Duration=18649
Task=11 Chunk=1 Start=7928358370418 End=7928358445664 Duration=75246
Task=11 Chunk=2 Start=7928358445682 End=7928358445764 Duration=82
Task=12 Chunk=0 Start=7928357701099 End=7928357717903 Duration=16804
Task=12 Chunk=1 Start=7928358445682 End=7928358524143 Duration=78461
Task=12 Chunk=2 Start=7928358524169 End=7928358524234 Duration=65
Task=13 Chunk=0 Start=7928357717904 End=7928357735025 Duration=17121
Task=13 Chunk=1 Start=7928358524160 End=7928358600373 Duration=76213
Task=13 Chunk=2 Start=7928358600389 End=7928358600453 Duration=64
Task=14 Chunk=0 Start=7928357735027 End=7928357751505 Duration=16478
Task=14 Chunk=1 Start=7928358600384 End=7928358671545 Duration=71161
Task=14 Chunk=2 Start=7928358671568 End=7928358671632 Duration=64
Task=15 Chunk=0 Start=7928357818815 End=7928357835322 Duration=16507
Task=15 Chunk=1 Start=7928358671562 End=7928358743446 Duration=71884
Task=15 Chunk=2 Start=7928358743461 End=7928358743533 Duration=72
Task=16 Chunk=0 Start=7928357835323 End=7928357851769 Duration=16446
Task=16 Chunk=1 Start=7928358743456 End=7928358815533 Duration=72077
Task=16 Chunk=2 Start=7928358815547 End=7928358815608 Duration=61
Task=17 Chunk=0 Start=7928357851770 End=7928357868564 Duration=16794
Task=17 Chunk=1 Start=7928358815547 End=7928358887246 Duration=71699
Task=17 Chunk=2 Start=7928358887256 End=7928358887318 Duration=62
Task=18 Chunk=0 Start=7928357873562 End=7928357890448 Duration=16886
Task=18 Chunk=1 Start=7928358887255 End=7928358957361 Duration=70106
Task=18 Chunk=2 Start=7928358957373 End=7928358957442 Duration=69
Task=19 Chunk=0 Start=7928357944762 End=7928357961152 Duration=16390
Task=19 Chunk=1 Start=7928358957371 End=7928359028021 Duration=70650
Task=19 Chunk=2 Start=7928359028032 End=7928359028098 Duration=66
Task=20 Chunk=0 Start=7928358013719 End=7928358028976 Duration=15257
Task=20 Chunk=1 Start=7928359028031 End=7928359098544 Duration=70513
Task=20 Chunk=2 Start=7928359098565 End=7928359098632 Duration=67
Task=21 Chunk=0 Start=7928358082131 End=7928358097330 Duration=15199
Task=21 Chunk=1 Start=7928359098555 End=7928359168420 Duration=69865
Task=21 Chunk=2 Start=7928359168439 End=7928359168502 Duration=63
Task=22 Chunk=0 Start=7928358153442 End=7928358168675 Duration=15233
Task=22 Chunk=1 Start=7928359168430 End=7928359239707 Duration=71277
Task=22 Chunk=2 Start=7928359239730 End=7928359239805 Duration=75
Task=23 Chunk=0 Start=7928358221545 End=7928358236766 Duration=15221
Task=23 Chunk=1 Start=7928359239721 End=7928359310564 Duration=70843
Task=23 Chunk=2 Start=7928359310581 End=7928359310650 Duration=69
Task=24 Chunk=0 Start=7928358298762 End=7928358313926 Duration=15164
Task=24 Chunk=1 Start=7928359310575 End=7928359382676 Duration=72101
Task=24 Chunk=2 Start=7928359382697 End=7928359382766 Duration=69
Task=25 Chunk=0 Start=7928358370509 End=7928358385722 Duration=15213
Task=25 Chunk=1 Start=7928359382688 End=7928359452266 Duration=69578
Task=25 Chunk=2 Start=7928359452285 End=7928359452335 Duration=50
Task=26 Chunk=0 Start=7928358445777 End=7928358461219 Duration=15442
Task=26 Chunk=1 Start=7928359452278 End=7928359523741 Duration=71463
Task=26 Chunk=2 Start=7928359523765 End=7928359523830 Duration=65
Task=27 Chunk=0 Start=7928358524245 End=7928358539652 Duration=15407
Task=27 Chunk=1 Start=7928359523763 End=7928359597224 Duration=73461
Task=27 Chunk=2 Start=7928359597239 End=7928359597289 Duration=50
Task=28 Chunk=0 Start=7928358600459 End=7928358615841 Duration=15382
Task=28 Chunk=1 Start=7928359597236 End=7928359669825 Duration=72589
Task=28 Chunk=2 Start=7928359669838 End=7928359669887 Duration=49
Task=29 Chunk=0 Start=7928358671653 End=7928358686981 Duration=15328
Task=29 Chunk=1 Start=7928359669835 End=7928359744919 Duration=75084
Task=29 Chunk=2 Start=7928359744932 End=7928359744995 Duration=63
Task=30 Chunk=0 Start=7928358743545 End=7928358758886 Duration=15341
Task=30 Chunk=1 Start=7928359744931 End=7928359816259 Duration=71328
Task=30 Chunk=2 Start=7928359816279 End=7928359816347 Duration=68
Task=31 Chunk=0 Start=7928358815620 End=7928358830978 Duration=15358
Task=31 Chunk=1 Start=7928359816271 End=7928359887622 Duration=71351
Task=31 Chunk=2 Start=7928359887649 End=7928359887713 Duration=64
Task=32 Chunk=0 Start=7928358887327 End=7928358902738 Duration=15411
Task=32 Chunk=1 Start=7928359887645 End=7928359960595 Duration=72950
Task=32 Chunk=2 Start=7928359960622 End=7928359960701 Duration=79
Task=33 Chunk=0 Start=7928358957461 End=7928358973231 Duration=15770
Task=33 Chunk=1 Start=7928359960609 End=7928360030775 Duration=70166
Task=33 Chunk=2 Start=7928360030793 End=7928360030859 Duration=66
Task=34 Chunk=0 Start=7928359028103 End=7928359044331 Duration=16228
Task=34 Chunk=1 Start=7928360030785 End=7928360101057 Duration=70272
Task=34 Chunk=2 Start=7928360101068 End=7928360101117 Duration=49
Task=35 Chunk=0 Start=7928359098640 End=7928359114657 Duration=16017
Task=35 Chunk=1 Start=7928360101067 End=7928360171465 Duration=70398
Task=35 Chunk=2 Start=7928360171479 End=7928360171545 Duration=66
Task=36 Chunk=0 Start=7928359168512 End=7928359183927 Duration=15415
Task=36 Chunk=1 Start=7928360171474 End=7928360241107 Duration=69633
Task=36 Chunk=2 Start=7928360241122 End=7928360241185 Duration=63
Task=37 Chunk=0 Start=7928359239813 End=7928359255201 Duration=15388
Task=37 Chunk=1 Start=7928360241116 End=7928360311609 Duration=70493
Task=37 Chunk=2 Start=7928360311630 End=7928360311694 Duration=64
Task=38 Chunk=0 Start=7928359310659 End=7928359326011 Duration=15352
Task=38 Chunk=1 Start=7928360311623 End=7928360388343 Duration=76720
Task=38 Chunk=2 Start=7928360388364 End=7928360388427 Duration=63
Task=39 Chunk=0 Start=7928359382781 End=7928359398148 Duration=15367
Task=39 Chunk=1 Start=7928360388358 End=7928360460428 Duration=72070
Task=39 Chunk=2 Start=7928360460450 End=7928360460515 Duration=65
Task=40 Chunk=0 Start=7928359452342 End=7928359467654 Duration=15312
Task=40 Chunk=1 Start=7928360460439 End=7928360531506 Duration=71067
Task=40 Chunk=2 Start=7928360531525 End=7928360531576 Duration=51
Task=41 Chunk=0 Start=7928359523843 End=7928359539209 Duration=15366
Task=41 Chunk=1 Start=7928360531518 End=7928360602160 Duration=70642
Task=41 Chunk=2 Start=7928360602183 End=7928360602248 Duration=65
Task=42 Chunk=0 Start=7928359597304 End=7928359612629 Duration=15325
Task=42 Chunk=1 Start=7928360602176 End=7928360673730 Duration=71554
Task=42 Chunk=2 Start=7928360673745 End=7928360673808 Duration=63
Task=43 Chunk=0 Start=7928359669901 End=7928359685284 Duration=15383
Task=43 Chunk=1 Start=7928360673742 End=7928360745008 Duration=71266
Task=43 Chunk=2 Start=7928360745031 End=7928360745095 Duration=64
Task=44 Chunk=0 Start=7928359745011 End=7928359760420 Duration=15409
Task=44 Chunk=1 Start=7928360745029 End=7928360818131 Duration=73102
Task=44 Chunk=2 Start=7928360818150 End=7928360818215 Duration=65
Task=45 Chunk=0 Start=7928359816366 End=7928359831742 Duration=15376
Task=45 Chunk=1 Start=7928360818142 End=7928360896275 Duration=78133
Task=45 Chunk=2 Start=7928360896294 End=7928360896362 Duration=68
Task=46 Chunk=0 Start=7928359887724 End=7928359903008 Duration=15284
Task=46 Chunk=1 Start=7928360896287 End=7928360968106 Duration=71819
Task=46 Chunk=2 Start=7928360968123 End=7928360968176 Duration=53
Task=47 Chunk=0 Start=7928359960717 End=7928359976069 Duration=15352
Task=47 Chunk=1 Start=7928360968116 End=7928361039829 Duration=71713
Task=47 Chunk=2 Start=7928361039852 End=7928361039916 Duration=64
Task=48 Chunk=0 Start=7928360030871 End=7928360046613 Duration=15742
Task=48 Chunk=1 Start=7928361039840 End=7928361109847 Duration=70007
Task=48 Chunk=2 Start=7928361109863 End=7928361109916 Duration=53
Task=49 Chunk=0 Start=7928360101126 End=7928360117444 Duration=16318
Task=49 Chunk=1 Start=7928361109857 End=7928361183023 Duration=73166
Task=49 Chunk=2 Start=7928361183041 End=7928361183103 Duration=62
Task=50 Chunk=0 Start=7928360171561 End=7928360186991 Duration=15430
Task=50 Chunk=1 Start=7928361183038 End=7928361253502 Duration=70464
Task=50 Chunk=2 Start=7928361253524 End=7928361253593 Duration=69
Task=51 Chunk=0 Start=7928360241191 End=7928360256545 Duration=15354
Task=51 Chunk=1 Start=7928361253513 End=7928361324338 Duration=70825
Task=51 Chunk=2 Start=7928361324357 End=7928361324418 Duration=61
Task=52 Chunk=0 Start=7928360311703 End=7928360327105 Duration=15402
Task=52 Chunk=1 Start=7928361324354 End=7928361394184 Duration=69830
Task=52 Chunk=2 Start=7928361394198 End=7928361394270 Duration=72
Task=53 Chunk=0 Start=7928360388430 End=7928360403801 Duration=15371
Task=53 Chunk=1 Start=7928361394196 End=7928361472038 Duration=77842
Task=53 Chunk=2 Start=7928361472058 End=7928361472114 Duration=56
Task=54 Chunk=0 Start=7928360460523 End=7928360475843 Duration=15320
Task=54 Chunk=1 Start=7928361472054 End=7928361543546 Duration=71492
Task=54 Chunk=2 Start=7928361543562 End=7928361543625 Duration=63
Task=55 Chunk=0 Start=7928360531589 End=7928360546975 Duration=15386
Task=55 Chunk=1 Start=7928361543561 End=7928361613784 Duration=70223
Task=55 Chunk=2 Start=7928361613793 End=7928361613852 Duration=59
Task=56 Chunk=0 Start=7928360602267 End=7928360617675 Duration=15408
Task=56 Chunk=1 Start=7928361613793 End=7928361686296 Duration=72503
Task=56 Chunk=2 Start=7928361686307 End=7928361686362 Duration=55
Task=57 Chunk=0 Start=7928360673812 End=7928360689176 Duration=15364
Task=57 Chunk=1 Start=7928361686307 End=7928361756351 Duration=70044
Task=57 Chunk=2 Start=7928361756368 End=7928361756434 Duration=66
Task=58 Chunk=0 Start=7928360745099 End=7928360760486 Duration=15387
Task=58 Chunk=1 Start=7928361756363 End=7928361827481 Duration=71118
Task=58 Chunk=2 Start=7928361827493 End=7928361827562 Duration=69
Task=59 Chunk=0 Start=7928360818233 End=7928360833580 Duration=15347
Task=59 Chunk=1 Start=7928361827493 End=7928361899770 Duration=72277
Task=59 Chunk=2 Start=7928361899794 End=7928361899866 Duration=72
Task=60 Chunk=0 Start=7928360896372 End=7928360911753 Duration=15381
Task=60 Chunk=1 Start=7928361899786 End=7928361971326 Duration=71540
Task=60 Chunk=2 Start=7928361971345 End=7928361971422 Duration=77
Task=61 Chunk=0 Start=7928360968182 End=7928360983577 Duration=15395
Task=61 Chunk=1 Start=7928361971341 End=7928362047243 Duration=75902
Task=61 Chunk=2 Start=7928362047272 End=7928362047341 Duration=69
Task=62 Chunk=0 Start=7928361039931 End=7928361055295 Duration=15364
Task=62 Chunk=1 Start=7928362047260 End=7928362120405 Duration=73145
Task=62 Chunk=2 Start=7928362120422 End=7928362120495 Duration=73
Task=63 Chunk=0 Start=7928361109924 End=7928361125598 Duration=15674
Task=63 Chunk=1 Start=7928362120419 End=7928362191852 Duration=71433
Task=63 Chunk=2 Start=7928362191862 End=7928362191918 Duration=56
Task=64 Chunk=0 Start=7928361183106 End=7928361199351 Duration=16245
Task=64 Chunk=1 Start=7928362191861 End=7928362261753 Duration=69892
Task=64 Chunk=2 Start=7928362261769 End=7928362261815 Duration=46
Task=65 Chunk=0 Start=7928361253599 End=7928361269517 Duration=15918
Task=65 Chunk=1 Start=7928362261762 End=7928362333469 Duration=71707
Task=65 Chunk=2 Start=7928362333489 End=7928362333538 Duration=49
Task=66 Chunk=0 Start=7928361324427 End=7928361339699 Duration=15272
Task=66 Chunk=1 Start=7928362333478 End=7928362403555 Duration=70077
Task=66 Chunk=2 Start=7928362403567 End=7928362403624 Duration=57
Task=67 Chunk=0 Start=7928361394287 End=7928361409673 Duration=15386
Task=67 Chunk=1 Start=7928362403565 End=7928362473408 Duration=69843
Task=67 Chunk=2 Start=7928362473422 End=7928362473479 Duration=57
Task=68 Chunk=0 Start=7928361472116 End=7928361487543 Duration=15427
Task=68 Chunk=1 Start=7928362473418 End=7928362544036 Duration=70618
Task=68 Chunk=2 Start=7928362544052 End=7928362544107 Duration=55
Task=69 Chunk=0 Start=7928361543630 End=7928361559068 Duration=15438
Task=69 Chunk=1 Start=7928362544045 End=7928362614079 Duration=70034
Task=69 Chunk=2 Start=7928362614096 End=7928362614169 Duration=73
Task=70 Chunk=0 Start=7928361613863 End=7928361629262 Duration=15399
Task=70 Chunk=1 Start=7928362614090 End=7928362686777 Duration=72687
Task=70 Chunk=2 Start=7928362686799 End=7928362686870 Duration=71
Task=71 Chunk=0 Start=7928361686368 End=7928361701716 Duration=15348
Task=71 Chunk=1 Start=7928362686794 End=7928362758438 Duration=71644
Task=71 Chunk=2 Start=7928362758463 End=7928362758528 Duration=65
Task=72 Chunk=0 Start=7928361756448 End=7928361771785 Duration=15337
Task=72 Chunk=1 Start=7928362758450 End=7928362830231 Duration=71781
Task=72 Chunk=2 Start=7928362830247 End=7928362830302 Duration=55
Task=73 Chunk=0 Start=7928361827571 End=7928361842995 Duration=15424
Task=73 Chunk=1 Start=7928362830247 End=7928362902538 Duration=72291
Task=73 Chunk=2 Start=7928362902550 End=7928362902610 Duration=60
Task=74 Chunk=0 Start=7928361899875 End=7928361915234 Duration=15359
Task=74 Chunk=1 Start=7928362902547 End=7928362974601 Duration=72054
Task=74 Chunk=2 Start=7928362974616 End=7928362974674 Duration=58
Task=75 Chunk=0 Start=7928361971431 End=7928361986809 Duration=15378
Task=75 Chunk=1 Start=7928362974613 End=7928363046930 Duration=72317
Task=75 Chunk=2 Start=7928363046947 End=7928363047016 Duration=69
Task=76 Chunk=0 Start=7928362047355 End=7928362062648 Duration=15293
Task=76 Chunk=1 Start=7928363046941 End=7928363118782 Duration=71841
Task=76 Chunk=2 Start=7928363118798 End=7928363118850 Duration=52
Task=77 Chunk=0 Start=7928362120509 End=7928362135908 Duration=15399
Task=77 Chunk=1 Start=7928363118793 End=7928363190796 Duration=72003
Task=77 Chunk=2 Start=7928363190809 End=7928363190877 Duration=68
Task=78 Chunk=0 Start=7928362191925 End=7928362207240 Duration=15315
Task=78 Chunk=1 Start=7928363190807 End=7928363263627 Duration=72820
Task=78 Chunk=2 Start=7928363263655 End=7928363263718 Duration=63
Task=79 Chunk=0 Start=7928362261832 End=7928362277885 Duration=16053
Task=79 Chunk=1 Start=7928363263644 End=7928363334121 Duration=70477
Task=79 Chunk=2 Start=7928363334145 End=7928363334201 Duration=56
Task=80 Chunk=0 Start=7928362333544 End=7928362349232 Duration=15688
Task=80 Chunk=1 Start=7928363334133 End=7928363405993 Duration=71860
Task=80 Chunk=2 Start=7928363406007 End=7928363406066 Duration=59
Task=81 Chunk=0 Start=7928362403629 End=7928362419897 Duration=16268
Task=81 Chunk=1 Start=7928363406005 End=7928363476114 Duration=70109
Task=81 Chunk=2 Start=7928363476128 End=7928363476189 Duration=61
Task=82 Chunk=0 Start=7928362473493 End=7928362488803 Duration=15310
Task=82 Chunk=1 Start=7928363476123 End=7928363546308 Duration=70185
Task=82 Chunk=2 Start=7928363546320 End=7928363546374 Duration=54
Task=83 Chunk=0 Start=7928362544124 End=7928362559519 Duration=15395
Task=83 Chunk=1 Start=7928363546318 End=7928363616870 Duration=70552
Task=83 Chunk=2 Start=7928363616887 End=7928363616949 Duration=62
Task=84 Chunk=0 Start=7928362614177 End=7928362629505 Duration=15328
Task=84 Chunk=1 Start=7928363616880 End=7928363687715 Duration=70835
Task=84 Chunk=2 Start=7928363687737 End=7928363687800 Duration=63
Task=85 Chunk=0 Start=7928362686878 End=7928362702279 Duration=15401
Task=85 Chunk=1 Start=7928363687726 End=7928363759286 Duration=71560
Task=85 Chunk=2 Start=7928363759300 End=7928363759367 Duration=67
Task=86 Chunk=0 Start=7928362758543 End=7928362773959 Duration=15416
Task=86 Chunk=1 Start=7928363759297 End=7928363830248 Duration=70951
Task=86 Chunk=2 Start=7928363830274 End=7928363830343 Duration=69
Task=87 Chunk=0 Start=7928362830318 End=7928362845687 Duration=15369
Task=87 Chunk=1 Start=7928363830264 End=7928363901181 Duration=70917
Task=87 Chunk=2 Start=7928363901198 End=7928363901246 Duration=48
Task=88 Chunk=0 Start=7928362902630 End=7928362917932 Duration=15302
Task=88 Chunk=1 Start=7928363901193 End=7928363973299 Duration=72106
Task=88 Chunk=2 Start=7928363973317 End=7928363973375 Duration=58
Task=89 Chunk=0 Start=7928362974681 End=7928362990051 Duration=15370
Task=89 Chunk=1 Start=7928363973309 End=7928364044897 Duration=71588
Task=89 Chunk=2 Start=7928364044931 End=7928364044997 Duration=66
Task=90 Chunk=0 Start=7928363047022 End=7928363062402 Duration=15380
Task=90 Chunk=1 Start=7928364044921 End=7928364117435 Duration=72514
Task=90 Chunk=2 Start=7928364117451 End=7928364117508 Duration=57
Task=91 Chunk=0 Start=7928363118859 End=7928363134224 Duration=15365
Task=91 Chunk=1 Start=7928364117446 End=7928364188928 Duration=71482
Task=91 Chunk=2 Start=7928364188944 End=7928364189014 Duration=70
Task=92 Chunk=0 Start=7928363190895 End=7928363206281 Duration=15386
Task=92 Chunk=1 Start=7928364188940 End=7928364259436 Duration=70496
Task=92 Chunk=2 Start=7928364259459 End=7928364259521 Duration=62
Task=93 Chunk=0 Start=7928363263733 End=7928363279074 Duration=15341
Task=93 Chunk=1 Start=7928364259448 End=7928364331926 Duration=72478
Task=93 Chunk=2 Start=7928364331942 End=7928364332005 Duration=63
Task=94 Chunk=0 Start=7928363334208 End=7928363350836 Duration=16628
Task=94 Chunk=1 Start=7928364331938 End=7928364403284 Duration=71346
Task=94 Chunk=2 Start=7928364403299 End=7928364403365 Duration=66
Task=95 Chunk=0 Start=7928363406080 End=7928363422013 Duration=15933
Task=95 Chunk=1 Start=7928364403294 End=7928364474309 Duration=71015
Task=95 Chunk=2 Start=7928364474322 End=7928364474397 Duration=75
Task=96 Chunk=0 Start=7928363476207 End=7928363492312 Duration=16105
Task=96 Chunk=1 Start=7928364474320 End=7928364543993 Duration=69673
Task=96 Chunk=2 Start=7928364544010 End=7928364544059 Duration=49
Task=97 Chunk=0 Start=7928363546378 End=7928363561802 Duration=15424
Task=97 Chunk=1 Start=7928364544002 End=7928364615066 Duration=71064
Task=97 Chunk=2 Start=7928364615078 End=7928364615130 Duration=52
Task=98 Chunk=0 Start=7928363616969 End=7928363632240 Duration=15271
Task=98 Chunk=1 Start=7928364615072 End=7928364685883 Duration=70811
Task=98 Chunk=2 Start=7928364685893 End=7928364685954 Duration=61
Task=99 Chunk=0 Start=7928363687818 End=7928363703101 Duration=15283
Task=99 Chunk=1 Start=7928364685893 End=7928364757405 Duration=71512
Task=99 Chunk=2 Start=7928364757419 End=7928364757486 Duration=67
### Python End ###

--------------------------------
[2025-06-29 14:29:34.232] [info] Available Vulkan Layers:
[2025-06-29 14:29:34.232] [warning] Validation layer requested but not available, continuing without it...
[2025-06-29 14:29:34.235] [info] Using integrated GPU: Adreno (TM) 740
[2025-06-29 14:29:34.236] [info] VulkanDispatcher instance created.
[2025-06-29 14:29:34.334] [info] Total memory used: 40550404 bytes (38.67188 MB)
[2025-06-29 14:29:34.347] [info] Total memory used: 40550404 bytes (38.67188 MB)
[2025-06-29 14:29:34.370] [info] Total memory used: 40550404 bytes (38.67188 MB)
[2025-06-29 14:29:34.381] [info] Total memory used: 40550404 bytes (38.67188 MB)
[2025-06-29 14:29:34.390] [info] Total memory used: 40550404 bytes (38.67188 MB)
[2025-06-29 14:29:34.430] [info] Total memory used: 40550404 bytes (38.67188 MB)
[2025-06-29 14:29:34.439] [info] Total memory used: 40550404 bytes (38.67188 MB)
[2025-06-29 14:29:34.448] [info] Total memory used: 40550404 bytes (38.67188 MB)
[2025-06-29 14:29:34.458] [info] Total memory used: 40550404 bytes (38.67188 MB)
[2025-06-29 14:29:34.467] [info] Total memory used: 40550404 bytes (38.67188 MB)
[2025-06-29 14:29:34.507] [info] Total memory used: 40550404 bytes (38.67188 MB)
[2025-06-29 14:29:34.516] [info] Total memory used: 40550404 bytes (38.67188 MB)
[2025-06-29 14:29:34.526] [info] Total memory used: 40550404 bytes (38.67188 MB)
[2025-06-29 14:29:34.535] [info] Total memory used: 40550404 bytes (38.67188 MB)
[2025-06-29 14:29:34.545] [info] Total memory used: 40550404 bytes (38.67188 MB)
[2025-06-29 14:29:34.554] [info] Total memory used: 40550404 bytes (38.67188 MB)
### Python Begin ###
Schedule_UID=SCH-L3M4-G143-d133
Frequency=19200000 Hz
Task=0 Chunk=0 Start=7928372032812 End=7928372233688 Duration=200876
Task=0 Chunk=1 Start=7928372233705 End=7928372293176 Duration=59471
Task=1 Chunk=0 Start=7928372233703 End=7928372368489 Duration=134786
Task=1 Chunk=1 Start=7928372368506 End=7928372418375 Duration=49869
Task=2 Chunk=0 Start=7928372368501 End=7928372455053 Duration=86552
Task=2 Chunk=1 Start=7928372455074 End=7928372504090 Duration=49016
Task=3 Chunk=0 Start=7928372455058 End=7928372518294 Duration=63236
Task=3 Chunk=1 Start=7928372518314 End=7928372567610 Duration=49296
Task=4 Chunk=0 Start=7928372518299 End=7928372577887 Duration=59588
Task=4 Chunk=1 Start=7928372577908 End=7928372626036 Duration=48128
Task=5 Chunk=0 Start=7928372577893 End=7928372632196 Duration=54303
Task=5 Chunk=1 Start=7928372632203 End=7928372680377 Duration=48174
Task=6 Chunk=0 Start=7928372632200 End=7928372678145 Duration=45945
Task=6 Chunk=1 Start=7928372680380 End=7928372729826 Duration=49446
Task=7 Chunk=0 Start=7928372678151 End=7928372733274 Duration=55123
Task=7 Chunk=1 Start=7928372733279 End=7928372781205 Duration=47926
Task=8 Chunk=0 Start=7928372733279 End=7928372779017 Duration=45738
Task=8 Chunk=1 Start=7928372781206 End=7928372829761 Duration=48555
Task=9 Chunk=0 Start=7928372779027 End=7928372825775 Duration=46748
Task=9 Chunk=1 Start=7928372829762 End=7928372880090 Duration=50328
Task=10 Chunk=0 Start=7928372825784 End=7928372874810 Duration=49026
Task=10 Chunk=1 Start=7928372880094 End=7928372928455 Duration=48361
Task=11 Chunk=0 Start=7928372874821 End=7928372920806 Duration=45985
Task=11 Chunk=1 Start=7928372928458 End=7928372977456 Duration=48998
Task=12 Chunk=0 Start=7928372920817 End=7928372968263 Duration=47446
Task=12 Chunk=1 Start=7928372977462 End=7928373026660 Duration=49198
Task=13 Chunk=0 Start=7928372968265 End=7928373012473 Duration=44208
Task=13 Chunk=1 Start=7928373026661 End=7928373074983 Duration=48322
Task=14 Chunk=0 Start=7928373012475 End=7928373057993 Duration=45518
Task=14 Chunk=1 Start=7928373074984 End=7928373123875 Duration=48891
Task=15 Chunk=0 Start=7928373057998 End=7928373103716 Duration=45718
Task=15 Chunk=1 Start=7928373123876 End=7928373172736 Duration=48860
Task=16 Chunk=0 Start=7928373103722 End=7928373149099 Duration=45377
Task=16 Chunk=1 Start=7928373172737 End=7928373220780 Duration=48043
Task=17 Chunk=0 Start=7928373149108 End=7928373196424 Duration=47316
Task=17 Chunk=1 Start=7928373220781 End=7928373269313 Duration=48532
Task=18 Chunk=0 Start=7928373196428 End=7928373242995 Duration=46567
Task=18 Chunk=1 Start=7928373269314 End=7928373317393 Duration=48079
Task=19 Chunk=0 Start=7928373243001 End=7928373288448 Duration=45447
Task=19 Chunk=1 Start=7928373317394 End=7928373366123 Duration=48729
Task=20 Chunk=0 Start=7928373288451 End=7928373333541 Duration=45090
Task=20 Chunk=1 Start=7928373366124 End=7928373414932 Duration=48808
Task=21 Chunk=0 Start=7928373333545 End=7928373378546 Duration=45001
Task=21 Chunk=1 Start=7928373414932 End=7928373463075 Duration=48143
Task=22 Chunk=0 Start=7928373378552 End=7928373431478 Duration=52926
Task=22 Chunk=1 Start=7928373463079 End=7928373511933 Duration=48854
Task=23 Chunk=0 Start=7928373431482 End=7928373480657 Duration=49175
Task=23 Chunk=1 Start=7928373511935 End=7928373560647 Duration=48712
Task=24 Chunk=0 Start=7928373480661 End=7928373526401 Duration=45740
Task=24 Chunk=1 Start=7928373560648 End=7928373608602 Duration=47954
Task=25 Chunk=0 Start=7928373526404 End=7928373574394 Duration=47990
Task=25 Chunk=1 Start=7928373608603 End=7928373657454 Duration=48851
Task=26 Chunk=0 Start=7928373574397 End=7928373618345 Duration=43948
Task=26 Chunk=1 Start=7928373657455 End=7928373705582 Duration=48127
Task=27 Chunk=0 Start=7928373618350 End=7928373663939 Duration=45589
Task=27 Chunk=1 Start=7928373705582 End=7928373754282 Duration=48700
Task=28 Chunk=0 Start=7928373663941 End=7928373711135 Duration=47194
Task=28 Chunk=1 Start=7928373754283 End=7928373803148 Duration=48865
Task=29 Chunk=0 Start=7928373711138 End=7928373760705 Duration=49567
Task=29 Chunk=1 Start=7928373803149 End=7928373851055 Duration=47906
Task=30 Chunk=0 Start=7928373760709 End=7928373807784 Duration=47075
Task=30 Chunk=1 Start=7928373851055 End=7928373900000 Duration=48945
Task=31 Chunk=0 Start=7928373807788 End=7928373852957 Duration=45169
Task=31 Chunk=1 Start=7928373900001 End=7928373948577 Duration=48576
Task=32 Chunk=0 Start=7928373852961 End=7928373905047 Duration=52086
Task=32 Chunk=1 Start=7928373948579 End=7928373996390 Duration=47811
Task=33 Chunk=0 Start=7928373905055 End=7928373959271 Duration=54216
Task=33 Chunk=1 Start=7928373996391 End=7928374044921 Duration=48530
Task=34 Chunk=0 Start=7928373959277 End=7928374023953 Duration=64676
Task=34 Chunk=1 Start=7928374044921 End=7928374093558 Duration=48637
Task=35 Chunk=0 Start=7928374023964 End=7928374075326 Duration=51362
Task=35 Chunk=1 Start=7928374093564 End=7928374141920 Duration=48356
Task=36 Chunk=0 Start=7928374075330 End=7928374125520 Duration=50190
Task=36 Chunk=1 Start=7928374141920 End=7928374190993 Duration=49073
Task=37 Chunk=0 Start=7928374125526 End=7928374177746 Duration=52220
Task=37 Chunk=1 Start=7928374190993 End=7928374239101 Duration=48108
Task=38 Chunk=0 Start=7928374177751 End=7928374238344 Duration=60593
Task=38 Chunk=1 Start=7928374239102 End=7928374288283 Duration=49181
Task=39 Chunk=0 Start=7928374238351 End=7928374295780 Duration=57429
Task=39 Chunk=1 Start=7928374295800 End=7928374344845 Duration=49045
Task=40 Chunk=0 Start=7928374295786 End=7928374342258 Duration=46472
Task=40 Chunk=1 Start=7928374344847 End=7928374392776 Duration=47929
Task=41 Chunk=0 Start=7928374342264 End=7928374386641 Duration=44377
Task=41 Chunk=1 Start=7928374392777 End=7928374442948 Duration=50171
Task=42 Chunk=0 Start=7928374386649 End=7928374433924 Duration=47275
Task=42 Chunk=1 Start=7928374442949 End=7928374493081 Duration=50132
Task=43 Chunk=0 Start=7928374433930 End=7928374479473 Duration=45543
Task=43 Chunk=1 Start=7928374493082 End=7928374541158 Duration=48076
Task=44 Chunk=0 Start=7928374479478 End=7928374525533 Duration=46055
Task=44 Chunk=1 Start=7928374541160 End=7928374589993 Duration=48833
Task=45 Chunk=0 Start=7928374525537 End=7928374571396 Duration=45859
Task=45 Chunk=1 Start=7928374589999 End=7928374638814 Duration=48815
Task=46 Chunk=0 Start=7928374571402 End=7928374617765 Duration=46363
Task=46 Chunk=1 Start=7928374638815 End=7928374686741 Duration=47926
Task=47 Chunk=0 Start=7928374617767 End=7928374666631 Duration=48864
Task=47 Chunk=1 Start=7928374686742 End=7928374735196 Duration=48454
Task=48 Chunk=0 Start=7928374666636 End=7928374716688 Duration=50052
Task=48 Chunk=1 Start=7928374735197 End=7928374783632 Duration=48435
Task=49 Chunk=0 Start=7928374716694 End=7928374761841 Duration=45147
Task=49 Chunk=1 Start=7928374783633 End=7928374831529 Duration=47896
Task=50 Chunk=0 Start=7928374761846 End=7928374811414 Duration=49568
Task=50 Chunk=1 Start=7928374831530 End=7928374880416 Duration=48886
Task=51 Chunk=0 Start=7928374811420 End=7928374857069 Duration=45649
Task=51 Chunk=1 Start=7928374880416 End=7928374928348 Duration=47932
Task=52 Chunk=0 Start=7928374857078 End=7928374904412 Duration=47334
Task=52 Chunk=1 Start=7928374928348 End=7928374976983 Duration=48635
Task=53 Chunk=0 Start=7928374904414 End=7928374952356 Duration=47942
Task=53 Chunk=1 Start=7928374976984 End=7928375025763 Duration=48779
Task=54 Chunk=0 Start=7928374952360 End=7928374997624 Duration=45264
Task=54 Chunk=1 Start=7928375025763 End=7928375073589 Duration=47826
Task=55 Chunk=0 Start=7928374997628 End=7928375045439 Duration=47811
Task=55 Chunk=1 Start=7928375073590 End=7928375122193 Duration=48603
Task=56 Chunk=0 Start=7928375045443 End=7928375091870 Duration=46427
Task=56 Chunk=1 Start=7928375122194 End=7928375171136 Duration=48942
Task=57 Chunk=0 Start=7928375091875 End=7928375135708 Duration=43833
Task=57 Chunk=1 Start=7928375171137 End=7928375220007 Duration=48870
Task=58 Chunk=0 Start=7928375135713 End=7928375182728 Duration=47015
Task=58 Chunk=1 Start=7928375220008 End=7928375268691 Duration=48683
Task=59 Chunk=0 Start=7928375182734 End=7928375226815 Duration=44081
Task=59 Chunk=1 Start=7928375268692 End=7928375316542 Duration=47850
Task=60 Chunk=0 Start=7928375226819 End=7928375273307 Duration=46488
Task=60 Chunk=1 Start=7928375316543 End=7928375365573 Duration=49030
Task=61 Chunk=0 Start=7928375273309 End=7928375317079 Duration=43770
Task=61 Chunk=1 Start=7928375365574 End=7928375414723 Duration=49149
Task=62 Chunk=0 Start=7928375317083 End=7928375363448 Duration=46365
Task=62 Chunk=1 Start=7928375414724 End=7928375462408 Duration=47684
Task=63 Chunk=0 Start=7928375363456 End=7928375409143 Duration=45687
Task=63 Chunk=1 Start=7928375462409 End=7928375511014 Duration=48605
Task=64 Chunk=0 Start=7928375409150 End=7928375453829 Duration=44679
Task=64 Chunk=1 Start=7928375511015 End=7928375559401 Duration=48386
Task=65 Chunk=0 Start=7928375453834 End=7928375500639 Duration=46805
Task=65 Chunk=1 Start=7928375559401 End=7928375607191 Duration=47790
Task=66 Chunk=0 Start=7928375500644 End=7928375544927 Duration=44283
Task=66 Chunk=1 Start=7928375607192 End=7928375656517 Duration=49325
Task=67 Chunk=0 Start=7928375544930 End=7928375591930 Duration=47000
Task=67 Chunk=1 Start=7928375656518 End=7928375705327 Duration=48809
Task=68 Chunk=0 Start=7928375591932 End=7928375639055 Duration=47123
Task=68 Chunk=1 Start=7928375705327 End=7928375753427 Duration=48100
Task=69 Chunk=0 Start=7928375639059 End=7928375685075 Duration=46016
Task=69 Chunk=1 Start=7928375753428 End=7928375802132 Duration=48704
Task=70 Chunk=0 Start=7928375685079 End=7928375737408 Duration=52329
Task=70 Chunk=1 Start=7928375802133 End=7928375850153 Duration=48020
Task=71 Chunk=0 Start=7928375737411 End=7928375786706 Duration=49295
Task=71 Chunk=1 Start=7928375850154 End=7928375898883 Duration=48729
Task=72 Chunk=0 Start=7928375786713 End=7928375830911 Duration=44198
Task=72 Chunk=1 Start=7928375898883 End=7928375947693 Duration=48810
Task=73 Chunk=0 Start=7928375830914 End=7928375880325 Duration=49411
Task=73 Chunk=1 Start=7928375947693 End=7928375995744 Duration=48051
Task=74 Chunk=0 Start=7928375880331 End=7928375925490 Duration=45159
Task=74 Chunk=1 Start=7928375995744 End=7928376044277 Duration=48533
Task=75 Chunk=0 Start=7928375925497 End=7928375972298 Duration=46801
Task=75 Chunk=1 Start=7928376044278 End=7928376092926 Duration=48648
Task=76 Chunk=0 Start=7928375972305 End=7928376019029 Duration=46724
Task=76 Chunk=1 Start=7928376092926 End=7928376140751 Duration=47825
Task=77 Chunk=0 Start=7928376019031 End=7928376064311 Duration=45280
Task=77 Chunk=1 Start=7928376140751 End=7928376189287 Duration=48536
Task=78 Chunk=0 Start=7928376064314 End=7928376110094 Duration=45780
Task=78 Chunk=1 Start=7928376189287 End=7928376237131 Duration=47844
Task=79 Chunk=0 Start=7928376110099 End=7928376155926 Duration=45827
Task=79 Chunk=1 Start=7928376237132 End=7928376285950 Duration=48818
Task=80 Chunk=0 Start=7928376155935 End=7928376200577 Duration=44642
Task=80 Chunk=1 Start=7928376285952 End=7928376335972 Duration=50020
Task=81 Chunk=0 Start=7928376200583 End=7928376246741 Duration=46158
Task=81 Chunk=1 Start=7928376335973 End=7928376383780 Duration=47807
Task=82 Chunk=0 Start=7928376246753 End=7928376292597 Duration=45844
Task=82 Chunk=1 Start=7928376383781 End=7928376432502 Duration=48721
Task=83 Chunk=0 Start=7928376292603 End=7928376337695 Duration=45092
Task=83 Chunk=1 Start=7928376432503 End=7928376480893 Duration=48390
Task=84 Chunk=0 Start=7928376337698 End=7928376381754 Duration=44056
Task=84 Chunk=1 Start=7928376480894 End=7928376528638 Duration=47744
Task=85 Chunk=0 Start=7928376381758 End=7928376427582 Duration=45824
Task=85 Chunk=1 Start=7928376528639 End=7928376577305 Duration=48666
Task=86 Chunk=0 Start=7928376427590 End=7928376473008 Duration=45418
Task=86 Chunk=1 Start=7928376577306 End=7928376625663 Duration=48357
Task=87 Chunk=0 Start=7928376473013 End=7928376517008 Duration=43995
Task=87 Chunk=1 Start=7928376625664 End=7928376673419 Duration=47755
Task=88 Chunk=0 Start=7928376517016 End=7928376564999 Duration=47983
Task=88 Chunk=1 Start=7928376673420 End=7928376722266 Duration=48846
Task=89 Chunk=0 Start=7928376565004 End=7928376610836 Duration=45832
Task=89 Chunk=1 Start=7928376722267 End=7928376770143 Duration=47876
Task=90 Chunk=0 Start=7928376610844 End=7928376659164 Duration=48320
Task=90 Chunk=1 Start=7928376770144 End=7928376818486 Duration=48342
Task=91 Chunk=0 Start=7928376659174 End=7928376705297 Duration=46123
Task=91 Chunk=1 Start=7928376818487 End=7928376866857 Duration=48370
Task=92 Chunk=0 Start=7928376705303 End=7928376750547 Duration=45244
Task=92 Chunk=1 Start=7928376866858 End=7928376914471 Duration=47613
Task=93 Chunk=0 Start=7928376750552 End=7928376800239 Duration=49687
Task=93 Chunk=1 Start=7928376914472 End=7928376962775 Duration=48303
Task=94 Chunk=0 Start=7928376800243 End=7928376845377 Duration=45134
Task=94 Chunk=1 Start=7928376962775 End=7928377011705 Duration=48930
Task=95 Chunk=0 Start=7928376845382 End=7928376894180 Duration=48798
Task=95 Chunk=1 Start=7928377011706 End=7928377060014 Duration=48308
Task=96 Chunk=0 Start=7928376894189 End=7928376941148 Duration=46959
Task=96 Chunk=1 Start=7928377060015 End=7928377108848 Duration=48833
Task=97 Chunk=0 Start=7928376941159 End=7928376990923 Duration=49764
Task=97 Chunk=1 Start=7928377108849 End=7928377156843 Duration=47994
Task=98 Chunk=0 Start=7928376990931 End=7928377037486 Duration=46555
Task=98 Chunk=1 Start=7928377156844 End=7928377206407 Duration=49563
Task=99 Chunk=0 Start=7928377037496 End=7928377083182 Duration=45686
Task=99 Chunk=1 Start=7928377206408 End=7928377255016 Duration=48608
### Python End ###

--------------------------------
[2025-06-29 14:29:34.878] [info] Available Vulkan Layers:
[2025-06-29 14:29:34.878] [warning] Validation layer requested but not available, continuing without it...
[2025-06-29 14:29:34.881] [info] Using integrated GPU: Adreno (TM) 740
[2025-06-29 14:29:34.888] [info] VulkanDispatcher instance created.
[2025-06-29 14:29:34.961] [info] Total memory used: 40550404 bytes (38.67188 MB)
[2025-06-29 14:29:34.971] [info] Total memory used: 40550404 bytes (38.67188 MB)
[2025-06-29 14:29:34.992] [info] Total memory used: 40550404 bytes (38.67188 MB)
[2025-06-29 14:29:35.001] [info] Total memory used: 40550404 bytes (38.67188 MB)
[2025-06-29 14:29:35.010] [info] Total memory used: 40550404 bytes (38.67188 MB)
[2025-06-29 14:29:35.049] [info] Total memory used: 40550404 bytes (38.67188 MB)
[2025-06-29 14:29:35.058] [info] Total memory used: 40550404 bytes (38.67188 MB)
[2025-06-29 14:29:35.068] [info] Total memory used: 40550404 bytes (38.67188 MB)
[2025-06-29 14:29:35.077] [info] Total memory used: 40550404 bytes (38.67188 MB)
[2025-06-29 14:29:35.086] [info] Total memory used: 40550404 bytes (38.67188 MB)
[2025-06-29 14:29:35.126] [info] Total memory used: 40550404 bytes (38.67188 MB)
[2025-06-29 14:29:35.136] [info] Total memory used: 40550404 bytes (38.67188 MB)
[2025-06-29 14:29:35.145] [info] Total memory used: 40550404 bytes (38.67188 MB)
[2025-06-29 14:29:35.155] [info] Total memory used: 40550404 bytes (38.67188 MB)
[2025-06-29 14:29:35.164] [info] Total memory used: 40550404 bytes (38.67188 MB)
[2025-06-29 14:29:35.174] [info] Total memory used: 40550404 bytes (38.67188 MB)
### Python Begin ###
Schedule_UID=SCH-M3G1B3-G152-3753
Frequency=19200000 Hz
Task=0 Chunk=0 Start=7928383926182 End=7928383962519 Duration=36337
Task=0 Chunk=1 Start=7928383962535 End=7928383962539 Duration=4
Task=0 Chunk=2 Start=7928383962544 End=7928384188326 Duration=225782
Task=1 Chunk=0 Start=7928383962523 End=7928384050443 Duration=87920
Task=1 Chunk=1 Start=7928384050461 End=7928384050463 Duration=2
Task=1 Chunk=2 Start=7928384188329 End=7928384253467 Duration=65138
Task=2 Chunk=0 Start=7928384050444 End=7928384131175 Duration=80731
Task=2 Chunk=1 Start=7928384131199 End=7928384131200 Duration=1
Task=2 Chunk=2 Start=7928384253475 End=7928384318142 Duration=64667
Task=3 Chunk=0 Start=7928384131176 End=7928384169933 Duration=38757
Task=3 Chunk=2 Start=7928384318143 End=7928384377632 Duration=59489
Task=4 Chunk=0 Start=7928384169934 End=7928384217961 Duration=48027
Task=4 Chunk=1 Start=7928384217979 End=7928384217980 Duration=1
Task=4 Chunk=2 Start=7928384377639 End=7928384437816 Duration=60177
Task=5 Chunk=0 Start=7928384217969 End=7928384266340 Duration=48371
Task=5 Chunk=1 Start=7928384266370 End=7928384266371 Duration=1
Task=5 Chunk=2 Start=7928384437819 End=7928384498069 Duration=60250
Task=6 Chunk=0 Start=7928384266353 End=7928384313264 Duration=46911
Task=6 Chunk=1 Start=7928384313286 End=7928384313289 Duration=3
Task=6 Chunk=2 Start=7928384498070 End=7928384557986 Duration=59916
Task=7 Chunk=0 Start=7928384313272 End=7928384334988 Duration=21716
Task=7 Chunk=1 Start=7928384335008 End=7928384335009 Duration=1
Task=7 Chunk=2 Start=7928384557988 End=7928384618073 Duration=60085
Task=8 Chunk=0 Start=7928384334991 End=7928384356795 Duration=21804
Task=8 Chunk=2 Start=7928384618074 End=7928384677430 Duration=59356
Task=9 Chunk=0 Start=7928384356796 End=7928384378479 Duration=21683
Task=9 Chunk=1 Start=7928384378488 End=7928384378489 Duration=1
Task=9 Chunk=2 Start=7928384677431 End=7928384737728 Duration=60297
Task=10 Chunk=0 Start=7928384378479 End=7928384401404 Duration=22925
Task=10 Chunk=1 Start=7928384401420 End=7928384401421 Duration=1
Task=10 Chunk=2 Start=7928384737730 End=7928384798050 Duration=60320
Task=11 Chunk=0 Start=7928384401407 End=7928384423233 Duration=21826
Task=11 Chunk=2 Start=7928384798051 End=7928384858156 Duration=60105
Task=12 Chunk=0 Start=7928384423234 End=7928384445013 Duration=21779
Task=12 Chunk=1 Start=7928384445026 End=7928384445027 Duration=1
Task=12 Chunk=2 Start=7928384858157 End=7928384917679 Duration=59522
Task=13 Chunk=0 Start=7928384445013 End=7928384467405 Duration=22392
Task=13 Chunk=1 Start=7928384467425 End=7928384467426 Duration=1
Task=13 Chunk=2 Start=7928384917679 End=7928384977843 Duration=60164
Task=14 Chunk=0 Start=7928384467408 End=7928384489221 Duration=21813
Task=14 Chunk=2 Start=7928384977844 End=7928385037615 Duration=59771
Task=15 Chunk=0 Start=7928384489222 End=7928384510693 Duration=21471
Task=15 Chunk=2 Start=7928385037616 End=7928385097613 Duration=59997
Task=16 Chunk=0 Start=7928384510694 End=7928384532335 Duration=21641
Task=16 Chunk=1 Start=7928384532353 End=7928384532354 Duration=1
Task=16 Chunk=2 Start=7928385097617 End=7928385157633 Duration=60016
Task=17 Chunk=0 Start=7928384532336 End=7928384554582 Duration=22246
Task=17 Chunk=1 Start=7928384554592 End=7928384554593 Duration=1
Task=17 Chunk=2 Start=7928385157634 End=7928385216766 Duration=59132
Task=18 Chunk=0 Start=7928384554584 End=7928384576172 Duration=21588
Task=18 Chunk=1 Start=7928384576184 End=7928384576185 Duration=1
Task=18 Chunk=2 Start=7928385216767 End=7928385276941 Duration=60174
Task=19 Chunk=0 Start=7928384576173 End=7928384597910 Duration=21737
Task=19 Chunk=1 Start=7928384597925 End=7928384597926 Duration=1
Task=19 Chunk=2 Start=7928385276942 End=7928385336637 Duration=59695
Task=20 Chunk=0 Start=7928384597910 End=7928384620371 Duration=22461
Task=20 Chunk=2 Start=7928385336638 End=7928385396582 Duration=59944
Task=21 Chunk=0 Start=7928384620372 End=7928384642164 Duration=21792
Task=21 Chunk=2 Start=7928385396583 End=7928385455560 Duration=58977
Task=22 Chunk=0 Start=7928384642167 End=7928384664103 Duration=21936
Task=22 Chunk=1 Start=7928384664121 End=7928384664122 Duration=1
Task=22 Chunk=2 Start=7928385455560 End=7928385515353 Duration=59793
Task=23 Chunk=0 Start=7928384677452 End=7928384700235 Duration=22783
Task=23 Chunk=1 Start=7928384700246 End=7928384700247 Duration=1
Task=23 Chunk=2 Start=7928385515353 End=7928385575329 Duration=59976
Task=24 Chunk=0 Start=7928384737953 End=7928384759588 Duration=21635
Task=24 Chunk=1 Start=7928384759605 End=7928384759606 Duration=1
Task=24 Chunk=2 Start=7928385575330 End=7928385635393 Duration=60063
Task=25 Chunk=0 Start=7928384798057 End=7928384819801 Duration=21744
Task=25 Chunk=1 Start=7928384819822 End=7928384819823 Duration=1
Task=25 Chunk=2 Start=7928385635397 End=7928385695287 Duration=59890
Task=26 Chunk=0 Start=7928384858169 End=7928384879823 Duration=21654
Task=26 Chunk=1 Start=7928384879836 End=7928384879837 Duration=1
Task=26 Chunk=2 Start=7928385695288 End=7928385754665 Duration=59377
Task=27 Chunk=0 Start=7928384917690 End=7928384940301 Duration=22611
Task=27 Chunk=1 Start=7928384940316 End=7928384940317 Duration=1
Task=27 Chunk=2 Start=7928385754666 End=7928385814403 Duration=59737
Task=28 Chunk=0 Start=7928384977858 End=7928385000537 Duration=22679
Task=28 Chunk=1 Start=7928385000540 End=7928385000541 Duration=1
Task=28 Chunk=2 Start=7928385814404 End=7928385874163 Duration=59759
Task=29 Chunk=0 Start=7928385037631 End=7928385059657 Duration=22026
Task=29 Chunk=1 Start=7928385059662 End=7928385059663 Duration=1
Task=29 Chunk=2 Start=7928385874163 End=7928385933870 Duration=59707
Task=30 Chunk=0 Start=7928385097629 End=7928385119268 Duration=21639
Task=30 Chunk=2 Start=7928385933871 End=7928385993177 Duration=59306
Task=31 Chunk=0 Start=7928385157640 End=7928385179207 Duration=21567
Task=31 Chunk=1 Start=7928385179221 End=7928385179222 Duration=1
Task=31 Chunk=2 Start=7928385993178 End=7928386053176 Duration=59998
Task=32 Chunk=0 Start=7928385216781 End=7928385239046 Duration=22265
Task=32 Chunk=2 Start=7928386053177 End=7928386112893 Duration=59716
Task=33 Chunk=0 Start=7928385276950 End=7928385299181 Duration=22231
Task=33 Chunk=2 Start=7928386112894 End=7928386172891 Duration=59997
Task=34 Chunk=0 Start=7928385336641 End=7928385358315 Duration=21674
Task=34 Chunk=2 Start=7928386172892 End=7928386232720 Duration=59828
Task=35 Chunk=0 Start=7928385396606 End=7928385418439 Duration=21833
Task=35 Chunk=2 Start=7928386232721 End=7928386291917 Duration=59196
Task=36 Chunk=0 Start=7928385455574 End=7928385477937 Duration=22363
Task=36 Chunk=1 Start=7928385477945 End=7928385477946 Duration=1
Task=36 Chunk=2 Start=7928386291918 End=7928386351771 Duration=59853
Task=37 Chunk=0 Start=7928385515366 End=7928385538160 Duration=22794
Task=37 Chunk=2 Start=7928386351772 End=7928386411483 Duration=59711
Task=38 Chunk=0 Start=7928385575338 End=7928385597183 Duration=21845
Task=38 Chunk=1 Start=7928385597201 End=7928385597202 Duration=1
Task=38 Chunk=2 Start=7928386411484 End=7928386471566 Duration=60082
Task=39 Chunk=0 Start=7928385635411 End=7928385657166 Duration=21755
Task=39 Chunk=1 Start=7928385657180 End=7928385657181 Duration=1
Task=39 Chunk=2 Start=7928386471567 End=7928386531190 Duration=59623
Task=40 Chunk=0 Start=7928385695293 End=7928385717040 Duration=21747
Task=40 Chunk=1 Start=7928385717056 End=7928385717057 Duration=1
Task=40 Chunk=2 Start=7928386531190 End=7928386590736 Duration=59546
Task=41 Chunk=0 Start=7928385754677 End=7928385777070 Duration=22393
Task=41 Chunk=1 Start=7928385777085 End=7928385777086 Duration=1
Task=41 Chunk=2 Start=7928386590737 End=7928386650494 Duration=59757
Task=42 Chunk=0 Start=7928385814420 End=7928385836171 Duration=21751
Task=42 Chunk=1 Start=7928385836176 End=7928385836177 Duration=1
Task=42 Chunk=2 Start=7928386650495 End=7928386709938 Duration=59443
Task=43 Chunk=0 Start=7928385874173 End=7928385895973 Duration=21800
Task=43 Chunk=1 Start=7928385895992 End=7928385895993 Duration=1
Task=43 Chunk=2 Start=7928386709938 End=7928386769755 Duration=59817
Task=44 Chunk=0 Start=7928385933889 End=7928385955642 Duration=21753
Task=44 Chunk=1 Start=7928385955652 End=7928385955653 Duration=1
Task=44 Chunk=2 Start=7928386769755 End=7928386828873 Duration=59118
Task=45 Chunk=0 Start=7928385993195 End=7928386015617 Duration=22422
Task=45 Chunk=1 Start=7928386015631 End=7928386015632 Duration=1
Task=45 Chunk=2 Start=7928386828873 End=7928386888593 Duration=59720
Task=46 Chunk=0 Start=7928386053186 End=7928386075715 Duration=22529
Task=46 Chunk=1 Start=7928386075728 End=7928386075729 Duration=1
Task=46 Chunk=2 Start=7928386888594 End=7928386948271 Duration=59677
Task=47 Chunk=0 Start=7928386112903 End=7928386134945 Duration=22042
Task=47 Chunk=1 Start=7928386134956 End=7928386134957 Duration=1
Task=47 Chunk=2 Start=7928386948272 End=7928387007823 Duration=59551
Task=48 Chunk=0 Start=7928386172900 End=7928386194593 Duration=21693
Task=48 Chunk=1 Start=7928386194599 End=7928386194600 Duration=1
Task=48 Chunk=2 Start=7928387007823 End=7928387067235 Duration=59412
Task=49 Chunk=0 Start=7928386232730 End=7928386254348 Duration=21618
Task=49 Chunk=1 Start=7928386254361 End=7928386254362 Duration=1
Task=49 Chunk=2 Start=7928387067236 End=7928387127250 Duration=60014
Task=50 Chunk=0 Start=7928386291935 End=7928386314118 Duration=22183
Task=50 Chunk=1 Start=7928386314132 End=7928386314133 Duration=1
Task=50 Chunk=2 Start=7928387127251 End=7928387186977 Duration=59726
Task=51 Chunk=0 Start=7928386351792 End=7928386373736 Duration=21944
Task=51 Chunk=1 Start=7928386373746 End=7928386373747 Duration=1
Task=51 Chunk=2 Start=7928387186978 End=7928387246809 Duration=59831
Task=52 Chunk=0 Start=7928386411500 End=7928386433075 Duration=21575
Task=52 Chunk=1 Start=7928386433090 End=7928386433091 Duration=1
Task=52 Chunk=2 Start=7928387246809 End=7928387306519 Duration=59710
Task=53 Chunk=0 Start=7928386471585 End=7928386493204 Duration=21619
Task=53 Chunk=1 Start=7928386493216 End=7928386493217 Duration=1
Task=53 Chunk=2 Start=7928387306520 End=7928387365749 Duration=59229
Task=54 Chunk=0 Start=7928386531202 End=7928386553481 Duration=22279
Task=54 Chunk=1 Start=7928386553495 End=7928386553496 Duration=1
Task=54 Chunk=2 Start=7928387365749 End=7928387425824 Duration=60075
Task=55 Chunk=0 Start=7928386590745 End=7928386613570 Duration=22825
Task=55 Chunk=1 Start=7928386613581 End=7928386613582 Duration=1
Task=55 Chunk=2 Start=7928387425824 End=7928387485608 Duration=59784
Task=56 Chunk=0 Start=7928386650507 End=7928386672111 Duration=21604
Task=56 Chunk=1 Start=7928386672131 End=7928386672132 Duration=1
Task=56 Chunk=2 Start=7928387485608 End=7928387545484 Duration=59876
Task=57 Chunk=0 Start=7928386709947 End=7928386731631 Duration=21684
Task=57 Chunk=2 Start=7928387545485 End=7928387604388 Duration=58903
Task=58 Chunk=0 Start=7928386769763 End=7928386791499 Duration=21736
Task=58 Chunk=1 Start=7928386791511 End=7928386791512 Duration=1
Task=58 Chunk=2 Start=7928387604389 End=7928387664599 Duration=60210
Task=59 Chunk=0 Start=7928386828892 End=7928386851555 Duration=22663
Task=59 Chunk=1 Start=7928386851559 End=7928386851560 Duration=1
Task=59 Chunk=2 Start=7928387664601 End=7928387724339 Duration=59738
Task=60 Chunk=0 Start=7928386888604 End=7928386910362 Duration=21758
Task=60 Chunk=1 Start=7928386910368 End=7928386910369 Duration=1
Task=60 Chunk=2 Start=7928387724340 End=7928387783762 Duration=59422
Task=61 Chunk=0 Start=7928386948278 End=7928386969996 Duration=21718
Task=61 Chunk=2 Start=7928387783763 End=7928387843364 Duration=59601
Task=62 Chunk=0 Start=7928387007830 End=7928387029443 Duration=21613
Task=62 Chunk=1 Start=7928387029456 End=7928387029457 Duration=1
Task=62 Chunk=2 Start=7928387843365 End=7928387902368 Duration=59003
Task=63 Chunk=0 Start=7928387067247 End=7928387089810 Duration=22563
Task=63 Chunk=1 Start=7928387089815 End=7928387089816 Duration=1
Task=63 Chunk=2 Start=7928387902368 End=7928387962132 Duration=59764
Task=64 Chunk=0 Start=7928387127260 End=7928387149971 Duration=22711
Task=64 Chunk=1 Start=7928387149980 End=7928387149981 Duration=1
Task=64 Chunk=2 Start=7928387962133 End=7928388021959 Duration=59826
Task=65 Chunk=0 Start=7928387186998 End=7928387208793 Duration=21795
Task=65 Chunk=1 Start=7928387208799 End=7928387208800 Duration=1
Task=65 Chunk=2 Start=7928388021959 End=7928388081650 Duration=59691
Task=66 Chunk=0 Start=7928387246817 End=7928387269148 Duration=22331
Task=66 Chunk=1 Start=7928387269153 End=7928387269154 Duration=1
Task=66 Chunk=2 Start=7928388081651 End=7928388140797 Duration=59146
Task=67 Chunk=0 Start=7928387306523 End=7928387328116 Duration=21593
Task=67 Chunk=1 Start=7928387328122 End=7928387328123 Duration=1
Task=67 Chunk=2 Start=7928388140797 End=7928388200606 Duration=59809
Task=68 Chunk=0 Start=7928387365760 End=7928387388281 Duration=22521
Task=68 Chunk=1 Start=7928387388295 End=7928387388296 Duration=1
Task=68 Chunk=2 Start=7928388200607 End=7928388260344 Duration=59737
Task=69 Chunk=0 Start=7928387425843 End=7928387447768 Duration=21925
Task=69 Chunk=2 Start=7928388260345 End=7928388320528 Duration=60183
Task=70 Chunk=0 Start=7928387485620 End=7928387507294 Duration=21674
Task=70 Chunk=1 Start=7928387507300 End=7928387507301 Duration=1
Task=70 Chunk=2 Start=7928388320529 End=7928388380215 Duration=59686
Task=71 Chunk=0 Start=7928387545493 End=7928387567742 Duration=22249
Task=71 Chunk=2 Start=7928388380216 End=7928388439288 Duration=59072
Task=72 Chunk=0 Start=7928387604398 End=7928387627463 Duration=23065
Task=72 Chunk=1 Start=7928387627467 End=7928387627468 Duration=1
Task=72 Chunk=2 Start=7928388439289 End=7928388499068 Duration=59779
Task=73 Chunk=0 Start=7928387664604 End=7928387687363 Duration=22759
Task=73 Chunk=1 Start=7928387687369 End=7928387687370 Duration=1
Task=73 Chunk=2 Start=7928388499069 End=7928388558617 Duration=59548
Task=74 Chunk=0 Start=7928387724365 End=7928387746031 Duration=21666
Task=74 Chunk=1 Start=7928387746042 End=7928387746043 Duration=1
Task=74 Chunk=2 Start=7928388558618 End=7928388618463 Duration=59845
Task=75 Chunk=0 Start=7928387783767 End=7928387805406 Duration=21639
Task=75 Chunk=1 Start=7928387805411 End=7928387805412 Duration=1
Task=75 Chunk=2 Start=7928388618464 End=7928388677459 Duration=58995
Task=76 Chunk=0 Start=7928387843369 End=7928387864979 Duration=21610
Task=76 Chunk=1 Start=7928387864989 End=7928387864990 Duration=1
Task=76 Chunk=2 Start=7928388677460 End=7928388737059 Duration=59599
Task=77 Chunk=0 Start=7928387902376 End=7928387924897 Duration=22521
Task=77 Chunk=1 Start=7928387924902 End=7928387924903 Duration=1
Task=77 Chunk=2 Start=7928388737059 End=7928388797033 Duration=59974
Task=78 Chunk=0 Start=7928387962142 End=7928387984039 Duration=21897
Task=78 Chunk=1 Start=7928387984046 End=7928387984047 Duration=1
Task=78 Chunk=2 Start=7928388797034 End=7928388856651 Duration=59617
Task=79 Chunk=0 Start=7928388021972 End=7928388043588 Duration=21616
Task=79 Chunk=1 Start=7928388043604 End=7928388043605 Duration=1
Task=79 Chunk=2 Start=7928388856652 End=7928388916705 Duration=60053
Task=80 Chunk=0 Start=7928388081670 End=7928388103582 Duration=21912
Task=80 Chunk=1 Start=7928388103592 End=7928388103593 Duration=1
Task=80 Chunk=2 Start=7928388916707 End=7928388975772 Duration=59065
Task=81 Chunk=0 Start=7928388140803 End=7928388163541 Duration=22738
Task=81 Chunk=1 Start=7928388163555 End=7928388163556 Duration=1
Task=81 Chunk=2 Start=7928388975773 End=7928389035568 Duration=59795
Task=82 Chunk=0 Start=7928388200630 End=7928388223307 Duration=22677
Task=82 Chunk=2 Start=7928389035568 End=7928389095501 Duration=59933
Task=83 Chunk=0 Start=7928388260354 End=7928388282696 Duration=22342
Task=83 Chunk=1 Start=7928388282709 End=7928388282710 Duration=1
Task=83 Chunk=2 Start=7928389095505 End=7928389155032 Duration=59527
Task=84 Chunk=0 Start=7928388320538 End=7928388342699 Duration=22161
Task=84 Chunk=1 Start=7928388342710 End=7928388342711 Duration=1
Task=84 Chunk=2 Start=7928389155033 End=7928389214405 Duration=59372
Task=85 Chunk=0 Start=7928388380222 End=7928388401935 Duration=21713
Task=85 Chunk=1 Start=7928388401951 End=7928388401952 Duration=1
Task=85 Chunk=2 Start=7928389214406 End=7928389263771 Duration=49365
Task=86 Chunk=0 Start=7928388439306 End=7928388461541 Duration=22235
Task=86 Chunk=1 Start=7928388461549 End=7928388461550 Duration=1
Task=86 Chunk=2 Start=7928389263772 End=7928389293123 Duration=29351
Task=87 Chunk=0 Start=7928388499089 End=7928388521284 Duration=22195
Task=87 Chunk=1 Start=7928388521288 End=7928388521289 Duration=1
Task=87 Chunk=2 Start=7928389293123 End=7928389322868 Duration=29745
Task=88 Chunk=0 Start=7928388558634 End=7928388580337 Duration=21703
Task=88 Chunk=2 Start=7928389322869 End=7928389352003 Duration=29134
Task=89 Chunk=0 Start=7928388618476 End=7928388640675 Duration=22199
Task=89 Chunk=1 Start=7928388640685 End=7928388640686 Duration=1
Task=89 Chunk=2 Start=7928389352004 End=7928389381849 Duration=29845
Task=90 Chunk=0 Start=7928388677480 End=7928388700065 Duration=22585
Task=90 Chunk=1 Start=7928388700080 End=7928388700081 Duration=1
Task=90 Chunk=2 Start=7928389381849 End=7928389411745 Duration=29896
Task=91 Chunk=0 Start=7928388737077 End=7928388758631 Duration=21554
Task=91 Chunk=1 Start=7928388758642 End=7928388758643 Duration=1
Task=91 Chunk=2 Start=7928389411745 End=7928389440780 Duration=29035
Task=92 Chunk=0 Start=7928388797046 End=7928388819054 Duration=22008
Task=92 Chunk=2 Start=7928389440781 End=7928389470137 Duration=29356
Task=93 Chunk=0 Start=7928388856673 End=7928388878252 Duration=21579
Task=93 Chunk=2 Start=7928389470138 End=7928389498989 Duration=28851
Task=94 Chunk=0 Start=7928388916721 End=7928388938449 Duration=21728
Task=94 Chunk=1 Start=7928388938456 End=7928388938457 Duration=1
Task=94 Chunk=2 Start=7928389498989 End=7928389528483 Duration=29494
Task=95 Chunk=0 Start=7928388975776 End=7928388998285 Duration=22509
Task=95 Chunk=1 Start=7928388998290 End=7928388998291 Duration=1
Task=95 Chunk=2 Start=7928389528484 End=7928389557458 Duration=28974
Task=96 Chunk=0 Start=7928389035575 End=7928389057358 Duration=21783
Task=96 Chunk=1 Start=7928389057372 End=7928389057373 Duration=1
Task=96 Chunk=2 Start=7928389557458 End=7928389586361 Duration=28903
Task=97 Chunk=0 Start=7928389095510 End=7928389116992 Duration=21482
Task=97 Chunk=1 Start=7928389117002 End=7928389117003 Duration=1
Task=97 Chunk=2 Start=7928389586362 End=7928389615714 Duration=29352
Task=98 Chunk=0 Start=7928389155044 End=7928389176691 Duration=21647
Task=98 Chunk=1 Start=7928389176702 End=7928389176703 Duration=1
Task=98 Chunk=2 Start=7928389615715 End=7928389644518 Duration=28803
Task=99 Chunk=0 Start=7928389214430 End=7928389236813 Duration=22383
Task=99 Chunk=1 Start=7928389236826 End=7928389236827 Duration=1
Task=99 Chunk=2 Start=7928389644518 End=7928389673456 Duration=28938
### Python End ###

--------------------------------
[2025-06-29 14:29:35.527] [info] Available Vulkan Layers:
[2025-06-29 14:29:35.527] [warning] Validation layer requested but not available, continuing without it...
[2025-06-29 14:29:35.530] [info] Using integrated GPU: Adreno (TM) 740
[2025-06-29 14:29:35.540] [info] VulkanDispatcher instance created.
[2025-06-29 14:29:35.639] [info] Total memory used: 40550404 bytes (38.67188 MB)
[2025-06-29 14:29:35.652] [info] Total memory used: 40550404 bytes (38.67188 MB)
[2025-06-29 14:29:35.675] [info] Total memory used: 40550404 bytes (38.67188 MB)
[2025-06-29 14:29:35.685] [info] Total memory used: 40550404 bytes (38.67188 MB)
[2025-06-29 14:29:35.694] [info] Total memory used: 40550404 bytes (38.67188 MB)
[2025-06-29 14:29:35.733] [info] Total memory used: 40550404 bytes (38.67188 MB)
[2025-06-29 14:29:35.743] [info] Total memory used: 40550404 bytes (38.67188 MB)
[2025-06-29 14:29:35.752] [info] Total memory used: 40550404 bytes (38.67188 MB)
[2025-06-29 14:29:35.762] [info] Total memory used: 40550404 bytes (38.67188 MB)
[2025-06-29 14:29:35.771] [info] Total memory used: 40550404 bytes (38.67188 MB)
[2025-06-29 14:29:35.811] [info] Total memory used: 40550404 bytes (38.67188 MB)
[2025-06-29 14:29:35.820] [info] Total memory used: 40550404 bytes (38.67188 MB)
[2025-06-29 14:29:35.830] [info] Total memory used: 40550404 bytes (38.67188 MB)
[2025-06-29 14:29:35.840] [info] Total memory used: 40550404 bytes (38.67188 MB)
[2025-06-29 14:29:35.849] [info] Total memory used: 40550404 bytes (38.67188 MB)
[2025-06-29 14:29:35.859] [info] Total memory used: 40550404 bytes (38.67188 MB)
### Python Begin ###
Schedule_UID=SCH-M3G1L1B2-G162-c801
Frequency=19200000 Hz
Task=0 Chunk=0 Start=7928397082881 End=7928397107180 Duration=24299
Task=0 Chunk=1 Start=7928397249516 End=7928397249520 Duration=4
Task=0 Chunk=2 Start=7928397249541 End=7928397266563 Duration=17022
Task=0 Chunk=3 Start=7928397266585 End=7928397299054 Duration=32469
Task=1 Chunk=0 Start=7928397107186 End=7928397152003 Duration=44817
Task=1 Chunk=1 Start=7928397249524 End=7928397249525 Duration=1
Task=1 Chunk=2 Start=7928397266577 End=7928397267567 Duration=990
Task=1 Chunk=3 Start=7928397299060 End=7928397326081 Duration=27021
Task=2 Chunk=0 Start=7928397152012 End=7928397220372 Duration=68360
Task=2 Chunk=1 Start=7928397249526 End=7928397249527 Duration=1
Task=2 Chunk=2 Start=7928397267572 End=7928397268117 Duration=545
Task=2 Chunk=3 Start=7928397326082 End=7928397352963 Duration=26881
Task=3 Chunk=0 Start=7928397220373 End=7928397254086 Duration=33713
Task=3 Chunk=1 Start=7928397254102 End=7928397254103 Duration=1
Task=3 Chunk=2 Start=7928397268119 End=7928397268600 Duration=481
Task=3 Chunk=3 Start=7928397352964 End=7928397381225 Duration=28261
Task=4 Chunk=0 Start=7928397254086 End=7928397277501 Duration=23415
Task=4 Chunk=1 Start=7928397277664 End=7928397277668 Duration=4
Task=4 Chunk=2 Start=7928397277818 End=7928397278309 Duration=491
Task=4 Chunk=3 Start=7928397381226 End=7928397407771 Duration=26545
Task=5 Chunk=0 Start=7928397277502 End=7928397301537 Duration=24035
Task=5 Chunk=1 Start=7928397301784 End=7928397301785 Duration=1
Task=5 Chunk=2 Start=7928397301834 End=7928397302421 Duration=587
Task=5 Chunk=3 Start=7928397407772 End=7928397434236 Duration=26464
Task=6 Chunk=0 Start=7928397301538 End=7928397325401 Duration=23863
Task=6 Chunk=1 Start=7928397325543 End=7928397325544 Duration=1
Task=6 Chunk=2 Start=7928397325585 End=7928397326074 Duration=489
Task=6 Chunk=3 Start=7928397434237 End=7928397461448 Duration=27211
Task=7 Chunk=0 Start=7928397325402 End=7928397348996 Duration=23594
Task=7 Chunk=1 Start=7928397349156 End=7928397349158 Duration=2
Task=7 Chunk=2 Start=7928397349179 End=7928397349353 Duration=174
Task=7 Chunk=3 Start=7928397461449 End=7928397487984 Duration=26535
Task=8 Chunk=0 Start=7928397348996 End=7928397373466 Duration=24470
Task=8 Chunk=1 Start=7928397373648 End=7928397373652 Duration=4
Task=8 Chunk=2 Start=7928397373688 End=7928397373885 Duration=197
Task=8 Chunk=3 Start=7928397487985 End=7928397513017 Duration=25032
Task=9 Chunk=0 Start=7928397373467 End=7928397397069 Duration=23602
Task=9 Chunk=1 Start=7928397397232 End=7928397397236 Duration=4
Task=9 Chunk=2 Start=7928397397263 End=7928397397470 Duration=207
Task=9 Chunk=3 Start=7928397513017 End=7928397539472 Duration=26455
Task=10 Chunk=0 Start=7928397397070 End=7928397420993 Duration=23923
Task=10 Chunk=1 Start=7928397421118 End=7928397421119 Duration=1
Task=10 Chunk=2 Start=7928397421132 End=7928397423470 Duration=2338
Task=10 Chunk=3 Start=7928397539473 End=7928397563972 Duration=24499
Task=11 Chunk=0 Start=7928397420993 End=7928397445765 Duration=24772
Task=11 Chunk=1 Start=7928397445947 End=7928397445948 Duration=1
Task=11 Chunk=2 Start=7928397446003 End=7928397446256 Duration=253
Task=11 Chunk=3 Start=7928397563973 End=7928397588350 Duration=24377
Task=12 Chunk=0 Start=7928397445767 End=7928397469310 Duration=23543
Task=12 Chunk=1 Start=7928397469465 End=7928397469470 Duration=5
Task=12 Chunk=2 Start=7928397469513 End=7928397469619 Duration=106
Task=12 Chunk=3 Start=7928397588351 End=7928397613255 Duration=24904
Task=13 Chunk=0 Start=7928397469311 End=7928397492743 Duration=23432
Task=13 Chunk=1 Start=7928397492930 End=7928397492931 Duration=1
Task=13 Chunk=2 Start=7928397492946 End=7928397493122 Duration=176
Task=13 Chunk=3 Start=7928397613258 End=7928397637704 Duration=24446
Task=14 Chunk=0 Start=7928397492744 End=7928397515724 Duration=22980
Task=14 Chunk=1 Start=7928397515906 End=7928397515907 Duration=1
Task=14 Chunk=2 Start=7928397518339 End=7928397518873 Duration=534
Task=14 Chunk=3 Start=7928397637705 End=7928397662085 Duration=24380
Task=15 Chunk=0 Start=7928397515728 End=7928397541023 Duration=25295
Task=15 Chunk=1 Start=7928397541124 End=7928397541125 Duration=1
Task=15 Chunk=2 Start=7928397541423 End=7928397541623 Duration=200
Task=15 Chunk=3 Start=7928397662086 End=7928397686852 Duration=24766
Task=16 Chunk=0 Start=7928397541023 End=7928397562656 Duration=21633
Task=16 Chunk=1 Start=7928397562803 End=7928397562804 Duration=1
Task=16 Chunk=2 Start=7928397562841 End=7928397563030 Duration=189
Task=16 Chunk=3 Start=7928397686852 End=7928397710917 Duration=24065
Task=17 Chunk=0 Start=7928397562657 End=7928397586525 Duration=23868
Task=17 Chunk=1 Start=7928397586636 End=7928397586637 Duration=1
Task=17 Chunk=2 Start=7928397586688 End=7928397586913 Duration=225
Task=17 Chunk=3 Start=7928397710917 End=7928397734910 Duration=23993
Task=18 Chunk=0 Start=7928397586527 End=7928397614835 Duration=28308
Task=18 Chunk=1 Start=7928397614911 End=7928397614912 Duration=1
Task=18 Chunk=2 Start=7928397614927 End=7928397615140 Duration=213
Task=18 Chunk=3 Start=7928397734911 End=7928397759438 Duration=24527
Task=19 Chunk=0 Start=7928397614836 End=7928397642539 Duration=27703
Task=19 Chunk=1 Start=7928397642649 End=7928397642650 Duration=1
Task=19 Chunk=2 Start=7928397642681 End=7928397642872 Duration=191
Task=19 Chunk=3 Start=7928397759439 End=7928397783510 Duration=24071
Task=20 Chunk=0 Start=7928397642540 End=7928397671415 Duration=28875
Task=20 Chunk=1 Start=7928397671515 End=7928397671516 Duration=1
Task=20 Chunk=2 Start=7928397671550 End=7928397671787 Duration=237
Task=20 Chunk=3 Start=7928397783511 End=7928397807545 Duration=24034
Task=21 Chunk=0 Start=7928397671423 End=7928397699303 Duration=27880
Task=21 Chunk=1 Start=7928397699466 End=7928397699467 Duration=1
Task=21 Chunk=2 Start=7928397699498 End=7928397699673 Duration=175
Task=21 Chunk=3 Start=7928397807546 End=7928397832387 Duration=24841
Task=22 Chunk=0 Start=7928397699304 End=7928397727034 Duration=27730
Task=22 Chunk=1 Start=7928397727138 End=7928397727139 Duration=1
Task=22 Chunk=2 Start=7928397727181 End=7928397727354 Duration=173
Task=22 Chunk=3 Start=7928397832388 End=7928397856563 Duration=24175
Task=23 Chunk=0 Start=7928397727038 End=7928397755230 Duration=28192
Task=23 Chunk=1 Start=7928397755401 End=7928397755402 Duration=1
Task=23 Chunk=2 Start=7928397755448 End=7928397755662 Duration=214
Task=23 Chunk=3 Start=7928397856563 End=7928397880627 Duration=24064
Task=24 Chunk=0 Start=7928397755230 End=7928397782980 Duration=27750
Task=24 Chunk=1 Start=7928397783167 End=7928397783168 Duration=1
Task=24 Chunk=2 Start=7928397783195 End=7928397783382 Duration=187
Task=24 Chunk=3 Start=7928397880628 End=7928397905267 Duration=24639
Task=25 Chunk=0 Start=7928397782981 End=7928397811312 Duration=28331
Task=25 Chunk=1 Start=7928397811495 End=7928397811496 Duration=1
Task=25 Chunk=2 Start=7928397811537 End=7928397811718 Duration=181
Task=25 Chunk=3 Start=7928397905268 End=7928397929360 Duration=24092
Task=26 Chunk=0 Start=7928397811313 End=7928397840297 Duration=28984
Task=26 Chunk=1 Start=7928397840430 End=7928397840431 Duration=1
Task=26 Chunk=2 Start=7928397840473 End=7928397840702 Duration=229
Task=26 Chunk=3 Start=7928397929361 End=7928397953305 Duration=23944
Task=27 Chunk=0 Start=7928397840298 End=7928397868108 Duration=27810
Task=27 Chunk=1 Start=7928397868222 End=7928397868226 Duration=4
Task=27 Chunk=2 Start=7928397868236 End=7928397868414 Duration=178
Task=27 Chunk=3 Start=7928397953305 End=7928397977988 Duration=24683
Task=28 Chunk=0 Start=7928397868110 End=7928397895761 Duration=27651
Task=28 Chunk=1 Start=7928397895896 End=7928397895897 Duration=1
Task=28 Chunk=2 Start=7928397895925 End=7928397896114 Duration=189
Task=28 Chunk=3 Start=7928397977989 End=7928398002028 Duration=24039
Task=29 Chunk=0 Start=7928397895762 End=7928397923781 Duration=28019
Task=29 Chunk=1 Start=7928397923894 End=7928397923895 Duration=1
Task=29 Chunk=2 Start=7928397923915 End=7928397924133 Duration=218
Task=29 Chunk=3 Start=7928398002028 End=7928398026019 Duration=23991
Task=30 Chunk=0 Start=7928397923782 End=7928397951486 Duration=27704
Task=30 Chunk=2 Start=7928397951752 End=7928397951936 Duration=184
Task=30 Chunk=3 Start=7928398026019 End=7928398049951 Duration=23932
Task=31 Chunk=0 Start=7928397951491 End=7928397980542 Duration=29051
Task=31 Chunk=1 Start=7928397980659 End=7928397980660 Duration=1
Task=31 Chunk=2 Start=7928397980672 End=7928397980896 Duration=224
Task=31 Chunk=3 Start=7928398049951 End=7928398074364 Duration=24413
Task=32 Chunk=0 Start=7928397980544 End=7928398008411 Duration=27867
Task=32 Chunk=2 Start=7928398008599 End=7928398008781 Duration=182
Task=32 Chunk=3 Start=7928398074365 End=7928398098552 Duration=24187
Task=33 Chunk=0 Start=7928398008412 End=7928398036112 Duration=27700
Task=33 Chunk=1 Start=7928398036327 End=7928398036328 Duration=1
Task=33 Chunk=2 Start=7928398036351 End=7928398036521 Duration=170
Task=33 Chunk=3 Start=7928398098552 End=7928398122636 Duration=24084
Task=34 Chunk=0 Start=7928398036112 End=7928398064412 Duration=28300
Task=34 Chunk=1 Start=7928398064507 End=7928398064508 Duration=1
Task=34 Chunk=2 Start=7928398064513 End=7928398064707 Duration=194
Task=34 Chunk=3 Start=7928398122637 End=7928398147374 Duration=24737
Task=35 Chunk=0 Start=7928398064413 End=7928398092126 Duration=27713
Task=35 Chunk=2 Start=7928398092271 End=7928398092454 Duration=183
Task=35 Chunk=3 Start=7928398147375 End=7928398171411 Duration=24036
Task=36 Chunk=0 Start=7928398092127 End=7928398119843 Duration=27716
Task=36 Chunk=1 Start=7928398119967 End=7928398119968 Duration=1
Task=36 Chunk=2 Start=7928398119994 End=7928398120170 Duration=176
Task=36 Chunk=3 Start=7928398171412 End=7928398195537 Duration=24125
Task=37 Chunk=0 Start=7928398119843 End=7928398148848 Duration=29005
Task=37 Chunk=1 Start=7928398148974 End=7928398148975 Duration=1
Task=37 Chunk=2 Start=7928398149016 End=7928398149288 Duration=272
Task=37 Chunk=3 Start=7928398195538 End=7928398220221 Duration=24683
Task=38 Chunk=0 Start=7928398148848 End=7928398176650 Duration=27802
Task=38 Chunk=1 Start=7928398176758 End=7928398176759 Duration=1
Task=38 Chunk=2 Start=7928398176816 End=7928398176929 Duration=113
Task=38 Chunk=3 Start=7928398220222 End=7928398244374 Duration=24152
Task=39 Chunk=0 Start=7928398176652 End=7928398204264 Duration=27612
Task=39 Chunk=1 Start=7928398204456 End=7928398204457 Duration=1
Task=39 Chunk=2 Start=7928398204504 End=7928398204675 Duration=171
Task=39 Chunk=3 Start=7928398244374 End=7928398268663 Duration=24289
Task=40 Chunk=0 Start=7928398204265 End=7928398232786 Duration=28521
Task=40 Chunk=1 Start=7928398232869 End=7928398232870 Duration=1
Task=40 Chunk=2 Start=7928398232922 End=7928398233187 Duration=265
Task=40 Chunk=3 Start=7928398268663 End=7928398293503 Duration=24840
Task=41 Chunk=0 Start=7928398232788 End=7928398260519 Duration=27731
Task=41 Chunk=1 Start=7928398260680 End=7928398260684 Duration=4
Task=41 Chunk=2 Start=7928398260712 End=7928398260927 Duration=215
Task=41 Chunk=3 Start=7928398293504 End=7928398317483 Duration=23979
Task=42 Chunk=0 Start=7928398260520 End=7928398289409 Duration=28889
Task=42 Chunk=2 Start=7928398289582 End=7928398289800 Duration=218
Task=42 Chunk=3 Start=7928398317484 End=7928398341587 Duration=24103
Task=43 Chunk=0 Start=7928398289410 End=7928398317061 Duration=27651
Task=43 Chunk=1 Start=7928398317212 End=7928398317213 Duration=1
Task=43 Chunk=2 Start=7928398317246 End=7928398317445 Duration=199
Task=43 Chunk=3 Start=7928398341588 End=7928398366259 Duration=24671
Task=44 Chunk=0 Start=7928398317062 End=7928398344953 Duration=27891
Task=44 Chunk=1 Start=7928398345123 End=7928398345124 Duration=1
Task=44 Chunk=2 Start=7928398345129 End=7928398345306 Duration=177
Task=44 Chunk=3 Start=7928398366260 End=7928398390351 Duration=24091
Task=45 Chunk=0 Start=7928398344954 End=7928398373322 Duration=28368
Task=45 Chunk=1 Start=7928398373399 End=7928398373400 Duration=1
Task=45 Chunk=2 Start=7928398373408 End=7928398373634 Duration=226
Task=45 Chunk=3 Start=7928398390351 End=7928398414424 Duration=24073
Task=46 Chunk=0 Start=7928398373326 End=7928398401110 Duration=27784
Task=46 Chunk=1 Start=7928398401270 End=7928398401271 Duration=1
Task=46 Chunk=2 Start=7928398401303 End=7928398401512 Duration=209
Task=46 Chunk=3 Start=7928398414425 End=7928398439368 Duration=24943
Task=47 Chunk=0 Start=7928398401111 End=7928398428888 Duration=27777
Task=47 Chunk=2 Start=7928398429026 End=7928398429206 Duration=180
Task=47 Chunk=3 Start=7928398439369 End=7928398463493 Duration=24124
Task=48 Chunk=0 Start=7928398428889 End=7928398457798 Duration=28909
Task=48 Chunk=1 Start=7928398457932 End=7928398457933 Duration=1
Task=48 Chunk=2 Start=7928398457971 End=7928398493923 Duration=35952
Task=48 Chunk=3 Start=7928398493935 End=7928398518523 Duration=24588
Task=49 Chunk=0 Start=7928398457799 End=7928398485425 Duration=27626
Task=49 Chunk=2 Start=7928398493928 End=7928398494186 Duration=258
Task=49 Chunk=3 Start=7928398518525 End=7928398542685 Duration=24160
Task=50 Chunk=0 Start=7928398485425 End=7928398513562 Duration=28137
Task=50 Chunk=1 Start=7928398513673 End=7928398513674 Duration=1
Task=50 Chunk=2 Start=7928398513917 End=7928398514130 Duration=213
Task=50 Chunk=3 Start=7928398542687 End=7928398566668 Duration=23981
Task=51 Chunk=0 Start=7928398513563 End=7928398541396 Duration=27833
Task=51 Chunk=1 Start=7928398541520 End=7928398541521 Duration=1
Task=51 Chunk=2 Start=7928398541550 End=7928398541676 Duration=126
Task=51 Chunk=3 Start=7928398566669 End=7928398591358 Duration=24689
Task=52 Chunk=0 Start=7928398541397 End=7928398569082 Duration=27685
Task=52 Chunk=1 Start=7928398569255 End=7928398569256 Duration=1
Task=52 Chunk=2 Start=7928398569287 End=7928398569470 Duration=183
Task=52 Chunk=3 Start=7928398591360 End=7928398615439 Duration=24079
Task=53 Chunk=0 Start=7928398569082 End=7928398597771 Duration=28689
Task=53 Chunk=1 Start=7928398597914 End=7928398597915 Duration=1
Task=53 Chunk=2 Start=7928398597962 End=7928398598188 Duration=226
Task=53 Chunk=3 Start=7928398615440 End=7928398639622 Duration=24182
Task=54 Chunk=0 Start=7928398597773 End=7928398625611 Duration=27838
Task=54 Chunk=1 Start=7928398625742 End=7928398625743 Duration=1
Task=54 Chunk=2 Start=7928398625788 End=7928398625989 Duration=201
Task=54 Chunk=3 Start=7928398639623 End=7928398663736 Duration=24113
Task=55 Chunk=0 Start=7928398625611 End=7928398653377 Duration=27766
Task=55 Chunk=1 Start=7928398653504 End=7928398653505 Duration=1
Task=55 Chunk=2 Start=7928398653527 End=7928398653713 Duration=186
Task=55 Chunk=3 Start=7928398663737 End=7928398690200 Duration=26463
Task=56 Chunk=0 Start=7928398653378 End=7928398681624 Duration=28246
Task=56 Chunk=1 Start=7928398681737 End=7928398681738 Duration=1
Task=56 Chunk=2 Start=7928398681791 End=7928398682046 Duration=255
Task=56 Chunk=3 Start=7928398690201 End=7928398715412 Duration=25211
Task=57 Chunk=0 Start=7928398681625 End=7928398709394 Duration=27769
Task=57 Chunk=1 Start=7928398709492 End=7928398709495 Duration=3
Task=57 Chunk=2 Start=7928398709525 End=7928398709749 Duration=224
Task=57 Chunk=3 Start=7928398715412 End=7928398740389 Duration=24977
Task=58 Chunk=0 Start=7928398709394 End=7928398738272 Duration=28878
Task=58 Chunk=1 Start=7928398738408 End=7928398738409 Duration=1
Task=58 Chunk=2 Start=7928398738469 End=7928398738721 Duration=252
Task=58 Chunk=3 Start=7928398740390 End=7928398765095 Duration=24705
Task=59 Chunk=0 Start=7928398738274 End=7928398767044 Duration=28770
Task=59 Chunk=1 Start=7928398767176 End=7928398767177 Duration=1
Task=59 Chunk=2 Start=7928398767190 End=7928398767415 Duration=225
Task=59 Chunk=3 Start=7928398767426 End=7928398791585 Duration=24159
Task=60 Chunk=0 Start=7928398767045 End=7928398794889 Duration=27844
Task=60 Chunk=1 Start=7928398795039 End=7928398795040 Duration=1
Task=60 Chunk=2 Start=7928398795077 End=7928398795274 Duration=197
Task=60 Chunk=3 Start=7928398795295 End=7928398819304 Duration=24009
Task=61 Chunk=0 Start=7928398794890 End=7928398823068 Duration=28178
Task=61 Chunk=1 Start=7928398823193 End=7928398823194 Duration=1
Task=61 Chunk=2 Start=7928398823209 End=7928398823452 Duration=243
Task=61 Chunk=3 Start=7928398823473 End=7928398847721 Duration=24248
Task=62 Chunk=0 Start=7928398823072 End=7928398850864 Duration=27792
Task=62 Chunk=1 Start=7928398850981 End=7928398850982 Duration=1
Task=62 Chunk=2 Start=7928398851030 End=7928398851203 Duration=173
Task=62 Chunk=3 Start=7928398851212 End=7928398875366 Duration=24154
Task=63 Chunk=0 Start=7928398850865 End=7928398878525 Duration=27660
Task=63 Chunk=1 Start=7928398878651 End=7928398878652 Duration=1
Task=63 Chunk=2 Start=7928398878674 End=7928398878851 Duration=177
Task=63 Chunk=3 Start=7928398878861 End=7928398903771 Duration=24910
Task=64 Chunk=0 Start=7928398878526 End=7928398906566 Duration=28040
Task=64 Chunk=1 Start=7928398906691 End=7928398906692 Duration=1
Task=64 Chunk=2 Start=7928398906748 End=7928398906944 Duration=196
Task=64 Chunk=3 Start=7928398906963 End=7928398931111 Duration=24148
Task=65 Chunk=0 Start=7928398906566 End=7928398934129 Duration=27563
Task=65 Chunk=2 Start=7928398934354 End=7928398934467 Duration=113
Task=65 Chunk=3 Start=7928398934479 End=7928398958553 Duration=24074
Task=66 Chunk=0 Start=7928398934130 End=7928398961900 Duration=27770
Task=66 Chunk=1 Start=7928398962067 End=7928398962068 Duration=1
Task=66 Chunk=2 Start=7928398962111 End=7928398962298 Duration=187
Task=66 Chunk=3 Start=7928398962312 End=7928398987067 Duration=24755
Task=67 Chunk=0 Start=7928398961900 End=7928398990462 Duration=28562
Task=67 Chunk=1 Start=7928398990583 End=7928398990584 Duration=1
Task=67 Chunk=2 Start=7928398990616 End=7928398990850 Duration=234
Task=67 Chunk=3 Start=7928398990859 End=7928399015101 Duration=24242
Task=68 Chunk=0 Start=7928398990463 End=7928399018191 Duration=27728
Task=68 Chunk=1 Start=7928399018309 End=7928399018310 Duration=1
Task=68 Chunk=2 Start=7928399018338 End=7928399018554 Duration=216
Task=68 Chunk=3 Start=7928399018561 End=7928399043005 Duration=24444
Task=69 Chunk=0 Start=7928399018194 End=7928399046750 Duration=28556
Task=69 Chunk=1 Start=7928399046921 End=7928399046922 Duration=1
Task=69 Chunk=2 Start=7928399046969 End=7928399047078 Duration=109
Task=69 Chunk=3 Start=7928399047099 End=7928399072043 Duration=24944
Task=70 Chunk=0 Start=7928399046752 End=7928399075371 Duration=28619
Task=70 Chunk=1 Start=7928399075467 End=7928399075468 Duration=1
Task=70 Chunk=2 Start=7928399075509 End=7928399075810 Duration=301
Task=70 Chunk=3 Start=7928399075830 End=7928399100226 Duration=24396
Task=71 Chunk=0 Start=7928399075373 End=7928399103167 Duration=27794
Task=71 Chunk=1 Start=7928399103325 End=7928399103328 Duration=3
Task=71 Chunk=2 Start=7928399103359 End=7928399103555 Duration=196
Task=71 Chunk=3 Start=7928399103567 End=7928399128469 Duration=24902
Task=72 Chunk=0 Start=7928399103167 End=7928399131681 Duration=28514
Task=72 Chunk=1 Start=7928399131785 End=7928399131786 Duration=1
Task=72 Chunk=2 Start=7928399131820 End=7928399132107 Duration=287
Task=72 Chunk=3 Start=7928399132129 End=7928399156437 Duration=24308
Task=73 Chunk=0 Start=7928399131682 End=7928399159572 Duration=27890
Task=73 Chunk=2 Start=7928399159752 End=7928399159952 Duration=200
Task=73 Chunk=3 Start=7928399159960 End=7928399184229 Duration=24269
Task=74 Chunk=0 Start=7928399159575 End=7928399187383 Duration=27808
Task=74 Chunk=1 Start=7928399187550 End=7928399187551 Duration=1
Task=74 Chunk=2 Start=7928399187570 End=7928399187762 Duration=192
Task=74 Chunk=3 Start=7928399187779 End=7928399212944 Duration=25165
Task=75 Chunk=0 Start=7928399187384 End=7928399215826 Duration=28442
Task=75 Chunk=1 Start=7928399215918 End=7928399215919 Duration=1
Task=75 Chunk=2 Start=7928399215958 End=7928399216149 Duration=191
Task=75 Chunk=3 Start=7928399216155 End=7928399240348 Duration=24193
Task=76 Chunk=0 Start=7928399215826 End=7928399243429 Duration=27603
Task=76 Chunk=1 Start=7928399243549 End=7928399243550 Duration=1
Task=76 Chunk=2 Start=7928399243579 End=7928399243791 Duration=212
Task=76 Chunk=3 Start=7928399243798 End=7928399268122 Duration=24324
Task=77 Chunk=0 Start=7928399243430 End=7928399271175 Duration=27745
Task=77 Chunk=1 Start=7928399271345 End=7928399271349 Duration=4
Task=77 Chunk=2 Start=7928399271405 End=7928399271598 Duration=193
Task=77 Chunk=3 Start=7928399271609 End=7928399296404 Duration=24795
Task=78 Chunk=0 Start=7928399271176 End=7928399299391 Duration=28215
Task=78 Chunk=1 Start=7928399299543 End=7928399299546 Duration=3
Task=78 Chunk=2 Start=7928399299552 End=7928399299802 Duration=250
Task=78 Chunk=3 Start=7928399299805 End=7928399324113 Duration=24308
Task=79 Chunk=0 Start=7928399299391 End=7928399327132 Duration=27741
Task=79 Chunk=2 Start=7928399327321 End=7928399327504 Duration=183
Task=79 Chunk=3 Start=7928399327509 End=7928399351651 Duration=24142
Task=80 Chunk=0 Start=7928399327133 End=7928399355989 Duration=28856
Task=80 Chunk=1 Start=7928399356151 End=7928399356152 Duration=1
Task=80 Chunk=2 Start=7928399356165 End=7928399356356 Duration=191
Task=80 Chunk=3 Start=7928399356373 End=7928399381457 Duration=25084
Task=81 Chunk=0 Start=7928399355990 End=7928399384806 Duration=28816
Task=81 Chunk=1 Start=7928399384943 End=7928399384944 Duration=1
Task=81 Chunk=2 Start=7928399384985 End=7928399385178 Duration=193
Task=81 Chunk=3 Start=7928399385199 End=7928399409526 Duration=24327
Task=82 Chunk=0 Start=7928399384807 End=7928399412577 Duration=27770
Task=82 Chunk=2 Start=7928399412705 End=7928399412901 Duration=196
Task=82 Chunk=3 Start=7928399412921 End=7928399437750 Duration=24829
Task=83 Chunk=0 Start=7928399412577 End=7928399440826 Duration=28249
Task=83 Chunk=2 Start=7928399441054 End=7928399441278 Duration=224
Task=83 Chunk=3 Start=7928399441298 End=7928399465672 Duration=24374
Task=84 Chunk=0 Start=7928399440829 End=7928399468292 Duration=27463
Task=84 Chunk=1 Start=7928399468412 End=7928399468413 Duration=1
Task=84 Chunk=2 Start=7928399468466 End=7928399468650 Duration=184
Task=84 Chunk=3 Start=7928399468658 End=7928399493079 Duration=24421
Task=85 Chunk=0 Start=7928399468293 End=7928399495968 Duration=27675
Task=85 Chunk=1 Start=7928399496187 End=7928399496188 Duration=1
Task=85 Chunk=2 Start=7928399496242 End=7928399496439 Duration=197
Task=85 Chunk=3 Start=7928399496457 End=7928399521677 Duration=25220
Task=86 Chunk=0 Start=7928399495969 End=7928399524563 Duration=28594
Task=86 Chunk=1 Start=7928399524628 End=7928399524631 Duration=3
Task=86 Chunk=2 Start=7928399524659 End=7928399524856 Duration=197
Task=86 Chunk=3 Start=7928399524861 End=7928399549144 Duration=24283
Task=87 Chunk=0 Start=7928399524564 End=7928399552257 Duration=27693
Task=87 Chunk=1 Start=7928399552379 End=7928399552382 Duration=3
Task=87 Chunk=2 Start=7928399552417 End=7928399552539 Duration=122
Task=87 Chunk=3 Start=7928399552548 End=7928399576994 Duration=24446
Task=88 Chunk=0 Start=7928399552258 End=7928399580125 Duration=27867
Task=88 Chunk=1 Start=7928399580242 End=7928399580243 Duration=1
Task=88 Chunk=2 Start=7928399580270 End=7928399580474 Duration=204
Task=88 Chunk=3 Start=7928399580488 End=7928399605465 Duration=24977
Task=89 Chunk=0 Start=7928399580126 End=7928399608445 Duration=28319
Task=89 Chunk=1 Start=7928399608562 End=7928399608563 Duration=1
Task=89 Chunk=2 Start=7928399608606 End=7928399608836 Duration=230
Task=89 Chunk=3 Start=7928399608840 End=7928399633223 Duration=24383
Task=90 Chunk=0 Start=7928399608445 End=7928399636185 Duration=27740
Task=90 Chunk=1 Start=7928399636372 End=7928399636373 Duration=1
Task=90 Chunk=2 Start=7928399636406 End=7928399636596 Duration=190
Task=90 Chunk=3 Start=7928399636604 End=7928399661006 Duration=24402
Task=91 Chunk=0 Start=7928399636186 End=7928399665904 Duration=29718
Task=91 Chunk=1 Start=7928399666056 End=7928399666057 Duration=1
Task=91 Chunk=2 Start=7928399666097 End=7928399666336 Duration=239
Task=91 Chunk=3 Start=7928399666357 End=7928399690748 Duration=24391
Task=92 Chunk=0 Start=7928399665906 End=7928399694165 Duration=28259
Task=92 Chunk=2 Start=7928399694309 End=7928399694483 Duration=174
Task=92 Chunk=3 Start=7928399694505 End=7928399718931 Duration=24426
Task=93 Chunk=0 Start=7928399694168 End=7928399721887 Duration=27719
Task=93 Chunk=1 Start=7928399722047 End=7928399722048 Duration=1
Task=93 Chunk=2 Start=7928399722062 End=7928399722264 Duration=202
Task=93 Chunk=3 Start=7928399722280 End=7928399747293 Duration=25013
Task=94 Chunk=0 Start=7928399721887 End=7928399750376 Duration=28489
Task=94 Chunk=2 Start=7928399750543 End=7928399750754 Duration=211
Task=94 Chunk=3 Start=7928399750772 End=7928399775157 Duration=24385
Task=95 Chunk=0 Start=7928399750376 End=7928399778150 Duration=27774
Task=95 Chunk=1 Start=7928399778246 End=7928399778247 Duration=1
Task=95 Chunk=2 Start=7928399778258 End=7928399778554 Duration=296
Task=95 Chunk=3 Start=7928399778576 End=7928399802798 Duration=24222
Task=96 Chunk=0 Start=7928399778152 End=7928399805940 Duration=27788
Task=96 Chunk=1 Start=7928399806139 End=7928399806140 Duration=1
Task=96 Chunk=2 Start=7928399806172 End=7928399806372 Duration=200
Task=96 Chunk=3 Start=7928399806385 End=7928399831562 Duration=25177
Task=97 Chunk=0 Start=7928399805941 End=7928399834517 Duration=28576
Task=97 Chunk=1 Start=7928399834648 End=7928399834649 Duration=1
Task=97 Chunk=2 Start=7928399834700 End=7928399834918 Duration=218
Task=97 Chunk=3 Start=7928399834940 End=7928399859600 Duration=24660
Task=98 Chunk=0 Start=7928399834518 End=7928399862285 Duration=27767
Task=98 Chunk=1 Start=7928399862432 End=7928399862433 Duration=1
Task=98 Chunk=2 Start=7928399862489 End=7928399862795 Duration=306
Task=98 Chunk=3 Start=7928399862797 End=7928399887407 Duration=24610
Task=99 Chunk=0 Start=7928399862286 End=7928399889990 Duration=27704
Task=99 Chunk=1 Start=7928399890132 End=7928399890133 Duration=1
Task=99 Chunk=2 Start=7928399890148 End=7928399890505 Duration=357
Task=99 Chunk=3 Start=7928399890526 End=7928399915570 Duration=25044
### Python End ###
