
Running only on specified device: 3A021JEHN02756
Deploying and running 'bm-gen-logs-tree-vk' on device: 3A021JEHN02756
build/android/arm64-v8a/release/bm-gen-logs-tree-vk: 1 file pushed, 0 skipped. 459.9 MB/s (7087568 bytes in 0.015s)
[2025-06-26 13:49:21.662] [info] Pinable Lit cores: 0 1 2 3 
[2025-06-26 13:49:21.662] [info] Pinable Med cores: 4 5 
[2025-06-26 13:49:21.662] [info] Pinable Big cores: 6 7 
[2025-06-26 13:49:21.662] [info] Pinable Sup cores: 
[2025-06-26 13:49:22.395] [info] Fetching JSON from URL: http://192.168.1.12:8080/3A021JEHN02756/tree/vk/schedules_normal.json
[2025-06-26 13:49:22.489] [info] Loaded 30 valid schedules from JSON
[2025-06-26 13:49:22.490] [info] Loaded 30 schedules
--------------------------------
Schedule 0 [UID: SCH-G7-G000-6ee5]:
  Chunk 0 [Vulkan    ]: 1, 2, 3, 4, 5, 6, 7
--------------------------------
Schedule 1 [UID: SCH-L7-G000-c992]:
  Chunk 0 [OMP/Little]: 1, 2, 3, 4, 5, 6, 7
--------------------------------
Schedule 2 [UID: SCH-B7-G000-4622]:
  Chunk 0 [OMP/Big   ]: 1, 2, 3, 4, 5, 6, 7
--------------------------------
Schedule 3 [UID: SCH-M7-G000-1f19]:
  Chunk 0 [OMP/Medium]: 1, 2, 3, 4, 5, 6, 7
--------------------------------
Schedule 4 [UID: SCH-L3G4-G036-8296]:
  Chunk 0 [OMP/Little]: 1, 2, 3
  Chunk 1 [Vulkan    ]: 4, 5, 6, 7
--------------------------------
Schedule 5 [UID: SCH-L3B4-G039-844c]:
  Chunk 0 [OMP/Little]: 1, 2, 3
  Chunk 1 [OMP/Big   ]: 4, 5, 6, 7
--------------------------------
Schedule 6 [UID: SCH-B4L3-G050-3af8]:
  Chunk 0 [OMP/Big   ]: 1, 2, 3, 4
  Chunk 1 [OMP/Little]: 5, 6, 7
--------------------------------
Schedule 7 [UID: SCH-M4L3-G050-633e]:
  Chunk 0 [OMP/Medium]: 1, 2, 3, 4
  Chunk 1 [OMP/Little]: 5, 6, 7
--------------------------------
Schedule 8 [UID: SCH-B5L2-G054-33a4]:
  Chunk 0 [OMP/Big   ]: 1, 2, 3, 4, 5
  Chunk 1 [OMP/Little]: 6, 7
--------------------------------
Schedule 9 [UID: SCH-L3M4-G130-45bf]:
  Chunk 0 [OMP/Little]: 1, 2, 3
  Chunk 1 [OMP/Medium]: 4, 5, 6, 7
--------------------------------
Schedule 10 [UID: SCH-L2G5-G139-ffed]:
  Chunk 0 [OMP/Little]: 1, 2
  Chunk 1 [Vulkan    ]: 3, 4, 5, 6, 7
--------------------------------
Schedule 11 [UID: SCH-B6L1-G141-26dd]:
  Chunk 0 [OMP/Big   ]: 1, 2, 3, 4, 5, 6
  Chunk 1 [OMP/Little]: 7
--------------------------------
Schedule 12 [UID: SCH-M3G1B3-G145-00d1]:
  Chunk 0 [OMP/Medium]: 1, 2, 3
  Chunk 1 [Vulkan    ]: 4
  Chunk 2 [OMP/Big   ]: 5, 6, 7
--------------------------------
Schedule 13 [UID: SCH-M5L2-G157-f7a6]:
  Chunk 0 [OMP/Medium]: 1, 2, 3, 4, 5
  Chunk 1 [OMP/Little]: 6, 7
--------------------------------
Schedule 14 [UID: SCH-M2L1G1B3-G169-4f29]:
  Chunk 0 [OMP/Medium]: 1, 2
  Chunk 1 [OMP/Little]: 3
  Chunk 2 [Vulkan    ]: 4
  Chunk 3 [OMP/Big   ]: 5, 6, 7
--------------------------------
Schedule 15 [UID: SCH-M3G1L2B1-G169-bf0c]:
  Chunk 0 [OMP/Medium]: 1, 2, 3
  Chunk 1 [Vulkan    ]: 4
  Chunk 2 [OMP/Little]: 5, 6
  Chunk 3 [OMP/Big   ]: 7
--------------------------------
Schedule 16 [UID: SCH-B3G1M3-G178-8c30]:
  Chunk 0 [OMP/Big   ]: 1, 2, 3
  Chunk 1 [Vulkan    ]: 4
  Chunk 2 [OMP/Medium]: 5, 6, 7
--------------------------------
Schedule 17 [UID: SCH-B3G1L2M1-G178-1468]:
  Chunk 0 [OMP/Big   ]: 1, 2, 3
  Chunk 1 [Vulkan    ]: 4
  Chunk 2 [OMP/Little]: 5, 6
  Chunk 3 [OMP/Medium]: 7
--------------------------------
Schedule 18 [UID: SCH-M2G2B3-G190-be34]:
  Chunk 0 [OMP/Medium]: 1, 2
  Chunk 1 [Vulkan    ]: 3, 4
  Chunk 2 [OMP/Big   ]: 5, 6, 7
--------------------------------
Schedule 19 [UID: SCH-M2G2L2B1-G191-d5b4]:
  Chunk 0 [OMP/Medium]: 1, 2
  Chunk 1 [Vulkan    ]: 3, 4
  Chunk 2 [OMP/Little]: 5, 6
  Chunk 3 [OMP/Big   ]: 7
--------------------------------
Schedule 20 [UID: SCH-B2L1G1M3-G200-6690]:
  Chunk 0 [OMP/Big   ]: 1, 2
  Chunk 1 [OMP/Little]: 3
  Chunk 2 [Vulkan    ]: 4
  Chunk 3 [OMP/Medium]: 5, 6, 7
--------------------------------
Schedule 21 [UID: SCH-L2B5-G215-abbf]:
  Chunk 0 [OMP/Little]: 1, 2
  Chunk 1 [OMP/Big   ]: 3, 4, 5, 6, 7
--------------------------------
Schedule 22 [UID: SCH-M3G2B2-G218-8b0b]:
  Chunk 0 [OMP/Medium]: 1, 2, 3
  Chunk 1 [Vulkan    ]: 4, 5
  Chunk 2 [OMP/Big   ]: 6, 7
--------------------------------
Schedule 23 [UID: SCH-L1M2G1B3-G220-0dfc]:
  Chunk 0 [OMP/Little]: 1
  Chunk 1 [OMP/Medium]: 2, 3
  Chunk 2 [Vulkan    ]: 4
  Chunk 3 [OMP/Big   ]: 5, 6, 7
--------------------------------
Schedule 24 [UID: SCH-B2G2M3-G221-cba4]:
  Chunk 0 [OMP/Big   ]: 1, 2
  Chunk 1 [Vulkan    ]: 3, 4
  Chunk 2 [OMP/Medium]: 5, 6, 7
--------------------------------
Schedule 25 [UID: SCH-B2G2L2M1-G221-c4f1]:
  Chunk 0 [OMP/Big   ]: 1, 2
  Chunk 1 [Vulkan    ]: 3, 4
  Chunk 2 [OMP/Little]: 5, 6
  Chunk 3 [OMP/Medium]: 7
--------------------------------
Schedule 26 [UID: SCH-L2B2G3-G227-6ddc]:
  Chunk 0 [OMP/Little]: 1, 2
  Chunk 1 [OMP/Big   ]: 3, 4
  Chunk 2 [Vulkan    ]: 5, 6, 7
--------------------------------
Schedule 27 [UID: SCH-M3G1L1B2-G230-a479]:
  Chunk 0 [OMP/Medium]: 1, 2, 3
  Chunk 1 [Vulkan    ]: 4
  Chunk 2 [OMP/Little]: 5
  Chunk 3 [OMP/Big   ]: 6, 7
--------------------------------
Schedule 28 [UID: SCH-B3G1L1M2-G230-947a]:
  Chunk 0 [OMP/Big   ]: 1, 2, 3
  Chunk 1 [Vulkan    ]: 4
  Chunk 2 [OMP/Little]: 5
  Chunk 3 [OMP/Medium]: 6, 7
--------------------------------
Schedule 29 [UID: SCH-L1B2G1M3-G230-6496]:
  Chunk 0 [OMP/Little]: 1
  Chunk 1 [OMP/Big   ]: 2, 3
  Chunk 2 [Vulkan    ]: 4
  Chunk 3 [OMP/Medium]: 5, 6, 7
[2025-06-26 13:49:22.496] [info] Running 30/30 schedules

--------------------------------
[2025-06-26 13:49:22.516] [info] Available Vulkan Layers:
[2025-06-26 13:49:22.517] [warning] Validation layer requested but not available, continuing without it...
[2025-06-26 13:49:22.524] [info] Using integrated GPU: Mali-G710
[2025-06-26 13:49:22.529] [info] VulkanDispatcher instance created.
[2025-06-26 13:49:22.760] [info] Total memory used: 40550404 bytes (38.67188 MB)
[2025-06-26 13:49:22.766] [info] Total memory used: 40550404 bytes (38.67188 MB)
[2025-06-26 13:49:22.847] [info] Total memory used: 40550404 bytes (38.67188 MB)
[2025-06-26 13:49:22.854] [info] Total memory used: 40550404 bytes (38.67188 MB)
[2025-06-26 13:49:22.861] [info] Total memory used: 40550404 bytes (38.67188 MB)
[2025-06-26 13:49:22.970] [info] Total memory used: 40550404 bytes (38.67188 MB)
[2025-06-26 13:49:22.978] [info] Total memory used: 40550404 bytes (38.67188 MB)
[2025-06-26 13:49:22.983] [info] Total memory used: 40550404 bytes (38.67188 MB)
[2025-06-26 13:49:22.989] [info] Total memory used: 40550404 bytes (38.67188 MB)
[2025-06-26 13:49:22.994] [info] Total memory used: 40550404 bytes (38.67188 MB)
[2025-06-26 13:49:23.080] [info] Total memory used: 40550404 bytes (38.67188 MB)
[2025-06-26 13:49:23.085] [info] Total memory used: 40550404 bytes (38.67188 MB)
[2025-06-26 13:49:23.091] [info] Total memory used: 40550404 bytes (38.67188 MB)
[2025-06-26 13:49:23.097] [info] Total memory used: 40550404 bytes (38.67188 MB)
[2025-06-26 13:49:23.102] [info] Total memory used: 40550404 bytes (38.67188 MB)
[2025-06-26 13:49:23.108] [info] Total memory used: 40550404 bytes (38.67188 MB)
### Python Begin ###
Schedule_UID=SCH-G7-G000-6ee5
Frequency=24576000 Hz
Task=0 Chunk=0 Start=3679411361345 End=3679413387840 Duration=2026495
Task=1 Chunk=0 Start=3679413387884 End=3679414768637 Duration=1380753
Task=2 Chunk=0 Start=3679414768663 End=3679415867111 Duration=1098448
Task=3 Chunk=0 Start=3679415867124 End=3679417479085 Duration=1611961
Task=4 Chunk=0 Start=3679417479120 End=3679418632332 Duration=1153212
Task=5 Chunk=0 Start=3679418632404 End=3679419515184 Duration=882780
Task=6 Chunk=0 Start=3679419515259 End=3679420810879 Duration=1295620
Task=7 Chunk=0 Start=3679420810958 End=3679422117062 Duration=1306104
Task=8 Chunk=0 Start=3679422117119 End=3679423618742 Duration=1501623
Task=9 Chunk=0 Start=3679423618822 End=3679425000574 Duration=1381752
Task=10 Chunk=0 Start=3679425000667 End=3679426477910 Duration=1477243
Task=11 Chunk=0 Start=3679426477996 End=3679427965360 Duration=1487364
Task=12 Chunk=0 Start=3679427965444 End=3679429401328 Duration=1435884
Task=13 Chunk=0 Start=3679429401429 End=3679430882718 Duration=1481289
Task=14 Chunk=0 Start=3679430882797 End=3679432328963 Duration=1446166
Task=15 Chunk=0 Start=3679432329062 End=3679433750373 Duration=1421311
Task=16 Chunk=0 Start=3679433750433 End=3679435209719 Duration=1459286
Task=17 Chunk=0 Start=3679435209801 End=3679436359002 Duration=1149201
Task=18 Chunk=0 Start=3679436359084 End=3679437693976 Duration=1334892
Task=19 Chunk=0 Start=3679437694052 End=3679439026728 Duration=1332676
Task=20 Chunk=0 Start=3679439026815 End=3679440454311 Duration=1427496
Task=21 Chunk=0 Start=3679440454377 End=3679441658840 Duration=1204463
Task=22 Chunk=0 Start=3679441658907 End=3679443102565 Duration=1443658
Task=23 Chunk=0 Start=3679443102643 End=3679444418345 Duration=1315702
Task=24 Chunk=0 Start=3679444418378 End=3679445804411 Duration=1386033
Task=25 Chunk=0 Start=3679445804474 End=3679447353349 Duration=1548875
Task=26 Chunk=0 Start=3679447353417 End=3679448416143 Duration=1062726
Task=27 Chunk=0 Start=3679448416220 End=3679449558928 Duration=1142708
Task=28 Chunk=0 Start=3679449559008 End=3679450868069 Duration=1309061
Task=29 Chunk=0 Start=3679450868162 End=3679452289274 Duration=1421112
Task=30 Chunk=0 Start=3679452289372 End=3679453806782 Duration=1517410
Task=31 Chunk=0 Start=3679453806850 End=3679455192257 Duration=1385407
Task=32 Chunk=0 Start=3679455192346 End=3679456661963 Duration=1469617
Task=33 Chunk=0 Start=3679456662050 End=3679458046387 Duration=1384337
Task=34 Chunk=0 Start=3679458046466 End=3679459614017 Duration=1567551
Task=35 Chunk=0 Start=3679459614092 End=3679460702042 Duration=1087950
Task=36 Chunk=0 Start=3679460702118 End=3679462224636 Duration=1522518
Task=37 Chunk=0 Start=3679462224718 End=3679463636045 Duration=1411327
Task=38 Chunk=0 Start=3679463636145 End=3679464773232 Duration=1137087
Task=39 Chunk=0 Start=3679464773310 End=3679466095494 Duration=1322184
Task=40 Chunk=0 Start=3679466095600 End=3679467532486 Duration=1436886
Task=41 Chunk=0 Start=3679467532591 End=3679469042089 Duration=1509498
Task=42 Chunk=0 Start=3679469042169 End=3679470436397 Duration=1394228
Task=43 Chunk=0 Start=3679470436451 End=3679471534933 Duration=1098482
Task=44 Chunk=0 Start=3679471535046 End=3679472984089 Duration=1449043
Task=45 Chunk=0 Start=3679472984179 End=3679474260079 Duration=1275900
Task=46 Chunk=0 Start=3679474260158 End=3679475581066 Duration=1320908
Task=47 Chunk=0 Start=3679475581144 End=3679477027393 Duration=1446249
Task=48 Chunk=0 Start=3679477027483 End=3679478094426 Duration=1066943
Task=49 Chunk=0 Start=3679478094510 End=3679479553073 Duration=1458563
Task=50 Chunk=0 Start=3679479553176 End=3679481048025 Duration=1494849
Task=51 Chunk=0 Start=3679481048111 End=3679482475086 Duration=1426975
Task=52 Chunk=0 Start=3679482475161 End=3679483806352 Duration=1331191
Task=53 Chunk=0 Start=3679483806446 End=3679485239386 Duration=1432940
Task=54 Chunk=0 Start=3679485239465 End=3679486751670 Duration=1512205
Task=55 Chunk=0 Start=3679486751748 End=3679488191898 Duration=1440150
Task=56 Chunk=0 Start=3679488191993 End=3679489335899 Duration=1143906
Task=57 Chunk=0 Start=3679489335977 End=3679490676275 Duration=1340298
Task=58 Chunk=0 Start=3679490676360 End=3679492060071 Duration=1383711
Task=59 Chunk=0 Start=3679492060115 End=3679493552195 Duration=1492080
Task=60 Chunk=0 Start=3679493552284 End=3679494620168 Duration=1067884
Task=61 Chunk=0 Start=3679494620254 End=3679495739342 Duration=1119088
Task=62 Chunk=0 Start=3679495739412 End=3679497077757 Duration=1338345
Task=63 Chunk=0 Start=3679497077832 End=3679498366944 Duration=1289112
Task=64 Chunk=0 Start=3679498367038 End=3679499850731 Duration=1483693
Task=65 Chunk=0 Start=3679499850809 End=3679501283816 Duration=1433007
Task=66 Chunk=0 Start=3679501283898 End=3679502466317 Duration=1182419
Task=67 Chunk=0 Start=3679502466394 End=3679504087057 Duration=1620663
Task=68 Chunk=0 Start=3679504087189 End=3679505413034 Duration=1325845
Task=69 Chunk=0 Start=3679505413114 End=3679506857814 Duration=1444700
Task=70 Chunk=0 Start=3679506857906 End=3679508366580 Duration=1508674
Task=71 Chunk=0 Start=3679508366657 End=3679509428283 Duration=1061626
Task=72 Chunk=0 Start=3679509428372 End=3679510866780 Duration=1438408
Task=73 Chunk=0 Start=3679510866824 End=3679512331712 Duration=1464888
Task=74 Chunk=0 Start=3679512331794 End=3679513774337 Duration=1442543
Task=75 Chunk=0 Start=3679513774424 End=3679515054023 Duration=1279599
Task=76 Chunk=0 Start=3679515054095 End=3679516437907 Duration=1383812
Task=77 Chunk=0 Start=3679516437985 End=3679517845395 Duration=1407410
Task=78 Chunk=0 Start=3679517845473 End=3679519177787 Duration=1332314
Task=79 Chunk=0 Start=3679519177862 End=3679520676562 Duration=1498700
Task=80 Chunk=0 Start=3679520676664 End=3679522143134 Duration=1466470
Task=81 Chunk=0 Start=3679522143222 End=3679523401321 Duration=1258099
Task=82 Chunk=0 Start=3679523401398 End=3679524543728 Duration=1142330
Task=83 Chunk=0 Start=3679524543886 End=3679525816966 Duration=1273080
Task=84 Chunk=0 Start=3679525817061 End=3679526986619 Duration=1169558
Task=85 Chunk=0 Start=3679526986709 End=3679528213911 Duration=1227202
Task=86 Chunk=0 Start=3679528214007 End=3679529518053 Duration=1304046
Task=87 Chunk=0 Start=3679529518127 End=3679530989850 Duration=1471723
Task=88 Chunk=0 Start=3679530989963 End=3679532453562 Duration=1463599
Task=89 Chunk=0 Start=3679532453642 End=3679533844895 Duration=1391253
Task=90 Chunk=0 Start=3679533844979 End=3679535298366 Duration=1453387
Task=91 Chunk=0 Start=3679535298441 End=3679536683449 Duration=1385008
Task=92 Chunk=0 Start=3679536683519 End=3679538147345 Duration=1463826
Task=93 Chunk=0 Start=3679538147430 End=3679539506799 Duration=1359369
Task=94 Chunk=0 Start=3679539506897 End=3679540958569 Duration=1451672
Task=95 Chunk=0 Start=3679540958649 End=3679542399636 Duration=1440987
Task=96 Chunk=0 Start=3679542399751 End=3679543847340 Duration=1447589
Task=97 Chunk=0 Start=3679543847430 End=3679545285527 Duration=1438097
Task=98 Chunk=0 Start=3679545285607 End=3679546715759 Duration=1430152
Task=99 Chunk=0 Start=3679546715803 End=3679548216937 Duration=1501134
### Python End ###

--------------------------------
[2025-06-26 13:49:28.710] [info] Available Vulkan Layers:
[2025-06-26 13:49:28.710] [warning] Validation layer requested but not available, continuing without it...
[2025-06-26 13:49:28.713] [info] Using integrated GPU: Mali-G710
[2025-06-26 13:49:28.717] [info] VulkanDispatcher instance created.
[2025-06-26 13:49:28.970] [info] Total memory used: 40550404 bytes (38.67188 MB)
[2025-06-26 13:49:28.975] [info] Total memory used: 40550404 bytes (38.67188 MB)
[2025-06-26 13:49:29.055] [info] Total memory used: 40550404 bytes (38.67188 MB)
[2025-06-26 13:49:29.062] [info] Total memory used: 40550404 bytes (38.67188 MB)
[2025-06-26 13:49:29.068] [info] Total memory used: 40550404 bytes (38.67188 MB)
[2025-06-26 13:49:29.153] [info] Total memory used: 40550404 bytes (38.67188 MB)
[2025-06-26 13:49:29.159] [info] Total memory used: 40550404 bytes (38.67188 MB)
[2025-06-26 13:49:29.164] [info] Total memory used: 40550404 bytes (38.67188 MB)
[2025-06-26 13:49:29.170] [info] Total memory used: 40550404 bytes (38.67188 MB)
[2025-06-26 13:49:29.176] [info] Total memory used: 40550404 bytes (38.67188 MB)
[2025-06-26 13:49:29.264] [info] Total memory used: 40550404 bytes (38.67188 MB)
[2025-06-26 13:49:29.269] [info] Total memory used: 40550404 bytes (38.67188 MB)
[2025-06-26 13:49:29.274] [info] Total memory used: 40550404 bytes (38.67188 MB)
[2025-06-26 13:49:29.280] [info] Total memory used: 40550404 bytes (38.67188 MB)
[2025-06-26 13:49:29.285] [info] Total memory used: 40550404 bytes (38.67188 MB)
[2025-06-26 13:49:29.290] [info] Total memory used: 40550404 bytes (38.67188 MB)
### Python Begin ###
Schedule_UID=SCH-L7-G000-c992
Frequency=24576000 Hz
Task=0 Chunk=0 Start=3679563294511 End=3679564125810 Duration=831299
Task=1 Chunk=0 Start=3679564125887 End=3679565259803 Duration=1133916
Task=2 Chunk=0 Start=3679565259883 End=3679567322206 Duration=2062323
Task=3 Chunk=0 Start=3679567322279 End=3679569370681 Duration=2048402
Task=4 Chunk=0 Start=3679569370724 End=3679571511493 Duration=2140769
Task=5 Chunk=0 Start=3679571511771 End=3679574148229 Duration=2636458
Task=6 Chunk=0 Start=3679574148552 End=3679574964990 Duration=816438
Task=7 Chunk=0 Start=3679574965069 End=3679575681788 Duration=716719
Task=8 Chunk=0 Start=3679575681962 End=3679576419044 Duration=737082
Task=9 Chunk=0 Start=3679576419166 End=3679577171988 Duration=752822
Task=10 Chunk=0 Start=3679577172101 End=3679577906626 Duration=734525
Task=11 Chunk=0 Start=3679577906715 End=3679578661653 Duration=754938
Task=12 Chunk=0 Start=3679578661801 End=3679579397024 Duration=735223
Task=13 Chunk=0 Start=3679579397131 End=3679580147322 Duration=750191
Task=14 Chunk=0 Start=3679580147443 End=3679580880623 Duration=733180
Task=15 Chunk=0 Start=3679580880787 End=3679581634752 Duration=753965
Task=16 Chunk=0 Start=3679581634940 End=3679582419319 Duration=784379
Task=17 Chunk=0 Start=3679582419497 End=3679583157206 Duration=737709
Task=18 Chunk=0 Start=3679583157268 End=3679583876804 Duration=719536
Task=19 Chunk=0 Start=3679583876908 End=3679584608388 Duration=731480
Task=20 Chunk=0 Start=3679584608518 End=3679585363835 Duration=755317
Task=21 Chunk=0 Start=3679585363973 End=3679586106070 Duration=742097
Task=22 Chunk=0 Start=3679586106105 End=3679586820724 Duration=714619
Task=23 Chunk=0 Start=3679586820871 End=3679587550828 Duration=729957
Task=24 Chunk=0 Start=3679587550946 End=3679588296497 Duration=745551
Task=25 Chunk=0 Start=3679588296662 End=3679589028636 Duration=731974
Task=26 Chunk=0 Start=3679589028693 End=3679589758650 Duration=729957
Task=27 Chunk=0 Start=3679589758758 End=3679590486038 Duration=727280
Task=28 Chunk=0 Start=3679590486192 End=3679591232714 Duration=746522
Task=29 Chunk=0 Start=3679591232780 End=3679591968820 Duration=736040
Task=30 Chunk=0 Start=3679591968880 End=3679592702585 Duration=733705
Task=31 Chunk=0 Start=3679592702737 End=3679593462649 Duration=759912
Task=32 Chunk=0 Start=3679593462819 End=3679594336088 Duration=873269
Task=33 Chunk=0 Start=3679594336181 End=3679595073084 Duration=736903
Task=34 Chunk=0 Start=3679595073239 End=3679595831664 Duration=758425
Task=35 Chunk=0 Start=3679595831844 End=3679596633753 Duration=801909
Task=36 Chunk=0 Start=3679596634061 End=3679597378935 Duration=744874
Task=37 Chunk=0 Start=3679597379102 End=3679598139427 Duration=760325
Task=38 Chunk=0 Start=3679598139566 End=3679598911752 Duration=772186
Task=39 Chunk=0 Start=3679598911947 End=3679599663719 Duration=751772
Task=40 Chunk=0 Start=3679599663816 End=3679600379299 Duration=715483
Task=41 Chunk=0 Start=3679600379430 End=3679601112264 Duration=732834
Task=42 Chunk=0 Start=3679601112410 End=3679601866007 Duration=753597
Task=43 Chunk=0 Start=3679601866141 End=3679602597019 Duration=730878
Task=44 Chunk=0 Start=3679602597052 End=3679603322559 Duration=725507
Task=45 Chunk=0 Start=3679603322668 End=3679604049668 Duration=727000
Task=46 Chunk=0 Start=3679604049798 End=3679604799462 Duration=749664
Task=47 Chunk=0 Start=3679604799611 End=3679605535187 Duration=735576
Task=48 Chunk=0 Start=3679605535243 End=3679606271704 Duration=736461
Task=49 Chunk=0 Start=3679606271816 End=3679607033512 Duration=761696
Task=50 Chunk=0 Start=3679607033670 End=3679607843548 Duration=809878
Task=51 Chunk=0 Start=3679607843808 End=3679608589484 Duration=745676
Task=52 Chunk=0 Start=3679608589602 End=3679609318011 Duration=728409
Task=53 Chunk=0 Start=3679609318152 End=3679610051392 Duration=733240
Task=54 Chunk=0 Start=3679610051546 End=3679610776842 Duration=725296
Task=55 Chunk=0 Start=3679610777008 End=3679611505194 Duration=728186
Task=56 Chunk=0 Start=3679611505318 End=3679612256091 Duration=750773
Task=57 Chunk=0 Start=3679612256369 End=3679613024283 Duration=767914
Task=58 Chunk=0 Start=3679613024527 End=3679613758302 Duration=733775
Task=59 Chunk=0 Start=3679613758409 End=3679614485101 Duration=726692
Task=60 Chunk=0 Start=3679614485251 End=3679615243442 Duration=758191
Task=61 Chunk=0 Start=3679615243676 End=3679616023862 Duration=780186
Task=62 Chunk=0 Start=3679616023986 End=3679616760778 Duration=736792
Task=63 Chunk=0 Start=3679616760861 End=3679617484596 Duration=723735
Task=64 Chunk=0 Start=3679617484718 End=3679618235206 Duration=750488
Task=65 Chunk=0 Start=3679618235365 End=3679618993677 Duration=758312
Task=66 Chunk=0 Start=3679618993869 End=3679619745109 Duration=751240
Task=67 Chunk=0 Start=3679619745227 End=3679620491405 Duration=746178
Task=68 Chunk=0 Start=3679620491569 End=3679621231137 Duration=739568
Task=69 Chunk=0 Start=3679621231280 End=3679621986254 Duration=754974
Task=70 Chunk=0 Start=3679621986515 End=3679622731975 Duration=745460
Task=71 Chunk=0 Start=3679622732088 End=3679623490569 Duration=758481
Task=72 Chunk=0 Start=3679623490731 End=3679624274084 Duration=783353
Task=73 Chunk=0 Start=3679624274310 End=3679625026542 Duration=752232
Task=74 Chunk=0 Start=3679625026580 End=3679625744867 Duration=718287
Task=75 Chunk=0 Start=3679625745005 End=3679626470853 Duration=725848
Task=76 Chunk=0 Start=3679626471011 End=3679627216116 Duration=745105
Task=77 Chunk=0 Start=3679627216172 End=3679627951271 Duration=735099
Task=78 Chunk=0 Start=3679627951357 End=3679628684173 Duration=732816
Task=79 Chunk=0 Start=3679628684320 End=3679629450715 Duration=766395
Task=80 Chunk=0 Start=3679629450896 End=3679630240363 Duration=789467
Task=81 Chunk=0 Start=3679630240544 End=3679630982975 Duration=742431
Task=82 Chunk=0 Start=3679630983123 End=3679631738056 Duration=754933
Task=83 Chunk=0 Start=3679631738199 End=3679632498515 Duration=760316
Task=84 Chunk=0 Start=3679632498656 End=3679633230241 Duration=731585
Task=85 Chunk=0 Start=3679633230364 End=3679633958554 Duration=728190
Task=86 Chunk=0 Start=3679633958722 End=3679634715264 Duration=756542
Task=87 Chunk=0 Start=3679634715436 End=3679635497948 Duration=782512
Task=88 Chunk=0 Start=3679635498153 End=3679636235996 Duration=737843
Task=89 Chunk=0 Start=3679636236093 End=3679636973433 Duration=737340
Task=90 Chunk=0 Start=3679636973656 End=3679637703191 Duration=729535
Task=91 Chunk=0 Start=3679637703311 End=3679638448849 Duration=745538
Task=92 Chunk=0 Start=3679638448969 End=3679639190464 Duration=741495
Task=93 Chunk=0 Start=3679639190520 End=3679639910794 Duration=720274
Task=94 Chunk=0 Start=3679639910903 End=3679640650324 Duration=739421
Task=95 Chunk=0 Start=3679640650441 End=3679641405156 Duration=754715
Task=96 Chunk=0 Start=3679641405414 End=3679642161108 Duration=755694
Task=97 Chunk=0 Start=3679642161210 End=3679642908794 Duration=747584
Task=98 Chunk=0 Start=3679642908934 End=3679643644405 Duration=735471
Task=99 Chunk=0 Start=3679643644488 End=3679644399348 Duration=754860
### Python End ###

--------------------------------
[2025-06-26 13:49:32.622] [info] Available Vulkan Layers:
[2025-06-26 13:49:32.622] [warning] Validation layer requested but not available, continuing without it...
[2025-06-26 13:49:32.628] [info] Using integrated GPU: Mali-G710
[2025-06-26 13:49:32.631] [info] VulkanDispatcher instance created.
[2025-06-26 13:49:32.823] [info] Total memory used: 40550404 bytes (38.67188 MB)
[2025-06-26 13:49:32.827] [info] Total memory used: 40550404 bytes (38.67188 MB)
[2025-06-26 13:49:32.930] [info] Total memory used: 40550404 bytes (38.67188 MB)
[2025-06-26 13:49:32.935] [info] Total memory used: 40550404 bytes (38.67188 MB)
[2025-06-26 13:49:32.940] [info] Total memory used: 40550404 bytes (38.67188 MB)
[2025-06-26 13:49:33.019] [info] Total memory used: 40550404 bytes (38.67188 MB)
[2025-06-26 13:49:33.024] [info] Total memory used: 40550404 bytes (38.67188 MB)
[2025-06-26 13:49:33.029] [info] Total memory used: 40550404 bytes (38.67188 MB)
[2025-06-26 13:49:33.035] [info] Total memory used: 40550404 bytes (38.67188 MB)
[2025-06-26 13:49:33.040] [info] Total memory used: 40550404 bytes (38.67188 MB)
[2025-06-26 13:49:33.135] [info] Total memory used: 40550404 bytes (38.67188 MB)
[2025-06-26 13:49:33.140] [info] Total memory used: 40550404 bytes (38.67188 MB)
[2025-06-26 13:49:33.145] [info] Total memory used: 40550404 bytes (38.67188 MB)
[2025-06-26 13:49:33.150] [info] Total memory used: 40550404 bytes (38.67188 MB)
[2025-06-26 13:49:33.155] [info] Total memory used: 40550404 bytes (38.67188 MB)
[2025-06-26 13:49:33.159] [info] Total memory used: 40550404 bytes (38.67188 MB)
### Python Begin ###
Schedule_UID=SCH-B7-G000-4622
Frequency=24576000 Hz
Task=0 Chunk=0 Start=3679658388425 End=3679658726863 Duration=338438
Task=1 Chunk=0 Start=3679658726880 End=3679659054103 Duration=327223
Task=2 Chunk=0 Start=3679659054122 End=3679659372760 Duration=318638
Task=3 Chunk=0 Start=3679659372773 End=3679659691408 Duration=318635
Task=4 Chunk=0 Start=3679659691409 End=3679660009286 Duration=317877
Task=5 Chunk=0 Start=3679660009287 End=3679660330556 Duration=321269
Task=6 Chunk=0 Start=3679660330558 End=3679660649228 Duration=318670
Task=7 Chunk=0 Start=3679660649229 End=3679660967969 Duration=318740
Task=8 Chunk=0 Start=3679660967970 End=3679661286814 Duration=318844
Task=9 Chunk=0 Start=3679661286815 End=3679661606990 Duration=320175
Task=10 Chunk=0 Start=3679661606991 End=3679661924189 Duration=317198
Task=11 Chunk=0 Start=3679661924190 End=3679662243231 Duration=319041
Task=12 Chunk=0 Start=3679662243239 End=3679662561323 Duration=318084
Task=13 Chunk=0 Start=3679662561329 End=3679662880918 Duration=319589
Task=14 Chunk=0 Start=3679662880919 End=3679663200508 Duration=319589
Task=15 Chunk=0 Start=3679663200509 End=3679663517978 Duration=317469
Task=16 Chunk=0 Start=3679663517979 End=3679663836123 Duration=318144
Task=17 Chunk=0 Start=3679663836124 End=3679664153373 Duration=317249
Task=18 Chunk=0 Start=3679664153374 End=3679664472375 Duration=319001
Task=19 Chunk=0 Start=3679664472376 End=3679664790672 Duration=318296
Task=20 Chunk=0 Start=3679664790673 End=3679665108024 Duration=317351
Task=21 Chunk=0 Start=3679665108025 End=3679665424829 Duration=316804
Task=22 Chunk=0 Start=3679665424830 End=3679665744894 Duration=320064
Task=23 Chunk=0 Start=3679665744895 End=3679666063052 Duration=318157
Task=24 Chunk=0 Start=3679666063053 End=3679666380684 Duration=317631
Task=25 Chunk=0 Start=3679666380685 End=3679666698275 Duration=317590
Task=26 Chunk=0 Start=3679666698279 End=3679667018892 Duration=320613
Task=27 Chunk=0 Start=3679667018893 End=3679667336666 Duration=317773
Task=28 Chunk=0 Start=3679667336667 End=3679667653861 Duration=317194
Task=29 Chunk=0 Start=3679667653862 End=3679667970591 Duration=316729
Task=30 Chunk=0 Start=3679667970592 End=3679668288913 Duration=318321
Task=31 Chunk=0 Start=3679668288915 End=3679668609082 Duration=320167
Task=32 Chunk=0 Start=3679668609084 End=3679668926149 Duration=317065
Task=33 Chunk=0 Start=3679668926153 End=3679669242670 Duration=316517
Task=34 Chunk=0 Start=3679669242671 End=3679669560820 Duration=318149
Task=35 Chunk=0 Start=3679669560821 End=3679669883055 Duration=322234
Task=36 Chunk=0 Start=3679669883056 End=3679670200578 Duration=317522
Task=37 Chunk=0 Start=3679670200579 End=3679670518330 Duration=317751
Task=38 Chunk=0 Start=3679670518364 End=3679670835286 Duration=316922
Task=39 Chunk=0 Start=3679670835292 End=3679671153214 Duration=317922
Task=40 Chunk=0 Start=3679671153216 End=3679671470092 Duration=316876
Task=41 Chunk=0 Start=3679671470093 End=3679671787893 Duration=317800
Task=42 Chunk=0 Start=3679671787894 End=3679672104390 Duration=316496
Task=43 Chunk=0 Start=3679672104391 End=3679672423985 Duration=319594
Task=44 Chunk=0 Start=3679672423986 End=3679672741480 Duration=317494
Task=45 Chunk=0 Start=3679672741481 End=3679673058240 Duration=316759
Task=46 Chunk=0 Start=3679673058240 End=3679673375948 Duration=317708
Task=47 Chunk=0 Start=3679673375949 End=3679673693649 Duration=317700
Task=48 Chunk=0 Start=3679673693651 End=3679674013502 Duration=319851
Task=49 Chunk=0 Start=3679674013503 End=3679674329903 Duration=316400
Task=50 Chunk=0 Start=3679674329905 End=3679674647799 Duration=317894
Task=51 Chunk=0 Start=3679674647836 End=3679674965892 Duration=318056
Task=52 Chunk=0 Start=3679674965893 End=3679675284978 Duration=319085
Task=53 Chunk=0 Start=3679675284979 End=3679675601496 Duration=316517
Task=54 Chunk=0 Start=3679675601497 End=3679675920076 Duration=318579
Task=55 Chunk=0 Start=3679675920077 End=3679676237372 Duration=317295
Task=56 Chunk=0 Start=3679676237373 End=3679676557506 Duration=320133
Task=57 Chunk=0 Start=3679676557507 End=3679676874270 Duration=316763
Task=58 Chunk=0 Start=3679676874272 End=3679677192652 Duration=318380
Task=59 Chunk=0 Start=3679677192653 End=3679677509127 Duration=316474
Task=60 Chunk=0 Start=3679677509128 End=3679677827932 Duration=318804
Task=61 Chunk=0 Start=3679677827933 End=3679678145685 Duration=317752
Task=62 Chunk=0 Start=3679678145686 End=3679678463890 Duration=318204
Task=63 Chunk=0 Start=3679678463893 End=3679678781698 Duration=317805
Task=64 Chunk=0 Start=3679678781699 End=3679679099454 Duration=317755
Task=65 Chunk=0 Start=3679679099456 End=3679679419730 Duration=320274
Task=66 Chunk=0 Start=3679679419731 End=3679679736971 Duration=317240
Task=67 Chunk=0 Start=3679679736974 End=3679680054535 Duration=317561
Task=68 Chunk=0 Start=3679680054536 End=3679680372282 Duration=317746
Task=69 Chunk=0 Start=3679680372283 End=3679680690896 Duration=318613
Task=70 Chunk=0 Start=3679680690897 End=3679681007584 Duration=316687
Task=71 Chunk=0 Start=3679681007585 End=3679681325077 Duration=317492
Task=72 Chunk=0 Start=3679681325078 End=3679681643066 Duration=317988
Task=73 Chunk=0 Start=3679681643068 End=3679681963064 Duration=319996
Task=74 Chunk=0 Start=3679681963066 End=3679682280046 Duration=316980
Task=75 Chunk=0 Start=3679682280047 End=3679682597741 Duration=317694
Task=76 Chunk=0 Start=3679682597742 End=3679682915440 Duration=317698
Task=77 Chunk=0 Start=3679682915441 End=3679683234384 Duration=318943
Task=78 Chunk=0 Start=3679683234385 End=3679683551310 Duration=316925
Task=79 Chunk=0 Start=3679683551311 End=3679683868801 Duration=317490
Task=80 Chunk=0 Start=3679683868802 End=3679684187033 Duration=318231
Task=81 Chunk=0 Start=3679684187034 End=3679684504373 Duration=317339
Task=82 Chunk=0 Start=3679684504374 End=3679684823683 Duration=319309
Task=83 Chunk=0 Start=3679684823691 End=3679685141242 Duration=317551
Task=84 Chunk=0 Start=3679685141243 End=3679685458049 Duration=316806
Task=85 Chunk=0 Start=3679685458050 End=3679685774919 Duration=316869
Task=86 Chunk=0 Start=3679685774924 End=3679686094337 Duration=319413
Task=87 Chunk=0 Start=3679686094338 End=3679686411380 Duration=317042
Task=88 Chunk=0 Start=3679686411381 End=3679686728505 Duration=317124
Task=89 Chunk=0 Start=3679686728506 End=3679687045640 Duration=317134
Task=90 Chunk=0 Start=3679687045665 End=3679687365983 Duration=320318
Task=91 Chunk=0 Start=3679687366010 End=3679687684221 Duration=318211
Task=92 Chunk=0 Start=3679687684225 End=3679688001616 Duration=317391
Task=93 Chunk=0 Start=3679688001617 End=3679688318568 Duration=316951
Task=94 Chunk=0 Start=3679688318568 End=3679688637247 Duration=318679
Task=95 Chunk=0 Start=3679688637248 End=3679688956442 Duration=319194
Task=96 Chunk=0 Start=3679688956443 End=3679689273462 Duration=317019
Task=97 Chunk=0 Start=3679689273464 End=3679689591394 Duration=317930
Task=98 Chunk=0 Start=3679689591395 End=3679689908275 Duration=316880
Task=99 Chunk=0 Start=3679689908276 End=3679690226861 Duration=318585
### Python End ###

--------------------------------
[2025-06-26 13:49:34.486] [info] Available Vulkan Layers:
[2025-06-26 13:49:34.486] [warning] Validation layer requested but not available, continuing without it...
[2025-06-26 13:49:34.490] [info] Using integrated GPU: Mali-G710
[2025-06-26 13:49:34.494] [info] VulkanDispatcher instance created.
[2025-06-26 13:49:34.713] [info] Total memory used: 40550404 bytes (38.67188 MB)
[2025-06-26 13:49:34.717] [info] Total memory used: 40550404 bytes (38.67188 MB)
[2025-06-26 13:49:34.827] [info] Total memory used: 40550404 bytes (38.67188 MB)
[2025-06-26 13:49:34.833] [info] Total memory used: 40550404 bytes (38.67188 MB)
[2025-06-26 13:49:34.838] [info] Total memory used: 40550404 bytes (38.67188 MB)
[2025-06-26 13:49:34.917] [info] Total memory used: 40550404 bytes (38.67188 MB)
[2025-06-26 13:49:34.922] [info] Total memory used: 40550404 bytes (38.67188 MB)
[2025-06-26 13:49:34.927] [info] Total memory used: 40550404 bytes (38.67188 MB)
[2025-06-26 13:49:34.933] [info] Total memory used: 40550404 bytes (38.67188 MB)
[2025-06-26 13:49:34.938] [info] Total memory used: 40550404 bytes (38.67188 MB)
[2025-06-26 13:49:35.030] [info] Total memory used: 40550404 bytes (38.67188 MB)
[2025-06-26 13:49:35.035] [info] Total memory used: 40550404 bytes (38.67188 MB)
[2025-06-26 13:49:35.040] [info] Total memory used: 40550404 bytes (38.67188 MB)
[2025-06-26 13:49:35.045] [info] Total memory used: 40550404 bytes (38.67188 MB)
[2025-06-26 13:49:35.049] [info] Total memory used: 40550404 bytes (38.67188 MB)
[2025-06-26 13:49:35.054] [info] Total memory used: 40550404 bytes (38.67188 MB)
### Python Begin ###
Schedule_UID=SCH-M7-G000-1f19
Frequency=24576000 Hz
Task=0 Chunk=0 Start=3679704955274 End=3679705343780 Duration=388506
Task=1 Chunk=0 Start=3679705343795 End=3679705609002 Duration=265207
Task=2 Chunk=0 Start=3679705609020 End=3679705870102 Duration=261082
Task=3 Chunk=0 Start=3679705870103 End=3679706130652 Duration=260549
Task=4 Chunk=0 Start=3679706130672 End=3679706391911 Duration=261239
Task=5 Chunk=0 Start=3679706391931 End=3679706653671 Duration=261740
Task=6 Chunk=0 Start=3679706653672 End=3679706913525 Duration=259853
Task=7 Chunk=0 Start=3679706913552 End=3679707173778 Duration=260226
Task=8 Chunk=0 Start=3679707173779 End=3679707434861 Duration=261082
Task=9 Chunk=0 Start=3679707434869 End=3679707693857 Duration=258988
Task=10 Chunk=0 Start=3679707693880 End=3679707955173 Duration=261293
Task=11 Chunk=0 Start=3679707955198 End=3679708216715 Duration=261517
Task=12 Chunk=0 Start=3679708216725 End=3679708474756 Duration=258031
Task=13 Chunk=0 Start=3679708474775 End=3679708734666 Duration=259891
Task=14 Chunk=0 Start=3679708734695 End=3679708995040 Duration=260345
Task=15 Chunk=0 Start=3679708995060 End=3679709254921 Duration=259861
Task=16 Chunk=0 Start=3679709254934 End=3679709516389 Duration=261455
Task=17 Chunk=0 Start=3679709516412 End=3679709777807 Duration=261395
Task=18 Chunk=0 Start=3679709777827 End=3679710037632 Duration=259805
Task=19 Chunk=0 Start=3679710037651 End=3679710298556 Duration=260905
Task=20 Chunk=0 Start=3679710298573 End=3679710557860 Duration=259287
Task=21 Chunk=0 Start=3679710557874 End=3679710819148 Duration=261274
Task=22 Chunk=0 Start=3679710819158 End=3679711079703 Duration=260545
Task=23 Chunk=0 Start=3679711079709 End=3679711339174 Duration=259465
Task=24 Chunk=0 Start=3679711339177 End=3679711599964 Duration=260787
Task=25 Chunk=0 Start=3679711599964 End=3679711860565 Duration=260601
Task=26 Chunk=0 Start=3679711860571 End=3679712120188 Duration=259617
Task=27 Chunk=0 Start=3679712120214 End=3679712380821 Duration=260607
Task=28 Chunk=0 Start=3679712380826 End=3679712641183 Duration=260357
Task=29 Chunk=0 Start=3679712641201 End=3679712899781 Duration=258580
Task=30 Chunk=0 Start=3679712899795 End=3679713161022 Duration=261227
Task=31 Chunk=0 Start=3679713161034 End=3679713422629 Duration=261595
Task=32 Chunk=0 Start=3679713422654 End=3679713681356 Duration=258702
Task=33 Chunk=0 Start=3679713681369 End=3679713942234 Duration=260865
Task=34 Chunk=0 Start=3679713942252 End=3679714203085 Duration=260833
Task=35 Chunk=0 Start=3679714203107 End=3679714464077 Duration=260970
Task=36 Chunk=0 Start=3679714464101 End=3679714725242 Duration=261141
Task=37 Chunk=0 Start=3679714725267 End=3679714983768 Duration=258501
Task=38 Chunk=0 Start=3679714983779 End=3679715244088 Duration=260309
Task=39 Chunk=0 Start=3679715244103 End=3679715504472 Duration=260369
Task=40 Chunk=0 Start=3679715504487 End=3679715764181 Duration=259694
Task=41 Chunk=0 Start=3679715764199 End=3679716023837 Duration=259638
Task=42 Chunk=0 Start=3679716023847 End=3679716282733 Duration=258886
Task=43 Chunk=0 Start=3679716282734 End=3679716540446 Duration=257712
Task=44 Chunk=0 Start=3679716540487 End=3679716801402 Duration=260915
Task=45 Chunk=0 Start=3679716801410 End=3679717063096 Duration=261686
Task=46 Chunk=0 Start=3679717063114 End=3679717322328 Duration=259214
Task=47 Chunk=0 Start=3679717322329 End=3679717583577 Duration=261248
Task=48 Chunk=0 Start=3679717583577 End=3679717844999 Duration=261422
Task=49 Chunk=0 Start=3679717845005 End=3679718103507 Duration=258502
Task=50 Chunk=0 Start=3679718103530 End=3679718365460 Duration=261930
Task=51 Chunk=0 Start=3679718365462 End=3679718627259 Duration=261797
Task=52 Chunk=0 Start=3679718627296 End=3679718887014 Duration=259718
Task=53 Chunk=0 Start=3679718887034 End=3679719147690 Duration=260656
Task=54 Chunk=0 Start=3679719147718 End=3679719406971 Duration=259253
Task=55 Chunk=0 Start=3679719406972 End=3679719667921 Duration=260949
Task=56 Chunk=0 Start=3679719667932 End=3679719928366 Duration=260434
Task=57 Chunk=0 Start=3679719928367 End=3679720187545 Duration=259178
Task=58 Chunk=0 Start=3679720187546 End=3679720449592 Duration=262046
Task=59 Chunk=0 Start=3679720449608 End=3679720710222 Duration=260614
Task=60 Chunk=0 Start=3679720710223 End=3679720969757 Duration=259534
Task=61 Chunk=0 Start=3679720969772 End=3679721230800 Duration=261028
Task=62 Chunk=0 Start=3679721230821 End=3679721491607 Duration=260786
Task=63 Chunk=0 Start=3679721491625 End=3679721750806 Duration=259181
Task=64 Chunk=0 Start=3679721750807 End=3679722012061 Duration=261254
Task=65 Chunk=0 Start=3679722012063 End=3679722273704 Duration=261641
Task=66 Chunk=0 Start=3679722273721 End=3679722533127 Duration=259406
Task=67 Chunk=0 Start=3679722533132 End=3679722793637 Duration=260505
Task=68 Chunk=0 Start=3679722793638 End=3679723054721 Duration=261083
Task=69 Chunk=0 Start=3679723054739 End=3679723313890 Duration=259151
Task=70 Chunk=0 Start=3679723313904 End=3679723574764 Duration=260860
Task=71 Chunk=0 Start=3679723574776 End=3679723835794 Duration=261018
Task=72 Chunk=0 Start=3679723835804 End=3679724094343 Duration=258539
Task=73 Chunk=0 Start=3679724094359 End=3679724353835 Duration=259476
Task=74 Chunk=0 Start=3679724353846 End=3679724612177 Duration=258331
Task=75 Chunk=0 Start=3679724612196 End=3679724873274 Duration=261078
Task=76 Chunk=0 Start=3679724873279 End=3679725133148 Duration=259869
Task=77 Chunk=0 Start=3679725133154 End=3679725392249 Duration=259095
Task=78 Chunk=0 Start=3679725392272 End=3679725653243 Duration=260971
Task=79 Chunk=0 Start=3679725653254 End=3679725915197 Duration=261943
Task=80 Chunk=0 Start=3679725915209 End=3679726176203 Duration=260994
Task=81 Chunk=0 Start=3679726176220 End=3679726436943 Duration=260723
Task=82 Chunk=0 Start=3679726436968 End=3679726697559 Duration=260591
Task=83 Chunk=0 Start=3679726697577 End=3679726955799 Duration=258222
Task=84 Chunk=0 Start=3679726955818 End=3679727216246 Duration=260428
Task=85 Chunk=0 Start=3679727216260 End=3679727476239 Duration=259979
Task=86 Chunk=0 Start=3679727476245 End=3679727736234 Duration=259989
Task=87 Chunk=0 Start=3679727736253 End=3679727996533 Duration=260280
Task=88 Chunk=0 Start=3679727996549 End=3679728253931 Duration=257382
Task=89 Chunk=0 Start=3679728253953 End=3679728513695 Duration=259742
Task=90 Chunk=0 Start=3679728513696 End=3679728774411 Duration=260715
Task=91 Chunk=0 Start=3679728774427 End=3679729033925 Duration=259498
Task=92 Chunk=0 Start=3679729033943 End=3679729294373 Duration=260430
Task=93 Chunk=0 Start=3679729294378 End=3679729554790 Duration=260412
Task=94 Chunk=0 Start=3679729554800 End=3679729813619 Duration=258819
Task=95 Chunk=0 Start=3679729813632 End=3679730075682 Duration=262050
Task=96 Chunk=0 Start=3679730075692 End=3679730337132 Duration=261440
Task=97 Chunk=0 Start=3679730337153 End=3679730595798 Duration=258645
Task=98 Chunk=0 Start=3679730595817 End=3679730855740 Duration=259923
Task=99 Chunk=0 Start=3679730855753 End=3679731116464 Duration=260711
### Python End ###

--------------------------------
[2025-06-26 13:49:36.149] [info] Available Vulkan Layers:
[2025-06-26 13:49:36.149] [warning] Validation layer requested but not available, continuing without it...
[2025-06-26 13:49:36.157] [info] Using integrated GPU: Mali-G710
[2025-06-26 13:49:36.161] [info] VulkanDispatcher instance created.
[2025-06-26 13:49:36.365] [info] Total memory used: 40550404 bytes (38.67188 MB)
[2025-06-26 13:49:36.370] [info] Total memory used: 40550404 bytes (38.67188 MB)
[2025-06-26 13:49:36.470] [info] Total memory used: 40550404 bytes (38.67188 MB)
[2025-06-26 13:49:36.476] [info] Total memory used: 40550404 bytes (38.67188 MB)
[2025-06-26 13:49:36.483] [info] Total memory used: 40550404 bytes (38.67188 MB)
[2025-06-26 13:49:36.563] [info] Total memory used: 40550404 bytes (38.67188 MB)
[2025-06-26 13:49:36.568] [info] Total memory used: 40550404 bytes (38.67188 MB)
[2025-06-26 13:49:36.573] [info] Total memory used: 40550404 bytes (38.67188 MB)
[2025-06-26 13:49:36.579] [info] Total memory used: 40550404 bytes (38.67188 MB)
[2025-06-26 13:49:36.584] [info] Total memory used: 40550404 bytes (38.67188 MB)
[2025-06-26 13:49:36.675] [info] Total memory used: 40550404 bytes (38.67188 MB)
[2025-06-26 13:49:36.680] [info] Total memory used: 40550404 bytes (38.67188 MB)
[2025-06-26 13:49:36.685] [info] Total memory used: 40550404 bytes (38.67188 MB)
[2025-06-26 13:49:36.690] [info] Total memory used: 40550404 bytes (38.67188 MB)
[2025-06-26 13:49:36.695] [info] Total memory used: 40550404 bytes (38.67188 MB)
[2025-06-26 13:49:36.700] [info] Total memory used: 40550404 bytes (38.67188 MB)
### Python Begin ###
Schedule_UID=SCH-L3G4-G036-8296
Frequency=24576000 Hz
Task=0 Chunk=0 Start=3679745390387 End=3679745615484 Duration=225097
Task=0 Chunk=1 Start=3679745615521 End=3679746179498 Duration=563977
Task=1 Chunk=0 Start=3679745615525 End=3679745765376 Duration=149851
Task=1 Chunk=1 Start=3679746179526 End=3679746223904 Duration=44378
Task=2 Chunk=0 Start=3679745765413 End=3679745907573 Duration=142160
Task=2 Chunk=1 Start=3679746223910 End=3679746263522 Duration=39612
Task=3 Chunk=0 Start=3679745907650 End=3679746057430 Duration=149780
Task=3 Chunk=1 Start=3679746263523 End=3679746307621 Duration=44098
Task=4 Chunk=0 Start=3679746057489 End=3679746244087 Duration=186598
Task=4 Chunk=1 Start=3679746307622 End=3679746357334 Duration=49712
Task=5 Chunk=0 Start=3679746244108 End=3679746422570 Duration=178462
Task=5 Chunk=1 Start=3679746422590 End=3679746477197 Duration=54607
Task=6 Chunk=0 Start=3679746422590 End=3679746603318 Duration=180728
Task=6 Chunk=1 Start=3679746603369 End=3679746655672 Duration=52303
Task=7 Chunk=0 Start=3679746603369 End=3679746742930 Duration=139561
Task=7 Chunk=1 Start=3679746742970 End=3679746787918 Duration=44948
Task=8 Chunk=0 Start=3679746742960 End=3679746878722 Duration=135762
Task=8 Chunk=1 Start=3679746878759 End=3679746920544 Duration=41785
Task=9 Chunk=0 Start=3679746878747 End=3679747011457 Duration=132710
Task=9 Chunk=1 Start=3679747011466 End=3679747053189 Duration=41723
Task=10 Chunk=0 Start=3679747011465 End=3679747145186 Duration=133721
Task=10 Chunk=1 Start=3679747145234 End=3679747194127 Duration=48893
Task=11 Chunk=0 Start=3679747145222 End=3679747277479 Duration=132257
Task=11 Chunk=1 Start=3679747277516 End=3679747319252 Duration=41736
Task=12 Chunk=0 Start=3679747277504 End=3679747408724 Duration=131220
Task=12 Chunk=1 Start=3679747408756 End=3679747449682 Duration=40926
Task=13 Chunk=0 Start=3679747408745 End=3679747541675 Duration=132930
Task=13 Chunk=1 Start=3679747541705 End=3679747585579 Duration=43874
Task=14 Chunk=0 Start=3679747541697 End=3679747673208 Duration=131511
Task=14 Chunk=1 Start=3679747673248 End=3679747716720 Duration=43472
Task=15 Chunk=0 Start=3679747673240 End=3679747807007 Duration=133767
Task=15 Chunk=1 Start=3679747807046 End=3679747851275 Duration=44229
Task=16 Chunk=0 Start=3679747807041 End=3679747940911 Duration=133870
Task=16 Chunk=1 Start=3679747940943 End=3679747984967 Duration=44024
Task=17 Chunk=0 Start=3679747940943 End=3679748073656 Duration=132713
Task=17 Chunk=1 Start=3679748073695 End=3679748117700 Duration=44005
Task=18 Chunk=0 Start=3679748073691 End=3679748205893 Duration=132202
Task=18 Chunk=1 Start=3679748205925 End=3679748250108 Duration=44183
Task=19 Chunk=0 Start=3679748205913 End=3679748339874 Duration=133961
Task=19 Chunk=1 Start=3679748339892 End=3679748384360 Duration=44468
Task=20 Chunk=0 Start=3679748339890 End=3679748474010 Duration=134120
Task=20 Chunk=1 Start=3679748474037 End=3679748522432 Duration=48395
Task=21 Chunk=0 Start=3679748474034 End=3679748612805 Duration=138771
Task=21 Chunk=1 Start=3679748612828 End=3679748666685 Duration=53857
Task=22 Chunk=0 Start=3679748612828 End=3679748746158 Duration=133330
Task=22 Chunk=1 Start=3679748746191 End=3679748791088 Duration=44897
Task=23 Chunk=0 Start=3679748746182 End=3679748878154 Duration=131972
Task=23 Chunk=1 Start=3679748878174 End=3679748922818 Duration=44644
Task=24 Chunk=0 Start=3679748878172 End=3679749009864 Duration=131692
Task=24 Chunk=1 Start=3679749009888 End=3679749057993 Duration=48105
Task=25 Chunk=0 Start=3679749009879 End=3679749143162 Duration=133283
Task=25 Chunk=1 Start=3679749143183 End=3679749193601 Duration=50418
Task=26 Chunk=0 Start=3679749143181 End=3679749274020 Duration=130839
Task=26 Chunk=1 Start=3679749274044 End=3679749324334 Duration=50290
Task=27 Chunk=0 Start=3679749274044 End=3679749407740 Duration=133696
Task=27 Chunk=1 Start=3679749407769 End=3679749457613 Duration=49844
Task=28 Chunk=0 Start=3679749407771 End=3679749537834 Duration=130063
Task=28 Chunk=1 Start=3679749537877 End=3679749588577 Duration=50700
Task=29 Chunk=0 Start=3679749537870 End=3679749670177 Duration=132307
Task=29 Chunk=1 Start=3679749670200 End=3679749720577 Duration=50377
Task=30 Chunk=0 Start=3679749670190 End=3679749802880 Duration=132690
Task=30 Chunk=1 Start=3679749802915 End=3679749853088 Duration=50173
Task=31 Chunk=0 Start=3679749802908 End=3679749934514 Duration=131606
Task=31 Chunk=1 Start=3679749934556 End=3679749983995 Duration=49439
Task=32 Chunk=0 Start=3679749934550 End=3679750066944 Duration=132394
Task=32 Chunk=1 Start=3679750066972 End=3679750124243 Duration=57271
Task=33 Chunk=0 Start=3679750066961 End=3679750198613 Duration=131652
Task=33 Chunk=1 Start=3679750198653 End=3679750255067 Duration=56414
Task=34 Chunk=0 Start=3679750198649 End=3679750329802 Duration=131153
Task=34 Chunk=1 Start=3679750329825 End=3679750386698 Duration=56873
Task=35 Chunk=0 Start=3679750329823 End=3679750463742 Duration=133919
Task=35 Chunk=1 Start=3679750463777 End=3679750520448 Duration=56671
Task=36 Chunk=0 Start=3679750463772 End=3679750599231 Duration=135459
Task=36 Chunk=1 Start=3679750599260 End=3679750656041 Duration=56781
Task=37 Chunk=0 Start=3679750599257 End=3679750731121 Duration=131864
Task=37 Chunk=1 Start=3679750731155 End=3679750789149 Duration=57994
Task=38 Chunk=0 Start=3679750731155 End=3679750863278 Duration=132123
Task=38 Chunk=1 Start=3679750863308 End=3679750923115 Duration=59807
Task=39 Chunk=0 Start=3679750863300 End=3679750999376 Duration=136076
Task=39 Chunk=1 Start=3679750999405 End=3679751056962 Duration=57557
Task=40 Chunk=0 Start=3679750999397 End=3679751132534 Duration=133137
Task=40 Chunk=1 Start=3679751132564 End=3679751190936 Duration=58372
Task=41 Chunk=0 Start=3679751132551 End=3679751266734 Duration=134183
Task=41 Chunk=1 Start=3679751266794 End=3679751327337 Duration=60543
Task=42 Chunk=0 Start=3679751266793 End=3679751404529 Duration=137736
Task=42 Chunk=1 Start=3679751404557 End=3679751463833 Duration=59276
Task=43 Chunk=0 Start=3679751404554 End=3679751541038 Duration=136484
Task=43 Chunk=1 Start=3679751541071 End=3679751601097 Duration=60026
Task=44 Chunk=0 Start=3679751541068 End=3679751673595 Duration=132527
Task=44 Chunk=1 Start=3679751673636 End=3679751731555 Duration=57919
Task=45 Chunk=0 Start=3679751673626 End=3679751805683 Duration=132057
Task=45 Chunk=1 Start=3679751805721 End=3679751863905 Duration=58184
Task=46 Chunk=0 Start=3679751805712 End=3679751939402 Duration=133690
Task=46 Chunk=1 Start=3679751939425 End=3679751999768 Duration=60343
Task=47 Chunk=0 Start=3679751939425 End=3679752079645 Duration=140220
Task=47 Chunk=1 Start=3679752079698 End=3679752140717 Duration=61019
Task=48 Chunk=0 Start=3679752079698 End=3679752216124 Duration=136426
Task=48 Chunk=1 Start=3679752216169 End=3679752274153 Duration=57984
Task=49 Chunk=0 Start=3679752216160 End=3679752349797 Duration=133637
Task=49 Chunk=1 Start=3679752349821 End=3679752407437 Duration=57616
Task=50 Chunk=0 Start=3679752349827 End=3679752485120 Duration=135293
Task=50 Chunk=1 Start=3679752485170 End=3679752543247 Duration=58077
Task=51 Chunk=0 Start=3679752485160 End=3679752618187 Duration=133027
Task=51 Chunk=1 Start=3679752618207 End=3679752679498 Duration=61291
Task=52 Chunk=0 Start=3679752618205 End=3679752752494 Duration=134289
Task=52 Chunk=1 Start=3679752752533 End=3679752812879 Duration=60346
Task=53 Chunk=0 Start=3679752752534 End=3679752890253 Duration=137719
Task=53 Chunk=1 Start=3679752890288 End=3679752950489 Duration=60201
Task=54 Chunk=0 Start=3679752890284 End=3679753027850 Duration=137566
Task=54 Chunk=1 Start=3679753027874 End=3679753089577 Duration=61703
Task=55 Chunk=0 Start=3679753027860 End=3679753168567 Duration=140707
Task=55 Chunk=1 Start=3679753168600 End=3679753230882 Duration=62282
Task=56 Chunk=0 Start=3679753168594 End=3679753307000 Duration=138406
Task=56 Chunk=1 Start=3679753307028 End=3679753370445 Duration=63417
Task=57 Chunk=0 Start=3679753307016 End=3679753446174 Duration=139158
Task=57 Chunk=1 Start=3679753446213 End=3679753509134 Duration=62921
Task=58 Chunk=0 Start=3679753446212 End=3679753585076 Duration=138864
Task=58 Chunk=1 Start=3679753585099 End=3679753647765 Duration=62666
Task=59 Chunk=0 Start=3679753585087 End=3679753724764 Duration=139677
Task=59 Chunk=1 Start=3679753724805 End=3679753784070 Duration=59265
Task=60 Chunk=0 Start=3679753724791 End=3679753856799 Duration=132008
Task=60 Chunk=1 Start=3679753856837 End=3679753916560 Duration=59723
Task=61 Chunk=0 Start=3679753856838 End=3679753989841 Duration=133003
Task=61 Chunk=1 Start=3679753989887 End=3679754050875 Duration=60988
Task=62 Chunk=0 Start=3679753989880 End=3679754124645 Duration=134765
Task=62 Chunk=1 Start=3679754124680 End=3679754184287 Duration=59607
Task=63 Chunk=0 Start=3679754124674 End=3679754257041 Duration=132367
Task=63 Chunk=1 Start=3679754257076 End=3679754315912 Duration=58836
Task=64 Chunk=0 Start=3679754257067 End=3679754389652 Duration=132585
Task=64 Chunk=1 Start=3679754389671 End=3679754450388 Duration=60717
Task=65 Chunk=0 Start=3679754389665 End=3679754524131 Duration=134466
Task=65 Chunk=1 Start=3679754524155 End=3679754583679 Duration=59524
Task=66 Chunk=0 Start=3679754524161 End=3679754657168 Duration=133007
Task=66 Chunk=1 Start=3679754657219 End=3679754718510 Duration=61291
Task=67 Chunk=0 Start=3679754657206 End=3679754790166 Duration=132960
Task=67 Chunk=1 Start=3679754790187 End=3679754851187 Duration=61000
Task=68 Chunk=0 Start=3679754790186 End=3679754924614 Duration=134428
Task=68 Chunk=1 Start=3679754924652 End=3679754985358 Duration=60706
Task=69 Chunk=0 Start=3679754924638 End=3679755056260 Duration=131622
Task=69 Chunk=1 Start=3679755056295 End=3679755117289 Duration=60994
Task=70 Chunk=0 Start=3679755056290 End=3679755188168 Duration=131878
Task=70 Chunk=1 Start=3679755188207 End=3679755250072 Duration=61865
Task=71 Chunk=0 Start=3679755188195 End=3679755321734 Duration=133539
Task=71 Chunk=1 Start=3679755321772 End=3679755382649 Duration=60877
Task=72 Chunk=0 Start=3679755321763 End=3679755452897 Duration=131134
Task=72 Chunk=1 Start=3679755452931 End=3679755514046 Duration=61115
Task=73 Chunk=0 Start=3679755452921 End=3679755586496 Duration=133575
Task=73 Chunk=1 Start=3679755586520 End=3679755647568 Duration=61048
Task=74 Chunk=0 Start=3679755586513 End=3679755717813 Duration=131300
Task=74 Chunk=1 Start=3679755717848 End=3679755778872 Duration=61024
Task=75 Chunk=0 Start=3679755717839 End=3679755851140 Duration=133301
Task=75 Chunk=1 Start=3679755851167 End=3679755916580 Duration=65413
Task=76 Chunk=0 Start=3679755851151 End=3679755992616 Duration=141465
Task=76 Chunk=1 Start=3679755992655 End=3679756056891 Duration=64236
Task=77 Chunk=0 Start=3679755992637 End=3679756132655 Duration=140018
Task=77 Chunk=1 Start=3679756132690 End=3679756197406 Duration=64716
Task=78 Chunk=0 Start=3679756132682 End=3679756271082 Duration=138400
Task=78 Chunk=1 Start=3679756271108 End=3679756334664 Duration=63556
Task=79 Chunk=0 Start=3679756271099 End=3679756409192 Duration=138093
Task=79 Chunk=1 Start=3679756409229 End=3679756473270 Duration=64041
Task=80 Chunk=0 Start=3679756409225 End=3679756549231 Duration=140006
Task=80 Chunk=1 Start=3679756549280 End=3679756614555 Duration=65275
Task=81 Chunk=0 Start=3679756549280 End=3679756690324 Duration=141044
Task=81 Chunk=1 Start=3679756690351 End=3679756754502 Duration=64151
Task=82 Chunk=0 Start=3679756690359 End=3679756830206 Duration=139847
Task=82 Chunk=1 Start=3679756830254 End=3679756892512 Duration=62258
Task=83 Chunk=0 Start=3679756830239 End=3679756969248 Duration=139009
Task=83 Chunk=1 Start=3679756969287 End=3679757030353 Duration=61066
Task=84 Chunk=0 Start=3679756969279 End=3679757101138 Duration=131859
Task=84 Chunk=1 Start=3679757101191 End=3679757164889 Duration=63698
Task=85 Chunk=0 Start=3679757101173 End=3679757233566 Duration=132393
Task=85 Chunk=1 Start=3679757233611 End=3679757298855 Duration=65244
Task=86 Chunk=0 Start=3679757233591 End=3679757367372 Duration=133781
Task=86 Chunk=1 Start=3679757367415 End=3679757430082 Duration=62667
Task=87 Chunk=0 Start=3679757367400 End=3679757499185 Duration=131785
Task=87 Chunk=1 Start=3679757499227 End=3679757562478 Duration=63251
Task=88 Chunk=0 Start=3679757499211 End=3679757631132 Duration=131921
Task=88 Chunk=1 Start=3679757631167 End=3679757695846 Duration=64679
Task=89 Chunk=0 Start=3679757631169 End=3679757763252 Duration=132083
Task=89 Chunk=1 Start=3679757763285 End=3679757826075 Duration=62790
Task=90 Chunk=0 Start=3679757763279 End=3679757895505 Duration=132226
Task=90 Chunk=1 Start=3679757895527 End=3679757958584 Duration=63057
Task=91 Chunk=0 Start=3679757895529 End=3679758029316 Duration=133787
Task=91 Chunk=1 Start=3679758029358 End=3679758093620 Duration=64262
Task=92 Chunk=0 Start=3679758029340 End=3679758163221 Duration=133881
Task=92 Chunk=1 Start=3679758163263 End=3679758227198 Duration=63935
Task=93 Chunk=0 Start=3679758163247 End=3679758295289 Duration=132042
Task=93 Chunk=1 Start=3679758295319 End=3679758358657 Duration=63338
Task=94 Chunk=0 Start=3679758295313 End=3679758427859 Duration=132546
Task=94 Chunk=1 Start=3679758427912 End=3679758492264 Duration=64352
Task=95 Chunk=0 Start=3679758427895 End=3679758563839 Duration=135944
Task=95 Chunk=1 Start=3679758563879 End=3679758628013 Duration=64134
Task=96 Chunk=0 Start=3679758563864 End=3679758696649 Duration=132785
Task=96 Chunk=1 Start=3679758696685 End=3679758760345 Duration=63660
Task=97 Chunk=0 Start=3679758696686 End=3679758830353 Duration=133667
Task=97 Chunk=1 Start=3679758830375 End=3679758892797 Duration=62422
Task=98 Chunk=0 Start=3679758830377 End=3679758962653 Duration=132276
Task=98 Chunk=1 Start=3679758962684 End=3679759026806 Duration=64122
Task=99 Chunk=0 Start=3679758962679 End=3679759095743 Duration=133064
Task=99 Chunk=1 Start=3679759095807 End=3679759164949 Duration=69142
### Python End ###

--------------------------------
[2025-06-26 13:49:37.292] [info] Available Vulkan Layers:
[2025-06-26 13:49:37.292] [warning] Validation layer requested but not available, continuing without it...
[2025-06-26 13:49:37.295] [info] Using integrated GPU: Mali-G710
[2025-06-26 13:49:37.297] [info] VulkanDispatcher instance created.
[2025-06-26 13:49:37.468] [info] Total memory used: 40550404 bytes (38.67188 MB)
[2025-06-26 13:49:37.473] [info] Total memory used: 40550404 bytes (38.67188 MB)
[2025-06-26 13:49:37.591] [info] Total memory used: 40550404 bytes (38.67188 MB)
[2025-06-26 13:49:37.598] [info] Total memory used: 40550404 bytes (38.67188 MB)
[2025-06-26 13:49:37.605] [info] Total memory used: 40550404 bytes (38.67188 MB)
[2025-06-26 13:49:37.685] [info] Total memory used: 40550404 bytes (38.67188 MB)
[2025-06-26 13:49:37.690] [info] Total memory used: 40550404 bytes (38.67188 MB)
[2025-06-26 13:49:37.695] [info] Total memory used: 40550404 bytes (38.67188 MB)
[2025-06-26 13:49:37.701] [info] Total memory used: 40550404 bytes (38.67188 MB)
[2025-06-26 13:49:37.706] [info] Total memory used: 40550404 bytes (38.67188 MB)
[2025-06-26 13:49:37.794] [info] Total memory used: 40550404 bytes (38.67188 MB)
[2025-06-26 13:49:37.799] [info] Total memory used: 40550404 bytes (38.67188 MB)
[2025-06-26 13:49:37.804] [info] Total memory used: 40550404 bytes (38.67188 MB)
[2025-06-26 13:49:37.809] [info] Total memory used: 40550404 bytes (38.67188 MB)
[2025-06-26 13:49:37.814] [info] Total memory used: 40550404 bytes (38.67188 MB)
[2025-06-26 13:49:37.818] [info] Total memory used: 40550404 bytes (38.67188 MB)
### Python Begin ###
Schedule_UID=SCH-L3B4-G039-844c
Frequency=24576000 Hz
Task=0 Chunk=0 Start=3679772879532 End=3679773022651 Duration=143119
Task=0 Chunk=1 Start=3679773022694 End=3679773653408 Duration=630714
Task=1 Chunk=0 Start=3679773022694 End=3679773151733 Duration=129039
Task=1 Chunk=1 Start=3679773653442 End=3679773733058 Duration=79616
Task=2 Chunk=0 Start=3679773151815 End=3679773283440 Duration=131625
Task=2 Chunk=1 Start=3679773733080 End=3679773811851 Duration=78771
Task=3 Chunk=0 Start=3679773283495 End=3679773413265 Duration=129770
Task=3 Chunk=1 Start=3679773811854 End=3679773889664 Duration=77810
Task=4 Chunk=0 Start=3679773413340 End=3679773542253 Duration=128913
Task=4 Chunk=1 Start=3679773889676 End=3679773965792 Duration=76116
Task=5 Chunk=0 Start=3679773542301 End=3679773671796 Duration=129495
Task=5 Chunk=1 Start=3679773965792 End=3679774043738 Duration=77946
Task=6 Chunk=0 Start=3679773671825 End=3679773805231 Duration=133406
Task=6 Chunk=1 Start=3679774043741 End=3679774123785 Duration=80044
Task=7 Chunk=0 Start=3679773805293 End=3679773938514 Duration=133221
Task=7 Chunk=1 Start=3679774123792 End=3679774201413 Duration=77621
Task=8 Chunk=0 Start=3679773938575 End=3679774070390 Duration=131815
Task=8 Chunk=1 Start=3679774201414 End=3679774279727 Duration=78313
Task=9 Chunk=0 Start=3679774070421 End=3679774200225 Duration=129804
Task=9 Chunk=1 Start=3679774279750 End=3679774355817 Duration=76067
Task=10 Chunk=0 Start=3679774200281 End=3679774334116 Duration=133835
Task=10 Chunk=1 Start=3679774355819 End=3679774433654 Duration=77835
Task=11 Chunk=0 Start=3679774334169 End=3679774465014 Duration=130845
Task=11 Chunk=1 Start=3679774465052 End=3679774543293 Duration=78241
Task=12 Chunk=0 Start=3679774465049 End=3679774594583 Duration=129534
Task=12 Chunk=1 Start=3679774594604 End=3679774673866 Duration=79262
Task=13 Chunk=0 Start=3679774594608 End=3679774724391 Duration=129783
Task=13 Chunk=1 Start=3679774724424 End=3679774802204 Duration=77780
Task=14 Chunk=0 Start=3679774724412 End=3679774856202 Duration=131790
Task=14 Chunk=1 Start=3679774856230 End=3679774935350 Duration=79120
Task=15 Chunk=0 Start=3679774856230 End=3679774986061 Duration=129831
Task=15 Chunk=1 Start=3679774986072 End=3679775063906 Duration=77834
Task=16 Chunk=0 Start=3679774986081 End=3679775116554 Duration=130473
Task=16 Chunk=1 Start=3679775116568 End=3679775194224 Duration=77656
Task=17 Chunk=0 Start=3679775116574 End=3679775250244 Duration=133670
Task=17 Chunk=1 Start=3679775250260 End=3679775328016 Duration=77756
Task=18 Chunk=0 Start=3679775250268 End=3679775379886 Duration=129618
Task=18 Chunk=1 Start=3679775379906 End=3679775458769 Duration=78863
Task=19 Chunk=0 Start=3679775379911 End=3679775510490 Duration=130579
Task=19 Chunk=1 Start=3679775510514 End=3679775588091 Duration=77577
Task=20 Chunk=0 Start=3679775510508 End=3679775643277 Duration=132769
Task=20 Chunk=1 Start=3679775643312 End=3679775720695 Duration=77383
Task=21 Chunk=0 Start=3679775643305 End=3679775774364 Duration=131059
Task=21 Chunk=1 Start=3679775774378 End=3679775852503 Duration=78125
Task=22 Chunk=0 Start=3679775774376 End=3679775904537 Duration=130161
Task=22 Chunk=1 Start=3679775904562 End=3679775982070 Duration=77508
Task=23 Chunk=0 Start=3679775904557 End=3679776036560 Duration=132003
Task=23 Chunk=1 Start=3679776036592 End=3679776114172 Duration=77580
Task=24 Chunk=0 Start=3679776036593 End=3679776171290 Duration=134697
Task=24 Chunk=1 Start=3679776171314 End=3679776250380 Duration=79066
Task=25 Chunk=0 Start=3679776171318 End=3679776302187 Duration=130869
Task=25 Chunk=1 Start=3679776302213 End=3679776379179 Duration=76966
Task=26 Chunk=0 Start=3679776302214 End=3679776434560 Duration=132346
Task=26 Chunk=1 Start=3679776434591 End=3679776510958 Duration=76367
Task=27 Chunk=0 Start=3679776434594 End=3679776564876 Duration=130282
Task=27 Chunk=1 Start=3679776564895 End=3679776642415 Duration=77520
Task=28 Chunk=0 Start=3679776564893 End=3679776696002 Duration=131109
Task=28 Chunk=1 Start=3679776696050 End=3679776772531 Duration=76481
Task=29 Chunk=0 Start=3679776696045 End=3679776827260 Duration=131215
Task=29 Chunk=1 Start=3679776827293 End=3679776903944 Duration=76651
Task=30 Chunk=0 Start=3679776827290 End=3679776957432 Duration=130142
Task=30 Chunk=1 Start=3679776957450 End=3679777036394 Duration=78944
Task=31 Chunk=0 Start=3679776957446 End=3679777088314 Duration=130868
Task=31 Chunk=1 Start=3679777088337 End=3679777164893 Duration=76556
Task=32 Chunk=0 Start=3679777088342 End=3679777224863 Duration=136521
Task=32 Chunk=1 Start=3679777224898 End=3679777300717 Duration=75819
Task=33 Chunk=0 Start=3679777224899 End=3679777356844 Duration=131945
Task=33 Chunk=1 Start=3679777356893 End=3679777433577 Duration=76684
Task=34 Chunk=0 Start=3679777356899 End=3679777488196 Duration=131297
Task=34 Chunk=1 Start=3679777488220 End=3679777565615 Duration=77395
Task=35 Chunk=0 Start=3679777488216 End=3679777621114 Duration=132898
Task=35 Chunk=1 Start=3679777621150 End=3679777697959 Duration=76809
Task=36 Chunk=0 Start=3679777621153 End=3679777752472 Duration=131319
Task=36 Chunk=1 Start=3679777752496 End=3679777829958 Duration=77462
Task=37 Chunk=0 Start=3679777752491 End=3679777883489 Duration=130998
Task=37 Chunk=1 Start=3679777883536 End=3679777961366 Duration=77830
Task=38 Chunk=0 Start=3679777883528 End=3679778015228 Duration=131700
Task=38 Chunk=1 Start=3679778015249 End=3679778090897 Duration=75648
Task=39 Chunk=0 Start=3679778015247 End=3679778146169 Duration=130922
Task=39 Chunk=1 Start=3679778146199 End=3679778223448 Duration=77249
Task=40 Chunk=0 Start=3679778146191 End=3679778276860 Duration=130669
Task=40 Chunk=1 Start=3679778276890 End=3679778353525 Duration=76635
Task=41 Chunk=0 Start=3679778276887 End=3679778407131 Duration=130244
Task=41 Chunk=1 Start=3679778407165 End=3679778483384 Duration=76219
Task=42 Chunk=0 Start=3679778407154 End=3679778537603 Duration=130449
Task=42 Chunk=1 Start=3679778537622 End=3679778614105 Duration=76483
Task=43 Chunk=0 Start=3679778537626 End=3679778668439 Duration=130813
Task=43 Chunk=1 Start=3679778668474 End=3679778745037 Duration=76563
Task=44 Chunk=0 Start=3679778668465 End=3679778800847 Duration=132382
Task=44 Chunk=1 Start=3679778800880 End=3679778876781 Duration=75901
Task=45 Chunk=0 Start=3679778800877 End=3679778930973 Duration=130096
Task=45 Chunk=1 Start=3679778931028 End=3679779008438 Duration=77410
Task=46 Chunk=0 Start=3679778931030 End=3679779061761 Duration=130731
Task=46 Chunk=1 Start=3679779061778 End=3679779139445 Duration=77667
Task=47 Chunk=0 Start=3679779061777 End=3679779194388 Duration=132611
Task=47 Chunk=1 Start=3679779194410 End=3679779271556 Duration=77146
Task=48 Chunk=0 Start=3679779194415 End=3679779324873 Duration=130458
Task=48 Chunk=1 Start=3679779324891 End=3679779402381 Duration=77490
Task=49 Chunk=0 Start=3679779324894 End=3679779455971 Duration=131077
Task=49 Chunk=1 Start=3679779456000 End=3679779532593 Duration=76593
Task=50 Chunk=0 Start=3679779455997 End=3679779588398 Duration=132401
Task=50 Chunk=1 Start=3679779588429 End=3679779664777 Duration=76348
Task=51 Chunk=0 Start=3679779588426 End=3679779719271 Duration=130845
Task=51 Chunk=1 Start=3679779719295 End=3679779796292 Duration=76997
Task=52 Chunk=0 Start=3679779719291 End=3679779849589 Duration=130298
Task=52 Chunk=1 Start=3679779849630 End=3679779926729 Duration=77099
Task=53 Chunk=0 Start=3679779849624 End=3679779981814 Duration=132190
Task=53 Chunk=1 Start=3679779981835 End=3679780058320 Duration=76485
Task=54 Chunk=0 Start=3679779981836 End=3679780112438 Duration=130602
Task=54 Chunk=1 Start=3679780112464 End=3679780189835 Duration=77371
Task=55 Chunk=0 Start=3679780112452 End=3679780243331 Duration=130879
Task=55 Chunk=1 Start=3679780243356 End=3679780320764 Duration=77408
Task=56 Chunk=0 Start=3679780243353 End=3679780375640 Duration=132287
Task=56 Chunk=1 Start=3679780375667 End=3679780451164 Duration=75497
Task=57 Chunk=0 Start=3679780375659 End=3679780505966 Duration=130307
Task=57 Chunk=1 Start=3679780505986 End=3679780583101 Duration=77115
Task=58 Chunk=0 Start=3679780505979 End=3679780636577 Duration=130598
Task=58 Chunk=1 Start=3679780636621 End=3679780713169 Duration=76548
Task=59 Chunk=0 Start=3679780636621 End=3679780768968 Duration=132347
Task=59 Chunk=1 Start=3679780769035 End=3679780845010 Duration=75975
Task=60 Chunk=0 Start=3679780769026 End=3679780899388 Duration=130362
Task=60 Chunk=1 Start=3679780899421 End=3679780977693 Duration=78272
Task=61 Chunk=0 Start=3679780899412 End=3679781029149 Duration=129737
Task=61 Chunk=1 Start=3679781029198 End=3679781107952 Duration=78754
Task=62 Chunk=0 Start=3679781029189 End=3679781161485 Duration=132296
Task=62 Chunk=1 Start=3679781161514 End=3679781238776 Duration=77262
Task=63 Chunk=0 Start=3679781161507 End=3679781291369 Duration=129862
Task=63 Chunk=1 Start=3679781291397 End=3679781369028 Duration=77631
Task=64 Chunk=0 Start=3679781291399 End=3679781423222 Duration=131823
Task=64 Chunk=1 Start=3679781423262 End=3679781501500 Duration=78238
Task=65 Chunk=0 Start=3679781423264 End=3679781556013 Duration=132749
Task=65 Chunk=1 Start=3679781556050 End=3679781633282 Duration=77232
Task=66 Chunk=0 Start=3679781556045 End=3679781686773 Duration=130728
Task=66 Chunk=1 Start=3679781686794 End=3679781764908 Duration=78114
Task=67 Chunk=0 Start=3679781686786 End=3679781816675 Duration=129889
Task=67 Chunk=1 Start=3679781816691 End=3679781894639 Duration=77948
Task=68 Chunk=0 Start=3679781816691 End=3679781948836 Duration=132145
Task=68 Chunk=1 Start=3679781948849 End=3679782026026 Duration=77177
Task=69 Chunk=0 Start=3679781948852 End=3679782078479 Duration=129627
Task=69 Chunk=1 Start=3679782078522 End=3679782156787 Duration=78265
Task=70 Chunk=0 Start=3679782078521 End=3679782208994 Duration=130473
Task=70 Chunk=1 Start=3679782209035 End=3679782286983 Duration=77948
Task=71 Chunk=0 Start=3679782209040 End=3679782341367 Duration=132327
Task=71 Chunk=1 Start=3679782341433 End=3679782418173 Duration=76740
Task=72 Chunk=0 Start=3679782341430 End=3679782471202 Duration=129772
Task=72 Chunk=1 Start=3679782471243 End=3679782548958 Duration=77715
Task=73 Chunk=0 Start=3679782471236 End=3679782600720 Duration=129484
Task=73 Chunk=1 Start=3679782600755 End=3679782678113 Duration=77358
Task=74 Chunk=0 Start=3679782600759 End=3679782732158 Duration=131399
Task=74 Chunk=1 Start=3679782732207 End=3679782809279 Duration=77072
Task=75 Chunk=0 Start=3679782732197 End=3679782861646 Duration=129449
Task=75 Chunk=1 Start=3679782861705 End=3679782939411 Duration=77706
Task=76 Chunk=0 Start=3679782861705 End=3679782992246 Duration=130541
Task=76 Chunk=1 Start=3679782992268 End=3679783069901 Duration=77633
Task=77 Chunk=0 Start=3679782992266 End=3679783125517 Duration=133251
Task=77 Chunk=1 Start=3679783125542 End=3679783202694 Duration=77152
Task=78 Chunk=0 Start=3679783125535 End=3679783257677 Duration=132142
Task=78 Chunk=1 Start=3679783257698 End=3679783336288 Duration=78590
Task=79 Chunk=0 Start=3679783257691 End=3679783388059 Duration=130368
Task=79 Chunk=1 Start=3679783388101 End=3679783466582 Duration=78481
Task=80 Chunk=0 Start=3679783388104 End=3679783520822 Duration=132718
Task=80 Chunk=1 Start=3679783520868 End=3679783597933 Duration=77065
Task=81 Chunk=0 Start=3679783520868 End=3679783651960 Duration=131092
Task=81 Chunk=1 Start=3679783651988 End=3679783730139 Duration=78151
Task=82 Chunk=0 Start=3679783651983 End=3679783782442 Duration=130459
Task=82 Chunk=1 Start=3679783782459 End=3679783860471 Duration=78012
Task=83 Chunk=0 Start=3679783782464 End=3679783913649 Duration=131185
Task=83 Chunk=1 Start=3679783913671 End=3679783990584 Duration=76913
Task=84 Chunk=0 Start=3679783913674 End=3679784043521 Duration=129847
Task=84 Chunk=1 Start=3679784043553 End=3679784122023 Duration=78470
Task=85 Chunk=0 Start=3679784043550 End=3679784173785 Duration=130235
Task=85 Chunk=1 Start=3679784173811 End=3679784250992 Duration=77181
Task=86 Chunk=0 Start=3679784173804 End=3679784305150 Duration=131346
Task=86 Chunk=1 Start=3679784305191 End=3679784382634 Duration=77443
Task=87 Chunk=0 Start=3679784305182 End=3679784434522 Duration=129340
Task=87 Chunk=1 Start=3679784434549 End=3679784512062 Duration=77513
Task=88 Chunk=0 Start=3679784434536 End=3679784565038 Duration=130502
Task=88 Chunk=1 Start=3679784565090 End=3679784642255 Duration=77165
Task=89 Chunk=0 Start=3679784565084 End=3679784696694 Duration=131610
Task=89 Chunk=1 Start=3679784696708 End=3679784773502 Duration=76794
Task=90 Chunk=0 Start=3679784696705 End=3679784827130 Duration=130425
Task=90 Chunk=1 Start=3679784827168 End=3679784905538 Duration=78370
Task=91 Chunk=0 Start=3679784827171 End=3679784957067 Duration=129896
Task=91 Chunk=1 Start=3679784957111 End=3679785036023 Duration=78912
Task=92 Chunk=0 Start=3679784957103 End=3679785089163 Duration=132060
Task=92 Chunk=1 Start=3679785089189 End=3679785166188 Duration=76999
Task=93 Chunk=0 Start=3679785089181 End=3679785219577 Duration=130396
Task=93 Chunk=1 Start=3679785219608 End=3679785298388 Duration=78780
Task=94 Chunk=0 Start=3679785219605 End=3679785350292 Duration=130687
Task=94 Chunk=1 Start=3679785350317 End=3679785427863 Duration=77546
Task=95 Chunk=0 Start=3679785350307 End=3679785482762 Duration=132455
Task=95 Chunk=1 Start=3679785482795 End=3679785560099 Duration=77304
Task=96 Chunk=0 Start=3679785482788 End=3679785613308 Duration=130520
Task=96 Chunk=1 Start=3679785613326 End=3679785691158 Duration=77832
Task=97 Chunk=0 Start=3679785613326 End=3679785743342 Duration=130016
Task=97 Chunk=1 Start=3679785743358 End=3679785821500 Duration=78142
Task=98 Chunk=0 Start=3679785743366 End=3679785875587 Duration=132221
Task=98 Chunk=1 Start=3679785875613 End=3679785952135 Duration=76522
Task=99 Chunk=0 Start=3679785875607 End=3679786004901 Duration=129294
Task=99 Chunk=1 Start=3679786004931 End=3679786081852 Duration=76921
### Python End ###

--------------------------------
[2025-06-26 13:49:38.383] [info] Available Vulkan Layers:
[2025-06-26 13:49:38.383] [warning] Validation layer requested but not available, continuing without it...
[2025-06-26 13:49:38.387] [info] Using integrated GPU: Mali-G710
[2025-06-26 13:49:38.389] [info] VulkanDispatcher instance created.
[2025-06-26 13:49:38.632] [info] Total memory used: 40550404 bytes (38.67188 MB)
[2025-06-26 13:49:38.637] [info] Total memory used: 40550404 bytes (38.67188 MB)
[2025-06-26 13:49:38.695] [info] Total memory used: 40550404 bytes (38.67188 MB)
[2025-06-26 13:49:38.700] [info] Total memory used: 40550404 bytes (38.67188 MB)
[2025-06-26 13:49:38.705] [info] Total memory used: 40550404 bytes (38.67188 MB)
[2025-06-26 13:49:38.803] [info] Total memory used: 40550404 bytes (38.67188 MB)
[2025-06-26 13:49:38.808] [info] Total memory used: 40550404 bytes (38.67188 MB)
[2025-06-26 13:49:38.813] [info] Total memory used: 40550404 bytes (38.67188 MB)
[2025-06-26 13:49:38.818] [info] Total memory used: 40550404 bytes (38.67188 MB)
[2025-06-26 13:49:38.823] [info] Total memory used: 40550404 bytes (38.67188 MB)
[2025-06-26 13:49:38.895] [info] Total memory used: 40550404 bytes (38.67188 MB)
[2025-06-26 13:49:38.900] [info] Total memory used: 40550404 bytes (38.67188 MB)
[2025-06-26 13:49:38.905] [info] Total memory used: 40550404 bytes (38.67188 MB)
[2025-06-26 13:49:38.910] [info] Total memory used: 40550404 bytes (38.67188 MB)
[2025-06-26 13:49:38.915] [info] Total memory used: 40550404 bytes (38.67188 MB)
[2025-06-26 13:49:38.920] [info] Total memory used: 40550404 bytes (38.67188 MB)
### Python Begin ###
Schedule_UID=SCH-B4L3-G050-3af8
Frequency=24576000 Hz
Task=0 Chunk=0 Start=3679799949208 End=3679800205062 Duration=255854
Task=0 Chunk=1 Start=3679800205098 End=3679800384610 Duration=179512
Task=1 Chunk=0 Start=3679800205079 End=3679800446162 Duration=241083
Task=1 Chunk=1 Start=3679800446181 End=3679800609468 Duration=163287
Task=2 Chunk=0 Start=3679800446163 End=3679800686281 Duration=240118
Task=2 Chunk=1 Start=3679800686346 End=3679800859039 Duration=172693
Task=3 Chunk=0 Start=3679800686285 End=3679800925645 Duration=239360
Task=3 Chunk=1 Start=3679800925670 End=3679801088017 Duration=162347
Task=4 Chunk=0 Start=3679800925647 End=3679801165040 Duration=239393
Task=4 Chunk=1 Start=3679801165101 End=3679801327209 Duration=162108
Task=5 Chunk=0 Start=3679801165046 End=3679801405033 Duration=239987
Task=5 Chunk=1 Start=3679801405064 End=3679801565185 Duration=160121
Task=6 Chunk=0 Start=3679801405040 End=3679801644069 Duration=239029
Task=6 Chunk=1 Start=3679801644118 End=3679801809580 Duration=165462
Task=7 Chunk=0 Start=3679801644073 End=3679801882122 Duration=238049
Task=7 Chunk=1 Start=3679801882157 End=3679802134580 Duration=252423
Task=8 Chunk=0 Start=3679801882129 End=3679802121099 Duration=238970
Task=8 Chunk=1 Start=3679802134600 End=3679802298685 Duration=164085
Task=9 Chunk=0 Start=3679802121119 End=3679802361007 Duration=239888
Task=9 Chunk=1 Start=3679802361031 End=3679802523902 Duration=162871
Task=10 Chunk=0 Start=3679802361008 End=3679802600226 Duration=239218
Task=10 Chunk=1 Start=3679802600276 End=3679802760361 Duration=160085
Task=11 Chunk=0 Start=3679802600231 End=3679802839506 Duration=239275
Task=11 Chunk=1 Start=3679802839520 End=3679803005775 Duration=166255
Task=12 Chunk=0 Start=3679802839508 End=3679803078631 Duration=239123
Task=12 Chunk=1 Start=3679803078660 End=3679803242478 Duration=163818
Task=13 Chunk=0 Start=3679803078638 End=3679803317734 Duration=239096
Task=13 Chunk=1 Start=3679803317777 End=3679803482678 Duration=164901
Task=14 Chunk=0 Start=3679803317735 End=3679803556412 Duration=238677
Task=14 Chunk=1 Start=3679803556452 End=3679803718502 Duration=162050
Task=15 Chunk=0 Start=3679803556417 End=3679803796434 Duration=240017
Task=15 Chunk=1 Start=3679803796488 End=3679803959152 Duration=162664
Task=16 Chunk=0 Start=3679803796435 End=3679804034723 Duration=238288
Task=16 Chunk=1 Start=3679804034756 End=3679804203184 Duration=168428
Task=17 Chunk=0 Start=3679804034732 End=3679804274029 Duration=239297
Task=17 Chunk=1 Start=3679804274044 End=3679804446213 Duration=172169
Task=18 Chunk=0 Start=3679804274036 End=3679804512479 Duration=238443
Task=18 Chunk=1 Start=3679804512529 End=3679804676355 Duration=163826
Task=19 Chunk=0 Start=3679804512480 End=3679804752406 Duration=239926
Task=19 Chunk=1 Start=3679804752433 End=3679804913363 Duration=160930
Task=20 Chunk=0 Start=3679804752407 End=3679804991180 Duration=238773
Task=20 Chunk=1 Start=3679804991200 End=3679805154476 Duration=163276
Task=21 Chunk=0 Start=3679804991185 End=3679805230195 Duration=239010
Task=21 Chunk=1 Start=3679805230265 End=3679805391664 Duration=161399
Task=22 Chunk=0 Start=3679805230196 End=3679805468459 Duration=238263
Task=22 Chunk=1 Start=3679805468511 End=3679805632245 Duration=163734
Task=23 Chunk=0 Start=3679805468460 End=3679805707058 Duration=238598
Task=23 Chunk=1 Start=3679805707079 End=3679805869445 Duration=162366
Task=24 Chunk=0 Start=3679805707065 End=3679805946374 Duration=239309
Task=24 Chunk=1 Start=3679805946435 End=3679806106563 Duration=160128
Task=25 Chunk=0 Start=3679805946379 End=3679806184685 Duration=238306
Task=25 Chunk=1 Start=3679806184733 End=3679806348363 Duration=163630
Task=26 Chunk=0 Start=3679806184685 End=3679806423805 Duration=239120
Task=26 Chunk=1 Start=3679806423836 End=3679806587297 Duration=163461
Task=27 Chunk=0 Start=3679806423806 End=3679806661198 Duration=237392
Task=27 Chunk=1 Start=3679806661228 End=3679806828198 Duration=166970
Task=28 Chunk=0 Start=3679806661199 End=3679806900312 Duration=239113
Task=28 Chunk=1 Start=3679806900344 End=3679807064506 Duration=164162
Task=29 Chunk=0 Start=3679806900312 End=3679807138650 Duration=238338
Task=29 Chunk=1 Start=3679807138692 End=3679807301693 Duration=163001
Task=30 Chunk=0 Start=3679807138662 End=3679807376673 Duration=238011
Task=30 Chunk=1 Start=3679807376700 End=3679807540035 Duration=163335
Task=31 Chunk=0 Start=3679807376674 End=3679807616311 Duration=239637
Task=31 Chunk=1 Start=3679807616359 End=3679807777413 Duration=161054
Task=32 Chunk=0 Start=3679807616312 End=3679807855016 Duration=238704
Task=32 Chunk=1 Start=3679807855076 End=3679808020757 Duration=165681
Task=33 Chunk=0 Start=3679807855017 End=3679808094048 Duration=239031
Task=33 Chunk=1 Start=3679808094071 End=3679808255178 Duration=161107
Task=34 Chunk=0 Start=3679808094049 End=3679808331957 Duration=237908
Task=34 Chunk=1 Start=3679808332023 End=3679808495796 Duration=163773
Task=35 Chunk=0 Start=3679808331958 End=3679808570782 Duration=238824
Task=35 Chunk=1 Start=3679808571350 End=3679808731918 Duration=160568
Task=36 Chunk=0 Start=3679808570783 End=3679808809407 Duration=238624
Task=36 Chunk=1 Start=3679808809453 End=3679808972154 Duration=162701
Task=37 Chunk=0 Start=3679808809412 End=3679809047759 Duration=238347
Task=37 Chunk=1 Start=3679809047808 End=3679809210585 Duration=162777
Task=38 Chunk=0 Start=3679809047760 End=3679809286792 Duration=239032
Task=38 Chunk=1 Start=3679809286820 End=3679809447521 Duration=160701
Task=39 Chunk=0 Start=3679809286793 End=3679809525021 Duration=238228
Task=39 Chunk=1 Start=3679809525051 End=3679809686827 Duration=161776
Task=40 Chunk=0 Start=3679809525022 End=3679809763591 Duration=238569
Task=40 Chunk=1 Start=3679809763624 End=3679809924522 Duration=160898
Task=41 Chunk=0 Start=3679809763596 End=3679810002608 Duration=239012
Task=41 Chunk=1 Start=3679810002667 End=3679810167891 Duration=165224
Task=42 Chunk=0 Start=3679810002613 End=3679810240388 Duration=237775
Task=42 Chunk=1 Start=3679810240426 End=3679810406401 Duration=165975
Task=43 Chunk=0 Start=3679810240389 End=3679810479448 Duration=239059
Task=43 Chunk=1 Start=3679810479477 End=3679810645678 Duration=166201
Task=44 Chunk=0 Start=3679810479452 End=3679810717759 Duration=238307
Task=44 Chunk=1 Start=3679810717819 End=3679810880045 Duration=162226
Task=45 Chunk=0 Start=3679810717760 End=3679810956811 Duration=239051
Task=45 Chunk=1 Start=3679810956836 End=3679811118852 Duration=162016
Task=46 Chunk=0 Start=3679810956812 End=3679811196133 Duration=239321
Task=46 Chunk=1 Start=3679811196183 End=3679811359710 Duration=163527
Task=47 Chunk=0 Start=3679811196134 End=3679811435760 Duration=239626
Task=47 Chunk=1 Start=3679811435806 End=3679811600499 Duration=164693
Task=48 Chunk=0 Start=3679811435761 End=3679811674197 Duration=238436
Task=48 Chunk=1 Start=3679811674248 End=3679811837599 Duration=163351
Task=49 Chunk=0 Start=3679811674202 End=3679811911957 Duration=237755
Task=49 Chunk=1 Start=3679811911994 End=3679812073736 Duration=161742
Task=50 Chunk=0 Start=3679811911963 End=3679812151314 Duration=239351
Task=50 Chunk=1 Start=3679812151355 End=3679812315030 Duration=163675
Task=51 Chunk=0 Start=3679812151315 End=3679812390035 Duration=238720
Task=51 Chunk=1 Start=3679812390057 End=3679812554017 Duration=163960
Task=52 Chunk=0 Start=3679812390040 End=3679812628746 Duration=238706
Task=52 Chunk=1 Start=3679812628803 End=3679812791129 Duration=162326
Task=53 Chunk=0 Start=3679812628758 End=3679812867090 Duration=238332
Task=53 Chunk=1 Start=3679812867129 End=3679813029920 Duration=162791
Task=54 Chunk=0 Start=3679812867096 End=3679813105602 Duration=238506
Task=54 Chunk=1 Start=3679813105661 End=3679813266670 Duration=161009
Task=55 Chunk=0 Start=3679813105603 End=3679813343411 Duration=237808
Task=55 Chunk=1 Start=3679813343464 End=3679813505929 Duration=162465
Task=56 Chunk=0 Start=3679813343417 End=3679813581913 Duration=238496
Task=56 Chunk=1 Start=3679813581954 End=3679813746224 Duration=164270
Task=57 Chunk=0 Start=3679813581919 End=3679813820675 Duration=238756
Task=57 Chunk=1 Start=3679813820706 End=3679813986803 Duration=166097
Task=58 Chunk=0 Start=3679813820681 End=3679814058516 Duration=237835
Task=58 Chunk=1 Start=3679814058567 End=3679814223238 Duration=164671
Task=59 Chunk=0 Start=3679814058522 End=3679814296712 Duration=238190
Task=59 Chunk=1 Start=3679814296741 End=3679814457753 Duration=161012
Task=60 Chunk=0 Start=3679814296713 End=3679814534819 Duration=238106
Task=60 Chunk=1 Start=3679814534830 End=3679814697022 Duration=162192
Task=61 Chunk=0 Start=3679814534820 End=3679814774069 Duration=239249
Task=61 Chunk=1 Start=3679814774114 End=3679814936863 Duration=162749
Task=62 Chunk=0 Start=3679814774070 End=3679815012875 Duration=238805
Task=62 Chunk=1 Start=3679815012910 End=3679815178428 Duration=165518
Task=63 Chunk=0 Start=3679815012880 End=3679815251437 Duration=238557
Task=63 Chunk=1 Start=3679815251491 End=3679815415638 Duration=164147
Task=64 Chunk=0 Start=3679815251438 End=3679815490373 Duration=238935
Task=64 Chunk=1 Start=3679815490414 End=3679815653329 Duration=162915
Task=65 Chunk=0 Start=3679815490378 End=3679815728206 Duration=237828
Task=65 Chunk=1 Start=3679815728240 End=3679815890587 Duration=162347
Task=66 Chunk=0 Start=3679815728206 End=3679815967363 Duration=239157
Task=66 Chunk=1 Start=3679815967389 End=3679816130009 Duration=162620
Task=67 Chunk=0 Start=3679815967364 End=3679816205762 Duration=238398
Task=67 Chunk=1 Start=3679816205792 End=3679816368586 Duration=162794
Task=68 Chunk=0 Start=3679816205763 End=3679816444412 Duration=238649
Task=68 Chunk=1 Start=3679816444451 End=3679816604311 Duration=159860
Task=69 Chunk=0 Start=3679816444413 End=3679816682289 Duration=237876
Task=69 Chunk=1 Start=3679816682332 End=3679816845057 Duration=162725
Task=70 Chunk=0 Start=3679816682297 End=3679816920048 Duration=237751
Task=70 Chunk=1 Start=3679816920068 End=3679817082533 Duration=162465
Task=71 Chunk=0 Start=3679816920049 End=3679817159227 Duration=239178
Task=71 Chunk=1 Start=3679817159265 End=3679817325053 Duration=165788
Task=72 Chunk=0 Start=3679817159233 End=3679817397555 Duration=238322
Task=72 Chunk=1 Start=3679817397607 End=3679817563797 Duration=166190
Task=73 Chunk=0 Start=3679817397556 End=3679817636707 Duration=239151
Task=73 Chunk=1 Start=3679817636747 End=3679817799957 Duration=163210
Task=74 Chunk=0 Start=3679817636715 End=3679817874978 Duration=238263
Task=74 Chunk=1 Start=3679817875009 End=3679818037026 Duration=162017
Task=75 Chunk=0 Start=3679817874979 End=3679818114059 Duration=239080
Task=75 Chunk=1 Start=3679818114090 End=3679818275209 Duration=161119
Task=76 Chunk=0 Start=3679818114060 End=3679818352992 Duration=238932
Task=76 Chunk=1 Start=3679818353034 End=3679818516477 Duration=163443
Task=77 Chunk=0 Start=3679818352998 End=3679818593307 Duration=240309
Task=77 Chunk=1 Start=3679818593363 End=3679818759414 Duration=166051
Task=78 Chunk=0 Start=3679818593309 End=3679818832740 Duration=239431
Task=78 Chunk=1 Start=3679818832753 End=3679818996089 Duration=163336
Task=79 Chunk=0 Start=3679818832746 End=3679819070654 Duration=237908
Task=79 Chunk=1 Start=3679819070707 End=3679819233984 Duration=163277
Task=80 Chunk=0 Start=3679819070660 End=3679819309079 Duration=238419
Task=80 Chunk=1 Start=3679819309114 End=3679819470531 Duration=161417
Task=81 Chunk=0 Start=3679819309086 End=3679819546820 Duration=237734
Task=81 Chunk=1 Start=3679819546858 End=3679819709234 Duration=162376
Task=82 Chunk=0 Start=3679819546827 End=3679819785675 Duration=238848
Task=82 Chunk=1 Start=3679819785708 End=3679819946515 Duration=160807
Task=83 Chunk=0 Start=3679819785676 End=3679820024254 Duration=238578
Task=83 Chunk=1 Start=3679820024283 End=3679820192017 Duration=167734
Task=84 Chunk=0 Start=3679820024255 End=3679820261995 Duration=237740
Task=84 Chunk=1 Start=3679820262049 End=3679820424362 Duration=162313
Task=85 Chunk=0 Start=3679820262000 End=3679820500848 Duration=238848
Task=85 Chunk=1 Start=3679820500911 End=3679820662794 Duration=161883
Task=86 Chunk=0 Start=3679820500848 End=3679820739340 Duration=238492
Task=86 Chunk=1 Start=3679820739367 End=3679820905064 Duration=165697
Task=87 Chunk=0 Start=3679820739345 End=3679820977929 Duration=238584
Task=87 Chunk=1 Start=3679820977969 End=3679821142608 Duration=164639
Task=88 Chunk=0 Start=3679820977930 End=3679821216288 Duration=238358
Task=88 Chunk=1 Start=3679821216337 End=3679821382320 Duration=165983
Task=89 Chunk=0 Start=3679821216289 End=3679821454736 Duration=238447
Task=89 Chunk=1 Start=3679821454765 End=3679821617093 Duration=162328
Task=90 Chunk=0 Start=3679821454737 End=3679821692968 Duration=238231
Task=90 Chunk=1 Start=3679821693003 End=3679821855387 Duration=162384
Task=91 Chunk=0 Start=3679821692970 End=3679821931051 Duration=238081
Task=91 Chunk=1 Start=3679821931097 End=3679822094810 Duration=163713
Task=92 Chunk=0 Start=3679821931056 End=3679822170135 Duration=239079
Task=92 Chunk=1 Start=3679822170157 End=3679822335223 Duration=165066
Task=93 Chunk=0 Start=3679822170136 End=3679822408879 Duration=238743
Task=93 Chunk=1 Start=3679822408920 End=3679822572963 Duration=164043
Task=94 Chunk=0 Start=3679822408880 End=3679822647697 Duration=238817
Task=94 Chunk=1 Start=3679822647728 End=3679822811184 Duration=163456
Task=95 Chunk=0 Start=3679822647698 End=3679822885813 Duration=238115
Task=95 Chunk=1 Start=3679822885855 End=3679823049175 Duration=163320
Task=96 Chunk=0 Start=3679822885818 End=3679823124987 Duration=239169
Task=96 Chunk=1 Start=3679823125008 End=3679823286108 Duration=161100
Task=97 Chunk=0 Start=3679823124988 End=3679823363229 Duration=238241
Task=97 Chunk=1 Start=3679823363294 End=3679823526488 Duration=163194
Task=98 Chunk=0 Start=3679823363234 End=3679823601254 Duration=238020
Task=98 Chunk=1 Start=3679823601299 End=3679823763243 Duration=161944
Task=99 Chunk=0 Start=3679823601259 End=3679823840307 Duration=239048
Task=99 Chunk=1 Start=3679823840322 End=3679823997632 Duration=157310
### Python End ###

--------------------------------
[2025-06-26 13:49:39.925] [info] Available Vulkan Layers:
[2025-06-26 13:49:39.925] [warning] Validation layer requested but not available, continuing without it...
[2025-06-26 13:49:39.929] [info] Using integrated GPU: Mali-G710
[2025-06-26 13:49:39.932] [info] VulkanDispatcher instance created.
[2025-06-26 13:49:40.099] [info] Total memory used: 40550404 bytes (38.67188 MB)
[2025-06-26 13:49:40.104] [info] Total memory used: 40550404 bytes (38.67188 MB)
[2025-06-26 13:49:40.150] [info] Total memory used: 40550404 bytes (38.67188 MB)
[2025-06-26 13:49:40.156] [info] Total memory used: 40550404 bytes (38.67188 MB)
[2025-06-26 13:49:40.162] [info] Total memory used: 40550404 bytes (38.67188 MB)
[2025-06-26 13:49:40.256] [info] Total memory used: 40550404 bytes (38.67188 MB)
[2025-06-26 13:49:40.262] [info] Total memory used: 40550404 bytes (38.67188 MB)
[2025-06-26 13:49:40.267] [info] Total memory used: 40550404 bytes (38.67188 MB)
[2025-06-26 13:49:40.272] [info] Total memory used: 40550404 bytes (38.67188 MB)
[2025-06-26 13:49:40.277] [info] Total memory used: 40550404 bytes (38.67188 MB)
[2025-06-26 13:49:40.358] [info] Total memory used: 40550404 bytes (38.67188 MB)
[2025-06-26 13:49:40.364] [info] Total memory used: 40550404 bytes (38.67188 MB)
[2025-06-26 13:49:40.372] [info] Total memory used: 40550404 bytes (38.67188 MB)
[2025-06-26 13:49:40.378] [info] Total memory used: 40550404 bytes (38.67188 MB)
[2025-06-26 13:49:40.383] [info] Total memory used: 40550404 bytes (38.67188 MB)
[2025-06-26 13:49:40.388] [info] Total memory used: 40550404 bytes (38.67188 MB)
### Python Begin ###
Schedule_UID=SCH-M4L3-G050-633e
Frequency=24576000 Hz
Task=0 Chunk=0 Start=3679836039934 End=3679836249351 Duration=209417
Task=0 Chunk=1 Start=3679836249426 End=3679836426531 Duration=177105
Task=1 Chunk=0 Start=3679836249363 End=3679836442887 Duration=193524
Task=1 Chunk=1 Start=3679836442907 End=3679836604518 Duration=161611
Task=2 Chunk=0 Start=3679836442900 End=3679836637246 Duration=194346
Task=2 Chunk=1 Start=3679836637281 End=3679836796753 Duration=159472
Task=3 Chunk=0 Start=3679836637273 End=3679836830424 Duration=193151
Task=3 Chunk=1 Start=3679836830469 End=3679836989947 Duration=159478
Task=4 Chunk=0 Start=3679836830438 End=3679837024508 Duration=194070
Task=4 Chunk=1 Start=3679837024573 End=3679837184469 Duration=159896
Task=5 Chunk=0 Start=3679837024534 End=3679837217425 Duration=192891
Task=5 Chunk=1 Start=3679837217487 End=3679837380838 Duration=163351
Task=6 Chunk=0 Start=3679837217441 End=3679837411047 Duration=193606
Task=6 Chunk=1 Start=3679837411124 End=3679837574955 Duration=163831
Task=7 Chunk=0 Start=3679837411077 End=3679837605401 Duration=194324
Task=7 Chunk=1 Start=3679837605418 End=3679837769900 Duration=164482
Task=8 Chunk=0 Start=3679837605415 End=3679837798585 Duration=193170
Task=8 Chunk=1 Start=3679837798624 End=3679837959297 Duration=160673
Task=9 Chunk=0 Start=3679837798593 End=3679837991299 Duration=192706
Task=9 Chunk=1 Start=3679837991338 End=3679838148336 Duration=156998
Task=10 Chunk=0 Start=3679837991311 End=3679838184139 Duration=192828
Task=10 Chunk=1 Start=3679838184163 End=3679838342838 Duration=158675
Task=11 Chunk=0 Start=3679838184144 End=3679838377753 Duration=193609
Task=11 Chunk=1 Start=3679838377808 End=3679838535824 Duration=158016
Task=12 Chunk=0 Start=3679838377780 End=3679838571570 Duration=193790
Task=12 Chunk=1 Start=3679838571598 End=3679838733522 Duration=161924
Task=13 Chunk=0 Start=3679838571591 End=3679838763685 Duration=192094
Task=13 Chunk=1 Start=3679838763734 End=3679838923052 Duration=159318
Task=14 Chunk=0 Start=3679838763691 End=3679838956722 Duration=193031
Task=14 Chunk=1 Start=3679838956744 End=3679839117132 Duration=160388
Task=15 Chunk=0 Start=3679838956735 End=3679839150386 Duration=193651
Task=15 Chunk=1 Start=3679839150431 End=3679839313409 Duration=162978
Task=16 Chunk=0 Start=3679839150394 End=3679839344124 Duration=193730
Task=16 Chunk=1 Start=3679839344183 End=3679839502897 Duration=158714
Task=17 Chunk=0 Start=3679839344147 End=3679839537357 Duration=193210
Task=17 Chunk=1 Start=3679839537409 End=3679839696130 Duration=158721
Task=18 Chunk=0 Start=3679839537363 End=3679839728919 Duration=191556
Task=18 Chunk=1 Start=3679839728940 End=3679839888342 Duration=159402
Task=19 Chunk=0 Start=3679839728934 End=3679839924199 Duration=195265
Task=19 Chunk=1 Start=3679839924243 End=3679840084862 Duration=160619
Task=20 Chunk=0 Start=3679839924203 End=3679840117505 Duration=193302
Task=20 Chunk=1 Start=3679840117547 End=3679840280754 Duration=163207
Task=21 Chunk=0 Start=3679840117533 End=3679840312255 Duration=194722
Task=21 Chunk=1 Start=3679840312306 End=3679840475845 Duration=163539
Task=22 Chunk=0 Start=3679840312262 End=3679840506350 Duration=194088
Task=22 Chunk=1 Start=3679840506411 End=3679840669731 Duration=163320
Task=23 Chunk=0 Start=3679840506370 End=3679840698693 Duration=192323
Task=23 Chunk=1 Start=3679840698713 End=3679840858743 Duration=160030
Task=24 Chunk=0 Start=3679840698694 End=3679840892084 Duration=193390
Task=24 Chunk=1 Start=3679840892143 End=3679841051963 Duration=159820
Task=25 Chunk=0 Start=3679840892091 End=3679841085520 Duration=193429
Task=25 Chunk=1 Start=3679841085575 End=3679841244641 Duration=159066
Task=26 Chunk=0 Start=3679841085546 End=3679841278738 Duration=193192
Task=26 Chunk=1 Start=3679841278805 End=3679841438701 Duration=159896
Task=27 Chunk=0 Start=3679841278754 End=3679841472416 Duration=193662
Task=27 Chunk=1 Start=3679841472436 End=3679841631598 Duration=159162
Task=28 Chunk=0 Start=3679841472429 End=3679841665702 Duration=193273
Task=28 Chunk=1 Start=3679841665748 End=3679841825551 Duration=159803
Task=29 Chunk=0 Start=3679841665737 End=3679841858627 Duration=192890
Task=29 Chunk=1 Start=3679841858658 End=3679842018059 Duration=159401
Task=30 Chunk=0 Start=3679841858642 End=3679842052681 Duration=194039
Task=30 Chunk=1 Start=3679842052733 End=3679842217663 Duration=164930
Task=31 Chunk=0 Start=3679842052704 End=3679842245995 Duration=193291
Task=31 Chunk=1 Start=3679842246025 End=3679842405681 Duration=159656
Task=32 Chunk=0 Start=3679842246020 End=3679842439325 Duration=193305
Task=32 Chunk=1 Start=3679842439366 End=3679842599045 Duration=159679
Task=33 Chunk=0 Start=3679842439348 End=3679842632713 Duration=193365
Task=33 Chunk=1 Start=3679842632755 End=3679842792730 Duration=159975
Task=34 Chunk=0 Start=3679842632720 End=3679842826231 Duration=193511
Task=34 Chunk=1 Start=3679842826279 End=3679842985119 Duration=158840
Task=35 Chunk=0 Start=3679842826274 End=3679843019871 Duration=193597
Task=35 Chunk=1 Start=3679843019913 End=3679843185473 Duration=165560
Task=36 Chunk=0 Start=3679843019876 End=3679843213547 Duration=193671
Task=36 Chunk=1 Start=3679843213582 End=3679843376752 Duration=163170
Task=37 Chunk=0 Start=3679843213573 End=3679843406647 Duration=193074
Task=37 Chunk=1 Start=3679843406717 End=3679843565125 Duration=158408
Task=38 Chunk=0 Start=3679843406673 End=3679843599847 Duration=193174
Task=38 Chunk=1 Start=3679843599917 End=3679843761538 Duration=161621
Task=39 Chunk=0 Start=3679843599886 End=3679843792932 Duration=193046
Task=39 Chunk=1 Start=3679843792992 End=3679843949507 Duration=156515
Task=40 Chunk=0 Start=3679843792938 End=3679843985792 Duration=192854
Task=40 Chunk=1 Start=3679843985843 End=3679844143953 Duration=158110
Task=41 Chunk=0 Start=3679843985830 End=3679844179585 Duration=193755
Task=41 Chunk=1 Start=3679844179642 End=3679844338911 Duration=159269
Task=42 Chunk=0 Start=3679844179592 End=3679844373316 Duration=193724
Task=42 Chunk=1 Start=3679844373380 End=3679844536169 Duration=162789
Task=43 Chunk=0 Start=3679844373353 End=3679844567731 Duration=194378
Task=43 Chunk=1 Start=3679844567752 End=3679844725467 Duration=157715
Task=44 Chunk=0 Start=3679844567731 End=3679844761791 Duration=194060
Task=44 Chunk=1 Start=3679844761837 End=3679844920679 Duration=158842
Task=45 Chunk=0 Start=3679844761799 End=3679844956139 Duration=194340
Task=45 Chunk=1 Start=3679844956190 End=3679845118809 Duration=162619
Task=46 Chunk=0 Start=3679844956146 End=3679845149680 Duration=193534
Task=46 Chunk=1 Start=3679845149720 End=3679845310502 Duration=160782
Task=47 Chunk=0 Start=3679845149713 End=3679845342957 Duration=193244
Task=47 Chunk=1 Start=3679845342993 End=3679845500844 Duration=157851
Task=48 Chunk=0 Start=3679845342958 End=3679845536257 Duration=193299
Task=48 Chunk=1 Start=3679845536307 End=3679845694086 Duration=157779
Task=49 Chunk=0 Start=3679845536289 End=3679845728496 Duration=192207
Task=49 Chunk=1 Start=3679845728565 End=3679845887621 Duration=159056
Task=50 Chunk=0 Start=3679845728502 End=3679845921492 Duration=192990
Task=50 Chunk=1 Start=3679845921527 End=3679846096372 Duration=174845
Task=51 Chunk=0 Start=3679845921506 End=3679846116134 Duration=194628
Task=51 Chunk=1 Start=3679846116186 End=3679846279470 Duration=163284
Task=52 Chunk=0 Start=3679846116140 End=3679846309731 Duration=193591
Task=52 Chunk=1 Start=3679846309772 End=3679846470714 Duration=160942
Task=53 Chunk=0 Start=3679846309758 End=3679846503005 Duration=193247
Task=53 Chunk=1 Start=3679846503058 End=3679846662709 Duration=159651
Task=54 Chunk=0 Start=3679846503011 End=3679846696538 Duration=193527
Task=54 Chunk=1 Start=3679846696596 End=3679846855670 Duration=159074
Task=55 Chunk=0 Start=3679846696577 End=3679846889988 Duration=193411
Task=55 Chunk=1 Start=3679846890036 End=3679847049338 Duration=159302
Task=56 Chunk=0 Start=3679846890027 End=3679847083246 Duration=193219
Task=56 Chunk=1 Start=3679847083305 End=3679847242689 Duration=159384
Task=57 Chunk=0 Start=3679847083261 End=3679847276928 Duration=193667
Task=57 Chunk=1 Start=3679847276989 End=3679847438013 Duration=161024
Task=58 Chunk=0 Start=3679847276961 End=3679847470196 Duration=193235
Task=58 Chunk=1 Start=3679847470227 End=3679847629650 Duration=159423
Task=59 Chunk=0 Start=3679847470202 End=3679847663402 Duration=193200
Task=59 Chunk=1 Start=3679847663446 End=3679847824373 Duration=160927
Task=60 Chunk=0 Start=3679847663408 End=3679847857684 Duration=194276
Task=60 Chunk=1 Start=3679847857720 End=3679848021783 Duration=164063
Task=61 Chunk=0 Start=3679847857701 End=3679848052016 Duration=194315
Task=61 Chunk=1 Start=3679848052063 End=3679848213172 Duration=161109
Task=62 Chunk=0 Start=3679848052046 End=3679848245205 Duration=193159
Task=62 Chunk=1 Start=3679848245240 End=3679848403744 Duration=158504
Task=63 Chunk=0 Start=3679848245224 End=3679848438974 Duration=193750
Task=63 Chunk=1 Start=3679848439026 End=3679848600574 Duration=161548
Task=64 Chunk=0 Start=3679848438979 End=3679848631913 Duration=192934
Task=64 Chunk=1 Start=3679848631964 End=3679848794259 Duration=162295
Task=65 Chunk=0 Start=3679848631927 End=3679848824822 Duration=192895
Task=65 Chunk=1 Start=3679848824862 End=3679848987614 Duration=162752
Task=66 Chunk=0 Start=3679848824846 End=3679849018558 Duration=193712
Task=66 Chunk=1 Start=3679849018602 End=3679849181336 Duration=162734
Task=67 Chunk=0 Start=3679849018571 End=3679849212550 Duration=193979
Task=67 Chunk=1 Start=3679849212580 End=3679849372536 Duration=159956
Task=68 Chunk=0 Start=3679849212573 End=3679849406341 Duration=193768
Task=68 Chunk=1 Start=3679849406393 End=3679849567240 Duration=160847
Task=69 Chunk=0 Start=3679849406378 End=3679849599396 Duration=193018
Task=69 Chunk=1 Start=3679849599436 End=3679849757509 Duration=158073
Task=70 Chunk=0 Start=3679849599407 End=3679849792224 Duration=192817
Task=70 Chunk=1 Start=3679849792273 End=3679849953171 Duration=160898
Task=71 Chunk=0 Start=3679849792264 End=3679849985225 Duration=192961
Task=71 Chunk=1 Start=3679849985270 End=3679850142788 Duration=157518
Task=72 Chunk=0 Start=3679849985235 End=3679850178511 Duration=193276
Task=72 Chunk=1 Start=3679850178545 End=3679850336887 Duration=158342
Task=73 Chunk=0 Start=3679850178535 End=3679850371526 Duration=192991
Task=73 Chunk=1 Start=3679850371555 End=3679850528808 Duration=157253
Task=74 Chunk=0 Start=3679850371536 End=3679850564893 Duration=193357
Task=74 Chunk=1 Start=3679850564916 End=3679850722855 Duration=157939
Task=75 Chunk=0 Start=3679850564911 End=3679850758102 Duration=193191
Task=75 Chunk=1 Start=3679850758130 End=3679850920517 Duration=162387
Task=76 Chunk=0 Start=3679850758110 End=3679850951557 Duration=193447
Task=76 Chunk=1 Start=3679850951613 End=3679851114870 Duration=163257
Task=77 Chunk=0 Start=3679850951584 End=3679851144189 Duration=192605
Task=77 Chunk=1 Start=3679851144238 End=3679851302410 Duration=158172
Task=78 Chunk=0 Start=3679851144208 End=3679851337071 Duration=192863
Task=78 Chunk=1 Start=3679851337095 End=3679851496191 Duration=159096
Task=79 Chunk=0 Start=3679851337083 End=3679851530232 Duration=193149
Task=79 Chunk=1 Start=3679851530305 End=3679851688105 Duration=157800
Task=80 Chunk=0 Start=3679851530253 End=3679851722508 Duration=192255
Task=80 Chunk=1 Start=3679851722547 End=3679851886175 Duration=163628
Task=81 Chunk=0 Start=3679851722515 End=3679851916032 Duration=193517
Task=81 Chunk=1 Start=3679851916068 End=3679852082534 Duration=166466
Task=82 Chunk=0 Start=3679851916062 End=3679852109829 Duration=193767
Task=82 Chunk=1 Start=3679852109890 End=3679852270415 Duration=160525
Task=83 Chunk=0 Start=3679852109852 End=3679852304165 Duration=194313
Task=83 Chunk=1 Start=3679852304212 End=3679852463499 Duration=159287
Task=84 Chunk=0 Start=3679852304200 End=3679852497792 Duration=193592
Task=84 Chunk=1 Start=3679852497861 End=3679852657194 Duration=159333
Task=85 Chunk=0 Start=3679852497800 End=3679852690891 Duration=193091
Task=85 Chunk=1 Start=3679852690947 End=3679852851074 Duration=160127
Task=86 Chunk=0 Start=3679852690898 End=3679852884858 Duration=193960
Task=86 Chunk=1 Start=3679852884880 End=3679853045505 Duration=160625
Task=87 Chunk=0 Start=3679852884860 End=3679853078141 Duration=193281
Task=87 Chunk=1 Start=3679853078186 End=3679853238312 Duration=160126
Task=88 Chunk=0 Start=3679853078168 End=3679853270981 Duration=192813
Task=88 Chunk=1 Start=3679853271029 End=3679853430710 Duration=159681
Task=89 Chunk=0 Start=3679853270990 End=3679853464528 Duration=193538
Task=89 Chunk=1 Start=3679853464584 End=3679853625545 Duration=160961
Task=90 Chunk=0 Start=3679853464552 End=3679853658136 Duration=193584
Task=90 Chunk=1 Start=3679853658185 End=3679853823089 Duration=164904
Task=91 Chunk=0 Start=3679853658142 End=3679853852061 Duration=193919
Task=91 Chunk=1 Start=3679853852089 End=3679854013473 Duration=161384
Task=92 Chunk=0 Start=3679853852073 End=3679854045493 Duration=193420
Task=92 Chunk=1 Start=3679854045543 End=3679854204711 Duration=159168
Task=93 Chunk=0 Start=3679854045494 End=3679854238119 Duration=192625
Task=93 Chunk=1 Start=3679854238149 End=3679854400943 Duration=162794
Task=94 Chunk=0 Start=3679854238133 End=3679854431268 Duration=193135
Task=94 Chunk=1 Start=3679854431309 End=3679854590534 Duration=159225
Task=95 Chunk=0 Start=3679854431287 End=3679854624466 Duration=193179
Task=95 Chunk=1 Start=3679854624519 End=3679854788053 Duration=163534
Task=96 Chunk=0 Start=3679854624487 End=3679854818276 Duration=193789
Task=96 Chunk=1 Start=3679854818303 End=3679854983621 Duration=165318
Task=97 Chunk=0 Start=3679854818282 End=3679855012067 Duration=193785
Task=97 Chunk=1 Start=3679855012119 End=3679855172941 Duration=160822
Task=98 Chunk=0 Start=3679855012080 End=3679855205452 Duration=193372
Task=98 Chunk=1 Start=3679855205490 End=3679855365373 Duration=159883
Task=99 Chunk=0 Start=3679855205480 End=3679855398506 Duration=193026
Task=99 Chunk=1 Start=3679855398538 End=3679855552537 Duration=153999
### Python End ###

--------------------------------
[2025-06-26 13:49:41.209] [info] Available Vulkan Layers:
[2025-06-26 13:49:41.209] [warning] Validation layer requested but not available, continuing without it...
[2025-06-26 13:49:41.212] [info] Using integrated GPU: Mali-G710
[2025-06-26 13:49:41.216] [info] VulkanDispatcher instance created.
[2025-06-26 13:49:41.424] [info] Total memory used: 40550404 bytes (38.67188 MB)
[2025-06-26 13:49:41.429] [info] Total memory used: 40550404 bytes (38.67188 MB)
[2025-06-26 13:49:41.524] [info] Total memory used: 40550404 bytes (38.67188 MB)
[2025-06-26 13:49:41.529] [info] Total memory used: 40550404 bytes (38.67188 MB)
[2025-06-26 13:49:41.534] [info] Total memory used: 40550404 bytes (38.67188 MB)
[2025-06-26 13:49:41.607] [info] Total memory used: 40550404 bytes (38.67188 MB)
[2025-06-26 13:49:41.612] [info] Total memory used: 40550404 bytes (38.67188 MB)
[2025-06-26 13:49:41.617] [info] Total memory used: 40550404 bytes (38.67188 MB)
[2025-06-26 13:49:41.622] [info] Total memory used: 40550404 bytes (38.67188 MB)
[2025-06-26 13:49:41.628] [info] Total memory used: 40550404 bytes (38.67188 MB)
[2025-06-26 13:49:41.717] [info] Total memory used: 40550404 bytes (38.67188 MB)
[2025-06-26 13:49:41.721] [info] Total memory used: 40550404 bytes (38.67188 MB)
[2025-06-26 13:49:41.726] [info] Total memory used: 40550404 bytes (38.67188 MB)
[2025-06-26 13:49:41.731] [info] Total memory used: 40550404 bytes (38.67188 MB)
[2025-06-26 13:49:41.736] [info] Total memory used: 40550404 bytes (38.67188 MB)
[2025-06-26 13:49:41.741] [info] Total memory used: 40550404 bytes (38.67188 MB)
### Python Begin ###
Schedule_UID=SCH-B5L2-G054-33a4
Frequency=24576000 Hz
Task=0 Chunk=0 Start=3679869278236 End=3679869530534 Duration=252298
Task=0 Chunk=1 Start=3679869530568 End=3679869684616 Duration=154048
Task=1 Chunk=0 Start=3679869530566 End=3679869775932 Duration=245366
Task=1 Chunk=1 Start=3679869775971 End=3679869915715 Duration=139744
Task=2 Chunk=0 Start=3679869775935 End=3679870021322 Duration=245387
Task=2 Chunk=1 Start=3679870021369 End=3679870157784 Duration=136415
Task=3 Chunk=0 Start=3679870021323 End=3679870266538 Duration=245215
Task=3 Chunk=1 Start=3679870266595 End=3679870408558 Duration=141963
Task=4 Chunk=0 Start=3679870266539 End=3679870512268 Duration=245729
Task=4 Chunk=1 Start=3679870512305 End=3679870656017 Duration=143712
Task=5 Chunk=0 Start=3679870512269 End=3679870757345 Duration=245076
Task=5 Chunk=1 Start=3679870757407 End=3679870899087 Duration=141680
Task=6 Chunk=0 Start=3679870757346 End=3679871002601 Duration=245255
Task=6 Chunk=1 Start=3679871002663 End=3679871149192 Duration=146529
Task=7 Chunk=0 Start=3679871002602 End=3679871247611 Duration=245009
Task=7 Chunk=1 Start=3679871247658 End=3679871397214 Duration=149556
Task=8 Chunk=0 Start=3679871247617 End=3679871493031 Duration=245414
Task=8 Chunk=1 Start=3679871493075 End=3679871633615 Duration=140540
Task=9 Chunk=0 Start=3679871493035 End=3679871738152 Duration=245117
Task=9 Chunk=1 Start=3679871738193 End=3679871877514 Duration=139321
Task=10 Chunk=0 Start=3679871738153 End=3679871983612 Duration=245459
Task=10 Chunk=1 Start=3679871983640 End=3679872126218 Duration=142578
Task=11 Chunk=0 Start=3679871983612 End=3679872228920 Duration=245308
Task=11 Chunk=1 Start=3679872228990 End=3679872373078 Duration=144088
Task=12 Chunk=0 Start=3679872228920 End=3679872474301 Duration=245381
Task=12 Chunk=1 Start=3679872474351 End=3679872614650 Duration=140299
Task=13 Chunk=0 Start=3679872474306 End=3679872719809 Duration=245503
Task=13 Chunk=1 Start=3679872719832 End=3679872867008 Duration=147176
Task=14 Chunk=0 Start=3679872719810 End=3679872965505 Duration=245695
Task=14 Chunk=1 Start=3679872965570 End=3679873105700 Duration=140130
Task=15 Chunk=0 Start=3679872965506 End=3679873210456 Duration=244950
Task=15 Chunk=1 Start=3679873210503 End=3679873360621 Duration=150118
Task=16 Chunk=0 Start=3679873210457 End=3679873455656 Duration=245199
Task=16 Chunk=1 Start=3679873455716 End=3679873596318 Duration=140602
Task=17 Chunk=0 Start=3679873455657 End=3679873700300 Duration=244643
Task=17 Chunk=1 Start=3679873700356 End=3679873840846 Duration=140490
Task=18 Chunk=0 Start=3679873700304 End=3679873946068 Duration=245764
Task=18 Chunk=1 Start=3679873946122 End=3679874089458 Duration=143336
Task=19 Chunk=0 Start=3679873946071 End=3679874190055 Duration=243984
Task=19 Chunk=1 Start=3679874190099 End=3679874334220 Duration=144121
Task=20 Chunk=0 Start=3679874190061 End=3679874435448 Duration=245387
Task=20 Chunk=1 Start=3679874435491 End=3679874580117 Duration=144626
Task=21 Chunk=0 Start=3679874435449 End=3679874679685 Duration=244236
Task=21 Chunk=1 Start=3679874679749 End=3679874823377 Duration=143628
Task=22 Chunk=0 Start=3679874679686 End=3679874924112 Duration=244426
Task=22 Chunk=1 Start=3679874924159 End=3679875068608 Duration=144449
Task=23 Chunk=0 Start=3679874924113 End=3679875171830 Duration=247717
Task=23 Chunk=1 Start=3679875171877 End=3679875311111 Duration=139234
Task=24 Chunk=0 Start=3679875171831 End=3679875416040 Duration=244209
Task=24 Chunk=1 Start=3679875416116 End=3679875568934 Duration=152818
Task=25 Chunk=0 Start=3679875416041 End=3679875661610 Duration=245569
Task=25 Chunk=1 Start=3679875661665 End=3679875805122 Duration=143457
Task=26 Chunk=0 Start=3679875661611 End=3679875905886 Duration=244275
Task=26 Chunk=1 Start=3679875905912 End=3679876047761 Duration=141849
Task=27 Chunk=0 Start=3679875905887 End=3679876150715 Duration=244828
Task=27 Chunk=1 Start=3679876150781 End=3679876292868 Duration=142087
Task=28 Chunk=0 Start=3679876150716 End=3679876394255 Duration=243539
Task=28 Chunk=1 Start=3679876394293 End=3679876539597 Duration=145304
Task=29 Chunk=0 Start=3679876394256 End=3679876639038 Duration=244782
Task=29 Chunk=1 Start=3679876639115 End=3679876780309 Duration=141194
Task=30 Chunk=0 Start=3679876639043 End=3679876882740 Duration=243697
Task=30 Chunk=1 Start=3679876882781 End=3679877026092 Duration=143311
Task=31 Chunk=0 Start=3679876882749 End=3679877128479 Duration=245730
Task=31 Chunk=1 Start=3679877128533 End=3679877269863 Duration=141330
Task=32 Chunk=0 Start=3679877128484 End=3679877373605 Duration=245121
Task=32 Chunk=1 Start=3679877373642 End=3679877515658 Duration=142016
Task=33 Chunk=0 Start=3679877373606 End=3679877619541 Duration=245935
Task=33 Chunk=1 Start=3679877619593 End=3679877759172 Duration=139579
Task=34 Chunk=0 Start=3679877619542 End=3679877864024 Duration=244482
Task=34 Chunk=1 Start=3679877864071 End=3679878008263 Duration=144192
Task=35 Chunk=0 Start=3679877864030 End=3679878109282 Duration=245252
Task=35 Chunk=1 Start=3679878109308 End=3679878248650 Duration=139342
Task=36 Chunk=0 Start=3679878109288 End=3679878352999 Duration=243711
Task=36 Chunk=1 Start=3679878353037 End=3679878497428 Duration=144391
Task=37 Chunk=0 Start=3679878352999 End=3679878598148 Duration=245149
Task=37 Chunk=1 Start=3679878598195 End=3679878742181 Duration=143986
Task=38 Chunk=0 Start=3679878598149 End=3679878843123 Duration=244974
Task=38 Chunk=1 Start=3679878843152 End=3679878989704 Duration=146552
Task=39 Chunk=0 Start=3679878843129 End=3679879088671 Duration=245542
Task=39 Chunk=1 Start=3679879088722 End=3679879228163 Duration=139441
Task=40 Chunk=0 Start=3679879088677 End=3679879333496 Duration=244819
Task=40 Chunk=1 Start=3679879333524 End=3679879477908 Duration=144384
Task=41 Chunk=0 Start=3679879333499 End=3679879578619 Duration=245120
Task=41 Chunk=1 Start=3679879578661 End=3679879718864 Duration=140203
Task=42 Chunk=0 Start=3679879578625 End=3679879822233 Duration=243608
Task=42 Chunk=1 Start=3679879822264 End=3679879964037 Duration=141773
Task=43 Chunk=0 Start=3679879822235 End=3679880066892 Duration=244657
Task=43 Chunk=1 Start=3679880066935 End=3679880210089 Duration=143154
Task=44 Chunk=0 Start=3679880066893 End=3679880311332 Duration=244439
Task=44 Chunk=1 Start=3679880311398 End=3679880454186 Duration=142788
Task=45 Chunk=0 Start=3679880311333 End=3679880557204 Duration=245871
Task=45 Chunk=1 Start=3679880557246 End=3679880699212 Duration=141966
Task=46 Chunk=0 Start=3679880557205 End=3679880802125 Duration=244920
Task=46 Chunk=1 Start=3679880802160 End=3679880943567 Duration=141407
Task=47 Chunk=0 Start=3679880802126 End=3679881047862 Duration=245736
Task=47 Chunk=1 Start=3679881047912 End=3679881189371 Duration=141459
Task=48 Chunk=0 Start=3679881047863 End=3679881292016 Duration=244153
Task=48 Chunk=1 Start=3679881292078 End=3679881434698 Duration=142620
Task=49 Chunk=0 Start=3679881292021 End=3679881537632 Duration=245611
Task=49 Chunk=1 Start=3679881537679 End=3679881682252 Duration=144573
Task=50 Chunk=0 Start=3679881537633 End=3679881782078 Duration=244445
Task=50 Chunk=1 Start=3679881782142 End=3679881924946 Duration=142804
Task=51 Chunk=0 Start=3679881782079 End=3679882027293 Duration=245214
Task=51 Chunk=1 Start=3679882027357 End=3679882172555 Duration=145198
Task=52 Chunk=0 Start=3679882027294 End=3679882271444 Duration=244150
Task=52 Chunk=1 Start=3679882271473 End=3679882414768 Duration=143295
Task=53 Chunk=0 Start=3679882271449 End=3679882516885 Duration=245436
Task=53 Chunk=1 Start=3679882516956 End=3679882657801 Duration=140845
Task=54 Chunk=0 Start=3679882516886 End=3679882761322 Duration=244436
Task=54 Chunk=1 Start=3679882761351 End=3679882901842 Duration=140491
Task=55 Chunk=0 Start=3679882761328 End=3679883006373 Duration=245045
Task=55 Chunk=1 Start=3679883006416 End=3679883154555 Duration=148139
Task=56 Chunk=0 Start=3679883006378 End=3679883250484 Duration=244106
Task=56 Chunk=1 Start=3679883250511 End=3679883392126 Duration=141615
Task=57 Chunk=0 Start=3679883250485 End=3679883495423 Duration=244938
Task=57 Chunk=1 Start=3679883495450 End=3679883635435 Duration=139985
Task=58 Chunk=0 Start=3679883495428 End=3679883739653 Duration=244225
Task=58 Chunk=1 Start=3679883739701 End=3679883884099 Duration=144398
Task=59 Chunk=0 Start=3679883739658 End=3679883984190 Duration=244532
Task=59 Chunk=1 Start=3679883984222 End=3679884124132 Duration=139910
Task=60 Chunk=0 Start=3679883984194 End=3679884229031 Duration=244837
Task=60 Chunk=1 Start=3679884229099 End=3679884375621 Duration=146522
Task=61 Chunk=0 Start=3679884229036 End=3679884474335 Duration=245299
Task=61 Chunk=1 Start=3679884474376 End=3679884616710 Duration=142334
Task=62 Chunk=0 Start=3679884474336 End=3679884719407 Duration=245071
Task=62 Chunk=1 Start=3679884719446 End=3679884860685 Duration=141239
Task=63 Chunk=0 Start=3679884719408 End=3679884965367 Duration=245959
Task=63 Chunk=1 Start=3679884965406 End=3679885105063 Duration=139657
Task=64 Chunk=0 Start=3679884965368 End=3679885210862 Duration=245494
Task=64 Chunk=1 Start=3679885210912 End=3679885358949 Duration=148037
Task=65 Chunk=0 Start=3679885210863 End=3679885455721 Duration=244858
Task=65 Chunk=1 Start=3679885455789 End=3679885595920 Duration=140131
Task=66 Chunk=0 Start=3679885455722 End=3679885699579 Duration=243857
Task=66 Chunk=1 Start=3679885699634 End=3679885843681 Duration=144047
Task=67 Chunk=0 Start=3679885699584 End=3679885943870 Duration=244286
Task=67 Chunk=1 Start=3679885943932 End=3679886087819 Duration=143887
Task=68 Chunk=0 Start=3679885943871 End=3679886188251 Duration=244380
Task=68 Chunk=1 Start=3679886188301 End=3679886330363 Duration=142062
Task=69 Chunk=0 Start=3679886188252 End=3679886433604 Duration=245352
Task=69 Chunk=1 Start=3679886433640 End=3679886573984 Duration=140344
Task=70 Chunk=0 Start=3679886433604 End=3679886677663 Duration=244059
Task=70 Chunk=1 Start=3679886677716 End=3679886819542 Duration=141826
Task=71 Chunk=0 Start=3679886677664 End=3679886922386 Duration=244722
Task=71 Chunk=1 Start=3679886922428 End=3679887063440 Duration=141012
Task=72 Chunk=0 Start=3679886922387 End=3679887166169 Duration=243782
Task=72 Chunk=1 Start=3679887166210 End=3679887317264 Duration=151054
Task=73 Chunk=0 Start=3679887166170 End=3679887411187 Duration=245017
Task=73 Chunk=1 Start=3679887411218 End=3679887557217 Duration=145999
Task=74 Chunk=0 Start=3679887411197 End=3679887655641 Duration=244444
Task=74 Chunk=1 Start=3679887655667 End=3679887796028 Duration=140361
Task=75 Chunk=0 Start=3679887655642 End=3679887899835 Duration=244193
Task=75 Chunk=1 Start=3679887899898 End=3679888041826 Duration=141928
Task=76 Chunk=0 Start=3679887899836 End=3679888145446 Duration=245610
Task=76 Chunk=1 Start=3679888145506 End=3679888285404 Duration=139898
Task=77 Chunk=0 Start=3679888145447 End=3679888389116 Duration=243669
Task=77 Chunk=1 Start=3679888389190 End=3679888532235 Duration=143045
Task=78 Chunk=0 Start=3679888389117 End=3679888634979 Duration=245862
Task=78 Chunk=1 Start=3679888635019 End=3679888775747 Duration=140728
Task=79 Chunk=0 Start=3679888634980 End=3679888879214 Duration=244234
Task=79 Chunk=1 Start=3679888879272 End=3679889024457 Duration=145185
Task=80 Chunk=0 Start=3679888879221 End=3679889124470 Duration=245249
Task=80 Chunk=1 Start=3679889124504 End=3679889264673 Duration=140169
Task=81 Chunk=0 Start=3679889124475 End=3679889368868 Duration=244393
Task=81 Chunk=1 Start=3679889368919 End=3679889512731 Duration=143812
Task=82 Chunk=0 Start=3679889368873 End=3679889613694 Duration=244821
Task=82 Chunk=1 Start=3679889613744 End=3679889757610 Duration=143866
Task=83 Chunk=0 Start=3679889613695 End=3679889857406 Duration=243711
Task=83 Chunk=1 Start=3679889857439 End=3679889999256 Duration=141817
Task=84 Chunk=0 Start=3679889857412 End=3679890102358 Duration=244946
Task=84 Chunk=1 Start=3679890102415 End=3679890242187 Duration=139772
Task=85 Chunk=0 Start=3679890102359 End=3679890346466 Duration=244107
Task=85 Chunk=1 Start=3679890346487 End=3679890491263 Duration=144776
Task=86 Chunk=0 Start=3679890346467 End=3679890591362 Duration=244895
Task=86 Chunk=1 Start=3679890591411 End=3679890732250 Duration=140839
Task=87 Chunk=0 Start=3679890591367 End=3679890835677 Duration=244310
Task=87 Chunk=1 Start=3679890835723 End=3679890977535 Duration=141812
Task=88 Chunk=0 Start=3679890835679 End=3679891080536 Duration=244857
Task=88 Chunk=1 Start=3679891080565 End=3679891223039 Duration=142474
Task=89 Chunk=0 Start=3679891080538 End=3679891324303 Duration=243765
Task=89 Chunk=1 Start=3679891324376 End=3679891471851 Duration=147475
Task=90 Chunk=0 Start=3679891324304 End=3679891569580 Duration=245276
Task=90 Chunk=1 Start=3679891569640 End=3679891712421 Duration=142781
Task=91 Chunk=0 Start=3679891569581 End=3679891816036 Duration=246455
Task=91 Chunk=1 Start=3679891816091 End=3679891960143 Duration=144052
Task=92 Chunk=0 Start=3679891816042 End=3679892061949 Duration=245907
Task=92 Chunk=1 Start=3679892061971 End=3679892202546 Duration=140575
Task=93 Chunk=0 Start=3679892061949 End=3679892306693 Duration=244744
Task=93 Chunk=1 Start=3679892306738 End=3679892449224 Duration=142486
Task=94 Chunk=0 Start=3679892306699 End=3679892551955 Duration=245256
Task=94 Chunk=1 Start=3679892552021 End=3679892694787 Duration=142766
Task=95 Chunk=0 Start=3679892551956 End=3679892795821 Duration=243865
Task=95 Chunk=1 Start=3679892795863 End=3679892937767 Duration=141904
Task=96 Chunk=0 Start=3679892795822 End=3679893040427 Duration=244605
Task=96 Chunk=1 Start=3679893040456 End=3679893184592 Duration=144136
Task=97 Chunk=0 Start=3679893040428 End=3679893285097 Duration=244669
Task=97 Chunk=1 Start=3679893285127 End=3679893430188 Duration=145061
Task=98 Chunk=0 Start=3679893285098 End=3679893530513 Duration=245415
Task=98 Chunk=1 Start=3679893530548 End=3679893669952 Duration=139404
Task=99 Chunk=0 Start=3679893530514 End=3679893775715 Duration=245201
Task=99 Chunk=1 Start=3679893775775 End=3679893914001 Duration=138226
### Python End ###

--------------------------------
[2025-06-26 13:49:42.770] [info] Available Vulkan Layers:
[2025-06-26 13:49:42.770] [warning] Validation layer requested but not available, continuing without it...
[2025-06-26 13:49:42.773] [info] Using integrated GPU: Mali-G710
[2025-06-26 13:49:42.777] [info] VulkanDispatcher instance created.
[2025-06-26 13:49:42.984] [info] Total memory used: 40550404 bytes (38.67188 MB)
[2025-06-26 13:49:42.989] [info] Total memory used: 40550404 bytes (38.67188 MB)
[2025-06-26 13:49:43.104] [info] Total memory used: 40550404 bytes (38.67188 MB)
[2025-06-26 13:49:43.112] [info] Total memory used: 40550404 bytes (38.67188 MB)
[2025-06-26 13:49:43.117] [info] Total memory used: 40550404 bytes (38.67188 MB)
[2025-06-26 13:49:43.190] [info] Total memory used: 40550404 bytes (38.67188 MB)
[2025-06-26 13:49:43.195] [info] Total memory used: 40550404 bytes (38.67188 MB)
[2025-06-26 13:49:43.201] [info] Total memory used: 40550404 bytes (38.67188 MB)
[2025-06-26 13:49:43.206] [info] Total memory used: 40550404 bytes (38.67188 MB)
[2025-06-26 13:49:43.211] [info] Total memory used: 40550404 bytes (38.67188 MB)
[2025-06-26 13:49:43.301] [info] Total memory used: 40550404 bytes (38.67188 MB)
[2025-06-26 13:49:43.306] [info] Total memory used: 40550404 bytes (38.67188 MB)
[2025-06-26 13:49:43.311] [info] Total memory used: 40550404 bytes (38.67188 MB)
[2025-06-26 13:49:43.316] [info] Total memory used: 40550404 bytes (38.67188 MB)
[2025-06-26 13:49:43.321] [info] Total memory used: 40550404 bytes (38.67188 MB)
[2025-06-26 13:49:43.326] [info] Total memory used: 40550404 bytes (38.67188 MB)
### Python Begin ###
Schedule_UID=SCH-L3M4-G130-45bf
Frequency=24576000 Hz
Task=0 Chunk=0 Start=3679908249686 End=3679908390271 Duration=140585
Task=0 Chunk=1 Start=3679908390318 End=3679908468450 Duration=78132
Task=1 Chunk=0 Start=3679908390316 End=3679908526591 Duration=136275
Task=1 Chunk=1 Start=3679908526613 End=3679908596617 Duration=70004
Task=2 Chunk=0 Start=3679908526615 End=3679908661661 Duration=135046
Task=2 Chunk=1 Start=3679908661684 End=3679908729693 Duration=68009
Task=3 Chunk=0 Start=3679908661676 End=3679908793501 Duration=131825
Task=3 Chunk=1 Start=3679908793524 End=3679908861351 Duration=67827
Task=4 Chunk=0 Start=3679908793525 End=3679908924462 Duration=130937
Task=4 Chunk=1 Start=3679908924486 End=3679908992342 Duration=67856
Task=5 Chunk=0 Start=3679908924482 End=3679909056442 Duration=131960
Task=5 Chunk=1 Start=3679909056455 End=3679909122671 Duration=66216
Task=6 Chunk=0 Start=3679909056460 End=3679909187174 Duration=130714
Task=6 Chunk=1 Start=3679909187200 End=3679909255470 Duration=68270
Task=7 Chunk=0 Start=3679909187193 End=3679909320956 Duration=133763
Task=7 Chunk=1 Start=3679909320986 End=3679909389374 Duration=68388
Task=8 Chunk=0 Start=3679909320986 End=3679909453550 Duration=132564
Task=8 Chunk=1 Start=3679909453580 End=3679909520739 Duration=67159
Task=9 Chunk=0 Start=3679909453581 End=3679909584051 Duration=130470
Task=9 Chunk=1 Start=3679909584090 End=3679909652792 Duration=68702
Task=10 Chunk=0 Start=3679909584092 End=3679909712476 Duration=128384
Task=10 Chunk=1 Start=3679909712525 End=3679909779507 Duration=66982
Task=11 Chunk=0 Start=3679909712520 End=3679909846803 Duration=134283
Task=11 Chunk=1 Start=3679909846823 End=3679909913054 Duration=66231
Task=12 Chunk=0 Start=3679909846818 End=3679909983475 Duration=136657
Task=12 Chunk=1 Start=3679909983512 End=3679910051524 Duration=68012
Task=13 Chunk=0 Start=3679909983503 End=3679910114291 Duration=130788
Task=13 Chunk=1 Start=3679910114316 End=3679910181690 Duration=67374
Task=14 Chunk=0 Start=3679910114309 End=3679910247210 Duration=132901
Task=14 Chunk=1 Start=3679910247229 End=3679910313344 Duration=66115
Task=15 Chunk=0 Start=3679910247231 End=3679910377613 Duration=130382
Task=15 Chunk=1 Start=3679910377629 End=3679910445179 Duration=67550
Task=16 Chunk=0 Start=3679910377637 End=3679910507570 Duration=129933
Task=16 Chunk=1 Start=3679910507585 End=3679910576586 Duration=69001
Task=17 Chunk=0 Start=3679910507586 End=3679910638483 Duration=130897
Task=17 Chunk=1 Start=3679910638500 End=3679910704703 Duration=66203
Task=18 Chunk=0 Start=3679910638501 End=3679910769481 Duration=130980
Task=18 Chunk=1 Start=3679910769509 End=3679910838033 Duration=68524
Task=19 Chunk=0 Start=3679910769511 End=3679910900314 Duration=130803
Task=19 Chunk=1 Start=3679910900345 End=3679910967613 Duration=67268
Task=20 Chunk=0 Start=3679910900343 End=3679911032112 Duration=131769
Task=20 Chunk=1 Start=3679911032141 End=3679911098219 Duration=66078
Task=21 Chunk=0 Start=3679911032135 End=3679911163475 Duration=131340
Task=21 Chunk=1 Start=3679911163491 End=3679911231281 Duration=67790
Task=22 Chunk=0 Start=3679911163492 End=3679911294159 Duration=130667
Task=22 Chunk=1 Start=3679911294176 End=3679911361832 Duration=67656
Task=23 Chunk=0 Start=3679911294176 End=3679911428905 Duration=134729
Task=23 Chunk=1 Start=3679911428933 End=3679911496100 Duration=67167
Task=24 Chunk=0 Start=3679911428927 End=3679911560050 Duration=131123
Task=24 Chunk=1 Start=3679911560068 End=3679911628551 Duration=68483
Task=25 Chunk=0 Start=3679911560074 End=3679911690645 Duration=130571
Task=25 Chunk=1 Start=3679911690667 End=3679911759834 Duration=69167
Task=26 Chunk=0 Start=3679911690671 End=3679911822672 Duration=132001
Task=26 Chunk=1 Start=3679911822686 End=3679911890441 Duration=67755
Task=27 Chunk=0 Start=3679911822686 End=3679911953818 Duration=131132
Task=27 Chunk=1 Start=3679911953848 End=3679912021486 Duration=67638
Task=28 Chunk=0 Start=3679911953838 End=3679912090915 Duration=137077
Task=28 Chunk=1 Start=3679912090939 End=3679912157144 Duration=66205
Task=29 Chunk=0 Start=3679912090931 End=3679912220988 Duration=130057
Task=29 Chunk=1 Start=3679912221023 End=3679912289393 Duration=68370
Task=30 Chunk=0 Start=3679912221016 End=3679912351808 Duration=130792
Task=30 Chunk=1 Start=3679912351843 End=3679912418551 Duration=66708
Task=31 Chunk=0 Start=3679912351833 End=3679912485172 Duration=133339
Task=31 Chunk=1 Start=3679912485193 End=3679912551689 Duration=66496
Task=32 Chunk=0 Start=3679912485196 End=3679912616010 Duration=130814
Task=32 Chunk=1 Start=3679912616031 End=3679912683741 Duration=67710
Task=33 Chunk=0 Start=3679912616032 End=3679912746701 Duration=130669
Task=33 Chunk=1 Start=3679912746722 End=3679912814354 Duration=67632
Task=34 Chunk=0 Start=3679912746722 End=3679912879415 Duration=132693
Task=34 Chunk=1 Start=3679912879436 End=3679912946322 Duration=66886
Task=35 Chunk=0 Start=3679912879432 End=3679913011687 Duration=132255
Task=35 Chunk=1 Start=3679913011704 End=3679913079173 Duration=67469
Task=36 Chunk=0 Start=3679913011705 End=3679913143438 Duration=131733
Task=36 Chunk=1 Start=3679913143464 End=3679913212250 Duration=68786
Task=37 Chunk=0 Start=3679913143462 End=3679913276199 Duration=132737
Task=37 Chunk=1 Start=3679913276228 End=3679913342928 Duration=66700
Task=38 Chunk=0 Start=3679913276219 End=3679913408295 Duration=132076
Task=38 Chunk=1 Start=3679913408312 End=3679913476831 Duration=68519
Task=39 Chunk=0 Start=3679913408315 End=3679913539342 Duration=131027
Task=39 Chunk=1 Start=3679913539363 End=3679913606688 Duration=67325
Task=40 Chunk=0 Start=3679913539362 End=3679913672100 Duration=132738
Task=40 Chunk=1 Start=3679913672117 End=3679913737520 Duration=65403
Task=41 Chunk=0 Start=3679913672115 End=3679913803161 Duration=131046
Task=41 Chunk=1 Start=3679913803182 End=3679913871051 Duration=67869
Task=42 Chunk=0 Start=3679913803184 End=3679913934467 Duration=131283
Task=42 Chunk=1 Start=3679913934495 End=3679914001664 Duration=67169
Task=43 Chunk=0 Start=3679913934486 End=3679914070572 Duration=136086
Task=43 Chunk=1 Start=3679914070605 End=3679914136397 Duration=65792
Task=44 Chunk=0 Start=3679914070603 End=3679914200962 Duration=130359
Task=44 Chunk=1 Start=3679914200987 End=3679914268489 Duration=67502
Task=45 Chunk=0 Start=3679914200980 End=3679914331003 Duration=130023
Task=45 Chunk=1 Start=3679914331023 End=3679914399321 Duration=68298
Task=46 Chunk=0 Start=3679914331021 End=3679914463323 Duration=132302
Task=46 Chunk=1 Start=3679914463357 End=3679914530156 Duration=66799
Task=47 Chunk=0 Start=3679914463362 End=3679914594364 Duration=131002
Task=47 Chunk=1 Start=3679914594382 End=3679914663243 Duration=68861
Task=48 Chunk=0 Start=3679914594385 End=3679914725627 Duration=131242
Task=48 Chunk=1 Start=3679914725651 End=3679914793111 Duration=67460
Task=49 Chunk=0 Start=3679914725650 End=3679914857951 Duration=132301
Task=49 Chunk=1 Start=3679914857975 End=3679914924130 Duration=66155
Task=50 Chunk=0 Start=3679914857974 End=3679914986730 Duration=128756
Task=50 Chunk=1 Start=3679914986755 End=3679915054244 Duration=67489
Task=51 Chunk=0 Start=3679914986752 End=3679915117396 Duration=130644
Task=51 Chunk=1 Start=3679915117413 End=3679915185075 Duration=67662
Task=52 Chunk=0 Start=3679915117412 End=3679915252061 Duration=134649
Task=52 Chunk=1 Start=3679915252078 End=3679915318506 Duration=66428
Task=53 Chunk=0 Start=3679915252075 End=3679915381893 Duration=129818
Task=53 Chunk=1 Start=3679915381906 End=3679915449614 Duration=67708
Task=54 Chunk=0 Start=3679915381910 End=3679915512703 Duration=130793
Task=54 Chunk=1 Start=3679915512734 End=3679915581116 Duration=68382
Task=55 Chunk=0 Start=3679915512728 End=3679915651851 Duration=139123
Task=55 Chunk=1 Start=3679915651872 End=3679915718252 Duration=66380
Task=56 Chunk=0 Start=3679915651875 End=3679915783311 Duration=131436
Task=56 Chunk=1 Start=3679915783328 End=3679915851241 Duration=67913
Task=57 Chunk=0 Start=3679915783335 End=3679915914432 Duration=131097
Task=57 Chunk=1 Start=3679915914452 End=3679915981649 Duration=67197
Task=58 Chunk=0 Start=3679915914455 End=3679916046201 Duration=131746
Task=58 Chunk=1 Start=3679916046216 End=3679916112173 Duration=65957
Task=59 Chunk=0 Start=3679916046216 End=3679916181520 Duration=135304
Task=59 Chunk=1 Start=3679916181550 End=3679916249029 Duration=67479
Task=60 Chunk=0 Start=3679916181544 End=3679916313061 Duration=131517
Task=60 Chunk=1 Start=3679916313095 End=3679916379308 Duration=66213
Task=61 Chunk=0 Start=3679916313091 End=3679916442773 Duration=129682
Task=61 Chunk=1 Start=3679916442820 End=3679916511092 Duration=68272
Task=62 Chunk=0 Start=3679916442812 End=3679916573691 Duration=130879
Task=62 Chunk=1 Start=3679916573709 End=3679916641832 Duration=68123
Task=63 Chunk=0 Start=3679916573709 End=3679916704045 Duration=130336
Task=63 Chunk=1 Start=3679916704065 End=3679916771101 Duration=67036
Task=64 Chunk=0 Start=3679916704065 End=3679916837051 Duration=132986
Task=64 Chunk=1 Start=3679916837079 End=3679916904344 Duration=67265
Task=65 Chunk=0 Start=3679916837080 End=3679916968145 Duration=131065
Task=65 Chunk=1 Start=3679916968162 End=3679917037030 Duration=68868
Task=66 Chunk=0 Start=3679916968168 End=3679917103054 Duration=134886
Task=66 Chunk=1 Start=3679917103077 End=3679917170062 Duration=66985
Task=67 Chunk=0 Start=3679917103074 End=3679917233399 Duration=130325
Task=67 Chunk=1 Start=3679917233424 End=3679917302118 Duration=68694
Task=68 Chunk=0 Start=3679917233421 End=3679917365243 Duration=131822
Task=68 Chunk=1 Start=3679917365259 End=3679917432255 Duration=66996
Task=69 Chunk=0 Start=3679917365261 End=3679917496935 Duration=131674
Task=69 Chunk=1 Start=3679917496970 End=3679917563475 Duration=66505
Task=70 Chunk=0 Start=3679917496967 End=3679917630333 Duration=133366
Task=70 Chunk=1 Start=3679917630360 End=3679917698120 Duration=67760
Task=71 Chunk=0 Start=3679917630351 End=3679917761762 Duration=131411
Task=71 Chunk=1 Start=3679917761788 End=3679917829665 Duration=67877
Task=72 Chunk=0 Start=3679917761785 End=3679917894777 Duration=132992
Task=72 Chunk=1 Start=3679917894797 End=3679917962030 Duration=67233
Task=73 Chunk=0 Start=3679917894795 End=3679918025544 Duration=130749
Task=73 Chunk=1 Start=3679918025563 End=3679918093044 Duration=67481
Task=74 Chunk=0 Start=3679918025570 End=3679918153765 Duration=128195
Task=74 Chunk=1 Start=3679918153795 End=3679918221205 Duration=67410
Task=75 Chunk=0 Start=3679918153786 End=3679918286301 Duration=132515
Task=75 Chunk=1 Start=3679918286326 End=3679918352828 Duration=66502
Task=76 Chunk=0 Start=3679918286323 End=3679918422176 Duration=135853
Task=76 Chunk=1 Start=3679918422208 End=3679918491073 Duration=68865
Task=77 Chunk=0 Start=3679918422206 End=3679918553664 Duration=131458
Task=77 Chunk=1 Start=3679918553688 End=3679918621805 Duration=68117
Task=78 Chunk=0 Start=3679918553681 End=3679918686154 Duration=132473
Task=78 Chunk=1 Start=3679918686183 End=3679918752694 Duration=66511
Task=79 Chunk=0 Start=3679918686179 End=3679918817270 Duration=131091
Task=79 Chunk=1 Start=3679918817283 End=3679918884362 Duration=67079
Task=80 Chunk=0 Start=3679918817291 End=3679918947172 Duration=129881
Task=80 Chunk=1 Start=3679918947198 End=3679919013714 Duration=66516
Task=81 Chunk=0 Start=3679918947195 End=3679919082642 Duration=135447
Task=81 Chunk=1 Start=3679919082660 End=3679919149172 Duration=66512
Task=82 Chunk=0 Start=3679919082664 End=3679919225989 Duration=143325
Task=82 Chunk=1 Start=3679919226016 End=3679919293899 Duration=67883
Task=83 Chunk=0 Start=3679919226008 End=3679919369023 Duration=143015
Task=83 Chunk=1 Start=3679919369047 End=3679919435704 Duration=66657
Task=84 Chunk=0 Start=3679919369047 End=3679919511445 Duration=142398
Task=84 Chunk=1 Start=3679919511463 End=3679919579318 Duration=67855
Task=85 Chunk=0 Start=3679919511461 End=3679919652991 Duration=141530
Task=85 Chunk=1 Start=3679919653021 End=3679919721678 Duration=68657
Task=86 Chunk=0 Start=3679919653013 End=3679919803590 Duration=150577
Task=86 Chunk=1 Start=3679919803627 End=3679919871709 Duration=68082
Task=87 Chunk=0 Start=3679919803618 End=3679919946476 Duration=142858
Task=87 Chunk=1 Start=3679919946500 End=3679920014719 Duration=68219
Task=88 Chunk=0 Start=3679919946506 End=3679920089525 Duration=143019
Task=88 Chunk=1 Start=3679920089551 End=3679920157438 Duration=67887
Task=89 Chunk=0 Start=3679920089543 End=3679920231863 Duration=142320
Task=89 Chunk=1 Start=3679920231889 End=3679920299783 Duration=67894
Task=90 Chunk=0 Start=3679920231885 End=3679920379969 Duration=148084
Task=90 Chunk=1 Start=3679920380010 End=3679920447517 Duration=67507
Task=91 Chunk=0 Start=3679920380001 End=3679920520156 Duration=140155
Task=91 Chunk=1 Start=3679920520182 End=3679920588758 Duration=68576
Task=92 Chunk=0 Start=3679920520175 End=3679920669236 Duration=149061
Task=92 Chunk=1 Start=3679920669268 End=3679920737477 Duration=68209
Task=93 Chunk=0 Start=3679920669261 End=3679920811538 Duration=142277
Task=93 Chunk=1 Start=3679920811572 End=3679920880280 Duration=68708
Task=94 Chunk=0 Start=3679920811564 End=3679920954960 Duration=143396
Task=94 Chunk=1 Start=3679920954974 End=3679921020945 Duration=65971
Task=95 Chunk=0 Start=3679920954978 End=3679921094606 Duration=139628
Task=95 Chunk=1 Start=3679921094624 End=3679921162837 Duration=68213
Task=96 Chunk=0 Start=3679921094627 End=3679921237939 Duration=143312
Task=96 Chunk=1 Start=3679921237960 End=3679921304637 Duration=66677
Task=97 Chunk=0 Start=3679921237964 End=3679921379159 Duration=141195
Task=97 Chunk=1 Start=3679921379182 End=3679921447874 Duration=68692
Task=98 Chunk=0 Start=3679921379182 End=3679921520558 Duration=141376
Task=98 Chunk=1 Start=3679921520583 End=3679921587780 Duration=67197
Task=99 Chunk=0 Start=3679921520577 End=3679921664294 Duration=143717
Task=99 Chunk=1 Start=3679921664314 End=3679921731153 Duration=66839
### Python End ###

--------------------------------
[2025-06-26 13:49:43.992] [info] Available Vulkan Layers:
[2025-06-26 13:49:43.992] [warning] Validation layer requested but not available, continuing without it...
[2025-06-26 13:49:43.997] [info] Using integrated GPU: Mali-G710
[2025-06-26 13:49:44.000] [info] VulkanDispatcher instance created.
[2025-06-26 13:49:44.190] [info] Total memory used: 40550404 bytes (38.67188 MB)
[2025-06-26 13:49:44.195] [info] Total memory used: 40550404 bytes (38.67188 MB)
[2025-06-26 13:49:44.272] [info] Total memory used: 40550404 bytes (38.67188 MB)
[2025-06-26 13:49:44.279] [info] Total memory used: 40550404 bytes (38.67188 MB)
[2025-06-26 13:49:44.286] [info] Total memory used: 40550404 bytes (38.67188 MB)
[2025-06-26 13:49:44.359] [info] Total memory used: 40550404 bytes (38.67188 MB)
[2025-06-26 13:49:44.364] [info] Total memory used: 40550404 bytes (38.67188 MB)
[2025-06-26 13:49:44.369] [info] Total memory used: 40550404 bytes (38.67188 MB)
[2025-06-26 13:49:44.374] [info] Total memory used: 40550404 bytes (38.67188 MB)
[2025-06-26 13:49:44.380] [info] Total memory used: 40550404 bytes (38.67188 MB)
[2025-06-26 13:49:44.468] [info] Total memory used: 40550404 bytes (38.67188 MB)
[2025-06-26 13:49:44.473] [info] Total memory used: 40550404 bytes (38.67188 MB)
[2025-06-26 13:49:44.478] [info] Total memory used: 40550404 bytes (38.67188 MB)
[2025-06-26 13:49:44.482] [info] Total memory used: 40550404 bytes (38.67188 MB)
[2025-06-26 13:49:44.487] [info] Total memory used: 40550404 bytes (38.67188 MB)
[2025-06-26 13:49:44.492] [info] Total memory used: 40550404 bytes (38.67188 MB)
### Python Begin ###
Schedule_UID=SCH-L2G5-G139-ffed
Frequency=24576000 Hz
Task=0 Chunk=0 Start=3679937032519 End=3679937134863 Duration=102344
Task=0 Chunk=1 Start=3679937134891 End=3679937378957 Duration=244066
Task=1 Chunk=0 Start=3679937134883 End=3679937234851 Duration=99968
Task=1 Chunk=1 Start=3679937378967 End=3679937521909 Duration=142942
Task=2 Chunk=0 Start=3679937234872 End=3679937332070 Duration=97198
Task=2 Chunk=1 Start=3679937521917 End=3679937668761 Duration=146844
Task=3 Chunk=0 Start=3679937332095 End=3679937428008 Duration=95913
Task=3 Chunk=1 Start=3679937668764 End=3679937820337 Duration=151573
Task=4 Chunk=0 Start=3679937428037 End=3679937525416 Duration=97379
Task=4 Chunk=1 Start=3679937820342 End=3679937970243 Duration=149901
Task=5 Chunk=0 Start=3679937525435 End=3679937618586 Duration=93151
Task=5 Chunk=1 Start=3679937970248 End=3679938131144 Duration=160896
Task=6 Chunk=0 Start=3679937618617 End=3679937710193 Duration=91576
Task=6 Chunk=1 Start=3679938131154 End=3679938295275 Duration=164121
Task=7 Chunk=0 Start=3679937710215 End=3679937803800 Duration=93585
Task=7 Chunk=1 Start=3679938295280 End=3679938454730 Duration=159450
Task=8 Chunk=0 Start=3679937803846 End=3679937905451 Duration=101605
Task=8 Chunk=1 Start=3679938454734 End=3679938616270 Duration=161536
Task=9 Chunk=0 Start=3679937905480 End=3679938000601 Duration=95121
Task=9 Chunk=1 Start=3679938616275 End=3679938777503 Duration=161228
Task=10 Chunk=0 Start=3679938000635 End=3679938095248 Duration=94613
Task=10 Chunk=1 Start=3679938777551 End=3679938935905 Duration=158354
Task=11 Chunk=0 Start=3679938095283 End=3679938193581 Duration=98298
Task=11 Chunk=1 Start=3679938935917 End=3679939096531 Duration=160614
Task=12 Chunk=0 Start=3679938193590 End=3679938290449 Duration=96859
Task=12 Chunk=1 Start=3679939096537 End=3679939252042 Duration=155505
Task=13 Chunk=0 Start=3679938290463 End=3679938387340 Duration=96877
Task=13 Chunk=1 Start=3679939252052 End=3679939407318 Duration=155266
Task=14 Chunk=0 Start=3679938387351 End=3679938482167 Duration=94816
Task=14 Chunk=1 Start=3679939407325 End=3679939565459 Duration=158134
Task=15 Chunk=0 Start=3679938482195 End=3679938579255 Duration=97060
Task=15 Chunk=1 Start=3679939565465 End=3679939732333 Duration=166868
Task=16 Chunk=0 Start=3679938579287 End=3679938678256 Duration=98969
Task=16 Chunk=1 Start=3679939732360 End=3679939899618 Duration=167258
Task=17 Chunk=0 Start=3679938678283 End=3679938776993 Duration=98710
Task=17 Chunk=1 Start=3679939899650 End=3679940068912 Duration=169262
Task=18 Chunk=0 Start=3679938777011 End=3679938872154 Duration=95143
Task=18 Chunk=1 Start=3679940068945 End=3679940226639 Duration=157694
Task=19 Chunk=0 Start=3679938872173 End=3679938967398 Duration=95225
Task=19 Chunk=1 Start=3679940226644 End=3679940382221 Duration=155577
Task=20 Chunk=0 Start=3679938967443 End=3679939063592 Duration=96149
Task=20 Chunk=1 Start=3679940382237 End=3679940543380 Duration=161143
Task=21 Chunk=0 Start=3679939063651 End=3679939165801 Duration=102150
Task=21 Chunk=1 Start=3679940543384 End=3679940770006 Duration=226622
Task=22 Chunk=0 Start=3679939165822 End=3679939259924 Duration=94102
Task=22 Chunk=1 Start=3679940770044 End=3679940932929 Duration=162885
Task=23 Chunk=0 Start=3679939259939 End=3679939350783 Duration=90844
Task=23 Chunk=1 Start=3679940932955 End=3679941090543 Duration=157588
Task=24 Chunk=0 Start=3679939350815 End=3679939440892 Duration=90077
Task=24 Chunk=1 Start=3679941090567 End=3679941249901 Duration=159334
Task=25 Chunk=0 Start=3679939440922 End=3679939533118 Duration=92196
Task=25 Chunk=1 Start=3679941249927 End=3679941407401 Duration=157474
Task=26 Chunk=0 Start=3679939533142 End=3679939625545 Duration=92403
Task=26 Chunk=1 Start=3679941407413 End=3679941565531 Duration=158118
Task=27 Chunk=0 Start=3679939625559 End=3679939719669 Duration=94110
Task=27 Chunk=1 Start=3679941565553 End=3679941742964 Duration=177411
Task=28 Chunk=0 Start=3679939719708 End=3679939812309 Duration=92601
Task=28 Chunk=1 Start=3679941742984 End=3679941921675 Duration=178691
Task=29 Chunk=0 Start=3679939812334 End=3679939902797 Duration=90463
Task=29 Chunk=1 Start=3679941921682 End=3679942097809 Duration=176127
Task=30 Chunk=0 Start=3679939902816 End=3679939995018 Duration=92202
Task=30 Chunk=1 Start=3679942097813 End=3679942273759 Duration=175946
Task=31 Chunk=0 Start=3679939995038 End=3679940085865 Duration=90827
Task=31 Chunk=1 Start=3679942273764 End=3679942449405 Duration=175641
Task=32 Chunk=0 Start=3679940085883 End=3679940178455 Duration=92572
Task=32 Chunk=1 Start=3679942449409 End=3679942606531 Duration=157122
Task=33 Chunk=0 Start=3679940226690 End=3679940319116 Duration=92426
Task=33 Chunk=1 Start=3679942606549 End=3679942761669 Duration=155120
Task=34 Chunk=0 Start=3679940382252 End=3679940474378 Duration=92126
Task=34 Chunk=1 Start=3679942761672 End=3679942921385 Duration=159713
Task=35 Chunk=0 Start=3679940543431 End=3679940636464 Duration=93033
Task=35 Chunk=1 Start=3679942921401 End=3679943080368 Duration=158967
Task=36 Chunk=0 Start=3679940770053 End=3679940863987 Duration=93934
Task=36 Chunk=1 Start=3679943080397 End=3679943237730 Duration=157333
Task=37 Chunk=0 Start=3679940932962 End=3679941027623 Duration=94661
Task=37 Chunk=1 Start=3679943237735 End=3679943399408 Duration=161673
Task=38 Chunk=0 Start=3679941090598 End=3679941184140 Duration=93542
Task=38 Chunk=1 Start=3679943399431 End=3679943554857 Duration=155426
Task=39 Chunk=0 Start=3679941249935 End=3679941343888 Duration=93953
Task=39 Chunk=1 Start=3679943554888 End=3679943712568 Duration=157680
Task=40 Chunk=0 Start=3679941407490 End=3679941500857 Duration=93367
Task=40 Chunk=1 Start=3679943712574 End=3679943867904 Duration=155330
Task=41 Chunk=0 Start=3679941565593 End=3679941660293 Duration=94700
Task=41 Chunk=1 Start=3679943867908 End=3679944022573 Duration=154665
Task=42 Chunk=0 Start=3679941742997 End=3679941842330 Duration=99333
Task=42 Chunk=1 Start=3679944022604 End=3679944179598 Duration=156994
Task=43 Chunk=0 Start=3679941921742 End=3679942021774 Duration=100032
Task=43 Chunk=1 Start=3679944179627 End=3679944333873 Duration=154246
Task=44 Chunk=0 Start=3679942097874 End=3679942202015 Duration=104141
Task=44 Chunk=1 Start=3679944333877 End=3679944490873 Duration=156996
Task=45 Chunk=0 Start=3679942273802 End=3679942375403 Duration=101601
Task=45 Chunk=1 Start=3679944490878 End=3679944647854 Duration=156976
Task=46 Chunk=0 Start=3679942449476 End=3679942548985 Duration=99509
Task=46 Chunk=1 Start=3679944647858 End=3679944806982 Duration=159124
Task=47 Chunk=0 Start=3679942606560 End=3679942698832 Duration=92272
Task=47 Chunk=1 Start=3679944807032 End=3679944977110 Duration=170078
Task=48 Chunk=0 Start=3679942764052 End=3679942858655 Duration=94603
Task=48 Chunk=1 Start=3679944977141 End=3679945153354 Duration=176213
Task=49 Chunk=0 Start=3679942921441 End=3679943013267 Duration=91826
Task=49 Chunk=1 Start=3679945153377 End=3679945329309 Duration=175932
Task=50 Chunk=0 Start=3679943080425 End=3679943172575 Duration=92150
Task=50 Chunk=1 Start=3679945329334 End=3679945504748 Duration=175414
Task=51 Chunk=0 Start=3679943237781 End=3679943330467 Duration=92686
Task=51 Chunk=1 Start=3679945504771 End=3679945685410 Duration=180639
Task=52 Chunk=0 Start=3679943399457 End=3679943491268 Duration=91811
Task=52 Chunk=1 Start=3679945685450 End=3679945864753 Duration=179303
Task=53 Chunk=0 Start=3679943554905 End=3679943648777 Duration=93872
Task=53 Chunk=1 Start=3679945864779 End=3679946038726 Duration=173947
Task=54 Chunk=0 Start=3679943712616 End=3679943804164 Duration=91548
Task=54 Chunk=1 Start=3679946038730 End=3679946192328 Duration=153598
Task=55 Chunk=0 Start=3679943867980 End=3679943963819 Duration=95839
Task=55 Chunk=1 Start=3679946192346 End=3679946348289 Duration=155943
Task=56 Chunk=0 Start=3679944022640 End=3679944114413 Duration=91773
Task=56 Chunk=1 Start=3679946348310 End=3679946509749 Duration=161439
Task=57 Chunk=0 Start=3679944179670 End=3679944271028 Duration=91358
Task=57 Chunk=1 Start=3679946509775 End=3679946668782 Duration=159007
Task=58 Chunk=0 Start=3679944333942 End=3679944424217 Duration=90275
Task=58 Chunk=1 Start=3679946668807 End=3679946827533 Duration=158726
Task=59 Chunk=0 Start=3679944490920 End=3679944582976 Duration=92056
Task=59 Chunk=1 Start=3679946827538 End=3679946981732 Duration=154194
Task=60 Chunk=0 Start=3679944647934 End=3679944742261 Duration=94327
Task=60 Chunk=1 Start=3679946981737 End=3679947141600 Duration=159863
Task=61 Chunk=0 Start=3679944807068 End=3679944899838 Duration=92770
Task=61 Chunk=1 Start=3679947141632 End=3679947296982 Duration=155350
Task=62 Chunk=0 Start=3679944977183 End=3679945077679 Duration=100496
Task=62 Chunk=1 Start=3679947297002 End=3679947453886 Duration=156884
Task=63 Chunk=0 Start=3679945153421 End=3679945252879 Duration=99458
Task=63 Chunk=1 Start=3679947453921 End=3679947612241 Duration=158320
Task=64 Chunk=0 Start=3679945329358 End=3679945430698 Duration=101340
Task=64 Chunk=1 Start=3679947612269 End=3679947766636 Duration=154367
Task=65 Chunk=0 Start=3679945504801 End=3679945603959 Duration=99158
Task=65 Chunk=1 Start=3679947766653 End=3679947929031 Duration=162378
Task=66 Chunk=0 Start=3679945685479 End=3679945786606 Duration=101127
Task=66 Chunk=1 Start=3679947929063 End=3679948083577 Duration=154514
Task=67 Chunk=0 Start=3679945864814 End=3679945965717 Duration=100903
Task=67 Chunk=1 Start=3679948083582 End=3679948254347 Duration=170765
Task=68 Chunk=0 Start=3679946038771 End=3679946130283 Duration=91512
Task=68 Chunk=1 Start=3679948254351 End=3679948433262 Duration=178911
Task=69 Chunk=0 Start=3679946192373 End=3679946284306 Duration=91933
Task=69 Chunk=1 Start=3679948433292 End=3679948609988 Duration=176696
Task=70 Chunk=0 Start=3679946348326 End=3679946441676 Duration=93350
Task=70 Chunk=1 Start=3679948610012 End=3679948784752 Duration=174740
Task=71 Chunk=0 Start=3679946509805 End=3679946602615 Duration=92810
Task=71 Chunk=1 Start=3679948784756 End=3679948958140 Duration=173384
Task=72 Chunk=0 Start=3679946668819 End=3679946760128 Duration=91309
Task=72 Chunk=1 Start=3679948958144 End=3679949136073 Duration=177929
Task=73 Chunk=0 Start=3679946827573 End=3679946919487 Duration=91914
Task=73 Chunk=1 Start=3679949136099 End=3679949310730 Duration=174631
Task=74 Chunk=0 Start=3679946981803 End=3679947073416 Duration=91613
Task=74 Chunk=1 Start=3679949310748 End=3679949472256 Duration=161508
Task=75 Chunk=0 Start=3679947141642 End=3679947234679 Duration=93037
Task=75 Chunk=1 Start=3679949472279 End=3679949631100 Duration=158821
Task=76 Chunk=0 Start=3679947297036 End=3679947389164 Duration=92128
Task=76 Chunk=1 Start=3679949631127 End=3679949791487 Duration=160360
Task=77 Chunk=0 Start=3679947453940 End=3679947547210 Duration=93270
Task=77 Chunk=1 Start=3679949791514 End=3679949945885 Duration=154371
Task=78 Chunk=0 Start=3679947612278 End=3679947705330 Duration=93052
Task=78 Chunk=1 Start=3679949945908 End=3679950104662 Duration=158754
Task=79 Chunk=0 Start=3679947766693 End=3679947859187 Duration=92494
Task=79 Chunk=1 Start=3679950104681 End=3679950260030 Duration=155349
Task=80 Chunk=0 Start=3679947929084 End=3679948021371 Duration=92287
Task=80 Chunk=1 Start=3679950260059 End=3679950415371 Duration=155312
Task=81 Chunk=0 Start=3679948083619 End=3679948175924 Duration=92305
Task=81 Chunk=1 Start=3679950415407 End=3679950573391 Duration=157984
Task=82 Chunk=0 Start=3679948254376 End=3679948355064 Duration=100688
Task=82 Chunk=1 Start=3679950573427 End=3679950727759 Duration=154332
Task=83 Chunk=0 Start=3679948433319 End=3679948532594 Duration=99275
Task=83 Chunk=1 Start=3679950727794 End=3679950887818 Duration=160024
Task=84 Chunk=0 Start=3679948610029 End=3679948709877 Duration=99848
Task=84 Chunk=1 Start=3679950887846 End=3679951043163 Duration=155317
Task=85 Chunk=0 Start=3679948784815 End=3679948884715 Duration=99900
Task=85 Chunk=1 Start=3679951043183 End=3679951202673 Duration=159490
Task=86 Chunk=0 Start=3679948958207 End=3679949058049 Duration=99842
Task=86 Chunk=1 Start=3679951202680 End=3679951410719 Duration=208039
Task=87 Chunk=0 Start=3679949136120 End=3679949235908 Duration=99788
Task=87 Chunk=1 Start=3679951410723 End=3679951585249 Duration=174526
Task=88 Chunk=0 Start=3679949310778 End=3679949404400 Duration=93622
Task=88 Chunk=1 Start=3679951585258 End=3679951768054 Duration=182796
Task=89 Chunk=0 Start=3679949472323 End=3679949565498 Duration=93175
Task=89 Chunk=1 Start=3679951768058 End=3679951940420 Duration=172362
Task=90 Chunk=0 Start=3679949631133 End=3679949724039 Duration=92906
Task=90 Chunk=1 Start=3679951940437 End=3679952115760 Duration=175323
Task=91 Chunk=0 Start=3679949791549 End=3679949884306 Duration=92757
Task=91 Chunk=1 Start=3679952115765 End=3679952292821 Duration=177056
Task=92 Chunk=0 Start=3679949945950 End=3679950038457 Duration=92507
Task=92 Chunk=1 Start=3679952292825 End=3679952474976 Duration=182151
Task=93 Chunk=0 Start=3679950104692 End=3679950197275 Duration=92583
Task=93 Chunk=1 Start=3679952474980 End=3679952651345 Duration=176365
Task=94 Chunk=0 Start=3679950260075 End=3679950353226 Duration=93151
Task=94 Chunk=1 Start=3679952651351 End=3679952813803 Duration=162452
Task=95 Chunk=0 Start=3679950415423 End=3679950507630 Duration=92207
Task=95 Chunk=1 Start=3679952813807 End=3679952972875 Duration=159068
Task=96 Chunk=0 Start=3679950573473 End=3679950668046 Duration=94573
Task=96 Chunk=1 Start=3679952972881 End=3679953132679 Duration=159798
Task=97 Chunk=0 Start=3679950727826 End=3679950819857 Duration=92031
Task=97 Chunk=1 Start=3679953132683 End=3679953298547 Duration=165864
Task=98 Chunk=0 Start=3679950887876 End=3679950979359 Duration=91483
Task=98 Chunk=1 Start=3679953298551 End=3679953465907 Duration=167356
Task=99 Chunk=0 Start=3679951043222 End=3679951134314 Duration=91092
Task=99 Chunk=1 Start=3679953465935 End=3679953633125 Duration=167190
### Python End ###

--------------------------------
[2025-06-26 13:49:45.203] [info] Available Vulkan Layers:
[2025-06-26 13:49:45.203] [warning] Validation layer requested but not available, continuing without it...
[2025-06-26 13:49:45.205] [info] Using integrated GPU: Mali-G710
[2025-06-26 13:49:45.259] [info] VulkanDispatcher instance created.
[2025-06-26 13:49:45.470] [info] Total memory used: 40550404 bytes (38.67188 MB)
[2025-06-26 13:49:45.475] [info] Total memory used: 40550404 bytes (38.67188 MB)
[2025-06-26 13:49:45.526] [info] Total memory used: 40550404 bytes (38.67188 MB)
[2025-06-26 13:49:45.531] [info] Total memory used: 40550404 bytes (38.67188 MB)
[2025-06-26 13:49:45.537] [info] Total memory used: 40550404 bytes (38.67188 MB)
[2025-06-26 13:49:45.627] [info] Total memory used: 40550404 bytes (38.67188 MB)
[2025-06-26 13:49:45.632] [info] Total memory used: 40550404 bytes (38.67188 MB)
[2025-06-26 13:49:45.637] [info] Total memory used: 40550404 bytes (38.67188 MB)
[2025-06-26 13:49:45.642] [info] Total memory used: 40550404 bytes (38.67188 MB)
[2025-06-26 13:49:45.648] [info] Total memory used: 40550404 bytes (38.67188 MB)
[2025-06-26 13:49:45.721] [info] Total memory used: 40550404 bytes (38.67188 MB)
[2025-06-26 13:49:45.727] [info] Total memory used: 40550404 bytes (38.67188 MB)
[2025-06-26 13:49:45.732] [info] Total memory used: 40550404 bytes (38.67188 MB)
[2025-06-26 13:49:45.737] [info] Total memory used: 40550404 bytes (38.67188 MB)
[2025-06-26 13:49:45.742] [info] Total memory used: 40550404 bytes (38.67188 MB)
[2025-06-26 13:49:45.747] [info] Total memory used: 40550404 bytes (38.67188 MB)
### Python Begin ###
Schedule_UID=SCH-B6L1-G141-26dd
Frequency=24576000 Hz
Task=0 Chunk=0 Start=3679967734438 End=3679968033729 Duration=299291
Task=0 Chunk=1 Start=3679968033760 End=3679968062866 Duration=29106
Task=1 Chunk=0 Start=3679968033745 End=3679968287489 Duration=253744
Task=1 Chunk=1 Start=3679968287513 End=3679968288375 Duration=862
Task=2 Chunk=0 Start=3679968287492 End=3679968543715 Duration=256223
Task=2 Chunk=1 Start=3679968543784 End=3679968544636 Duration=852
Task=3 Chunk=0 Start=3679968543716 End=3679968797540 Duration=253824
Task=3 Chunk=1 Start=3679968797577 End=3679968798048 Duration=471
Task=4 Chunk=0 Start=3679968797543 End=3679969051838 Duration=254295
Task=4 Chunk=1 Start=3679969051889 End=3679969052313 Duration=424
Task=5 Chunk=0 Start=3679969051839 End=3679969306306 Duration=254467
Task=5 Chunk=1 Start=3679969306332 End=3679969306842 Duration=510
Task=6 Chunk=0 Start=3679969306307 End=3679969560193 Duration=253886
Task=6 Chunk=1 Start=3679969560230 End=3679969560664 Duration=434
Task=7 Chunk=0 Start=3679969560194 End=3679969815716 Duration=255522
Task=7 Chunk=1 Start=3679969815793 End=3679969816206 Duration=413
Task=8 Chunk=0 Start=3679969815717 End=3679970068827 Duration=253110
Task=8 Chunk=1 Start=3679970068857 End=3679970069247 Duration=390
Task=9 Chunk=0 Start=3679970068828 End=3679970322618 Duration=253790
Task=9 Chunk=1 Start=3679970322645 End=3679970323075 Duration=430
Task=10 Chunk=0 Start=3679970322619 End=3679970576809 Duration=254190
Task=10 Chunk=1 Start=3679970576866 End=3679970577301 Duration=435
Task=11 Chunk=0 Start=3679970576809 End=3679970831274 Duration=254465
Task=11 Chunk=1 Start=3679970831312 End=3679970831728 Duration=416
Task=12 Chunk=0 Start=3679970831275 End=3679971084907 Duration=253632
Task=12 Chunk=1 Start=3679971084962 End=3679971085398 Duration=436
Task=13 Chunk=0 Start=3679971084908 End=3679971338049 Duration=253141
Task=13 Chunk=1 Start=3679971338115 End=3679971338512 Duration=397
Task=14 Chunk=0 Start=3679971338050 End=3679971592468 Duration=254418
Task=14 Chunk=1 Start=3679971592504 End=3679971593166 Duration=662
Task=15 Chunk=0 Start=3679971592469 End=3679971845742 Duration=253273
Task=15 Chunk=1 Start=3679971845783 End=3679971846258 Duration=475
Task=16 Chunk=0 Start=3679971845749 End=3679972099552 Duration=253803
Task=16 Chunk=1 Start=3679972099616 End=3679972100083 Duration=467
Task=17 Chunk=0 Start=3679972099553 End=3679972352709 Duration=253156
Task=17 Chunk=1 Start=3679972352747 End=3679972353174 Duration=427
Task=18 Chunk=0 Start=3679972352710 End=3679972606108 Duration=253398
Task=18 Chunk=1 Start=3679972606151 End=3679972606579 Duration=428
Task=19 Chunk=0 Start=3679972606109 End=3679972860009 Duration=253900
Task=19 Chunk=1 Start=3679972860066 End=3679972860527 Duration=461
Task=20 Chunk=0 Start=3679972860010 End=3679973113049 Duration=253039
Task=20 Chunk=1 Start=3679973113098 End=3679973113518 Duration=420
Task=21 Chunk=0 Start=3679973113050 End=3679973367409 Duration=254359
Task=21 Chunk=1 Start=3679973367445 End=3679973367866 Duration=421
Task=22 Chunk=0 Start=3679973367410 End=3679973619893 Duration=252483
Task=22 Chunk=1 Start=3679973619924 End=3679973620399 Duration=475
Task=23 Chunk=0 Start=3679973619894 End=3679973873358 Duration=253464
Task=23 Chunk=1 Start=3679973873414 End=3679973873911 Duration=497
Task=24 Chunk=0 Start=3679973873359 End=3679974127492 Duration=254133
Task=24 Chunk=1 Start=3679974127540 End=3679974128041 Duration=501
Task=25 Chunk=0 Start=3679974127493 End=3679974380516 Duration=253023
Task=25 Chunk=1 Start=3679974380596 End=3679974380992 Duration=396
Task=26 Chunk=0 Start=3679974380517 End=3679974634392 Duration=253875
Task=26 Chunk=1 Start=3679974634450 End=3679974634872 Duration=422
Task=27 Chunk=0 Start=3679974634393 End=3679974887451 Duration=253058
Task=27 Chunk=1 Start=3679974887512 End=3679974887943 Duration=431
Task=28 Chunk=0 Start=3679974887452 End=3679975141159 Duration=253707
Task=28 Chunk=1 Start=3679975141210 End=3679975141682 Duration=472
Task=29 Chunk=0 Start=3679975141160 End=3679975394988 Duration=253828
Task=29 Chunk=1 Start=3679975395049 End=3679975395461 Duration=412
Task=30 Chunk=0 Start=3679975394989 End=3679975647569 Duration=252580
Task=30 Chunk=1 Start=3679975647639 End=3679975648035 Duration=396
Task=31 Chunk=0 Start=3679975647570 End=3679975902928 Duration=255358
Task=31 Chunk=1 Start=3679975902958 End=3679975903454 Duration=496
Task=32 Chunk=0 Start=3679975902929 End=3679976155745 Duration=252816
Task=32 Chunk=1 Start=3679976155795 End=3679976156243 Duration=448
Task=33 Chunk=0 Start=3679976155746 End=3679976409861 Duration=254115
Task=33 Chunk=1 Start=3679976409907 End=3679976410358 Duration=451
Task=34 Chunk=0 Start=3679976409862 End=3679976662845 Duration=252983
Task=34 Chunk=1 Start=3679976662877 End=3679976663269 Duration=392
Task=35 Chunk=0 Start=3679976662846 End=3679976916664 Duration=253818
Task=35 Chunk=1 Start=3679976916702 End=3679976917145 Duration=443
Task=36 Chunk=0 Start=3679976916665 End=3679977170509 Duration=253844
Task=36 Chunk=1 Start=3679977170535 End=3679977170958 Duration=423
Task=37 Chunk=0 Start=3679977170510 End=3679977422630 Duration=252120
Task=37 Chunk=1 Start=3679977422682 End=3679977423104 Duration=422
Task=38 Chunk=0 Start=3679977422631 End=3679977676003 Duration=253372
Task=38 Chunk=1 Start=3679977676076 End=3679977676489 Duration=413
Task=39 Chunk=0 Start=3679977676004 End=3679977928703 Duration=252699
Task=39 Chunk=1 Start=3679977928734 End=3679977929213 Duration=479
Task=40 Chunk=0 Start=3679977928704 End=3679978182216 Duration=253512
Task=40 Chunk=1 Start=3679978182273 End=3679978182722 Duration=449
Task=41 Chunk=0 Start=3679978182217 End=3679978435101 Duration=252884
Task=41 Chunk=1 Start=3679978435176 End=3679978435575 Duration=399
Task=42 Chunk=0 Start=3679978435102 End=3679978688431 Duration=253329
Task=42 Chunk=1 Start=3679978688486 End=3679978688933 Duration=447
Task=43 Chunk=0 Start=3679978688432 End=3679978941761 Duration=253329
Task=43 Chunk=1 Start=3679978941821 End=3679978942352 Duration=531
Task=44 Chunk=0 Start=3679978941762 End=3679979193913 Duration=252151
Task=44 Chunk=1 Start=3679979193982 End=3679979194421 Duration=439
Task=45 Chunk=0 Start=3679979193914 End=3679979448479 Duration=254565
Task=45 Chunk=1 Start=3679979448536 End=3679979448969 Duration=433
Task=46 Chunk=0 Start=3679979448480 End=3679979701837 Duration=253357
Task=46 Chunk=1 Start=3679979701912 End=3679979702291 Duration=379
Task=47 Chunk=0 Start=3679979701838 End=3679979955560 Duration=253722
Task=47 Chunk=1 Start=3679979955620 End=3679979956039 Duration=419
Task=48 Chunk=0 Start=3679979955561 End=3679980208397 Duration=252836
Task=48 Chunk=1 Start=3679980208442 End=3679980210063 Duration=1621
Task=49 Chunk=0 Start=3679980208399 End=3679980461760 Duration=253361
Task=49 Chunk=1 Start=3679980461807 End=3679980462596 Duration=789
Task=50 Chunk=0 Start=3679980461761 End=3679980715231 Duration=253470
Task=50 Chunk=1 Start=3679980715286 End=3679980715751 Duration=465
Task=51 Chunk=0 Start=3679980715232 End=3679980968021 Duration=252789
Task=51 Chunk=1 Start=3679980968094 End=3679980968479 Duration=385
Task=52 Chunk=0 Start=3679980968022 End=3679981221480 Duration=253458
Task=52 Chunk=1 Start=3679981221538 End=3679981222007 Duration=469
Task=53 Chunk=0 Start=3679981221481 End=3679981474015 Duration=252534
Task=53 Chunk=1 Start=3679981474092 End=3679981474433 Duration=341
Task=54 Chunk=0 Start=3679981474016 End=3679981727279 Duration=253263
Task=54 Chunk=1 Start=3679981727321 End=3679981727760 Duration=439
Task=55 Chunk=0 Start=3679981727280 End=3679981981296 Duration=254016
Task=55 Chunk=1 Start=3679981981354 End=3679981981755 Duration=401
Task=56 Chunk=0 Start=3679981981297 End=3679982234651 Duration=253354
Task=56 Chunk=1 Start=3679982234696 End=3679982235103 Duration=407
Task=57 Chunk=0 Start=3679982234652 End=3679982487736 Duration=253084
Task=57 Chunk=1 Start=3679982487812 End=3679982488268 Duration=456
Task=58 Chunk=0 Start=3679982487738 End=3679982740078 Duration=252340
Task=58 Chunk=1 Start=3679982740143 End=3679982740557 Duration=414
Task=59 Chunk=0 Start=3679982740080 End=3679982993498 Duration=253418
Task=59 Chunk=1 Start=3679982993530 End=3679982993978 Duration=448
Task=60 Chunk=0 Start=3679982993499 End=3679983246872 Duration=253373
Task=60 Chunk=1 Start=3679983246926 End=3679983247328 Duration=402
Task=61 Chunk=0 Start=3679983246873 End=3679983500193 Duration=253320
Task=61 Chunk=1 Start=3679983500248 End=3679983500596 Duration=348
Task=62 Chunk=0 Start=3679983500194 End=3679983753782 Duration=253588
Task=62 Chunk=1 Start=3679983753843 End=3679983754202 Duration=359
Task=63 Chunk=0 Start=3679983753783 End=3679984006766 Duration=252983
Task=63 Chunk=1 Start=3679984006826 End=3679984007232 Duration=406
Task=64 Chunk=0 Start=3679984006767 End=3679984260052 Duration=253285
Task=64 Chunk=1 Start=3679984260099 End=3679984260616 Duration=517
Task=65 Chunk=0 Start=3679984260053 End=3679984512551 Duration=252498
Task=65 Chunk=1 Start=3679984512602 End=3679984513054 Duration=452
Task=66 Chunk=0 Start=3679984512552 End=3679984766916 Duration=254364
Task=66 Chunk=1 Start=3679984767001 End=3679984767442 Duration=441
Task=67 Chunk=0 Start=3679984766917 End=3679985020190 Duration=253273
Task=67 Chunk=1 Start=3679985020246 End=3679985020663 Duration=417
Task=68 Chunk=0 Start=3679985020191 End=3679985273781 Duration=253590
Task=68 Chunk=1 Start=3679985273836 End=3679985274260 Duration=424
Task=69 Chunk=0 Start=3679985273783 End=3679985527328 Duration=253545
Task=69 Chunk=1 Start=3679985527375 End=3679985527803 Duration=428
Task=70 Chunk=0 Start=3679985527329 End=3679985780081 Duration=252752
Task=70 Chunk=1 Start=3679985780146 End=3679985780558 Duration=412
Task=71 Chunk=0 Start=3679985780082 End=3679986034243 Duration=254161
Task=71 Chunk=1 Start=3679986034295 End=3679986034808 Duration=513
Task=72 Chunk=0 Start=3679986034244 End=3679986286548 Duration=252304
Task=72 Chunk=1 Start=3679986286572 End=3679986287024 Duration=452
Task=73 Chunk=0 Start=3679986286549 End=3679986539877 Duration=253328
Task=73 Chunk=1 Start=3679986539950 End=3679986540383 Duration=433
Task=74 Chunk=0 Start=3679986539878 End=3679986792619 Duration=252741
Task=74 Chunk=1 Start=3679986792664 End=3679986793089 Duration=425
Task=75 Chunk=0 Start=3679986792620 End=3679987046706 Duration=254086
Task=75 Chunk=1 Start=3679987046778 End=3679987047199 Duration=421
Task=76 Chunk=0 Start=3679987046707 End=3679987300913 Duration=254206
Task=76 Chunk=1 Start=3679987300962 End=3679987301376 Duration=414
Task=77 Chunk=0 Start=3679987300914 End=3679987553666 Duration=252752
Task=77 Chunk=1 Start=3679987553754 End=3679987554176 Duration=422
Task=78 Chunk=0 Start=3679987553667 End=3679987807638 Duration=253971
Task=78 Chunk=1 Start=3679987807707 End=3679987808168 Duration=461
Task=79 Chunk=0 Start=3679987807639 End=3679988060439 Duration=252800
Task=79 Chunk=1 Start=3679988060484 End=3679988060870 Duration=386
Task=80 Chunk=0 Start=3679988060440 End=3679988313609 Duration=253169
Task=80 Chunk=1 Start=3679988313683 End=3679988314102 Duration=419
Task=81 Chunk=0 Start=3679988313610 End=3679988567497 Duration=253887
Task=81 Chunk=1 Start=3679988567569 End=3679988567982 Duration=413
Task=82 Chunk=0 Start=3679988567498 End=3679988820026 Duration=252528
Task=82 Chunk=1 Start=3679988820106 End=3679988820512 Duration=406
Task=83 Chunk=0 Start=3679988820027 End=3679989073852 Duration=253825
Task=83 Chunk=1 Start=3679989073912 End=3679989074361 Duration=449
Task=84 Chunk=0 Start=3679989073853 End=3679989327068 Duration=253215
Task=84 Chunk=1 Start=3679989327119 End=3679989327514 Duration=395
Task=85 Chunk=0 Start=3679989327069 End=3679989581474 Duration=254405
Task=85 Chunk=1 Start=3679989581567 End=3679989582002 Duration=435
Task=86 Chunk=0 Start=3679989581475 End=3679989834146 Duration=252671
Task=86 Chunk=1 Start=3679989834192 End=3679989834577 Duration=385
Task=87 Chunk=0 Start=3679989834147 End=3679990089101 Duration=254954
Task=87 Chunk=1 Start=3679990089168 End=3679990089605 Duration=437
Task=88 Chunk=0 Start=3679990089102 End=3679990342746 Duration=253644
Task=88 Chunk=1 Start=3679990342815 End=3679990343160 Duration=345
Task=89 Chunk=0 Start=3679990342746 End=3679990595623 Duration=252877
Task=89 Chunk=1 Start=3679990595676 End=3679990596083 Duration=407
Task=90 Chunk=0 Start=3679990595624 End=3679990849544 Duration=253920
Task=90 Chunk=1 Start=3679990849621 End=3679990850029 Duration=408
Task=91 Chunk=0 Start=3679990849545 End=3679991102197 Duration=252652
Task=91 Chunk=1 Start=3679991102268 End=3679991102681 Duration=413
Task=92 Chunk=0 Start=3679991102198 End=3679991355952 Duration=253754
Task=92 Chunk=1 Start=3679991356016 End=3679991356427 Duration=411
Task=93 Chunk=0 Start=3679991355953 End=3679991609311 Duration=253358
Task=93 Chunk=1 Start=3679991609387 End=3679991609780 Duration=393
Task=94 Chunk=0 Start=3679991609312 End=3679991862892 Duration=253580
Task=94 Chunk=1 Start=3679991862948 End=3679991863357 Duration=409
Task=95 Chunk=0 Start=3679991862894 End=3679992116780 Duration=253886
Task=95 Chunk=1 Start=3679992116847 End=3679992117287 Duration=440
Task=96 Chunk=0 Start=3679992116808 End=3679992371211 Duration=254403
Task=96 Chunk=1 Start=3679992371271 End=3679992371648 Duration=377
Task=97 Chunk=0 Start=3679992371212 End=3679992625304 Duration=254092
Task=97 Chunk=1 Start=3679992625377 End=3679992625787 Duration=410
Task=98 Chunk=0 Start=3679992625305 End=3679992878041 Duration=252736
Task=98 Chunk=1 Start=3679992878077 End=3679992878511 Duration=434
Task=99 Chunk=0 Start=3679992878042 End=3679993131250 Duration=253208
Task=99 Chunk=1 Start=3679993131288 End=3679993132103 Duration=815
### Python End ###

--------------------------------
[2025-06-26 13:49:46.808] [info] Available Vulkan Layers:
[2025-06-26 13:49:46.808] [warning] Validation layer requested but not available, continuing without it...
[2025-06-26 13:49:46.812] [info] Using integrated GPU: Mali-G710
[2025-06-26 13:49:46.815] [info] VulkanDispatcher instance created.
[2025-06-26 13:49:46.993] [info] Total memory used: 40550404 bytes (38.67188 MB)
[2025-06-26 13:49:46.998] [info] Total memory used: 40550404 bytes (38.67188 MB)
[2025-06-26 13:49:47.103] [info] Total memory used: 40550404 bytes (38.67188 MB)
[2025-06-26 13:49:47.111] [info] Total memory used: 40550404 bytes (38.67188 MB)
[2025-06-26 13:49:47.117] [info] Total memory used: 40550404 bytes (38.67188 MB)
[2025-06-26 13:49:47.187] [info] Total memory used: 40550404 bytes (38.67188 MB)
[2025-06-26 13:49:47.192] [info] Total memory used: 40550404 bytes (38.67188 MB)
[2025-06-26 13:49:47.197] [info] Total memory used: 40550404 bytes (38.67188 MB)
[2025-06-26 13:49:47.202] [info] Total memory used: 40550404 bytes (38.67188 MB)
[2025-06-26 13:49:47.207] [info] Total memory used: 40550404 bytes (38.67188 MB)
[2025-06-26 13:49:47.297] [info] Total memory used: 40550404 bytes (38.67188 MB)
[2025-06-26 13:49:47.302] [info] Total memory used: 40550404 bytes (38.67188 MB)
[2025-06-26 13:49:47.307] [info] Total memory used: 40550404 bytes (38.67188 MB)
[2025-06-26 13:49:47.311] [info] Total memory used: 40550404 bytes (38.67188 MB)
[2025-06-26 13:49:47.316] [info] Total memory used: 40550404 bytes (38.67188 MB)
[2025-06-26 13:49:47.321] [info] Total memory used: 40550404 bytes (38.67188 MB)
### Python Begin ###
Schedule_UID=SCH-M3G1B3-G145-00d1
Frequency=24576000 Hz
Task=0 Chunk=0 Start=3680006432857 End=3680006495768 Duration=62911
Task=0 Chunk=1 Start=3680006495800 End=3680006495812 Duration=12
Task=0 Chunk=2 Start=3680006495830 End=3680006647718 Duration=151888
Task=1 Chunk=0 Start=3680006495794 End=3680006526009 Duration=30215
Task=1 Chunk=1 Start=3680006526032 End=3680006526033 Duration=1
Task=1 Chunk=2 Start=3680006647723 End=3680006794043 Duration=146320
Task=2 Chunk=0 Start=3680006526011 End=3680006557110 Duration=31099
Task=2 Chunk=1 Start=3680006557122 End=3680006557123 Duration=1
Task=2 Chunk=2 Start=3680006794044 End=3680006937419 Duration=143375
Task=3 Chunk=0 Start=3680006557114 End=3680006587141 Duration=30027
Task=3 Chunk=1 Start=3680006587170 End=3680006587171 Duration=1
Task=3 Chunk=2 Start=3680006937420 End=3680007081301 Duration=143881
Task=4 Chunk=0 Start=3680006587153 End=3680006616624 Duration=29471
Task=4 Chunk=2 Start=3680007081302 End=3680007222192 Duration=140890
Task=5 Chunk=0 Start=3680006616625 End=3680006646337 Duration=29712
Task=5 Chunk=1 Start=3680006646342 End=3680006646343 Duration=1
Task=5 Chunk=2 Start=3680007222193 End=3680007364005 Duration=141812
Task=6 Chunk=0 Start=3680006646338 End=3680006677178 Duration=30840
Task=6 Chunk=1 Start=3680006677190 End=3680006677191 Duration=1
Task=6 Chunk=2 Start=3680007364006 End=3680007505978 Duration=141972
Task=7 Chunk=0 Start=3680006677179 End=3680006706818 Duration=29639
Task=7 Chunk=2 Start=3680007505979 End=3680007648208 Duration=142229
Task=8 Chunk=0 Start=3680006706820 End=3680006736447 Duration=29627
Task=8 Chunk=1 Start=3680006736461 End=3680006736462 Duration=1
Task=8 Chunk=2 Start=3680007648209 End=3680007788281 Duration=140072
Task=9 Chunk=0 Start=3680006736450 End=3680006768661 Duration=32211
Task=9 Chunk=1 Start=3680006768683 End=3680006768684 Duration=1
Task=9 Chunk=2 Start=3680007788281 End=3680007929104 Duration=140823
Task=10 Chunk=0 Start=3680006768662 End=3680006798629 Duration=29967
Task=10 Chunk=1 Start=3680006798646 End=3680006798647 Duration=1
Task=10 Chunk=2 Start=3680007929105 End=3680008071340 Duration=142235
Task=11 Chunk=0 Start=3680006798632 End=3680006828635 Duration=30003
Task=11 Chunk=1 Start=3680006828644 End=3680006828645 Duration=1
Task=11 Chunk=2 Start=3680008071340 End=3680008213504 Duration=142164
Task=12 Chunk=0 Start=3680006828636 End=3680006859620 Duration=30984
Task=12 Chunk=1 Start=3680006859644 End=3680006859645 Duration=1
Task=12 Chunk=2 Start=3680008213505 End=3680008354875 Duration=141370
Task=13 Chunk=0 Start=3680006859632 End=3680006889282 Duration=29650
Task=13 Chunk=1 Start=3680006889297 End=3680006889298 Duration=1
Task=13 Chunk=2 Start=3680008354876 End=3680008495539 Duration=140663
Task=14 Chunk=0 Start=3680006889289 End=3680006918788 Duration=29499
Task=14 Chunk=1 Start=3680006918812 End=3680006918813 Duration=1
Task=14 Chunk=2 Start=3680008495540 End=3680008637177 Duration=141637
Task=15 Chunk=0 Start=3680006918791 End=3680006949864 Duration=31073
Task=15 Chunk=1 Start=3680006949885 End=3680006949886 Duration=1
Task=15 Chunk=2 Start=3680008637178 End=3680008777443 Duration=140265
Task=16 Chunk=0 Start=3680006949870 End=3680006979724 Duration=29854
Task=16 Chunk=1 Start=3680006979745 End=3680006979746 Duration=1
Task=16 Chunk=2 Start=3680008777444 End=3680008919436 Duration=141992
Task=17 Chunk=0 Start=3680006979725 End=3680007009478 Duration=29753
Task=17 Chunk=1 Start=3680007009496 End=3680007009497 Duration=1
Task=17 Chunk=2 Start=3680008919437 End=3680009059454 Duration=140017
Task=18 Chunk=0 Start=3680007081321 End=3680007111219 Duration=29898
Task=18 Chunk=1 Start=3680007111234 End=3680007111235 Duration=1
Task=18 Chunk=2 Start=3680009059455 End=3680009199955 Duration=140500
Task=19 Chunk=0 Start=3680007222210 End=3680007253095 Duration=30885
Task=19 Chunk=1 Start=3680007253121 End=3680007253122 Duration=1
Task=19 Chunk=2 Start=3680009199956 End=3680009341082 Duration=141126
Task=20 Chunk=0 Start=3680007364027 End=3680007393975 Duration=29948
Task=20 Chunk=1 Start=3680007393988 End=3680007393989 Duration=1
Task=20 Chunk=2 Start=3680009341083 End=3680009480670 Duration=139587
Task=21 Chunk=0 Start=3680007506001 End=3680007535908 Duration=29907
Task=21 Chunk=1 Start=3680007535925 End=3680007535926 Duration=1
Task=21 Chunk=2 Start=3680009480671 End=3680009621372 Duration=140701
Task=22 Chunk=0 Start=3680007648227 End=3680007678011 Duration=29784
Task=22 Chunk=1 Start=3680007678032 End=3680007678033 Duration=1
Task=22 Chunk=2 Start=3680009621373 End=3680009762108 Duration=140735
Task=23 Chunk=0 Start=3680007788295 End=3680007818188 Duration=29893
Task=23 Chunk=1 Start=3680007818220 End=3680007818221 Duration=1
Task=23 Chunk=2 Start=3680009762109 End=3680009902574 Duration=140465
Task=24 Chunk=0 Start=3680007929123 End=3680007959546 Duration=30423
Task=24 Chunk=1 Start=3680007959571 End=3680007959572 Duration=1
Task=24 Chunk=2 Start=3680009902575 End=3680010042012 Duration=139437
Task=25 Chunk=0 Start=3680008071357 End=3680008101327 Duration=29970
Task=25 Chunk=1 Start=3680008101340 End=3680008101341 Duration=1
Task=25 Chunk=2 Start=3680010042013 End=3680010182420 Duration=140407
Task=26 Chunk=0 Start=3680008213519 End=3680008244036 Duration=30517
Task=26 Chunk=1 Start=3680008244057 End=3680008244058 Duration=1
Task=26 Chunk=2 Start=3680010182420 End=3680010323369 Duration=140949
Task=27 Chunk=0 Start=3680008354889 End=3680008384824 Duration=29935
Task=27 Chunk=1 Start=3680008384840 End=3680008384841 Duration=1
Task=27 Chunk=2 Start=3680010323370 End=3680010463511 Duration=140141
Task=28 Chunk=0 Start=3680008495557 End=3680008526202 Duration=30645
Task=28 Chunk=1 Start=3680008526224 End=3680008526225 Duration=1
Task=28 Chunk=2 Start=3680010463512 End=3680010603881 Duration=140369
Task=29 Chunk=0 Start=3680008637200 End=3680008667155 Duration=29955
Task=29 Chunk=2 Start=3680010603882 End=3680010743617 Duration=139735
Task=30 Chunk=0 Start=3680008777455 End=3680008807421 Duration=29966
Task=30 Chunk=1 Start=3680008807439 End=3680008807444 Duration=5
Task=30 Chunk=2 Start=3680010743617 End=3680010885674 Duration=142057
Task=31 Chunk=0 Start=3680008919458 End=3680008949579 Duration=30121
Task=31 Chunk=1 Start=3680008949599 End=3680008949600 Duration=1
Task=31 Chunk=2 Start=3680010885675 End=3680011026840 Duration=141165
Task=32 Chunk=0 Start=3680009059483 End=3680009089369 Duration=29886
Task=32 Chunk=1 Start=3680009089390 End=3680009089391 Duration=1
Task=32 Chunk=2 Start=3680011026840 End=3680011166924 Duration=140084
Task=33 Chunk=0 Start=3680009199971 End=3680009230472 Duration=30501
Task=33 Chunk=1 Start=3680009230491 End=3680009230492 Duration=1
Task=33 Chunk=2 Start=3680011166925 End=3680011307075 Duration=140150
Task=34 Chunk=0 Start=3680009341100 End=3680009370949 Duration=29849
Task=34 Chunk=1 Start=3680009370965 End=3680009370966 Duration=1
Task=34 Chunk=2 Start=3680011307076 End=3680011447303 Duration=140227
Task=35 Chunk=0 Start=3680009480689 End=3680009511466 Duration=30777
Task=35 Chunk=1 Start=3680009511480 End=3680009511481 Duration=1
Task=35 Chunk=2 Start=3680011447304 End=3680011588101 Duration=140797
Task=36 Chunk=0 Start=3680009621387 End=3680009651429 Duration=30042
Task=36 Chunk=1 Start=3680009651447 End=3680009651448 Duration=1
Task=36 Chunk=2 Start=3680011588102 End=3680011727113 Duration=139011
Task=37 Chunk=0 Start=3680009762121 End=3680009792016 Duration=29895
Task=37 Chunk=1 Start=3680009792029 End=3680009792030 Duration=1
Task=37 Chunk=2 Start=3680011727113 End=3680011866553 Duration=139440
Task=38 Chunk=0 Start=3680009902599 End=3680009932846 Duration=30247
Task=38 Chunk=1 Start=3680009932856 End=3680009932857 Duration=1
Task=38 Chunk=2 Start=3680011866554 End=3680012006042 Duration=139488
Task=39 Chunk=0 Start=3680010042031 End=3680010072002 Duration=29971
Task=39 Chunk=2 Start=3680012006043 End=3680012144824 Duration=138781
Task=40 Chunk=0 Start=3680010182431 End=3680010213322 Duration=30891
Task=40 Chunk=1 Start=3680010213331 End=3680010213332 Duration=1
Task=40 Chunk=2 Start=3680012144825 End=3680012284344 Duration=139519
Task=41 Chunk=0 Start=3680010323391 End=3680010353406 Duration=30015
Task=41 Chunk=2 Start=3680012284344 End=3680012423559 Duration=139215
Task=42 Chunk=0 Start=3680010463524 End=3680010494139 Duration=30615
Task=42 Chunk=1 Start=3680010494171 End=3680010494172 Duration=1
Task=42 Chunk=2 Start=3680012423560 End=3680012563650 Duration=140090
Task=43 Chunk=0 Start=3680010603892 End=3680010633703 Duration=29811
Task=43 Chunk=1 Start=3680010633721 End=3680010633722 Duration=1
Task=43 Chunk=2 Start=3680012563651 End=3680012702472 Duration=138821
Task=44 Chunk=0 Start=3680010743634 End=3680010773637 Duration=30003
Task=44 Chunk=1 Start=3680010773662 End=3680010773663 Duration=1
Task=44 Chunk=2 Start=3680012702473 End=3680012842081 Duration=139608
Task=45 Chunk=0 Start=3680010885694 End=3680010915941 Duration=30247
Task=45 Chunk=1 Start=3680010915953 End=3680010915954 Duration=1
Task=45 Chunk=2 Start=3680012842082 End=3680012983784 Duration=141702
Task=46 Chunk=0 Start=3680011026856 End=3680011056967 Duration=30111
Task=46 Chunk=2 Start=3680012983785 End=3680013124049 Duration=140264
Task=47 Chunk=0 Start=3680011166935 End=3680011197625 Duration=30690
Task=47 Chunk=1 Start=3680011197645 End=3680011197646 Duration=1
Task=47 Chunk=2 Start=3680013124050 End=3680013263787 Duration=139737
Task=48 Chunk=0 Start=3680011307102 End=3680011336955 Duration=29853
Task=48 Chunk=1 Start=3680011336969 End=3680011336970 Duration=1
Task=48 Chunk=2 Start=3680013263787 End=3680013403338 Duration=139551
Task=49 Chunk=0 Start=3680011447315 End=3680011478263 Duration=30948
Task=49 Chunk=1 Start=3680011478279 End=3680011478280 Duration=1
Task=49 Chunk=2 Start=3680013403339 End=3680013544066 Duration=140727
Task=50 Chunk=0 Start=3680011588128 End=3680011618059 Duration=29931
Task=50 Chunk=1 Start=3680011618076 End=3680011618077 Duration=1
Task=50 Chunk=2 Start=3680013544067 End=3680013683990 Duration=139923
Task=51 Chunk=0 Start=3680011727133 End=3680011757083 Duration=29950
Task=51 Chunk=1 Start=3680011757092 End=3680011757093 Duration=1
Task=51 Chunk=2 Start=3680013683991 End=3680013823840 Duration=139849
Task=52 Chunk=0 Start=3680011866562 End=3680011896312 Duration=29750
Task=52 Chunk=2 Start=3680013823841 End=3680013964071 Duration=140230
Task=53 Chunk=0 Start=3680012006055 End=3680012035953 Duration=29898
Task=53 Chunk=1 Start=3680012035966 End=3680012035967 Duration=1
Task=53 Chunk=2 Start=3680013964072 End=3680014102416 Duration=138344
Task=54 Chunk=0 Start=3680012144838 End=3680012175503 Duration=30665
Task=54 Chunk=1 Start=3680012175515 End=3680012175516 Duration=1
Task=54 Chunk=2 Start=3680014102417 End=3680014242780 Duration=140363
Task=55 Chunk=0 Start=3680012284358 End=3680012314184 Duration=29826
Task=55 Chunk=1 Start=3680012314205 End=3680012314206 Duration=1
Task=55 Chunk=2 Start=3680014242781 End=3680014382105 Duration=139324
Task=56 Chunk=0 Start=3680012423571 End=3680012454340 Duration=30769
Task=56 Chunk=1 Start=3680012454351 End=3680012454352 Duration=1
Task=56 Chunk=2 Start=3680014382106 End=3680014522626 Duration=140520
Task=57 Chunk=0 Start=3680012563668 End=3680012593674 Duration=30006
Task=57 Chunk=1 Start=3680012593683 End=3680012593684 Duration=1
Task=57 Chunk=2 Start=3680014522627 End=3680014661897 Duration=139270
Task=58 Chunk=0 Start=3680012702484 End=3680012732531 Duration=30047
Task=58 Chunk=1 Start=3680012732548 End=3680012732549 Duration=1
Task=58 Chunk=2 Start=3680014661898 End=3680014800977 Duration=139079
Task=59 Chunk=0 Start=3680012842092 End=3680012872765 Duration=30673
Task=59 Chunk=1 Start=3680012872783 End=3680012872784 Duration=1
Task=59 Chunk=2 Start=3680014800978 End=3680014941358 Duration=140380
Task=60 Chunk=0 Start=3680012983797 End=3680013013858 Duration=30061
Task=60 Chunk=1 Start=3680013013886 End=3680013013887 Duration=1
Task=60 Chunk=2 Start=3680014941359 End=3680015081266 Duration=139907
Task=61 Chunk=0 Start=3680013124064 End=3680013155094 Duration=31030
Task=61 Chunk=1 Start=3680013155108 End=3680013155109 Duration=1
Task=61 Chunk=2 Start=3680015081267 End=3680015221518 Duration=140251
Task=62 Chunk=0 Start=3680013263800 End=3680013293591 Duration=29791
Task=62 Chunk=1 Start=3680013293601 End=3680013293602 Duration=1
Task=62 Chunk=2 Start=3680015221519 End=3680015360660 Duration=139141
Task=63 Chunk=0 Start=3680013403368 End=3680013433432 Duration=30064
Task=63 Chunk=1 Start=3680013433448 End=3680013433449 Duration=1
Task=63 Chunk=2 Start=3680015360660 End=3680015500887 Duration=140227
Task=64 Chunk=0 Start=3680013544089 End=3680013573998 Duration=29909
Task=64 Chunk=1 Start=3680013574020 End=3680013574021 Duration=1
Task=64 Chunk=2 Start=3680015500887 End=3680015639945 Duration=139058
Task=65 Chunk=0 Start=3680013684008 End=3680013713847 Duration=29839
Task=65 Chunk=1 Start=3680013713859 End=3680013713860 Duration=1
Task=65 Chunk=2 Start=3680015639945 End=3680015780650 Duration=140705
Task=66 Chunk=0 Start=3680013823861 End=3680013854517 Duration=30656
Task=66 Chunk=1 Start=3680013854546 End=3680013854547 Duration=1
Task=66 Chunk=2 Start=3680015780651 End=3680015920620 Duration=139969
Task=67 Chunk=0 Start=3680013964091 End=3680013994017 Duration=29926
Task=67 Chunk=1 Start=3680013994028 End=3680013994029 Duration=1
Task=67 Chunk=2 Start=3680015920621 End=3680016059898 Duration=139277
Task=68 Chunk=0 Start=3680014102437 End=3680014133773 Duration=31336
Task=68 Chunk=1 Start=3680014133787 End=3680014133788 Duration=1
Task=68 Chunk=2 Start=3680016059899 End=3680016198784 Duration=138885
Task=69 Chunk=0 Start=3680014242816 End=3680014272825 Duration=30009
Task=69 Chunk=1 Start=3680014272842 End=3680014272847 Duration=5
Task=69 Chunk=2 Start=3680016198785 End=3680016338203 Duration=139418
Task=70 Chunk=0 Start=3680014382128 End=3680014412005 Duration=29877
Task=70 Chunk=1 Start=3680014412013 End=3680014412014 Duration=1
Task=70 Chunk=2 Start=3680016338204 End=3680016477480 Duration=139276
Task=71 Chunk=0 Start=3680014522643 End=3680014552742 Duration=30099
Task=71 Chunk=1 Start=3680014552753 End=3680014552754 Duration=1
Task=71 Chunk=2 Start=3680016477480 End=3680016618210 Duration=140730
Task=72 Chunk=0 Start=3680014661909 End=3680014691694 Duration=29785
Task=72 Chunk=1 Start=3680014691705 End=3680014691706 Duration=1
Task=72 Chunk=2 Start=3680016618211 End=3680016757852 Duration=139641
Task=73 Chunk=0 Start=3680014800998 End=3680014831788 Duration=30790
Task=73 Chunk=1 Start=3680014831795 End=3680014831796 Duration=1
Task=73 Chunk=2 Start=3680016757852 End=3680016898524 Duration=140672
Task=74 Chunk=0 Start=3680014941384 End=3680014971359 Duration=29975
Task=74 Chunk=1 Start=3680014971380 End=3680014971381 Duration=1
Task=74 Chunk=2 Start=3680016898525 End=3680017037253 Duration=138728
Task=75 Chunk=0 Start=3680015081276 End=3680015112315 Duration=31039
Task=75 Chunk=1 Start=3680015112340 End=3680015112341 Duration=1
Task=75 Chunk=2 Start=3680017037254 End=3680017178417 Duration=141163
Task=76 Chunk=0 Start=3680015221532 End=3680015251705 Duration=30173
Task=76 Chunk=1 Start=3680015251717 End=3680015251718 Duration=1
Task=76 Chunk=2 Start=3680017178418 End=3680017319024 Duration=140606
Task=77 Chunk=0 Start=3680015360676 End=3680015390571 Duration=29895
Task=77 Chunk=1 Start=3680015390586 End=3680015390587 Duration=1
Task=77 Chunk=2 Start=3680017319025 End=3680017459041 Duration=140016
Task=78 Chunk=0 Start=3680015500931 End=3680015530607 Duration=29676
Task=78 Chunk=1 Start=3680015530618 End=3680015530619 Duration=1
Task=78 Chunk=2 Start=3680017459042 End=3680017599428 Duration=140386
Task=79 Chunk=0 Start=3680015639957 End=3680015669696 Duration=29739
Task=79 Chunk=1 Start=3680015669727 End=3680015669732 Duration=5
Task=79 Chunk=2 Start=3680017599429 End=3680017738411 Duration=138982
Task=80 Chunk=0 Start=3680015780673 End=3680015811597 Duration=30924
Task=80 Chunk=1 Start=3680015811618 End=3680015811619 Duration=1
Task=80 Chunk=2 Start=3680017738411 End=3680017878584 Duration=140173
Task=81 Chunk=0 Start=3680015920645 End=3680015950608 Duration=29963
Task=81 Chunk=1 Start=3680015950618 End=3680015950619 Duration=1
Task=81 Chunk=2 Start=3680017878585 End=3680018018289 Duration=139704
Task=82 Chunk=0 Start=3680016059914 End=3680016090739 Duration=30825
Task=82 Chunk=2 Start=3680018018290 End=3680018157739 Duration=139449
Task=83 Chunk=0 Start=3680016198805 End=3680016228915 Duration=30110
Task=83 Chunk=1 Start=3680016228921 End=3680016228922 Duration=1
Task=83 Chunk=2 Start=3680018157740 End=3680018297109 Duration=139369
Task=84 Chunk=0 Start=3680016338218 End=3680016368230 Duration=30012
Task=84 Chunk=1 Start=3680016368240 End=3680016368241 Duration=1
Task=84 Chunk=2 Start=3680018297110 End=3680018435642 Duration=138532
Task=85 Chunk=0 Start=3680016477491 End=3680016508393 Duration=30902
Task=85 Chunk=1 Start=3680016508422 End=3680016508423 Duration=1
Task=85 Chunk=2 Start=3680018435643 End=3680018541161 Duration=105518
Task=86 Chunk=0 Start=3680016618224 End=3680016648004 Duration=29780
Task=86 Chunk=1 Start=3680016648025 End=3680016648026 Duration=1
Task=86 Chunk=2 Start=3680018541162 End=3680018612436 Duration=71274
Task=87 Chunk=0 Start=3680016757861 End=3680016788987 Duration=31126
Task=87 Chunk=1 Start=3680016789010 End=3680016789011 Duration=1
Task=87 Chunk=2 Start=3680018612437 End=3680018682709 Duration=70272
Task=88 Chunk=0 Start=3680016898545 End=3680016928427 Duration=29882
Task=88 Chunk=1 Start=3680016928442 End=3680016928443 Duration=1
Task=88 Chunk=2 Start=3680018682710 End=3680018753110 Duration=70400
Task=89 Chunk=0 Start=3680017037271 End=3680017067329 Duration=30058
Task=89 Chunk=1 Start=3680017067338 End=3680017067339 Duration=1
Task=89 Chunk=2 Start=3680018753111 End=3680018822533 Duration=69422
Task=90 Chunk=0 Start=3680017178433 End=3680017208669 Duration=30236
Task=90 Chunk=1 Start=3680017208697 End=3680017208698 Duration=1
Task=90 Chunk=2 Start=3680018822534 End=3680018893051 Duration=70517
Task=91 Chunk=0 Start=3680017319046 End=3680017349145 Duration=30099
Task=91 Chunk=1 Start=3680017349164 End=3680017349165 Duration=1
Task=91 Chunk=2 Start=3680018893052 End=3680018964213 Duration=71161
Task=92 Chunk=0 Start=3680017459087 End=3680017489878 Duration=30791
Task=92 Chunk=1 Start=3680017489890 End=3680017489891 Duration=1
Task=92 Chunk=2 Start=3680018964214 End=3680019033500 Duration=69286
Task=93 Chunk=0 Start=3680017599458 End=3680017629439 Duration=29981
Task=93 Chunk=2 Start=3680019033501 End=3680019103774 Duration=70273
Task=94 Chunk=0 Start=3680017738426 End=3680017769305 Duration=30879
Task=94 Chunk=1 Start=3680017769329 End=3680017769330 Duration=1
Task=94 Chunk=2 Start=3680019103775 End=3680019173971 Duration=70196
Task=95 Chunk=0 Start=3680017878599 End=3680017908845 Duration=30246
Task=95 Chunk=1 Start=3680017908857 End=3680017908858 Duration=1
Task=95 Chunk=2 Start=3680019173972 End=3680019243895 Duration=69923
Task=96 Chunk=0 Start=3680018018311 End=3680018048493 Duration=30182
Task=96 Chunk=1 Start=3680018048500 End=3680018048501 Duration=1
Task=96 Chunk=2 Start=3680019243896 End=3680019313130 Duration=69234
Task=97 Chunk=0 Start=3680018157752 End=3680018187612 Duration=29860
Task=97 Chunk=2 Start=3680019313131 End=3680019382792 Duration=69661
Task=98 Chunk=0 Start=3680018297130 End=3680018327123 Duration=29993
Task=98 Chunk=1 Start=3680018327136 End=3680018327137 Duration=1
Task=98 Chunk=2 Start=3680019382793 End=3680019452386 Duration=69593
Task=99 Chunk=0 Start=3680018435671 End=3680018466525 Duration=30854
Task=99 Chunk=1 Start=3680018466537 End=3680018466538 Duration=1
Task=99 Chunk=2 Start=3680019452386 End=3680019521156 Duration=68770
### Python End ###

--------------------------------
[2025-06-26 13:49:47.881] [info] Available Vulkan Layers:
[2025-06-26 13:49:47.881] [warning] Validation layer requested but not available, continuing without it...
[2025-06-26 13:49:47.885] [info] Using integrated GPU: Mali-G710
[2025-06-26 13:49:47.888] [info] VulkanDispatcher instance created.
[2025-06-26 13:49:48.049] [info] Total memory used: 40550404 bytes (38.67188 MB)
[2025-06-26 13:49:48.054] [info] Total memory used: 40550404 bytes (38.67188 MB)
[2025-06-26 13:49:48.123] [info] Total memory used: 40550404 bytes (38.67188 MB)
[2025-06-26 13:49:48.129] [info] Total memory used: 40550404 bytes (38.67188 MB)
[2025-06-26 13:49:48.134] [info] Total memory used: 40550404 bytes (38.67188 MB)
[2025-06-26 13:49:48.203] [info] Total memory used: 40550404 bytes (38.67188 MB)
[2025-06-26 13:49:48.208] [info] Total memory used: 40550404 bytes (38.67188 MB)
[2025-06-26 13:49:48.213] [info] Total memory used: 40550404 bytes (38.67188 MB)
[2025-06-26 13:49:48.218] [info] Total memory used: 40550404 bytes (38.67188 MB)
[2025-06-26 13:49:48.223] [info] Total memory used: 40550404 bytes (38.67188 MB)
[2025-06-26 13:49:48.311] [info] Total memory used: 40550404 bytes (38.67188 MB)
[2025-06-26 13:49:48.316] [info] Total memory used: 40550404 bytes (38.67188 MB)
[2025-06-26 13:49:48.321] [info] Total memory used: 40550404 bytes (38.67188 MB)
[2025-06-26 13:49:48.326] [info] Total memory used: 40550404 bytes (38.67188 MB)
[2025-06-26 13:49:48.331] [info] Total memory used: 40550404 bytes (38.67188 MB)
[2025-06-26 13:49:48.336] [info] Total memory used: 40550404 bytes (38.67188 MB)
### Python Begin ###
Schedule_UID=SCH-M5L2-G157-f7a6
Frequency=24576000 Hz
Task=0 Chunk=0 Start=3680031374204 End=3680031773658 Duration=399454
Task=0 Chunk=1 Start=3680031773695 End=3680031936457 Duration=162762
Task=1 Chunk=0 Start=3680031773687 End=3680031973277 Duration=199590
Task=1 Chunk=1 Start=3680031973322 End=3680032124629 Duration=151307
Task=2 Chunk=0 Start=3680031973295 End=3680032172269 Duration=198974
Task=2 Chunk=1 Start=3680032172338 End=3680032320366 Duration=148028
Task=3 Chunk=0 Start=3680032172286 End=3680032369607 Duration=197321
Task=3 Chunk=1 Start=3680032369632 End=3680032521458 Duration=151826
Task=4 Chunk=0 Start=3680032369628 End=3680032569274 Duration=199646
Task=4 Chunk=1 Start=3680032569341 End=3680032718825 Duration=149484
Task=5 Chunk=0 Start=3680032569297 End=3680032767219 Duration=197922
Task=5 Chunk=1 Start=3680032767259 End=3680032917182 Duration=149923
Task=6 Chunk=0 Start=3680032767248 End=3680032966080 Duration=198832
Task=6 Chunk=1 Start=3680032966156 End=3680033124130 Duration=157974
Task=7 Chunk=0 Start=3680032966107 End=3680033164976 Duration=198869
Task=7 Chunk=1 Start=3680033165002 End=3680033311967 Duration=146965
Task=8 Chunk=0 Start=3680033164984 End=3680033362646 Duration=197662
Task=8 Chunk=1 Start=3680033362708 End=3680033514450 Duration=151742
Task=9 Chunk=0 Start=3680033362672 End=3680033561938 Duration=199266
Task=9 Chunk=1 Start=3680033561973 End=3680033711249 Duration=149276
Task=10 Chunk=0 Start=3680033561939 End=3680033760313 Duration=198374
Task=10 Chunk=1 Start=3680033760347 End=3680033915317 Duration=154970
Task=11 Chunk=0 Start=3680033760342 End=3680033958823 Duration=198481
Task=11 Chunk=1 Start=3680033958889 End=3680034107513 Duration=148624
Task=12 Chunk=0 Start=3680033958825 End=3680034157812 Duration=198987
Task=12 Chunk=1 Start=3680034157848 End=3680034306319 Duration=148471
Task=13 Chunk=0 Start=3680034157845 End=3680034356971 Duration=199126
Task=13 Chunk=1 Start=3680034357026 End=3680034505438 Duration=148412
Task=14 Chunk=0 Start=3680034356985 End=3680034555184 Duration=198199
Task=14 Chunk=1 Start=3680034555213 End=3680034710420 Duration=155207
Task=15 Chunk=0 Start=3680034555205 End=3680034754482 Duration=199277
Task=15 Chunk=1 Start=3680034754537 End=3680034906258 Duration=151721
Task=16 Chunk=0 Start=3680034754488 End=3680034953014 Duration=198526
Task=16 Chunk=1 Start=3680034953050 End=3680035101768 Duration=148718
Task=17 Chunk=0 Start=3680034953030 End=3680035151162 Duration=198132
Task=17 Chunk=1 Start=3680035151200 End=3680035299648 Duration=148448
Task=18 Chunk=0 Start=3680035151163 End=3680035350191 Duration=199028
Task=18 Chunk=1 Start=3680035350251 End=3680035499071 Duration=148820
Task=19 Chunk=0 Start=3680035350229 End=3680035548957 Duration=198728
Task=19 Chunk=1 Start=3680035549017 End=3680035697032 Duration=148015
Task=20 Chunk=0 Start=3680035548970 End=3680035746797 Duration=197827
Task=20 Chunk=1 Start=3680035746889 End=3680035901478 Duration=154589
Task=21 Chunk=0 Start=3680035746820 End=3680035945724 Duration=198904
Task=21 Chunk=1 Start=3680035945801 End=3680036093372 Duration=147571
Task=22 Chunk=0 Start=3680035945762 End=3680036145825 Duration=200063
Task=22 Chunk=1 Start=3680036145873 End=3680036291140 Duration=145267
Task=23 Chunk=0 Start=3680036145839 End=3680036344509 Duration=198670
Task=23 Chunk=1 Start=3680036344595 End=3680036490236 Duration=145641
Task=24 Chunk=0 Start=3680036344531 End=3680036543287 Duration=198756
Task=24 Chunk=1 Start=3680036543341 End=3680036689647 Duration=146306
Task=25 Chunk=0 Start=3680036543311 End=3680036742087 Duration=198776
Task=25 Chunk=1 Start=3680036742132 End=3680036895343 Duration=153211
Task=26 Chunk=0 Start=3680036742101 End=3680036940847 Duration=198746
Task=26 Chunk=1 Start=3680036940910 End=3680037087857 Duration=146947
Task=27 Chunk=0 Start=3680036940883 End=3680037139150 Duration=198267
Task=27 Chunk=1 Start=3680037139180 End=3680037290446 Duration=151266
Task=28 Chunk=0 Start=3680037139171 End=3680037337685 Duration=198514
Task=28 Chunk=1 Start=3680037337745 End=3680037483932 Duration=146187
Task=29 Chunk=0 Start=3680037337718 End=3680037536663 Duration=198945
Task=29 Chunk=1 Start=3680037536720 End=3680037688452 Duration=151732
Task=30 Chunk=0 Start=3680037536681 End=3680037734712 Duration=198031
Task=30 Chunk=1 Start=3680037734783 End=3680037885548 Duration=150765
Task=31 Chunk=0 Start=3680037734739 End=3680037934061 Duration=199322
Task=31 Chunk=1 Start=3680037934113 End=3680038080789 Duration=146676
Task=32 Chunk=0 Start=3680037934072 End=3680038133447 Duration=199375
Task=32 Chunk=1 Start=3680038133497 End=3680038280374 Duration=146877
Task=33 Chunk=0 Start=3680038133476 End=3680038331562 Duration=198086
Task=33 Chunk=1 Start=3680038331607 End=3680038478545 Duration=146938
Task=34 Chunk=0 Start=3680038331582 End=3680038530597 Duration=199015
Task=34 Chunk=1 Start=3680038530676 End=3680038678372 Duration=147696
Task=35 Chunk=0 Start=3680038530635 End=3680038729520 Duration=198885
Task=35 Chunk=1 Start=3680038729602 End=3680038876845 Duration=147243
Task=36 Chunk=0 Start=3680038729539 End=3680038927798 Duration=198259
Task=36 Chunk=1 Start=3680038927839 End=3680039078572 Duration=150733
Task=37 Chunk=0 Start=3680038927833 End=3680039126415 Duration=198582
Task=37 Chunk=1 Start=3680039126463 End=3680039272720 Duration=146257
Task=38 Chunk=0 Start=3680039126421 End=3680039325356 Duration=198935
Task=38 Chunk=1 Start=3680039325421 End=3680039471570 Duration=146149
Task=39 Chunk=0 Start=3680039325388 End=3680039525948 Duration=200560
Task=39 Chunk=1 Start=3680039525977 End=3680039671957 Duration=145980
Task=40 Chunk=0 Start=3680039525951 End=3680039724631 Duration=198680
Task=40 Chunk=1 Start=3680039724720 End=3680039874373 Duration=149653
Task=41 Chunk=0 Start=3680039724649 End=3680039923235 Duration=198586
Task=41 Chunk=1 Start=3680039923290 End=3680040070525 Duration=147235
Task=42 Chunk=0 Start=3680039923235 End=3680040121464 Duration=198229
Task=42 Chunk=1 Start=3680040121512 End=3680040268148 Duration=146636
Task=43 Chunk=0 Start=3680040121476 End=3680040320912 Duration=199436
Task=43 Chunk=1 Start=3680040320960 End=3680040466795 Duration=145835
Task=44 Chunk=0 Start=3680040320928 End=3680040519740 Duration=198812
Task=44 Chunk=1 Start=3680040519802 End=3680040671410 Duration=151608
Task=45 Chunk=0 Start=3680040519741 End=3680040718180 Duration=198439
Task=45 Chunk=1 Start=3680040718232 End=3680040870757 Duration=152525
Task=46 Chunk=0 Start=3680040718193 End=3680040917459 Duration=199266
Task=46 Chunk=1 Start=3680040917522 End=3680041070303 Duration=152781
Task=47 Chunk=0 Start=3680040917465 End=3680041116786 Duration=199321
Task=47 Chunk=1 Start=3680041116823 End=3680041266420 Duration=149597
Task=48 Chunk=0 Start=3680041116815 End=3680041314569 Duration=197754
Task=48 Chunk=1 Start=3680041314628 End=3680041467899 Duration=153271
Task=49 Chunk=0 Start=3680041314570 End=3680041513199 Duration=198629
Task=49 Chunk=1 Start=3680041513232 End=3680041664812 Duration=151580
Task=50 Chunk=0 Start=3680041513223 End=3680041712380 Duration=199157
Task=50 Chunk=1 Start=3680041712447 End=3680041865331 Duration=152884
Task=51 Chunk=0 Start=3680041712394 End=3680041910844 Duration=198450
Task=51 Chunk=1 Start=3680041910906 End=3680042058879 Duration=147973
Task=52 Chunk=0 Start=3680041910875 End=3680042110051 Duration=199176
Task=52 Chunk=1 Start=3680042110093 End=3680042262801 Duration=152708
Task=53 Chunk=0 Start=3680042110067 End=3680042309269 Duration=199202
Task=53 Chunk=1 Start=3680042309353 End=3680042456932 Duration=147579
Task=54 Chunk=0 Start=3680042309309 End=3680042507959 Duration=198650
Task=54 Chunk=1 Start=3680042508029 End=3680042654865 Duration=146836
Task=55 Chunk=0 Start=3680042507968 End=3680042706613 Duration=198645
Task=55 Chunk=1 Start=3680042706652 End=3680042859906 Duration=153254
Task=56 Chunk=0 Start=3680042706649 End=3680042905521 Duration=198872
Task=56 Chunk=1 Start=3680042905586 End=3680043054601 Duration=149015
Task=57 Chunk=0 Start=3680042905526 End=3680043104044 Duration=198518
Task=57 Chunk=1 Start=3680043104093 End=3680043252461 Duration=148368
Task=58 Chunk=0 Start=3680043104061 End=3680043302986 Duration=198925
Task=58 Chunk=1 Start=3680043303034 End=3680043452594 Duration=149560
Task=59 Chunk=0 Start=3680043302996 End=3680043501957 Duration=198961
Task=59 Chunk=1 Start=3680043501997 End=3680043657136 Duration=155139
Task=60 Chunk=0 Start=3680043501986 End=3680043700559 Duration=198573
Task=60 Chunk=1 Start=3680043700626 End=3680043854342 Duration=153716
Task=61 Chunk=0 Start=3680043700564 End=3680043899972 Duration=199408
Task=61 Chunk=1 Start=3680043899991 End=3680044048281 Duration=148290
Task=62 Chunk=0 Start=3680043899984 End=3680044099392 Duration=199408
Task=62 Chunk=1 Start=3680044099432 End=3680044248265 Duration=148833
Task=63 Chunk=0 Start=3680044099397 End=3680044297467 Duration=198070
Task=63 Chunk=1 Start=3680044297511 End=3680044447580 Duration=150069
Task=64 Chunk=0 Start=3680044297494 End=3680044496688 Duration=199194
Task=64 Chunk=1 Start=3680044496768 End=3680044645228 Duration=148460
Task=65 Chunk=0 Start=3680044496725 End=3680044695897 Duration=199172
Task=65 Chunk=1 Start=3680044695956 End=3680044845493 Duration=149537
Task=66 Chunk=0 Start=3680044695903 End=3680044895670 Duration=199767
Task=66 Chunk=1 Start=3680044895731 End=3680045043199 Duration=147468
Task=67 Chunk=0 Start=3680044895704 End=3680045094115 Duration=198411
Task=67 Chunk=1 Start=3680045094171 End=3680045241993 Duration=147822
Task=68 Chunk=0 Start=3680045094123 End=3680045293242 Duration=199119
Task=68 Chunk=1 Start=3680045293321 End=3680045440345 Duration=147024
Task=69 Chunk=0 Start=3680045293280 End=3680045492222 Duration=198942
Task=69 Chunk=1 Start=3680045492280 End=3680045637461 Duration=145181
Task=70 Chunk=0 Start=3680045492252 End=3680045690169 Duration=197917
Task=70 Chunk=1 Start=3680045690245 End=3680045872071 Duration=181826
Task=71 Chunk=0 Start=3680045690170 End=3680045888816 Duration=198646
Task=71 Chunk=1 Start=3680045888863 End=3680046036591 Duration=147728
Task=72 Chunk=0 Start=3680045888844 End=3680046088123 Duration=199279
Task=72 Chunk=1 Start=3680046088180 End=3680046235798 Duration=147618
Task=73 Chunk=0 Start=3680046088124 End=3680046286823 Duration=198699
Task=73 Chunk=1 Start=3680046286861 End=3680046432984 Duration=146123
Task=74 Chunk=0 Start=3680046286857 End=3680046485464 Duration=198607
Task=74 Chunk=1 Start=3680046485509 End=3680046639054 Duration=153545
Task=75 Chunk=0 Start=3680046485492 End=3680046684081 Duration=198589
Task=75 Chunk=1 Start=3680046684122 End=3680046835126 Duration=151004
Task=76 Chunk=0 Start=3680046684113 End=3680046882729 Duration=198616
Task=76 Chunk=1 Start=3680046882762 End=3680047029665 Duration=146903
Task=77 Chunk=0 Start=3680046882736 End=3680047082027 Duration=199291
Task=77 Chunk=1 Start=3680047082100 End=3680047230550 Duration=148450
Task=78 Chunk=0 Start=3680047082061 End=3680047280867 Duration=198806
Task=78 Chunk=1 Start=3680047280923 End=3680047427685 Duration=146762
Task=79 Chunk=0 Start=3680047280872 End=3680047479541 Duration=198669
Task=79 Chunk=1 Start=3680047479608 End=3680047626800 Duration=147192
Task=80 Chunk=0 Start=3680047479573 End=3680047678497 Duration=198924
Task=80 Chunk=1 Start=3680047678556 End=3680047831655 Duration=153099
Task=81 Chunk=0 Start=3680047678516 End=3680047877613 Duration=199097
Task=81 Chunk=1 Start=3680047877650 End=3680048035948 Duration=158298
Task=82 Chunk=0 Start=3680047877636 End=3680048076353 Duration=198717
Task=82 Chunk=1 Start=3680048076406 End=3680048221661 Duration=145255
Task=83 Chunk=0 Start=3680048076371 End=3680048275184 Duration=198813
Task=83 Chunk=1 Start=3680048275227 End=3680048424214 Duration=148987
Task=84 Chunk=0 Start=3680048275210 End=3680048473665 Duration=198455
Task=84 Chunk=1 Start=3680048473715 End=3680048619661 Duration=145946
Task=85 Chunk=0 Start=3680048473670 End=3680048671894 Duration=198224
Task=85 Chunk=1 Start=3680048671955 End=3680048830244 Duration=158289
Task=86 Chunk=0 Start=3680048671923 End=3680048870818 Duration=198895
Task=86 Chunk=1 Start=3680048870880 End=3680049018017 Duration=147137
Task=87 Chunk=0 Start=3680048870830 End=3680049069841 Duration=199011
Task=87 Chunk=1 Start=3680049069871 End=3680049217056 Duration=147185
Task=88 Chunk=0 Start=3680049069861 End=3680049268259 Duration=198398
Task=88 Chunk=1 Start=3680049268318 End=3680049414283 Duration=145965
Task=89 Chunk=0 Start=3680049268264 End=3680049467081 Duration=198817
Task=89 Chunk=1 Start=3680049467123 End=3680049618648 Duration=151525
Task=90 Chunk=0 Start=3680049467107 End=3680049666165 Duration=199058
Task=90 Chunk=1 Start=3680049666210 End=3680049820458 Duration=154248
Task=91 Chunk=0 Start=3680049666170 End=3680049864632 Duration=198462
Task=91 Chunk=1 Start=3680049864672 End=3680050012487 Duration=147815
Task=92 Chunk=0 Start=3680049864666 End=3680050062730 Duration=198064
Task=92 Chunk=1 Start=3680050062779 End=3680050211186 Duration=148407
Task=93 Chunk=0 Start=3680050062736 End=3680050261846 Duration=199110
Task=93 Chunk=1 Start=3680050261906 End=3680050410749 Duration=148843
Task=94 Chunk=0 Start=3680050261875 End=3680050459781 Duration=197906
Task=94 Chunk=1 Start=3680050459852 End=3680050607371 Duration=147519
Task=95 Chunk=0 Start=3680050459791 End=3680050659001 Duration=199210
Task=95 Chunk=1 Start=3680050659045 End=3680050808606 Duration=149561
Task=96 Chunk=0 Start=3680050659025 End=3680050858680 Duration=199655
Task=96 Chunk=1 Start=3680050858740 End=3680051008525 Duration=149785
Task=97 Chunk=0 Start=3680050858710 End=3680051056857 Duration=198147
Task=97 Chunk=1 Start=3680051056910 End=3680051204220 Duration=147310
Task=98 Chunk=0 Start=3680051056889 End=3680051255492 Duration=198603
Task=98 Chunk=1 Start=3680051255568 End=3680051404839 Duration=149271
Task=99 Chunk=0 Start=3680051255494 End=3680051454908 Duration=199414
Task=99 Chunk=1 Start=3680051454953 End=3680051601170 Duration=146217
### Python End ###

--------------------------------
[2025-06-26 13:49:49.190] [info] Available Vulkan Layers:
[2025-06-26 13:49:49.190] [warning] Validation layer requested but not available, continuing without it...
[2025-06-26 13:49:49.194] [info] Using integrated GPU: Mali-G710
[2025-06-26 13:49:49.196] [info] VulkanDispatcher instance created.
[2025-06-26 13:49:49.402] [info] Total memory used: 40550404 bytes (38.67188 MB)
[2025-06-26 13:49:49.407] [info] Total memory used: 40550404 bytes (38.67188 MB)
[2025-06-26 13:49:49.498] [info] Total memory used: 40550404 bytes (38.67188 MB)
[2025-06-26 13:49:49.505] [info] Total memory used: 40550404 bytes (38.67188 MB)
[2025-06-26 13:49:49.512] [info] Total memory used: 40550404 bytes (38.67188 MB)
[2025-06-26 13:49:49.581] [info] Total memory used: 40550404 bytes (38.67188 MB)
[2025-06-26 13:49:49.586] [info] Total memory used: 40550404 bytes (38.67188 MB)
[2025-06-26 13:49:49.591] [info] Total memory used: 40550404 bytes (38.67188 MB)
[2025-06-26 13:49:49.596] [info] Total memory used: 40550404 bytes (38.67188 MB)
[2025-06-26 13:49:49.601] [info] Total memory used: 40550404 bytes (38.67188 MB)
[2025-06-26 13:49:49.688] [info] Total memory used: 40550404 bytes (38.67188 MB)
[2025-06-26 13:49:49.693] [info] Total memory used: 40550404 bytes (38.67188 MB)
[2025-06-26 13:49:49.698] [info] Total memory used: 40550404 bytes (38.67188 MB)
[2025-06-26 13:49:49.702] [info] Total memory used: 40550404 bytes (38.67188 MB)
[2025-06-26 13:49:49.707] [info] Total memory used: 40550404 bytes (38.67188 MB)
[2025-06-26 13:49:49.712] [info] Total memory used: 40550404 bytes (38.67188 MB)
### Python Begin ###
Schedule_UID=SCH-M2L1G1B3-G169-4f29
Frequency=24576000 Hz
Task=0 Chunk=0 Start=3680065182698 End=3680065212589 Duration=29891
Task=0 Chunk=1 Start=3680065212638 End=3680065220687 Duration=8049
Task=0 Chunk=2 Start=3680065220700 End=3680065220712 Duration=12
Task=0 Chunk=3 Start=3680065248270 End=3680065476323 Duration=228053
Task=1 Chunk=0 Start=3680065212615 End=3680065236013 Duration=23398
Task=1 Chunk=1 Start=3680065236049 End=3680065236417 Duration=368
Task=1 Chunk=2 Start=3680065236429 End=3680065236430 Duration=1
Task=1 Chunk=3 Start=3680065476326 End=3680065619312 Duration=142986
Task=2 Chunk=0 Start=3680065236014 End=3680065259992 Duration=23978
Task=2 Chunk=1 Start=3680065260003 End=3680065260344 Duration=341
Task=2 Chunk=2 Start=3680065260360 End=3680065260361 Duration=1
Task=2 Chunk=3 Start=3680065619313 End=3680065761809 Duration=142496
Task=3 Chunk=0 Start=3680065259992 End=3680065282671 Duration=22679
Task=3 Chunk=1 Start=3680065282686 End=3680065282923 Duration=237
Task=3 Chunk=2 Start=3680065282936 End=3680065282937 Duration=1
Task=3 Chunk=3 Start=3680065761813 End=3680065901503 Duration=139690
Task=4 Chunk=0 Start=3680065282671 End=3680065305081 Duration=22410
Task=4 Chunk=1 Start=3680065305091 End=3680065305315 Duration=224
Task=4 Chunk=2 Start=3680065305322 End=3680065305323 Duration=1
Task=4 Chunk=3 Start=3680065901504 End=3680066042070 Duration=140566
Task=5 Chunk=0 Start=3680065305082 End=3680065327551 Duration=22469
Task=5 Chunk=1 Start=3680065327567 End=3680065327783 Duration=216
Task=5 Chunk=2 Start=3680065327797 End=3680065327798 Duration=1
Task=5 Chunk=3 Start=3680066042082 End=3680066115449 Duration=73367
Task=6 Chunk=0 Start=3680065327555 End=3680065351327 Duration=23772
Task=6 Chunk=1 Start=3680065351342 End=3680065351728 Duration=386
Task=6 Chunk=2 Start=3680065351734 End=3680065351735 Duration=1
Task=6 Chunk=3 Start=3680066115450 End=3680066188677 Duration=73227
Task=7 Chunk=0 Start=3680065351328 End=3680065373657 Duration=22329
Task=7 Chunk=1 Start=3680065373679 End=3680065373933 Duration=254
Task=7 Chunk=2 Start=3680065373942 End=3680065373943 Duration=1
Task=7 Chunk=3 Start=3680066188677 End=3680066261388 Duration=72711
Task=8 Chunk=0 Start=3680065373658 End=3680065395980 Duration=22322
Task=8 Chunk=1 Start=3680065396011 End=3680065396244 Duration=233
Task=8 Chunk=2 Start=3680065396250 End=3680065396251 Duration=1
Task=8 Chunk=3 Start=3680066261389 End=3680066332960 Duration=71571
Task=9 Chunk=0 Start=3680065395980 End=3680065418525 Duration=22545
Task=9 Chunk=1 Start=3680065418539 End=3680065418758 Duration=219
Task=9 Chunk=2 Start=3680065418772 End=3680065418773 Duration=1
Task=9 Chunk=3 Start=3680066332965 End=3680066403223 Duration=70258
Task=10 Chunk=0 Start=3680065418526 End=3680065441875 Duration=23349
Task=10 Chunk=1 Start=3680065447302 End=3680065447659 Duration=357
Task=10 Chunk=2 Start=3680065447666 End=3680065447667 Duration=1
Task=10 Chunk=3 Start=3680066403226 End=3680066474697 Duration=71471
Task=11 Chunk=0 Start=3680065441880 End=3680065465112 Duration=23232
Task=11 Chunk=1 Start=3680065465127 End=3680065465385 Duration=258
Task=11 Chunk=2 Start=3680065465392 End=3680065465393 Duration=1
Task=11 Chunk=3 Start=3680066474701 End=3680066545078 Duration=70377
Task=12 Chunk=0 Start=3680065465117 End=3680065487588 Duration=22471
Task=12 Chunk=1 Start=3680065487644 End=3680065487878 Duration=234
Task=12 Chunk=2 Start=3680065487890 End=3680065487891 Duration=1
Task=12 Chunk=3 Start=3680066545079 End=3680066614664 Duration=69585
Task=13 Chunk=0 Start=3680065487590 End=3680065510075 Duration=22485
Task=13 Chunk=1 Start=3680065510088 End=3680065510307 Duration=219
Task=13 Chunk=2 Start=3680065510319 End=3680065510320 Duration=1
Task=13 Chunk=3 Start=3680066614671 End=3680066684532 Duration=69861
Task=14 Chunk=0 Start=3680065510075 End=3680065532535 Duration=22460
Task=14 Chunk=1 Start=3680065532559 End=3680065532768 Duration=209
Task=14 Chunk=2 Start=3680065532783 End=3680065532784 Duration=1
Task=14 Chunk=3 Start=3680066684532 End=3680066754693 Duration=70161
Task=15 Chunk=0 Start=3680065532535 End=3680065556167 Duration=23632
Task=15 Chunk=1 Start=3680065557141 End=3680065557804 Duration=663
Task=15 Chunk=2 Start=3680065734548 End=3680065734584 Duration=36
Task=15 Chunk=3 Start=3680066754694 End=3680066824876 Duration=70182
Task=16 Chunk=0 Start=3680065619335 End=3680065643863 Duration=24528
Task=16 Chunk=1 Start=3680065643886 End=3680065644480 Duration=594
Task=16 Chunk=3 Start=3680066824881 End=3680066894745 Duration=69864
Task=17 Chunk=0 Start=3680065761829 End=3680065784983 Duration=23154
Task=17 Chunk=1 Start=3680065785862 End=3680065786353 Duration=491
Task=17 Chunk=2 Start=3680065786452 End=3680065786465 Duration=13
Task=17 Chunk=3 Start=3680066894748 End=3680066965334 Duration=70586
Task=18 Chunk=0 Start=3680065901518 End=3680065924312 Duration=22794
Task=18 Chunk=1 Start=3680065924329 End=3680065924652 Duration=323
Task=18 Chunk=2 Start=3680065924697 End=3680065924703 Duration=6
Task=18 Chunk=3 Start=3680066965335 End=3680067035729 Duration=70394
Task=19 Chunk=0 Start=3680066042085 End=3680066065139 Duration=23054
Task=19 Chunk=1 Start=3680066065159 End=3680066065907 Duration=748
Task=19 Chunk=2 Start=3680066066048 End=3680066066064 Duration=16
Task=19 Chunk=3 Start=3680067035730 End=3680067104644 Duration=68914
Task=20 Chunk=0 Start=3680066115466 End=3680066139638 Duration=24172
Task=20 Chunk=1 Start=3680066139690 End=3680066140263 Duration=573
Task=20 Chunk=2 Start=3680066140426 End=3680066140438 Duration=12
Task=20 Chunk=3 Start=3680067104648 End=3680067174738 Duration=70090
Task=21 Chunk=0 Start=3680066188684 End=3680066211707 Duration=23023
Task=21 Chunk=1 Start=3680066211733 End=3680066212061 Duration=328
Task=21 Chunk=2 Start=3680066212205 End=3680066212211 Duration=6
Task=21 Chunk=3 Start=3680067174745 End=3680067244381 Duration=69636
Task=22 Chunk=0 Start=3680066261409 End=3680066284309 Duration=22900
Task=22 Chunk=1 Start=3680066284344 End=3680066284823 Duration=479
Task=22 Chunk=2 Start=3680066284959 End=3680066284961 Duration=2
Task=22 Chunk=3 Start=3680067244382 End=3680067314904 Duration=70522
Task=23 Chunk=0 Start=3680066332972 End=3680066356121 Duration=23149
Task=23 Chunk=1 Start=3680066356142 End=3680066356477 Duration=335
Task=23 Chunk=2 Start=3680066356530 End=3680066356532 Duration=2
Task=23 Chunk=3 Start=3680067314905 End=3680067383675 Duration=68770
Task=24 Chunk=0 Start=3680066403236 End=3680066428331 Duration=25095
Task=24 Chunk=1 Start=3680066428362 End=3680066428849 Duration=487
Task=24 Chunk=2 Start=3680066428865 End=3680066428880 Duration=15
Task=24 Chunk=3 Start=3680067383679 End=3680067454264 Duration=70585
Task=25 Chunk=0 Start=3680066474735 End=3680066504704 Duration=29969
Task=25 Chunk=1 Start=3680066504736 End=3680066504992 Duration=256
Task=25 Chunk=2 Start=3680066505000 End=3680066505001 Duration=1
Task=25 Chunk=3 Start=3680067454269 End=3680067523826 Duration=69557
Task=26 Chunk=0 Start=3680066545150 End=3680066575306 Duration=30156
Task=26 Chunk=1 Start=3680066575322 End=3680066575708 Duration=386
Task=26 Chunk=2 Start=3680066575715 End=3680066575716 Duration=1
Task=26 Chunk=3 Start=3680067523827 End=3680067592552 Duration=68725
Task=27 Chunk=0 Start=3680066614741 End=3680066652071 Duration=37330
Task=27 Chunk=1 Start=3680066652089 End=3680066652432 Duration=343
Task=27 Chunk=2 Start=3680066652438 End=3680066652439 Duration=1
Task=27 Chunk=3 Start=3680067592560 End=3680067662145 Duration=69585
Task=28 Chunk=0 Start=3680066684549 End=3680066729985 Duration=45436
Task=28 Chunk=1 Start=3680066730032 End=3680066730325 Duration=293
Task=28 Chunk=3 Start=3680067662146 End=3680067731492 Duration=69346
Task=29 Chunk=0 Start=3680066754788 End=3680066799169 Duration=44381
Task=29 Chunk=1 Start=3680066799210 End=3680066799446 Duration=236
Task=29 Chunk=3 Start=3680067731493 End=3680067800479 Duration=68986
Task=30 Chunk=0 Start=3680066824978 End=3680066869919 Duration=44941
Task=30 Chunk=1 Start=3680066869960 End=3680066870279 Duration=319
Task=30 Chunk=3 Start=3680067800483 End=3680067868865 Duration=68382
Task=31 Chunk=0 Start=3680066894774 End=3680066940284 Duration=45510
Task=31 Chunk=1 Start=3680066940320 End=3680066940639 Duration=319
Task=31 Chunk=2 Start=3680066940654 End=3680066940655 Duration=1
Task=31 Chunk=3 Start=3680067868868 End=3680067939272 Duration=70404
Task=32 Chunk=0 Start=3680066965350 End=3680067010201 Duration=44851
Task=32 Chunk=1 Start=3680067010224 End=3680067010461 Duration=237
Task=32 Chunk=2 Start=3680067010471 End=3680067010472 Duration=1
Task=32 Chunk=3 Start=3680067939278 End=3680068011024 Duration=71746
Task=33 Chunk=0 Start=3680067035816 End=3680067080524 Duration=44708
Task=33 Chunk=1 Start=3680067080559 End=3680067081002 Duration=443
Task=33 Chunk=2 Start=3680067081008 End=3680067081009 Duration=1
Task=33 Chunk=3 Start=3680068011025 End=3680068080402 Duration=69377
Task=34 Chunk=0 Start=3680067104696 End=3680067150304 Duration=45608
Task=34 Chunk=1 Start=3680067150344 End=3680067150685 Duration=341
Task=34 Chunk=2 Start=3680067150701 End=3680067150702 Duration=1
Task=34 Chunk=3 Start=3680068080404 End=3680068151034 Duration=70630
Task=35 Chunk=0 Start=3680067174808 End=3680067220322 Duration=45514
Task=35 Chunk=1 Start=3680067220353 End=3680067220674 Duration=321
Task=35 Chunk=2 Start=3680067220685 End=3680067220686 Duration=1
Task=35 Chunk=3 Start=3680068151035 End=3680068227797 Duration=76762
Task=36 Chunk=0 Start=3680067244415 End=3680067289702 Duration=45287
Task=36 Chunk=1 Start=3680067289754 End=3680067290605 Duration=851
Task=36 Chunk=2 Start=3680067290611 End=3680067290612 Duration=1
Task=36 Chunk=3 Start=3680068227798 End=3680068299145 Duration=71347
Task=37 Chunk=0 Start=3680067315002 End=3680067359778 Duration=44776
Task=37 Chunk=1 Start=3680067359792 End=3680067360132 Duration=340
Task=37 Chunk=2 Start=3680067360145 End=3680067360146 Duration=1
Task=37 Chunk=3 Start=3680068299146 End=3680068368162 Duration=69016
Task=38 Chunk=0 Start=3680067383713 End=3680067430182 Duration=46469
Task=38 Chunk=1 Start=3680067430217 End=3680067430519 Duration=302
Task=38 Chunk=2 Start=3680067430527 End=3680067430528 Duration=1
Task=38 Chunk=3 Start=3680068368171 End=3680068438657 Duration=70486
Task=39 Chunk=0 Start=3680067454295 End=3680067499031 Duration=44736
Task=39 Chunk=1 Start=3680067499057 End=3680067499292 Duration=235
Task=39 Chunk=2 Start=3680067499308 End=3680067499309 Duration=1
Task=39 Chunk=3 Start=3680068438660 End=3680068509488 Duration=70828
Task=40 Chunk=0 Start=3680067523909 End=3680067568455 Duration=44546
Task=40 Chunk=1 Start=3680067568499 End=3680067569068 Duration=569
Task=40 Chunk=2 Start=3680067569083 End=3680067569084 Duration=1
Task=40 Chunk=3 Start=3680068509490 End=3680068578895 Duration=69405
Task=41 Chunk=0 Start=3680067592598 End=3680067638510 Duration=45912
Task=41 Chunk=1 Start=3680067638564 End=3680067638862 Duration=298
Task=41 Chunk=2 Start=3680067638873 End=3680067638874 Duration=1
Task=41 Chunk=3 Start=3680068578896 End=3680068649929 Duration=71033
Task=42 Chunk=0 Start=3680067662214 End=3680067707690 Duration=45476
Task=42 Chunk=1 Start=3680067707702 End=3680067708054 Duration=352
Task=42 Chunk=2 Start=3680067708069 End=3680067708070 Duration=1
Task=42 Chunk=3 Start=3680068649930 End=3680068720399 Duration=70469
Task=43 Chunk=0 Start=3680067731575 End=3680067775766 Duration=44191
Task=43 Chunk=1 Start=3680067775786 End=3680067776107 Duration=321
Task=43 Chunk=2 Start=3680067776113 End=3680067776114 Duration=1
Task=43 Chunk=3 Start=3680068720400 End=3680068790937 Duration=70537
Task=44 Chunk=0 Start=3680067800541 End=3680067844794 Duration=44253
Task=44 Chunk=1 Start=3680067844832 End=3680067845159 Duration=327
Task=44 Chunk=2 Start=3680067845168 End=3680067845169 Duration=1
Task=44 Chunk=3 Start=3680068790938 End=3680068859288 Duration=68350
Task=45 Chunk=0 Start=3680067868878 End=3680067900011 Duration=31133
Task=45 Chunk=1 Start=3680067900048 End=3680067900366 Duration=318
Task=45 Chunk=2 Start=3680067900462 End=3680067900463 Duration=1
Task=45 Chunk=3 Start=3680068859291 End=3680068929100 Duration=69809
Task=46 Chunk=0 Start=3680067939284 End=3680067962532 Duration=23248
Task=46 Chunk=1 Start=3680067962566 End=3680067962817 Duration=251
Task=46 Chunk=2 Start=3680067962828 End=3680067962848 Duration=20
Task=46 Chunk=3 Start=3680068929101 End=3680068999104 Duration=70003
Task=47 Chunk=0 Start=3680068011042 End=3680068034362 Duration=23320
Task=47 Chunk=1 Start=3680068034382 End=3680068034667 Duration=285
Task=47 Chunk=2 Start=3680068034749 End=3680068034750 Duration=1
Task=47 Chunk=3 Start=3680068999105 End=3680069067920 Duration=68815
Task=48 Chunk=0 Start=3680068080420 End=3680068104895 Duration=24475
Task=48 Chunk=1 Start=3680068104939 End=3680068105250 Duration=311
Task=48 Chunk=2 Start=3680068105329 End=3680068105334 Duration=5
Task=48 Chunk=3 Start=3680069067925 End=3680069137513 Duration=69588
Task=49 Chunk=0 Start=3680068151059 End=3680068173761 Duration=22702
Task=49 Chunk=1 Start=3680068173804 End=3680068174054 Duration=250
Task=49 Chunk=2 Start=3680068174062 End=3680068174063 Duration=1
Task=49 Chunk=3 Start=3680069137514 End=3680069206797 Duration=69283
Task=50 Chunk=0 Start=3680068227809 End=3680068250782 Duration=22973
Task=50 Chunk=1 Start=3680068250792 End=3680068251091 Duration=299
Task=50 Chunk=2 Start=3680068291187 End=3680068291217 Duration=30
Task=50 Chunk=3 Start=3680069206804 End=3680069276215 Duration=69411
Task=51 Chunk=0 Start=3680068299161 End=3680068322322 Duration=23161
Task=51 Chunk=1 Start=3680068322339 End=3680068322621 Duration=282
Task=51 Chunk=2 Start=3680068322704 End=3680068322715 Duration=11
Task=51 Chunk=3 Start=3680069276216 End=3680069345791 Duration=69575
Task=52 Chunk=0 Start=3680068368264 End=3680068414080 Duration=45816
Task=52 Chunk=1 Start=3680068414142 End=3680068414459 Duration=317
Task=52 Chunk=2 Start=3680068414534 End=3680068414536 Duration=2
Task=52 Chunk=3 Start=3680069345792 End=3680069416115 Duration=70323
Task=53 Chunk=0 Start=3680068438666 End=3680068461711 Duration=23045
Task=53 Chunk=1 Start=3680068461734 End=3680068688926 Duration=227192
Task=53 Chunk=2 Start=3680068689005 End=3680068689033 Duration=28
Task=53 Chunk=3 Start=3680069416116 End=3680069487203 Duration=71087
Task=54 Chunk=0 Start=3680068509513 End=3680068532652 Duration=23139
Task=54 Chunk=1 Start=3680068688946 End=3680068689688 Duration=742
Task=54 Chunk=2 Start=3680068689699 End=3680068689700 Duration=1
Task=54 Chunk=3 Start=3680069487204 End=3680069556679 Duration=69475
Task=55 Chunk=0 Start=3680068578966 End=3680068603371 Duration=24405
Task=55 Chunk=1 Start=3680068689692 End=3680068690263 Duration=571
Task=55 Chunk=3 Start=3680069556680 End=3680069663634 Duration=106954
Task=56 Chunk=0 Start=3680068650008 End=3680068672984 Duration=22976
Task=56 Chunk=1 Start=3680068690268 End=3680068690814 Duration=546
Task=56 Chunk=2 Start=3680068690872 End=3680068690873 Duration=1
Task=56 Chunk=3 Start=3680069663635 End=3680069733925 Duration=70290
Task=57 Chunk=0 Start=3680068720489 End=3680068743653 Duration=23164
Task=57 Chunk=1 Start=3680068743675 End=3680068744277 Duration=602
Task=57 Chunk=2 Start=3680068744530 End=3680068744538 Duration=8
Task=57 Chunk=3 Start=3680069733926 End=3680069804844 Duration=70918
Task=58 Chunk=0 Start=3680068790998 End=3680068835863 Duration=44865
Task=58 Chunk=1 Start=3680068835907 End=3680068836495 Duration=588
Task=58 Chunk=2 Start=3680068836512 End=3680068836513 Duration=1
Task=58 Chunk=3 Start=3680069804845 End=3680069875798 Duration=70953
Task=59 Chunk=0 Start=3680068859377 End=3680068905458 Duration=46081
Task=59 Chunk=1 Start=3680068905503 End=3680068906159 Duration=656
Task=59 Chunk=2 Start=3680068906167 End=3680068906168 Duration=1
Task=59 Chunk=3 Start=3680069875799 End=3680069944552 Duration=68753
Task=60 Chunk=0 Start=3680068929158 End=3680068974048 Duration=44890
Task=60 Chunk=1 Start=3680068974091 End=3680068974732 Duration=641
Task=60 Chunk=2 Start=3680068974750 End=3680068974751 Duration=1
Task=60 Chunk=3 Start=3680069944555 End=3680070014379 Duration=69824
Task=61 Chunk=0 Start=3680068999155 End=3680069044484 Duration=45329
Task=61 Chunk=1 Start=3680069044538 End=3680069045221 Duration=683
Task=61 Chunk=2 Start=3680069045227 End=3680069045228 Duration=1
Task=61 Chunk=3 Start=3680070014380 End=3680070084779 Duration=70399
Task=62 Chunk=0 Start=3680069067940 End=3680069114144 Duration=46204
Task=62 Chunk=1 Start=3680069114185 End=3680069114959 Duration=774
Task=62 Chunk=2 Start=3680069114969 End=3680069114970 Duration=1
Task=62 Chunk=3 Start=3680070084784 End=3680070153596 Duration=68812
Task=63 Chunk=0 Start=3680069137591 End=3680069183623 Duration=46032
Task=63 Chunk=1 Start=3680069183663 End=3680069184341 Duration=678
Task=63 Chunk=2 Start=3680069184348 End=3680069184349 Duration=1
Task=63 Chunk=3 Start=3680070153601 End=3680070222639 Duration=69038
Task=64 Chunk=0 Start=3680069206816 End=3680069251549 Duration=44733
Task=64 Chunk=1 Start=3680069251579 End=3680069252059 Duration=480
Task=64 Chunk=2 Start=3680069252073 End=3680069252074 Duration=1
Task=64 Chunk=3 Start=3680070222640 End=3680070292006 Duration=69366
Task=65 Chunk=0 Start=3680069276274 End=3680069299629 Duration=23355
Task=65 Chunk=1 Start=3680069299669 End=3680069300255 Duration=586
Task=65 Chunk=2 Start=3680069300275 End=3680069300289 Duration=14
Task=65 Chunk=3 Start=3680070292007 End=3680070362351 Duration=70344
Task=66 Chunk=0 Start=3680069345880 End=3680069369092 Duration=23212
Task=66 Chunk=1 Start=3680069369099 End=3680069369489 Duration=390
Task=66 Chunk=2 Start=3680069369510 End=3680069369516 Duration=6
Task=66 Chunk=3 Start=3680070362352 End=3680070431191 Duration=68839
Task=67 Chunk=0 Start=3680069416178 End=3680069439092 Duration=22914
Task=67 Chunk=1 Start=3680069439143 End=3680069439437 Duration=294
Task=67 Chunk=2 Start=3680069439460 End=3680069439466 Duration=6
Task=67 Chunk=3 Start=3680070431203 End=3680070501497 Duration=70294
Task=68 Chunk=0 Start=3680069487217 End=3680069510112 Duration=22895
Task=68 Chunk=1 Start=3680069510161 End=3680069510444 Duration=283
Task=68 Chunk=2 Start=3680069510523 End=3680069510557 Duration=34
Task=68 Chunk=3 Start=3680070501502 End=3680070571000 Duration=69498
Task=69 Chunk=0 Start=3680069556693 End=3680069580740 Duration=24047
Task=69 Chunk=1 Start=3680069580759 End=3680069581081 Duration=322
Task=69 Chunk=2 Start=3680069628884 End=3680069628908 Duration=24
Task=69 Chunk=3 Start=3680070571012 End=3680070640332 Duration=69320
Task=70 Chunk=0 Start=3680069663644 End=3680069687832 Duration=24188
Task=70 Chunk=1 Start=3680069687856 End=3680069688153 Duration=297
Task=70 Chunk=2 Start=3680069765746 End=3680069765769 Duration=23
Task=70 Chunk=3 Start=3680070640336 End=3680070746484 Duration=106148
Task=71 Chunk=0 Start=3680069733949 End=3680069756918 Duration=22969
Task=71 Chunk=1 Start=3680069756952 End=3680069757203 Duration=251
Task=71 Chunk=2 Start=3680069765770 End=3680069765771 Duration=1
Task=71 Chunk=3 Start=3680070746485 End=3680070888032 Duration=141547
Task=72 Chunk=0 Start=3680069804863 End=3680069828025 Duration=23162
Task=72 Chunk=1 Start=3680069828046 End=3680069828480 Duration=434
Task=72 Chunk=2 Start=3680069828567 End=3680069828568 Duration=1
Task=72 Chunk=3 Start=3680070888032 End=3680071026935 Duration=138903
Task=73 Chunk=0 Start=3680069875828 End=3680069905962 Duration=30134
Task=73 Chunk=1 Start=3680069905995 End=3680069906374 Duration=379
Task=73 Chunk=2 Start=3680069906384 End=3680069906385 Duration=1
Task=73 Chunk=3 Start=3680071026937 End=3680071167738 Duration=140801
Task=74 Chunk=0 Start=3680069944640 End=3680069975582 Duration=30942
Task=74 Chunk=1 Start=3680069975635 End=3680069975931 Duration=296
Task=74 Chunk=2 Start=3680069975943 End=3680069975944 Duration=1
Task=74 Chunk=3 Start=3680071167739 End=3680071306277 Duration=138538
Task=75 Chunk=0 Start=3680070014412 End=3680070053534 Duration=39122
Task=75 Chunk=1 Start=3680070053566 End=3680070053807 Duration=241
Task=75 Chunk=2 Start=3680070053814 End=3680070053815 Duration=1
Task=75 Chunk=3 Start=3680071306282 End=3680071378016 Duration=71734
Task=76 Chunk=0 Start=3680070084879 End=3680070129699 Duration=44820
Task=76 Chunk=1 Start=3680070129725 End=3680070130162 Duration=437
Task=76 Chunk=2 Start=3680070130171 End=3680070130172 Duration=1
Task=76 Chunk=3 Start=3680071378024 End=3680071449781 Duration=71757
Task=77 Chunk=0 Start=3680070153643 End=3680070199307 Duration=45664
Task=77 Chunk=1 Start=3680070199363 End=3680070199788 Duration=425
Task=77 Chunk=2 Start=3680070199799 End=3680070199800 Duration=1
Task=77 Chunk=3 Start=3680071449784 End=3680071520308 Duration=70524
Task=78 Chunk=0 Start=3680070222649 End=3680070268985 Duration=46336
Task=78 Chunk=1 Start=3680070269047 End=3680070269366 Duration=319
Task=78 Chunk=2 Start=3680070269374 End=3680070269375 Duration=1
Task=78 Chunk=3 Start=3680071520309 End=3680071592017 Duration=71708
Task=79 Chunk=0 Start=3680070292101 End=3680070336933 Duration=44832
Task=79 Chunk=1 Start=3680070336978 End=3680070337213 Duration=235
Task=79 Chunk=2 Start=3680070337221 End=3680070337222 Duration=1
Task=79 Chunk=3 Start=3680071592020 End=3680071662867 Duration=70847
Task=80 Chunk=0 Start=3680070362447 End=3680070408447 Duration=46000
Task=80 Chunk=1 Start=3680070408475 End=3680070408798 Duration=323
Task=80 Chunk=2 Start=3680070408900 End=3680070408931 Duration=31
Task=80 Chunk=3 Start=3680071662868 End=3680071735436 Duration=72568
Task=81 Chunk=0 Start=3680070431263 End=3680070478687 Duration=47424
Task=81 Chunk=1 Start=3680070478706 End=3680070479032 Duration=326
Task=81 Chunk=2 Start=3680070479090 End=3680070479101 Duration=11
Task=81 Chunk=3 Start=3680071735437 End=3680071856294 Duration=120857
Task=82 Chunk=0 Start=3680070501536 End=3680070548224 Duration=46688
Task=82 Chunk=1 Start=3680070548288 End=3680070549193 Duration=905
Task=82 Chunk=2 Start=3680070549263 End=3680070549289 Duration=26
Task=82 Chunk=3 Start=3680071856294 End=3680071996615 Duration=140321
Task=83 Chunk=0 Start=3680070571101 End=3680070617238 Duration=46137
Task=83 Chunk=1 Start=3680070617260 End=3680070617548 Duration=288
Task=83 Chunk=2 Start=3680070617578 End=3680070617593 Duration=15
Task=83 Chunk=3 Start=3680071996615 End=3680072135495 Duration=138880
Task=84 Chunk=0 Start=3680070640376 End=3680070664895 Duration=24519
Task=84 Chunk=1 Start=3680070664940 End=3680070665240 Duration=300
Task=84 Chunk=2 Start=3680070710737 End=3680070710758 Duration=21
Task=84 Chunk=3 Start=3680072135496 End=3680072274539 Duration=139043
Task=85 Chunk=0 Start=3680070746500 End=3680070770143 Duration=23643
Task=85 Chunk=1 Start=3680070770175 End=3680070770465 Duration=290
Task=85 Chunk=2 Start=3680070770471 End=3680070770472 Duration=1
Task=85 Chunk=3 Start=3680072274540 End=3680072370706 Duration=96166
Task=86 Chunk=0 Start=3680070888056 End=3680070911019 Duration=22963
Task=86 Chunk=1 Start=3680070911036 End=3680070911305 Duration=269
Task=86 Chunk=2 Start=3680070911310 End=3680070911311 Duration=1
Task=86 Chunk=3 Start=3680072370707 End=3680072439939 Duration=69232
Task=87 Chunk=0 Start=3680071026955 End=3680071050856 Duration=23901
Task=87 Chunk=1 Start=3680071050869 End=3680071051184 Duration=315
Task=87 Chunk=2 Start=3680071051200 End=3680071051201 Duration=1
Task=87 Chunk=3 Start=3680072439940 End=3680072508512 Duration=68572
Task=88 Chunk=0 Start=3680071167755 End=3680071190391 Duration=22636
Task=88 Chunk=1 Start=3680071190406 End=3680071190883 Duration=477
Task=88 Chunk=2 Start=3680071190888 End=3680071190889 Duration=1
Task=88 Chunk=3 Start=3680072508513 End=3680072577740 Duration=69227
Task=89 Chunk=0 Start=3680071306285 End=3680071329378 Duration=23093
Task=89 Chunk=1 Start=3680071329418 End=3680071329716 Duration=298
Task=89 Chunk=2 Start=3680071338084 End=3680071338108 Duration=24
Task=89 Chunk=3 Start=3680072577740 End=3680072646773 Duration=69033
Task=90 Chunk=0 Start=3680071378036 End=3680071401197 Duration=23161
Task=90 Chunk=1 Start=3680071401222 End=3680071402463 Duration=1241
Task=90 Chunk=2 Start=3680071402508 End=3680071402509 Duration=1
Task=90 Chunk=3 Start=3680072646779 End=3680072715592 Duration=68813
Task=91 Chunk=0 Start=3680071449801 End=3680071472884 Duration=23083
Task=91 Chunk=1 Start=3680071472909 End=3680071473215 Duration=306
Task=91 Chunk=2 Start=3680071473225 End=3680071473249 Duration=24
Task=91 Chunk=3 Start=3680072715593 End=3680072784529 Duration=68936
Task=92 Chunk=0 Start=3680071520323 End=3680071546051 Duration=25728
Task=92 Chunk=1 Start=3680071546105 End=3680071546439 Duration=334
Task=92 Chunk=2 Start=3680071546504 End=3680071546531 Duration=27
Task=92 Chunk=3 Start=3680072784529 End=3680072854228 Duration=69699
Task=93 Chunk=0 Start=3680071592113 End=3680071623976 Duration=31863
Task=93 Chunk=1 Start=3680071624022 End=3680071624281 Duration=259
Task=93 Chunk=2 Start=3680071624336 End=3680071624345 Duration=9
Task=93 Chunk=3 Start=3680072854229 End=3680072923122 Duration=68893
Task=94 Chunk=0 Start=3680071662943 End=3680071693247 Duration=30304
Task=94 Chunk=1 Start=3680071693288 End=3680071693576 Duration=288
Task=94 Chunk=2 Start=3680071693584 End=3680071693601 Duration=17
Task=94 Chunk=3 Start=3680072923123 End=3680072991399 Duration=68276
Task=95 Chunk=0 Start=3680071735448 End=3680071758613 Duration=23165
Task=95 Chunk=1 Start=3680071758640 End=3680071758951 Duration=311
Task=95 Chunk=2 Start=3680071805195 End=3680071805201 Duration=6
Task=95 Chunk=3 Start=3680072991400 End=3680073060731 Duration=69331
Task=96 Chunk=0 Start=3680071856319 End=3680071879122 Duration=22803
Task=96 Chunk=1 Start=3680071879133 End=3680071879420 Duration=287
Task=96 Chunk=2 Start=3680071879425 End=3680071879426 Duration=1
Task=96 Chunk=3 Start=3680073060732 End=3680073129617 Duration=68885
Task=97 Chunk=0 Start=3680071996625 End=3680072019549 Duration=22924
Task=97 Chunk=1 Start=3680072019592 End=3680072019886 Duration=294
Task=97 Chunk=3 Start=3680073129627 End=3680073197917 Duration=68290
Task=98 Chunk=0 Start=3680072135512 End=3680072158400 Duration=22888
Task=98 Chunk=1 Start=3680072158438 End=3680072158743 Duration=305
Task=98 Chunk=2 Start=3680072158753 End=3680072158755 Duration=2
Task=98 Chunk=3 Start=3680073197918 End=3680073267417 Duration=69499
Task=99 Chunk=0 Start=3680072274563 End=3680072297580 Duration=23017
Task=99 Chunk=1 Start=3680072297616 End=3680072298349 Duration=733
Task=99 Chunk=2 Start=3680072298361 End=3680072298362 Duration=1
Task=99 Chunk=3 Start=3680073267419 End=3680073336656 Duration=69237
### Python End ###

--------------------------------
[2025-06-26 13:49:50.071] [info] Available Vulkan Layers:
[2025-06-26 13:49:50.071] [warning] Validation layer requested but not available, continuing without it...
[2025-06-26 13:49:50.075] [info] Using integrated GPU: Mali-G710
[2025-06-26 13:49:50.078] [info] VulkanDispatcher instance created.
[2025-06-26 13:49:50.286] [info] Total memory used: 40550404 bytes (38.67188 MB)
[2025-06-26 13:49:50.291] [info] Total memory used: 40550404 bytes (38.67188 MB)
[2025-06-26 13:49:50.344] [info] Total memory used: 40550404 bytes (38.67188 MB)
[2025-06-26 13:49:50.349] [info] Total memory used: 40550404 bytes (38.67188 MB)
[2025-06-26 13:49:50.354] [info] Total memory used: 40550404 bytes (38.67188 MB)
[2025-06-26 13:49:50.445] [info] Total memory used: 40550404 bytes (38.67188 MB)
[2025-06-26 13:49:50.450] [info] Total memory used: 40550404 bytes (38.67188 MB)
[2025-06-26 13:49:50.455] [info] Total memory used: 40550404 bytes (38.67188 MB)
[2025-06-26 13:49:50.460] [info] Total memory used: 40550404 bytes (38.67188 MB)
[2025-06-26 13:49:50.465] [info] Total memory used: 40550404 bytes (38.67188 MB)
[2025-06-26 13:49:50.537] [info] Total memory used: 40550404 bytes (38.67188 MB)
[2025-06-26 13:49:50.545] [info] Total memory used: 40550404 bytes (38.67188 MB)
[2025-06-26 13:49:50.551] [info] Total memory used: 40550404 bytes (38.67188 MB)
[2025-06-26 13:49:50.556] [info] Total memory used: 40550404 bytes (38.67188 MB)
[2025-06-26 13:49:50.561] [info] Total memory used: 40550404 bytes (38.67188 MB)
[2025-06-26 13:49:50.566] [info] Total memory used: 40550404 bytes (38.67188 MB)
### Python Begin ###
Schedule_UID=SCH-M3G1L2B1-G169-bf0c
Frequency=24576000 Hz
Task=0 Chunk=0 Start=3680086175804 End=3680086212069 Duration=36265
Task=0 Chunk=1 Start=3680086253675 End=3680086253700 Duration=25
Task=0 Chunk=2 Start=3680086253743 End=3680086291215 Duration=37472
Task=0 Chunk=3 Start=3680086291299 End=3680086306616 Duration=15317
Task=1 Chunk=0 Start=3680086212073 End=3680086242270 Duration=30197
Task=1 Chunk=1 Start=3680086253701 End=3680086253702 Duration=1
Task=1 Chunk=2 Start=3680086291223 End=3680086315387 Duration=24164
Task=1 Chunk=3 Start=3680086315406 End=3680086315716 Duration=310
Task=2 Chunk=0 Start=3680086242271 End=3680086273010 Duration=30739
Task=2 Chunk=1 Start=3680086282285 End=3680086282307 Duration=22
Task=2 Chunk=2 Start=3680086315393 End=3680086339677 Duration=24284
Task=2 Chunk=3 Start=3680086339699 End=3680086339797 Duration=98
Task=3 Chunk=0 Start=3680086273013 End=3680086306669 Duration=33656
Task=3 Chunk=1 Start=3680086306839 End=3680086306848 Duration=9
Task=3 Chunk=2 Start=3680086339685 End=3680086363414 Duration=23729
Task=3 Chunk=3 Start=3680086363425 End=3680086363529 Duration=104
Task=4 Chunk=0 Start=3680086306670 End=3680086338553 Duration=31883
Task=4 Chunk=1 Start=3680086338745 End=3680086338750 Duration=5
Task=4 Chunk=2 Start=3680086363419 End=3680086391238 Duration=27819
Task=4 Chunk=3 Start=3680086391831 End=3680086391924 Duration=93
Task=5 Chunk=0 Start=3680086338554 End=3680086370085 Duration=31531
Task=5 Chunk=1 Start=3680086370307 End=3680086370312 Duration=5
Task=5 Chunk=2 Start=3680086391245 End=3680086414900 Duration=23655
Task=5 Chunk=3 Start=3680086414923 End=3680086415038 Duration=115
Task=6 Chunk=0 Start=3680086370086 End=3680086411022 Duration=40936
Task=6 Chunk=1 Start=3680086411898 End=3680086411927 Duration=29
Task=6 Chunk=2 Start=3680086414914 End=3680086439658 Duration=24744
Task=6 Chunk=3 Start=3680086439677 End=3680086439744 Duration=67
Task=7 Chunk=0 Start=3680086411024 End=3680086448908 Duration=37884
Task=7 Chunk=1 Start=3680086449067 End=3680086449072 Duration=5
Task=7 Chunk=2 Start=3680086449100 End=3680086472468 Duration=23368
Task=7 Chunk=3 Start=3680086472477 End=3680086472536 Duration=59
Task=8 Chunk=0 Start=3680086448909 End=3680086486299 Duration=37390
Task=8 Chunk=1 Start=3680086486456 End=3680086486458 Duration=2
Task=8 Chunk=2 Start=3680086486482 End=3680086510018 Duration=23536
Task=8 Chunk=3 Start=3680086510030 End=3680086510113 Duration=83
Task=9 Chunk=0 Start=3680086486300 End=3680086522569 Duration=36269
Task=9 Chunk=1 Start=3680086522605 End=3680086522611 Duration=6
Task=9 Chunk=2 Start=3680086523535 End=3680086548995 Duration=25460
Task=9 Chunk=3 Start=3680086549016 End=3680086549126 Duration=110
Task=10 Chunk=0 Start=3680086522570 End=3680086558622 Duration=36052
Task=10 Chunk=1 Start=3680086558774 End=3680086558779 Duration=5
Task=10 Chunk=2 Start=3680086558825 End=3680086583977 Duration=25152
Task=10 Chunk=3 Start=3680086583986 End=3680086584078 Duration=92
Task=11 Chunk=0 Start=3680086558623 End=3680086595838 Duration=37215
Task=11 Chunk=1 Start=3680086595933 End=3680086595939 Duration=6
Task=11 Chunk=2 Start=3680086595976 End=3680086619841 Duration=23865
Task=11 Chunk=3 Start=3680086619849 End=3680086619931 Duration=82
Task=12 Chunk=0 Start=3680086595839 End=3680086632023 Duration=36184
Task=12 Chunk=1 Start=3680086632241 End=3680086632243 Duration=2
Task=12 Chunk=2 Start=3680086632270 End=3680086655633 Duration=23363
Task=12 Chunk=3 Start=3680086655648 End=3680086655716 Duration=68
Task=13 Chunk=0 Start=3680086632023 End=3680086668434 Duration=36411
Task=13 Chunk=1 Start=3680086668510 End=3680086668512 Duration=2
Task=13 Chunk=2 Start=3680086668551 End=3680086693502 Duration=24951
Task=13 Chunk=3 Start=3680086693521 End=3680086693611 Duration=90
Task=14 Chunk=0 Start=3680086668437 End=3680086705745 Duration=37308
Task=14 Chunk=1 Start=3680086705880 End=3680086705887 Duration=7
Task=14 Chunk=2 Start=3680086705910 End=3680086729157 Duration=23247
Task=14 Chunk=3 Start=3680086729168 End=3680086729244 Duration=76
Task=15 Chunk=0 Start=3680086705746 End=3680086741932 Duration=36186
Task=15 Chunk=1 Start=3680086742097 End=3680086742100 Duration=3
Task=15 Chunk=2 Start=3680086742148 End=3680086765651 Duration=23503
Task=15 Chunk=3 Start=3680086765659 End=3680086765731 Duration=72
Task=16 Chunk=0 Start=3680086741933 End=3680086779276 Duration=37343
Task=16 Chunk=1 Start=3680086779348 End=3680086779373 Duration=25
Task=16 Chunk=2 Start=3680086779388 End=3680086803136 Duration=23748
Task=16 Chunk=3 Start=3680086803162 End=3680086803248 Duration=86
Task=17 Chunk=0 Start=3680086779277 End=3680086810110 Duration=30833
Task=17 Chunk=1 Start=3680086810144 End=3680086810159 Duration=15
Task=17 Chunk=2 Start=3680086810171 End=3680086834255 Duration=24084
Task=17 Chunk=3 Start=3680086834266 End=3680086834340 Duration=74
Task=18 Chunk=0 Start=3680086810111 End=3680086840762 Duration=30651
Task=18 Chunk=1 Start=3680086840800 End=3680086840816 Duration=16
Task=18 Chunk=2 Start=3680086840824 End=3680086880809 Duration=39985
Task=18 Chunk=3 Start=3680086882478 End=3680086882554 Duration=76
Task=19 Chunk=0 Start=3680086840763 End=3680086871795 Duration=31032
Task=19 Chunk=1 Start=3680086872243 End=3680086872272 Duration=29
Task=19 Chunk=2 Start=3680086880823 End=3680086904572 Duration=23749
Task=19 Chunk=3 Start=3680086904579 End=3680086904651 Duration=72
Task=20 Chunk=0 Start=3680086871796 End=3680086903151 Duration=31355
Task=20 Chunk=1 Start=3680086905134 End=3680086905158 Duration=24
Task=20 Chunk=2 Start=3680086905193 End=3680086928668 Duration=23475
Task=20 Chunk=3 Start=3680086928676 End=3680086928745 Duration=69
Task=21 Chunk=0 Start=3680086903159 End=3680086934240 Duration=31081
Task=21 Chunk=1 Start=3680086934289 End=3680086934305 Duration=16
Task=21 Chunk=2 Start=3680086934328 End=3680086975096 Duration=40768
Task=21 Chunk=3 Start=3680086975109 End=3680086975203 Duration=94
Task=22 Chunk=0 Start=3680086934241 End=3680086964501 Duration=30260
Task=22 Chunk=1 Start=3680086968118 End=3680086968141 Duration=23
Task=22 Chunk=2 Start=3680086975110 End=3680086998870 Duration=23760
Task=22 Chunk=3 Start=3680086998893 End=3680086998966 Duration=73
Task=23 Chunk=0 Start=3680086964501 End=3680086996904 Duration=32403
Task=23 Chunk=1 Start=3680086999158 End=3680086999176 Duration=18
Task=23 Chunk=2 Start=3680086999195 End=3680087022582 Duration=23387
Task=23 Chunk=3 Start=3680087022595 End=3680087022667 Duration=72
Task=24 Chunk=0 Start=3680086996905 End=3680087027984 Duration=31079
Task=24 Chunk=1 Start=3680087028014 End=3680087028019 Duration=5
Task=24 Chunk=2 Start=3680087028066 End=3680087070189 Duration=42123
Task=24 Chunk=3 Start=3680087070200 End=3680087070272 Duration=72
Task=25 Chunk=0 Start=3680087027985 End=3680087058307 Duration=30322
Task=25 Chunk=1 Start=3680087070726 End=3680087070732 Duration=6
Task=25 Chunk=2 Start=3680087070772 End=3680087115806 Duration=45034
Task=25 Chunk=3 Start=3680087115822 End=3680087115899 Duration=77
Task=26 Chunk=0 Start=3680087058310 End=3680087090096 Duration=31786
Task=26 Chunk=1 Start=3680087090123 End=3680087090125 Duration=2
Task=26 Chunk=2 Start=3680087115814 End=3680087161119 Duration=45305
Task=26 Chunk=3 Start=3680087161128 End=3680087161205 Duration=77
Task=27 Chunk=0 Start=3680087090098 End=3680087119400 Duration=29302
Task=27 Chunk=1 Start=3680087119435 End=3680087119439 Duration=4
Task=27 Chunk=2 Start=3680087161125 End=3680087209565 Duration=48440
Task=27 Chunk=3 Start=3680087209581 End=3680087209659 Duration=78
Task=28 Chunk=0 Start=3680087119401 End=3680087148757 Duration=29356
Task=28 Chunk=1 Start=3680087161657 End=3680087161673 Duration=16
Task=28 Chunk=2 Start=3680087209575 End=3680087255492 Duration=45917
Task=28 Chunk=3 Start=3680087255510 End=3680087255569 Duration=59
Task=29 Chunk=0 Start=3680087148762 End=3680087179739 Duration=30977
Task=29 Chunk=1 Start=3680087179762 End=3680087179765 Duration=3
Task=29 Chunk=2 Start=3680087255499 End=3680087303670 Duration=48171
Task=29 Chunk=3 Start=3680087303688 End=3680087303760 Duration=72
Task=30 Chunk=0 Start=3680087179740 End=3680087209174 Duration=29434
Task=30 Chunk=1 Start=3680087209191 End=3680087209193 Duration=2
Task=30 Chunk=2 Start=3680087303680 End=3680087350033 Duration=46353
Task=30 Chunk=3 Start=3680087350057 End=3680087350128 Duration=71
Task=31 Chunk=0 Start=3680087209175 End=3680087239195 Duration=30020
Task=31 Chunk=1 Start=3680087239204 End=3680087239206 Duration=2
Task=31 Chunk=2 Start=3680087350044 End=3680087398134 Duration=48090
Task=31 Chunk=3 Start=3680087398155 End=3680087398239 Duration=84
Task=32 Chunk=0 Start=3680087239196 End=3680087270623 Duration=31427
Task=32 Chunk=1 Start=3680087270646 End=3680087270648 Duration=2
Task=32 Chunk=2 Start=3680087398143 End=3680087445287 Duration=47144
Task=32 Chunk=3 Start=3680087445313 End=3680087445385 Duration=72
Task=33 Chunk=0 Start=3680087270624 End=3680087300078 Duration=29454
Task=33 Chunk=1 Start=3680087300123 End=3680087300124 Duration=1
Task=33 Chunk=2 Start=3680087445304 End=3680087495502 Duration=50198
Task=33 Chunk=3 Start=3680087495513 End=3680087495590 Duration=77
Task=34 Chunk=0 Start=3680087300079 End=3680087330520 Duration=30441
Task=34 Chunk=1 Start=3680087330551 End=3680087330553 Duration=2
Task=34 Chunk=2 Start=3680087495510 End=3680087542068 Duration=46558
Task=34 Chunk=3 Start=3680087542081 End=3680087542154 Duration=73
Task=35 Chunk=0 Start=3680087330521 End=3680087361853 Duration=31332
Task=35 Chunk=1 Start=3680087361898 End=3680087361900 Duration=2
Task=35 Chunk=2 Start=3680087542079 End=3680087590642 Duration=48563
Task=35 Chunk=3 Start=3680087590669 End=3680087590756 Duration=87
Task=36 Chunk=0 Start=3680087361856 End=3680087391290 Duration=29434
Task=36 Chunk=1 Start=3680087391327 End=3680087391329 Duration=2
Task=36 Chunk=2 Start=3680087590656 End=3680087636996 Duration=46340
Task=36 Chunk=3 Start=3680087637023 End=3680087637093 Duration=70
Task=37 Chunk=0 Start=3680087391291 End=3680087421666 Duration=30375
Task=37 Chunk=1 Start=3680087421713 End=3680087421715 Duration=2
Task=37 Chunk=2 Start=3680087637010 End=3680087685048 Duration=48038
Task=37 Chunk=3 Start=3680087685065 End=3680087685126 Duration=61
Task=38 Chunk=0 Start=3680087421669 End=3680087450985 Duration=29316
Task=38 Chunk=1 Start=3680087451012 End=3680087451014 Duration=2
Task=38 Chunk=2 Start=3680087685064 End=3680087731197 Duration=46133
Task=38 Chunk=3 Start=3680087731216 End=3680087731290 Duration=74
Task=39 Chunk=0 Start=3680087450986 End=3680087481378 Duration=30392
Task=39 Chunk=1 Start=3680087481428 End=3680087481430 Duration=2
Task=39 Chunk=2 Start=3680087731206 End=3680087780072 Duration=48866
Task=39 Chunk=3 Start=3680087923025 End=3680087923401 Duration=376
Task=40 Chunk=0 Start=3680087481379 End=3680087511879 Duration=30500
Task=40 Chunk=1 Start=3680087511901 End=3680087511903 Duration=2
Task=40 Chunk=2 Start=3680087780088 End=3680087826475 Duration=46387
Task=40 Chunk=3 Start=3680087923402 End=3680087923492 Duration=90
Task=41 Chunk=0 Start=3680087511880 End=3680087541458 Duration=29578
Task=41 Chunk=1 Start=3680087541504 End=3680087541506 Duration=2
Task=41 Chunk=2 Start=3680087826487 End=3680087878385 Duration=51898
Task=41 Chunk=3 Start=3680087923494 End=3680087923574 Duration=80
Task=42 Chunk=0 Start=3680087541459 End=3680087572629 Duration=31170
Task=42 Chunk=1 Start=3680087572675 End=3680087572677 Duration=2
Task=42 Chunk=2 Start=3680087878401 End=3680087924688 Duration=46287
Task=42 Chunk=3 Start=3680087924703 End=3680087924776 Duration=73
Task=43 Chunk=0 Start=3680087572633 End=3680087602189 Duration=29556
Task=43 Chunk=1 Start=3680087602196 End=3680087602197 Duration=1
Task=43 Chunk=2 Start=3680087924697 End=3680087972105 Duration=47408
Task=43 Chunk=3 Start=3680087972112 End=3680087972191 Duration=79
Task=44 Chunk=0 Start=3680087602189 End=3680087631588 Duration=29399
Task=44 Chunk=1 Start=3680087631625 End=3680087631627 Duration=2
Task=44 Chunk=2 Start=3680087972112 End=3680088018272 Duration=46160
Task=44 Chunk=3 Start=3680088018296 End=3680088018369 Duration=73
Task=45 Chunk=0 Start=3680087631589 End=3680087662782 Duration=31193
Task=45 Chunk=1 Start=3680087662838 End=3680087662840 Duration=2
Task=45 Chunk=2 Start=3680088018283 End=3680088066534 Duration=48251
Task=45 Chunk=3 Start=3680088066556 End=3680088066634 Duration=78
Task=46 Chunk=0 Start=3680087662785 End=3680087692345 Duration=29560
Task=46 Chunk=1 Start=3680087692383 End=3680087692384 Duration=1
Task=46 Chunk=2 Start=3680088066546 End=3680088113128 Duration=46582
Task=46 Chunk=3 Start=3680088113143 End=3680088113216 Duration=73
Task=47 Chunk=0 Start=3680087692350 End=3680087721873 Duration=29523
Task=47 Chunk=1 Start=3680087721899 End=3680087721900 Duration=1
Task=47 Chunk=2 Start=3680088113135 End=3680088161935 Duration=48800
Task=47 Chunk=3 Start=3680088161951 End=3680088162017 Duration=66
Task=48 Chunk=0 Start=3680087721873 End=3680087752347 Duration=30474
Task=48 Chunk=1 Start=3680087752374 End=3680087752376 Duration=2
Task=48 Chunk=2 Start=3680088161949 End=3680088208263 Duration=46314
Task=48 Chunk=3 Start=3680088208276 End=3680088208348 Duration=72
Task=49 Chunk=0 Start=3680087752348 End=3680087783024 Duration=30676
Task=49 Chunk=1 Start=3680087783063 End=3680087783071 Duration=8
Task=49 Chunk=2 Start=3680088208272 End=3680088256014 Duration=47742
Task=49 Chunk=3 Start=3680088256035 End=3680088256118 Duration=83
Task=50 Chunk=0 Start=3680087783028 End=3680087812693 Duration=29665
Task=50 Chunk=1 Start=3680087812716 End=3680087812718 Duration=2
Task=50 Chunk=2 Start=3680088256024 End=3680088302085 Duration=46061
Task=50 Chunk=3 Start=3680088302106 End=3680088302184 Duration=78
Task=51 Chunk=0 Start=3680087812694 End=3680087844000 Duration=31306
Task=51 Chunk=1 Start=3680087844027 End=3680087844028 Duration=1
Task=51 Chunk=2 Start=3680088302097 End=3680088349720 Duration=47623
Task=51 Chunk=3 Start=3680088349731 End=3680088349887 Duration=156
Task=52 Chunk=0 Start=3680087844000 End=3680087874623 Duration=30623
Task=52 Chunk=1 Start=3680087874669 End=3680087874675 Duration=6
Task=52 Chunk=2 Start=3680088349728 End=3680088395554 Duration=45826
Task=52 Chunk=3 Start=3680088395564 End=3680088395637 Duration=73
Task=53 Chunk=0 Start=3680087874627 End=3680087906470 Duration=31843
Task=53 Chunk=1 Start=3680087906501 End=3680087906502 Duration=1
Task=53 Chunk=2 Start=3680088395566 End=3680088443191 Duration=47625
Task=53 Chunk=3 Start=3680088443212 End=3680088443289 Duration=77
Task=54 Chunk=0 Start=3680087923413 End=3680087954795 Duration=31382
Task=54 Chunk=1 Start=3680087954839 End=3680087954841 Duration=2
Task=54 Chunk=2 Start=3680088443202 End=3680088489008 Duration=45806
Task=54 Chunk=3 Start=3680088489025 End=3680088489141 Duration=116
Task=55 Chunk=0 Start=3680087954798 End=3680087984741 Duration=29943
Task=55 Chunk=1 Start=3680087984792 End=3680087984794 Duration=2
Task=55 Chunk=2 Start=3680088489015 End=3680088534959 Duration=45944
Task=55 Chunk=3 Start=3680088534972 End=3680088535048 Duration=76
Task=56 Chunk=0 Start=3680087984742 End=3680088014256 Duration=29514
Task=56 Chunk=1 Start=3680088014269 End=3680088014271 Duration=2
Task=56 Chunk=2 Start=3680088534969 End=3680088582900 Duration=47931
Task=56 Chunk=3 Start=3680088582917 End=3680088583000 Duration=83
Task=57 Chunk=0 Start=3680088014257 End=3680088045054 Duration=30797
Task=57 Chunk=1 Start=3680088045095 End=3680088045097 Duration=2
Task=57 Chunk=2 Start=3680088582908 End=3680088629004 Duration=46096
Task=57 Chunk=3 Start=3680088629019 End=3680088629091 Duration=72
Task=58 Chunk=0 Start=3680088045055 End=3680088076209 Duration=31154
Task=58 Chunk=1 Start=3680088076248 End=3680088076250 Duration=2
Task=58 Chunk=2 Start=3680088629011 End=3680088676770 Duration=47759
Task=58 Chunk=3 Start=3680088676781 End=3680088676856 Duration=75
Task=59 Chunk=0 Start=3680088076214 End=3680088105322 Duration=29108
Task=59 Chunk=1 Start=3680088105374 End=3680088105376 Duration=2
Task=59 Chunk=2 Start=3680088676780 End=3680088722716 Duration=45936
Task=59 Chunk=3 Start=3680088722731 End=3680088722803 Duration=72
Task=60 Chunk=0 Start=3680088105323 End=3680088135571 Duration=30248
Task=60 Chunk=1 Start=3680088135631 End=3680088135633 Duration=2
Task=60 Chunk=2 Start=3680088722729 End=3680088771279 Duration=48550
Task=60 Chunk=3 Start=3680088771300 End=3680088771375 Duration=75
Task=61 Chunk=0 Start=3680088135575 End=3680088165868 Duration=30293
Task=61 Chunk=1 Start=3680088165890 End=3680088165892 Duration=2
Task=61 Chunk=2 Start=3680088771292 End=3680088817510 Duration=46218
Task=61 Chunk=3 Start=3680088817523 End=3680088817594 Duration=71
Task=62 Chunk=0 Start=3680088165869 End=3680088195317 Duration=29448
Task=62 Chunk=1 Start=3680088195363 End=3680088195365 Duration=2
Task=62 Chunk=2 Start=3680088817523 End=3680088867328 Duration=49805
Task=62 Chunk=3 Start=3680088867339 End=3680088867413 Duration=74
Task=63 Chunk=0 Start=3680088208360 End=3680088238531 Duration=30171
Task=63 Chunk=1 Start=3680088238545 End=3680088238546 Duration=1
Task=63 Chunk=2 Start=3680088867339 End=3680088913566 Duration=46227
Task=63 Chunk=3 Start=3680088913581 End=3680088913652 Duration=71
Task=64 Chunk=0 Start=3680088256135 End=3680088286412 Duration=30277
Task=64 Chunk=1 Start=3680088286437 End=3680088286439 Duration=2
Task=64 Chunk=2 Start=3680088913574 End=3680088964522 Duration=50948
Task=64 Chunk=3 Start=3680088964540 End=3680088964621 Duration=81
Task=65 Chunk=0 Start=3680088302196 End=3680088332260 Duration=30064
Task=65 Chunk=1 Start=3680088332283 End=3680088332285 Duration=2
Task=65 Chunk=2 Start=3680088964536 End=3680089010683 Duration=46147
Task=65 Chunk=3 Start=3680089010696 End=3680089010821 Duration=125
Task=66 Chunk=0 Start=3680088349902 End=3680088379976 Duration=30074
Task=66 Chunk=1 Start=3680088379991 End=3680088379993 Duration=2
Task=66 Chunk=2 Start=3680089010695 End=3680089058355 Duration=47660
Task=66 Chunk=3 Start=3680089058373 End=3680089058453 Duration=80
Task=67 Chunk=0 Start=3680088395647 End=3680088425756 Duration=30109
Task=67 Chunk=1 Start=3680088425801 End=3680088425802 Duration=1
Task=67 Chunk=2 Start=3680089058362 End=3680089104253 Duration=45891
Task=67 Chunk=3 Start=3680089104277 End=3680089104387 Duration=110
Task=68 Chunk=0 Start=3680088443306 End=3680088473486 Duration=30180
Task=68 Chunk=1 Start=3680088473510 End=3680088473511 Duration=1
Task=68 Chunk=2 Start=3680089104264 End=3680089154306 Duration=50042
Task=68 Chunk=3 Start=3680089154318 End=3680089154395 Duration=77
Task=69 Chunk=0 Start=3680088489149 End=3680088519254 Duration=30105
Task=69 Chunk=1 Start=3680088519307 End=3680088519309 Duration=2
Task=69 Chunk=2 Start=3680089154313 End=3680089200259 Duration=45946
Task=69 Chunk=3 Start=3680089200271 End=3680089200351 Duration=80
Task=70 Chunk=0 Start=3680088535060 End=3680088565746 Duration=30686
Task=70 Chunk=1 Start=3680088565783 End=3680088565785 Duration=2
Task=70 Chunk=2 Start=3680089200266 End=3680089252900 Duration=52634
Task=70 Chunk=3 Start=3680089252912 End=3680089252987 Duration=75
Task=71 Chunk=0 Start=3680088583015 End=3680088613332 Duration=30317
Task=71 Chunk=1 Start=3680088613363 End=3680088613364 Duration=1
Task=71 Chunk=2 Start=3680089252910 End=3680089299591 Duration=46681
Task=71 Chunk=3 Start=3680089299604 End=3680089299682 Duration=78
Task=72 Chunk=0 Start=3680088629096 End=3680088660347 Duration=31251
Task=72 Chunk=1 Start=3680088660383 End=3680088660385 Duration=2
Task=72 Chunk=2 Start=3680089299604 End=3680089346968 Duration=47364
Task=72 Chunk=3 Start=3680089346991 End=3680089347069 Duration=78
Task=73 Chunk=0 Start=3680088676863 End=3680088707035 Duration=30172
Task=73 Chunk=1 Start=3680088707048 End=3680088707050 Duration=2
Task=73 Chunk=2 Start=3680089346983 End=3680089392802 Duration=45819
Task=73 Chunk=3 Start=3680089392818 End=3680089392890 Duration=72
Task=74 Chunk=0 Start=3680088722818 End=3680088753959 Duration=31141
Task=74 Chunk=1 Start=3680088753972 End=3680088753974 Duration=2
Task=74 Chunk=2 Start=3680089392810 End=3680089443011 Duration=50201
Task=74 Chunk=3 Start=3680089443023 End=3680089443098 Duration=75
Task=75 Chunk=0 Start=3680088771380 End=3680088801745 Duration=30365
Task=75 Chunk=1 Start=3680088801769 End=3680088801771 Duration=2
Task=75 Chunk=2 Start=3680089443019 End=3680089489215 Duration=46196
Task=75 Chunk=3 Start=3680089489232 End=3680089489305 Duration=73
Task=76 Chunk=0 Start=3680088817607 End=3680088848656 Duration=31049
Task=76 Chunk=1 Start=3680088848665 End=3680088848666 Duration=1
Task=76 Chunk=2 Start=3680089489224 End=3680089537029 Duration=47805
Task=76 Chunk=3 Start=3680089537041 End=3680089537123 Duration=82
Task=77 Chunk=0 Start=3680088867428 End=3680088897825 Duration=30397
Task=77 Chunk=1 Start=3680088897854 End=3680088897856 Duration=2
Task=77 Chunk=2 Start=3680089537040 End=3680089583759 Duration=46719
Task=77 Chunk=3 Start=3680089583769 End=3680089583841 Duration=72
Task=78 Chunk=0 Start=3680088913664 End=3680088944604 Duration=30940
Task=78 Chunk=1 Start=3680088944638 End=3680088944640 Duration=2
Task=78 Chunk=2 Start=3680089583767 End=3680089631559 Duration=47792
Task=78 Chunk=3 Start=3680089631577 End=3680089631652 Duration=75
Task=79 Chunk=0 Start=3680088964626 End=3680088994855 Duration=30229
Task=79 Chunk=1 Start=3680088994871 End=3680088994873 Duration=2
Task=79 Chunk=2 Start=3680089631567 End=3680089677654 Duration=46087
Task=79 Chunk=3 Start=3680089677664 End=3680089677735 Duration=71
Task=80 Chunk=0 Start=3680089010831 End=3680089041890 Duration=31059
Task=80 Chunk=1 Start=3680089041933 End=3680089041935 Duration=2
Task=80 Chunk=2 Start=3680089677661 End=3680089726769 Duration=49108
Task=80 Chunk=3 Start=3680089726775 End=3680089726854 Duration=79
Task=81 Chunk=0 Start=3680089058460 End=3680089088601 Duration=30141
Task=81 Chunk=1 Start=3680089088641 End=3680089088643 Duration=2
Task=81 Chunk=2 Start=3680089726776 End=3680089772747 Duration=45971
Task=81 Chunk=3 Start=3680089772765 End=3680089772894 Duration=129
Task=82 Chunk=0 Start=3680089104399 End=3680089136554 Duration=32155
Task=82 Chunk=1 Start=3680089136582 End=3680089136584 Duration=2
Task=82 Chunk=2 Start=3680089772755 End=3680089822856 Duration=50101
Task=82 Chunk=3 Start=3680089822867 End=3680089822940 Duration=73
Task=83 Chunk=0 Start=3680089154403 End=3680089184661 Duration=30258
Task=83 Chunk=1 Start=3680089184687 End=3680089184689 Duration=2
Task=83 Chunk=2 Start=3680089822865 End=3680089868770 Duration=45905
Task=83 Chunk=3 Start=3680089868779 End=3680089868857 Duration=78
Task=84 Chunk=0 Start=3680089200361 End=3680089231591 Duration=31230
Task=84 Chunk=1 Start=3680089231635 End=3680089231637 Duration=2
Task=84 Chunk=2 Start=3680089868780 End=3680089914543 Duration=45763
Task=84 Chunk=3 Start=3680089914557 End=3680089914668 Duration=111
Task=85 Chunk=0 Start=3680089253003 End=3680089283345 Duration=30342
Task=85 Chunk=1 Start=3680089283395 End=3680089283401 Duration=6
Task=85 Chunk=2 Start=3680089914550 End=3680089967497 Duration=52947
Task=85 Chunk=3 Start=3680089967510 End=3680089967589 Duration=79
Task=86 Chunk=0 Start=3680089299688 End=3680089330978 Duration=31290
Task=86 Chunk=1 Start=3680089331025 End=3680089331027 Duration=2
Task=86 Chunk=2 Start=3680089967508 End=3680089991336 Duration=23828
Task=86 Chunk=3 Start=3680089991344 End=3680089991415 Duration=71
Task=87 Chunk=0 Start=3680089347080 End=3680089377258 Duration=30178
Task=87 Chunk=1 Start=3680089377305 End=3680089377307 Duration=2
Task=87 Chunk=2 Start=3680089991343 End=3680090017619 Duration=26276
Task=87 Chunk=3 Start=3680090017633 End=3680090017765 Duration=132
Task=88 Chunk=0 Start=3680089392904 End=3680089423153 Duration=30249
Task=88 Chunk=1 Start=3680089423191 End=3680089423193 Duration=2
Task=88 Chunk=2 Start=3680090017630 End=3680090041645 Duration=24015
Task=88 Chunk=3 Start=3680090041656 End=3680090041763 Duration=107
Task=89 Chunk=0 Start=3680089443106 End=3680089473390 Duration=30284
Task=89 Chunk=1 Start=3680089473416 End=3680089473418 Duration=2
Task=89 Chunk=2 Start=3680090041651 End=3680090064678 Duration=23027
Task=89 Chunk=3 Start=3680090064698 End=3680090064789 Duration=91
Task=90 Chunk=0 Start=3680089489311 End=3680089519600 Duration=30289
Task=90 Chunk=1 Start=3680089519645 End=3680089519647 Duration=2
Task=90 Chunk=2 Start=3680090064686 End=3680090087982 Duration=23296
Task=90 Chunk=3 Start=3680090087993 End=3680090088098 Duration=105
Task=91 Chunk=0 Start=3680089537131 End=3680089567393 Duration=30262
Task=91 Chunk=1 Start=3680089567402 End=3680089567404 Duration=2
Task=91 Chunk=2 Start=3680090087989 End=3680090111398 Duration=23409
Task=91 Chunk=3 Start=3680090111409 End=3680090111516 Duration=107
Task=92 Chunk=0 Start=3680089583856 End=3680089614091 Duration=30235
Task=92 Chunk=1 Start=3680089614111 End=3680089614114 Duration=3
Task=92 Chunk=2 Start=3680090111410 End=3680090136841 Duration=25431
Task=92 Chunk=3 Start=3680090136851 End=3680090136979 Duration=128
Task=93 Chunk=0 Start=3680089631664 End=3680089661997 Duration=30333
Task=93 Chunk=1 Start=3680089662046 End=3680089662048 Duration=2
Task=93 Chunk=2 Start=3680090136849 End=3680090160363 Duration=23514
Task=93 Chunk=3 Start=3680090160371 End=3680090160478 Duration=107
Task=94 Chunk=0 Start=3680089677741 End=3680089707916 Duration=30175
Task=94 Chunk=1 Start=3680089707971 End=3680089707972 Duration=1
Task=94 Chunk=2 Start=3680090160371 End=3680090183737 Duration=23366
Task=94 Chunk=3 Start=3680090183748 End=3680090183840 Duration=92
Task=95 Chunk=0 Start=3680089726861 End=3680089757073 Duration=30212
Task=95 Chunk=1 Start=3680089757115 End=3680089757117 Duration=2
Task=95 Chunk=2 Start=3680090183745 End=3680090206909 Duration=23164
Task=95 Chunk=3 Start=3680090206929 End=3680090207024 Duration=95
Task=96 Chunk=0 Start=3680089772902 End=3680089802989 Duration=30087
Task=96 Chunk=1 Start=3680089803040 End=3680089803042 Duration=2
Task=96 Chunk=2 Start=3680090206919 End=3680090231666 Duration=24747
Task=96 Chunk=3 Start=3680090231678 End=3680090231739 Duration=61
Task=97 Chunk=0 Start=3680089822950 End=3680089853199 Duration=30249
Task=97 Chunk=1 Start=3680089853221 End=3680089853223 Duration=2
Task=97 Chunk=2 Start=3680090231677 End=3680090254919 Duration=23242
Task=97 Chunk=3 Start=3680090254934 End=3680090255031 Duration=97
Task=98 Chunk=0 Start=3680089868865 End=3680089898952 Duration=30087
Task=98 Chunk=1 Start=3680089898972 End=3680089898974 Duration=2
Task=98 Chunk=2 Start=3680090254930 End=3680090278072 Duration=23142
Task=98 Chunk=3 Start=3680090278097 End=3680090278172 Duration=75
Task=99 Chunk=0 Start=3680089914679 End=3680089945835 Duration=31156
Task=99 Chunk=1 Start=3680089945881 End=3680089945883 Duration=2
Task=99 Chunk=2 Start=3680090278082 End=3680090301155 Duration=23073
Task=99 Chunk=3 Start=3680090301166 End=3680090301237 Duration=71
### Python End ###

--------------------------------
[2025-06-26 13:49:50.766] [info] Available Vulkan Layers:
[2025-06-26 13:49:50.766] [warning] Validation layer requested but not available, continuing without it...
[2025-06-26 13:49:50.769] [info] Using integrated GPU: Mali-G710
[2025-06-26 13:49:50.772] [info] VulkanDispatcher instance created.
[2025-06-26 13:49:50.988] [info] Total memory used: 40550404 bytes (38.67188 MB)
[2025-06-26 13:49:50.993] [info] Total memory used: 40550404 bytes (38.67188 MB)
[2025-06-26 13:49:51.042] [info] Total memory used: 40550404 bytes (38.67188 MB)
[2025-06-26 13:49:51.047] [info] Total memory used: 40550404 bytes (38.67188 MB)
[2025-06-26 13:49:51.053] [info] Total memory used: 40550404 bytes (38.67188 MB)
[2025-06-26 13:49:51.149] [info] Total memory used: 40550404 bytes (38.67188 MB)
[2025-06-26 13:49:51.154] [info] Total memory used: 40550404 bytes (38.67188 MB)
[2025-06-26 13:49:51.160] [info] Total memory used: 40550404 bytes (38.67188 MB)
[2025-06-26 13:49:51.165] [info] Total memory used: 40550404 bytes (38.67188 MB)
[2025-06-26 13:49:51.170] [info] Total memory used: 40550404 bytes (38.67188 MB)
[2025-06-26 13:49:51.243] [info] Total memory used: 40550404 bytes (38.67188 MB)
[2025-06-26 13:49:51.249] [info] Total memory used: 40550404 bytes (38.67188 MB)
[2025-06-26 13:49:51.255] [info] Total memory used: 40550404 bytes (38.67188 MB)
[2025-06-26 13:49:51.260] [info] Total memory used: 40550404 bytes (38.67188 MB)
[2025-06-26 13:49:51.265] [info] Total memory used: 40550404 bytes (38.67188 MB)
[2025-06-26 13:49:51.271] [info] Total memory used: 40550404 bytes (38.67188 MB)
### Python Begin ###
Schedule_UID=SCH-B3G1M3-G178-8c30
Frequency=24576000 Hz
Task=0 Chunk=0 Start=3680103480899 End=3680103591140 Duration=110241
Task=0 Chunk=1 Start=3680103591166 End=3680103591192 Duration=26
Task=0 Chunk=2 Start=3680103591206 End=3680103740757 Duration=149551
Task=1 Chunk=0 Start=3680103591155 End=3680103628545 Duration=37390
Task=1 Chunk=1 Start=3680103628568 End=3680103628569 Duration=1
Task=1 Chunk=2 Start=3680103740772 End=3680103864669 Duration=123897
Task=2 Chunk=0 Start=3680103628551 End=3680103665914 Duration=37363
Task=2 Chunk=1 Start=3680103665936 End=3680103665937 Duration=1
Task=2 Chunk=2 Start=3680103864675 End=3680103987599 Duration=122924
Task=3 Chunk=0 Start=3680103665918 End=3680103704247 Duration=38329
Task=3 Chunk=1 Start=3680103704255 End=3680103704256 Duration=1
Task=3 Chunk=2 Start=3680103987603 End=3680104109979 Duration=122376
Task=4 Chunk=0 Start=3680103704249 End=3680103741486 Duration=37237
Task=4 Chunk=1 Start=3680103741500 End=3680103741501 Duration=1
Task=4 Chunk=2 Start=3680104109984 End=3680104233352 Duration=123368
Task=5 Chunk=0 Start=3680103741487 End=3680103780093 Duration=38606
Task=5 Chunk=1 Start=3680103780101 End=3680103780102 Duration=1
Task=5 Chunk=2 Start=3680104233360 End=3680104355154 Duration=121794
Task=6 Chunk=0 Start=3680103780093 End=3680103817586 Duration=37493
Task=6 Chunk=1 Start=3680103817596 End=3680103817597 Duration=1
Task=6 Chunk=2 Start=3680104355155 End=3680104476084 Duration=120929
Task=7 Chunk=0 Start=3680103817587 End=3680103854586 Duration=36999
Task=7 Chunk=1 Start=3680103854593 End=3680103854594 Duration=1
Task=7 Chunk=2 Start=3680104476088 End=3680104597182 Duration=121094
Task=8 Chunk=0 Start=3680103854587 End=3680103892939 Duration=38352
Task=8 Chunk=1 Start=3680103892955 End=3680103892956 Duration=1
Task=8 Chunk=2 Start=3680104597184 End=3680104717090 Duration=119906
Task=9 Chunk=0 Start=3680103892940 End=3680103930180 Duration=37240
Task=9 Chunk=1 Start=3680103930192 End=3680103930193 Duration=1
Task=9 Chunk=2 Start=3680104717095 End=3680104837521 Duration=120426
Task=10 Chunk=0 Start=3680103930181 End=3680103967629 Duration=37448
Task=10 Chunk=1 Start=3680103967644 End=3680103967645 Duration=1
Task=10 Chunk=2 Start=3680104837522 End=3680104959875 Duration=122353
Task=11 Chunk=0 Start=3680103967630 End=3680104005712 Duration=38082
Task=11 Chunk=1 Start=3680104005724 End=3680104005725 Duration=1
Task=11 Chunk=2 Start=3680104959883 End=3680105081297 Duration=121414
Task=12 Chunk=0 Start=3680104005713 End=3680104043199 Duration=37486
Task=12 Chunk=1 Start=3680104043216 End=3680104043217 Duration=1
Task=12 Chunk=2 Start=3680105081306 End=3680105200955 Duration=119649
Task=13 Chunk=0 Start=3680104043200 End=3680104081260 Duration=38060
Task=13 Chunk=1 Start=3680104081282 End=3680104081283 Duration=1
Task=13 Chunk=2 Start=3680105200956 End=3680105320902 Duration=119946
Task=14 Chunk=0 Start=3680104081261 End=3680104118734 Duration=37473
Task=14 Chunk=1 Start=3680104118755 End=3680104118756 Duration=1
Task=14 Chunk=2 Start=3680105320905 End=3680105441280 Duration=120375
Task=15 Chunk=0 Start=3680104118735 End=3680104155665 Duration=36930
Task=15 Chunk=1 Start=3680104155692 End=3680104155693 Duration=1
Task=15 Chunk=2 Start=3680105441282 End=3680105563214 Duration=121932
Task=16 Chunk=0 Start=3680104155665 End=3680104193680 Duration=38015
Task=16 Chunk=1 Start=3680104193695 End=3680104193696 Duration=1
Task=16 Chunk=2 Start=3680105563215 End=3680105683035 Duration=119820
Task=17 Chunk=0 Start=3680104193681 End=3680104231001 Duration=37320
Task=17 Chunk=1 Start=3680104231011 End=3680104231012 Duration=1
Task=17 Chunk=2 Start=3680105683039 End=3680105803288 Duration=120249
Task=18 Chunk=0 Start=3680104231002 End=3680104267892 Duration=36890
Task=18 Chunk=1 Start=3680104267899 End=3680104267900 Duration=1
Task=18 Chunk=2 Start=3680105803289 End=3680105902941 Duration=99652
Task=19 Chunk=0 Start=3680104267893 End=3680104307119 Duration=39226
Task=19 Chunk=1 Start=3680104307148 End=3680104307149 Duration=1
Task=19 Chunk=2 Start=3680105902951 End=3680106060904 Duration=157953
Task=20 Chunk=0 Start=3680104355168 End=3680104393897 Duration=38729
Task=20 Chunk=1 Start=3680104393907 End=3680104393908 Duration=1
Task=20 Chunk=2 Start=3680106060906 End=3680106122441 Duration=61535
Task=21 Chunk=0 Start=3680104476108 End=3680104513700 Duration=37592
Task=21 Chunk=2 Start=3680106122443 End=3680106205546 Duration=83103
Task=22 Chunk=0 Start=3680104597199 End=3680104634527 Duration=37328
Task=22 Chunk=1 Start=3680104634550 End=3680104634551 Duration=1
Task=22 Chunk=2 Start=3680106205547 End=3680106268422 Duration=62875
Task=23 Chunk=0 Start=3680104717116 End=3680104755026 Duration=37910
Task=23 Chunk=1 Start=3680104755046 End=3680104755047 Duration=1
Task=23 Chunk=2 Start=3680106268427 End=3680106329049 Duration=60622
Task=24 Chunk=0 Start=3680104837549 End=3680104876131 Duration=38582
Task=24 Chunk=1 Start=3680104876142 End=3680104876143 Duration=1
Task=24 Chunk=2 Start=3680106329053 End=3680106391609 Duration=62556
Task=25 Chunk=0 Start=3680104959895 End=3680104997535 Duration=37640
Task=25 Chunk=1 Start=3680104997540 End=3680104997541 Duration=1
Task=25 Chunk=2 Start=3680106391612 End=3680106455092 Duration=63480
Task=26 Chunk=0 Start=3680105081325 End=3680105118794 Duration=37469
Task=26 Chunk=1 Start=3680105118804 End=3680105118809 Duration=5
Task=26 Chunk=2 Start=3680106455093 End=3680106516415 Duration=61322
Task=27 Chunk=0 Start=3680105200982 End=3680105238264 Duration=37282
Task=27 Chunk=1 Start=3680105238279 End=3680105238280 Duration=1
Task=27 Chunk=2 Start=3680106516422 End=3680106578201 Duration=61779
Task=28 Chunk=0 Start=3680105320921 End=3680105359043 Duration=38122
Task=28 Chunk=1 Start=3680105359058 End=3680105359064 Duration=6
Task=28 Chunk=2 Start=3680106578203 End=3680106640000 Duration=61797
Task=29 Chunk=0 Start=3680105441292 End=3680105479278 Duration=37986
Task=29 Chunk=1 Start=3680105479302 End=3680105479303 Duration=1
Task=29 Chunk=2 Start=3680106640001 End=3680106700929 Duration=60928
Task=30 Chunk=0 Start=3680105563229 End=3680105600667 Duration=37438
Task=30 Chunk=2 Start=3680106700945 End=3680106763923 Duration=62978
Task=31 Chunk=0 Start=3680105683060 End=3680105720365 Duration=37305
Task=31 Chunk=1 Start=3680105720374 End=3680105720375 Duration=1
Task=31 Chunk=2 Start=3680106763924 End=3680106825640 Duration=61716
Task=32 Chunk=0 Start=3680105803312 End=3680105840749 Duration=37437
Task=32 Chunk=1 Start=3680105840768 End=3680105840769 Duration=1
Task=32 Chunk=2 Start=3680106825642 End=3680106886335 Duration=60693
Task=33 Chunk=0 Start=3680105902961 End=3680105941552 Duration=38591
Task=33 Chunk=1 Start=3680106000460 End=3680106000498 Duration=38
Task=33 Chunk=2 Start=3680106886336 End=3680106948409 Duration=62073
Task=34 Chunk=0 Start=3680106060924 End=3680106098502 Duration=37578
Task=34 Chunk=1 Start=3680106123566 End=3680106123574 Duration=8
Task=34 Chunk=2 Start=3680106948420 End=3680107008978 Duration=60558
Task=35 Chunk=0 Start=3680106122468 End=3680106162394 Duration=39926
Task=35 Chunk=1 Start=3680106162417 End=3680106162468 Duration=51
Task=35 Chunk=2 Start=3680107008980 End=3680107071699 Duration=62719
Task=36 Chunk=0 Start=3680106205575 End=3680106245184 Duration=39609
Task=36 Chunk=1 Start=3680106245203 End=3680106245209 Duration=6
Task=36 Chunk=2 Start=3680107071706 End=3680107133538 Duration=61832
Task=37 Chunk=0 Start=3680106268452 End=3680106306268 Duration=37816
Task=37 Chunk=1 Start=3680106306299 End=3680106306301 Duration=2
Task=37 Chunk=2 Start=3680107133540 End=3680107194620 Duration=61080
Task=38 Chunk=0 Start=3680106329068 End=3680106368356 Duration=39288
Task=38 Chunk=1 Start=3680106368377 End=3680106368379 Duration=2
Task=38 Chunk=2 Start=3680107194621 End=3680107256649 Duration=62028
Task=39 Chunk=0 Start=3680106391653 End=3680106429836 Duration=38183
Task=39 Chunk=1 Start=3680106429867 End=3680106429869 Duration=2
Task=39 Chunk=2 Start=3680107256650 End=3680107318791 Duration=62141
Task=40 Chunk=0 Start=3680106455112 End=3680106492877 Duration=37765
Task=40 Chunk=1 Start=3680106492923 End=3680106492925 Duration=2
Task=40 Chunk=2 Start=3680107318796 End=3680107380599 Duration=61803
Task=41 Chunk=0 Start=3680106516445 End=3680106555252 Duration=38807
Task=41 Chunk=1 Start=3680106555301 End=3680106555303 Duration=2
Task=41 Chunk=2 Start=3680107380619 End=3680107443827 Duration=63208
Task=42 Chunk=0 Start=3680106578224 End=3680106616358 Duration=38134
Task=42 Chunk=1 Start=3680106616382 End=3680106616384 Duration=2
Task=42 Chunk=2 Start=3680107443828 End=3680107505127 Duration=61299
Task=43 Chunk=0 Start=3680106640037 End=3680106678055 Duration=38018
Task=43 Chunk=1 Start=3680106678129 End=3680106678131 Duration=2
Task=43 Chunk=2 Start=3680107505128 End=3680107566806 Duration=61678
Task=44 Chunk=0 Start=3680106700952 End=3680106740822 Duration=39870
Task=44 Chunk=1 Start=3680106740889 End=3680106740891 Duration=2
Task=44 Chunk=2 Start=3680107566807 End=3680107629521 Duration=62714
Task=45 Chunk=0 Start=3680106763960 End=3680106802317 Duration=38357
Task=45 Chunk=1 Start=3680106802382 End=3680106802389 Duration=7
Task=45 Chunk=2 Start=3680107629523 End=3680107690191 Duration=60668
Task=46 Chunk=0 Start=3680106825667 End=3680106863962 Duration=38295
Task=46 Chunk=1 Start=3680106864020 End=3680106864022 Duration=2
Task=46 Chunk=2 Start=3680107690198 End=3680107752425 Duration=62227
Task=47 Chunk=0 Start=3680106886376 End=3680106925249 Duration=38873
Task=47 Chunk=1 Start=3680106925306 End=3680106925309 Duration=3
Task=47 Chunk=2 Start=3680107752427 End=3680107814363 Duration=61936
Task=48 Chunk=0 Start=3680106948437 End=3680106986354 Duration=37917
Task=48 Chunk=1 Start=3680106986394 End=3680106986396 Duration=2
Task=48 Chunk=2 Start=3680107814365 End=3680107875085 Duration=60720
Task=49 Chunk=0 Start=3680107009009 End=3680107048408 Duration=39399
Task=49 Chunk=1 Start=3680107048429 End=3680107048431 Duration=2
Task=49 Chunk=2 Start=3680107875090 End=3680107937799 Duration=62709
Task=50 Chunk=0 Start=3680107071716 End=3680107109817 Duration=38101
Task=50 Chunk=1 Start=3680107109869 End=3680107109871 Duration=2
Task=50 Chunk=2 Start=3680107937801 End=3680107998608 Duration=60807
Task=51 Chunk=0 Start=3680107133560 End=3680107171397 Duration=37837
Task=51 Chunk=1 Start=3680107171435 End=3680107171437 Duration=2
Task=51 Chunk=2 Start=3680107998610 End=3680108062059 Duration=63449
Task=52 Chunk=0 Start=3680107194646 End=3680107233918 Duration=39272
Task=52 Chunk=1 Start=3680107233965 End=3680107233967 Duration=2
Task=52 Chunk=2 Start=3680108062060 End=3680108123746 Duration=61686
Task=53 Chunk=0 Start=3680107256684 End=3680107294828 Duration=38144
Task=53 Chunk=1 Start=3680107294894 End=3680107294896 Duration=2
Task=53 Chunk=2 Start=3680108123747 End=3680108184034 Duration=60287
Task=54 Chunk=0 Start=3680107318806 End=3680107357061 Duration=38255
Task=54 Chunk=1 Start=3680107357120 End=3680107357122 Duration=2
Task=54 Chunk=2 Start=3680108184037 End=3680108246710 Duration=62673
Task=55 Chunk=0 Start=3680107380632 End=3680107419465 Duration=38833
Task=55 Chunk=1 Start=3680107419499 End=3680107419501 Duration=2
Task=55 Chunk=2 Start=3680108246711 End=3680108309128 Duration=62417
Task=56 Chunk=0 Start=3680107443868 End=3680107482025 Duration=38157
Task=56 Chunk=1 Start=3680107482056 End=3680107482058 Duration=2
Task=56 Chunk=2 Start=3680108309129 End=3680108370753 Duration=61624
Task=57 Chunk=0 Start=3680107505147 End=3680107544601 Duration=39454
Task=57 Chunk=1 Start=3680107544617 End=3680107544618 Duration=1
Task=57 Chunk=2 Start=3680108370760 End=3680108433829 Duration=63069
Task=58 Chunk=0 Start=3680107566844 End=3680107604538 Duration=37694
Task=58 Chunk=1 Start=3680107604575 End=3680107604576 Duration=1
Task=58 Chunk=2 Start=3680108433831 End=3680108494675 Duration=60844
Task=59 Chunk=0 Start=3680107629550 End=3680107667462 Duration=37912
Task=59 Chunk=1 Start=3680107667493 End=3680107667495 Duration=2
Task=59 Chunk=2 Start=3680108494676 End=3680108556993 Duration=62317
Task=60 Chunk=0 Start=3680107690220 End=3680107729788 Duration=39568
Task=60 Chunk=1 Start=3680107729831 End=3680107729833 Duration=2
Task=60 Chunk=2 Start=3680108557026 End=3680108618908 Duration=61882
Task=61 Chunk=0 Start=3680107752469 End=3680107790413 Duration=37944
Task=61 Chunk=1 Start=3680107790443 End=3680107790445 Duration=2
Task=61 Chunk=2 Start=3680108618910 End=3680108679621 Duration=60711
Task=62 Chunk=0 Start=3680107814395 End=3680107852365 Duration=37970
Task=62 Chunk=1 Start=3680107852425 End=3680107852427 Duration=2
Task=62 Chunk=2 Start=3680108679624 End=3680108741844 Duration=62220
Task=63 Chunk=0 Start=3680107875100 End=3680107914622 Duration=39522
Task=63 Chunk=1 Start=3680107914649 End=3680107914651 Duration=2
Task=63 Chunk=2 Start=3680108741846 End=3680108803907 Duration=62061
Task=64 Chunk=0 Start=3680107937835 End=3680107975923 Duration=38088
Task=64 Chunk=1 Start=3680107975979 End=3680107975981 Duration=2
Task=64 Chunk=2 Start=3680108803912 End=3680108864406 Duration=60494
Task=65 Chunk=0 Start=3680107998640 End=3680108038251 Duration=39611
Task=65 Chunk=1 Start=3680108038356 End=3680108038358 Duration=2
Task=65 Chunk=2 Start=3680108864412 End=3680108926426 Duration=62014
Task=66 Chunk=0 Start=3680108062080 End=3680108100485 Duration=38405
Task=66 Chunk=1 Start=3680108100515 End=3680108100517 Duration=2
Task=66 Chunk=2 Start=3680108926431 End=3680108988479 Duration=62048
Task=67 Chunk=0 Start=3680108123781 End=3680108161819 Duration=38038
Task=67 Chunk=1 Start=3680108161881 End=3680108161883 Duration=2
Task=67 Chunk=2 Start=3680108988480 End=3680109049627 Duration=61147
Task=68 Chunk=0 Start=3680108184054 End=3680108224169 Duration=40115
Task=68 Chunk=1 Start=3680108224214 End=3680108224217 Duration=3
Task=68 Chunk=2 Start=3680109049629 End=3680109111696 Duration=62067
Task=69 Chunk=0 Start=3680108246741 End=3680108284677 Duration=37936
Task=69 Chunk=1 Start=3680108284694 End=3680108284696 Duration=2
Task=69 Chunk=2 Start=3680109111697 End=3680109172520 Duration=60823
Task=70 Chunk=0 Start=3680108309154 End=3680108346982 Duration=37828
Task=70 Chunk=1 Start=3680108347037 End=3680108347044 Duration=7
Task=70 Chunk=2 Start=3680109172521 End=3680109234600 Duration=62079
Task=71 Chunk=0 Start=3680108370789 End=3680108410004 Duration=39215
Task=71 Chunk=1 Start=3680108410015 End=3680108410017 Duration=2
Task=71 Chunk=2 Start=3680109234602 End=3680109296959 Duration=62357
Task=72 Chunk=0 Start=3680108433842 End=3680108472029 Duration=38187
Task=72 Chunk=1 Start=3680108472042 End=3680108472044 Duration=2
Task=72 Chunk=2 Start=3680109296972 End=3680109357446 Duration=60474
Task=73 Chunk=0 Start=3680108494688 End=3680108534394 Duration=39706
Task=73 Chunk=1 Start=3680108534428 End=3680108534430 Duration=2
Task=73 Chunk=2 Start=3680109357459 End=3680109420085 Duration=62626
Task=74 Chunk=0 Start=3680108557027 End=3680108596522 Duration=39495
Task=74 Chunk=1 Start=3680108596587 End=3680108596589 Duration=2
Task=74 Chunk=2 Start=3680109420086 End=3680109481303 Duration=61217
Task=75 Chunk=0 Start=3680108618938 End=3680108657097 Duration=38159
Task=75 Chunk=1 Start=3680108657166 End=3680108657168 Duration=2
Task=75 Chunk=2 Start=3680109481304 End=3680109541995 Duration=60691
Task=76 Chunk=0 Start=3680108679650 End=3680108718741 Duration=39091
Task=76 Chunk=1 Start=3680108718769 End=3680108718771 Duration=2
Task=76 Chunk=2 Start=3680109542000 End=3680109603762 Duration=61762
Task=77 Chunk=0 Start=3680108741857 End=3680108779756 Duration=37899
Task=77 Chunk=1 Start=3680108779800 End=3680108779802 Duration=2
Task=77 Chunk=2 Start=3680109603763 End=3680109664074 Duration=60311
Task=78 Chunk=0 Start=3680108803949 End=3680108841766 Duration=37817
Task=78 Chunk=1 Start=3680108841844 End=3680108841846 Duration=2
Task=78 Chunk=2 Start=3680109664075 End=3680109726520 Duration=62445
Task=79 Chunk=0 Start=3680108864444 End=3680108903864 Duration=39420
Task=79 Chunk=1 Start=3680108903892 End=3680108903894 Duration=2
Task=79 Chunk=2 Start=3680109726521 End=3680109789091 Duration=62570
Task=80 Chunk=0 Start=3680108926457 End=3680108964321 Duration=37864
Task=80 Chunk=1 Start=3680108964364 End=3680108964366 Duration=2
Task=80 Chunk=2 Start=3680109789092 End=3680109850145 Duration=61053
Task=81 Chunk=0 Start=3680108988521 End=3680109026443 Duration=37922
Task=81 Chunk=1 Start=3680109026470 End=3680109026472 Duration=2
Task=81 Chunk=2 Start=3680109850155 End=3680109911867 Duration=61712
Task=82 Chunk=0 Start=3680109049667 End=3680109089338 Duration=39671
Task=82 Chunk=1 Start=3680109089396 End=3680109089398 Duration=2
Task=82 Chunk=2 Start=3680109911868 End=3680109974265 Duration=62397
Task=83 Chunk=0 Start=3680109111712 End=3680109149895 Duration=38183
Task=83 Chunk=1 Start=3680109149976 End=3680109149977 Duration=1
Task=83 Chunk=2 Start=3680109974266 End=3680110035440 Duration=61174
Task=84 Chunk=0 Start=3680109172547 End=3680109211723 Duration=39176
Task=84 Chunk=1 Start=3680109211748 End=3680109211750 Duration=2
Task=84 Chunk=2 Start=3680110035451 End=3680110097163 Duration=61712
Task=85 Chunk=0 Start=3680109234617 End=3680109272642 Duration=38025
Task=85 Chunk=1 Start=3680109272674 End=3680109272676 Duration=2
Task=85 Chunk=2 Start=3680110097167 End=3680110158540 Duration=61373
Task=86 Chunk=0 Start=3680109296993 End=3680109334897 Duration=37904
Task=86 Chunk=1 Start=3680109334971 End=3680109334973 Duration=2
Task=86 Chunk=2 Start=3680110158549 End=3680110218734 Duration=60185
Task=87 Chunk=0 Start=3680109357471 End=3680109397460 Duration=39989
Task=87 Chunk=1 Start=3680109397516 End=3680109397524 Duration=8
Task=87 Chunk=2 Start=3680110218735 End=3680110277586 Duration=58851
Task=88 Chunk=0 Start=3680109420126 End=3680109457985 Duration=37859
Task=88 Chunk=1 Start=3680109458047 End=3680109458049 Duration=2
Task=88 Chunk=2 Start=3680110277588 End=3680110335664 Duration=58076
Task=89 Chunk=0 Start=3680109481330 End=3680109519316 Duration=37986
Task=89 Chunk=1 Start=3680109519366 End=3680109519368 Duration=2
Task=89 Chunk=2 Start=3680110335665 End=3680110394820 Duration=59155
Task=90 Chunk=0 Start=3680109542039 End=3680109581310 Duration=39271
Task=90 Chunk=1 Start=3680109581370 End=3680109581377 Duration=7
Task=90 Chunk=2 Start=3680110394828 End=3680110453335 Duration=58507
Task=91 Chunk=0 Start=3680109603790 End=3680109641800 Duration=38010
Task=91 Chunk=1 Start=3680109641847 End=3680109641849 Duration=2
Task=91 Chunk=2 Start=3680110453337 End=3680110512784 Duration=59447
Task=92 Chunk=0 Start=3680109664104 End=3680109703965 Duration=39861
Task=92 Chunk=1 Start=3680109704010 End=3680109704018 Duration=8
Task=92 Chunk=2 Start=3680110512785 End=3680110572277 Duration=59492
Task=93 Chunk=0 Start=3680109726536 End=3680109764386 Duration=37850
Task=93 Chunk=1 Start=3680109764435 End=3680109764437 Duration=2
Task=93 Chunk=2 Start=3680110572290 End=3680110630543 Duration=58253
Task=94 Chunk=0 Start=3680109789116 End=3680109827166 Duration=38050
Task=94 Chunk=1 Start=3680109827229 End=3680109827231 Duration=2
Task=94 Chunk=2 Start=3680110630544 End=3680110690082 Duration=59538
Task=95 Chunk=0 Start=3680109850163 End=3680109889777 Duration=39614
Task=95 Chunk=1 Start=3680109889807 End=3680109889811 Duration=4
Task=95 Chunk=2 Start=3680110690109 End=3680110749028 Duration=58919
Task=96 Chunk=0 Start=3680109911888 End=3680109949797 Duration=37909
Task=96 Chunk=1 Start=3680109949818 End=3680109949820 Duration=2
Task=96 Chunk=2 Start=3680110749029 End=3680110808556 Duration=59527
Task=97 Chunk=0 Start=3680109974298 End=3680110012453 Duration=38155
Task=97 Chunk=1 Start=3680110012504 End=3680110012506 Duration=2
Task=97 Chunk=2 Start=3680110808567 End=3680110868136 Duration=59569
Task=98 Chunk=0 Start=3680110035462 End=3680110074652 Duration=39190
Task=98 Chunk=1 Start=3680110074712 End=3680110074719 Duration=7
Task=98 Chunk=2 Start=3680110868137 End=3680110926472 Duration=58335
Task=99 Chunk=0 Start=3680110097196 End=3680110135217 Duration=38021
Task=99 Chunk=1 Start=3680110135245 End=3680110135247 Duration=2
Task=99 Chunk=2 Start=3680110926473 End=3680110985585 Duration=59112
### Python End ###

--------------------------------
[2025-06-26 13:49:51.605] [info] Available Vulkan Layers:
[2025-06-26 13:49:51.605] [warning] Validation layer requested but not available, continuing without it...
[2025-06-26 13:49:51.609] [info] Using integrated GPU: Mali-G710
[2025-06-26 13:49:51.612] [info] VulkanDispatcher instance created.
[2025-06-26 13:49:51.792] [info] Total memory used: 40550404 bytes (38.67188 MB)
[2025-06-26 13:49:51.797] [info] Total memory used: 40550404 bytes (38.67188 MB)
[2025-06-26 13:49:51.876] [info] Total memory used: 40550404 bytes (38.67188 MB)
[2025-06-26 13:49:51.883] [info] Total memory used: 40550404 bytes (38.67188 MB)
[2025-06-26 13:49:51.888] [info] Total memory used: 40550404 bytes (38.67188 MB)
[2025-06-26 13:49:51.962] [info] Total memory used: 40550404 bytes (38.67188 MB)
[2025-06-26 13:49:51.967] [info] Total memory used: 40550404 bytes (38.67188 MB)
[2025-06-26 13:49:51.972] [info] Total memory used: 40550404 bytes (38.67188 MB)
[2025-06-26 13:49:51.978] [info] Total memory used: 40550404 bytes (38.67188 MB)
[2025-06-26 13:49:51.983] [info] Total memory used: 40550404 bytes (38.67188 MB)
[2025-06-26 13:49:52.073] [info] Total memory used: 40550404 bytes (38.67188 MB)
[2025-06-26 13:49:52.079] [info] Total memory used: 40550404 bytes (38.67188 MB)
[2025-06-26 13:49:52.084] [info] Total memory used: 40550404 bytes (38.67188 MB)
[2025-06-26 13:49:52.089] [info] Total memory used: 40550404 bytes (38.67188 MB)
[2025-06-26 13:49:52.094] [info] Total memory used: 40550404 bytes (38.67188 MB)
[2025-06-26 13:49:52.099] [info] Total memory used: 40550404 bytes (38.67188 MB)
### Python Begin ###
Schedule_UID=SCH-B3G1L2M1-G178-1468
Frequency=24576000 Hz
Task=0 Chunk=0 Start=3680123864271 End=3680123904219 Duration=39948
Task=0 Chunk=1 Start=3680123904234 End=3680123904242 Duration=8
Task=0 Chunk=2 Start=3680123904292 End=3680123963853 Duration=59561
Task=0 Chunk=3 Start=3680123963874 End=3680124042625 Duration=78751
Task=1 Chunk=0 Start=3680123904222 End=3680123944355 Duration=40133
Task=1 Chunk=1 Start=3680123944374 End=3680123944375 Duration=1
Task=1 Chunk=2 Start=3680123963865 End=3680123992281 Duration=28416
Task=1 Chunk=3 Start=3680124042628 End=3680124043400 Duration=772
Task=2 Chunk=0 Start=3680123944370 End=3680123983843 Duration=39473
Task=2 Chunk=1 Start=3680123983851 End=3680123983852 Duration=1
Task=2 Chunk=2 Start=3680123992290 End=3680124033511 Duration=41221
Task=2 Chunk=3 Start=3680124043401 End=3680124043628 Duration=227
Task=3 Chunk=0 Start=3680123983844 End=3680124023030 Duration=39186
Task=3 Chunk=1 Start=3680124023035 End=3680124023036 Duration=1
Task=3 Chunk=2 Start=3680124033523 End=3680124061931 Duration=28408
Task=3 Chunk=3 Start=3680124061964 End=3680124062250 Duration=286
Task=4 Chunk=0 Start=3680124023031 End=3680124065453 Duration=42422
Task=4 Chunk=1 Start=3680124225728 End=3680124225764 Duration=36
Task=4 Chunk=2 Start=3680124225779 End=3680124254133 Duration=28354
Task=4 Chunk=3 Start=3680124254232 End=3680124254857 Duration=625
Task=5 Chunk=0 Start=3680124065460 End=3680124102656 Duration=37196
Task=5 Chunk=1 Start=3680124225767 End=3680124225768 Duration=1
Task=5 Chunk=2 Start=3680124254141 End=3680124282047 Duration=27906
Task=5 Chunk=3 Start=3680124282136 End=3680124282448 Duration=312
Task=6 Chunk=0 Start=3680124102657 End=3680124141612 Duration=38955
Task=6 Chunk=1 Start=3680124225769 End=3680124225770 Duration=1
Task=6 Chunk=2 Start=3680124282057 End=3680124310298 Duration=28241
Task=6 Chunk=3 Start=3680124310362 End=3680124310544 Duration=182
Task=7 Chunk=0 Start=3680124141613 End=3680124179028 Duration=37415
Task=7 Chunk=1 Start=3680124225772 End=3680124225773 Duration=1
Task=7 Chunk=2 Start=3680124310305 End=3680124340888 Duration=30583
Task=7 Chunk=3 Start=3680124340988 End=3680124341299 Duration=311
Task=8 Chunk=0 Start=3680124179029 End=3680124216462 Duration=37433
Task=8 Chunk=1 Start=3680124225774 End=3680124225775 Duration=1
Task=8 Chunk=2 Start=3680124340898 End=3680124368621 Duration=27723
Task=8 Chunk=3 Start=3680124368719 End=3680124369031 Duration=312
Task=9 Chunk=0 Start=3680124216463 End=3680124259054 Duration=42591
Task=9 Chunk=1 Start=3680124259220 End=3680124259222 Duration=2
Task=9 Chunk=2 Start=3680124368629 End=3680124396127 Duration=27498
Task=9 Chunk=3 Start=3680124396208 End=3680124396509 Duration=301
Task=10 Chunk=0 Start=3680124259060 End=3680124300168 Duration=41108
Task=10 Chunk=1 Start=3680124300330 End=3680124300333 Duration=3
Task=10 Chunk=2 Start=3680124396137 End=3680124429290 Duration=33153
Task=10 Chunk=3 Start=3680124429393 End=3680124429761 Duration=368
Task=11 Chunk=0 Start=3680124300171 End=3680124356217 Duration=56046
Task=11 Chunk=1 Start=3680124356251 End=3680124356259 Duration=8
Task=11 Chunk=2 Start=3680124429300 End=3680124456878 Duration=27578
Task=11 Chunk=3 Start=3680124456928 End=3680124457114 Duration=186
Task=12 Chunk=0 Start=3680124356235 End=3680124411367 Duration=55132
Task=12 Chunk=1 Start=3680124411391 End=3680124411392 Duration=1
Task=12 Chunk=2 Start=3680124456888 End=3680124484441 Duration=27553
Task=12 Chunk=3 Start=3680124484547 End=3680124484723 Duration=176
Task=13 Chunk=0 Start=3680124411375 End=3680124470131 Duration=58756
Task=13 Chunk=1 Start=3680124470159 End=3680124470165 Duration=6
Task=13 Chunk=2 Start=3680124484451 End=3680124511633 Duration=27182
Task=13 Chunk=3 Start=3680124511642 End=3680124511811 Duration=169
Task=14 Chunk=0 Start=3680124470145 End=3680124545097 Duration=74952
Task=14 Chunk=1 Start=3680124545114 End=3680124545115 Duration=1
Task=14 Chunk=2 Start=3680124545143 End=3680124572545 Duration=27402
Task=14 Chunk=3 Start=3680124572606 End=3680124572810 Duration=204
Task=15 Chunk=0 Start=3680124545098 End=3680124618806 Duration=73708
Task=15 Chunk=1 Start=3680124618836 End=3680124618837 Duration=1
Task=15 Chunk=2 Start=3680124619135 End=3680124646758 Duration=27623
Task=15 Chunk=3 Start=3680124646805 End=3680124647011 Duration=206
Task=16 Chunk=0 Start=3680124618819 End=3680124691809 Duration=72990
Task=16 Chunk=1 Start=3680124691835 End=3680124691836 Duration=1
Task=16 Chunk=2 Start=3680124691865 End=3680124725406 Duration=33541
Task=16 Chunk=3 Start=3680124725435 End=3680124725684 Duration=249
Task=17 Chunk=0 Start=3680124691818 End=3680124765383 Duration=73565
Task=17 Chunk=1 Start=3680124765404 End=3680124765405 Duration=1
Task=17 Chunk=2 Start=3680124765424 End=3680124792696 Duration=27272
Task=17 Chunk=3 Start=3680124792767 End=3680124792941 Duration=174
Task=18 Chunk=0 Start=3680124765384 End=3680124839964 Duration=74580
Task=18 Chunk=1 Start=3680124839989 End=3680124839990 Duration=1
Task=18 Chunk=2 Start=3680124840026 End=3680124867370 Duration=27344
Task=18 Chunk=3 Start=3680124867434 End=3680124867647 Duration=213
Task=19 Chunk=0 Start=3680124839965 End=3680124913503 Duration=73538
Task=19 Chunk=1 Start=3680124913522 End=3680124913523 Duration=1
Task=19 Chunk=2 Start=3680124914249 End=3680124941776 Duration=27527
Task=19 Chunk=3 Start=3680124941792 End=3680124942161 Duration=369
Task=20 Chunk=0 Start=3680124913504 End=3680124988154 Duration=74650
Task=20 Chunk=1 Start=3680124988178 End=3680124988179 Duration=1
Task=20 Chunk=2 Start=3680124988233 End=3680125018082 Duration=29849
Task=20 Chunk=3 Start=3680125018097 End=3680125018273 Duration=176
Task=21 Chunk=0 Start=3680124988156 End=3680125063469 Duration=75313
Task=21 Chunk=1 Start=3680125063491 End=3680125063492 Duration=1
Task=21 Chunk=2 Start=3680125063540 End=3680125091437 Duration=27897
Task=21 Chunk=3 Start=3680125091448 End=3680125091533 Duration=85
Task=22 Chunk=0 Start=3680125063480 End=3680125137201 Duration=73721
Task=22 Chunk=1 Start=3680125137217 End=3680125137218 Duration=1
Task=22 Chunk=2 Start=3680125137274 End=3680125164969 Duration=27695
Task=22 Chunk=3 Start=3680125164981 End=3680125165088 Duration=107
Task=23 Chunk=0 Start=3680125137202 End=3680125211556 Duration=74354
Task=23 Chunk=1 Start=3680125211568 End=3680125211569 Duration=1
Task=23 Chunk=2 Start=3680125211595 End=3680125239137 Duration=27542
Task=23 Chunk=3 Start=3680125239155 End=3680125239235 Duration=80
Task=24 Chunk=0 Start=3680125211557 End=3680125285299 Duration=73742
Task=24 Chunk=1 Start=3680125285315 End=3680125285316 Duration=1
Task=24 Chunk=2 Start=3680125285364 End=3680125316228 Duration=30864
Task=24 Chunk=3 Start=3680125346839 End=3680125347251 Duration=412
Task=25 Chunk=0 Start=3680125285300 End=3680125359140 Duration=73840
Task=25 Chunk=1 Start=3680125359153 End=3680125359160 Duration=7
Task=25 Chunk=2 Start=3680125359194 End=3680125386603 Duration=27409
Task=25 Chunk=3 Start=3680125386616 End=3680125386694 Duration=78
Task=26 Chunk=0 Start=3680125359140 End=3680125434263 Duration=75123
Task=26 Chunk=1 Start=3680125434276 End=3680125434277 Duration=1
Task=26 Chunk=2 Start=3680125434326 End=3680125469773 Duration=35447
Task=26 Chunk=3 Start=3680125469794 End=3680125469872 Duration=78
Task=27 Chunk=0 Start=3680125434264 End=3680125507988 Duration=73724
Task=27 Chunk=1 Start=3680125508005 End=3680125508006 Duration=1
Task=27 Chunk=2 Start=3680125508029 End=3680125535704 Duration=27675
Task=27 Chunk=3 Start=3680125535720 End=3680125535800 Duration=80
Task=28 Chunk=0 Start=3680125507989 End=3680125582093 Duration=74104
Task=28 Chunk=1 Start=3680125582120 End=3680125582121 Duration=1
Task=28 Chunk=2 Start=3680125582135 End=3680125613178 Duration=31043
Task=28 Chunk=3 Start=3680125613199 End=3680125613300 Duration=101
Task=29 Chunk=0 Start=3680125582109 End=3680125628038 Duration=45929
Task=29 Chunk=1 Start=3680125628124 End=3680125628130 Duration=6
Task=29 Chunk=2 Start=3680125628143 End=3680125655943 Duration=27800
Task=29 Chunk=3 Start=3680125655964 End=3680125656032 Duration=68
Task=30 Chunk=0 Start=3680125628048 End=3680125665977 Duration=37929
Task=30 Chunk=1 Start=3680125666127 End=3680125666134 Duration=7
Task=30 Chunk=2 Start=3680125666175 End=3680125693791 Duration=27616
Task=30 Chunk=3 Start=3680125693805 End=3680125693874 Duration=69
Task=31 Chunk=0 Start=3680125665978 End=3680125706083 Duration=40105
Task=31 Chunk=1 Start=3680125706436 End=3680125706442 Duration=6
Task=31 Chunk=2 Start=3680125706476 End=3680125734360 Duration=27884
Task=31 Chunk=3 Start=3680125734369 End=3680125734451 Duration=82
Task=32 Chunk=0 Start=3680125706101 End=3680125752081 Duration=45980
Task=32 Chunk=1 Start=3680125752151 End=3680125752158 Duration=7
Task=32 Chunk=2 Start=3680125752182 End=3680125779436 Duration=27254
Task=32 Chunk=3 Start=3680125779453 End=3680125779540 Duration=87
Task=33 Chunk=0 Start=3680125752082 End=3680125798602 Duration=46520
Task=33 Chunk=1 Start=3680125798896 End=3680125798898 Duration=2
Task=33 Chunk=2 Start=3680125798940 End=3680125826326 Duration=27386
Task=33 Chunk=3 Start=3680125826341 End=3680125826419 Duration=78
Task=34 Chunk=0 Start=3680125798603 End=3680125844477 Duration=45874
Task=34 Chunk=1 Start=3680125844671 End=3680125844680 Duration=9
Task=34 Chunk=2 Start=3680125844716 End=3680125872128 Duration=27412
Task=34 Chunk=3 Start=3680125872138 End=3680125872215 Duration=77
Task=35 Chunk=0 Start=3680125844479 End=3680125890524 Duration=46045
Task=35 Chunk=1 Start=3680125890646 End=3680125890649 Duration=3
Task=35 Chunk=2 Start=3680125890678 End=3680125924111 Duration=33433
Task=35 Chunk=3 Start=3680125924139 End=3680125924242 Duration=103
Task=36 Chunk=0 Start=3680125890527 End=3680125946447 Duration=55920
Task=36 Chunk=2 Start=3680125946504 End=3680125974556 Duration=28052
Task=36 Chunk=3 Start=3680125974569 End=3680125974644 Duration=75
Task=37 Chunk=0 Start=3680125946456 End=3680126001589 Duration=55133
Task=37 Chunk=1 Start=3680126001605 End=3680126001606 Duration=1
Task=37 Chunk=2 Start=3680126001622 End=3680126029285 Duration=27663
Task=37 Chunk=3 Start=3680126029300 End=3680126029389 Duration=89
Task=38 Chunk=0 Start=3680126001594 End=3680126055482 Duration=53888
Task=38 Chunk=1 Start=3680126055499 End=3680126055500 Duration=1
Task=38 Chunk=2 Start=3680126055558 End=3680126083171 Duration=27613
Task=38 Chunk=3 Start=3680126083180 End=3680126083264 Duration=84
Task=39 Chunk=0 Start=3680126055484 End=3680126128809 Duration=73325
Task=39 Chunk=1 Start=3680126128837 End=3680126128844 Duration=7
Task=39 Chunk=2 Start=3680126128855 End=3680126156285 Duration=27430
Task=39 Chunk=3 Start=3680126156293 End=3680126156376 Duration=83
Task=40 Chunk=0 Start=3680126128814 End=3680126200337 Duration=71523
Task=40 Chunk=1 Start=3680126200457 End=3680126200458 Duration=1
Task=40 Chunk=2 Start=3680126200473 End=3680126228124 Duration=27651
Task=40 Chunk=3 Start=3680126228136 End=3680126228207 Duration=71
Task=41 Chunk=0 Start=3680126200342 End=3680126238323 Duration=37981
Task=41 Chunk=1 Start=3680126238484 End=3680126238490 Duration=6
Task=41 Chunk=2 Start=3680126238538 End=3680126265974 Duration=27436
Task=41 Chunk=3 Start=3680126265989 End=3680126266056 Duration=67
Task=42 Chunk=0 Start=3680126238324 End=3680126277184 Duration=38860
Task=42 Chunk=1 Start=3680126277304 End=3680126277307 Duration=3
Task=42 Chunk=2 Start=3680126277362 End=3680126306874 Duration=29512
Task=42 Chunk=3 Start=3680126306891 End=3680126306977 Duration=86
Task=43 Chunk=0 Start=3680126277194 End=3680126324068 Duration=46874
Task=43 Chunk=1 Start=3680126324165 End=3680126324166 Duration=1
Task=43 Chunk=2 Start=3680126324189 End=3680126351669 Duration=27480
Task=43 Chunk=3 Start=3680126351687 End=3680126351753 Duration=66
Task=44 Chunk=0 Start=3680126324070 End=3680126369716 Duration=45646
Task=44 Chunk=1 Start=3680126369757 End=3680126369760 Duration=3
Task=44 Chunk=2 Start=3680126369818 End=3680126399405 Duration=29587
Task=44 Chunk=3 Start=3680126399426 End=3680126399502 Duration=76
Task=45 Chunk=0 Start=3680126369717 End=3680126416305 Duration=46588
Task=45 Chunk=1 Start=3680126416430 End=3680126416436 Duration=6
Task=45 Chunk=2 Start=3680126416452 End=3680126444053 Duration=27601
Task=45 Chunk=3 Start=3680126444069 End=3680126444133 Duration=64
Task=46 Chunk=0 Start=3680126416306 End=3680126462272 Duration=45966
Task=46 Chunk=1 Start=3680126462339 End=3680126462341 Duration=2
Task=46 Chunk=2 Start=3680126462412 End=3680126494363 Duration=31951
Task=46 Chunk=3 Start=3680126494380 End=3680126494481 Duration=101
Task=47 Chunk=0 Start=3680126462272 End=3680126519575 Duration=57303
Task=47 Chunk=1 Start=3680126519586 End=3680126519587 Duration=1
Task=47 Chunk=2 Start=3680126519614 End=3680126546935 Duration=27321
Task=47 Chunk=3 Start=3680126546950 End=3680126547014 Duration=64
Task=48 Chunk=0 Start=3680126519576 End=3680126573625 Duration=54049
Task=48 Chunk=1 Start=3680126573645 End=3680126573646 Duration=1
Task=48 Chunk=2 Start=3680126573684 End=3680126603416 Duration=29732
Task=48 Chunk=3 Start=3680126603435 End=3680126603528 Duration=93
Task=49 Chunk=0 Start=3680126573626 End=3680126628780 Duration=55154
Task=49 Chunk=1 Start=3680126628799 End=3680126628800 Duration=1
Task=49 Chunk=2 Start=3680126628823 End=3680126656335 Duration=27512
Task=49 Chunk=3 Start=3680126656353 End=3680126656440 Duration=87
Task=50 Chunk=0 Start=3680126628781 End=3680126702182 Duration=73401
Task=50 Chunk=1 Start=3680126702195 End=3680126702196 Duration=1
Task=50 Chunk=2 Start=3680126702248 End=3680126729929 Duration=27681
Task=50 Chunk=3 Start=3680126729946 End=3680126730023 Duration=77
Task=51 Chunk=0 Start=3680126702183 End=3680126776627 Duration=74444
Task=51 Chunk=2 Start=3680126776658 End=3680126817791 Duration=41133
Task=51 Chunk=3 Start=3680126817817 End=3680126817937 Duration=120
Task=52 Chunk=0 Start=3680126776629 End=3680126823206 Duration=46577
Task=52 Chunk=1 Start=3680126823287 End=3680126823288 Duration=1
Task=52 Chunk=2 Start=3680126823312 End=3680126850945 Duration=27633
Task=52 Chunk=3 Start=3680126850954 End=3680126851019 Duration=65
Task=53 Chunk=0 Start=3680126823217 End=3680126861154 Duration=37937
Task=53 Chunk=1 Start=3680126861279 End=3680126861280 Duration=1
Task=53 Chunk=2 Start=3680126861335 End=3680127306005 Duration=444670
Task=53 Chunk=3 Start=3680127306032 End=3680127306232 Duration=200
Task=54 Chunk=0 Start=3680126861157 End=3680126908016 Duration=46859
Task=54 Chunk=1 Start=3680126908131 End=3680126908133 Duration=2
Task=54 Chunk=2 Start=3680127306029 End=3680127360776 Duration=54747
Task=54 Chunk=3 Start=3680127360788 End=3680127360866 Duration=78
Task=55 Chunk=0 Start=3680126908017 End=3680126953753 Duration=45736
Task=55 Chunk=1 Start=3680126953778 End=3680126953779 Duration=1
Task=55 Chunk=2 Start=3680127360787 End=3680127417499 Duration=56712
Task=55 Chunk=3 Start=3680127417598 End=3680127417876 Duration=278
Task=56 Chunk=0 Start=3680126953754 End=3680127000324 Duration=46570
Task=56 Chunk=1 Start=3680127000527 End=3680127000528 Duration=1
Task=56 Chunk=2 Start=3680127417513 End=3680127474327 Duration=56814
Task=56 Chunk=3 Start=3680127474366 End=3680127474529 Duration=163
Task=57 Chunk=0 Start=3680127000325 End=3680127046068 Duration=45743
Task=57 Chunk=1 Start=3680127046178 End=3680127046186 Duration=8
Task=57 Chunk=2 Start=3680127474356 End=3680127529119 Duration=54763
Task=57 Chunk=3 Start=3680127529130 End=3680127529210 Duration=80
Task=58 Chunk=0 Start=3680127046070 End=3680127093312 Duration=47242
Task=58 Chunk=1 Start=3680127093385 End=3680127093388 Duration=3
Task=58 Chunk=2 Start=3680127529134 End=3680127574463 Duration=45329
Task=58 Chunk=3 Start=3680127574479 End=3680127574627 Duration=148
Task=59 Chunk=0 Start=3680127093313 End=3680127138961 Duration=45648
Task=59 Chunk=1 Start=3680127139086 End=3680127139089 Duration=3
Task=59 Chunk=2 Start=3680127574471 End=3680127601892 Duration=27421
Task=59 Chunk=3 Start=3680127601908 End=3680127601973 Duration=65
Task=60 Chunk=0 Start=3680127138962 End=3680127186243 Duration=47281
Task=60 Chunk=1 Start=3680127186325 End=3680127186327 Duration=2
Task=60 Chunk=2 Start=3680127601898 End=3680127629651 Duration=27753
Task=60 Chunk=3 Start=3680127629669 End=3680127629778 Duration=109
Task=61 Chunk=0 Start=3680127186244 End=3680127231788 Duration=45544
Task=61 Chunk=1 Start=3680127231830 End=3680127231832 Duration=2
Task=61 Chunk=2 Start=3680127629660 End=3680127659552 Duration=29892
Task=61 Chunk=3 Start=3680127659562 End=3680127659626 Duration=64
Task=62 Chunk=0 Start=3680127231789 End=3680127278812 Duration=47023
Task=62 Chunk=1 Start=3680127278986 End=3680127278988 Duration=2
Task=62 Chunk=2 Start=3680127659559 End=3680127689836 Duration=30277
Task=62 Chunk=3 Start=3680127689866 End=3680127689970 Duration=104
Task=63 Chunk=0 Start=3680127278813 End=3680127326585 Duration=47772
Task=63 Chunk=1 Start=3680127326754 End=3680127326756 Duration=2
Task=63 Chunk=2 Start=3680127689860 End=3680127717143 Duration=27283
Task=63 Chunk=3 Start=3680127717160 End=3680127717237 Duration=77
Task=64 Chunk=0 Start=3680127326598 End=3680127375390 Duration=48792
Task=64 Chunk=1 Start=3680127375399 End=3680127375430 Duration=31
Task=64 Chunk=2 Start=3680127717153 End=3680127744687 Duration=27534
Task=64 Chunk=3 Start=3680127744705 End=3680127744810 Duration=105
Task=65 Chunk=0 Start=3680127375391 End=3680127413081 Duration=37690
Task=65 Chunk=2 Start=3680127744696 End=3680127774425 Duration=29729
Task=65 Chunk=3 Start=3680127774443 End=3680127774515 Duration=72
Task=66 Chunk=0 Start=3680127413082 End=3680127452027 Duration=38945
Task=66 Chunk=1 Start=3680127452055 End=3680127452056 Duration=1
Task=66 Chunk=2 Start=3680127774435 End=3680127802332 Duration=27897
Task=66 Chunk=3 Start=3680127802348 End=3680127802413 Duration=65
Task=67 Chunk=0 Start=3680127452037 End=3680127491923 Duration=39886
Task=67 Chunk=1 Start=3680127537971 End=3680127537979 Duration=8
Task=67 Chunk=2 Start=3680127802348 End=3680127829842 Duration=27494
Task=67 Chunk=3 Start=3680127829851 End=3680127829919 Duration=68
Task=68 Chunk=0 Start=3680127491928 End=3680127529227 Duration=37299
Task=68 Chunk=1 Start=3680127537988 End=3680127537989 Duration=1
Task=68 Chunk=2 Start=3680127829848 End=3680127857203 Duration=27355
Task=68 Chunk=3 Start=3680127857212 End=3680127857274 Duration=62
Task=69 Chunk=0 Start=3680127529233 End=3680127640864 Duration=111631
Task=69 Chunk=1 Start=3680127650384 End=3680127650385 Duration=1
Task=69 Chunk=2 Start=3680127857210 End=3680127886660 Duration=29450
Task=69 Chunk=3 Start=3680127886670 End=3680127886812 Duration=142
Task=70 Chunk=0 Start=3680127640870 End=3680127720171 Duration=79301
Task=70 Chunk=1 Start=3680127759991 End=3680127759992 Duration=1
Task=70 Chunk=2 Start=3680127886668 End=3680127914170 Duration=27502
Task=70 Chunk=3 Start=3680127914186 End=3680127914266 Duration=80
Task=71 Chunk=0 Start=3680127720182 End=3680127800363 Duration=80181
Task=71 Chunk=1 Start=3680127800389 End=3680127800390 Duration=1
Task=71 Chunk=2 Start=3680127914179 End=3680127943925 Duration=29746
Task=71 Chunk=3 Start=3680127943934 End=3680127943997 Duration=63
Task=72 Chunk=0 Start=3680127800364 End=3680127876614 Duration=76250
Task=72 Chunk=1 Start=3680127876639 End=3680127876640 Duration=1
Task=72 Chunk=2 Start=3680127943937 End=3680127974908 Duration=30971
Task=72 Chunk=3 Start=3680127974926 End=3680127975001 Duration=75
Task=73 Chunk=0 Start=3680127876615 End=3680127952084 Duration=75469
Task=73 Chunk=1 Start=3680127952109 End=3680127952110 Duration=1
Task=73 Chunk=2 Start=3680127974919 End=3680128002281 Duration=27362
Task=73 Chunk=3 Start=3680128002291 End=3680128002356 Duration=65
Task=74 Chunk=0 Start=3680127952105 End=3680128028562 Duration=76457
Task=74 Chunk=1 Start=3680128028580 End=3680128028581 Duration=1
Task=74 Chunk=2 Start=3680128028608 End=3680128055951 Duration=27343
Task=74 Chunk=3 Start=3680128055968 End=3680128056034 Duration=66
Task=75 Chunk=0 Start=3680128028563 End=3680128103994 Duration=75431
Task=75 Chunk=1 Start=3680128104023 End=3680128104024 Duration=1
Task=75 Chunk=2 Start=3680128104039 End=3680128131725 Duration=27686
Task=75 Chunk=3 Start=3680128131733 End=3680128131809 Duration=76
Task=76 Chunk=0 Start=3680128103995 End=3680128177898 Duration=73903
Task=76 Chunk=1 Start=3680128177918 End=3680128177919 Duration=1
Task=76 Chunk=2 Start=3680128177944 End=3680128206035 Duration=28091
Task=76 Chunk=3 Start=3680128206041 End=3680128206114 Duration=73
Task=77 Chunk=0 Start=3680128177899 End=3680128252052 Duration=74153
Task=77 Chunk=1 Start=3680128252086 End=3680128252087 Duration=1
Task=77 Chunk=2 Start=3680128252103 End=3680128282147 Duration=30044
Task=77 Chunk=3 Start=3680128282166 End=3680128282273 Duration=107
Task=78 Chunk=0 Start=3680128252071 End=3680128292856 Duration=40785
Task=78 Chunk=1 Start=3680128292968 End=3680128292969 Duration=1
Task=78 Chunk=2 Start=3680128293013 End=3680128321135 Duration=28122
Task=78 Chunk=3 Start=3680128321149 End=3680128321231 Duration=82
Task=79 Chunk=0 Start=3680128292857 End=3680128330974 Duration=38117
Task=79 Chunk=1 Start=3680128331101 End=3680128331103 Duration=2
Task=79 Chunk=2 Start=3680128331154 End=3680128364693 Duration=33539
Task=79 Chunk=3 Start=3680128364703 End=3680128364798 Duration=95
Task=80 Chunk=0 Start=3680128330975 End=3680128377721 Duration=46746
Task=80 Chunk=1 Start=3680128377803 End=3680128377804 Duration=1
Task=80 Chunk=2 Start=3680128377840 End=3680128405431 Duration=27591
Task=80 Chunk=3 Start=3680128405441 End=3680128405519 Duration=78
Task=81 Chunk=0 Start=3680128377722 End=3680128424058 Duration=46336
Task=81 Chunk=1 Start=3680128424092 End=3680128424093 Duration=1
Task=81 Chunk=2 Start=3680128424112 End=3680128454264 Duration=30152
Task=81 Chunk=3 Start=3680128454272 End=3680128454345 Duration=73
Task=82 Chunk=0 Start=3680128424059 End=3680128471101 Duration=47042
Task=82 Chunk=1 Start=3680128471170 End=3680128471171 Duration=1
Task=82 Chunk=2 Start=3680128471217 End=3680128498824 Duration=27607
Task=82 Chunk=3 Start=3680128498832 End=3680128498913 Duration=81
Task=83 Chunk=0 Start=3680128471102 End=3680128517282 Duration=46180
Task=83 Chunk=1 Start=3680128517447 End=3680128517448 Duration=1
Task=83 Chunk=2 Start=3680128517507 End=3680128547145 Duration=29638
Task=83 Chunk=3 Start=3680128547154 End=3680128547219 Duration=65
Task=84 Chunk=0 Start=3680128517288 End=3680128573583 Duration=56295
Task=84 Chunk=1 Start=3680128573607 End=3680128573608 Duration=1
Task=84 Chunk=2 Start=3680128573637 End=3680128601109 Duration=27472
Task=84 Chunk=3 Start=3680128601128 End=3680128601197 Duration=69
Task=85 Chunk=0 Start=3680128573585 End=3680128627622 Duration=54037
Task=85 Chunk=1 Start=3680128627638 End=3680128627639 Duration=1
Task=85 Chunk=2 Start=3680128627649 End=3680128663041 Duration=35392
Task=85 Chunk=3 Start=3680128663063 End=3680128663162 Duration=99
Task=86 Chunk=0 Start=3680128627633 End=3680128682555 Duration=54922
Task=86 Chunk=1 Start=3680128682582 End=3680128682583 Duration=1
Task=86 Chunk=2 Start=3680128682616 End=3680128710171 Duration=27555
Task=86 Chunk=3 Start=3680128710181 End=3680128710257 Duration=76
Task=87 Chunk=0 Start=3680128682556 End=3680128748460 Duration=65904
Task=87 Chunk=1 Start=3680128748476 End=3680128748477 Duration=1
Task=87 Chunk=2 Start=3680128748528 End=3680128776309 Duration=27781
Task=87 Chunk=3 Start=3680128776325 End=3680128776398 Duration=73
Task=88 Chunk=0 Start=3680128748461 End=3680128821721 Duration=73260
Task=88 Chunk=1 Start=3680128821737 End=3680128821738 Duration=1
Task=88 Chunk=2 Start=3680128821746 End=3680128853080 Duration=31334
Task=88 Chunk=3 Start=3680128853096 End=3680128853165 Duration=69
Task=89 Chunk=0 Start=3680128821722 End=3680128897455 Duration=75733
Task=89 Chunk=1 Start=3680128897473 End=3680128897474 Duration=1
Task=89 Chunk=2 Start=3680128897506 End=3680128925026 Duration=27520
Task=89 Chunk=3 Start=3680128925036 End=3680128925119 Duration=83
Task=90 Chunk=0 Start=3680128897456 End=3680128972964 Duration=75508
Task=90 Chunk=1 Start=3680128972978 End=3680128972979 Duration=1
Task=90 Chunk=2 Start=3680128973002 End=3680129000817 Duration=27815
Task=90 Chunk=3 Start=3680129000839 End=3680129000909 Duration=70
Task=91 Chunk=0 Start=3680128972965 End=3680129049134 Duration=76169
Task=91 Chunk=1 Start=3680129049145 End=3680129049146 Duration=1
Task=91 Chunk=2 Start=3680129049156 End=3680129077124 Duration=27968
Task=91 Chunk=3 Start=3680129077137 End=3680129077215 Duration=78
Task=92 Chunk=0 Start=3680129049135 End=3680129122262 Duration=73127
Task=92 Chunk=1 Start=3680129122287 End=3680129122288 Duration=1
Task=92 Chunk=2 Start=3680129122303 End=3680129152942 Duration=30639
Task=92 Chunk=3 Start=3680129152963 End=3680129153059 Duration=96
Task=93 Chunk=0 Start=3680129122274 End=3680129198055 Duration=75781
Task=93 Chunk=1 Start=3680129198079 End=3680129198080 Duration=1
Task=93 Chunk=2 Start=3680129198098 End=3680129225575 Duration=27477
Task=93 Chunk=3 Start=3680129225580 End=3680129225649 Duration=69
Task=94 Chunk=0 Start=3680129198064 End=3680129272912 Duration=74848
Task=94 Chunk=1 Start=3680129272937 End=3680129272938 Duration=1
Task=94 Chunk=2 Start=3680129272962 End=3680129300635 Duration=27673
Task=94 Chunk=3 Start=3680129300647 End=3680129300726 Duration=79
Task=95 Chunk=0 Start=3680129272913 End=3680129346532 Duration=73619
Task=95 Chunk=1 Start=3680129346553 End=3680129346554 Duration=1
Task=95 Chunk=2 Start=3680129346568 End=3680129374203 Duration=27635
Task=95 Chunk=3 Start=3680129374211 End=3680129374278 Duration=67
Task=96 Chunk=0 Start=3680129346533 End=3680129420127 Duration=73594
Task=96 Chunk=1 Start=3680129420139 End=3680129420140 Duration=1
Task=96 Chunk=2 Start=3680129420181 End=3680129453479 Duration=33298
Task=96 Chunk=3 Start=3680129453488 End=3680129453557 Duration=69
Task=97 Chunk=0 Start=3680129420128 End=3680129493821 Duration=73693
Task=97 Chunk=1 Start=3680129493847 End=3680129493848 Duration=1
Task=97 Chunk=2 Start=3680129493899 End=3680129521559 Duration=27660
Task=97 Chunk=3 Start=3680129521584 End=3680129521651 Duration=67
Task=98 Chunk=0 Start=3680129493821 End=3680129568603 Duration=74782
Task=98 Chunk=2 Start=3680129568636 End=3680129596400 Duration=27764
Task=98 Chunk=3 Start=3680129596418 End=3680129596482 Duration=64
Task=99 Chunk=0 Start=3680129568604 End=3680129640636 Duration=72032
Task=99 Chunk=1 Start=3680129641023 End=3680129641024 Duration=1
Task=99 Chunk=2 Start=3680129641050 End=3680129668750 Duration=27700
Task=99 Chunk=3 Start=3680129668775 End=3680129668849 Duration=74
### Python End ###

--------------------------------
[2025-06-26 13:49:52.365] [info] Available Vulkan Layers:
[2025-06-26 13:49:52.365] [warning] Validation layer requested but not available, continuing without it...
[2025-06-26 13:49:52.368] [info] Using integrated GPU: Mali-G710
[2025-06-26 13:49:52.371] [info] VulkanDispatcher instance created.
[2025-06-26 13:49:52.539] [info] Total memory used: 40550404 bytes (38.67188 MB)
[2025-06-26 13:49:52.544] [info] Total memory used: 40550404 bytes (38.67188 MB)
[2025-06-26 13:49:52.611] [info] Total memory used: 40550404 bytes (38.67188 MB)
[2025-06-26 13:49:52.617] [info] Total memory used: 40550404 bytes (38.67188 MB)
[2025-06-26 13:49:52.624] [info] Total memory used: 40550404 bytes (38.67188 MB)
[2025-06-26 13:49:52.696] [info] Total memory used: 40550404 bytes (38.67188 MB)
[2025-06-26 13:49:52.701] [info] Total memory used: 40550404 bytes (38.67188 MB)
[2025-06-26 13:49:52.706] [info] Total memory used: 40550404 bytes (38.67188 MB)
[2025-06-26 13:49:52.712] [info] Total memory used: 40550404 bytes (38.67188 MB)
[2025-06-26 13:49:52.717] [info] Total memory used: 40550404 bytes (38.67188 MB)
[2025-06-26 13:49:52.807] [info] Total memory used: 40550404 bytes (38.67188 MB)
[2025-06-26 13:49:52.812] [info] Total memory used: 40550404 bytes (38.67188 MB)
[2025-06-26 13:49:52.818] [info] Total memory used: 40550404 bytes (38.67188 MB)
[2025-06-26 13:49:52.823] [info] Total memory used: 40550404 bytes (38.67188 MB)
[2025-06-26 13:49:52.828] [info] Total memory used: 40550404 bytes (38.67188 MB)
[2025-06-26 13:49:52.833] [info] Total memory used: 40550404 bytes (38.67188 MB)
### Python Begin ###
Schedule_UID=SCH-M2G2B3-G190-be34
Frequency=24576000 Hz
Task=0 Chunk=0 Start=3680141891115 End=3680141950967 Duration=59852
Task=0 Chunk=1 Start=3680141950979 End=3680142120884 Duration=169905
Task=0 Chunk=2 Start=3680142125233 End=3680142495492 Duration=370259
Task=1 Chunk=0 Start=3680141950977 End=3680141974571 Duration=23594
Task=1 Chunk=1 Start=3680142120896 End=3680142206775 Duration=85879
Task=1 Chunk=2 Start=3680142495493 End=3680142571868 Duration=76375
Task=2 Chunk=0 Start=3680141974572 End=3680141997291 Duration=22719
Task=2 Chunk=1 Start=3680142206779 End=3680142284330 Duration=77551
Task=2 Chunk=2 Start=3680142571869 End=3680142647498 Duration=75629
Task=3 Chunk=0 Start=3680141997292 End=3680142021821 Duration=24529
Task=3 Chunk=1 Start=3680142284331 End=3680142359962 Duration=75631
Task=3 Chunk=2 Start=3680142647503 End=3680142723138 Duration=75635
Task=4 Chunk=0 Start=3680142021826 End=3680142044749 Duration=22923
Task=4 Chunk=1 Start=3680142359963 End=3680142436991 Duration=77028
Task=4 Chunk=2 Start=3680142723140 End=3680142797837 Duration=74697
Task=5 Chunk=0 Start=3680142044753 End=3680142067512 Duration=22759
Task=5 Chunk=1 Start=3680142436992 End=3680142514014 Duration=77022
Task=5 Chunk=2 Start=3680142797845 End=3680142873894 Duration=76049
Task=6 Chunk=0 Start=3680142067513 End=3680142091053 Duration=23540
Task=6 Chunk=1 Start=3680142514019 End=3680142594775 Duration=80756
Task=6 Chunk=2 Start=3680142873902 End=3680142949458 Duration=75556
Task=7 Chunk=0 Start=3680142091062 End=3680142113769 Duration=22707
Task=7 Chunk=1 Start=3680142594785 End=3680142681656 Duration=86871
Task=7 Chunk=2 Start=3680142949459 End=3680143023390 Duration=73931
Task=8 Chunk=0 Start=3680142113775 End=3680142137705 Duration=23930
Task=8 Chunk=1 Start=3680142681657 End=3680142765659 Duration=84002
Task=8 Chunk=2 Start=3680143023391 End=3680143094119 Duration=70728
Task=9 Chunk=0 Start=3680142137706 End=3680142160373 Duration=22667
Task=9 Chunk=1 Start=3680142765659 End=3680142849654 Duration=83995
Task=9 Chunk=2 Start=3680143094124 End=3680143170120 Duration=75996
Task=10 Chunk=0 Start=3680142160374 End=3680142183369 Duration=22995
Task=10 Chunk=1 Start=3680142849655 End=3680142933253 Duration=83598
Task=10 Chunk=2 Start=3680143170144 End=3680143246238 Duration=76094
Task=11 Chunk=0 Start=3680142183372 End=3680142206315 Duration=22943
Task=11 Chunk=1 Start=3680142933254 End=3680143012127 Duration=78873
Task=11 Chunk=2 Start=3680143246239 End=3680143318775 Duration=72536
Task=12 Chunk=0 Start=3680142206316 End=3680142230109 Duration=23793
Task=12 Chunk=1 Start=3680143012128 End=3680143099628 Duration=87500
Task=12 Chunk=2 Start=3680143318776 End=3680143389873 Duration=71097
Task=13 Chunk=0 Start=3680142230111 End=3680142253050 Duration=22939
Task=13 Chunk=1 Start=3680143099629 End=3680143187353 Duration=87724
Task=13 Chunk=2 Start=3680143389881 End=3680143462481 Duration=72600
Task=14 Chunk=0 Start=3680142253051 End=3680142275650 Duration=22599
Task=14 Chunk=1 Start=3680143187354 End=3680143275163 Duration=87809
Task=14 Chunk=2 Start=3680143462482 End=3680143534796 Duration=72314
Task=15 Chunk=0 Start=3680142495508 End=3680142519819 Duration=24311
Task=15 Chunk=1 Start=3680143275189 End=3680143366827 Duration=91638
Task=15 Chunk=2 Start=3680143534798 End=3680143605570 Duration=70772
Task=16 Chunk=0 Start=3680142571890 End=3680142595770 Duration=23880
Task=16 Chunk=1 Start=3680143366863 End=3680143458227 Duration=91364
Task=16 Chunk=2 Start=3680143605571 End=3680143675986 Duration=70415
Task=17 Chunk=0 Start=3680142647522 End=3680142671134 Duration=23612
Task=17 Chunk=1 Start=3680143458254 End=3680143550392 Duration=92138
Task=17 Chunk=2 Start=3680143675997 End=3680143746883 Duration=70886
Task=18 Chunk=0 Start=3680142723160 End=3680142746806 Duration=23646
Task=18 Chunk=1 Start=3680143550413 End=3680143633877 Duration=83464
Task=18 Chunk=2 Start=3680143746884 End=3680143818651 Duration=71767
Task=19 Chunk=0 Start=3680142797855 End=3680142822535 Duration=24680
Task=19 Chunk=1 Start=3680143633888 End=3680143715503 Duration=81615
Task=19 Chunk=2 Start=3680143818651 End=3680143890189 Duration=71538
Task=20 Chunk=0 Start=3680142873904 End=3680142897521 Duration=23617
Task=20 Chunk=1 Start=3680143715510 End=3680143794081 Duration=78571
Task=20 Chunk=2 Start=3680143890190 End=3680143959825 Duration=69635
Task=21 Chunk=0 Start=3680142949492 End=3680142972977 Duration=23485
Task=21 Chunk=1 Start=3680143794105 End=3680143870955 Duration=76850
Task=21 Chunk=2 Start=3680143959826 End=3680144030964 Duration=71138
Task=22 Chunk=0 Start=3680143023418 End=3680143046767 Duration=23349
Task=22 Chunk=1 Start=3680143870965 End=3680143945953 Duration=74988
Task=22 Chunk=2 Start=3680144030965 End=3680144102204 Duration=71239
Task=23 Chunk=0 Start=3680143094141 End=3680143118707 Duration=24566
Task=23 Chunk=1 Start=3680143945962 End=3680144035216 Duration=89254
Task=23 Chunk=2 Start=3680144102205 End=3680144172499 Duration=70294
Task=24 Chunk=0 Start=3680143170151 End=3680143193858 Duration=23707
Task=24 Chunk=1 Start=3680144035249 End=3680144118786 Duration=83537
Task=24 Chunk=2 Start=3680144172500 End=3680144243816 Duration=71316
Task=25 Chunk=0 Start=3680143246261 End=3680143269926 Duration=23665
Task=25 Chunk=1 Start=3680144118814 End=3680144209081 Duration=90267
Task=25 Chunk=2 Start=3680144243817 End=3680144314981 Duration=71164
Task=26 Chunk=0 Start=3680143318782 End=3680143342329 Duration=23547
Task=26 Chunk=1 Start=3680144209116 End=3680144292306 Duration=83190
Task=26 Chunk=2 Start=3680144314982 End=3680144386026 Duration=71044
Task=27 Chunk=0 Start=3680143389896 End=3680143414507 Duration=24611
Task=27 Chunk=1 Start=3680144292365 End=3680144376431 Duration=84066
Task=27 Chunk=2 Start=3680144386027 End=3680144456385 Duration=70358
Task=28 Chunk=0 Start=3680143462496 End=3680143485948 Duration=23452
Task=28 Chunk=1 Start=3680144376460 End=3680144466543 Duration=90083
Task=28 Chunk=2 Start=3680144466570 End=3680144535927 Duration=69357
Task=29 Chunk=0 Start=3680143534815 End=3680143558735 Duration=23920
Task=29 Chunk=1 Start=3680144466565 End=3680144555082 Duration=88517
Task=29 Chunk=2 Start=3680144555110 End=3680144624350 Duration=69240
Task=30 Chunk=0 Start=3680143605593 End=3680143629157 Duration=23564
Task=30 Chunk=1 Start=3680144555106 End=3680144643790 Duration=88684
Task=30 Chunk=2 Start=3680144643820 End=3680144713362 Duration=69542
Task=31 Chunk=0 Start=3680143676005 End=3680143700943 Duration=24938
Task=31 Chunk=1 Start=3680144643808 End=3680144735111 Duration=91303
Task=31 Chunk=2 Start=3680144735138 End=3680144805035 Duration=69897
Task=32 Chunk=0 Start=3680143746897 End=3680143770355 Duration=23458
Task=32 Chunk=1 Start=3680144735133 End=3680144822146 Duration=87013
Task=32 Chunk=2 Start=3680144822172 End=3680144891680 Duration=69508
Task=33 Chunk=0 Start=3680143818664 End=3680143842346 Duration=23682
Task=33 Chunk=1 Start=3680144822165 End=3680144904124 Duration=81959
Task=33 Chunk=2 Start=3680144904165 End=3680144974178 Duration=70013
Task=34 Chunk=0 Start=3680143890219 End=3680143913898 Duration=23679
Task=34 Chunk=1 Start=3680144904154 End=3680144989570 Duration=85416
Task=34 Chunk=2 Start=3680144989596 End=3680145058638 Duration=69042
Task=35 Chunk=0 Start=3680143959841 End=3680143984607 Duration=24766
Task=35 Chunk=1 Start=3680144989589 End=3680145071402 Duration=81813
Task=35 Chunk=2 Start=3680145071432 End=3680145139985 Duration=68553
Task=36 Chunk=0 Start=3680144030987 End=3680144054636 Duration=23649
Task=36 Chunk=1 Start=3680145071425 End=3680145153576 Duration=82151
Task=36 Chunk=2 Start=3680145153602 End=3680145223249 Duration=69647
Task=37 Chunk=0 Start=3680144102225 End=3680144125943 Duration=23718
Task=37 Chunk=1 Start=3680145153595 End=3680145235784 Duration=82189
Task=37 Chunk=2 Start=3680145235817 End=3680145305249 Duration=69432
Task=38 Chunk=0 Start=3680144172518 End=3680144197088 Duration=24570
Task=38 Chunk=1 Start=3680145235808 End=3680145318165 Duration=82357
Task=38 Chunk=2 Start=3680145318186 End=3680145387463 Duration=69277
Task=39 Chunk=0 Start=3680144243833 End=3680144267417 Duration=23584
Task=39 Chunk=1 Start=3680145318182 End=3680145399963 Duration=81781
Task=39 Chunk=2 Start=3680145399991 End=3680145468712 Duration=68721
Task=40 Chunk=0 Start=3680144315009 End=3680144338566 Duration=23557
Task=40 Chunk=1 Start=3680145399982 End=3680145477244 Duration=77262
Task=40 Chunk=2 Start=3680145477258 End=3680145545503 Duration=68245
Task=41 Chunk=0 Start=3680144386039 End=3680144409710 Duration=23671
Task=41 Chunk=1 Start=3680145477256 End=3680145552961 Duration=75705
Task=41 Chunk=2 Start=3680145552980 End=3680145622903 Duration=69923
Task=42 Chunk=0 Start=3680144456399 End=3680144480759 Duration=24360
Task=42 Chunk=1 Start=3680145552969 End=3680145636744 Duration=83775
Task=42 Chunk=2 Start=3680145636765 End=3680145706382 Duration=69617
Task=43 Chunk=0 Start=3680144535940 End=3680144561228 Duration=25288
Task=43 Chunk=1 Start=3680145636763 End=3680145716419 Duration=79656
Task=43 Chunk=2 Start=3680145716440 End=3680145786046 Duration=69606
Task=44 Chunk=0 Start=3680144624364 End=3680144649308 Duration=24944
Task=44 Chunk=1 Start=3680145716426 End=3680145805441 Duration=89015
Task=44 Chunk=2 Start=3680145805464 End=3680145874629 Duration=69165
Task=45 Chunk=0 Start=3680144713381 End=3680144737570 Duration=24189
Task=45 Chunk=1 Start=3680145805463 End=3680145892532 Duration=87069
Task=45 Chunk=2 Start=3680145892568 End=3680145961834 Duration=69266
Task=46 Chunk=0 Start=3680144805058 End=3680144830366 Duration=25308
Task=46 Chunk=1 Start=3680145892561 End=3680145975499 Duration=82938
Task=46 Chunk=2 Start=3680145975518 End=3680146044760 Duration=69242
Task=47 Chunk=0 Start=3680144891694 End=3680144915271 Duration=23577
Task=47 Chunk=1 Start=3680145975513 End=3680146057288 Duration=81775
Task=47 Chunk=2 Start=3680146057309 End=3680146125682 Duration=68373
Task=48 Chunk=0 Start=3680144974189 End=3680144999120 Duration=24931
Task=48 Chunk=1 Start=3680146057307 End=3680146140419 Duration=83112
Task=48 Chunk=2 Start=3680146140440 End=3680146210118 Duration=69678
Task=49 Chunk=0 Start=3680145058652 End=3680145083279 Duration=24627
Task=49 Chunk=1 Start=3680146140440 End=3680146224467 Duration=84027
Task=49 Chunk=2 Start=3680146224495 End=3680146293906 Duration=69411
Task=50 Chunk=0 Start=3680145139997 End=3680145165622 Duration=25625
Task=50 Chunk=1 Start=3680146224494 End=3680146313014 Duration=88520
Task=50 Chunk=2 Start=3680146313049 End=3680146382471 Duration=69422
Task=51 Chunk=0 Start=3680145223257 End=3680145246892 Duration=23635
Task=51 Chunk=1 Start=3680146313045 End=3680146397295 Duration=84250
Task=51 Chunk=2 Start=3680146397326 End=3680146467076 Duration=69750
Task=52 Chunk=0 Start=3680145305267 End=3680145329089 Duration=23822
Task=52 Chunk=1 Start=3680146397318 End=3680146486167 Duration=88849
Task=52 Chunk=2 Start=3680146486197 End=3680146555885 Duration=69688
Task=53 Chunk=0 Start=3680145387484 End=3680145411154 Duration=23670
Task=53 Chunk=1 Start=3680146486185 End=3680146571610 Duration=85425
Task=53 Chunk=2 Start=3680146571647 End=3680146640999 Duration=69352
Task=54 Chunk=0 Start=3680145468731 End=3680145492069 Duration=23338
Task=54 Chunk=1 Start=3680146571641 End=3680146657487 Duration=85846
Task=54 Chunk=2 Start=3680146657522 End=3680146725321 Duration=67799
Task=55 Chunk=0 Start=3680145545523 End=3680145570604 Duration=25081
Task=55 Chunk=1 Start=3680146657520 End=3680146743655 Duration=86135
Task=55 Chunk=2 Start=3680146743684 End=3680146812104 Duration=68420
Task=56 Chunk=0 Start=3680145622914 End=3680145647032 Duration=24118
Task=56 Chunk=1 Start=3680146743675 End=3680146833214 Duration=89539
Task=56 Chunk=2 Start=3680146833240 End=3680146904057 Duration=70817
Task=57 Chunk=0 Start=3680145706408 End=3680145729933 Duration=23525
Task=57 Chunk=1 Start=3680146833233 End=3680146921391 Duration=88158
Task=57 Chunk=2 Start=3680146921415 End=3680146990719 Duration=69304
Task=58 Chunk=0 Start=3680145786067 End=3680145811021 Duration=24954
Task=58 Chunk=1 Start=3680146921406 End=3680147010600 Duration=89194
Task=58 Chunk=2 Start=3680147010630 End=3680147079994 Duration=69364
Task=59 Chunk=0 Start=3680145874642 End=3680145899374 Duration=24732
Task=59 Chunk=1 Start=3680147010635 End=3680147101091 Duration=90456
Task=59 Chunk=2 Start=3680147101129 End=3680147170533 Duration=69404
Task=60 Chunk=0 Start=3680145961865 End=3680145985579 Duration=23714
Task=60 Chunk=1 Start=3680147101123 End=3680147190739 Duration=89616
Task=60 Chunk=2 Start=3680147190774 End=3680147259939 Duration=69165
Task=61 Chunk=0 Start=3680146044774 End=3680146069269 Duration=24495
Task=61 Chunk=1 Start=3680147190762 End=3680147280249 Duration=89487
Task=61 Chunk=2 Start=3680147280279 End=3680147350026 Duration=69747
Task=62 Chunk=0 Start=3680146125698 End=3680146151792 Duration=26094
Task=62 Chunk=1 Start=3680147280267 End=3680147370754 Duration=90487
Task=62 Chunk=2 Start=3680147370780 End=3680147440089 Duration=69309
Task=63 Chunk=0 Start=3680146210141 End=3680146234414 Duration=24273
Task=63 Chunk=1 Start=3680147370770 End=3680147453473 Duration=82703
Task=63 Chunk=2 Start=3680147453485 End=3680147523338 Duration=69853
Task=64 Chunk=0 Start=3680146293922 End=3680146318889 Duration=24967
Task=64 Chunk=1 Start=3680147453485 End=3680147534761 Duration=81276
Task=64 Chunk=2 Start=3680147534779 End=3680147603264 Duration=68485
Task=65 Chunk=0 Start=3680146382486 End=3680146407080 Duration=24594
Task=65 Chunk=1 Start=3680147534773 End=3680147618109 Duration=83336
Task=65 Chunk=2 Start=3680147618130 End=3680147688290 Duration=70160
Task=66 Chunk=0 Start=3680146467083 End=3680146492189 Duration=25106
Task=66 Chunk=1 Start=3680147618116 End=3680147702818 Duration=84702
Task=66 Chunk=2 Start=3680147702841 End=3680147772135 Duration=69294
Task=67 Chunk=0 Start=3680146555903 End=3680146580627 Duration=24724
Task=67 Chunk=1 Start=3680147702835 End=3680147787030 Duration=84195
Task=67 Chunk=2 Start=3680147787052 End=3680147856046 Duration=68994
Task=68 Chunk=0 Start=3680146641013 End=3680146665979 Duration=24966
Task=68 Chunk=1 Start=3680147787051 End=3680147871419 Duration=84368
Task=68 Chunk=2 Start=3680147871438 End=3680147940481 Duration=69043
Task=69 Chunk=0 Start=3680146725336 End=3680146750351 Duration=25015
Task=69 Chunk=1 Start=3680147871443 End=3680147952177 Duration=80734
Task=69 Chunk=2 Start=3680147952200 End=3680148021939 Duration=69739
Task=70 Chunk=0 Start=3680146812129 End=3680146839101 Duration=26972
Task=70 Chunk=1 Start=3680147952195 End=3680148033048 Duration=80853
Task=70 Chunk=2 Start=3680148033068 End=3680148101097 Duration=68029
Task=71 Chunk=0 Start=3680146904063 End=3680146928246 Duration=24183
Task=71 Chunk=1 Start=3680148033068 End=3680148115174 Duration=82106
Task=71 Chunk=2 Start=3680148115201 End=3680148184381 Duration=69180
Task=72 Chunk=0 Start=3680146990732 End=3680147015890 Duration=25158
Task=72 Chunk=1 Start=3680148115190 End=3680148200320 Duration=85130
Task=72 Chunk=2 Start=3680148200356 End=3680148269362 Duration=69006
Task=73 Chunk=0 Start=3680147080010 End=3680147105794 Duration=25784
Task=73 Chunk=1 Start=3680148200347 End=3680148291014 Duration=90667
Task=73 Chunk=2 Start=3680148291051 End=3680148360716 Duration=69665
Task=74 Chunk=0 Start=3680147170552 End=3680147195384 Duration=24832
Task=74 Chunk=1 Start=3680148291057 End=3680148378921 Duration=87864
Task=74 Chunk=2 Start=3680148378962 End=3680148448416 Duration=69454
Task=75 Chunk=0 Start=3680147259960 End=3680147285123 Duration=25163
Task=75 Chunk=1 Start=3680148378955 End=3680148465730 Duration=86775
Task=75 Chunk=2 Start=3680148465752 End=3680148534766 Duration=69014
Task=76 Chunk=0 Start=3680147350040 End=3680147375853 Duration=25813
Task=76 Chunk=1 Start=3680148465746 End=3680148547580 Duration=81834
Task=76 Chunk=2 Start=3680148547612 End=3680148617148 Duration=69536
Task=77 Chunk=0 Start=3680147440099 End=3680147463563 Duration=23464
Task=77 Chunk=1 Start=3680148547600 End=3680148628969 Duration=81369
Task=77 Chunk=2 Start=3680148628988 End=3680148696971 Duration=67983
Task=78 Chunk=0 Start=3680147523352 End=3680147546457 Duration=23105
Task=78 Chunk=1 Start=3680148628984 End=3680148710834 Duration=81850
Task=78 Chunk=2 Start=3680148710863 End=3680148780089 Duration=69226
Task=79 Chunk=0 Start=3680147603290 End=3680147629326 Duration=26036
Task=79 Chunk=1 Start=3680148710853 End=3680148796567 Duration=85714
Task=79 Chunk=2 Start=3680148796593 End=3680148866614 Duration=70021
Task=80 Chunk=0 Start=3680147688301 End=3680147712577 Duration=24276
Task=80 Chunk=1 Start=3680148796591 End=3680148880776 Duration=84185
Task=80 Chunk=2 Start=3680148880839 End=3680148949968 Duration=69129
Task=81 Chunk=0 Start=3680147772153 End=3680147796238 Duration=24085
Task=81 Chunk=1 Start=3680148880803 End=3680148968479 Duration=87676
Task=81 Chunk=2 Start=3680148968520 End=3680149037725 Duration=69205
Task=82 Chunk=0 Start=3680147856066 End=3680147880717 Duration=24651
Task=82 Chunk=1 Start=3680148968513 End=3680149053615 Duration=85102
Task=82 Chunk=2 Start=3680149053633 End=3680149122556 Duration=68923
Task=83 Chunk=0 Start=3680147940494 End=3680147963749 Duration=23255
Task=83 Chunk=1 Start=3680149053632 End=3680149136945 Duration=83313
Task=83 Chunk=2 Start=3680149136971 End=3680149205713 Duration=68742
Task=84 Chunk=0 Start=3680148021950 End=3680148045668 Duration=23718
Task=84 Chunk=1 Start=3680149136967 End=3680149221457 Duration=84490
Task=84 Chunk=2 Start=3680149221483 End=3680149289613 Duration=68130
Task=85 Chunk=0 Start=3680148101115 End=3680148125420 Duration=24305
Task=85 Chunk=1 Start=3680149221476 End=3680149304169 Duration=82693
Task=85 Chunk=2 Start=3680149304195 End=3680149372863 Duration=68668
Task=86 Chunk=0 Start=3680148184388 End=3680148209172 Duration=24784
Task=86 Chunk=1 Start=3680149304190 End=3680149383996 Duration=79806
Task=86 Chunk=2 Start=3680149384011 End=3680149453364 Duration=69353
Task=87 Chunk=0 Start=3680148269376 End=3680148294500 Duration=25124
Task=87 Chunk=1 Start=3680149384017 End=3680149464291 Duration=80274
Task=87 Chunk=2 Start=3680149464326 End=3680149533707 Duration=69381
Task=88 Chunk=0 Start=3680148360726 End=3680148385347 Duration=24621
Task=88 Chunk=1 Start=3680149464313 End=3680149546611 Duration=82298
Task=88 Chunk=2 Start=3680149546656 End=3680149616151 Duration=69495
Task=89 Chunk=0 Start=3680148448434 End=3680148472933 Duration=24499
Task=89 Chunk=1 Start=3680149546644 End=3680149626760 Duration=80116
Task=89 Chunk=2 Start=3680149626785 End=3680149695868 Duration=69083
Task=90 Chunk=0 Start=3680148534779 End=3680148558217 Duration=23438
Task=90 Chunk=1 Start=3680149626785 End=3680149708789 Duration=82004
Task=90 Chunk=2 Start=3680149708823 End=3680149776811 Duration=67988
Task=91 Chunk=0 Start=3680148617170 End=3680148640651 Duration=23481
Task=91 Chunk=1 Start=3680149708818 End=3680149789779 Duration=80961
Task=91 Chunk=2 Start=3680149789796 End=3680149858530 Duration=68734
Task=92 Chunk=0 Start=3680148696989 End=3680148721209 Duration=24220
Task=92 Chunk=1 Start=3680149789800 End=3680149870683 Duration=80883
Task=92 Chunk=2 Start=3680149870704 End=3680149939796 Duration=69092
Task=93 Chunk=0 Start=3680148780093 End=3680148806957 Duration=26864
Task=93 Chunk=1 Start=3680149870706 End=3680149954126 Duration=83420
Task=93 Chunk=2 Start=3680149954158 End=3680150023698 Duration=69540
Task=94 Chunk=0 Start=3680148866626 End=3680148890418 Duration=23792
Task=94 Chunk=1 Start=3680149954149 End=3680150039657 Duration=85508
Task=94 Chunk=2 Start=3680150039678 End=3680150108734 Duration=69056
Task=95 Chunk=0 Start=3680148949984 End=3680148974751 Duration=24767
Task=95 Chunk=1 Start=3680150039676 End=3680150121485 Duration=81809
Task=95 Chunk=2 Start=3680150121504 End=3680150190599 Duration=69095
Task=96 Chunk=0 Start=3680149037752 End=3680149062357 Duration=24605
Task=96 Chunk=1 Start=3680150121507 End=3680150207586 Duration=86079
Task=96 Chunk=2 Start=3680150207618 End=3680150276631 Duration=69013
Task=97 Chunk=0 Start=3680149122568 End=3680149146703 Duration=24135
Task=97 Chunk=1 Start=3680150207607 End=3680150291402 Duration=83795
Task=97 Chunk=2 Start=3680150291422 End=3680150359490 Duration=68068
Task=98 Chunk=0 Start=3680149205728 End=3680149230249 Duration=24521
Task=98 Chunk=1 Start=3680150291423 End=3680150378701 Duration=87278
Task=98 Chunk=2 Start=3680150378719 End=3680150447025 Duration=68306
Task=99 Chunk=0 Start=3680149289625 End=3680149314472 Duration=24847
Task=99 Chunk=1 Start=3680150378725 End=3680150465882 Duration=87157
Task=99 Chunk=2 Start=3680150465912 End=3680150534726 Duration=68814
### Python End ###

--------------------------------
[2025-06-26 13:49:53.213] [info] Available Vulkan Layers:
[2025-06-26 13:49:53.213] [warning] Validation layer requested but not available, continuing without it...
[2025-06-26 13:49:53.215] [info] Using integrated GPU: Mali-G710
[2025-06-26 13:49:53.218] [info] VulkanDispatcher instance created.
[2025-06-26 13:49:53.391] [info] Total memory used: 40550404 bytes (38.67188 MB)
[2025-06-26 13:49:53.398] [info] Total memory used: 40550404 bytes (38.67188 MB)
[2025-06-26 13:49:53.461] [info] Total memory used: 40550404 bytes (38.67188 MB)
[2025-06-26 13:49:53.466] [info] Total memory used: 40550404 bytes (38.67188 MB)
[2025-06-26 13:49:53.471] [info] Total memory used: 40550404 bytes (38.67188 MB)
[2025-06-26 13:49:53.541] [info] Total memory used: 40550404 bytes (38.67188 MB)
[2025-06-26 13:49:53.546] [info] Total memory used: 40550404 bytes (38.67188 MB)
[2025-06-26 13:49:53.551] [info] Total memory used: 40550404 bytes (38.67188 MB)
[2025-06-26 13:49:53.556] [info] Total memory used: 40550404 bytes (38.67188 MB)
[2025-06-26 13:49:53.562] [info] Total memory used: 40550404 bytes (38.67188 MB)
[2025-06-26 13:49:53.654] [info] Total memory used: 40550404 bytes (38.67188 MB)
[2025-06-26 13:49:53.659] [info] Total memory used: 40550404 bytes (38.67188 MB)
[2025-06-26 13:49:53.665] [info] Total memory used: 40550404 bytes (38.67188 MB)
[2025-06-26 13:49:53.670] [info] Total memory used: 40550404 bytes (38.67188 MB)
[2025-06-26 13:49:53.675] [info] Total memory used: 40550404 bytes (38.67188 MB)
[2025-06-26 13:49:53.680] [info] Total memory used: 40550404 bytes (38.67188 MB)
### Python Begin ###
Schedule_UID=SCH-M2G2L2B1-G191-d5b4
Frequency=24576000 Hz
Task=0 Chunk=0 Start=3680162708778 End=3680162738383 Duration=29605
Task=0 Chunk=1 Start=3680162738414 End=3680162941212 Duration=202798
Task=0 Chunk=2 Start=3680162941254 End=3680162989183 Duration=47929
Task=0 Chunk=3 Start=3680162989207 End=3680163252095 Duration=262888
Task=1 Chunk=0 Start=3680162738401 End=3680162763808 Duration=25407
Task=1 Chunk=1 Start=3680162941239 End=3680163020331 Duration=79092
Task=1 Chunk=2 Start=3680163020384 End=3680163048421 Duration=28037
Task=1 Chunk=3 Start=3680163252104 End=3680163252884 Duration=780
Task=2 Chunk=0 Start=3680162763810 End=3680162787748 Duration=23938
Task=2 Chunk=1 Start=3680163020342 End=3680163094403 Duration=74061
Task=2 Chunk=2 Start=3680163094467 End=3680163130886 Duration=36419
Task=2 Chunk=3 Start=3680163252885 End=3680163253375 Duration=490
Task=3 Chunk=0 Start=3680162787749 End=3680162812161 Duration=24412
Task=3 Chunk=1 Start=3680163094422 End=3680163166803 Duration=72381
Task=3 Chunk=2 Start=3680163166841 End=3680163196736 Duration=29895
Task=3 Chunk=3 Start=3680163253376 End=3680163253589 Duration=213
Task=4 Chunk=0 Start=3680162812162 End=3680162836307 Duration=24145
Task=4 Chunk=1 Start=3680163166818 End=3680163241041 Duration=74223
Task=4 Chunk=2 Start=3680163241059 End=3680163272731 Duration=31672
Task=4 Chunk=3 Start=3680163272843 End=3680163273052 Duration=209
Task=5 Chunk=0 Start=3680162836308 End=3680162861492 Duration=25184
Task=5 Chunk=1 Start=3680163241056 End=3680163314843 Duration=73787
Task=5 Chunk=2 Start=3680163314876 End=3680163345534 Duration=30658
Task=5 Chunk=3 Start=3680163345611 End=3680163345835 Duration=224
Task=6 Chunk=0 Start=3680162861493 End=3680162886367 Duration=24874
Task=6 Chunk=1 Start=3680163314858 End=3680163387688 Duration=72830
Task=6 Chunk=2 Start=3680163387728 End=3680163418403 Duration=30675
Task=6 Chunk=3 Start=3680163418416 End=3680163418639 Duration=223
Task=7 Chunk=0 Start=3680162886368 End=3680162910855 Duration=24487
Task=7 Chunk=1 Start=3680163387709 End=3680163465467 Duration=77758
Task=7 Chunk=2 Start=3680163465509 End=3680163492683 Duration=27174
Task=7 Chunk=3 Start=3680163492816 End=3680163493045 Duration=229
Task=8 Chunk=0 Start=3680162910865 End=3680162935232 Duration=24367
Task=8 Chunk=1 Start=3680163465478 End=3680163536492 Duration=71014
Task=8 Chunk=2 Start=3680163536548 End=3680163565833 Duration=29285
Task=8 Chunk=3 Start=3680163565926 End=3680163566166 Duration=240
Task=9 Chunk=0 Start=3680162935233 End=3680162961406 Duration=26173
Task=9 Chunk=1 Start=3680163536493 End=3680163606717 Duration=70224
Task=9 Chunk=2 Start=3680163606743 End=3680163633754 Duration=27011
Task=9 Chunk=3 Start=3680163633797 End=3680163634011 Duration=214
Task=10 Chunk=0 Start=3680162961410 End=3680162986552 Duration=25142
Task=10 Chunk=1 Start=3680163606721 End=3680163676401 Duration=69680
Task=10 Chunk=2 Start=3680163676439 End=3680163703439 Duration=27000
Task=10 Chunk=3 Start=3680163703467 End=3680163703689 Duration=222
Task=11 Chunk=0 Start=3680162986554 End=3680163011197 Duration=24643
Task=11 Chunk=1 Start=3680163676402 End=3680163746348 Duration=69946
Task=11 Chunk=2 Start=3680163746517 End=3680163776354 Duration=29837
Task=11 Chunk=3 Start=3680163776379 End=3680163776638 Duration=259
Task=12 Chunk=0 Start=3680163011198 End=3680163036764 Duration=25566
Task=12 Chunk=1 Start=3680163746349 End=3680163816273 Duration=69924
Task=12 Chunk=2 Start=3680163816292 End=3680163847303 Duration=31011
Task=12 Chunk=3 Start=3680163847318 End=3680163847417 Duration=99
Task=13 Chunk=0 Start=3680163036765 End=3680163061375 Duration=24610
Task=13 Chunk=1 Start=3680163816275 End=3680163886623 Duration=70348
Task=13 Chunk=2 Start=3680163886671 End=3680163913925 Duration=27254
Task=13 Chunk=3 Start=3680163913946 End=3680163914033 Duration=87
Task=14 Chunk=0 Start=3680163061381 End=3680163084236 Duration=22855
Task=14 Chunk=1 Start=3680163886624 End=3680163956189 Duration=69565
Task=14 Chunk=2 Start=3680163956224 End=3680163983287 Duration=27063
Task=14 Chunk=3 Start=3680163983302 End=3680163983389 Duration=87
Task=15 Chunk=0 Start=3680163252109 End=3680163275095 Duration=22986
Task=15 Chunk=1 Start=3680163956190 End=3680164026177 Duration=69987
Task=15 Chunk=2 Start=3680164026191 End=3680164058871 Duration=32680
Task=15 Chunk=3 Start=3680164058886 End=3680164058975 Duration=89
Task=16 Chunk=0 Start=3680163275101 End=3680163297755 Duration=22654
Task=16 Chunk=1 Start=3680164026178 End=3680164096058 Duration=69880
Task=16 Chunk=2 Start=3680164096070 End=3680164124060 Duration=27990
Task=16 Chunk=3 Start=3680164124077 End=3680164124157 Duration=80
Task=17 Chunk=0 Start=3680163297756 End=3680163321498 Duration=23742
Task=17 Chunk=1 Start=3680164096059 End=3680164165854 Duration=69795
Task=17 Chunk=2 Start=3680164165872 End=3680164193295 Duration=27423
Task=17 Chunk=3 Start=3680164193312 End=3680164193397 Duration=85
Task=18 Chunk=0 Start=3680163321502 End=3680163344385 Duration=22883
Task=18 Chunk=1 Start=3680164165855 End=3680164240926 Duration=75071
Task=18 Chunk=2 Start=3680164240936 End=3680164269153 Duration=28217
Task=18 Chunk=3 Start=3680164269173 End=3680164269268 Duration=95
Task=19 Chunk=0 Start=3680163344387 End=3680163368263 Duration=23876
Task=19 Chunk=1 Start=3680164240927 End=3680164308150 Duration=67223
Task=19 Chunk=2 Start=3680164308160 End=3680164337953 Duration=29793
Task=19 Chunk=3 Start=3680164337964 End=3680164338087 Duration=123
Task=20 Chunk=0 Start=3680163368264 End=3680163391386 Duration=23122
Task=20 Chunk=1 Start=3680164308151 End=3680164352414 Duration=44263
Task=20 Chunk=2 Start=3680164352443 End=3680164380903 Duration=28460
Task=20 Chunk=3 Start=3680164380914 End=3680164381038 Duration=124
Task=21 Chunk=0 Start=3680163418649 End=3680163441219 Duration=22570
Task=21 Chunk=1 Start=3680164352415 End=3680164397619 Duration=45204
Task=21 Chunk=2 Start=3680164397656 End=3680164425962 Duration=28306
Task=21 Chunk=3 Start=3680164425976 End=3680164426068 Duration=92
Task=22 Chunk=0 Start=3680163493056 End=3680163515914 Duration=22858
Task=22 Chunk=1 Start=3680164397620 End=3680164442030 Duration=44410
Task=22 Chunk=2 Start=3680164442062 End=3680164470416 Duration=28354
Task=22 Chunk=3 Start=3680164470434 End=3680164470533 Duration=99
Task=23 Chunk=0 Start=3680163566177 End=3680163588971 Duration=22794
Task=23 Chunk=1 Start=3680164442031 End=3680164486070 Duration=44039
Task=23 Chunk=2 Start=3680164486085 End=3680164514263 Duration=28178
Task=23 Chunk=3 Start=3680164514275 End=3680164514393 Duration=118
Task=24 Chunk=0 Start=3680163634026 End=3680163658054 Duration=24028
Task=24 Chunk=1 Start=3680164486071 End=3680164529731 Duration=43660
Task=24 Chunk=2 Start=3680164530538 End=3680164559377 Duration=28839
Task=24 Chunk=3 Start=3680164559401 End=3680164559521 Duration=120
Task=25 Chunk=0 Start=3680163703697 End=3680163726588 Duration=22891
Task=25 Chunk=1 Start=3680164529747 End=3680164575310 Duration=45563
Task=25 Chunk=2 Start=3680164575361 End=3680164604987 Duration=29626
Task=25 Chunk=3 Start=3680164605007 End=3680164605086 Duration=79
Task=26 Chunk=0 Start=3680163776651 End=3680163799562 Duration=22911
Task=26 Chunk=1 Start=3680164575324 End=3680164622118 Duration=46794
Task=26 Chunk=2 Start=3680164622165 End=3680164654941 Duration=32776
Task=26 Chunk=3 Start=3680164654957 End=3680164655042 Duration=85
Task=27 Chunk=0 Start=3680163847429 End=3680163870251 Duration=22822
Task=27 Chunk=1 Start=3680164622137 End=3680164669486 Duration=47349
Task=27 Chunk=2 Start=3680164669539 End=3680164699396 Duration=29857
Task=27 Chunk=3 Start=3680164699410 End=3680164699508 Duration=98
Task=28 Chunk=0 Start=3680163914044 End=3680163936891 Duration=22847
Task=28 Chunk=1 Start=3680164669504 End=3680164714323 Duration=44819
Task=28 Chunk=2 Start=3680164714352 End=3680164747086 Duration=32734
Task=28 Chunk=3 Start=3680164747099 End=3680164747183 Duration=84
Task=29 Chunk=0 Start=3680163983395 End=3680164006241 Duration=22846
Task=29 Chunk=1 Start=3680164714340 End=3680164760641 Duration=46301
Task=29 Chunk=2 Start=3680164760704 End=3680164790368 Duration=29664
Task=29 Chunk=3 Start=3680164790382 End=3680164790455 Duration=73
Task=30 Chunk=0 Start=3680164058984 End=3680164081879 Duration=22895
Task=30 Chunk=1 Start=3680164760655 End=3680164811203 Duration=50548
Task=30 Chunk=2 Start=3680164811244 End=3680164844247 Duration=33003
Task=30 Chunk=3 Start=3680164844257 End=3680164844335 Duration=78
Task=31 Chunk=0 Start=3680164124168 End=3680164147702 Duration=23534
Task=31 Chunk=1 Start=3680164811215 End=3680164863523 Duration=52308
Task=31 Chunk=2 Start=3680164863574 End=3680164893524 Duration=29950
Task=31 Chunk=3 Start=3680164893538 End=3680164893612 Duration=74
Task=32 Chunk=0 Start=3680164193411 End=3680164216355 Duration=22944
Task=32 Chunk=1 Start=3680164863549 End=3680164915841 Duration=52292
Task=32 Chunk=2 Start=3680164915891 End=3680164946144 Duration=30253
Task=32 Chunk=3 Start=3680164946165 End=3680164946246 Duration=81
Task=33 Chunk=0 Start=3680164269282 End=3680164292280 Duration=22998
Task=33 Chunk=1 Start=3680164915854 End=3680164966439 Duration=50585
Task=33 Chunk=2 Start=3680164966486 End=3680164996695 Duration=30209
Task=33 Chunk=3 Start=3680164996707 End=3680164996786 Duration=79
Task=34 Chunk=0 Start=3680164338102 End=3680164361559 Duration=23457
Task=34 Chunk=1 Start=3680164966455 End=3680165017840 Duration=51385
Task=34 Chunk=2 Start=3680165017877 End=3680165051043 Duration=33166
Task=34 Chunk=3 Start=3680165051064 End=3680165051141 Duration=77
Task=35 Chunk=0 Start=3680164381047 End=3680164404356 Duration=23309
Task=35 Chunk=1 Start=3680165017859 End=3680165069937 Duration=52078
Task=35 Chunk=2 Start=3680165070013 End=3680165100142 Duration=30129
Task=35 Chunk=3 Start=3680165100160 End=3680165100236 Duration=76
Task=36 Chunk=0 Start=3680164426084 End=3680164450461 Duration=24377
Task=36 Chunk=1 Start=3680165069963 End=3680165121299 Duration=51336
Task=36 Chunk=2 Start=3680165121324 End=3680165154540 Duration=33216
Task=36 Chunk=3 Start=3680165154563 End=3680165154647 Duration=84
Task=37 Chunk=0 Start=3680164470546 End=3680164493993 Duration=23447
Task=37 Chunk=1 Start=3680165121313 End=3680165177140 Duration=55827
Task=37 Chunk=2 Start=3680165177169 End=3680165206865 Duration=29696
Task=37 Chunk=3 Start=3680165206881 End=3680165206970 Duration=89
Task=38 Chunk=0 Start=3680164514404 End=3680164539226 Duration=24822
Task=38 Chunk=1 Start=3680165177161 End=3680165228897 Duration=51736
Task=38 Chunk=2 Start=3680165228963 End=3680165260026 Duration=31063
Task=38 Chunk=3 Start=3680165260047 End=3680165260127 Duration=80
Task=39 Chunk=0 Start=3680164559528 End=3680164583174 Duration=23646
Task=39 Chunk=1 Start=3680165228912 End=3680165280390 Duration=51478
Task=39 Chunk=2 Start=3680165280443 End=3680165311514 Duration=31071
Task=39 Chunk=3 Start=3680165311529 End=3680165311601 Duration=72
Task=40 Chunk=0 Start=3680164605092 End=3680164629362 Duration=24270
Task=40 Chunk=1 Start=3680165280400 End=3680165331838 Duration=51438
Task=40 Chunk=2 Start=3680165331893 End=3680165361988 Duration=30095
Task=40 Chunk=3 Start=3680165362002 End=3680165362079 Duration=77
Task=41 Chunk=0 Start=3680164655049 End=3680164679038 Duration=23989
Task=41 Chunk=1 Start=3680165331860 End=3680165381779 Duration=49919
Task=41 Chunk=2 Start=3680165381841 End=3680165411150 Duration=29309
Task=41 Chunk=3 Start=3680165411162 End=3680165411235 Duration=73
Task=42 Chunk=0 Start=3680164699519 End=3680164722979 Duration=23460
Task=42 Chunk=1 Start=3680165381780 End=3680165433020 Duration=51240
Task=42 Chunk=2 Start=3680165433064 End=3680165463103 Duration=30039
Task=42 Chunk=3 Start=3680165463121 End=3680165463212 Duration=91
Task=43 Chunk=0 Start=3680164747188 End=3680164771003 Duration=23815
Task=43 Chunk=1 Start=3680165433036 End=3680165485676 Duration=52640
Task=43 Chunk=2 Start=3680165485734 End=3680165520334 Duration=34600
Task=43 Chunk=3 Start=3680165520355 End=3680165520468 Duration=113
Task=44 Chunk=0 Start=3680164790466 End=3680164813121 Duration=22655
Task=44 Chunk=1 Start=3680165485680 End=3680165536552 Duration=50872
Task=44 Chunk=2 Start=3680165536592 End=3680165567145 Duration=30553
Task=44 Chunk=3 Start=3680165567153 End=3680165567227 Duration=74
Task=45 Chunk=0 Start=3680164844346 End=3680164868075 Duration=23729
Task=45 Chunk=1 Start=3680165536569 End=3680165588776 Duration=52207
Task=45 Chunk=2 Start=3680165588844 End=3680165622751 Duration=33907
Task=45 Chunk=3 Start=3680165622761 End=3680165622837 Duration=76
Task=46 Chunk=0 Start=3680164893620 End=3680164917786 Duration=24166
Task=46 Chunk=1 Start=3680165588795 End=3680165641254 Duration=52459
Task=46 Chunk=2 Start=3680165641316 End=3680165671428 Duration=30112
Task=46 Chunk=3 Start=3680165671439 End=3680165671512 Duration=73
Task=47 Chunk=0 Start=3680164946259 End=3680164969204 Duration=22945
Task=47 Chunk=1 Start=3680165641270 End=3680165692418 Duration=51148
Task=47 Chunk=2 Start=3680165692461 End=3680165725254 Duration=32793
Task=47 Chunk=3 Start=3680165725279 End=3680165725372 Duration=93
Task=48 Chunk=0 Start=3680164996801 End=3680165019660 Duration=22859
Task=48 Chunk=1 Start=3680165692430 End=3680165744540 Duration=52110
Task=48 Chunk=2 Start=3680165744595 End=3680165776059 Duration=31464
Task=48 Chunk=3 Start=3680165776073 End=3680165776147 Duration=74
Task=49 Chunk=0 Start=3680165051152 End=3680165074866 Duration=23714
Task=49 Chunk=1 Start=3680165744558 End=3680165794444 Duration=49886
Task=49 Chunk=2 Start=3680165794458 End=3680165830276 Duration=35818
Task=49 Chunk=3 Start=3680165830295 End=3680165830399 Duration=104
Task=50 Chunk=0 Start=3680165100251 End=3680165124220 Duration=23969
Task=50 Chunk=1 Start=3680165794455 End=3680165846408 Duration=51953
Task=50 Chunk=2 Start=3680165846468 End=3680165877769 Duration=31301
Task=50 Chunk=3 Start=3680165877790 End=3680165877860 Duration=70
Task=51 Chunk=0 Start=3680165154659 End=3680165177333 Duration=22674
Task=51 Chunk=1 Start=3680165846423 End=3680165898598 Duration=52175
Task=51 Chunk=2 Start=3680165898644 End=3680165931874 Duration=33230
Task=51 Chunk=3 Start=3680165931896 End=3680165932028 Duration=132
Task=52 Chunk=0 Start=3680165206982 End=3680165230307 Duration=23325
Task=52 Chunk=1 Start=3680165898613 End=3680165951747 Duration=53134
Task=52 Chunk=2 Start=3680165951771 End=3680165981498 Duration=29727
Task=52 Chunk=3 Start=3680165981512 End=3680165981590 Duration=78
Task=53 Chunk=0 Start=3680165260136 End=3680165283513 Duration=23377
Task=53 Chunk=1 Start=3680165951765 End=3680166005498 Duration=53733
Task=53 Chunk=2 Start=3680166005553 End=3680166035536 Duration=29983
Task=53 Chunk=3 Start=3680166035545 End=3680166035625 Duration=80
Task=54 Chunk=0 Start=3680165311607 End=3680165335851 Duration=24244
Task=54 Chunk=1 Start=3680166005511 End=3680166057016 Duration=51505
Task=54 Chunk=2 Start=3680166057037 End=3680166084196 Duration=27159
Task=54 Chunk=3 Start=3680166084218 End=3680166084310 Duration=92
Task=55 Chunk=0 Start=3680165362085 End=3680165385363 Duration=23278
Task=55 Chunk=1 Start=3680166057019 End=3680166109688 Duration=52669
Task=55 Chunk=2 Start=3680166109744 End=3680166141367 Duration=31623
Task=55 Chunk=3 Start=3680166141386 End=3680166141471 Duration=85
Task=56 Chunk=0 Start=3680165411247 End=3680165435210 Duration=23963
Task=56 Chunk=1 Start=3680166109704 End=3680166162103 Duration=52399
Task=56 Chunk=2 Start=3680166162154 End=3680166193768 Duration=31614
Task=56 Chunk=3 Start=3680166193786 End=3680166193860 Duration=74
Task=57 Chunk=0 Start=3680165463223 End=3680165485867 Duration=22644
Task=57 Chunk=1 Start=3680166162121 End=3680166214165 Duration=52044
Task=57 Chunk=2 Start=3680166214194 End=3680166244624 Duration=30430
Task=57 Chunk=3 Start=3680166244646 End=3680166244732 Duration=86
Task=58 Chunk=0 Start=3680165520480 End=3680165543573 Duration=23093
Task=58 Chunk=1 Start=3680166214183 End=3680166265762 Duration=51579
Task=58 Chunk=2 Start=3680166265811 End=3680166296996 Duration=31185
Task=58 Chunk=3 Start=3680166297011 End=3680166297084 Duration=73
Task=59 Chunk=0 Start=3680165567243 End=3680165589927 Duration=22684
Task=59 Chunk=1 Start=3680166265778 End=3680166317893 Duration=52115
Task=59 Chunk=2 Start=3680166317936 End=3680166347937 Duration=30001
Task=59 Chunk=3 Start=3680166347945 End=3680166348036 Duration=91
Task=60 Chunk=0 Start=3680165622850 End=3680165645989 Duration=23139
Task=60 Chunk=1 Start=3680166317909 End=3680166368264 Duration=50355
Task=60 Chunk=2 Start=3680166368298 End=3680166400064 Duration=31766
Task=60 Chunk=3 Start=3680166400084 End=3680166400168 Duration=84
Task=61 Chunk=0 Start=3680165671524 End=3680165693950 Duration=22426
Task=61 Chunk=1 Start=3680166368279 End=3680166419695 Duration=51416
Task=61 Chunk=2 Start=3680166419761 End=3680166451122 Duration=31361
Task=61 Chunk=3 Start=3680166451140 End=3680166451222 Duration=82
Task=62 Chunk=0 Start=3680165725379 End=3680165748560 Duration=23181
Task=62 Chunk=1 Start=3680166419710 End=3680166470205 Duration=50495
Task=62 Chunk=2 Start=3680166470245 End=3680166502656 Duration=32411
Task=62 Chunk=3 Start=3680166502672 End=3680166502751 Duration=79
Task=63 Chunk=0 Start=3680165776158 End=3680165799229 Duration=23071
Task=63 Chunk=1 Start=3680166470216 End=3680166521993 Duration=51777
Task=63 Chunk=2 Start=3680166522044 End=3680166553258 Duration=31214
Task=63 Chunk=3 Start=3680166553267 End=3680166553340 Duration=73
Task=64 Chunk=0 Start=3680165830411 End=3680165853988 Duration=23577
Task=64 Chunk=1 Start=3680166522009 End=3680166573573 Duration=51564
Task=64 Chunk=2 Start=3680166573616 End=3680166606376 Duration=32760
Task=64 Chunk=3 Start=3680166606386 End=3680166606470 Duration=84
Task=65 Chunk=0 Start=3680165877873 End=3680165900682 Duration=22809
Task=65 Chunk=1 Start=3680166573585 End=3680166625089 Duration=51504
Task=65 Chunk=2 Start=3680166625147 End=3680166656713 Duration=31566
Task=65 Chunk=3 Start=3680166656727 End=3680166656804 Duration=77
Task=66 Chunk=0 Start=3680165932042 End=3680166077583 Duration=145541
Task=66 Chunk=1 Start=3680166625107 End=3680166675552 Duration=50445
Task=66 Chunk=2 Start=3680166675577 End=3680166708376 Duration=32799
Task=66 Chunk=3 Start=3680166708391 End=3680166708486 Duration=95
Task=67 Chunk=0 Start=3680166077585 End=3680166100773 Duration=23188
Task=67 Chunk=1 Start=3680166675569 End=3680166728695 Duration=53126
Task=67 Chunk=2 Start=3680166728739 End=3680166761623 Duration=32884
Task=67 Chunk=3 Start=3680166761636 End=3680166761723 Duration=87
Task=68 Chunk=0 Start=3680166100775 End=3680166125611 Duration=24836
Task=68 Chunk=1 Start=3680166728711 End=3680166780367 Duration=51656
Task=68 Chunk=2 Start=3680166780387 End=3680166814111 Duration=33724
Task=68 Chunk=3 Start=3680166814126 End=3680166814206 Duration=80
Task=69 Chunk=0 Start=3680166125612 End=3680166148778 Duration=23166
Task=69 Chunk=1 Start=3680166780377 End=3680166832410 Duration=52033
Task=69 Chunk=2 Start=3680166832465 End=3680166862500 Duration=30035
Task=69 Chunk=3 Start=3680166862515 End=3680166862589 Duration=74
Task=70 Chunk=0 Start=3680166148782 End=3680166172377 Duration=23595
Task=70 Chunk=1 Start=3680166832420 End=3680166884606 Duration=52186
Task=70 Chunk=2 Start=3680166884657 End=3680166922980 Duration=38323
Task=70 Chunk=3 Start=3680166922994 End=3680166923074 Duration=80
Task=71 Chunk=0 Start=3680166193872 End=3680166218039 Duration=24167
Task=71 Chunk=1 Start=3680166884623 End=3680166937227 Duration=52604
Task=71 Chunk=2 Start=3680166937267 End=3680166967202 Duration=29935
Task=71 Chunk=3 Start=3680166967220 End=3680166967302 Duration=82
Task=72 Chunk=0 Start=3680166244743 End=3680166267807 Duration=23064
Task=72 Chunk=1 Start=3680166937239 End=3680166993737 Duration=56498
Task=72 Chunk=2 Start=3680166993792 End=3680167024170 Duration=30378
Task=72 Chunk=3 Start=3680167024188 End=3680167024272 Duration=84
Task=73 Chunk=0 Start=3680166297095 End=3680166321112 Duration=24017
Task=73 Chunk=1 Start=3680166993755 End=3680167046304 Duration=52549
Task=73 Chunk=2 Start=3680167046332 End=3680167077934 Duration=31602
Task=73 Chunk=3 Start=3680167077955 End=3680167078033 Duration=78
Task=74 Chunk=0 Start=3680166348046 End=3680166370671 Duration=22625
Task=74 Chunk=1 Start=3680167046322 End=3680167098995 Duration=52673
Task=74 Chunk=2 Start=3680167099037 End=3680167128863 Duration=29826
Task=74 Chunk=3 Start=3680167128875 End=3680167128951 Duration=76
Task=75 Chunk=0 Start=3680166400175 End=3680166422989 Duration=22814
Task=75 Chunk=1 Start=3680167099013 End=3680167149198 Duration=50185
Task=75 Chunk=2 Start=3680167149228 End=3680167177811 Duration=28583
Task=75 Chunk=3 Start=3680167177838 End=3680167177933 Duration=95
Task=76 Chunk=0 Start=3680166451230 End=3680166474379 Duration=23149
Task=76 Chunk=1 Start=3680167149199 End=3680167200977 Duration=51778
Task=76 Chunk=2 Start=3680167200995 End=3680167231161 Duration=30166
Task=76 Chunk=3 Start=3680167231175 End=3680167231251 Duration=76
Task=77 Chunk=0 Start=3680166502767 End=3680166526225 Duration=23458
Task=77 Chunk=1 Start=3680167200995 End=3680167252772 Duration=51777
Task=77 Chunk=2 Start=3680167252812 End=3680167286472 Duration=33660
Task=77 Chunk=3 Start=3680167286489 End=3680167286570 Duration=81
Task=78 Chunk=0 Start=3680166553356 End=3680166576413 Duration=23057
Task=78 Chunk=1 Start=3680167252787 End=3680167304378 Duration=51591
Task=78 Chunk=2 Start=3680167304417 End=3680167334412 Duration=29995
Task=78 Chunk=3 Start=3680167334427 End=3680167334505 Duration=78
Task=79 Chunk=0 Start=3680166606477 End=3680166629832 Duration=23355
Task=79 Chunk=1 Start=3680167304393 End=3680167354305 Duration=49912
Task=79 Chunk=2 Start=3680167354359 End=3680167386664 Duration=32305
Task=79 Chunk=3 Start=3680167386675 End=3680167386790 Duration=115
Task=80 Chunk=0 Start=3680166656815 End=3680166679687 Duration=22872
Task=80 Chunk=1 Start=3680167354306 End=3680167405018 Duration=50712
Task=80 Chunk=2 Start=3680167405067 End=3680167435124 Duration=30057
Task=80 Chunk=3 Start=3680167435133 End=3680167435227 Duration=94
Task=81 Chunk=0 Start=3680166708492 End=3680166731728 Duration=23236
Task=81 Chunk=1 Start=3680167405032 End=3680167457094 Duration=52062
Task=81 Chunk=2 Start=3680167457246 End=3680167489616 Duration=32370
Task=81 Chunk=3 Start=3680167489632 End=3680167489709 Duration=77
Task=82 Chunk=0 Start=3680166761739 End=3680166784752 Duration=23013
Task=82 Chunk=1 Start=3680167457106 End=3680167509035 Duration=51929
Task=82 Chunk=2 Start=3680167509066 End=3680167539045 Duration=29979
Task=82 Chunk=3 Start=3680167539053 End=3680167539126 Duration=73
Task=83 Chunk=0 Start=3680166814214 End=3680166837187 Duration=22973
Task=83 Chunk=1 Start=3680167509050 End=3680167561212 Duration=52162
Task=83 Chunk=2 Start=3680167561243 End=3680167593281 Duration=32038
Task=83 Chunk=3 Start=3680167593309 End=3680167593404 Duration=95
Task=84 Chunk=0 Start=3680166862594 End=3680166885207 Duration=22613
Task=84 Chunk=1 Start=3680167561228 End=3680167613892 Duration=52664
Task=84 Chunk=2 Start=3680167617474 End=3680167644676 Duration=27202
Task=84 Chunk=3 Start=3680167644696 End=3680167644782 Duration=86
Task=85 Chunk=0 Start=3680166923085 End=3680166946490 Duration=23405
Task=85 Chunk=1 Start=3680167613902 End=3680167664780 Duration=50878
Task=85 Chunk=2 Start=3680167664833 End=3680167702026 Duration=37193
Task=85 Chunk=3 Start=3680167702047 End=3680167702130 Duration=83
Task=86 Chunk=0 Start=3680166967310 End=3680166991083 Duration=23773
Task=86 Chunk=1 Start=3680167664795 End=3680167716718 Duration=51923
Task=86 Chunk=2 Start=3680167716763 End=3680167746796 Duration=30033
Task=86 Chunk=3 Start=3680167746816 End=3680167746890 Duration=74
Task=87 Chunk=0 Start=3680167024281 End=3680167047114 Duration=22833
Task=87 Chunk=1 Start=3680167716732 End=3680167766650 Duration=49918
Task=87 Chunk=2 Start=3680167766690 End=3680167797348 Duration=30658
Task=87 Chunk=3 Start=3680167797364 End=3680167797441 Duration=77
Task=88 Chunk=0 Start=3680167078039 End=3680167101869 Duration=23830
Task=88 Chunk=1 Start=3680167766659 End=3680167815517 Duration=48858
Task=88 Chunk=2 Start=3680167815546 End=3680167842574 Duration=27028
Task=88 Chunk=3 Start=3680167842585 End=3680167842676 Duration=91
Task=89 Chunk=0 Start=3680167128968 End=3680167155885 Duration=26917
Task=89 Chunk=1 Start=3680167815524 End=3680167864831 Duration=49307
Task=89 Chunk=2 Start=3680167864881 End=3680167893453 Duration=28572
Task=89 Chunk=3 Start=3680167893471 End=3680167893547 Duration=76
Task=90 Chunk=0 Start=3680167177943 End=3680167201182 Duration=23239
Task=90 Chunk=1 Start=3680167864838 End=3680167913758 Duration=48920
Task=90 Chunk=2 Start=3680167913783 End=3680167940826 Duration=27043
Task=90 Chunk=3 Start=3680167940841 End=3680167940912 Duration=71
Task=91 Chunk=0 Start=3680167231264 End=3680167253797 Duration=22533
Task=91 Chunk=1 Start=3680167913760 End=3680167962363 Duration=48603
Task=91 Chunk=2 Start=3680167962407 End=3680167992777 Duration=30370
Task=91 Chunk=3 Start=3680167992800 End=3680167992883 Duration=83
Task=92 Chunk=0 Start=3680167286583 End=3680167312087 Duration=25504
Task=92 Chunk=1 Start=3680167962367 End=3680168012010 Duration=49643
Task=92 Chunk=2 Start=3680168012057 End=3680168040321 Duration=28264
Task=92 Chunk=3 Start=3680168040330 End=3680168040407 Duration=77
Task=93 Chunk=0 Start=3680167334517 End=3680167358128 Duration=23611
Task=93 Chunk=1 Start=3680168012014 End=3680168062842 Duration=50828
Task=93 Chunk=2 Start=3680168062891 End=3680168092520 Duration=29629
Task=93 Chunk=3 Start=3680168092540 End=3680168092614 Duration=74
Task=94 Chunk=0 Start=3680167386803 End=3680167409900 Duration=23097
Task=94 Chunk=1 Start=3680168062843 End=3680168113913 Duration=51070
Task=94 Chunk=2 Start=3680168113928 End=3680168141954 Duration=28026
Task=94 Chunk=3 Start=3680168141976 End=3680168142052 Duration=76
Task=95 Chunk=0 Start=3680167435236 End=3680167457972 Duration=22736
Task=95 Chunk=1 Start=3680168113918 End=3680168164345 Duration=50427
Task=95 Chunk=2 Start=3680168164365 End=3680168194169 Duration=29804
Task=95 Chunk=3 Start=3680168194191 End=3680168194270 Duration=79
Task=96 Chunk=0 Start=3680167489715 End=3680167512881 Duration=23166
Task=96 Chunk=1 Start=3680168164349 End=3680168214690 Duration=50341
Task=96 Chunk=2 Start=3680168214725 End=3680168242824 Duration=28099
Task=96 Chunk=3 Start=3680168242849 End=3680168242925 Duration=76
Task=97 Chunk=0 Start=3680167539133 End=3680167561548 Duration=22415
Task=97 Chunk=1 Start=3680168214691 End=3680168266193 Duration=51502
Task=97 Chunk=2 Start=3680168266236 End=3680168293925 Duration=27689
Task=97 Chunk=3 Start=3680168293943 End=3680168294022 Duration=79
Task=98 Chunk=0 Start=3680167593414 End=3680167615797 Duration=22383
Task=98 Chunk=1 Start=3680168266197 End=3680168319548 Duration=53351
Task=98 Chunk=2 Start=3680168319591 End=3680168347435 Duration=27844
Task=98 Chunk=3 Start=3680168347455 End=3680168347530 Duration=75
Task=99 Chunk=0 Start=3680167644788 End=3680167670620 Duration=25832
Task=99 Chunk=1 Start=3680168319553 End=3680168370064 Duration=50511
Task=99 Chunk=2 Start=3680168370113 End=3680168398067 Duration=27954
Task=99 Chunk=3 Start=3680168398095 End=3680168399508 Duration=1413
### Python End ###

--------------------------------
[2025-06-26 13:49:54.009] [info] Available Vulkan Layers:
[2025-06-26 13:49:54.009] [warning] Validation layer requested but not available, continuing without it...
[2025-06-26 13:49:54.013] [info] Using integrated GPU: Mali-G710
[2025-06-26 13:49:54.016] [info] VulkanDispatcher instance created.
[2025-06-26 13:49:54.198] [info] Total memory used: 40550404 bytes (38.67188 MB)
[2025-06-26 13:49:54.204] [info] Total memory used: 40550404 bytes (38.67188 MB)
[2025-06-26 13:49:54.283] [info] Total memory used: 40550404 bytes (38.67188 MB)
[2025-06-26 13:49:54.290] [info] Total memory used: 40550404 bytes (38.67188 MB)
[2025-06-26 13:49:54.295] [info] Total memory used: 40550404 bytes (38.67188 MB)
[2025-06-26 13:49:54.367] [info] Total memory used: 40550404 bytes (38.67188 MB)
[2025-06-26 13:49:54.373] [info] Total memory used: 40550404 bytes (38.67188 MB)
[2025-06-26 13:49:54.378] [info] Total memory used: 40550404 bytes (38.67188 MB)
[2025-06-26 13:49:54.383] [info] Total memory used: 40550404 bytes (38.67188 MB)
[2025-06-26 13:49:54.389] [info] Total memory used: 40550404 bytes (38.67188 MB)
[2025-06-26 13:49:54.477] [info] Total memory used: 40550404 bytes (38.67188 MB)
[2025-06-26 13:49:54.482] [info] Total memory used: 40550404 bytes (38.67188 MB)
[2025-06-26 13:49:54.487] [info] Total memory used: 40550404 bytes (38.67188 MB)
[2025-06-26 13:49:54.492] [info] Total memory used: 40550404 bytes (38.67188 MB)
[2025-06-26 13:49:54.498] [info] Total memory used: 40550404 bytes (38.67188 MB)
[2025-06-26 13:49:54.503] [info] Total memory used: 40550404 bytes (38.67188 MB)
### Python Begin ###
Schedule_UID=SCH-B2L1G1M3-G200-6690
Frequency=24576000 Hz
Task=0 Chunk=0 Start=3680183103261 End=3680183235213 Duration=131952
Task=0 Chunk=1 Start=3680183235236 End=3680183246065 Duration=10829
Task=0 Chunk=2 Start=3680183246082 End=3680183246116 Duration=34
Task=0 Chunk=3 Start=3680183246131 End=3680183379998 Duration=133867
Task=1 Chunk=0 Start=3680183235223 End=3680183290245 Duration=55022
Task=1 Chunk=1 Start=3680183290263 End=3680183290761 Duration=498
Task=1 Chunk=2 Start=3680183340130 End=3680183340150 Duration=20
Task=1 Chunk=3 Start=3680183380002 End=3680183504055 Duration=124053
Task=2 Chunk=0 Start=3680183290246 End=3680183346895 Duration=56649
Task=2 Chunk=1 Start=3680183346944 End=3680183347420 Duration=476
Task=2 Chunk=2 Start=3680183347429 End=3680183347430 Duration=1
Task=2 Chunk=3 Start=3680183504056 End=3680183625065 Duration=121009
Task=3 Chunk=0 Start=3680183346896 End=3680183405699 Duration=58803
Task=3 Chunk=1 Start=3680183405743 End=3680183406137 Duration=394
Task=3 Chunk=2 Start=3680183442381 End=3680183442389 Duration=8
Task=3 Chunk=3 Start=3680183625066 End=3680183746231 Duration=121165
Task=4 Chunk=0 Start=3680183405700 End=3680183462019 Duration=56319
Task=4 Chunk=1 Start=3680183462051 End=3680183462345 Duration=294
Task=4 Chunk=2 Start=3680183462355 End=3680183462356 Duration=1
Task=4 Chunk=3 Start=3680183746245 End=3680183808963 Duration=62718
Task=5 Chunk=0 Start=3680183462020 End=3680183518993 Duration=56973
Task=5 Chunk=1 Start=3680183519008 End=3680183519489 Duration=481
Task=5 Chunk=2 Start=3680183564307 End=3680183564312 Duration=5
Task=5 Chunk=3 Start=3680183808965 End=3680183871339 Duration=62374
Task=6 Chunk=0 Start=3680183518994 End=3680183557686 Duration=38692
Task=6 Chunk=1 Start=3680183557740 End=3680183558115 Duration=375
Task=6 Chunk=2 Start=3680183564335 End=3680183564336 Duration=1
Task=6 Chunk=3 Start=3680183871348 End=3680183934207 Duration=62859
Task=7 Chunk=0 Start=3680183557687 End=3680183607567 Duration=49880
Task=7 Chunk=1 Start=3680183607585 End=3680183608036 Duration=451
Task=7 Chunk=2 Start=3680183608092 End=3680183608093 Duration=1
Task=7 Chunk=3 Start=3680183934208 End=3680183995574 Duration=61366
Task=8 Chunk=0 Start=3680183607568 End=3680183635648 Duration=28080
Task=8 Chunk=1 Start=3680183635687 End=3680183635989 Duration=302
Task=8 Chunk=2 Start=3680183685579 End=3680183685586 Duration=7
Task=8 Chunk=3 Start=3680183995587 End=3680184095004 Duration=99417
Task=9 Chunk=0 Start=3680183635649 End=3680183664338 Duration=28689
Task=9 Chunk=1 Start=3680183664361 End=3680183664635 Duration=274
Task=9 Chunk=2 Start=3680183685609 End=3680183685616 Duration=7
Task=9 Chunk=3 Start=3680184095014 End=3680184214134 Duration=119120
Task=10 Chunk=0 Start=3680183664339 End=3680183692817 Duration=28478
Task=10 Chunk=1 Start=3680183692854 End=3680183693107 Duration=253
Task=10 Chunk=2 Start=3680183693116 End=3680183693117 Duration=1
Task=10 Chunk=3 Start=3680184214135 End=3680184333393 Duration=119258
Task=11 Chunk=0 Start=3680183692818 End=3680183722027 Duration=29209
Task=11 Chunk=1 Start=3680183722068 End=3680183722438 Duration=370
Task=11 Chunk=2 Start=3680183722447 End=3680183722448 Duration=1
Task=11 Chunk=3 Start=3680184333394 End=3680184453020 Duration=119626
Task=12 Chunk=0 Start=3680183722028 End=3680183752114 Duration=30086
Task=12 Chunk=1 Start=3680183752141 End=3680183752441 Duration=300
Task=12 Chunk=2 Start=3680183798881 End=3680183798936 Duration=55
Task=12 Chunk=3 Start=3680184453021 End=3680184572152 Duration=119131
Task=13 Chunk=0 Start=3680183752115 End=3680183780725 Duration=28610
Task=13 Chunk=1 Start=3680183780760 End=3680183781025 Duration=265
Task=13 Chunk=2 Start=3680183798936 End=3680183798937 Duration=1
Task=13 Chunk=3 Start=3680184572153 End=3680184692227 Duration=120074
Task=14 Chunk=0 Start=3680183780726 End=3680183813439 Duration=32713
Task=14 Chunk=1 Start=3680183813461 End=3680183813890 Duration=429
Task=14 Chunk=2 Start=3680183822777 End=3680183822778 Duration=1
Task=14 Chunk=3 Start=3680184692234 End=3680184810986 Duration=118752
Task=15 Chunk=0 Start=3680183813440 End=3680183842485 Duration=29045
Task=15 Chunk=1 Start=3680183842536 End=3680183842864 Duration=328
Task=15 Chunk=2 Start=3680183851339 End=3680183851340 Duration=1
Task=15 Chunk=3 Start=3680184810987 End=3680184930747 Duration=119760
Task=16 Chunk=0 Start=3680183842486 End=3680183871292 Duration=28806
Task=16 Chunk=1 Start=3680183871337 End=3680183871674 Duration=337
Task=16 Chunk=2 Start=3680183880233 End=3680183880234 Duration=1
Task=16 Chunk=3 Start=3680184930748 End=3680185051489 Duration=120741
Task=17 Chunk=0 Start=3680183871293 End=3680183901499 Duration=30206
Task=17 Chunk=1 Start=3680183901548 End=3680183901956 Duration=408
Task=17 Chunk=2 Start=3680183910545 End=3680183910546 Duration=1
Task=17 Chunk=3 Start=3680185051491 End=3680185170572 Duration=119081
Task=18 Chunk=0 Start=3680183901500 End=3680183930421 Duration=28921
Task=18 Chunk=1 Start=3680183930442 End=3680183930733 Duration=291
Task=18 Chunk=2 Start=3680183939434 End=3680183939435 Duration=1
Task=18 Chunk=3 Start=3680185170579 End=3680185290866 Duration=120287
Task=19 Chunk=0 Start=3680183930422 End=3680183959323 Duration=28901
Task=19 Chunk=1 Start=3680183959358 End=3680183959615 Duration=257
Task=19 Chunk=2 Start=3680183968277 End=3680183968278 Duration=1
Task=19 Chunk=3 Start=3680185290867 End=3680185409328 Duration=118461
Task=20 Chunk=0 Start=3680183959324 End=3680183988139 Duration=28815
Task=20 Chunk=1 Start=3680183990516 End=3680183990943 Duration=427
Task=20 Chunk=2 Start=3680183994989 End=3680183995015 Duration=26
Task=20 Chunk=3 Start=3680185409329 End=3680185528816 Duration=119487
Task=21 Chunk=0 Start=3680183988140 End=3680184023007 Duration=34867
Task=21 Chunk=1 Start=3680184023049 End=3680184023434 Duration=385
Task=21 Chunk=2 Start=3680184055368 End=3680184055373 Duration=5
Task=21 Chunk=3 Start=3680185528817 End=3680185626146 Duration=97329
Task=22 Chunk=0 Start=3680184023008 End=3680184051902 Duration=28894
Task=22 Chunk=1 Start=3680184051960 End=3680184052280 Duration=320
Task=22 Chunk=2 Start=3680184055387 End=3680184055395 Duration=8
Task=22 Chunk=3 Start=3680185626147 End=3680185781190 Duration=155043
Task=23 Chunk=0 Start=3680184095020 End=3680184123717 Duration=28697
Task=23 Chunk=1 Start=3680184123857 End=3680184125148 Duration=1291
Task=23 Chunk=2 Start=3680184125160 End=3680184125166 Duration=6
Task=23 Chunk=3 Start=3680185781191 End=3680185841558 Duration=60367
Task=24 Chunk=0 Start=3680184214162 End=3680184242594 Duration=28432
Task=24 Chunk=1 Start=3680184242685 End=3680184243906 Duration=1221
Task=24 Chunk=3 Start=3680185841559 End=3680186021022 Duration=179463
Task=25 Chunk=0 Start=3680184333412 End=3680184361847 Duration=28435
Task=25 Chunk=1 Start=3680184362151 End=3680184363407 Duration=1256
Task=25 Chunk=2 Start=3680184363416 End=3680184363417 Duration=1
Task=25 Chunk=3 Start=3680186021024 End=3680186139461 Duration=118437
Task=26 Chunk=0 Start=3680184453035 End=3680184481599 Duration=28564
Task=26 Chunk=1 Start=3680184481801 End=3680184482947 Duration=1146
Task=26 Chunk=2 Start=3680184482961 End=3680184482962 Duration=1
Task=26 Chunk=3 Start=3680186139462 End=3680186258529 Duration=119067
Task=27 Chunk=0 Start=3680184572184 End=3680184601227 Duration=29043
Task=27 Chunk=1 Start=3680184601280 End=3680184601858 Duration=578
Task=27 Chunk=2 Start=3680184601868 End=3680184601869 Duration=1
Task=27 Chunk=3 Start=3680186258532 End=3680186376447 Duration=117915
Task=28 Chunk=0 Start=3680184692246 End=3680184720564 Duration=28318
Task=28 Chunk=1 Start=3680184720584 End=3680184721049 Duration=465
Task=28 Chunk=2 Start=3680184721065 End=3680184721070 Duration=5
Task=28 Chunk=3 Start=3680186376448 End=3680186495259 Duration=118811
Task=29 Chunk=0 Start=3680184811008 End=3680184839444 Duration=28436
Task=29 Chunk=1 Start=3680184839477 End=3680184839869 Duration=392
Task=29 Chunk=2 Start=3680184839880 End=3680184839881 Duration=1
Task=29 Chunk=3 Start=3680186495276 End=3680186556788 Duration=61512
Task=30 Chunk=0 Start=3680184930766 End=3680184959288 Duration=28522
Task=30 Chunk=1 Start=3680184959296 End=3680184959643 Duration=347
Task=30 Chunk=2 Start=3680184959657 End=3680184959658 Duration=1
Task=30 Chunk=3 Start=3680186556790 End=3680186741159 Duration=184369
Task=31 Chunk=0 Start=3680185051505 End=3680185081053 Duration=29548
Task=31 Chunk=1 Start=3680185081063 End=3680185081632 Duration=569
Task=31 Chunk=2 Start=3680185081646 End=3680185081652 Duration=6
Task=31 Chunk=3 Start=3680186741160 End=3680186864065 Duration=122905
Task=32 Chunk=0 Start=3680185170603 End=3680185199754 Duration=29151
Task=32 Chunk=1 Start=3680185199783 End=3680185200166 Duration=383
Task=32 Chunk=2 Start=3680185200181 End=3680185200182 Duration=1
Task=32 Chunk=3 Start=3680186864067 End=3680186983319 Duration=119252
Task=33 Chunk=0 Start=3680185290899 End=3680185319776 Duration=28877
Task=33 Chunk=1 Start=3680185319824 End=3680185320173 Duration=349
Task=33 Chunk=2 Start=3680185320189 End=3680185320190 Duration=1
Task=33 Chunk=3 Start=3680186983324 End=3680187100398 Duration=117074
Task=34 Chunk=0 Start=3680185409372 End=3680185438049 Duration=28677
Task=34 Chunk=1 Start=3680185438079 End=3680185438450 Duration=371
Task=34 Chunk=2 Start=3680185438462 End=3680185438463 Duration=1
Task=34 Chunk=3 Start=3680187100399 End=3680187192922 Duration=92523
Task=35 Chunk=0 Start=3680185528849 End=3680185557356 Duration=28507
Task=35 Chunk=1 Start=3680185557370 End=3680185557723 Duration=353
Task=35 Chunk=3 Start=3680187192923 End=3680187370541 Duration=177618
Task=36 Chunk=0 Start=3680185626193 End=3680185654711 Duration=28518
Task=36 Chunk=1 Start=3680185654760 End=3680185655105 Duration=345
Task=36 Chunk=2 Start=3680185655128 End=3680185655166 Duration=38
Task=36 Chunk=3 Start=3680187370542 End=3680187488700 Duration=118158
Task=37 Chunk=0 Start=3680185781214 End=3680185810127 Duration=28913
Task=37 Chunk=1 Start=3680185810163 End=3680185810674 Duration=511
Task=37 Chunk=2 Start=3680185843207 End=3680185843218 Duration=11
Task=37 Chunk=3 Start=3680187488700 End=3680187606508 Duration=117808
Task=38 Chunk=0 Start=3680185841574 End=3680185871730 Duration=30156
Task=38 Chunk=1 Start=3680185871780 End=3680185872201 Duration=421
Task=38 Chunk=2 Start=3680185872209 End=3680185872210 Duration=1
Task=38 Chunk=3 Start=3680187606509 End=3680187722883 Duration=116374
Task=39 Chunk=0 Start=3680186021059 End=3680186049630 Duration=28571
Task=39 Chunk=1 Start=3680186049655 End=3680186050031 Duration=376
Task=39 Chunk=2 Start=3680186050036 End=3680186050037 Duration=1
Task=39 Chunk=3 Start=3680187722884 End=3680187846129 Duration=123245
Task=40 Chunk=0 Start=3680186139497 End=3680186169108 Duration=29611
Task=40 Chunk=1 Start=3680186169139 End=3680186169553 Duration=414
Task=40 Chunk=2 Start=3680186169567 End=3680186169568 Duration=1
Task=40 Chunk=3 Start=3680187846152 End=3680187969685 Duration=123533
Task=41 Chunk=0 Start=3680186258554 End=3680186287065 Duration=28511
Task=41 Chunk=1 Start=3680186287091 End=3680186287450 Duration=359
Task=41 Chunk=2 Start=3680186287462 End=3680186287463 Duration=1
Task=41 Chunk=3 Start=3680187969687 End=3680188087546 Duration=117859
Task=42 Chunk=0 Start=3680186376484 End=3680186404974 Duration=28490
Task=42 Chunk=1 Start=3680186405031 End=3680186405464 Duration=433
Task=42 Chunk=2 Start=3680186405474 End=3680186405475 Duration=1
Task=42 Chunk=3 Start=3680188087548 End=3680188205905 Duration=118357
Task=43 Chunk=0 Start=3680186495290 End=3680186523948 Duration=28658
Task=43 Chunk=1 Start=3680186523983 End=3680186524395 Duration=412
Task=43 Chunk=2 Start=3680186594563 End=3680186594602 Duration=39
Task=43 Chunk=3 Start=3680188205906 End=3680188325027 Duration=119121
Task=44 Chunk=0 Start=3680186556810 End=3680186585586 Duration=28776
Task=44 Chunk=1 Start=3680186585611 End=3680186585974 Duration=363
Task=44 Chunk=2 Start=3680186594603 End=3680186594604 Duration=1
Task=44 Chunk=3 Start=3680188325028 End=3680188442552 Duration=117524
Task=45 Chunk=0 Start=3680186741186 End=3680186770565 Duration=29379
Task=45 Chunk=1 Start=3680186770596 End=3680186770962 Duration=366
Task=45 Chunk=3 Start=3680188442560 End=3680188544727 Duration=102167
Task=46 Chunk=0 Start=3680186864086 End=3680186892591 Duration=28505
Task=46 Chunk=1 Start=3680186892646 End=3680186893008 Duration=362
Task=46 Chunk=2 Start=3680186893024 End=3680186893025 Duration=1
Task=46 Chunk=3 Start=3680188544735 End=3680188668006 Duration=123271
Task=47 Chunk=0 Start=3680186983342 End=3680187011874 Duration=28532
Task=47 Chunk=1 Start=3680187011919 End=3680187012269 Duration=350
Task=47 Chunk=2 Start=3680187012277 End=3680187012278 Duration=1
Task=47 Chunk=3 Start=3680188668007 End=3680188729474 Duration=61467
Task=48 Chunk=0 Start=3680187100424 End=3680187129206 Duration=28782
Task=48 Chunk=1 Start=3680187129262 End=3680187129610 Duration=348
Task=48 Chunk=2 Start=3680187129616 End=3680187129622 Duration=6
Task=48 Chunk=3 Start=3680188729476 End=3680188790341 Duration=60865
Task=49 Chunk=0 Start=3680187192964 End=3680187221803 Duration=28839
Task=49 Chunk=1 Start=3680187221827 End=3680187222251 Duration=424
Task=49 Chunk=2 Start=3680187222270 End=3680187222276 Duration=6
Task=49 Chunk=3 Start=3680188790342 End=3680188852380 Duration=62038
Task=50 Chunk=0 Start=3680187370558 End=3680187399252 Duration=28694
Task=50 Chunk=1 Start=3680187399269 End=3680187399643 Duration=374
Task=50 Chunk=2 Start=3680187399658 End=3680187399690 Duration=32
Task=50 Chunk=3 Start=3680188852382 End=3680188914678 Duration=62296
Task=51 Chunk=0 Start=3680187488720 End=3680187517131 Duration=28411
Task=51 Chunk=1 Start=3680187517158 End=3680187517516 Duration=358
Task=51 Chunk=2 Start=3680187517529 End=3680187517530 Duration=1
Task=51 Chunk=3 Start=3680188914680 End=3680188974955 Duration=60275
Task=52 Chunk=0 Start=3680187606535 End=3680187637802 Duration=31267
Task=52 Chunk=1 Start=3680187637842 End=3680187638356 Duration=514
Task=52 Chunk=2 Start=3680187689794 End=3680187689800 Duration=6
Task=52 Chunk=3 Start=3680188974956 End=3680189036785 Duration=61829
Task=53 Chunk=0 Start=3680187722901 End=3680187752431 Duration=29530
Task=53 Chunk=1 Start=3680187752442 End=3680187752902 Duration=460
Task=53 Chunk=2 Start=3680187784934 End=3680187784980 Duration=46
Task=53 Chunk=3 Start=3680189036786 End=3680189095751 Duration=58965
Task=54 Chunk=0 Start=3680187846166 End=3680187875078 Duration=28912
Task=54 Chunk=1 Start=3680187875106 End=3680187875474 Duration=368
Task=54 Chunk=2 Start=3680187907503 End=3680187907535 Duration=32
Task=54 Chunk=3 Start=3680189095752 End=3680189156077 Duration=60325
Task=55 Chunk=0 Start=3680187969713 End=3680187998356 Duration=28643
Task=55 Chunk=1 Start=3680187998386 End=3680187998786 Duration=400
Task=55 Chunk=2 Start=3680187998792 End=3680187998793 Duration=1
Task=55 Chunk=3 Start=3680189156078 End=3680189216673 Duration=60595
Task=56 Chunk=0 Start=3680188087571 End=3680188116051 Duration=28480
Task=56 Chunk=1 Start=3680188116108 End=3680188116448 Duration=340
Task=56 Chunk=2 Start=3680188116462 End=3680188116463 Duration=1
Task=56 Chunk=3 Start=3680189216674 End=3680189276248 Duration=59574
Task=57 Chunk=0 Start=3680188205921 End=3680188235413 Duration=29492
Task=57 Chunk=1 Start=3680188235442 End=3680188235859 Duration=417
Task=57 Chunk=2 Start=3680188235876 End=3680188235877 Duration=1
Task=57 Chunk=3 Start=3680189276252 End=3680189336220 Duration=59968
Task=58 Chunk=0 Start=3680188325054 End=3680188353476 Duration=28422
Task=58 Chunk=1 Start=3680188353523 End=3680188353877 Duration=354
Task=58 Chunk=2 Start=3680188353886 End=3680188353887 Duration=1
Task=58 Chunk=3 Start=3680189336221 End=3680189395606 Duration=59385
Task=59 Chunk=0 Start=3680188442568 End=3680188471330 Duration=28762
Task=59 Chunk=1 Start=3680188471385 End=3680188471750 Duration=365
Task=59 Chunk=2 Start=3680188504016 End=3680188504070 Duration=54
Task=59 Chunk=3 Start=3680189395607 End=3680189456337 Duration=60730
Task=60 Chunk=0 Start=3680188544747 End=3680188573526 Duration=28779
Task=60 Chunk=1 Start=3680188573587 End=3680188573951 Duration=364
Task=60 Chunk=2 Start=3680188606412 End=3680188606419 Duration=7
Task=60 Chunk=3 Start=3680189456338 End=3680189517126 Duration=60788
Task=61 Chunk=0 Start=3680188668021 End=3680188696548 Duration=28527
Task=61 Chunk=1 Start=3680188696602 End=3680188696955 Duration=353
Task=61 Chunk=2 Start=3680188713005 End=3680188713044 Duration=39
Task=61 Chunk=3 Start=3680189517127 End=3680189576728 Duration=59601
Task=62 Chunk=0 Start=3680188729500 End=3680188758540 Duration=29040
Task=62 Chunk=1 Start=3680188758563 End=3680188759004 Duration=441
Task=62 Chunk=2 Start=3680188759120 End=3680188759121 Duration=1
Task=62 Chunk=3 Start=3680189576729 End=3680189636984 Duration=60255
Task=63 Chunk=0 Start=3680188790366 End=3680188821161 Duration=30795
Task=63 Chunk=1 Start=3680188821213 End=3680188821601 Duration=388
Task=63 Chunk=2 Start=3680188821666 End=3680188821671 Duration=5
Task=63 Chunk=3 Start=3680189636985 End=3680189698095 Duration=61110
Task=64 Chunk=0 Start=3680188852410 End=3680188881463 Duration=29053
Task=64 Chunk=1 Start=3680188881472 End=3680188881771 Duration=299
Task=64 Chunk=2 Start=3680188881870 End=3680188881871 Duration=1
Task=64 Chunk=3 Start=3680189698097 End=3680189758223 Duration=60126
Task=65 Chunk=0 Start=3680188914729 End=3680188943986 Duration=29257
Task=65 Chunk=1 Start=3680188944020 End=3680188944384 Duration=364
Task=65 Chunk=3 Start=3680189758230 End=3680189819636 Duration=61406
Task=66 Chunk=0 Start=3680188974993 End=3680189004130 Duration=29137
Task=66 Chunk=1 Start=3680189004163 End=3680189004442 Duration=279
Task=66 Chunk=2 Start=3680189004532 End=3680189004533 Duration=1
Task=66 Chunk=3 Start=3680189819638 End=3680189878775 Duration=59137
Task=67 Chunk=0 Start=3680189036833 End=3680189072942 Duration=36109
Task=67 Chunk=1 Start=3680189073001 End=3680189073492 Duration=491
Task=67 Chunk=2 Start=3680189073502 End=3680189073503 Duration=1
Task=67 Chunk=3 Start=3680189878776 End=3680189939282 Duration=60506
Task=68 Chunk=0 Start=3680189095792 End=3680189133268 Duration=37476
Task=68 Chunk=1 Start=3680189133322 End=3680189133724 Duration=402
Task=68 Chunk=2 Start=3680189133735 End=3680189133736 Duration=1
Task=68 Chunk=3 Start=3680189939298 End=3680190000285 Duration=60987
Task=69 Chunk=0 Start=3680189156171 End=3680189199506 Duration=43335
Task=69 Chunk=1 Start=3680189199554 End=3680189199847 Duration=293
Task=69 Chunk=2 Start=3680189199853 End=3680189199854 Duration=1
Task=69 Chunk=3 Start=3680190000286 End=3680190059564 Duration=59278
Task=70 Chunk=0 Start=3680189216772 End=3680189271758 Duration=54986
Task=70 Chunk=1 Start=3680189271815 End=3680189272308 Duration=493
Task=70 Chunk=2 Start=3680189272324 End=3680189272325 Duration=1
Task=70 Chunk=3 Start=3680190059565 End=3680190120109 Duration=60544
Task=71 Chunk=0 Start=3680189276376 End=3680189333340 Duration=56964
Task=71 Chunk=1 Start=3680189333385 End=3680189333817 Duration=432
Task=71 Chunk=2 Start=3680189333825 End=3680189333826 Duration=1
Task=71 Chunk=3 Start=3680190120122 End=3680190179229 Duration=59107
Task=72 Chunk=0 Start=3680189336269 End=3680189390857 Duration=54588
Task=72 Chunk=1 Start=3680189390913 End=3680189391204 Duration=291
Task=72 Chunk=2 Start=3680189391227 End=3680189391228 Duration=1
Task=72 Chunk=3 Start=3680190179230 End=3680190239521 Duration=60291
Task=73 Chunk=0 Start=3680189395620 End=3680189452158 Duration=56538
Task=73 Chunk=1 Start=3680189452200 End=3680189452632 Duration=432
Task=73 Chunk=2 Start=3680189452656 End=3680189452657 Duration=1
Task=73 Chunk=3 Start=3680190239521 End=3680190300413 Duration=60892
Task=74 Chunk=0 Start=3680189456394 End=3680189512435 Duration=56041
Task=74 Chunk=1 Start=3680189512454 End=3680189512874 Duration=420
Task=74 Chunk=2 Start=3680189512888 End=3680189512889 Duration=1
Task=74 Chunk=3 Start=3680190300414 End=3680190360323 Duration=59909
Task=75 Chunk=0 Start=3680189517162 End=3680189572022 Duration=54860
Task=75 Chunk=1 Start=3680189572062 End=3680189572342 Duration=280
Task=75 Chunk=2 Start=3680189572348 End=3680189572349 Duration=1
Task=75 Chunk=3 Start=3680190360331 End=3680190421379 Duration=61048
Task=76 Chunk=0 Start=3680189576814 End=3680189614157 Duration=37343
Task=76 Chunk=1 Start=3680189614173 End=3680189614530 Duration=357
Task=76 Chunk=2 Start=3680189614637 End=3680189614638 Duration=1
Task=76 Chunk=3 Start=3680190421380 End=3680190483263 Duration=61883
Task=77 Chunk=0 Start=3680189637022 End=3680189665936 Duration=28914
Task=77 Chunk=1 Start=3680189665943 End=3680189666242 Duration=299
Task=77 Chunk=3 Start=3680190483265 End=3680190578471 Duration=95206
Task=78 Chunk=0 Start=3680189698126 End=3680189727228 Duration=29102
Task=78 Chunk=1 Start=3680189727247 End=3680189727586 Duration=339
Task=78 Chunk=2 Start=3680189727690 End=3680189727691 Duration=1
Task=78 Chunk=3 Start=3680190578472 End=3680190640261 Duration=61789
Task=79 Chunk=0 Start=3680189758263 End=3680189787177 Duration=28914
Task=79 Chunk=1 Start=3680189787232 End=3680189787506 Duration=274
Task=79 Chunk=2 Start=3680189787566 End=3680189787570 Duration=4
Task=79 Chunk=3 Start=3680190640266 End=3680190701281 Duration=61015
Task=80 Chunk=0 Start=3680189819734 End=3680189856098 Duration=36364
Task=80 Chunk=1 Start=3680189856155 End=3680189856572 Duration=417
Task=80 Chunk=2 Start=3680189856583 End=3680189856584 Duration=1
Task=80 Chunk=3 Start=3680190701285 End=3680190760857 Duration=59572
Task=81 Chunk=0 Start=3680189878876 End=3680189916336 Duration=37460
Task=81 Chunk=1 Start=3680189916388 End=3680189916772 Duration=384
Task=81 Chunk=2 Start=3680189916784 End=3680189916785 Duration=1
Task=81 Chunk=3 Start=3680190760858 End=3680190822247 Duration=61389
Task=82 Chunk=0 Start=3680189939383 End=3680189983505 Duration=44122
Task=82 Chunk=1 Start=3680189983550 End=3680189983838 Duration=288
Task=82 Chunk=2 Start=3680189983848 End=3680189983849 Duration=1
Task=82 Chunk=3 Start=3680190822250 End=3680190882989 Duration=60739
Task=83 Chunk=0 Start=3680190000324 End=3680190055706 Duration=55382
Task=83 Chunk=1 Start=3680190055756 End=3680190056157 Duration=401
Task=83 Chunk=2 Start=3680190056173 End=3680190056174 Duration=1
Task=83 Chunk=3 Start=3680190882990 End=3680190941992 Duration=59002
Task=84 Chunk=0 Start=3680190059615 End=3680190116612 Duration=56997
Task=84 Chunk=1 Start=3680190116625 End=3680190116958 Duration=333
Task=84 Chunk=2 Start=3680190116977 End=3680190116978 Duration=1
Task=84 Chunk=3 Start=3680190941993 End=3680191002708 Duration=60715
Task=85 Chunk=0 Start=3680190120269 End=3680190175283 Duration=55014
Task=85 Chunk=1 Start=3680190175333 End=3680190175680 Duration=347
Task=85 Chunk=2 Start=3680190175692 End=3680190175693 Duration=1
Task=85 Chunk=3 Start=3680191002709 End=3680191061977 Duration=59268
Task=86 Chunk=0 Start=3680190179349 End=3680190235424 Duration=56075
Task=86 Chunk=1 Start=3680190235443 End=3680190235817 Duration=374
Task=86 Chunk=2 Start=3680190235824 End=3680190235825 Duration=1
Task=86 Chunk=3 Start=3680191061978 End=3680191121022 Duration=59044
Task=87 Chunk=0 Start=3680190239640 End=3680190295702 Duration=56062
Task=87 Chunk=1 Start=3680190295734 End=3680190296080 Duration=346
Task=87 Chunk=2 Start=3680190296102 End=3680190296103 Duration=1
Task=87 Chunk=3 Start=3680191121025 End=3680191180625 Duration=59600
Task=88 Chunk=0 Start=3680190300545 End=3680190358687 Duration=58142
Task=88 Chunk=1 Start=3680190358758 End=3680190359058 Duration=300
Task=88 Chunk=2 Start=3680190359082 End=3680190359126 Duration=44
Task=88 Chunk=3 Start=3680191180631 End=3680191238831 Duration=58200
Task=89 Chunk=0 Start=3680190360348 End=3680190399155 Duration=38807
Task=89 Chunk=1 Start=3680190399207 End=3680190399554 Duration=347
Task=89 Chunk=2 Start=3680190399574 End=3680190399575 Duration=1
Task=89 Chunk=3 Start=3680191238832 End=3680191297827 Duration=58995
Task=90 Chunk=0 Start=3680190421484 End=3680190479078 Duration=57594
Task=90 Chunk=1 Start=3680190479102 End=3680190479381 Duration=279
Task=90 Chunk=2 Start=3680190479477 End=3680190479492 Duration=15
Task=90 Chunk=3 Start=3680191297831 End=3680191356215 Duration=58384
Task=91 Chunk=0 Start=3680190483291 End=3680190512240 Duration=28949
Task=91 Chunk=1 Start=3680190512304 End=3680190512654 Duration=350
Task=91 Chunk=2 Start=3680190543595 End=3680190543633 Duration=38
Task=91 Chunk=3 Start=3680191356216 End=3680191416112 Duration=59896
Task=92 Chunk=0 Start=3680190578492 End=3680190609737 Duration=31245
Task=92 Chunk=1 Start=3680190609796 End=3680190610428 Duration=632
Task=92 Chunk=2 Start=3680190610435 End=3680190610467 Duration=32
Task=92 Chunk=3 Start=3680191416115 End=3680191475780 Duration=59665
Task=93 Chunk=0 Start=3680190640285 End=3680190669612 Duration=29327
Task=93 Chunk=1 Start=3680190669619 End=3680190669969 Duration=350
Task=93 Chunk=2 Start=3680190669992 End=3680190669993 Duration=1
Task=93 Chunk=3 Start=3680191475788 End=3680191533838 Duration=58050
Task=94 Chunk=0 Start=3680190701307 End=3680190730613 Duration=29306
Task=94 Chunk=1 Start=3680190730646 End=3680190731038 Duration=392
Task=94 Chunk=2 Start=3680190731134 End=3680190731135 Duration=1
Task=94 Chunk=3 Start=3680191533840 End=3680191592927 Duration=59087
Task=95 Chunk=0 Start=3680190760888 End=3680190791876 Duration=30988
Task=95 Chunk=1 Start=3680190791930 End=3680190792346 Duration=416
Task=95 Chunk=2 Start=3680190792362 End=3680190792363 Duration=1
Task=95 Chunk=3 Start=3680191592931 End=3680191651492 Duration=58561
Task=96 Chunk=0 Start=3680190822293 End=3680190858502 Duration=36209
Task=96 Chunk=1 Start=3680190858559 End=3680190858849 Duration=290
Task=96 Chunk=2 Start=3680190858865 End=3680190858866 Duration=1
Task=96 Chunk=3 Start=3680191651493 End=3680191710553 Duration=59060
Task=97 Chunk=0 Start=3680190883015 End=3680190919286 Duration=36271
Task=97 Chunk=1 Start=3680190919323 End=3680190919809 Duration=486
Task=97 Chunk=2 Start=3680190919829 End=3680190919830 Duration=1
Task=97 Chunk=3 Start=3680191710561 End=3680191770269 Duration=59708
Task=98 Chunk=0 Start=3680190942092 End=3680190997411 Duration=55319
Task=98 Chunk=1 Start=3680190997436 End=3680190997840 Duration=404
Task=98 Chunk=2 Start=3680190997855 End=3680190997856 Duration=1
Task=98 Chunk=3 Start=3680191770273 End=3680191828657 Duration=58384
Task=99 Chunk=0 Start=3680191002751 End=3680191057790 Duration=55039
Task=99 Chunk=1 Start=3680191057858 End=3680191058696 Duration=838
Task=99 Chunk=2 Start=3680191058705 End=3680191058706 Duration=1
Task=99 Chunk=3 Start=3680191828658 End=3680191887821 Duration=59163
### Python End ###

--------------------------------
[2025-06-26 13:49:54.897] [info] Available Vulkan Layers:
[2025-06-26 13:49:54.897] [warning] Validation layer requested but not available, continuing without it...
[2025-06-26 13:49:54.901] [info] Using integrated GPU: Mali-G710
[2025-06-26 13:49:54.904] [info] VulkanDispatcher instance created.
[2025-06-26 13:49:55.119] [info] Total memory used: 40550404 bytes (38.67188 MB)
[2025-06-26 13:49:55.124] [info] Total memory used: 40550404 bytes (38.67188 MB)
[2025-06-26 13:49:55.173] [info] Total memory used: 40550404 bytes (38.67188 MB)
[2025-06-26 13:49:55.178] [info] Total memory used: 40550404 bytes (38.67188 MB)
[2025-06-26 13:49:55.183] [info] Total memory used: 40550404 bytes (38.67188 MB)
[2025-06-26 13:49:55.275] [info] Total memory used: 40550404 bytes (38.67188 MB)
[2025-06-26 13:49:55.281] [info] Total memory used: 40550404 bytes (38.67188 MB)
[2025-06-26 13:49:55.286] [info] Total memory used: 40550404 bytes (38.67188 MB)
[2025-06-26 13:49:55.291] [info] Total memory used: 40550404 bytes (38.67188 MB)
[2025-06-26 13:49:55.296] [info] Total memory used: 40550404 bytes (38.67188 MB)
[2025-06-26 13:49:55.368] [info] Total memory used: 40550404 bytes (38.67188 MB)
[2025-06-26 13:49:55.373] [info] Total memory used: 40550404 bytes (38.67188 MB)
[2025-06-26 13:49:55.378] [info] Total memory used: 40550404 bytes (38.67188 MB)
[2025-06-26 13:49:55.383] [info] Total memory used: 40550404 bytes (38.67188 MB)
[2025-06-26 13:49:55.389] [info] Total memory used: 40550404 bytes (38.67188 MB)
[2025-06-26 13:49:55.394] [info] Total memory used: 40550404 bytes (38.67188 MB)
### Python Begin ###
Schedule_UID=SCH-L2B5-G215-abbf
Frequency=24576000 Hz
Task=0 Chunk=0 Start=3680204814002 End=3680204988244 Duration=174242
Task=0 Chunk=1 Start=3680204988310 End=3680205311881 Duration=323571
Task=1 Chunk=0 Start=3680204988277 End=3680205126465 Duration=138188
Task=1 Chunk=1 Start=3680205311906 End=3680205593899 Duration=281993
Task=2 Chunk=0 Start=3680205126484 End=3680205239521 Duration=113037
Task=2 Chunk=1 Start=3680205593922 End=3680205889759 Duration=295837
Task=3 Chunk=0 Start=3680205239594 End=3680205344005 Duration=104411
Task=3 Chunk=1 Start=3680205889763 End=3680206170594 Duration=280831
Task=4 Chunk=0 Start=3680205344016 End=3680205447764 Duration=103748
Task=4 Chunk=1 Start=3680206170595 End=3680206451540 Duration=280945
Task=5 Chunk=0 Start=3680205447779 End=3680205552325 Duration=104546
Task=5 Chunk=1 Start=3680206451550 End=3680206733757 Duration=282207
Task=6 Chunk=0 Start=3680205552386 End=3680205656618 Duration=104232
Task=6 Chunk=1 Start=3680206733758 End=3680207014161 Duration=280403
Task=7 Chunk=0 Start=3680205656633 End=3680205760253 Duration=103620
Task=7 Chunk=1 Start=3680207014162 End=3680207294183 Duration=280021
Task=8 Chunk=0 Start=3680205760278 End=3680205867765 Duration=107487
Task=8 Chunk=1 Start=3680207294184 End=3680207573182 Duration=278998
Task=9 Chunk=0 Start=3680205867803 End=3680205972247 Duration=104444
Task=9 Chunk=1 Start=3680207573183 End=3680207852069 Duration=278886
Task=10 Chunk=0 Start=3680205972269 End=3680206076173 Duration=103904
Task=10 Chunk=1 Start=3680207852070 End=3680208132223 Duration=280153
Task=11 Chunk=0 Start=3680206076205 End=3680206180876 Duration=104671
Task=11 Chunk=1 Start=3680208132224 End=3680208411893 Duration=279669
Task=12 Chunk=0 Start=3680206180886 End=3680206284400 Duration=103514
Task=12 Chunk=1 Start=3680208411894 End=3680208691116 Duration=279222
Task=13 Chunk=0 Start=3680206284447 End=3680206386939 Duration=102492
Task=13 Chunk=1 Start=3680208691117 End=3680208970480 Duration=279363
Task=14 Chunk=0 Start=3680206387008 End=3680206491813 Duration=104805
Task=14 Chunk=1 Start=3680208970481 End=3680209249294 Duration=278813
Task=15 Chunk=0 Start=3680206491847 End=3680206596234 Duration=104387
Task=15 Chunk=1 Start=3680209249295 End=3680209529147 Duration=279852
Task=16 Chunk=0 Start=3680206596273 End=3680206700616 Duration=104343
Task=16 Chunk=1 Start=3680209529148 End=3680209809384 Duration=280236
Task=17 Chunk=0 Start=3680206700683 End=3680206807780 Duration=107097
Task=17 Chunk=1 Start=3680209809385 End=3680210088872 Duration=279487
Task=18 Chunk=0 Start=3680206807810 End=3680206911332 Duration=103522
Task=18 Chunk=1 Start=3680210088880 End=3680210367358 Duration=278478
Task=19 Chunk=0 Start=3680206911388 End=3680207015863 Duration=104475
Task=19 Chunk=1 Start=3680210367369 End=3680210646565 Duration=279196
Task=20 Chunk=0 Start=3680207015896 End=3680207119427 Duration=103531
Task=20 Chunk=1 Start=3680210646568 End=3680210925193 Duration=278625
Task=21 Chunk=0 Start=3680207119453 End=3680207222795 Duration=103342
Task=21 Chunk=1 Start=3680210925196 End=3680211205157 Duration=279961
Task=22 Chunk=0 Start=3680207294241 End=3680207397438 Duration=103197
Task=22 Chunk=1 Start=3680211205177 End=3680211484903 Duration=279726
Task=23 Chunk=0 Start=3680207573217 End=3680207677618 Duration=104401
Task=23 Chunk=1 Start=3680211484904 End=3680211765374 Duration=280470
Task=24 Chunk=0 Start=3680207852094 End=3680207969648 Duration=117554
Task=24 Chunk=1 Start=3680211765375 End=3680212044722 Duration=279347
Task=25 Chunk=0 Start=3680208132275 End=3680208236040 Duration=103765
Task=25 Chunk=1 Start=3680212044723 End=3680212323817 Duration=279094
Task=26 Chunk=0 Start=3680208411911 End=3680208537618 Duration=125707
Task=26 Chunk=1 Start=3680212323818 End=3680212602903 Duration=279085
Task=27 Chunk=0 Start=3680208691156 End=3680208794974 Duration=103818
Task=27 Chunk=1 Start=3680212602904 End=3680212880295 Duration=277391
Task=28 Chunk=0 Start=3680208970542 End=3680209073928 Duration=103386
Task=28 Chunk=1 Start=3680212880296 End=3680213159723 Duration=279427
Task=29 Chunk=0 Start=3680209249360 End=3680209352623 Duration=103263
Task=29 Chunk=1 Start=3680213159724 End=3680213439143 Duration=279419
Task=30 Chunk=0 Start=3680209529213 End=3680209633076 Duration=103863
Task=30 Chunk=1 Start=3680213439144 End=3680213718004 Duration=278860
Task=31 Chunk=0 Start=3680209809420 End=3680209912757 Duration=103337
Task=31 Chunk=1 Start=3680213718005 End=3680213997501 Duration=279496
Task=32 Chunk=0 Start=3680210088925 End=3680210193365 Duration=104440
Task=32 Chunk=1 Start=3680213997502 End=3680214277169 Duration=279667
Task=33 Chunk=0 Start=3680210367413 End=3680210471074 Duration=103661
Task=33 Chunk=1 Start=3680214277193 End=3680214554259 Duration=277066
Task=34 Chunk=0 Start=3680210646621 End=3680210750184 Duration=103563
Task=34 Chunk=1 Start=3680214554273 End=3680214833058 Duration=278785
Task=35 Chunk=0 Start=3680210925241 End=3680211030232 Duration=104991
Task=35 Chunk=1 Start=3680214833064 End=3680215112181 Duration=279117
Task=36 Chunk=0 Start=3680211205197 End=3680211309591 Duration=104394
Task=36 Chunk=1 Start=3680215112182 End=3680215391176 Duration=278994
Task=37 Chunk=0 Start=3680211484925 End=3680211588286 Duration=103361
Task=37 Chunk=1 Start=3680215391177 End=3680215670623 Duration=279446
Task=38 Chunk=0 Start=3680211765416 End=3680211869557 Duration=104141
Task=38 Chunk=1 Start=3680215670641 End=3680215949272 Duration=278631
Task=39 Chunk=0 Start=3680212044737 End=3680212148197 Duration=103460
Task=39 Chunk=1 Start=3680215949273 End=3680216227109 Duration=277836
Task=40 Chunk=0 Start=3680212323879 End=3680212427188 Duration=103309
Task=40 Chunk=1 Start=3680216227110 End=3680216506344 Duration=279234
Task=41 Chunk=0 Start=3680212602965 End=3680212712676 Duration=109711
Task=41 Chunk=1 Start=3680216506345 End=3680216785651 Duration=279306
Task=42 Chunk=0 Start=3680212880369 End=3680212983812 Duration=103443
Task=42 Chunk=1 Start=3680216785671 End=3680217064725 Duration=279054
Task=43 Chunk=0 Start=3680213159779 End=3680213263053 Duration=103274
Task=43 Chunk=1 Start=3680217064726 End=3680217343599 Duration=278873
Task=44 Chunk=0 Start=3680213439211 End=3680213542742 Duration=103531
Task=44 Chunk=1 Start=3680217343600 End=3680217622799 Duration=279199
Task=45 Chunk=0 Start=3680213718044 End=3680213822210 Duration=104166
Task=45 Chunk=1 Start=3680217622800 End=3680217901044 Duration=278244
Task=46 Chunk=0 Start=3680213997569 End=3680214100984 Duration=103415
Task=46 Chunk=1 Start=3680217901045 End=3680218180815 Duration=279770
Task=47 Chunk=0 Start=3680214277248 End=3680214382453 Duration=105205
Task=47 Chunk=1 Start=3680218180816 End=3680218460447 Duration=279631
Task=48 Chunk=0 Start=3680214554308 End=3680214657519 Duration=103211
Task=48 Chunk=1 Start=3680218460448 End=3680218738521 Duration=278073
Task=49 Chunk=0 Start=3680214833106 End=3680214940940 Duration=107834
Task=49 Chunk=1 Start=3680218738522 End=3680219017210 Duration=278688
Task=50 Chunk=0 Start=3680215112206 End=3680215216047 Duration=103841
Task=50 Chunk=1 Start=3680219017259 End=3680219295534 Duration=278275
Task=51 Chunk=0 Start=3680215391238 End=3680215496119 Duration=104881
Task=51 Chunk=1 Start=3680219295538 End=3680219573128 Duration=277590
Task=52 Chunk=0 Start=3680215670678 End=3680215774232 Duration=103554
Task=52 Chunk=1 Start=3680219573136 End=3680219852277 Duration=279141
Task=53 Chunk=0 Start=3680215949335 End=3680216052760 Duration=103425
Task=53 Chunk=1 Start=3680219852289 End=3680220131747 Duration=279458
Task=54 Chunk=0 Start=3680216227148 End=3680216330374 Duration=103226
Task=54 Chunk=1 Start=3680220131766 End=3680220411183 Duration=279417
Task=55 Chunk=0 Start=3680216506408 End=3680216610568 Duration=104160
Task=55 Chunk=1 Start=3680220411199 End=3680220689995 Duration=278796
Task=56 Chunk=0 Start=3680216785700 End=3680216889791 Duration=104091
Task=56 Chunk=1 Start=3680220690009 End=3680220968487 Duration=278478
Task=57 Chunk=0 Start=3680217064760 End=3680217170548 Duration=105788
Task=57 Chunk=1 Start=3680220968503 End=3680221247382 Duration=278879
Task=58 Chunk=0 Start=3680217343645 End=3680217447603 Duration=103958
Task=58 Chunk=1 Start=3680221247388 End=3680221526840 Duration=279452
Task=59 Chunk=0 Start=3680217622882 End=3680217726968 Duration=104086
Task=59 Chunk=1 Start=3680221526865 End=3680221806122 Duration=279257
Task=60 Chunk=0 Start=3680217901111 End=3680218005113 Duration=104002
Task=60 Chunk=1 Start=3680221806123 End=3680222085006 Duration=278883
Task=61 Chunk=0 Start=3680218180885 End=3680218284493 Duration=103608
Task=61 Chunk=1 Start=3680222085007 End=3680222363767 Duration=278760
Task=62 Chunk=0 Start=3680218460516 End=3680218564746 Duration=104230
Task=62 Chunk=1 Start=3680222363768 End=3680222643097 Duration=279329
Task=63 Chunk=0 Start=3680218738589 End=3680218843684 Duration=105095
Task=63 Chunk=1 Start=3680222643098 End=3680222920853 Duration=277755
Task=64 Chunk=0 Start=3680219017308 End=3680219121188 Duration=103880
Task=64 Chunk=1 Start=3680222920854 End=3680223200020 Duration=279166
Task=65 Chunk=0 Start=3680219295580 End=3680219399018 Duration=103438
Task=65 Chunk=1 Start=3680223200021 End=3680223479505 Duration=279484
Task=66 Chunk=0 Start=3680219573183 End=3680219676287 Duration=103104
Task=66 Chunk=1 Start=3680223479506 End=3680223758829 Duration=279323
Task=67 Chunk=0 Start=3680219852357 End=3680219957034 Duration=104677
Task=67 Chunk=1 Start=3680223758863 End=3680224037593 Duration=278730
Task=68 Chunk=0 Start=3680220131814 End=3680220235178 Duration=103364
Task=68 Chunk=1 Start=3680224037594 End=3680224316110 Duration=278516
Task=69 Chunk=0 Start=3680220411246 End=3680220514494 Duration=103248
Task=69 Chunk=1 Start=3680224316134 End=3680224595115 Duration=278981
Task=70 Chunk=0 Start=3680220690056 End=3680220793782 Duration=103726
Task=70 Chunk=1 Start=3680224595136 End=3680224872902 Duration=277766
Task=71 Chunk=0 Start=3680220968519 End=3680221073169 Duration=104650
Task=71 Chunk=1 Start=3680224872903 End=3680225152550 Duration=279647
Task=72 Chunk=0 Start=3680221247449 End=3680221352167 Duration=104718
Task=72 Chunk=1 Start=3680225152569 End=3680225430810 Duration=278241
Task=73 Chunk=0 Start=3680221526887 End=3680221630132 Duration=103245
Task=73 Chunk=1 Start=3680225430812 End=3680225709243 Duration=278431
Task=74 Chunk=0 Start=3680221806179 End=3680221909119 Duration=102940
Task=74 Chunk=1 Start=3680225709244 End=3680225988024 Duration=278780
Task=75 Chunk=0 Start=3680222085080 End=3680222190370 Duration=105290
Task=75 Chunk=1 Start=3680225988028 End=3680226266488 Duration=278460
Task=76 Chunk=0 Start=3680222363811 End=3680222467111 Duration=103300
Task=76 Chunk=1 Start=3680226266489 End=3680226544779 Duration=278290
Task=77 Chunk=0 Start=3680222643173 End=3680222747253 Duration=104080
Task=77 Chunk=1 Start=3680226544803 End=3680226824896 Duration=280093
Task=78 Chunk=0 Start=3680222920880 End=3680223025992 Duration=105112
Task=78 Chunk=1 Start=3680226824907 End=3680227104263 Duration=279356
Task=79 Chunk=0 Start=3680223200068 End=3680223305022 Duration=104954
Task=79 Chunk=1 Start=3680227104264 End=3680227382637 Duration=278373
Task=80 Chunk=0 Start=3680223479524 End=3680223583434 Duration=103910
Task=80 Chunk=1 Start=3680227382687 End=3680227663657 Duration=280970
Task=81 Chunk=0 Start=3680223758904 End=3680223862176 Duration=103272
Task=81 Chunk=1 Start=3680227663658 End=3680227942207 Duration=278549
Task=82 Chunk=0 Start=3680224037642 End=3680224141131 Duration=103489
Task=82 Chunk=1 Start=3680227942208 End=3680228220391 Duration=278183
Task=83 Chunk=0 Start=3680224316188 End=3680224420696 Duration=104508
Task=83 Chunk=1 Start=3680228220392 End=3680228499768 Duration=279376
Task=84 Chunk=0 Start=3680224595163 End=3680224698404 Duration=103241
Task=84 Chunk=1 Start=3680228499769 End=3680228779994 Duration=280225
Task=85 Chunk=0 Start=3680224872939 End=3680224975957 Duration=103018
Task=85 Chunk=1 Start=3680228779995 End=3680229057841 Duration=277846
Task=86 Chunk=0 Start=3680225152620 End=3680225256059 Duration=103439
Task=86 Chunk=1 Start=3680229057842 End=3680229336277 Duration=278435
Task=87 Chunk=0 Start=3680225430862 End=3680225535847 Duration=104985
Task=87 Chunk=1 Start=3680229336278 End=3680229614664 Duration=278386
Task=88 Chunk=0 Start=3680225709269 End=3680225812644 Duration=103375
Task=88 Chunk=1 Start=3680229614665 End=3680229892018 Duration=277353
Task=89 Chunk=0 Start=3680225988062 End=3680226091069 Duration=103007
Task=89 Chunk=1 Start=3680229892019 End=3680230171387 Duration=279368
Task=90 Chunk=0 Start=3680226266561 End=3680226370226 Duration=103665
Task=90 Chunk=1 Start=3680230171388 End=3680230450335 Duration=278947
Task=91 Chunk=0 Start=3680226544812 End=3680226649733 Duration=104921
Task=91 Chunk=1 Start=3680230450336 End=3680230728909 Duration=278573
Task=92 Chunk=0 Start=3680226824960 End=3680226929024 Duration=104064
Task=92 Chunk=1 Start=3680230728927 End=3680231007439 Duration=278512
Task=93 Chunk=0 Start=3680227104297 End=3680227207989 Duration=103692
Task=93 Chunk=1 Start=3680231007483 End=3680231285252 Duration=277769
Task=94 Chunk=0 Start=3680227382698 End=3680227488948 Duration=106250
Task=94 Chunk=1 Start=3680231285269 End=3680231563101 Duration=277832
Task=95 Chunk=0 Start=3680227663692 End=3680227767535 Duration=103843
Task=95 Chunk=1 Start=3680231563111 End=3680231841839 Duration=278728
Task=96 Chunk=0 Start=3680227942259 End=3680228045489 Duration=103230
Task=96 Chunk=1 Start=3680231841840 End=3680232120136 Duration=278296
Task=97 Chunk=0 Start=3680228220478 End=3680228324010 Duration=103532
Task=97 Chunk=1 Start=3680232120136 End=3680232399220 Duration=279084
Task=98 Chunk=0 Start=3680228499824 End=3680228603276 Duration=103452
Task=98 Chunk=1 Start=3680232399221 End=3680232677310 Duration=278089
Task=99 Chunk=0 Start=3680228780042 End=3680228883428 Duration=103386
Task=99 Chunk=1 Start=3680232677311 End=3680232955466 Duration=278155
### Python End ###

--------------------------------
[2025-06-26 13:49:56.568] [info] Available Vulkan Layers:
[2025-06-26 13:49:56.568] [warning] Validation layer requested but not available, continuing without it...
[2025-06-26 13:49:56.573] [info] Using integrated GPU: Mali-G710
[2025-06-26 13:49:56.575] [info] VulkanDispatcher instance created.
[2025-06-26 13:49:56.775] [info] Total memory used: 40550404 bytes (38.67188 MB)
[2025-06-26 13:49:56.780] [info] Total memory used: 40550404 bytes (38.67188 MB)
[2025-06-26 13:49:56.827] [info] Total memory used: 40550404 bytes (38.67188 MB)
[2025-06-26 13:49:56.833] [info] Total memory used: 40550404 bytes (38.67188 MB)
[2025-06-26 13:49:56.838] [info] Total memory used: 40550404 bytes (38.67188 MB)
[2025-06-26 13:49:56.931] [info] Total memory used: 40550404 bytes (38.67188 MB)
[2025-06-26 13:49:56.936] [info] Total memory used: 40550404 bytes (38.67188 MB)
[2025-06-26 13:49:56.942] [info] Total memory used: 40550404 bytes (38.67188 MB)
[2025-06-26 13:49:56.947] [info] Total memory used: 40550404 bytes (38.67188 MB)
[2025-06-26 13:49:56.952] [info] Total memory used: 40550404 bytes (38.67188 MB)
[2025-06-26 13:49:57.025] [info] Total memory used: 40550404 bytes (38.67188 MB)
[2025-06-26 13:49:57.031] [info] Total memory used: 40550404 bytes (38.67188 MB)
[2025-06-26 13:49:57.036] [info] Total memory used: 40550404 bytes (38.67188 MB)
[2025-06-26 13:49:57.041] [info] Total memory used: 40550404 bytes (38.67188 MB)
[2025-06-26 13:49:57.046] [info] Total memory used: 40550404 bytes (38.67188 MB)
[2025-06-26 13:49:57.051] [info] Total memory used: 40550404 bytes (38.67188 MB)
### Python Begin ###
Schedule_UID=SCH-M3G2B2-G218-8b0b
Frequency=24576000 Hz
Task=0 Chunk=0 Start=3680245556509 End=3680245606227 Duration=49718
Task=0 Chunk=1 Start=3680245613698 End=3680245724938 Duration=111240
Task=0 Chunk=2 Start=3680245724963 End=3680245805238 Duration=80275
Task=1 Chunk=0 Start=3680245606234 End=3680245648512 Duration=42278
Task=1 Chunk=1 Start=3680245724953 End=3680245750714 Duration=25761
Task=1 Chunk=2 Start=3680245805244 End=3680245872365 Duration=67121
Task=2 Chunk=0 Start=3680245648518 End=3680245678711 Duration=30193
Task=2 Chunk=1 Start=3680245750730 End=3680245770203 Duration=19473
Task=2 Chunk=2 Start=3680245872366 End=3680245937356 Duration=64990
Task=3 Chunk=0 Start=3680245678712 End=3680245709143 Duration=30431
Task=3 Chunk=1 Start=3680245770219 End=3680245789280 Duration=19061
Task=3 Chunk=2 Start=3680245937369 End=3680246000221 Duration=62852
Task=4 Chunk=0 Start=3680245709145 End=3680245741387 Duration=32242
Task=4 Chunk=1 Start=3680245789291 End=3680245808259 Duration=18968
Task=4 Chunk=2 Start=3680246000226 End=3680246065131 Duration=64905
Task=5 Chunk=0 Start=3680245741398 End=3680245772137 Duration=30739
Task=5 Chunk=1 Start=3680245808278 End=3680245828881 Duration=20603
Task=5 Chunk=2 Start=3680246065140 End=3680246129736 Duration=64596
Task=6 Chunk=0 Start=3680245772141 End=3680245803049 Duration=30908
Task=6 Chunk=1 Start=3680245828893 End=3680245844489 Duration=15596
Task=6 Chunk=2 Start=3680246129737 End=3680246193165 Duration=63428
Task=7 Chunk=0 Start=3680245803054 End=3680245834968 Duration=31914
Task=7 Chunk=1 Start=3680245844503 End=3680245859198 Duration=14695
Task=7 Chunk=2 Start=3680246193166 End=3680246257059 Duration=63893
Task=8 Chunk=0 Start=3680245834978 End=3680245865880 Duration=30902
Task=8 Chunk=1 Start=3680245865920 End=3680245880726 Duration=14806
Task=8 Chunk=2 Start=3680246257060 End=3680246321210 Duration=64150
Task=9 Chunk=0 Start=3680245865885 End=3680245896073 Duration=30188
Task=9 Chunk=1 Start=3680245896144 End=3680245912486 Duration=16342
Task=9 Chunk=2 Start=3680246321211 End=3680246383408 Duration=62197
Task=10 Chunk=0 Start=3680245896074 End=3680245927727 Duration=31653
Task=10 Chunk=1 Start=3680245927763 End=3680245944855 Duration=17092
Task=10 Chunk=2 Start=3680246383409 End=3680246446909 Duration=63500
Task=11 Chunk=0 Start=3680245927734 End=3680245958092 Duration=30358
Task=11 Chunk=1 Start=3680245958153 End=3680245975743 Duration=17590
Task=11 Chunk=2 Start=3680246446910 End=3680246508910 Duration=62000
Task=12 Chunk=0 Start=3680245958094 End=3680245988457 Duration=30363
Task=12 Chunk=1 Start=3680245988489 End=3680246004734 Duration=16245
Task=12 Chunk=2 Start=3680246508915 End=3680246572499 Duration=63584
Task=13 Chunk=0 Start=3680245988458 End=3680246018769 Duration=30311
Task=13 Chunk=1 Start=3680246018814 End=3680246035745 Duration=16931
Task=13 Chunk=2 Start=3680246572500 End=3680246635857 Duration=63357
Task=14 Chunk=0 Start=3680246018772 End=3680246050779 Duration=32007
Task=14 Chunk=1 Start=3680246050834 End=3680246067732 Duration=16898
Task=14 Chunk=2 Start=3680246635858 End=3680246698087 Duration=62229
Task=15 Chunk=0 Start=3680246050794 End=3680246081123 Duration=30329
Task=15 Chunk=1 Start=3680246081134 End=3680246097885 Duration=16751
Task=15 Chunk=2 Start=3680246698088 End=3680246760592 Duration=62504
Task=16 Chunk=0 Start=3680246081124 End=3680246111427 Duration=30303
Task=16 Chunk=1 Start=3680246111450 End=3680246128312 Duration=16862
Task=16 Chunk=2 Start=3680246760593 End=3680246823349 Duration=62756
Task=17 Chunk=0 Start=3680246111428 End=3680246142898 Duration=31470
Task=17 Chunk=1 Start=3680246142956 End=3680246161255 Duration=18299
Task=17 Chunk=2 Start=3680246823350 End=3680246883967 Duration=60617
Task=18 Chunk=0 Start=3680246142899 End=3680246173148 Duration=30249
Task=18 Chunk=1 Start=3680246173173 End=3680246190051 Duration=16878
Task=18 Chunk=2 Start=3680246883968 End=3680246946620 Duration=62652
Task=19 Chunk=0 Start=3680246173156 End=3680246203461 Duration=30305
Task=19 Chunk=1 Start=3680246203514 End=3680246221656 Duration=18142
Task=19 Chunk=2 Start=3680246946623 End=3680247008684 Duration=62061
Task=20 Chunk=0 Start=3680246203463 End=3680246235066 Duration=31603
Task=20 Chunk=1 Start=3680246235129 End=3680246252446 Duration=17317
Task=20 Chunk=2 Start=3680247008685 End=3680247070167 Duration=61482
Task=21 Chunk=0 Start=3680246235067 End=3680246265611 Duration=30544
Task=21 Chunk=1 Start=3680246265635 End=3680246282421 Duration=16786
Task=21 Chunk=2 Start=3680247070171 End=3680247132031 Duration=61860
Task=22 Chunk=0 Start=3680246265615 End=3680246295909 Duration=30294
Task=22 Chunk=1 Start=3680246295973 End=3680246311891 Duration=15918
Task=22 Chunk=2 Start=3680247132044 End=3680247194031 Duration=61987
Task=23 Chunk=0 Start=3680246321224 End=3680246351709 Duration=30485
Task=23 Chunk=1 Start=3680246351737 End=3680246368317 Duration=16580
Task=23 Chunk=2 Start=3680247194036 End=3680247256507 Duration=62471
Task=24 Chunk=0 Start=3680246383422 End=3680246413642 Duration=30220
Task=24 Chunk=1 Start=3680246413673 End=3680246431690 Duration=18017
Task=24 Chunk=2 Start=3680247256508 End=3680247318897 Duration=62389
Task=25 Chunk=0 Start=3680246446921 End=3680246477072 Duration=30151
Task=25 Chunk=1 Start=3680246477121 End=3680246493246 Duration=16125
Task=25 Chunk=2 Start=3680247318897 End=3680247380336 Duration=61439
Task=26 Chunk=0 Start=3680246508921 End=3680246540422 Duration=31501
Task=26 Chunk=1 Start=3680246540480 End=3680246557062 Duration=16582
Task=26 Chunk=2 Start=3680247380342 End=3680247443211 Duration=62869
Task=27 Chunk=0 Start=3680246572517 End=3680246602951 Duration=30434
Task=27 Chunk=1 Start=3680246603009 End=3680246619372 Duration=16363
Task=27 Chunk=2 Start=3680247443212 End=3680247505906 Duration=62694
Task=28 Chunk=0 Start=3680246635870 End=3680246666134 Duration=30264
Task=28 Chunk=1 Start=3680246666180 End=3680246682733 Duration=16553
Task=28 Chunk=2 Start=3680247505924 End=3680247567777 Duration=61853
Task=29 Chunk=0 Start=3680246698106 End=3680246729732 Duration=31626
Task=29 Chunk=1 Start=3680246729770 End=3680246753707 Duration=23937
Task=29 Chunk=2 Start=3680247567781 End=3680247629367 Duration=61586
Task=30 Chunk=0 Start=3680246760610 End=3680246791415 Duration=30805
Task=30 Chunk=1 Start=3680246791469 End=3680246812547 Duration=21078
Task=30 Chunk=2 Start=3680247629368 End=3680247689928 Duration=60560
Task=31 Chunk=0 Start=3680246823356 End=3680246853785 Duration=30429
Task=31 Chunk=1 Start=3680246853800 End=3680246875800 Duration=22000
Task=31 Chunk=2 Start=3680247689931 End=3680247751791 Duration=61860
Task=32 Chunk=0 Start=3680246883989 End=3680246915669 Duration=31680
Task=32 Chunk=1 Start=3680246915734 End=3680246933239 Duration=17505
Task=32 Chunk=2 Start=3680247751796 End=3680247814666 Duration=62870
Task=33 Chunk=0 Start=3680246946631 End=3680246977080 Duration=30449
Task=33 Chunk=1 Start=3680246977133 End=3680246993004 Duration=15871
Task=33 Chunk=2 Start=3680247814667 End=3680247875612 Duration=60945
Task=34 Chunk=0 Start=3680247008709 End=3680247039316 Duration=30607
Task=34 Chunk=1 Start=3680247039370 End=3680247061289 Duration=21919
Task=34 Chunk=2 Start=3680247875612 End=3680247937022 Duration=61410
Task=35 Chunk=0 Start=3680247070183 End=3680247100525 Duration=30342
Task=35 Chunk=1 Start=3680247100545 End=3680247116435 Duration=15890
Task=35 Chunk=2 Start=3680247937026 End=3680247998984 Duration=61958
Task=36 Chunk=0 Start=3680247132052 End=3680247163767 Duration=31715
Task=36 Chunk=1 Start=3680247163811 End=3680247181582 Duration=17771
Task=36 Chunk=2 Start=3680247998985 End=3680248060461 Duration=61476
Task=37 Chunk=0 Start=3680247194054 End=3680247225812 Duration=31758
Task=37 Chunk=1 Start=3680247225831 End=3680247242282 Duration=16451
Task=37 Chunk=2 Start=3680248060462 End=3680248122942 Duration=62480
Task=38 Chunk=0 Start=3680247256525 End=3680247287158 Duration=30633
Task=38 Chunk=1 Start=3680247287193 End=3680247304272 Duration=17079
Task=38 Chunk=2 Start=3680248122943 End=3680248184176 Duration=61233
Task=39 Chunk=0 Start=3680247318913 End=3680247349584 Duration=30671
Task=39 Chunk=1 Start=3680247349608 End=3680247365712 Duration=16104
Task=39 Chunk=2 Start=3680248184177 End=3680248245739 Duration=61562
Task=40 Chunk=0 Start=3680247380346 End=3680247412703 Duration=32357
Task=40 Chunk=1 Start=3680247412743 End=3680247434376 Duration=21633
Task=40 Chunk=2 Start=3680248245748 End=3680248306986 Duration=61238
Task=41 Chunk=0 Start=3680247443223 End=3680247473849 Duration=30626
Task=41 Chunk=1 Start=3680247473877 End=3680247489736 Duration=15859
Task=41 Chunk=2 Start=3680248306987 End=3680248367644 Duration=60657
Task=42 Chunk=0 Start=3680247505944 End=3680247536482 Duration=30538
Task=42 Chunk=1 Start=3680247536516 End=3680247558937 Duration=22421
Task=42 Chunk=2 Start=3680248367645 End=3680248429786 Duration=62141
Task=43 Chunk=0 Start=3680247567794 End=3680247599876 Duration=32082
Task=43 Chunk=1 Start=3680247599935 End=3680247616225 Duration=16290
Task=43 Chunk=2 Start=3680248429787 End=3680248491644 Duration=61857
Task=44 Chunk=0 Start=3680247629382 End=3680247660219 Duration=30837
Task=44 Chunk=1 Start=3680247660287 End=3680247682145 Duration=21858
Task=44 Chunk=2 Start=3680248491645 End=3680248552275 Duration=60630
Task=45 Chunk=0 Start=3680247689934 End=3680247721831 Duration=31897
Task=45 Chunk=1 Start=3680247721903 End=3680247743625 Duration=21722
Task=45 Chunk=2 Start=3680248552293 End=3680248614372 Duration=62079
Task=46 Chunk=0 Start=3680247751807 End=3680247782541 Duration=30734
Task=46 Chunk=1 Start=3680247782555 End=3680247799844 Duration=17289
Task=46 Chunk=2 Start=3680248614374 End=3680248675482 Duration=61108
Task=47 Chunk=0 Start=3680247814687 End=3680247845497 Duration=30810
Task=47 Chunk=1 Start=3680247845526 End=3680247867328 Duration=21802
Task=47 Chunk=2 Start=3680248675487 End=3680248737818 Duration=62331
Task=48 Chunk=0 Start=3680247875624 End=3680247907281 Duration=31657
Task=48 Chunk=1 Start=3680247907310 End=3680247928722 Duration=21412
Task=48 Chunk=2 Start=3680248737826 End=3680248799767 Duration=61941
Task=49 Chunk=0 Start=3680247937043 End=3680247967783 Duration=30740
Task=49 Chunk=1 Start=3680247967820 End=3680247983850 Duration=16030
Task=49 Chunk=2 Start=3680248799771 End=3680248860296 Duration=60525
Task=50 Chunk=0 Start=3680247999012 End=3680248029544 Duration=30532
Task=50 Chunk=1 Start=3680248029572 End=3680248045814 Duration=16242
Task=50 Chunk=2 Start=3680248860301 End=3680248923164 Duration=62863
Task=51 Chunk=0 Start=3680248060471 End=3680248093108 Duration=32637
Task=51 Chunk=1 Start=3680248093136 End=3680248109645 Duration=16509
Task=51 Chunk=2 Start=3680248923165 End=3680248985737 Duration=62572
Task=52 Chunk=0 Start=3680248122950 End=3680248153509 Duration=30559
Task=52 Chunk=1 Start=3680248153573 End=3680248172197 Duration=18624
Task=52 Chunk=2 Start=3680248985743 End=3680249046868 Duration=61125
Task=53 Chunk=0 Start=3680248184190 End=3680248215862 Duration=31672
Task=53 Chunk=1 Start=3680248215899 End=3680248232353 Duration=16454
Task=53 Chunk=2 Start=3680249046869 End=3680249109109 Duration=62240
Task=54 Chunk=0 Start=3680248245766 End=3680248276216 Duration=30450
Task=54 Chunk=1 Start=3680248276271 End=3680248297747 Duration=21476
Task=54 Chunk=2 Start=3680249109110 End=3680249170628 Duration=61518
Task=55 Chunk=0 Start=3680248307002 End=3680248337257 Duration=30255
Task=55 Chunk=1 Start=3680248337304 End=3680248353494 Duration=16190
Task=55 Chunk=2 Start=3680249170629 End=3680249231756 Duration=61127
Task=56 Chunk=0 Start=3680248367654 End=3680248399843 Duration=32189
Task=56 Chunk=1 Start=3680248399885 End=3680248419964 Duration=20079
Task=56 Chunk=2 Start=3680249231760 End=3680249293673 Duration=61913
Task=57 Chunk=0 Start=3680248429805 End=3680248460176 Duration=30371
Task=57 Chunk=1 Start=3680248460241 End=3680248475930 Duration=15689
Task=57 Chunk=2 Start=3680249293674 End=3680249354479 Duration=60805
Task=58 Chunk=0 Start=3680248491656 End=3680248522035 Duration=30379
Task=58 Chunk=1 Start=3680248522093 End=3680248544351 Duration=22258
Task=58 Chunk=2 Start=3680249354482 End=3680249416012 Duration=61530
Task=59 Chunk=0 Start=3680248552307 End=3680248584249 Duration=31942
Task=59 Chunk=1 Start=3680248584322 End=3680248600467 Duration=16145
Task=59 Chunk=2 Start=3680249416013 End=3680249478384 Duration=62371
Task=60 Chunk=0 Start=3680248614384 End=3680248645053 Duration=30669
Task=60 Chunk=1 Start=3680248645117 End=3680248661272 Duration=16155
Task=60 Chunk=2 Start=3680249478385 End=3680249538738 Duration=60353
Task=61 Chunk=0 Start=3680248675498 End=3680248707485 Duration=31987
Task=61 Chunk=1 Start=3680248707521 End=3680248723889 Duration=16368
Task=61 Chunk=2 Start=3680249538749 End=3680249600745 Duration=61996
Task=62 Chunk=0 Start=3680248737835 End=3680248768266 Duration=30431
Task=62 Chunk=1 Start=3680248768330 End=3680248784871 Duration=16541
Task=62 Chunk=2 Start=3680249600752 End=3680249662696 Duration=61944
Task=63 Chunk=0 Start=3680248799785 End=3680248830234 Duration=30449
Task=63 Chunk=1 Start=3680248830293 End=3680248846748 Duration=16455
Task=63 Chunk=2 Start=3680249662702 End=3680249723387 Duration=60685
Task=64 Chunk=0 Start=3680248860313 End=3680248891966 Duration=31653
Task=64 Chunk=1 Start=3680248891985 End=3680248913739 Duration=21754
Task=64 Chunk=2 Start=3680249723388 End=3680249785812 Duration=62424
Task=65 Chunk=0 Start=3680248923175 End=3680248953406 Duration=30231
Task=65 Chunk=1 Start=3680248953452 End=3680248969307 Duration=15855
Task=65 Chunk=2 Start=3680249785813 End=3680249846301 Duration=60488
Task=66 Chunk=0 Start=3680248985760 End=3680249016206 Duration=30446
Task=66 Chunk=1 Start=3680249016270 End=3680249038719 Duration=22449
Task=66 Chunk=2 Start=3680249846307 End=3680249909034 Duration=62727
Task=67 Chunk=0 Start=3680249046883 End=3680249078477 Duration=31594
Task=67 Chunk=1 Start=3680249078496 End=3680249094913 Duration=16417
Task=67 Chunk=2 Start=3680249909035 End=3680249971412 Duration=62377
Task=68 Chunk=0 Start=3680249109119 End=3680249139715 Duration=30596
Task=68 Chunk=1 Start=3680249139777 End=3680249161705 Duration=21928
Task=68 Chunk=2 Start=3680249971413 End=3680250032383 Duration=60970
Task=69 Chunk=0 Start=3680249170651 End=3680249201168 Duration=30517
Task=69 Chunk=1 Start=3680249201194 End=3680249222497 Duration=21303
Task=69 Chunk=2 Start=3680250032386 End=3680250094975 Duration=62589
Task=70 Chunk=0 Start=3680249231773 End=3680249262105 Duration=30332
Task=70 Chunk=1 Start=3680249262145 End=3680249282408 Duration=20263
Task=70 Chunk=2 Start=3680250094979 End=3680250156656 Duration=61677
Task=71 Chunk=0 Start=3680249293683 End=3680249324168 Duration=30485
Task=71 Chunk=1 Start=3680249324187 End=3680249340047 Duration=15860
Task=71 Chunk=2 Start=3680250156657 End=3680250217056 Duration=60399
Task=72 Chunk=0 Start=3680249354490 End=3680249386003 Duration=31513
Task=72 Chunk=1 Start=3680249386058 End=3680249407234 Duration=21176
Task=72 Chunk=2 Start=3680250217060 End=3680250279021 Duration=61961
Task=73 Chunk=0 Start=3680249416020 End=3680249446489 Duration=30469
Task=73 Chunk=1 Start=3680249446542 End=3680249462381 Duration=15839
Task=73 Chunk=2 Start=3680250279022 End=3680250339435 Duration=60413
Task=74 Chunk=0 Start=3680249478400 End=3680249508980 Duration=30580
Task=74 Chunk=1 Start=3680249509025 End=3680249526200 Duration=17175
Task=74 Chunk=2 Start=3680250339439 End=3680250401269 Duration=61830
Task=75 Chunk=0 Start=3680249538763 End=3680249570813 Duration=32050
Task=75 Chunk=1 Start=3680249570831 End=3680249587176 Duration=16345
Task=75 Chunk=2 Start=3680250401269 End=3680250463122 Duration=61853
Task=76 Chunk=0 Start=3680249600764 End=3680249631307 Duration=30543
Task=76 Chunk=1 Start=3680249631355 End=3680249647186 Duration=15831
Task=76 Chunk=2 Start=3680250463123 End=3680250523651 Duration=60528
Task=77 Chunk=0 Start=3680249662715 End=3680249693279 Duration=30564
Task=77 Chunk=1 Start=3680249693317 End=3680249715310 Duration=21993
Task=77 Chunk=2 Start=3680250523656 End=3680250586062 Duration=62406
Task=78 Chunk=0 Start=3680249723396 End=3680249753544 Duration=30148
Task=78 Chunk=1 Start=3680249753578 End=3680249773056 Duration=19478
Task=78 Chunk=2 Start=3680250586063 End=3680250647814 Duration=61751
Task=79 Chunk=0 Start=3680249785825 End=3680249816131 Duration=30306
Task=79 Chunk=1 Start=3680249816147 End=3680249832425 Duration=16278
Task=79 Chunk=2 Start=3680250647815 End=3680250708425 Duration=60610
Task=80 Chunk=0 Start=3680249846317 End=3680249878050 Duration=31733
Task=80 Chunk=1 Start=3680249878062 End=3680249898981 Duration=20919
Task=80 Chunk=2 Start=3680250708429 End=3680250770405 Duration=61976
Task=81 Chunk=0 Start=3680249909042 End=3680249939511 Duration=30469
Task=81 Chunk=1 Start=3680249939561 End=3680249956924 Duration=17363
Task=81 Chunk=2 Start=3680250770406 End=3680250830937 Duration=60531
Task=82 Chunk=0 Start=3680249971429 End=3680250001844 Duration=30415
Task=82 Chunk=1 Start=3680250001896 End=3680250018002 Duration=16106
Task=82 Chunk=2 Start=3680250830938 End=3680250892182 Duration=61244
Task=83 Chunk=0 Start=3680250032404 End=3680250064676 Duration=32272
Task=83 Chunk=1 Start=3680250064720 End=3680250080568 Duration=15848
Task=83 Chunk=2 Start=3680250892183 End=3680250953728 Duration=61545
Task=84 Chunk=0 Start=3680250094988 End=3680250125412 Duration=30424
Task=84 Chunk=1 Start=3680250125464 End=3680250141621 Duration=16157
Task=84 Chunk=2 Start=3680250953729 End=3680251014610 Duration=60881
Task=85 Chunk=0 Start=3680250156684 End=3680250187257 Duration=30573
Task=85 Chunk=1 Start=3680250187272 End=3680250208317 Duration=21045
Task=85 Chunk=2 Start=3680251014617 End=3680251076979 Duration=62362
Task=86 Chunk=0 Start=3680250217068 End=3680250247555 Duration=30487
Task=86 Chunk=1 Start=3680250247610 End=3680250265343 Duration=17733
Task=86 Chunk=2 Start=3680251076988 End=3680251137816 Duration=60828
Task=87 Chunk=0 Start=3680250279038 End=3680250309408 Duration=30370
Task=87 Chunk=1 Start=3680250309422 End=3680250325422 Duration=16000
Task=87 Chunk=2 Start=3680251137817 End=3680251197762 Duration=59945
Task=88 Chunk=0 Start=3680250339454 End=3680250370972 Duration=31518
Task=88 Chunk=1 Start=3680250371009 End=3680250392658 Duration=21649
Task=88 Chunk=2 Start=3680251197763 End=3680251258022 Duration=60259
Task=89 Chunk=0 Start=3680250401294 End=3680250431664 Duration=30370
Task=89 Chunk=1 Start=3680250431694 End=3680250448654 Duration=16960
Task=89 Chunk=2 Start=3680251258023 End=3680251317827 Duration=59804
Task=90 Chunk=0 Start=3680250463153 End=3680250493763 Duration=30610
Task=90 Chunk=1 Start=3680250493784 End=3680250510102 Duration=16318
Task=90 Chunk=2 Start=3680251317828 End=3680251378462 Duration=60634
Task=91 Chunk=0 Start=3680250523666 End=3680250555797 Duration=32131
Task=91 Chunk=1 Start=3680250555818 End=3680250571835 Duration=16017
Task=91 Chunk=2 Start=3680251378467 End=3680251439077 Duration=60610
Task=92 Chunk=0 Start=3680250586089 End=3680250616917 Duration=30828
Task=92 Chunk=1 Start=3680250616963 End=3680250636147 Duration=19184
Task=92 Chunk=2 Start=3680251439078 End=3680251499349 Duration=60271
Task=93 Chunk=0 Start=3680250647823 End=3680250678316 Duration=30493
Task=93 Chunk=1 Start=3680250678355 End=3680250694747 Duration=16392
Task=93 Chunk=2 Start=3680251499350 End=3680251559995 Duration=60645
Task=94 Chunk=0 Start=3680250708439 End=3680250739174 Duration=30735
Task=94 Chunk=1 Start=3680250739187 End=3680250757110 Duration=17923
Task=94 Chunk=2 Start=3680251559996 End=3680251620603 Duration=60607
Task=95 Chunk=0 Start=3680250770444 End=3680250801352 Duration=30908
Task=95 Chunk=1 Start=3680250801402 End=3680250817793 Duration=16391
Task=95 Chunk=2 Start=3680251620604 End=3680251681270 Duration=60666
Task=96 Chunk=0 Start=3680250830957 End=3680250862585 Duration=31628
Task=96 Chunk=1 Start=3680250862634 End=3680250878826 Duration=16192
Task=96 Chunk=2 Start=3680251681271 End=3680251742093 Duration=60822
Task=97 Chunk=0 Start=3680250892195 End=3680250922721 Duration=30526
Task=97 Chunk=1 Start=3680250922752 End=3680250940021 Duration=17269
Task=97 Chunk=2 Start=3680251742094 End=3680251802173 Duration=60079
Task=98 Chunk=0 Start=3680250953742 End=3680250984485 Duration=30743
Task=98 Chunk=1 Start=3680250984531 End=3680251000624 Duration=16093
Task=98 Chunk=2 Start=3680251802174 End=3680251863182 Duration=61008
Task=99 Chunk=0 Start=3680251014623 End=3680251047056 Duration=32433
Task=99 Chunk=1 Start=3680251047087 End=3680251063270 Duration=16183
Task=99 Chunk=2 Start=3680251863183 End=3680251923620 Duration=60437
### Python End ###

--------------------------------
[2025-06-26 13:49:57.340] [info] Available Vulkan Layers:
[2025-06-26 13:49:57.340] [warning] Validation layer requested but not available, continuing without it...
[2025-06-26 13:49:57.344] [info] Using integrated GPU: Mali-G710
[2025-06-26 13:49:57.347] [info] VulkanDispatcher instance created.
[2025-06-26 13:49:57.570] [info] Total memory used: 40550404 bytes (38.67188 MB)
[2025-06-26 13:49:57.575] [info] Total memory used: 40550404 bytes (38.67188 MB)
[2025-06-26 13:49:57.606] [info] Total memory used: 40550404 bytes (38.67188 MB)
[2025-06-26 13:49:57.611] [info] Total memory used: 40550404 bytes (38.67188 MB)
[2025-06-26 13:49:57.617] [info] Total memory used: 40550404 bytes (38.67188 MB)
[2025-06-26 13:49:57.709] [info] Total memory used: 40550404 bytes (38.67188 MB)
[2025-06-26 13:49:57.715] [info] Total memory used: 40550404 bytes (38.67188 MB)
[2025-06-26 13:49:57.720] [info] Total memory used: 40550404 bytes (38.67188 MB)
[2025-06-26 13:49:57.725] [info] Total memory used: 40550404 bytes (38.67188 MB)
[2025-06-26 13:49:57.731] [info] Total memory used: 40550404 bytes (38.67188 MB)
[2025-06-26 13:49:57.799] [info] Total memory used: 40550404 bytes (38.67188 MB)
[2025-06-26 13:49:57.805] [info] Total memory used: 40550404 bytes (38.67188 MB)
[2025-06-26 13:49:57.811] [info] Total memory used: 40550404 bytes (38.67188 MB)
[2025-06-26 13:49:57.817] [info] Total memory used: 40550404 bytes (38.67188 MB)
[2025-06-26 13:49:57.823] [info] Total memory used: 40550404 bytes (38.67188 MB)
[2025-06-26 13:49:57.830] [info] Total memory used: 40550404 bytes (38.67188 MB)
### Python Begin ###
Schedule_UID=SCH-L1M2G1B3-G220-0dfc
Frequency=24576000 Hz
Task=0 Chunk=0 Start=3680264680401 End=3680264694076 Duration=13675
Task=0 Chunk=1 Start=3680264694097 End=3680264711553 Duration=17456
Task=0 Chunk=2 Start=3680264719763 End=3680264719783 Duration=20
Task=0 Chunk=3 Start=3680264777013 End=3680264879782 Duration=102769
Task=1 Chunk=0 Start=3680264694095 End=3680264695784 Duration=1689
Task=1 Chunk=1 Start=3680264711556 End=3680264720011 Duration=8455
Task=1 Chunk=2 Start=3680264744734 End=3680264744744 Duration=10
Task=1 Chunk=3 Start=3680264879805 End=3680264966543 Duration=86738
Task=2 Chunk=0 Start=3680264695792 End=3680264696644 Duration=852
Task=2 Chunk=1 Start=3680264720012 End=3680264728133 Duration=8121
Task=2 Chunk=2 Start=3680264744745 End=3680264744747 Duration=2
Task=2 Chunk=3 Start=3680264966548 End=3680265073304 Duration=106756
Task=3 Chunk=0 Start=3680264696647 End=3680264697533 Duration=886
Task=3 Chunk=1 Start=3680264728134 End=3680264736248 Duration=8114
Task=3 Chunk=2 Start=3680264744749 End=3680264744750 Duration=1
Task=3 Chunk=3 Start=3680265073308 End=3680265155452 Duration=82144
Task=4 Chunk=0 Start=3680264697537 End=3680264698352 Duration=815
Task=4 Chunk=1 Start=3680264736249 End=3680264760296 Duration=24047
Task=4 Chunk=2 Start=3680264777624 End=3680264777629 Duration=5
Task=4 Chunk=3 Start=3680265155460 End=3680265236136 Duration=80676
Task=5 Chunk=0 Start=3680264698355 End=3680264699158 Duration=803
Task=5 Chunk=1 Start=3680264760298 End=3680264768438 Duration=8140
Task=5 Chunk=2 Start=3680264777635 End=3680264777636 Duration=1
Task=5 Chunk=3 Start=3680265236137 End=3680265317133 Duration=80996
Task=6 Chunk=0 Start=3680264699161 End=3680264699964 Duration=803
Task=6 Chunk=1 Start=3680264768439 End=3680264793382 Duration=24943
Task=6 Chunk=2 Start=3680264805950 End=3680264805952 Duration=2
Task=6 Chunk=3 Start=3680265317135 End=3680265396542 Duration=79407
Task=7 Chunk=0 Start=3680264699967 End=3680264703189 Duration=3222
Task=7 Chunk=1 Start=3680264793383 End=3680264816823 Duration=23440
Task=7 Chunk=2 Start=3680264825065 End=3680264825066 Duration=1
Task=7 Chunk=3 Start=3680265396549 End=3680265476415 Duration=79866
Task=8 Chunk=0 Start=3680264703193 End=3680264704472 Duration=1279
Task=8 Chunk=1 Start=3680264816824 End=3680264832955 Duration=16131
Task=8 Chunk=2 Start=3680264840990 End=3680264840992 Duration=2
Task=8 Chunk=3 Start=3680265476416 End=3680265557231 Duration=80815
Task=9 Chunk=0 Start=3680264704477 End=3680264705321 Duration=844
Task=9 Chunk=1 Start=3680264832956 End=3680264848916 Duration=15960
Task=9 Chunk=2 Start=3680264857051 End=3680264857052 Duration=1
Task=9 Chunk=3 Start=3680265557232 End=3680265637436 Duration=80204
Task=10 Chunk=0 Start=3680264705323 End=3680264706132 Duration=809
Task=10 Chunk=1 Start=3680264848918 End=3680264864953 Duration=16035
Task=10 Chunk=2 Start=3680264882566 End=3680264882573 Duration=7
Task=10 Chunk=3 Start=3680265637437 End=3680265717274 Duration=79837
Task=11 Chunk=0 Start=3680264706135 End=3680264706936 Duration=801
Task=11 Chunk=1 Start=3680264864954 End=3680264873484 Duration=8530
Task=11 Chunk=2 Start=3680264882606 End=3680264882607 Duration=1
Task=11 Chunk=3 Start=3680265717275 End=3680265797499 Duration=80224
Task=12 Chunk=0 Start=3680264706939 End=3680264707799 Duration=860
Task=12 Chunk=1 Start=3680264873485 End=3680264901332 Duration=27847
Task=12 Chunk=2 Start=3680264909601 End=3680264909602 Duration=1
Task=12 Chunk=3 Start=3680265797505 End=3680265876460 Duration=78955
Task=13 Chunk=0 Start=3680264707801 End=3680264708601 Duration=800
Task=13 Chunk=1 Start=3680264901333 End=3680264917690 Duration=16357
Task=13 Chunk=2 Start=3680264935034 End=3680264935035 Duration=1
Task=13 Chunk=3 Start=3680265876464 End=3680265958833 Duration=82369
Task=14 Chunk=0 Start=3680264708603 End=3680264709532 Duration=929
Task=14 Chunk=1 Start=3680264917691 End=3680264926114 Duration=8423
Task=14 Chunk=2 Start=3680264935039 End=3680264935041 Duration=2
Task=14 Chunk=3 Start=3680265958846 End=3680266039487 Duration=80641
Task=15 Chunk=0 Start=3680264879854 End=3680264880925 Duration=1071
Task=15 Chunk=1 Start=3680264926115 End=3680264934636 Duration=8521
Task=15 Chunk=2 Start=3680264935042 End=3680264935043 Duration=1
Task=15 Chunk=3 Start=3680266039488 End=3680266119338 Duration=79850
Task=16 Chunk=0 Start=3680264966628 End=3680264967587 Duration=959
Task=16 Chunk=1 Start=3680264967682 End=3680264989233 Duration=21551
Task=16 Chunk=2 Start=3680264989304 End=3680264989311 Duration=7
Task=16 Chunk=3 Start=3680266119343 End=3680266199350 Duration=80007
Task=17 Chunk=0 Start=3680265073334 End=3680265074253 Duration=919
Task=17 Chunk=1 Start=3680265074264 End=3680265086479 Duration=12215
Task=17 Chunk=2 Start=3680265095419 End=3680265095437 Duration=18
Task=17 Chunk=3 Start=3680266199353 End=3680266279297 Duration=79944
Task=18 Chunk=0 Start=3680265155497 End=3680265156648 Duration=1151
Task=18 Chunk=1 Start=3680265156664 End=3680265168065 Duration=11401
Task=18 Chunk=2 Start=3680265168261 End=3680265168279 Duration=18
Task=18 Chunk=3 Start=3680266279299 End=3680266358116 Duration=78817
Task=19 Chunk=0 Start=3680265236205 End=3680265237163 Duration=958
Task=19 Chunk=1 Start=3680265237182 End=3680265248833 Duration=11651
Task=19 Chunk=2 Start=3680265249179 End=3680265249233 Duration=54
Task=19 Chunk=3 Start=3680266358126 End=3680266438902 Duration=80776
Task=20 Chunk=0 Start=3680265317148 End=3680265339929 Duration=22781
Task=20 Chunk=1 Start=3680265339943 End=3680265348635 Duration=8692
Task=20 Chunk=2 Start=3680265348669 End=3680265348672 Duration=3
Task=20 Chunk=3 Start=3680266438921 End=3680266519984 Duration=81063
Task=21 Chunk=0 Start=3680265396598 End=3680265398328 Duration=1730
Task=21 Chunk=1 Start=3680265398347 End=3680265409980 Duration=11633
Task=21 Chunk=2 Start=3680265410022 End=3680265410025 Duration=3
Task=21 Chunk=3 Start=3680266519989 End=3680266600664 Duration=80675
Task=22 Chunk=0 Start=3680265476467 End=3680265477675 Duration=1208
Task=22 Chunk=1 Start=3680265477688 End=3680265491307 Duration=13619
Task=22 Chunk=2 Start=3680265491346 End=3680265491349 Duration=3
Task=22 Chunk=3 Start=3680266600667 End=3680266681179 Duration=80512
Task=23 Chunk=0 Start=3680265557245 End=3680265558240 Duration=995
Task=23 Chunk=1 Start=3680265558261 End=3680265569562 Duration=11301
Task=23 Chunk=2 Start=3680265569637 End=3680265569639 Duration=2
Task=23 Chunk=3 Start=3680266681180 End=3680266759725 Duration=78545
Task=24 Chunk=0 Start=3680265637518 End=3680265638510 Duration=992
Task=24 Chunk=1 Start=3680265638532 End=3680265649743 Duration=11211
Task=24 Chunk=2 Start=3680265649783 End=3680265649786 Duration=3
Task=24 Chunk=3 Start=3680266759732 End=3680266841675 Duration=81943
Task=25 Chunk=0 Start=3680265717296 End=3680265718322 Duration=1026
Task=25 Chunk=1 Start=3680265718336 End=3680265729585 Duration=11249
Task=25 Chunk=2 Start=3680265729658 End=3680265729660 Duration=2
Task=25 Chunk=3 Start=3680266841676 End=3680266921873 Duration=80197
Task=26 Chunk=0 Start=3680265797568 End=3680265798613 Duration=1045
Task=26 Chunk=1 Start=3680265798634 End=3680265810727 Duration=12093
Task=26 Chunk=2 Start=3680265810772 End=3680265810775 Duration=3
Task=26 Chunk=3 Start=3680266921882 End=3680267002073 Duration=80191
Task=27 Chunk=0 Start=3680265876499 End=3680265877308 Duration=809
Task=27 Chunk=1 Start=3680265877321 End=3680265891258 Duration=13937
Task=27 Chunk=2 Start=3680265891326 End=3680265891329 Duration=3
Task=27 Chunk=3 Start=3680267002074 End=3680267082043 Duration=79969
Task=28 Chunk=0 Start=3680265958861 End=3680265959818 Duration=957
Task=28 Chunk=1 Start=3680265959830 End=3680265971099 Duration=11269
Task=28 Chunk=2 Start=3680265971124 End=3680265971128 Duration=4
Task=28 Chunk=3 Start=3680267082045 End=3680267158165 Duration=76120
Task=29 Chunk=0 Start=3680266039549 End=3680266040540 Duration=991
Task=29 Chunk=1 Start=3680266040548 End=3680266051975 Duration=11427
Task=29 Chunk=2 Start=3680266052027 End=3680266052030 Duration=3
Task=29 Chunk=3 Start=3680267158171 End=3680267235014 Duration=76843
Task=30 Chunk=0 Start=3680266119373 End=3680266120476 Duration=1103
Task=30 Chunk=1 Start=3680266120487 End=3680266131942 Duration=11455
Task=30 Chunk=2 Start=3680266131976 End=3680266131979 Duration=3
Task=30 Chunk=3 Start=3680267235016 End=3680267312523 Duration=77507
Task=31 Chunk=0 Start=3680266199390 End=3680266200439 Duration=1049
Task=31 Chunk=1 Start=3680266200449 End=3680266212055 Duration=11606
Task=31 Chunk=2 Start=3680266212098 End=3680266212100 Duration=2
Task=31 Chunk=3 Start=3680267312524 End=3680267389880 Duration=77356
Task=32 Chunk=0 Start=3680266279337 End=3680266281493 Duration=2156
Task=32 Chunk=1 Start=3680266281512 End=3680266293127 Duration=11615
Task=32 Chunk=2 Start=3680266293155 End=3680266293158 Duration=3
Task=32 Chunk=3 Start=3680267389881 End=3680267467726 Duration=77845
Task=33 Chunk=0 Start=3680266358142 End=3680266359116 Duration=974
Task=33 Chunk=1 Start=3680266359128 End=3680266371314 Duration=12186
Task=33 Chunk=2 Start=3680266371389 End=3680266371391 Duration=2
Task=33 Chunk=3 Start=3680267467727 End=3680267544063 Duration=76336
Task=34 Chunk=0 Start=3680266438966 End=3680266440232 Duration=1266
Task=34 Chunk=1 Start=3680266440246 End=3680266452891 Duration=12645
Task=34 Chunk=2 Start=3680266452956 End=3680266452958 Duration=2
Task=34 Chunk=3 Start=3680267544065 End=3680267622323 Duration=78258
Task=35 Chunk=0 Start=3680266520013 End=3680266520953 Duration=940
Task=35 Chunk=1 Start=3680266520968 End=3680266532816 Duration=11848
Task=35 Chunk=2 Start=3680266532887 End=3680266532889 Duration=2
Task=35 Chunk=3 Start=3680267622324 End=3680267699690 Duration=77366
Task=36 Chunk=0 Start=3680266600731 End=3680266601668 Duration=937
Task=36 Chunk=1 Start=3680266601687 End=3680266613457 Duration=11770
Task=36 Chunk=2 Start=3680266613494 End=3680266613496 Duration=2
Task=36 Chunk=3 Start=3680267699691 End=3680267776805 Duration=77114
Task=37 Chunk=0 Start=3680266681227 End=3680266682241 Duration=1014
Task=37 Chunk=1 Start=3680266682258 End=3680266694289 Duration=12031
Task=37 Chunk=2 Start=3680266694356 End=3680266694359 Duration=3
Task=37 Chunk=3 Start=3680267776806 End=3680267864655 Duration=87849
Task=38 Chunk=0 Start=3680266759794 End=3680266760587 Duration=793
Task=38 Chunk=1 Start=3680266760605 End=3680266775482 Duration=14877
Task=38 Chunk=2 Start=3680266775543 End=3680266775545 Duration=2
Task=38 Chunk=3 Start=3680267864663 End=3680267944022 Duration=79359
Task=39 Chunk=0 Start=3680266841704 End=3680266842722 Duration=1018
Task=39 Chunk=1 Start=3680266842734 End=3680266854533 Duration=11799
Task=39 Chunk=2 Start=3680266854545 End=3680266854547 Duration=2
Task=39 Chunk=3 Start=3680267944027 End=3680268024036 Duration=80009
Task=40 Chunk=0 Start=3680266921901 End=3680266922882 Duration=981
Task=40 Chunk=1 Start=3680266922897 End=3680266934330 Duration=11433
Task=40 Chunk=2 Start=3680266934356 End=3680266934359 Duration=3
Task=40 Chunk=3 Start=3680268024037 End=3680268103914 Duration=79877
Task=41 Chunk=0 Start=3680267002097 End=3680267003094 Duration=997
Task=41 Chunk=1 Start=3680267003107 End=3680267014597 Duration=11490
Task=41 Chunk=2 Start=3680267014626 End=3680267014629 Duration=3
Task=41 Chunk=3 Start=3680268103915 End=3680268184119 Duration=80204
Task=42 Chunk=0 Start=3680267082092 End=3680267778909 Duration=696817
Task=42 Chunk=1 Start=3680267778927 End=3680267790449 Duration=11522
Task=42 Chunk=2 Start=3680267790464 End=3680267790486 Duration=22
Task=42 Chunk=3 Start=3680268184120 End=3680268264131 Duration=80011
Task=43 Chunk=0 Start=3680267778920 End=3680267780493 Duration=1573
Task=43 Chunk=1 Start=3680267790453 End=3680267798996 Duration=8543
Task=43 Chunk=2 Start=3680267799020 End=3680267799023 Duration=3
Task=43 Chunk=3 Start=3680268264137 End=3680268343709 Duration=79572
Task=44 Chunk=0 Start=3680267780500 End=3680267781384 Duration=884
Task=44 Chunk=1 Start=3680267798998 End=3680267807523 Duration=8525
Task=44 Chunk=2 Start=3680267807552 End=3680267807555 Duration=3
Task=44 Chunk=3 Start=3680268343711 End=3680268421463 Duration=77752
Task=45 Chunk=0 Start=3680267781387 End=3680267782205 Duration=818
Task=45 Chunk=1 Start=3680267807524 End=3680267816133 Duration=8609
Task=45 Chunk=2 Start=3680267816157 End=3680267816160 Duration=3
Task=45 Chunk=3 Start=3680268421464 End=3680268501718 Duration=80254
Task=46 Chunk=0 Start=3680267782208 End=3680267783080 Duration=872
Task=46 Chunk=1 Start=3680267816134 End=3680267824688 Duration=8554
Task=46 Chunk=2 Start=3680267824755 End=3680267824757 Duration=2
Task=46 Chunk=3 Start=3680268501720 End=3680268581972 Duration=80252
Task=47 Chunk=0 Start=3680267783083 End=3680267783888 Duration=805
Task=47 Chunk=1 Start=3680267824689 End=3680267833262 Duration=8573
Task=47 Chunk=2 Start=3680267833287 End=3680267833290 Duration=3
Task=47 Chunk=3 Start=3680268581981 End=3680268662707 Duration=80726
Task=48 Chunk=0 Start=3680267783891 End=3680267784746 Duration=855
Task=48 Chunk=1 Start=3680267833263 End=3680267841772 Duration=8509
Task=48 Chunk=2 Start=3680267841823 End=3680267841825 Duration=2
Task=48 Chunk=3 Start=3680268662708 End=3680268743230 Duration=80522
Task=49 Chunk=0 Start=3680267784750 End=3680267785546 Duration=796
Task=49 Chunk=1 Start=3680267841773 End=3680267852944 Duration=11171
Task=49 Chunk=2 Start=3680267852968 End=3680267852971 Duration=3
Task=49 Chunk=3 Start=3680268743231 End=3680268822099 Duration=78868
Task=50 Chunk=0 Start=3680267785549 End=3680267786416 Duration=867
Task=50 Chunk=1 Start=3680267852946 End=3680267861619 Duration=8673
Task=50 Chunk=2 Start=3680267861633 End=3680267861635 Duration=2
Task=50 Chunk=3 Start=3680268822100 End=3680268903597 Duration=81497
Task=51 Chunk=0 Start=3680267786419 End=3680267787205 Duration=786
Task=51 Chunk=1 Start=3680267861621 End=3680267872266 Duration=10645
Task=51 Chunk=2 Start=3680267872313 End=3680267872315 Duration=2
Task=51 Chunk=3 Start=3680268903599 End=3680268983766 Duration=80167
Task=52 Chunk=0 Start=3680267864683 End=3680267866135 Duration=1452
Task=52 Chunk=1 Start=3680267872268 End=3680267882000 Duration=9732
Task=52 Chunk=2 Start=3680267882018 End=3680267882021 Duration=3
Task=52 Chunk=3 Start=3680268983768 End=3680269064442 Duration=80674
Task=53 Chunk=0 Start=3680267944074 End=3680267946707 Duration=2633
Task=53 Chunk=1 Start=3680267946717 End=3680267958153 Duration=11436
Task=53 Chunk=2 Start=3680267958189 End=3680267958191 Duration=2
Task=53 Chunk=3 Start=3680269064443 End=3680269143653 Duration=79210
Task=54 Chunk=0 Start=3680268024074 End=3680268025076 Duration=1002
Task=54 Chunk=1 Start=3680268025090 End=3680268036552 Duration=11462
Task=54 Chunk=2 Start=3680268036605 End=3680268036608 Duration=3
Task=54 Chunk=3 Start=3680269143664 End=3680269221980 Duration=78316
Task=55 Chunk=0 Start=3680268103941 End=3680268104903 Duration=962
Task=55 Chunk=1 Start=3680268104923 End=3680268116389 Duration=11466
Task=55 Chunk=2 Start=3680268116458 End=3680268116461 Duration=3
Task=55 Chunk=3 Start=3680269221982 End=3680269301028 Duration=79046
Task=56 Chunk=0 Start=3680268184155 End=3680268185131 Duration=976
Task=56 Chunk=1 Start=3680268185139 End=3680268196726 Duration=11587
Task=56 Chunk=2 Start=3680268196779 End=3680268196782 Duration=3
Task=56 Chunk=3 Start=3680269301030 End=3680269381118 Duration=80088
Task=57 Chunk=0 Start=3680268264165 End=3680268265171 Duration=1006
Task=57 Chunk=1 Start=3680268265189 End=3680268276504 Duration=11315
Task=57 Chunk=2 Start=3680268276555 End=3680268276557 Duration=2
Task=57 Chunk=3 Start=3680269381126 End=3680269460779 Duration=79653
Task=58 Chunk=0 Start=3680268343983 End=3680268345135 Duration=1152
Task=58 Chunk=1 Start=3680268345157 End=3680268356473 Duration=11316
Task=58 Chunk=2 Start=3680268356530 End=3680268356532 Duration=2
Task=58 Chunk=3 Start=3680269460780 End=3680269540306 Duration=79526
Task=59 Chunk=0 Start=3680268421535 End=3680268422342 Duration=807
Task=59 Chunk=1 Start=3680268422357 End=3680268433743 Duration=11386
Task=59 Chunk=2 Start=3680268433777 End=3680268433779 Duration=2
Task=59 Chunk=3 Start=3680269540307 End=3680269620645 Duration=80338
Task=60 Chunk=0 Start=3680268501785 End=3680268502841 Duration=1056
Task=60 Chunk=1 Start=3680268502859 End=3680268514396 Duration=11537
Task=60 Chunk=2 Start=3680268514418 End=3680268514420 Duration=2
Task=60 Chunk=3 Start=3680269620649 End=3680269699045 Duration=78396
Task=61 Chunk=0 Start=3680268582048 End=3680268582955 Duration=907
Task=61 Chunk=1 Start=3680268582965 End=3680268594643 Duration=11678
Task=61 Chunk=2 Start=3680268594693 End=3680268594696 Duration=3
Task=61 Chunk=3 Start=3680269699046 End=3680269778979 Duration=79933
Task=62 Chunk=0 Start=3680268662721 End=3680268663698 Duration=977
Task=62 Chunk=1 Start=3680268663717 End=3680268675663 Duration=11946
Task=62 Chunk=2 Start=3680268675696 End=3680268675703 Duration=7
Task=62 Chunk=3 Start=3680269778983 End=3680269859127 Duration=80144
Task=63 Chunk=0 Start=3680268743272 End=3680268744234 Duration=962
Task=63 Chunk=1 Start=3680268744252 End=3680268755659 Duration=11407
Task=63 Chunk=2 Start=3680268755731 End=3680268755734 Duration=3
Task=63 Chunk=3 Start=3680269859129 End=3680269939287 Duration=80158
Task=64 Chunk=0 Start=3680268822113 End=3680268823111 Duration=998
Task=64 Chunk=1 Start=3680268823120 End=3680268837997 Duration=14877
Task=64 Chunk=2 Start=3680268838075 End=3680268838078 Duration=3
Task=64 Chunk=3 Start=3680269939303 End=3680270018928 Duration=79625
Task=65 Chunk=0 Start=3680268903643 End=3680268904579 Duration=936
Task=65 Chunk=1 Start=3680268904591 End=3680268916555 Duration=11964
Task=65 Chunk=2 Start=3680268916566 End=3680268916569 Duration=3
Task=65 Chunk=3 Start=3680270018931 End=3680270097906 Duration=78975
Task=66 Chunk=0 Start=3680268983783 End=3680268984836 Duration=1053
Task=66 Chunk=1 Start=3680268984846 End=3680268996642 Duration=11796
Task=66 Chunk=2 Start=3680268996674 End=3680268996676 Duration=2
Task=66 Chunk=3 Start=3680270097909 End=3680270178595 Duration=80686
Task=67 Chunk=0 Start=3680269064479 End=3680269065629 Duration=1150
Task=67 Chunk=1 Start=3680269065639 End=3680269077073 Duration=11434
Task=67 Chunk=2 Start=3680269077095 End=3680269077098 Duration=3
Task=67 Chunk=3 Start=3680270178596 End=3680270259385 Duration=80789
Task=68 Chunk=0 Start=3680269143721 End=3680269144703 Duration=982
Task=68 Chunk=1 Start=3680269144717 End=3680269156370 Duration=11653
Task=68 Chunk=2 Start=3680269156434 End=3680269156437 Duration=3
Task=68 Chunk=3 Start=3680270259389 End=3680270339293 Duration=79904
Task=69 Chunk=0 Start=3680269221997 End=3680269225887 Duration=3890
Task=69 Chunk=1 Start=3680269225902 End=3680269236972 Duration=11070
Task=69 Chunk=2 Start=3680269237045 End=3680269237048 Duration=3
Task=69 Chunk=3 Start=3680270339305 End=3680270419507 Duration=80202
Task=70 Chunk=0 Start=3680269301056 End=3680269301927 Duration=871
Task=70 Chunk=1 Start=3680269301938 End=3680269313448 Duration=11510
Task=70 Chunk=2 Start=3680269313517 End=3680269313520 Duration=3
Task=70 Chunk=3 Start=3680270419515 End=3680270497781 Duration=78266
Task=71 Chunk=0 Start=3680269381165 End=3680269382373 Duration=1208
Task=71 Chunk=1 Start=3680269382381 End=3680269393722 Duration=11341
Task=71 Chunk=2 Start=3680269393771 End=3680269393774 Duration=3
Task=71 Chunk=3 Start=3680270497783 End=3680270579277 Duration=81494
Task=72 Chunk=0 Start=3680269460831 End=3680269461867 Duration=1036
Task=72 Chunk=1 Start=3680269461890 End=3680269473917 Duration=12027
Task=72 Chunk=2 Start=3680269473954 End=3680269473957 Duration=3
Task=72 Chunk=3 Start=3680270579279 End=3680270659281 Duration=80002
Task=73 Chunk=0 Start=3680269540351 End=3680269541228 Duration=877
Task=73 Chunk=1 Start=3680269541245 End=3680269552767 Duration=11522
Task=73 Chunk=2 Start=3680269552829 End=3680269552831 Duration=2
Task=73 Chunk=3 Start=3680270659287 End=3680270739164 Duration=79877
Task=74 Chunk=0 Start=3680269620729 End=3680269621752 Duration=1023
Task=74 Chunk=1 Start=3680269621764 End=3680269633163 Duration=11399
Task=74 Chunk=2 Start=3680269633242 End=3680269633248 Duration=6
Task=74 Chunk=3 Start=3680270739165 End=3680270819001 Duration=79836
Task=75 Chunk=0 Start=3680269699112 End=3680269700056 Duration=944
Task=75 Chunk=1 Start=3680269700073 End=3680269711573 Duration=11500
Task=75 Chunk=2 Start=3680269711613 End=3680269711615 Duration=2
Task=75 Chunk=3 Start=3680270819003 End=3680270898739 Duration=79736
Task=76 Chunk=0 Start=3680269778998 End=3680269780021 Duration=1023
Task=76 Chunk=1 Start=3680269780039 End=3680269791730 Duration=11691
Task=76 Chunk=2 Start=3680269791758 End=3680269791761 Duration=3
Task=76 Chunk=3 Start=3680270898740 End=3680270977577 Duration=78837
Task=77 Chunk=0 Start=3680269859153 End=3680269860221 Duration=1068
Task=77 Chunk=1 Start=3680269860233 End=3680269872039 Duration=11806
Task=77 Chunk=2 Start=3680269872094 End=3680269872101 Duration=7
Task=77 Chunk=3 Start=3680270977586 End=3680271057757 Duration=80171
Task=78 Chunk=0 Start=3680269939341 End=3680269940385 Duration=1044
Task=78 Chunk=1 Start=3680269940405 End=3680269952327 Duration=11922
Task=78 Chunk=2 Start=3680269952350 End=3680269952354 Duration=4
Task=78 Chunk=3 Start=3680271057758 End=3680271138412 Duration=80654
Task=79 Chunk=0 Start=3680270018971 End=3680270019960 Duration=989
Task=79 Chunk=1 Start=3680270019968 End=3680270032449 Duration=12481
Task=79 Chunk=2 Start=3680270032503 End=3680270032506 Duration=3
Task=79 Chunk=3 Start=3680271138413 End=3680271218212 Duration=79799
Task=80 Chunk=0 Start=3680270097945 End=3680270099065 Duration=1120
Task=80 Chunk=1 Start=3680270099074 End=3680270113166 Duration=14092
Task=80 Chunk=2 Start=3680270113184 End=3680270113187 Duration=3
Task=80 Chunk=3 Start=3680271218218 End=3680271297683 Duration=79465
Task=81 Chunk=0 Start=3680270178662 End=3680270179592 Duration=930
Task=81 Chunk=1 Start=3680270179600 End=3680270191634 Duration=12034
Task=81 Chunk=2 Start=3680270191667 End=3680270191669 Duration=2
Task=81 Chunk=3 Start=3680271297684 End=3680271375548 Duration=77864
Task=82 Chunk=0 Start=3680270259435 End=3680270260577 Duration=1142
Task=82 Chunk=1 Start=3680270260592 End=3680270272497 Duration=11905
Task=82 Chunk=2 Start=3680270272515 End=3680270272518 Duration=3
Task=82 Chunk=3 Start=3680271375552 End=3680271456505 Duration=80953
Task=83 Chunk=0 Start=3680270339349 End=3680270340312 Duration=963
Task=83 Chunk=1 Start=3680270340325 End=3680270352170 Duration=11845
Task=83 Chunk=2 Start=3680270352242 End=3680270352245 Duration=3
Task=83 Chunk=3 Start=3680271456507 End=3680271536533 Duration=80026
Task=84 Chunk=0 Start=3680270419526 End=3680270420590 Duration=1064
Task=84 Chunk=1 Start=3680270420606 End=3680270432318 Duration=11712
Task=84 Chunk=2 Start=3680270432389 End=3680270432391 Duration=2
Task=84 Chunk=3 Start=3680271536540 End=3680271616676 Duration=80136
Task=85 Chunk=0 Start=3680270497827 End=3680270498739 Duration=912
Task=85 Chunk=1 Start=3680270498757 End=3680270512740 Duration=13983
Task=85 Chunk=2 Start=3680270512770 End=3680270512772 Duration=2
Task=85 Chunk=3 Start=3680271616677 End=3680271696666 Duration=79989
Task=86 Chunk=0 Start=3680270579336 End=3680270580419 Duration=1083
Task=86 Chunk=1 Start=3680270580434 End=3680270592344 Duration=11910
Task=86 Chunk=2 Start=3680270592362 End=3680270592364 Duration=2
Task=86 Chunk=3 Start=3680271696668 End=3680271772709 Duration=76041
Task=87 Chunk=0 Start=3680270659345 End=3680270660474 Duration=1129
Task=87 Chunk=1 Start=3680270660491 End=3680270672007 Duration=11516
Task=87 Chunk=2 Start=3680270672060 End=3680270672062 Duration=2
Task=87 Chunk=3 Start=3680271772710 End=3680271850493 Duration=77783
Task=88 Chunk=0 Start=3680270739185 End=3680270740104 Duration=919
Task=88 Chunk=1 Start=3680270740112 End=3680270751574 Duration=11462
Task=88 Chunk=2 Start=3680270751638 End=3680270751641 Duration=3
Task=88 Chunk=3 Start=3680271850496 End=3680271927633 Duration=77137
Task=89 Chunk=0 Start=3680270819053 End=3680270820050 Duration=997
Task=89 Chunk=1 Start=3680270820058 End=3680270831519 Duration=11461
Task=89 Chunk=2 Start=3680270831571 End=3680270831574 Duration=3
Task=89 Chunk=3 Start=3680271927640 End=3680272004710 Duration=77070
Task=90 Chunk=0 Start=3680270898770 End=3680270899809 Duration=1039
Task=90 Chunk=1 Start=3680270899829 End=3680270911466 Duration=11637
Task=90 Chunk=2 Start=3680270911499 End=3680270911502 Duration=3
Task=90 Chunk=3 Start=3680272004716 End=3680272081494 Duration=76778
Task=91 Chunk=0 Start=3680270977619 End=3680270978535 Duration=916
Task=91 Chunk=1 Start=3680270978551 End=3680270990344 Duration=11793
Task=91 Chunk=2 Start=3680270990371 End=3680270990373 Duration=2
Task=91 Chunk=3 Start=3680272081502 End=3680272157731 Duration=76229
Task=92 Chunk=0 Start=3680271057789 End=3680271058815 Duration=1026
Task=92 Chunk=1 Start=3680271058833 End=3680271070455 Duration=11622
Task=92 Chunk=2 Start=3680271070483 End=3680271070487 Duration=4
Task=92 Chunk=3 Start=3680272157740 End=3680272235113 Duration=77373
Task=93 Chunk=0 Start=3680271138471 End=3680271139501 Duration=1030
Task=93 Chunk=1 Start=3680271139515 End=3680271151033 Duration=11518
Task=93 Chunk=2 Start=3680271151090 End=3680271151092 Duration=2
Task=93 Chunk=3 Start=3680272235120 End=3680272313252 Duration=78132
Task=94 Chunk=0 Start=3680271218242 End=3680271219245 Duration=1003
Task=94 Chunk=1 Start=3680271219271 End=3680271231097 Duration=11826
Task=94 Chunk=2 Start=3680271231136 End=3680271231139 Duration=3
Task=94 Chunk=3 Start=3680272313253 End=3680272390317 Duration=77064
Task=95 Chunk=0 Start=3680271297710 End=3680271298664 Duration=954
Task=95 Chunk=1 Start=3680271298682 End=3680271310405 Duration=11723
Task=95 Chunk=2 Start=3680271310447 End=3680271310449 Duration=2
Task=95 Chunk=3 Start=3680272390322 End=3680272466205 Duration=75883
Task=96 Chunk=0 Start=3680271375578 End=3680271376631 Duration=1053
Task=96 Chunk=1 Start=3680271376643 End=3680271391043 Duration=14400
Task=96 Chunk=2 Start=3680271391098 End=3680271391101 Duration=3
Task=96 Chunk=3 Start=3680272466211 End=3680272543154 Duration=76943
Task=97 Chunk=0 Start=3680271456564 End=3680271457838 Duration=1274
Task=97 Chunk=1 Start=3680271457851 End=3680271469516 Duration=11665
Task=97 Chunk=2 Start=3680271469586 End=3680271469588 Duration=2
Task=97 Chunk=3 Start=3680272543161 End=3680272620822 Duration=77661
Task=98 Chunk=0 Start=3680271536592 End=3680271537488 Duration=896
Task=98 Chunk=1 Start=3680271537506 End=3680271549035 Duration=11529
Task=98 Chunk=2 Start=3680271549077 End=3680271549079 Duration=2
Task=98 Chunk=3 Start=3680272620824 End=3680272697676 Duration=76852
Task=99 Chunk=0 Start=3680271616749 End=3680271617805 Duration=1056
Task=99 Chunk=1 Start=3680271617818 End=3680271629487 Duration=11669
Task=99 Chunk=2 Start=3680271629518 End=3680271629520 Duration=2
Task=99 Chunk=3 Start=3680272697677 End=3680272774800 Duration=77123
### Python End ###

--------------------------------
[2025-06-26 13:49:58.193] [info] Available Vulkan Layers:
[2025-06-26 13:49:58.193] [warning] Validation layer requested but not available, continuing without it...
[2025-06-26 13:49:58.197] [info] Using integrated GPU: Mali-G710
[2025-06-26 13:49:58.200] [info] VulkanDispatcher instance created.
[2025-06-26 13:49:58.439] [info] Total memory used: 40550404 bytes (38.67188 MB)
[2025-06-26 13:49:58.445] [info] Total memory used: 40550404 bytes (38.67188 MB)
[2025-06-26 13:49:58.480] [info] Total memory used: 40550404 bytes (38.67188 MB)
[2025-06-26 13:49:58.486] [info] Total memory used: 40550404 bytes (38.67188 MB)
[2025-06-26 13:49:58.491] [info] Total memory used: 40550404 bytes (38.67188 MB)
[2025-06-26 13:49:58.596] [info] Total memory used: 40550404 bytes (38.67188 MB)
[2025-06-26 13:49:58.602] [info] Total memory used: 40550404 bytes (38.67188 MB)
[2025-06-26 13:49:58.608] [info] Total memory used: 40550404 bytes (38.67188 MB)
[2025-06-26 13:49:58.614] [info] Total memory used: 40550404 bytes (38.67188 MB)
[2025-06-26 13:49:58.620] [info] Total memory used: 40550404 bytes (38.67188 MB)
[2025-06-26 13:49:58.706] [info] Total memory used: 40550404 bytes (38.67188 MB)
[2025-06-26 13:49:58.712] [info] Total memory used: 40550404 bytes (38.67188 MB)
[2025-06-26 13:49:58.718] [info] Total memory used: 40550404 bytes (38.67188 MB)
[2025-06-26 13:49:58.724] [info] Total memory used: 40550404 bytes (38.67188 MB)
[2025-06-26 13:49:58.730] [info] Total memory used: 40550404 bytes (38.67188 MB)
[2025-06-26 13:49:58.736] [info] Total memory used: 40550404 bytes (38.67188 MB)
### Python Begin ###
Schedule_UID=SCH-B2G2M3-G221-cba4
Frequency=24576000 Hz
Task=0 Chunk=0 Start=3680286959194 End=3680287025736 Duration=66542
Task=0 Chunk=1 Start=3680287028672 End=3680287201763 Duration=173091
Task=0 Chunk=2 Start=3680287201809 End=3680287294814 Duration=93005
Task=1 Chunk=0 Start=3680287025738 End=3680287058116 Duration=32378
Task=1 Chunk=1 Start=3680287201796 End=3680287284967 Duration=83171
Task=1 Chunk=2 Start=3680287294828 End=3680287365027 Duration=70199
Task=2 Chunk=0 Start=3680287058117 End=3680287089649 Duration=31532
Task=2 Chunk=1 Start=3680287284987 End=3680287372990 Duration=88003
Task=2 Chunk=2 Start=3680287375896 End=3680287447101 Duration=71205
Task=3 Chunk=0 Start=3680287089650 End=3680287122684 Duration=33034
Task=3 Chunk=1 Start=3680287372993 End=3680287456702 Duration=83709
Task=3 Chunk=2 Start=3680287459739 End=3680287527404 Duration=67665
Task=4 Chunk=0 Start=3680287122685 End=3680287154566 Duration=31881
Task=4 Chunk=1 Start=3680287456703 End=3680287541764 Duration=85061
Task=4 Chunk=2 Start=3680287544822 End=3680287615835 Duration=71013
Task=5 Chunk=0 Start=3680287154567 End=3680287186182 Duration=31615
Task=5 Chunk=1 Start=3680287541765 End=3680287624263 Duration=82498
Task=5 Chunk=2 Start=3680287627273 End=3680287692701 Duration=65428
Task=6 Chunk=0 Start=3680287186183 End=3680287219745 Duration=33562
Task=6 Chunk=1 Start=3680287624265 End=3680287710771 Duration=86506
Task=6 Chunk=2 Start=3680287714085 End=3680287779597 Duration=65512
Task=7 Chunk=0 Start=3680287219746 End=3680287251653 Duration=31907
Task=7 Chunk=1 Start=3680287710772 End=3680287791092 Duration=80320
Task=7 Chunk=2 Start=3680287793811 End=3680287861300 Duration=67489
Task=8 Chunk=0 Start=3680287251654 End=3680287283782 Duration=32128
Task=8 Chunk=1 Start=3680287791094 End=3680287879660 Duration=88566
Task=8 Chunk=2 Start=3680287879685 End=3680287946608 Duration=66923
Task=9 Chunk=0 Start=3680287283792 End=3680287317623 Duration=33831
Task=9 Chunk=1 Start=3680287879684 End=3680287968737 Duration=89053
Task=9 Chunk=2 Start=3680287971858 End=3680288039593 Duration=67735
Task=10 Chunk=0 Start=3680287317624 End=3680287350070 Duration=32446
Task=10 Chunk=1 Start=3680287968738 End=3680288062840 Duration=94102
Task=10 Chunk=2 Start=3680288062863 End=3680288129855 Duration=66992
Task=11 Chunk=0 Start=3680287350072 End=3680287384242 Duration=34170
Task=11 Chunk=1 Start=3680288062865 End=3680288150897 Duration=88032
Task=11 Chunk=2 Start=3680288150921 End=3680288217178 Duration=66257
Task=12 Chunk=0 Start=3680287384243 End=3680287418249 Duration=34006
Task=12 Chunk=1 Start=3680288150920 End=3680288234434 Duration=83514
Task=12 Chunk=2 Start=3680288234474 End=3680288300718 Duration=66244
Task=13 Chunk=0 Start=3680287418252 End=3680287450377 Duration=32125
Task=13 Chunk=1 Start=3680288234466 End=3680288317875 Duration=83409
Task=13 Chunk=2 Start=3680288317901 End=3680288382405 Duration=64504
Task=14 Chunk=0 Start=3680287450378 End=3680287482072 Duration=31694
Task=14 Chunk=1 Start=3680288317898 End=3680288402789 Duration=84891
Task=14 Chunk=2 Start=3680288402814 End=3680288467482 Duration=64668
Task=15 Chunk=0 Start=3680287482073 End=3680287516294 Duration=34221
Task=15 Chunk=1 Start=3680288402813 End=3680288487141 Duration=84328
Task=15 Chunk=2 Start=3680288487172 End=3680288555441 Duration=68269
Task=16 Chunk=0 Start=3680287516296 End=3680287551115 Duration=34819
Task=16 Chunk=1 Start=3680288487164 End=3680288576497 Duration=89333
Task=16 Chunk=2 Start=3680288576523 End=3680288644577 Duration=68054
Task=17 Chunk=0 Start=3680287551116 End=3680287583505 Duration=32389
Task=17 Chunk=1 Start=3680288576524 End=3680288663306 Duration=86782
Task=17 Chunk=2 Start=3680288663336 End=3680288729681 Duration=66345
Task=18 Chunk=0 Start=3680287583506 End=3680287617215 Duration=33709
Task=18 Chunk=1 Start=3680288663329 End=3680288750478 Duration=87149
Task=18 Chunk=2 Start=3680288750512 End=3680288816947 Duration=66435
Task=19 Chunk=0 Start=3680287617217 End=3680287649238 Duration=32021
Task=19 Chunk=1 Start=3680288750508 End=3680288833416 Duration=82908
Task=19 Chunk=2 Start=3680288833450 End=3680288899722 Duration=66272
Task=20 Chunk=0 Start=3680287692747 End=3680287726020 Duration=33273
Task=20 Chunk=1 Start=3680288833450 End=3680288917037 Duration=83587
Task=20 Chunk=2 Start=3680288917089 End=3680288983056 Duration=65967
Task=21 Chunk=0 Start=3680287779638 End=3680287813769 Duration=34131
Task=21 Chunk=1 Start=3680288917080 End=3680289002366 Duration=85286
Task=21 Chunk=2 Start=3680289002396 End=3680289067453 Duration=65057
Task=22 Chunk=0 Start=3680287861320 End=3680287893698 Duration=32378
Task=22 Chunk=1 Start=3680289002389 End=3680289086007 Duration=83618
Task=22 Chunk=2 Start=3680289086041 End=3680289150842 Duration=64801
Task=23 Chunk=0 Start=3680287946635 End=3680287980587 Duration=33952
Task=23 Chunk=1 Start=3680289086042 End=3680289173985 Duration=87943
Task=23 Chunk=2 Start=3680289174018 End=3680289242013 Duration=67995
Task=24 Chunk=0 Start=3680288039666 End=3680288072969 Duration=33303
Task=24 Chunk=1 Start=3680289174012 End=3680289263605 Duration=89593
Task=24 Chunk=2 Start=3680289263674 End=3680289331144 Duration=67470
Task=25 Chunk=0 Start=3680288129874 End=3680288162018 Duration=32144
Task=25 Chunk=1 Start=3680289263632 End=3680289351176 Duration=87544
Task=25 Chunk=2 Start=3680289351199 End=3680289417354 Duration=66155
Task=26 Chunk=0 Start=3680288217198 End=3680288249209 Duration=32011
Task=26 Chunk=1 Start=3680289351198 End=3680289443513 Duration=92315
Task=26 Chunk=2 Start=3680289443532 End=3680289510871 Duration=67339
Task=27 Chunk=0 Start=3680288300747 End=3680288332695 Duration=31948
Task=27 Chunk=1 Start=3680289443538 End=3680289530735 Duration=87197
Task=27 Chunk=2 Start=3680289530766 End=3680289596633 Duration=65867
Task=28 Chunk=0 Start=3680288382420 End=3680288415398 Duration=32978
Task=28 Chunk=1 Start=3680289530763 End=3680289614768 Duration=84005
Task=28 Chunk=2 Start=3680289614803 End=3680289680498 Duration=65695
Task=29 Chunk=0 Start=3680288467512 End=3680288500929 Duration=33417
Task=29 Chunk=1 Start=3680289614797 End=3680289697969 Duration=83172
Task=29 Chunk=2 Start=3680289697996 End=3680289762514 Duration=64518
Task=30 Chunk=0 Start=3680288555467 End=3680288587928 Duration=32461
Task=30 Chunk=1 Start=3680289697997 End=3680289779977 Duration=81980
Task=30 Chunk=2 Start=3680289780023 End=3680289845151 Duration=65128
Task=31 Chunk=0 Start=3680288644609 End=3680288676725 Duration=32116
Task=31 Chunk=1 Start=3680289780021 End=3680289863250 Duration=83229
Task=31 Chunk=2 Start=3680289863282 End=3680289930747 Duration=67465
Task=32 Chunk=0 Start=3680288729698 End=3680288761863 Duration=32165
Task=32 Chunk=1 Start=3680289863274 End=3680289949201 Duration=85927
Task=32 Chunk=2 Start=3680289949222 End=3680290015187 Duration=65965
Task=33 Chunk=0 Start=3680288816972 End=3680288849082 Duration=32110
Task=33 Chunk=1 Start=3680289949223 End=3680290031563 Duration=82340
Task=33 Chunk=2 Start=3680290031584 End=3680290098042 Duration=66458
Task=34 Chunk=0 Start=3680288899751 End=3680288932010 Duration=32259
Task=34 Chunk=1 Start=3680290031589 End=3680290119323 Duration=87734
Task=34 Chunk=2 Start=3680290119352 End=3680290185523 Duration=66171
Task=35 Chunk=0 Start=3680288983094 End=3680289014952 Duration=31858
Task=35 Chunk=1 Start=3680290119346 End=3680290206731 Duration=87385
Task=35 Chunk=2 Start=3680290206756 End=3680290272630 Duration=65874
Task=36 Chunk=0 Start=3680289067483 End=3680289100480 Duration=32997
Task=36 Chunk=1 Start=3680290206754 End=3680290294235 Duration=87481
Task=36 Chunk=2 Start=3680290294263 End=3680290360446 Duration=66183
Task=37 Chunk=0 Start=3680289150877 End=3680289187056 Duration=36179
Task=37 Chunk=1 Start=3680290294260 End=3680290378482 Duration=84222
Task=37 Chunk=2 Start=3680290378503 End=3680290442892 Duration=64389
Task=38 Chunk=0 Start=3680289242031 End=3680289274636 Duration=32605
Task=38 Chunk=1 Start=3680290378505 End=3680290467327 Duration=88822
Task=38 Chunk=2 Start=3680290467358 End=3680290532823 Duration=65465
Task=39 Chunk=0 Start=3680289331182 End=3680289363048 Duration=31866
Task=39 Chunk=1 Start=3680290467351 End=3680290553605 Duration=86254
Task=39 Chunk=2 Start=3680290553636 End=3680290620340 Duration=66704
Task=40 Chunk=0 Start=3680289417388 End=3680289451848 Duration=34460
Task=40 Chunk=1 Start=3680290553628 End=3680290643409 Duration=89781
Task=40 Chunk=2 Start=3680290643433 End=3680290709991 Duration=66558
Task=41 Chunk=0 Start=3680289510900 End=3680289542891 Duration=31991
Task=41 Chunk=1 Start=3680290643437 End=3680290731161 Duration=87724
Task=41 Chunk=2 Start=3680290731191 End=3680290797295 Duration=66104
Task=42 Chunk=0 Start=3680289596667 End=3680289628617 Duration=31950
Task=42 Chunk=1 Start=3680290731185 End=3680290823914 Duration=92729
Task=42 Chunk=2 Start=3680290823945 End=3680290890484 Duration=66539
Task=43 Chunk=0 Start=3680289680541 End=3680289712689 Duration=32148
Task=43 Chunk=1 Start=3680290823951 End=3680290911941 Duration=87990
Task=43 Chunk=2 Start=3680290911962 End=3680290978493 Duration=66531
Task=44 Chunk=0 Start=3680289762546 End=3680289795673 Duration=33127
Task=44 Chunk=1 Start=3680290911964 End=3680290988791 Duration=76827
Task=44 Chunk=2 Start=3680290988830 End=3680291054388 Duration=65558
Task=45 Chunk=0 Start=3680289845187 End=3680289878505 Duration=33318
Task=45 Chunk=1 Start=3680290988823 End=3680291073828 Duration=85005
Task=45 Chunk=2 Start=3680291073841 End=3680291139056 Duration=65215
Task=46 Chunk=0 Start=3680289930788 End=3680289962862 Duration=32074
Task=46 Chunk=1 Start=3680291073837 End=3680291156617 Duration=82780
Task=46 Chunk=2 Start=3680291156632 End=3680291223023 Duration=66391
Task=47 Chunk=0 Start=3680290015223 End=3680290047112 Duration=31889
Task=47 Chunk=1 Start=3680291156626 End=3680291239267 Duration=82641
Task=47 Chunk=2 Start=3680291239283 End=3680291306134 Duration=66851
Task=48 Chunk=0 Start=3680290098091 End=3680290130511 Duration=32420
Task=48 Chunk=1 Start=3680291239282 End=3680291324749 Duration=85467
Task=48 Chunk=2 Start=3680291324765 End=3680291391735 Duration=66970
Task=49 Chunk=0 Start=3680290185562 End=3680290217899 Duration=32337
Task=49 Chunk=1 Start=3680291324765 End=3680291406735 Duration=81970
Task=49 Chunk=2 Start=3680291406752 End=3680291473443 Duration=66691
Task=50 Chunk=0 Start=3680290272659 End=3680290305028 Duration=32369
Task=50 Chunk=1 Start=3680291406751 End=3680291492312 Duration=85561
Task=50 Chunk=2 Start=3680291492349 End=3680291558861 Duration=66512
Task=51 Chunk=0 Start=3680290360469 End=3680290392833 Duration=32364
Task=51 Chunk=1 Start=3680291492342 End=3680291569125 Duration=76783
Task=51 Chunk=2 Start=3680291569134 End=3680291634295 Duration=65161
Task=52 Chunk=0 Start=3680290442921 End=3680290477247 Duration=34326
Task=52 Chunk=1 Start=3680291569135 End=3680291652083 Duration=82948
Task=52 Chunk=2 Start=3680291652119 End=3680291716607 Duration=64488
Task=53 Chunk=0 Start=3680290532866 End=3680290566549 Duration=33683
Task=53 Chunk=1 Start=3680291652115 End=3680291729774 Duration=77659
Task=53 Chunk=2 Start=3680291729788 End=3680291796787 Duration=66999
Task=54 Chunk=0 Start=3680290620382 End=3680290654755 Duration=34373
Task=54 Chunk=1 Start=3680291729784 End=3680291813082 Duration=83298
Task=54 Chunk=2 Start=3680291813104 End=3680291880200 Duration=67096
Task=55 Chunk=0 Start=3680290710016 End=3680290742415 Duration=32399
Task=55 Chunk=1 Start=3680291813104 End=3680291901113 Duration=88009
Task=55 Chunk=2 Start=3680291901135 End=3680291967080 Duration=65945
Task=56 Chunk=0 Start=3680290797323 End=3680290831915 Duration=34592
Task=56 Chunk=1 Start=3680291901137 End=3680291984150 Duration=83013
Task=56 Chunk=2 Start=3680291984166 End=3680292050279 Duration=66113
Task=57 Chunk=0 Start=3680290890509 End=3680290922879 Duration=32370
Task=57 Chunk=1 Start=3680291984163 End=3680292062884 Duration=78721
Task=57 Chunk=2 Start=3680292062896 End=3680292127262 Duration=64366
Task=58 Chunk=0 Start=3680290978509 End=3680291010543 Duration=32034
Task=58 Chunk=1 Start=3680292062896 End=3680292147208 Duration=84312
Task=58 Chunk=2 Start=3680292147219 End=3680292212259 Duration=65040
Task=59 Chunk=0 Start=3680291054421 End=3680291086176 Duration=31755
Task=59 Chunk=1 Start=3680292147223 End=3680292230696 Duration=83473
Task=59 Chunk=2 Start=3680292230720 End=3680292295876 Duration=65156
Task=60 Chunk=0 Start=3680291139094 End=3680291172480 Duration=33386
Task=60 Chunk=1 Start=3680292230709 End=3680292316954 Duration=86245
Task=60 Chunk=2 Start=3680292316998 End=3680292384179 Duration=67181
Task=61 Chunk=0 Start=3680291223053 End=3680291256194 Duration=33141
Task=61 Chunk=1 Start=3680292316986 End=3680292405553 Duration=88567
Task=61 Chunk=2 Start=3680292405588 End=3680292473081 Duration=67493
Task=62 Chunk=0 Start=3680291306155 End=3680291338307 Duration=32152
Task=62 Chunk=1 Start=3680292405583 End=3680292494276 Duration=88693
Task=62 Chunk=2 Start=3680292494308 End=3680292560319 Duration=66011
Task=63 Chunk=0 Start=3680291391784 End=3680291424001 Duration=32217
Task=63 Chunk=1 Start=3680292494301 End=3680292582492 Duration=88191
Task=63 Chunk=2 Start=3680292582516 End=3680292649618 Duration=67102
Task=64 Chunk=0 Start=3680291473474 End=3680291505440 Duration=31966
Task=64 Chunk=1 Start=3680292582516 End=3680292668577 Duration=86061
Task=64 Chunk=2 Start=3680292668605 End=3680292734678 Duration=66073
Task=65 Chunk=0 Start=3680291558897 End=3680291590829 Duration=31932
Task=65 Chunk=1 Start=3680292668604 End=3680292755037 Duration=86433
Task=65 Chunk=2 Start=3680292755065 End=3680292820949 Duration=65884
Task=66 Chunk=0 Start=3680291634340 End=3680291667734 Duration=33394
Task=66 Chunk=1 Start=3680292755069 End=3680292839066 Duration=83997
Task=66 Chunk=2 Start=3680292839105 End=3680292903818 Duration=64713
Task=67 Chunk=0 Start=3680291716628 End=3680291749944 Duration=33316
Task=67 Chunk=1 Start=3680292839102 End=3680292924103 Duration=85001
Task=67 Chunk=2 Start=3680292924131 End=3680292988888 Duration=64757
Task=68 Chunk=0 Start=3680291796801 End=3680291829706 Duration=32905
Task=68 Chunk=1 Start=3680292924123 End=3680293008823 Duration=84700
Task=68 Chunk=2 Start=3680293008846 End=3680293075180 Duration=66334
Task=69 Chunk=0 Start=3680291880221 End=3680291912404 Duration=32183
Task=69 Chunk=1 Start=3680293008851 End=3680293095039 Duration=86188
Task=69 Chunk=2 Start=3680293095123 End=3680293162204 Duration=67081
Task=70 Chunk=0 Start=3680291967100 End=3680291998929 Duration=31829
Task=70 Chunk=1 Start=3680293095115 End=3680293184808 Duration=89693
Task=70 Chunk=2 Start=3680293184830 End=3680293251641 Duration=66811
Task=71 Chunk=0 Start=3680292050317 End=3680292082070 Duration=31753
Task=71 Chunk=1 Start=3680293184834 End=3680293271730 Duration=86896
Task=71 Chunk=2 Start=3680293271763 End=3680293337602 Duration=65839
Task=72 Chunk=0 Start=3680292127297 End=3680292160889 Duration=33592
Task=72 Chunk=1 Start=3680293271756 End=3680293356474 Duration=84718
Task=72 Chunk=2 Start=3680293356521 End=3680293421930 Duration=65409
Task=73 Chunk=0 Start=3680292212309 End=3680292245158 Duration=32849
Task=73 Chunk=1 Start=3680293356520 End=3680293439575 Duration=83055
Task=73 Chunk=2 Start=3680293439614 End=3680293505251 Duration=65637
Task=74 Chunk=0 Start=3680292295901 End=3680292330056 Duration=34155
Task=74 Chunk=1 Start=3680293439613 End=3680293522470 Duration=82857
Task=74 Chunk=2 Start=3680293522495 End=3680293586824 Duration=64329
Task=75 Chunk=0 Start=3680292384213 End=3680292416748 Duration=32535
Task=75 Chunk=1 Start=3680293522495 End=3680293605691 Duration=83196
Task=75 Chunk=2 Start=3680293605721 End=3680293670858 Duration=65137
Task=76 Chunk=0 Start=3680292473121 End=3680292505349 Duration=32228
Task=76 Chunk=1 Start=3680293605714 End=3680293693017 Duration=87303
Task=76 Chunk=2 Start=3680293693055 End=3680293760559 Duration=67504
Task=77 Chunk=0 Start=3680292560340 End=3680292593245 Duration=32905
Task=77 Chunk=1 Start=3680293693050 End=3680293773884 Duration=80834
Task=77 Chunk=2 Start=3680293773914 End=3680293839853 Duration=65939
Task=78 Chunk=0 Start=3680292649647 End=3680292681668 Duration=32021
Task=78 Chunk=1 Start=3680293773907 End=3680293858894 Duration=84987
Task=78 Chunk=2 Start=3680293858919 End=3680293925463 Duration=66544
Task=79 Chunk=0 Start=3680292734723 End=3680292766834 Duration=32111
Task=79 Chunk=1 Start=3680293858914 End=3680293943060 Duration=84146
Task=79 Chunk=2 Start=3680293943071 End=3680294009499 Duration=66428
Task=80 Chunk=0 Start=3680292820969 End=3680292853083 Duration=32114
Task=80 Chunk=1 Start=3680293943069 End=3680294022157 Duration=79088
Task=80 Chunk=2 Start=3680294022208 End=3680294087077 Duration=64869
Task=81 Chunk=0 Start=3680292903843 End=3680292936770 Duration=32927
Task=81 Chunk=1 Start=3680294022197 End=3680294107257 Duration=85060
Task=81 Chunk=2 Start=3680294107293 End=3680294172132 Duration=64839
Task=82 Chunk=0 Start=3680292988920 End=3680293022650 Duration=33730
Task=82 Chunk=1 Start=3680294107298 End=3680294191261 Duration=83963
Task=82 Chunk=2 Start=3680294191293 End=3680294257055 Duration=65762
Task=83 Chunk=0 Start=3680293075203 End=3680293106953 Duration=31750
Task=83 Chunk=1 Start=3680294191285 End=3680294278217 Duration=86932
Task=83 Chunk=2 Start=3680294278254 End=3680294344862 Duration=66608
Task=84 Chunk=0 Start=3680293162239 End=3680293195150 Duration=32911
Task=84 Chunk=1 Start=3680294278248 End=3680294369882 Duration=91634
Task=84 Chunk=2 Start=3680294369915 End=3680294437423 Duration=67508
Task=85 Chunk=0 Start=3680293251670 End=3680293283762 Duration=32092
Task=85 Chunk=1 Start=3680294369908 End=3680294456592 Duration=86684
Task=85 Chunk=2 Start=3680294456620 End=3680294523068 Duration=66448
Task=86 Chunk=0 Start=3680293337614 End=3680293369417 Duration=31803
Task=86 Chunk=1 Start=3680294456616 End=3680294541293 Duration=84677
Task=86 Chunk=2 Start=3680294541310 End=3680294607120 Duration=65810
Task=87 Chunk=0 Start=3680293421961 End=3680293453925 Duration=31964
Task=87 Chunk=1 Start=3680294541304 End=3680294624705 Duration=83401
Task=87 Chunk=2 Start=3680294624723 End=3680294690435 Duration=65712
Task=88 Chunk=0 Start=3680293505280 End=3680293537170 Duration=31890
Task=88 Chunk=1 Start=3680294624718 End=3680294708245 Duration=83527
Task=88 Chunk=2 Start=3680294708267 End=3680294773088 Duration=64821
Task=89 Chunk=0 Start=3680293586834 End=3680293620244 Duration=33410
Task=89 Chunk=1 Start=3680294708261 End=3680294791347 Duration=83086
Task=89 Chunk=2 Start=3680294791375 End=3680294856086 Duration=64711
Task=90 Chunk=0 Start=3680293670895 End=3680293705365 Duration=34470
Task=90 Chunk=1 Start=3680294791373 End=3680294875032 Duration=83659
Task=90 Chunk=2 Start=3680294875043 End=3680294941592 Duration=66549
Task=91 Chunk=0 Start=3680293760580 End=3680293792546 Duration=31966
Task=91 Chunk=1 Start=3680294875043 End=3680294956178 Duration=81135
Task=91 Chunk=2 Start=3680294956189 End=3680295022748 Duration=66559
Task=92 Chunk=0 Start=3680293839891 End=3680293871829 Duration=31938
Task=92 Chunk=1 Start=3680294956187 End=3680295037705 Duration=81518
Task=92 Chunk=2 Start=3680295037717 End=3680295103863 Duration=66146
Task=93 Chunk=0 Start=3680293925481 End=3680293957323 Duration=31842
Task=93 Chunk=1 Start=3680295037722 End=3680295118877 Duration=81155
Task=93 Chunk=2 Start=3680295118895 End=3680295184420 Duration=65525
Task=94 Chunk=0 Start=3680294009528 End=3680294041688 Duration=32160
Task=94 Chunk=1 Start=3680295118893 End=3680295199224 Duration=80331
Task=94 Chunk=2 Start=3680295199238 End=3680295263576 Duration=64338
Task=95 Chunk=0 Start=3680294087099 End=3680294120220 Duration=33121
Task=95 Chunk=1 Start=3680295199239 End=3680295277845 Duration=78606
Task=95 Chunk=2 Start=3680295277860 End=3680295342828 Duration=64968
Task=96 Chunk=0 Start=3680294172176 End=3680294205635 Duration=33459
Task=96 Chunk=1 Start=3680295277855 End=3680295353411 Duration=75556
Task=96 Chunk=2 Start=3680295353439 End=3680295419008 Duration=65569
Task=97 Chunk=0 Start=3680294257091 End=3680294289542 Duration=32451
Task=97 Chunk=1 Start=3680295353428 End=3680295434801 Duration=81373
Task=97 Chunk=2 Start=3680295434849 End=3680295500636 Duration=65787
Task=98 Chunk=0 Start=3680294344901 End=3680294378783 Duration=33882
Task=98 Chunk=1 Start=3680295434843 End=3680295522229 Duration=87386
Task=98 Chunk=2 Start=3680295522257 End=3680295587958 Duration=65701
Task=99 Chunk=0 Start=3680294437461 End=3680294469582 Duration=32121
Task=99 Chunk=1 Start=3680295522253 End=3680295606871 Duration=84618
Task=99 Chunk=2 Start=3680295606881 End=3680295673076 Duration=66195
### Python End ###

--------------------------------
[2025-06-26 13:49:59.206] [info] Available Vulkan Layers:
[2025-06-26 13:49:59.206] [warning] Validation layer requested but not available, continuing without it...
[2025-06-26 13:49:59.213] [info] Using integrated GPU: Mali-G710
[2025-06-26 13:49:59.217] [info] VulkanDispatcher instance created.
[2025-06-26 13:49:59.430] [info] Total memory used: 40550404 bytes (38.67188 MB)
[2025-06-26 13:49:59.436] [info] Total memory used: 40550404 bytes (38.67188 MB)
[2025-06-26 13:49:59.495] [info] Total memory used: 40550404 bytes (38.67188 MB)
[2025-06-26 13:49:59.501] [info] Total memory used: 40550404 bytes (38.67188 MB)
[2025-06-26 13:49:59.507] [info] Total memory used: 40550404 bytes (38.67188 MB)
[2025-06-26 13:49:59.606] [info] Total memory used: 40550404 bytes (38.67188 MB)
[2025-06-26 13:49:59.612] [info] Total memory used: 40550404 bytes (38.67188 MB)
[2025-06-26 13:49:59.618] [info] Total memory used: 40550404 bytes (38.67188 MB)
[2025-06-26 13:49:59.624] [info] Total memory used: 40550404 bytes (38.67188 MB)
[2025-06-26 13:49:59.630] [info] Total memory used: 40550404 bytes (38.67188 MB)
[2025-06-26 13:49:59.713] [info] Total memory used: 40550404 bytes (38.67188 MB)
[2025-06-26 13:49:59.721] [info] Total memory used: 40550404 bytes (38.67188 MB)
[2025-06-26 13:49:59.727] [info] Total memory used: 40550404 bytes (38.67188 MB)
[2025-06-26 13:49:59.733] [info] Total memory used: 40550404 bytes (38.67188 MB)
[2025-06-26 13:49:59.739] [info] Total memory used: 40550404 bytes (38.67188 MB)
[2025-06-26 13:49:59.745] [info] Total memory used: 40550404 bytes (38.67188 MB)
### Python Begin ###
Schedule_UID=SCH-B2G2L2M1-G221-c4f1
Frequency=24576000 Hz
Task=0 Chunk=0 Start=3680311765722 End=3680311807483 Duration=41761
Task=0 Chunk=1 Start=3680311807493 End=3680311973818 Duration=166325
Task=0 Chunk=2 Start=3680311973846 End=3680312054078 Duration=80232
Task=0 Chunk=3 Start=3680312054110 End=3680312058102 Duration=3992
Task=1 Chunk=0 Start=3680311807491 End=3680311839602 Duration=32111
Task=1 Chunk=1 Start=3680311973838 End=3680312056730 Duration=82892
Task=1 Chunk=2 Start=3680312056785 End=3680312097602 Duration=40817
Task=1 Chunk=3 Start=3680312097616 End=3680312097954 Duration=338
Task=2 Chunk=0 Start=3680311839605 End=3680311871178 Duration=31573
Task=2 Chunk=1 Start=3680312056745 End=3680312203803 Duration=147058
Task=2 Chunk=2 Start=3680312203874 End=3680312246931 Duration=43057
Task=2 Chunk=3 Start=3680312246953 End=3680312247312 Duration=359
Task=3 Chunk=0 Start=3680311871179 End=3680311903810 Duration=32631
Task=3 Chunk=1 Start=3680312203808 End=3680312278712 Duration=74904
Task=3 Chunk=2 Start=3680312278778 End=3680312332520 Duration=53742
Task=3 Chunk=3 Start=3680312332541 End=3680312332873 Duration=332
Task=4 Chunk=0 Start=3680311903811 End=3680311935503 Duration=31692
Task=4 Chunk=1 Start=3680312278713 End=3680312352999 Duration=74286
Task=4 Chunk=2 Start=3680312353044 End=3680312391777 Duration=38733
Task=4 Chunk=3 Start=3680312391800 End=3680312392089 Duration=289
Task=5 Chunk=0 Start=3680311935505 End=3680311966864 Duration=31359
Task=5 Chunk=1 Start=3680312353000 End=3680312429330 Duration=76330
Task=5 Chunk=2 Start=3680312429417 End=3680312465312 Duration=35895
Task=5 Chunk=3 Start=3680312465324 End=3680312465493 Duration=169
Task=6 Chunk=0 Start=3680311966865 End=3680311999923 Duration=33058
Task=6 Chunk=1 Start=3680312429331 End=3680312504044 Duration=74713
Task=6 Chunk=2 Start=3680312504083 End=3680312542590 Duration=38507
Task=6 Chunk=3 Start=3680312542602 End=3680312542721 Duration=119
Task=7 Chunk=0 Start=3680311999924 End=3680312031574 Duration=31650
Task=7 Chunk=1 Start=3680312504069 End=3680312582768 Duration=78699
Task=7 Chunk=2 Start=3680312582812 End=3680312621615 Duration=38803
Task=7 Chunk=3 Start=3680312621625 End=3680312621749 Duration=124
Task=8 Chunk=0 Start=3680312031575 End=3680312064594 Duration=33019
Task=8 Chunk=1 Start=3680312582796 End=3680312658158 Duration=75362
Task=8 Chunk=2 Start=3680312658207 End=3680312706328 Duration=48121
Task=8 Chunk=3 Start=3680312706345 End=3680312706425 Duration=80
Task=9 Chunk=0 Start=3680312064600 End=3680312097752 Duration=33152
Task=9 Chunk=1 Start=3680312658194 End=3680312733740 Duration=75546
Task=9 Chunk=2 Start=3680312733814 End=3680312776709 Duration=42895
Task=9 Chunk=3 Start=3680312776724 End=3680312776839 Duration=115
Task=10 Chunk=0 Start=3680312097759 End=3680312129139 Duration=31380
Task=10 Chunk=1 Start=3680312733760 End=3680312810482 Duration=76722
Task=10 Chunk=2 Start=3680312810510 End=3680312849052 Duration=38542
Task=10 Chunk=3 Start=3680312849062 End=3680312849141 Duration=79
Task=11 Chunk=0 Start=3680312129145 End=3680312160694 Duration=31549
Task=11 Chunk=1 Start=3680312810496 End=3680312886059 Duration=75563
Task=11 Chunk=2 Start=3680312886096 End=3680312924836 Duration=38740
Task=11 Chunk=3 Start=3680312924846 End=3680312924935 Duration=89
Task=12 Chunk=0 Start=3680312160695 End=3680312193383 Duration=32688
Task=12 Chunk=1 Start=3680312886087 End=3680312962738 Duration=76651
Task=12 Chunk=2 Start=3680312962793 End=3680313002929 Duration=40136
Task=12 Chunk=3 Start=3680313002949 End=3680313003035 Duration=86
Task=13 Chunk=0 Start=3680312193384 End=3680312226209 Duration=32825
Task=13 Chunk=1 Start=3680312962761 End=3680313038930 Duration=76169
Task=13 Chunk=2 Start=3680313039001 End=3680313077214 Duration=38213
Task=13 Chunk=3 Start=3680313077223 End=3680313077423 Duration=200
Task=14 Chunk=0 Start=3680312226218 End=3680312257857 Duration=31639
Task=14 Chunk=1 Start=3680313038937 End=3680313113133 Duration=74196
Task=14 Chunk=2 Start=3680313113224 End=3680313151840 Duration=38616
Task=14 Chunk=3 Start=3680313151854 End=3680313151930 Duration=76
Task=15 Chunk=0 Start=3680312257866 End=3680312291692 Duration=33826
Task=15 Chunk=1 Start=3680313113161 End=3680313189351 Duration=76190
Task=15 Chunk=2 Start=3680313189416 End=3680313228107 Duration=38691
Task=15 Chunk=3 Start=3680313228120 End=3680313228225 Duration=105
Task=16 Chunk=0 Start=3680312291693 End=3680312323319 Duration=31626
Task=16 Chunk=1 Start=3680313189379 End=3680313265031 Duration=75652
Task=16 Chunk=2 Start=3680313265081 End=3680313304108 Duration=39027
Task=16 Chunk=3 Start=3680313304118 End=3680313304211 Duration=93
Task=17 Chunk=0 Start=3680312323321 End=3680312355432 Duration=32111
Task=17 Chunk=1 Start=3680313265056 End=3680313341487 Duration=76431
Task=17 Chunk=2 Start=3680313341550 End=3680313386506 Duration=44956
Task=17 Chunk=3 Start=3680313386521 End=3680313386622 Duration=101
Task=18 Chunk=0 Start=3680312355433 End=3680312389978 Duration=34545
Task=18 Chunk=1 Start=3680313341509 End=3680313418688 Duration=77179
Task=18 Chunk=2 Start=3680313418742 End=3680313457068 Duration=38326
Task=18 Chunk=3 Start=3680313457101 End=3680313457174 Duration=73
Task=19 Chunk=0 Start=3680312392103 End=3680312423915 Duration=31812
Task=19 Chunk=1 Start=3680313418709 End=3680313494597 Duration=75888
Task=19 Chunk=2 Start=3680313494636 End=3680313533968 Duration=39332
Task=19 Chunk=3 Start=3680313533982 End=3680313534083 Duration=101
Task=20 Chunk=0 Start=3680312465502 End=3680312498108 Duration=32606
Task=20 Chunk=1 Start=3680313494619 End=3680313572185 Duration=77566
Task=20 Chunk=2 Start=3680313572219 End=3680313610577 Duration=38358
Task=20 Chunk=3 Start=3680313610590 End=3680313610674 Duration=84
Task=21 Chunk=0 Start=3680312542732 End=3680312574389 Duration=31657
Task=21 Chunk=1 Start=3680313572211 End=3680313650781 Duration=78570
Task=21 Chunk=2 Start=3680313650819 End=3680313693107 Duration=42288
Task=21 Chunk=3 Start=3680313693127 End=3680313693210 Duration=83
Task=22 Chunk=0 Start=3680312621768 End=3680312653301 Duration=31533
Task=22 Chunk=1 Start=3680313650813 End=3680313726817 Duration=76004
Task=22 Chunk=2 Start=3680313726837 End=3680313765017 Duration=38180
Task=22 Chunk=3 Start=3680313765036 End=3680313765189 Duration=153
Task=23 Chunk=0 Start=3680312706441 End=3680312739288 Duration=32847
Task=23 Chunk=1 Start=3680313726830 End=3680313802260 Duration=75430
Task=23 Chunk=2 Start=3680313802330 End=3680313840899 Duration=38569
Task=23 Chunk=3 Start=3680313840909 End=3680313840999 Duration=90
Task=24 Chunk=0 Start=3680312776858 End=3680312808190 Duration=31332
Task=24 Chunk=1 Start=3680313802283 End=3680313877875 Duration=75592
Task=24 Chunk=2 Start=3680313877919 End=3680313912038 Duration=34119
Task=24 Chunk=3 Start=3680313912054 End=3680313912198 Duration=144
Task=25 Chunk=0 Start=3680312849157 End=3680312881600 Duration=32443
Task=25 Chunk=1 Start=3680313877876 End=3680313955556 Duration=77680
Task=25 Chunk=2 Start=3680313955646 End=3680313994088 Duration=38442
Task=25 Chunk=3 Start=3680313994105 End=3680313994199 Duration=94
Task=26 Chunk=0 Start=3680312924948 End=3680312956488 Duration=31540
Task=26 Chunk=1 Start=3680313955609 End=3680314029235 Duration=73626
Task=26 Chunk=2 Start=3680314029252 End=3680314077070 Duration=47818
Task=26 Chunk=3 Start=3680314077088 End=3680314077210 Duration=122
Task=27 Chunk=0 Start=3680313003039 End=3680313034655 Duration=31616
Task=27 Chunk=1 Start=3680314029242 End=3680314104321 Duration=75079
Task=27 Chunk=2 Start=3680314104362 End=3680314142113 Duration=37751
Task=27 Chunk=3 Start=3680314142133 End=3680314142205 Duration=72
Task=28 Chunk=0 Start=3680313077445 End=3680313108970 Duration=31525
Task=28 Chunk=1 Start=3680314104344 End=3680314179433 Duration=75089
Task=28 Chunk=2 Start=3680314179458 End=3680314213615 Duration=34157
Task=28 Chunk=3 Start=3680314213626 End=3680314213777 Duration=151
Task=29 Chunk=0 Start=3680313151948 End=3680313184507 Duration=32559
Task=29 Chunk=1 Start=3680314179443 End=3680314255589 Duration=76146
Task=29 Chunk=2 Start=3680314255654 End=3680314293841 Duration=38187
Task=29 Chunk=3 Start=3680314293872 End=3680314293972 Duration=100
Task=30 Chunk=0 Start=3680313228230 End=3680313262348 Duration=34118
Task=30 Chunk=1 Start=3680314255636 End=3680314333310 Duration=77674
Task=30 Chunk=2 Start=3680314333376 End=3680314379662 Duration=46286
Task=30 Chunk=3 Start=3680314379685 End=3680314379786 Duration=101
Task=31 Chunk=0 Start=3680313304219 End=3680313335915 Duration=31696
Task=31 Chunk=1 Start=3680314333337 End=3680314409215 Duration=75878
Task=31 Chunk=2 Start=3680314409240 End=3680314449902 Duration=40662
Task=31 Chunk=3 Start=3680314449932 End=3680314450033 Duration=101
Task=32 Chunk=0 Start=3680313386629 End=3680313418016 Duration=31387
Task=32 Chunk=1 Start=3680314409240 End=3680314485417 Duration=76177
Task=32 Chunk=2 Start=3680314485498 End=3680314523926 Duration=38428
Task=32 Chunk=3 Start=3680314523939 End=3680314524012 Duration=73
Task=33 Chunk=0 Start=3680313457189 End=3680313489591 Duration=32402
Task=33 Chunk=1 Start=3680314485440 End=3680314560989 Duration=75549
Task=33 Chunk=2 Start=3680314561068 End=3680314599581 Duration=38513
Task=33 Chunk=3 Start=3680314599592 End=3680314599687 Duration=95
Task=34 Chunk=0 Start=3680313534089 End=3680313566636 Duration=32547
Task=34 Chunk=1 Start=3680314561021 End=3680314636235 Duration=75214
Task=34 Chunk=2 Start=3680314636303 End=3680314676919 Duration=40616
Task=34 Chunk=3 Start=3680314676939 End=3680314677057 Duration=118
Task=35 Chunk=0 Start=3680313610692 End=3680313642232 Duration=31540
Task=35 Chunk=1 Start=3680314636253 End=3680314714244 Duration=77991
Task=35 Chunk=2 Start=3680314714293 End=3680314752480 Duration=38187
Task=35 Chunk=3 Start=3680314752512 End=3680314752606 Duration=94
Task=36 Chunk=0 Start=3680313693220 End=3680313724611 Duration=31391
Task=36 Chunk=1 Start=3680314714246 End=3680314789679 Duration=75433
Task=36 Chunk=2 Start=3680314789738 End=3680314827632 Duration=37894
Task=36 Chunk=3 Start=3680314827646 End=3680314827735 Duration=89
Task=37 Chunk=0 Start=3680313765205 End=3680313797081 Duration=31876
Task=37 Chunk=1 Start=3680314789700 End=3680314865412 Duration=75712
Task=37 Chunk=2 Start=3680314865458 End=3680314899454 Duration=33996
Task=37 Chunk=3 Start=3680314899470 End=3680314899575 Duration=105
Task=38 Chunk=0 Start=3680313841014 End=3680313873366 Duration=32352
Task=38 Chunk=1 Start=3680314865413 End=3680314942842 Duration=77429
Task=38 Chunk=2 Start=3680314944277 End=3680314981509 Duration=37232
Task=38 Chunk=3 Start=3680314981532 End=3680314981620 Duration=88
Task=39 Chunk=0 Start=3680313912218 End=3680313943762 Duration=31544
Task=39 Chunk=1 Start=3680314942878 End=3680315019520 Duration=76642
Task=39 Chunk=2 Start=3680315019601 End=3680315061354 Duration=41753
Task=39 Chunk=3 Start=3680315061384 End=3680315061463 Duration=79
Task=40 Chunk=0 Start=3680313994208 End=3680314025730 Duration=31522
Task=40 Chunk=1 Start=3680315019549 End=3680315095823 Duration=76274
Task=40 Chunk=2 Start=3680315095874 End=3680315136440 Duration=40566
Task=40 Chunk=3 Start=3680315136464 End=3680315136556 Duration=92
Task=41 Chunk=0 Start=3680314077219 End=3680314110241 Duration=33022
Task=41 Chunk=1 Start=3680315095850 End=3680315173288 Duration=77438
Task=41 Chunk=2 Start=3680315173367 End=3680315212772 Duration=39405
Task=41 Chunk=3 Start=3680315212783 End=3680315212874 Duration=91
Task=42 Chunk=0 Start=3680314142225 End=3680314174583 Duration=32358
Task=42 Chunk=1 Start=3680315173317 End=3680315251119 Duration=77802
Task=42 Chunk=2 Start=3680315251158 End=3680315289681 Duration=38523
Task=42 Chunk=3 Start=3680315289697 End=3680315289783 Duration=86
Task=43 Chunk=0 Start=3680314213784 End=3680314245383 Duration=31599
Task=43 Chunk=1 Start=3680315251141 End=3680315329320 Duration=78179
Task=43 Chunk=2 Start=3680315329375 End=3680315369665 Duration=40290
Task=43 Chunk=3 Start=3680315369680 End=3680315369769 Duration=89
Task=44 Chunk=0 Start=3680314293992 End=3680314325537 Duration=31545
Task=44 Chunk=1 Start=3680315329344 End=3680315405993 Duration=76649
Task=44 Chunk=2 Start=3680315406065 End=3680315448364 Duration=42299
Task=44 Chunk=3 Start=3680315448383 End=3680315448482 Duration=99
Task=45 Chunk=0 Start=3680314379793 End=3680314411614 Duration=31821
Task=45 Chunk=1 Start=3680315406022 End=3680315482109 Duration=76087
Task=45 Chunk=2 Start=3680315482167 End=3680315518011 Duration=35844
Task=45 Chunk=3 Start=3680315518024 End=3680315518178 Duration=154
Task=46 Chunk=0 Start=3680314450049 End=3680314481498 Duration=31449
Task=46 Chunk=1 Start=3680315482122 End=3680315557325 Duration=75203
Task=46 Chunk=2 Start=3680315557358 End=3680315595924 Duration=38566
Task=46 Chunk=3 Start=3680315595945 End=3680315596033 Duration=88
Task=47 Chunk=0 Start=3680314524023 End=3680314556411 Duration=32388
Task=47 Chunk=1 Start=3680315557349 End=3680315632440 Duration=75091
Task=47 Chunk=2 Start=3680315632516 End=3680315666598 Duration=34082
Task=47 Chunk=3 Start=3680315666625 End=3680315666710 Duration=85
Task=48 Chunk=0 Start=3680314599703 End=3680314631291 Duration=31588
Task=48 Chunk=1 Start=3680315632446 End=3680315707497 Duration=75051
Task=48 Chunk=2 Start=3680315707559 End=3680315747543 Duration=39984
Task=48 Chunk=3 Start=3680315747554 End=3680315747656 Duration=102
Task=49 Chunk=0 Start=3680314677062 End=3680314708691 Duration=31629
Task=49 Chunk=1 Start=3680315707518 End=3680315785427 Duration=77909
Task=49 Chunk=2 Start=3680315785511 End=3680315827803 Duration=42292
Task=49 Chunk=3 Start=3680315827810 End=3680315827905 Duration=95
Task=50 Chunk=0 Start=3680314752625 End=3680314784492 Duration=31867
Task=50 Chunk=1 Start=3680315785455 End=3680315861129 Duration=75674
Task=50 Chunk=2 Start=3680315861202 End=3680315900854 Duration=39652
Task=50 Chunk=3 Start=3680315900872 End=3680315900949 Duration=77
Task=51 Chunk=0 Start=3680314827754 End=3680314859949 Duration=32195
Task=51 Chunk=1 Start=3680315861151 End=3680315937319 Duration=76168
Task=51 Chunk=2 Start=3680315937382 End=3680315976537 Duration=39155
Task=51 Chunk=3 Start=3680315976550 End=3680315976669 Duration=119
Task=52 Chunk=0 Start=3680314899589 End=3680314931130 Duration=31541
Task=52 Chunk=1 Start=3680315937337 End=3680316017501 Duration=80164
Task=52 Chunk=2 Start=3680316017594 End=3680316056480 Duration=38886
Task=52 Chunk=3 Start=3680316056505 End=3680316056585 Duration=80
Task=53 Chunk=0 Start=3680314981627 End=3680315013261 Duration=31634
Task=53 Chunk=1 Start=3680316017543 End=3680316092365 Duration=74822
Task=53 Chunk=2 Start=3680316092434 End=3680316134579 Duration=42145
Task=53 Chunk=3 Start=3680316134605 End=3680316134698 Duration=93
Task=54 Chunk=0 Start=3680315061467 End=3680315092851 Duration=31384
Task=54 Chunk=1 Start=3680316092381 End=3680316167782 Duration=75401
Task=54 Chunk=2 Start=3680316167863 End=3680316206392 Duration=38529
Task=54 Chunk=3 Start=3680316206401 End=3680316206473 Duration=72
Task=55 Chunk=0 Start=3680315136575 End=3680315167897 Duration=31322
Task=55 Chunk=1 Start=3680316167810 End=3680316244358 Duration=76548
Task=55 Chunk=2 Start=3680316244394 End=3680316283102 Duration=38708
Task=55 Chunk=3 Start=3680316283124 End=3680316283207 Duration=83
Task=56 Chunk=0 Start=3680315212878 End=3680315245468 Duration=32590
Task=56 Chunk=1 Start=3680316244391 End=3680316322590 Duration=78199
Task=56 Chunk=2 Start=3680316322664 End=3680316361520 Duration=38856
Task=56 Chunk=3 Start=3680316361530 End=3680316361612 Duration=82
Task=57 Chunk=0 Start=3680315289790 End=3680315321436 Duration=31646
Task=57 Chunk=1 Start=3680316322624 End=3680316396330 Duration=73706
Task=57 Chunk=2 Start=3680316396357 End=3680316440195 Duration=43838
Task=57 Chunk=3 Start=3680316440208 End=3680316440569 Duration=361
Task=58 Chunk=0 Start=3680315369779 End=3680315401332 Duration=31553
Task=58 Chunk=1 Start=3680316396331 End=3680316470973 Duration=74642
Task=58 Chunk=2 Start=3680316471062 End=3680316511895 Duration=40833
Task=58 Chunk=3 Start=3680316511908 End=3680316512015 Duration=107
Task=59 Chunk=0 Start=3680315448501 End=3680315479891 Duration=31390
Task=59 Chunk=1 Start=3680316471002 End=3680316546955 Duration=75953
Task=59 Chunk=2 Start=3680316546987 End=3680316581105 Duration=34118
Task=59 Chunk=3 Start=3680316581113 End=3680316581232 Duration=119
Task=60 Chunk=0 Start=3680315518200 End=3680315551341 Duration=33141
Task=60 Chunk=1 Start=3680316546967 End=3680316622401 Duration=75434
Task=60 Chunk=2 Start=3680316622433 End=3680316660861 Duration=38428
Task=60 Chunk=3 Start=3680316660889 End=3680316660997 Duration=108
Task=61 Chunk=0 Start=3680315596048 End=3680315628509 Duration=32461
Task=61 Chunk=1 Start=3680316622416 End=3680316696729 Duration=74313
Task=61 Chunk=2 Start=3680316696757 End=3680316740711 Duration=43954
Task=61 Chunk=3 Start=3680316740728 End=3680316740887 Duration=159
Task=62 Chunk=0 Start=3680315666721 End=3680315698399 Duration=31678
Task=62 Chunk=1 Start=3680316696746 End=3680316771935 Duration=75189
Task=62 Chunk=2 Start=3680316771971 End=3680316812732 Duration=40761
Task=62 Chunk=3 Start=3680316812749 End=3680316812845 Duration=96
Task=63 Chunk=0 Start=3680315747660 End=3680315779376 Duration=31716
Task=63 Chunk=1 Start=3680316771958 End=3680316848252 Duration=76294
Task=63 Chunk=2 Start=3680316848298 End=3680316882469 Duration=34171
Task=63 Chunk=3 Start=3680316882491 End=3680316882664 Duration=173
Task=64 Chunk=0 Start=3680315827913 End=3680315859336 Duration=31423
Task=64 Chunk=1 Start=3680316848253 End=3680316923740 Duration=75487
Task=64 Chunk=2 Start=3680316923826 End=3680316962201 Duration=38375
Task=64 Chunk=3 Start=3680316962224 End=3680316962363 Duration=139
Task=65 Chunk=0 Start=3680315900969 End=3680315933318 Duration=32349
Task=65 Chunk=1 Start=3680316923787 End=3680316998221 Duration=74434
Task=65 Chunk=2 Start=3680317007159 End=3680317043340 Duration=36181
Task=65 Chunk=3 Start=3680317043362 End=3680317043462 Duration=100
Task=66 Chunk=0 Start=3680315976685 End=3680316008250 Duration=31565
Task=66 Chunk=1 Start=3680316998243 End=3680317076242 Duration=77999
Task=66 Chunk=2 Start=3680317076298 End=3680317116472 Duration=40174
Task=66 Chunk=3 Start=3680317116498 End=3680317116589 Duration=91
Task=67 Chunk=0 Start=3680316056593 End=3680316088262 Duration=31669
Task=67 Chunk=1 Start=3680317076261 End=3680317152316 Duration=76055
Task=67 Chunk=2 Start=3680317152356 End=3680317186537 Duration=34181
Task=67 Chunk=3 Start=3680317186545 End=3680317186659 Duration=114
Task=68 Chunk=0 Start=3680316134716 End=3680316166512 Duration=31796
Task=68 Chunk=1 Start=3680317152317 End=3680317228182 Duration=75865
Task=68 Chunk=2 Start=3680317228263 End=3680317268706 Duration=40443
Task=68 Chunk=3 Start=3680317268726 End=3680317268833 Duration=107
Task=69 Chunk=0 Start=3680316206483 End=3680316238770 Duration=32287
Task=69 Chunk=1 Start=3680317228213 End=3680317304481 Duration=76268
Task=69 Chunk=2 Start=3680317304499 End=3680317338640 Duration=34141
Task=69 Chunk=3 Start=3680317338655 End=3680317338784 Duration=129
Task=70 Chunk=0 Start=3680316283218 End=3680316315888 Duration=32670
Task=70 Chunk=1 Start=3680317304482 End=3680317379260 Duration=74778
Task=70 Chunk=2 Start=3680317379697 End=3680317419629 Duration=39932
Task=70 Chunk=3 Start=3680317419641 End=3680317419757 Duration=116
Task=71 Chunk=0 Start=3680316361629 End=3680316393399 Duration=31770
Task=71 Chunk=1 Start=3680317379297 End=3680317455630 Duration=76333
Task=71 Chunk=2 Start=3680317455714 End=3680317498811 Duration=43097
Task=71 Chunk=3 Start=3680317498835 End=3680317498913 Duration=78
Task=72 Chunk=0 Start=3680316440580 End=3680316472185 Duration=31605
Task=72 Chunk=1 Start=3680317455663 End=3680317534007 Duration=78344
Task=72 Chunk=2 Start=3680317534042 End=3680317572719 Duration=38677
Task=72 Chunk=3 Start=3680317572733 End=3680317572844 Duration=111
Task=73 Chunk=0 Start=3680316512023 End=3680316543836 Duration=31813
Task=73 Chunk=1 Start=3680317534034 End=3680317611782 Duration=77748
Task=73 Chunk=2 Start=3680317611853 End=3680317650961 Duration=39108
Task=73 Chunk=3 Start=3680317650977 End=3680317651083 Duration=106
Task=74 Chunk=0 Start=3680316581241 End=3680316613907 Duration=32666
Task=74 Chunk=1 Start=3680317611821 End=3680317695411 Duration=83590
Task=74 Chunk=2 Start=3680317695488 End=3680317733840 Duration=38352
Task=74 Chunk=3 Start=3680317733860 End=3680317733946 Duration=86
Task=75 Chunk=0 Start=3680316661008 End=3680316692678 Duration=31670
Task=75 Chunk=1 Start=3680317695435 End=3680317771054 Duration=75619
Task=75 Chunk=2 Start=3680317771089 End=3680317812095 Duration=41006
Task=75 Chunk=3 Start=3680317812117 End=3680317812207 Duration=90
Task=76 Chunk=0 Start=3680316740903 End=3680316772844 Duration=31941
Task=76 Chunk=1 Start=3680317771074 End=3680317849435 Duration=78361
Task=76 Chunk=2 Start=3680317849494 End=3680317890455 Duration=40961
Task=76 Chunk=3 Start=3680317890476 End=3680317890560 Duration=84
Task=77 Chunk=0 Start=3680316812859 End=3680316844220 Duration=31361
Task=77 Chunk=1 Start=3680317849455 End=3680317924905 Duration=75450
Task=77 Chunk=2 Start=3680317924925 End=3680317963619 Duration=38694
Task=77 Chunk=3 Start=3680317963634 End=3680317963728 Duration=94
Task=78 Chunk=0 Start=3680316882673 End=3680316915571 Duration=32898
Task=78 Chunk=1 Start=3680317924925 End=3680318001561 Duration=76636
Task=78 Chunk=2 Start=3680318001589 End=3680318040369 Duration=38780
Task=78 Chunk=3 Start=3680318040381 End=3680318040462 Duration=81
Task=79 Chunk=0 Start=3680316962378 End=3680316994205 Duration=31827
Task=79 Chunk=1 Start=3680318001584 End=3680318077115 Duration=75531
Task=79 Chunk=2 Start=3680318077161 End=3680318118391 Duration=41230
Task=79 Chunk=3 Start=3680318118406 End=3680318118496 Duration=90
Task=80 Chunk=0 Start=3680317043478 End=3680317074867 Duration=31389
Task=80 Chunk=1 Start=3680318077149 End=3680318154710 Duration=77561
Task=80 Chunk=2 Start=3680318154722 End=3680318198977 Duration=44255
Task=80 Chunk=3 Start=3680318199010 End=3680318199304 Duration=294
Task=81 Chunk=0 Start=3680317116606 End=3680317148449 Duration=31843
Task=81 Chunk=1 Start=3680318154711 End=3680318229463 Duration=74752
Task=81 Chunk=2 Start=3680318229535 End=3680318267896 Duration=38361
Task=81 Chunk=3 Start=3680318267908 End=3680318268037 Duration=129
Task=82 Chunk=0 Start=3680317186679 End=3680317219614 Duration=32935
Task=82 Chunk=1 Start=3680318229489 End=3680318306586 Duration=77097
Task=82 Chunk=2 Start=3680318306655 End=3680318345440 Duration=38785
Task=82 Chunk=3 Start=3680318345457 End=3680318345581 Duration=124
Task=83 Chunk=0 Start=3680317268853 End=3680317301540 Duration=32687
Task=83 Chunk=1 Start=3680318306614 End=3680318384272 Duration=77658
Task=83 Chunk=2 Start=3680318384351 End=3680318423656 Duration=39305
Task=83 Chunk=3 Start=3680318423679 End=3680318423810 Duration=131
Task=84 Chunk=0 Start=3680317338798 End=3680317370446 Duration=31648
Task=84 Chunk=1 Start=3680318384290 End=3680318460301 Duration=76011
Task=84 Chunk=2 Start=3680318460391 End=3680318506914 Duration=46523
Task=84 Chunk=3 Start=3680318506933 End=3680318507020 Duration=87
Task=85 Chunk=0 Start=3680317419770 End=3680317451407 Duration=31637
Task=85 Chunk=1 Start=3680318460327 End=3680318536486 Duration=76159
Task=85 Chunk=2 Start=3680318536549 End=3680318577211 Duration=40662
Task=85 Chunk=3 Start=3680318577222 End=3680318577398 Duration=176
Task=86 Chunk=0 Start=3680317498934 End=3680317530524 Duration=31590
Task=86 Chunk=1 Start=3680318536499 End=3680318615618 Duration=79119
Task=86 Chunk=2 Start=3680318615691 End=3680318649985 Duration=34294
Task=86 Chunk=3 Start=3680318650002 End=3680318650076 Duration=74
Task=87 Chunk=0 Start=3680317572851 End=3680317605226 Duration=32375
Task=87 Chunk=1 Start=3680318615633 End=3680318693761 Duration=78128
Task=87 Chunk=2 Start=3680318693837 End=3680318727954 Duration=34117
Task=87 Chunk=3 Start=3680318727984 End=3680318728092 Duration=108
Task=88 Chunk=0 Start=3680317651101 End=3680317682737 Duration=31636
Task=88 Chunk=1 Start=3680318693781 End=3680318765185 Duration=71404
Task=88 Chunk=2 Start=3680318765209 End=3680318801053 Duration=35844
Task=88 Chunk=3 Start=3680318801071 End=3680318801153 Duration=82
Task=89 Chunk=0 Start=3680317733953 End=3680317765441 Duration=31488
Task=89 Chunk=1 Start=3680318765186 End=3680318835175 Duration=69989
Task=89 Chunk=2 Start=3680318835239 End=3680318871495 Duration=36256
Task=89 Chunk=3 Start=3680318871515 End=3680318871595 Duration=80
Task=90 Chunk=0 Start=3680317812219 End=3680317843594 Duration=31375
Task=90 Chunk=1 Start=3680318835176 End=3680318906282 Duration=71106
Task=90 Chunk=2 Start=3680318906336 End=3680318940949 Duration=34613
Task=90 Chunk=3 Start=3680318940968 End=3680318941066 Duration=98
Task=91 Chunk=0 Start=3680317890566 End=3680317922107 Duration=31541
Task=91 Chunk=1 Start=3680318906283 End=3680318977302 Duration=71019
Task=91 Chunk=2 Start=3680318977311 End=3680319011957 Duration=34646
Task=91 Chunk=3 Start=3680319011974 End=3680319012054 Duration=80
Task=92 Chunk=0 Start=3680317963738 End=3680317996125 Duration=32387
Task=92 Chunk=1 Start=3680318977303 End=3680319047994 Duration=70691
Task=92 Chunk=2 Start=3680319048017 End=3680319088471 Duration=40454
Task=92 Chunk=3 Start=3680319088513 End=3680319088618 Duration=105
Task=93 Chunk=0 Start=3680318040472 End=3680318072349 Duration=31877
Task=93 Chunk=1 Start=3680319047995 End=3680319120116 Duration=72121
Task=93 Chunk=2 Start=3680319120144 End=3680319154826 Duration=34682
Task=93 Chunk=3 Start=3680319154846 End=3680319154928 Duration=82
Task=94 Chunk=0 Start=3680318118511 End=3680318150589 Duration=32078
Task=94 Chunk=1 Start=3680319120122 End=3680319192430 Duration=72308
Task=94 Chunk=2 Start=3680319192479 End=3680319228693 Duration=36214
Task=94 Chunk=3 Start=3680319228709 End=3680319228795 Duration=86
Task=95 Chunk=0 Start=3680318199320 End=3680318230942 Duration=31622
Task=95 Chunk=1 Start=3680319192431 End=3680319264255 Duration=71824
Task=95 Chunk=2 Start=3680319264323 End=3680319299888 Duration=35565
Task=95 Chunk=3 Start=3680319299925 End=3680319300049 Duration=124
Task=96 Chunk=0 Start=3680318268056 End=3680318300444 Duration=32388
Task=96 Chunk=1 Start=3680319264256 End=3680319336988 Duration=72732
Task=96 Chunk=2 Start=3680319337019 End=3680319373455 Duration=36436
Task=96 Chunk=3 Start=3680319373477 End=3680319373569 Duration=92
Task=97 Chunk=0 Start=3680318345604 End=3680318377909 Duration=32305
Task=97 Chunk=1 Start=3680319336989 End=3680319409441 Duration=72452
Task=97 Chunk=2 Start=3680319409466 End=3680319444104 Duration=34638
Task=97 Chunk=3 Start=3680319444118 End=3680319444190 Duration=72
Task=98 Chunk=0 Start=3680318423828 End=3680318455396 Duration=31568
Task=98 Chunk=1 Start=3680319409442 End=3680319480928 Duration=71486
Task=98 Chunk=2 Start=3680319480966 End=3680319515698 Duration=34732
Task=98 Chunk=3 Start=3680319515716 End=3680319515812 Duration=96
Task=99 Chunk=0 Start=3680318507028 End=3680318539020 Duration=31992
Task=99 Chunk=1 Start=3680319480934 End=3680319552872 Duration=71938
Task=99 Chunk=2 Start=3680319552918 End=3680319591118 Duration=38200
Task=99 Chunk=3 Start=3680319591132 End=3680319591242 Duration=110
### Python End ###

--------------------------------
[2025-06-26 13:50:00.101] [info] Available Vulkan Layers:
[2025-06-26 13:50:00.101] [warning] Validation layer requested but not available, continuing without it...
[2025-06-26 13:50:00.103] [info] Using integrated GPU: Mali-G710
[2025-06-26 13:50:00.106] [info] VulkanDispatcher instance created.
[2025-06-26 13:50:00.334] [info] Total memory used: 40550404 bytes (38.67188 MB)
[2025-06-26 13:50:00.340] [info] Total memory used: 40550404 bytes (38.67188 MB)
[2025-06-26 13:50:00.394] [info] Total memory used: 40550404 bytes (38.67188 MB)
[2025-06-26 13:50:00.400] [info] Total memory used: 40550404 bytes (38.67188 MB)
[2025-06-26 13:50:00.406] [info] Total memory used: 40550404 bytes (38.67188 MB)
[2025-06-26 13:50:00.509] [info] Total memory used: 40550404 bytes (38.67188 MB)
[2025-06-26 13:50:00.515] [info] Total memory used: 40550404 bytes (38.67188 MB)
[2025-06-26 13:50:00.521] [info] Total memory used: 40550404 bytes (38.67188 MB)
[2025-06-26 13:50:00.527] [info] Total memory used: 40550404 bytes (38.67188 MB)
[2025-06-26 13:50:00.534] [info] Total memory used: 40550404 bytes (38.67188 MB)
[2025-06-26 13:50:00.614] [info] Total memory used: 40550404 bytes (38.67188 MB)
[2025-06-26 13:50:00.620] [info] Total memory used: 40550404 bytes (38.67188 MB)
[2025-06-26 13:50:00.626] [info] Total memory used: 40550404 bytes (38.67188 MB)
[2025-06-26 13:50:00.632] [info] Total memory used: 40550404 bytes (38.67188 MB)
[2025-06-26 13:50:00.638] [info] Total memory used: 40550404 bytes (38.67188 MB)
[2025-06-26 13:50:00.645] [info] Total memory used: 40550404 bytes (38.67188 MB)
### Python Begin ###
Schedule_UID=SCH-L2B2G3-G227-6ddc
Frequency=24576000 Hz
Task=0 Chunk=0 Start=3680333851980 End=3680334002879 Duration=150899
Task=0 Chunk=1 Start=3680334002914 End=3680334235154 Duration=232240
Task=0 Chunk=2 Start=3680334235194 End=3680334379717 Duration=144523
Task=1 Chunk=0 Start=3680334002904 End=3680334137919 Duration=135015
Task=1 Chunk=1 Start=3680334235162 End=3680334459981 Duration=224819
Task=1 Chunk=2 Start=3680334460024 End=3680334512023 Duration=51999
Task=2 Chunk=0 Start=3680334137940 End=3680334269349 Duration=131409
Task=2 Chunk=1 Start=3680334459982 End=3680334685920 Duration=225938
Task=2 Chunk=2 Start=3680334685933 End=3680334729074 Duration=43141
Task=3 Chunk=0 Start=3680334269370 End=3680334418340 Duration=148970
Task=3 Chunk=1 Start=3680334685921 End=3680334911102 Duration=225181
Task=3 Chunk=2 Start=3680334911137 End=3680334962170 Duration=51033
Task=4 Chunk=0 Start=3680334418367 End=3680334551951 Duration=133584
Task=4 Chunk=1 Start=3680334911103 End=3680335135163 Duration=224060
Task=4 Chunk=2 Start=3680335135190 End=3680335189368 Duration=54178
Task=5 Chunk=0 Start=3680334551975 End=3680334687528 Duration=135553
Task=5 Chunk=1 Start=3680335135164 End=3680335359537 Duration=224373
Task=5 Chunk=2 Start=3680335359559 End=3680335415684 Duration=56125
Task=6 Chunk=0 Start=3680334687567 End=3680334822329 Duration=134762
Task=6 Chunk=1 Start=3680335359539 End=3680335584304 Duration=224765
Task=6 Chunk=2 Start=3680335584347 End=3680335635493 Duration=51146
Task=7 Chunk=0 Start=3680334822345 End=3680334952083 Duration=129738
Task=7 Chunk=1 Start=3680335584305 End=3680335808622 Duration=224317
Task=7 Chunk=2 Start=3680335808652 End=3680335856927 Duration=48275
Task=8 Chunk=0 Start=3680334952118 End=3680335085913 Duration=133795
Task=8 Chunk=1 Start=3680335808643 End=3680336033160 Duration=224517
Task=8 Chunk=2 Start=3680336033172 End=3680336086612 Duration=53440
Task=9 Chunk=0 Start=3680335085962 End=3680335222672 Duration=136710
Task=9 Chunk=1 Start=3680336033161 End=3680336257309 Duration=224148
Task=9 Chunk=2 Start=3680336257331 End=3680336312965 Duration=55634
Task=10 Chunk=0 Start=3680335222706 End=3680335352319 Duration=129613
Task=10 Chunk=1 Start=3680336257310 End=3680336482393 Duration=225083
Task=10 Chunk=2 Start=3680336482412 End=3680336530177 Duration=47765
Task=11 Chunk=0 Start=3680335352351 End=3680335490761 Duration=138410
Task=11 Chunk=1 Start=3680336482394 End=3680336706409 Duration=224015
Task=11 Chunk=2 Start=3680336706430 End=3680336754478 Duration=48048
Task=12 Chunk=0 Start=3680335490814 End=3680335621904 Duration=131090
Task=12 Chunk=1 Start=3680336706413 End=3680336930513 Duration=224100
Task=12 Chunk=2 Start=3680336930540 End=3680336977769 Duration=47229
Task=13 Chunk=0 Start=3680335621935 End=3680335755095 Duration=133160
Task=13 Chunk=1 Start=3680336930515 End=3680337155267 Duration=224752
Task=13 Chunk=2 Start=3680337155296 End=3680337202438 Duration=47142
Task=14 Chunk=0 Start=3680335755144 End=3680335889568 Duration=134424
Task=14 Chunk=1 Start=3680337155268 End=3680337378941 Duration=223673
Task=14 Chunk=2 Start=3680337378951 End=3680337426632 Duration=47681
Task=15 Chunk=0 Start=3680335889607 End=3680336023639 Duration=134032
Task=15 Chunk=1 Start=3680337378942 End=3680337601892 Duration=222950
Task=15 Chunk=2 Start=3680337601906 End=3680337647916 Duration=46010
Task=16 Chunk=0 Start=3680336023660 End=3680336161818 Duration=138158
Task=16 Chunk=1 Start=3680337601896 End=3680337825490 Duration=223594
Task=16 Chunk=2 Start=3680337825507 End=3680337872043 Duration=46536
Task=17 Chunk=0 Start=3680336161861 End=3680336295045 Duration=133184
Task=17 Chunk=1 Start=3680337825499 End=3680338049970 Duration=224471
Task=17 Chunk=2 Start=3680338049997 End=3680338095888 Duration=45891
Task=18 Chunk=0 Start=3680336295070 End=3680336428366 Duration=133296
Task=18 Chunk=1 Start=3680338049980 End=3680338273123 Duration=223143
Task=18 Chunk=2 Start=3680338273143 End=3680338318225 Duration=45082
Task=19 Chunk=0 Start=3680336428393 End=3680336563649 Duration=135256
Task=19 Chunk=1 Start=3680338273124 End=3680338496975 Duration=223851
Task=19 Chunk=2 Start=3680338497004 End=3680338542272 Duration=45268
Task=20 Chunk=0 Start=3680336563670 End=3680336693313 Duration=129643
Task=20 Chunk=1 Start=3680338496983 End=3680338719990 Duration=223007
Task=20 Chunk=2 Start=3680338720014 End=3680338769611 Duration=49597
Task=21 Chunk=0 Start=3680336693348 End=3680336828344 Duration=134996
Task=21 Chunk=1 Start=3680338720001 End=3680338944303 Duration=224302
Task=21 Chunk=2 Start=3680338944315 End=3680338988778 Duration=44463
Task=22 Chunk=0 Start=3680336828384 End=3680336961316 Duration=132932
Task=22 Chunk=1 Start=3680338944309 End=3680339167601 Duration=223292
Task=22 Chunk=2 Start=3680339167614 End=3680339213106 Duration=45492
Task=23 Chunk=0 Start=3680336961353 End=3680337093385 Duration=132032
Task=23 Chunk=1 Start=3680339167602 End=3680339391032 Duration=223430
Task=23 Chunk=2 Start=3680339391048 End=3680339445395 Duration=54347
Task=24 Chunk=0 Start=3680337093415 End=3680337226882 Duration=133467
Task=24 Chunk=1 Start=3680339391033 End=3680339615026 Duration=223993
Task=24 Chunk=2 Start=3680339615061 End=3680339664301 Duration=49240
Task=25 Chunk=0 Start=3680337226910 End=3680337362303 Duration=135393
Task=25 Chunk=1 Start=3680339615027 End=3680339838507 Duration=223480
Task=25 Chunk=2 Start=3680339838523 End=3680339883872 Duration=45349
Task=26 Chunk=0 Start=3680337362328 End=3680337495505 Duration=133177
Task=26 Chunk=1 Start=3680339838508 End=3680340061967 Duration=223459
Task=26 Chunk=2 Start=3680340061980 End=3680340109947 Duration=47967
Task=27 Chunk=0 Start=3680337495520 End=3680337629332 Duration=133812
Task=27 Chunk=1 Start=3680340061968 End=3680340285702 Duration=223734
Task=27 Chunk=2 Start=3680340285730 End=3680340335200 Duration=49470
Task=28 Chunk=0 Start=3680337629346 End=3680337764082 Duration=134736
Task=28 Chunk=1 Start=3680340285703 End=3680340509322 Duration=223619
Task=28 Chunk=2 Start=3680340509332 End=3680340555021 Duration=45689
Task=29 Chunk=0 Start=3680337764094 End=3680337897480 Duration=133386
Task=29 Chunk=1 Start=3680340509323 End=3680340732431 Duration=223108
Task=29 Chunk=2 Start=3680340732453 End=3680340776952 Duration=44499
Task=30 Chunk=0 Start=3680337897501 End=3680338029956 Duration=132455
Task=30 Chunk=1 Start=3680340732432 End=3680340955768 Duration=223336
Task=30 Chunk=2 Start=3680340955788 End=3680341006114 Duration=50326
Task=31 Chunk=0 Start=3680338029962 End=3680338165558 Duration=135596
Task=31 Chunk=1 Start=3680340955774 End=3680341178832 Duration=223058
Task=31 Chunk=2 Start=3680341178857 End=3680341225888 Duration=47031
Task=32 Chunk=0 Start=3680338165581 End=3680338294914 Duration=129333
Task=32 Chunk=1 Start=3680341178846 End=3680341402913 Duration=224067
Task=32 Chunk=2 Start=3680341402923 End=3680341447699 Duration=44776
Task=33 Chunk=0 Start=3680338318318 End=3680338450025 Duration=131707
Task=33 Chunk=1 Start=3680341402914 End=3680341626023 Duration=223109
Task=33 Chunk=2 Start=3680341626033 End=3680341672540 Duration=46507
Task=34 Chunk=0 Start=3680338542342 End=3680338671888 Duration=129546
Task=34 Chunk=1 Start=3680341626024 End=3680341849284 Duration=223260
Task=34 Chunk=2 Start=3680341849300 End=3680341899567 Duration=50267
Task=35 Chunk=0 Start=3680338769664 End=3680338899780 Duration=130116
Task=35 Chunk=1 Start=3680341849285 End=3680342073516 Duration=224231
Task=35 Chunk=2 Start=3680342073539 End=3680342119051 Duration=45512
Task=36 Chunk=0 Start=3680338988855 End=3680339119894 Duration=131039
Task=36 Chunk=1 Start=3680342073518 End=3680342296743 Duration=223225
Task=36 Chunk=2 Start=3680342296755 End=3680342340971 Duration=44216
Task=37 Chunk=0 Start=3680339213144 End=3680339346524 Duration=133380
Task=37 Chunk=1 Start=3680342296748 End=3680342519768 Duration=223020
Task=37 Chunk=2 Start=3680342519786 End=3680342566235 Duration=46449
Task=38 Chunk=0 Start=3680339445417 End=3680339574989 Duration=129572
Task=38 Chunk=1 Start=3680342519778 End=3680342743300 Duration=223522
Task=38 Chunk=2 Start=3680342743316 End=3680342792717 Duration=49401
Task=39 Chunk=0 Start=3680339664372 End=3680339794235 Duration=129863
Task=39 Chunk=1 Start=3680342743301 End=3680342967050 Duration=223749
Task=39 Chunk=2 Start=3680342967072 End=3680343012349 Duration=45277
Task=40 Chunk=0 Start=3680339883922 End=3680340016297 Duration=132375
Task=40 Chunk=1 Start=3680342967052 End=3680343190101 Duration=223049
Task=40 Chunk=2 Start=3680343190107 End=3680343235455 Duration=45348
Task=41 Chunk=0 Start=3680340109968 End=3680340240071 Duration=130103
Task=41 Chunk=1 Start=3680343190102 End=3680343413176 Duration=223074
Task=41 Chunk=2 Start=3680343413194 End=3680343463420 Duration=50226
Task=42 Chunk=0 Start=3680340335288 End=3680340464564 Duration=129276
Task=42 Chunk=1 Start=3680343413177 End=3680343636232 Duration=223055
Task=42 Chunk=2 Start=3680343636246 End=3680343682853 Duration=46607
Task=43 Chunk=0 Start=3680340555045 End=3680340692071 Duration=137026
Task=43 Chunk=1 Start=3680343636238 End=3680343860117 Duration=223879
Task=43 Chunk=2 Start=3680343860134 End=3680343905369 Duration=45235
Task=44 Chunk=0 Start=3680340777838 End=3680340909950 Duration=132112
Task=44 Chunk=1 Start=3680343860118 End=3680344082825 Duration=222707
Task=44 Chunk=2 Start=3680344082837 End=3680344128292 Duration=45455
Task=45 Chunk=0 Start=3680341006140 End=3680341136223 Duration=130083
Task=45 Chunk=1 Start=3680344082826 End=3680344305826 Duration=223000
Task=45 Chunk=2 Start=3680344305841 End=3680344356135 Duration=50294
Task=46 Chunk=0 Start=3680341225966 End=3680341357884 Duration=131918
Task=46 Chunk=1 Start=3680344305827 End=3680344529255 Duration=223428
Task=46 Chunk=2 Start=3680344529270 End=3680344574452 Duration=45182
Task=47 Chunk=0 Start=3680341447763 End=3680341579172 Duration=131409
Task=47 Chunk=1 Start=3680344529256 End=3680344752395 Duration=223139
Task=47 Chunk=2 Start=3680344752418 End=3680344798113 Duration=45695
Task=48 Chunk=0 Start=3680341672556 End=3680341805673 Duration=133117
Task=48 Chunk=1 Start=3680344752396 End=3680344975642 Duration=223246
Task=48 Chunk=2 Start=3680344975660 End=3680345021198 Duration=45538
Task=49 Chunk=0 Start=3680341899601 End=3680342038116 Duration=138515
Task=49 Chunk=1 Start=3680344975643 End=3680345199308 Duration=223665
Task=49 Chunk=2 Start=3680345199322 End=3680345250520 Duration=51198
Task=50 Chunk=0 Start=3680342119068 End=3680342248302 Duration=129234
Task=50 Chunk=1 Start=3680345199317 End=3680345423052 Duration=223735
Task=50 Chunk=2 Start=3680345423062 End=3680345468721 Duration=45659
Task=51 Chunk=0 Start=3680342341007 End=3680342472354 Duration=131347
Task=51 Chunk=1 Start=3680345423054 End=3680345646114 Duration=223060
Task=51 Chunk=2 Start=3680345646136 End=3680345691990 Duration=45854
Task=52 Chunk=0 Start=3680342566311 End=3680342703182 Duration=136871
Task=52 Chunk=1 Start=3680345646116 End=3680345869005 Duration=222889
Task=52 Chunk=2 Start=3680345869029 End=3680345936999 Duration=67970
Task=53 Chunk=0 Start=3680342792768 End=3680342922127 Duration=129359
Task=53 Chunk=1 Start=3680345869006 End=3680346092340 Duration=223334
Task=53 Chunk=2 Start=3680346092358 End=3680346142491 Duration=50133
Task=54 Chunk=0 Start=3680343012413 End=3680343141699 Duration=129286
Task=54 Chunk=1 Start=3680346092341 End=3680346315795 Duration=223454
Task=54 Chunk=2 Start=3680346315814 End=3680346361255 Duration=45441
Task=55 Chunk=0 Start=3680343235548 End=3680343368434 Duration=132886
Task=55 Chunk=1 Start=3680346315796 End=3680346539232 Duration=223436
Task=55 Chunk=2 Start=3680346539249 End=3680346584890 Duration=45641
Task=56 Chunk=0 Start=3680343463432 End=3680343595801 Duration=132369
Task=56 Chunk=1 Start=3680346539233 End=3680346762087 Duration=222854
Task=56 Chunk=2 Start=3680346762110 End=3680346811952 Duration=49842
Task=57 Chunk=0 Start=3680343682920 End=3680343812276 Duration=129356
Task=57 Chunk=1 Start=3680346762089 End=3680346986188 Duration=224099
Task=57 Chunk=2 Start=3680346986206 End=3680347037282 Duration=51076
Task=58 Chunk=0 Start=3680343905424 End=3680344040556 Duration=135132
Task=58 Chunk=1 Start=3680346986189 End=3680347209184 Duration=222995
Task=58 Chunk=2 Start=3680347209206 End=3680347255142 Duration=45936
Task=59 Chunk=0 Start=3680344128383 End=3680344261127 Duration=132744
Task=59 Chunk=1 Start=3680347209185 End=3680347432213 Duration=223028
Task=59 Chunk=2 Start=3680347432241 End=3680347481907 Duration=49666
Task=60 Chunk=0 Start=3680344356190 End=3680344486177 Duration=129987
Task=60 Chunk=1 Start=3680347432214 End=3680347654830 Duration=222616
Task=60 Chunk=2 Start=3680347654844 End=3680347705790 Duration=50946
Task=61 Chunk=0 Start=3680344574482 End=3680344703588 Duration=129106
Task=61 Chunk=1 Start=3680347654831 End=3680347878616 Duration=223785
Task=61 Chunk=2 Start=3680347878630 End=3680347923834 Duration=45204
Task=62 Chunk=0 Start=3680344798189 End=3680344929960 Duration=131771
Task=62 Chunk=1 Start=3680347878617 End=3680348101893 Duration=223276
Task=62 Chunk=2 Start=3680348101911 End=3680348147130 Duration=45219
Task=63 Chunk=0 Start=3680345021244 End=3680345151006 Duration=129762
Task=63 Chunk=1 Start=3680348101894 End=3680348324916 Duration=223022
Task=63 Chunk=2 Start=3680348324925 End=3680348375358 Duration=50433
Task=64 Chunk=0 Start=3680345250574 End=3680345380291 Duration=129717
Task=64 Chunk=1 Start=3680348324922 End=3680348547550 Duration=222628
Task=64 Chunk=2 Start=3680348547563 End=3680348594580 Duration=47017
Task=65 Chunk=0 Start=3680345468758 End=3680345597967 Duration=129209
Task=65 Chunk=1 Start=3680348547551 End=3680348771349 Duration=223798
Task=65 Chunk=2 Start=3680348771367 End=3680348816897 Duration=45530
Task=66 Chunk=0 Start=3680345692035 End=3680345825140 Duration=133105
Task=66 Chunk=1 Start=3680348771350 End=3680348994358 Duration=223008
Task=66 Chunk=2 Start=3680348994369 End=3680349039850 Duration=45481
Task=67 Chunk=0 Start=3680345937025 End=3680346066376 Duration=129351
Task=67 Chunk=1 Start=3680348994359 End=3680349217229 Duration=222870
Task=67 Chunk=2 Start=3680349217238 End=3680349267248 Duration=50010
Task=68 Chunk=0 Start=3680346142515 End=3680346272366 Duration=129851
Task=68 Chunk=1 Start=3680349217230 End=3680349440678 Duration=223448
Task=68 Chunk=2 Start=3680349440694 End=3680349490201 Duration=49507
Task=69 Chunk=0 Start=3680346361321 End=3680346492816 Duration=131495
Task=69 Chunk=1 Start=3680349440679 End=3680349662842 Duration=222163
Task=69 Chunk=2 Start=3680349662865 End=3680349708552 Duration=45687
Task=70 Chunk=0 Start=3680346584913 End=3680346717649 Duration=132736
Task=70 Chunk=1 Start=3680349662843 End=3680349885812 Duration=222969
Task=70 Chunk=2 Start=3680349885828 End=3680349935991 Duration=50163
Task=71 Chunk=0 Start=3680346811993 End=3680346942167 Duration=130174
Task=71 Chunk=1 Start=3680349885814 End=3680350108960 Duration=223146
Task=71 Chunk=2 Start=3680350108983 End=3680350155111 Duration=46128
Task=72 Chunk=0 Start=3680347037314 End=3680347166765 Duration=129451
Task=72 Chunk=1 Start=3680350108962 End=3680350332961 Duration=223999
Task=72 Chunk=2 Start=3680350332975 End=3680350382774 Duration=49799
Task=73 Chunk=0 Start=3680347255188 End=3680347387637 Duration=132449
Task=73 Chunk=1 Start=3680350332962 End=3680350555479 Duration=222517
Task=73 Chunk=2 Start=3680350555492 End=3680350605341 Duration=49849
Task=74 Chunk=0 Start=3680347481933 End=3680347611348 Duration=129415
Task=74 Chunk=1 Start=3680350555481 End=3680350778182 Duration=222701
Task=74 Chunk=2 Start=3680350778206 End=3680350828420 Duration=50214
Task=75 Chunk=0 Start=3680347705812 End=3680347835767 Duration=129955
Task=75 Chunk=1 Start=3680350778183 End=3680351000787 Duration=222604
Task=75 Chunk=2 Start=3680351000794 End=3680351050821 Duration=50027
Task=76 Chunk=0 Start=3680347923879 End=3680348053754 Duration=129875
Task=76 Chunk=1 Start=3680351000788 End=3680351224461 Duration=223673
Task=76 Chunk=2 Start=3680351224465 End=3680351269633 Duration=45168
Task=77 Chunk=0 Start=3680348147185 End=3680348279650 Duration=132465
Task=77 Chunk=1 Start=3680351224462 End=3680351447631 Duration=223169
Task=77 Chunk=2 Start=3680351447653 End=3680351492213 Duration=44560
Task=78 Chunk=0 Start=3680348375431 End=3680348504955 Duration=129524
Task=78 Chunk=1 Start=3680351447632 End=3680351670615 Duration=222983
Task=78 Chunk=2 Start=3680351670635 End=3680351721130 Duration=50495
Task=79 Chunk=0 Start=3680348594666 End=3680348724473 Duration=129807
Task=79 Chunk=1 Start=3680351670616 End=3680351893781 Duration=223165
Task=79 Chunk=2 Start=3680351893797 End=3680351940636 Duration=46839
Task=80 Chunk=0 Start=3680348816974 End=3680348946572 Duration=129598
Task=80 Chunk=1 Start=3680351893783 End=3680352117616 Duration=223833
Task=80 Chunk=2 Start=3680352117634 End=3680352162845 Duration=45211
Task=81 Chunk=0 Start=3680349039889 End=3680349176271 Duration=136382
Task=81 Chunk=1 Start=3680352117621 End=3680352340474 Duration=222853
Task=81 Chunk=2 Start=3680352340488 End=3680352386056 Duration=45568
Task=82 Chunk=0 Start=3680349267300 End=3680349396712 Duration=129412
Task=82 Chunk=1 Start=3680352340475 End=3680352563016 Duration=222541
Task=82 Chunk=2 Start=3680352563039 End=3680352607996 Duration=44957
Task=83 Chunk=0 Start=3680349490220 End=3680349620398 Duration=130178
Task=83 Chunk=1 Start=3680352563017 End=3680352786742 Duration=223725
Task=83 Chunk=2 Start=3680352786757 End=3680352836182 Duration=49425
Task=84 Chunk=0 Start=3680349708589 End=3680349839696 Duration=131107
Task=84 Chunk=1 Start=3680352786744 End=3680353009233 Duration=222489
Task=84 Chunk=2 Start=3680353009262 End=3680353054348 Duration=45086
Task=85 Chunk=0 Start=3680349936050 End=3680350065775 Duration=129725
Task=85 Chunk=1 Start=3680353009234 End=3680353232166 Duration=222932
Task=85 Chunk=2 Start=3680353232197 End=3680353279825 Duration=47628
Task=86 Chunk=0 Start=3680350155162 End=3680350285296 Duration=130134
Task=86 Chunk=1 Start=3680353232168 End=3680353456502 Duration=224334
Task=86 Chunk=2 Start=3680353456516 End=3680353508166 Duration=51650
Task=87 Chunk=0 Start=3680350382802 End=3680350512212 Duration=129410
Task=87 Chunk=1 Start=3680353456503 End=3680353679829 Duration=223326
Task=87 Chunk=2 Start=3680353679841 End=3680353730595 Duration=50754
Task=88 Chunk=0 Start=3680350605401 End=3680350736418 Duration=131017
Task=88 Chunk=1 Start=3680353679830 End=3680353902658 Duration=222828
Task=88 Chunk=2 Start=3680353902666 End=3680353949105 Duration=46439
Task=89 Chunk=0 Start=3680350828457 End=3680350965665 Duration=137208
Task=89 Chunk=1 Start=3680353902659 End=3680354124936 Duration=222277
Task=89 Chunk=2 Start=3680354124945 End=3680354171090 Duration=46145
Task=90 Chunk=0 Start=3680351050878 End=3680351180917 Duration=130039
Task=90 Chunk=1 Start=3680354124937 End=3680354347288 Duration=222351
Task=90 Chunk=2 Start=3680354347304 End=3680354399425 Duration=52121
Task=91 Chunk=0 Start=3680351269685 End=3680351399290 Duration=129605
Task=91 Chunk=1 Start=3680354347289 End=3680354570728 Duration=223439
Task=91 Chunk=2 Start=3680354570740 End=3680354620961 Duration=50221
Task=92 Chunk=0 Start=3680351492366 End=3680351625631 Duration=133265
Task=92 Chunk=1 Start=3680354570729 End=3680354794199 Duration=223470
Task=92 Chunk=2 Start=3680354794209 End=3680354840610 Duration=46401
Task=93 Chunk=0 Start=3680351721158 End=3680351850626 Duration=129468
Task=93 Chunk=1 Start=3680354794200 End=3680355016650 Duration=222450
Task=93 Chunk=2 Start=3680355016663 End=3680355067163 Duration=50500
Task=94 Chunk=0 Start=3680351940675 End=3680352070745 Duration=130070
Task=94 Chunk=1 Start=3680355016653 End=3680355239988 Duration=223335
Task=94 Chunk=2 Start=3680355239995 End=3680355290739 Duration=50744
Task=95 Chunk=0 Start=3680352162948 End=3680352296978 Duration=134030
Task=95 Chunk=1 Start=3680355239989 End=3680355462223 Duration=222234
Task=95 Chunk=2 Start=3680355462230 End=3680355508923 Duration=46693
Task=96 Chunk=0 Start=3680352386128 End=3680352518133 Duration=132005
Task=96 Chunk=1 Start=3680355462224 End=3680355684721 Duration=222497
Task=96 Chunk=2 Start=3680355684735 End=3680355737083 Duration=52348
Task=97 Chunk=0 Start=3680352608024 End=3680352737736 Duration=129712
Task=97 Chunk=1 Start=3680355684722 End=3680355907234 Duration=222512
Task=97 Chunk=2 Start=3680355907245 End=3680355968791 Duration=61546
Task=98 Chunk=0 Start=3680352836227 End=3680352965172 Duration=128945
Task=98 Chunk=1 Start=3680355907235 End=3680356130504 Duration=223269
Task=98 Chunk=2 Start=3680356130521 End=3680356179998 Duration=49477
Task=99 Chunk=0 Start=3680353054395 End=3680353185313 Duration=130918
Task=99 Chunk=1 Start=3680356130505 End=3680356352844 Duration=222339
Task=99 Chunk=2 Start=3680356352877 End=3680356405171 Duration=52294
### Python End ###

--------------------------------
[2025-06-26 13:50:01.597] [info] Available Vulkan Layers:
[2025-06-26 13:50:01.597] [warning] Validation layer requested but not available, continuing without it...
[2025-06-26 13:50:01.599] [info] Using integrated GPU: Mali-G710
[2025-06-26 13:50:01.603] [info] VulkanDispatcher instance created.
[2025-06-26 13:50:01.843] [info] Total memory used: 40550404 bytes (38.67188 MB)
[2025-06-26 13:50:01.849] [info] Total memory used: 40550404 bytes (38.67188 MB)
[2025-06-26 13:50:01.927] [info] Total memory used: 40550404 bytes (38.67188 MB)
[2025-06-26 13:50:01.938] [info] Total memory used: 40550404 bytes (38.67188 MB)
[2025-06-26 13:50:01.944] [info] Total memory used: 40550404 bytes (38.67188 MB)
[2025-06-26 13:50:02.021] [info] Total memory used: 40550404 bytes (38.67188 MB)
[2025-06-26 13:50:02.028] [info] Total memory used: 40550404 bytes (38.67188 MB)
[2025-06-26 13:50:02.035] [info] Total memory used: 40550404 bytes (38.67188 MB)
[2025-06-26 13:50:02.041] [info] Total memory used: 40550404 bytes (38.67188 MB)
[2025-06-26 13:50:02.048] [info] Total memory used: 40550404 bytes (38.67188 MB)
[2025-06-26 13:50:02.126] [info] Total memory used: 40550404 bytes (38.67188 MB)
[2025-06-26 13:50:02.131] [info] Total memory used: 40550404 bytes (38.67188 MB)
[2025-06-26 13:50:02.137] [info] Total memory used: 40550404 bytes (38.67188 MB)
[2025-06-26 13:50:02.143] [info] Total memory used: 40550404 bytes (38.67188 MB)
[2025-06-26 13:50:02.149] [info] Total memory used: 40550404 bytes (38.67188 MB)
[2025-06-26 13:50:02.155] [info] Total memory used: 40550404 bytes (38.67188 MB)
### Python Begin ###
Schedule_UID=SCH-M3G1L1B2-G230-a479
Frequency=24576000 Hz
Task=0 Chunk=0 Start=3680370973643 End=3680371020959 Duration=47316
Task=0 Chunk=1 Start=3680371069094 End=3680371069130 Duration=36
Task=0 Chunk=2 Start=3680371069197 End=3680371086554 Duration=17357
Task=0 Chunk=3 Start=3680371086611 End=3680371392419 Duration=305808
Task=1 Chunk=0 Start=3680371020964 End=3680371056967 Duration=36003
Task=1 Chunk=1 Start=3680371069137 End=3680371069138 Duration=1
Task=1 Chunk=2 Start=3680371086573 End=3680371087899 Duration=1326
Task=1 Chunk=3 Start=3680371392424 End=3680371539240 Duration=146816
Task=2 Chunk=0 Start=3680371056968 End=3680371152423 Duration=95455
Task=2 Chunk=1 Start=3680371166601 End=3680371166638 Duration=37
Task=2 Chunk=2 Start=3680371166881 End=3680371168316 Duration=1435
Task=2 Chunk=3 Start=3680371539242 End=3680371685003 Duration=145761
Task=3 Chunk=0 Start=3680371152427 End=3680371192207 Duration=39780
Task=3 Chunk=1 Start=3680371192393 End=3680371192394 Duration=1
Task=3 Chunk=2 Start=3680371192480 End=3680371193283 Duration=803
Task=3 Chunk=3 Start=3680371685004 End=3680371785497 Duration=100493
Task=4 Chunk=0 Start=3680371192215 End=3680371229325 Duration=37110
Task=4 Chunk=1 Start=3680371229350 End=3680371229352 Duration=2
Task=4 Chunk=2 Start=3680371229391 End=3680371230309 Duration=918
Task=4 Chunk=3 Start=3680371785498 End=3680371856055 Duration=70557
Task=5 Chunk=0 Start=3680371229327 End=3680371271855 Duration=42528
Task=5 Chunk=1 Start=3680371272233 End=3680371272242 Duration=9
Task=5 Chunk=2 Start=3680371272270 End=3680371273186 Duration=916
Task=5 Chunk=3 Start=3680371856059 End=3680371925347 Duration=69288
Task=6 Chunk=0 Start=3680371271858 End=3680371318373 Duration=46515
Task=6 Chunk=1 Start=3680371318407 End=3680371318417 Duration=10
Task=6 Chunk=2 Start=3680371318485 End=3680371319433 Duration=948
Task=6 Chunk=3 Start=3680371925351 End=3680371995435 Duration=70084
Task=7 Chunk=0 Start=3680371318374 End=3680371362414 Duration=44040
Task=7 Chunk=1 Start=3680371362812 End=3680371362857 Duration=45
Task=7 Chunk=2 Start=3680371362911 End=3680371364158 Duration=1247
Task=7 Chunk=3 Start=3680371995436 End=3680372065217 Duration=69781
Task=8 Chunk=0 Start=3680371362417 End=3680371406535 Duration=44118
Task=8 Chunk=1 Start=3680371407011 End=3680371407065 Duration=54
Task=8 Chunk=2 Start=3680371407139 End=3680371407920 Duration=781
Task=8 Chunk=3 Start=3680372065219 End=3680372134070 Duration=68851
Task=9 Chunk=0 Start=3680371406546 End=3680371441987 Duration=35441
Task=9 Chunk=1 Start=3680371442026 End=3680371442043 Duration=17
Task=9 Chunk=2 Start=3680371442082 End=3680371442932 Duration=850
Task=9 Chunk=3 Start=3680372134077 End=3680372204815 Duration=70738
Task=10 Chunk=0 Start=3680371441988 End=3680371479401 Duration=37413
Task=10 Chunk=1 Start=3680371479438 End=3680371479447 Duration=9
Task=10 Chunk=2 Start=3680371479475 End=3680371480324 Duration=849
Task=10 Chunk=3 Start=3680372204816 End=3680372274597 Duration=69781
Task=11 Chunk=0 Start=3680371479403 End=3680371514865 Duration=35462
Task=11 Chunk=1 Start=3680371514923 End=3680371514931 Duration=8
Task=11 Chunk=2 Start=3680371514961 End=3680371515809 Duration=848
Task=11 Chunk=3 Start=3680372274598 End=3680372347793 Duration=73195
Task=12 Chunk=0 Start=3680371514866 End=3680371549577 Duration=34711
Task=12 Chunk=1 Start=3680371549624 End=3680371549631 Duration=7
Task=12 Chunk=2 Start=3680371549649 End=3680371550609 Duration=960
Task=12 Chunk=3 Start=3680372347794 End=3680372416771 Duration=68977
Task=13 Chunk=0 Start=3680371549578 End=3680371586091 Duration=36513
Task=13 Chunk=1 Start=3680371586181 End=3680371586194 Duration=13
Task=13 Chunk=2 Start=3680371586258 End=3680371587275 Duration=1017
Task=13 Chunk=3 Start=3680372416778 End=3680372486899 Duration=70121
Task=14 Chunk=0 Start=3680371586093 End=3680371621500 Duration=35407
Task=14 Chunk=1 Start=3680371621552 End=3680371621555 Duration=3
Task=14 Chunk=2 Start=3680371621589 End=3680371622469 Duration=880
Task=14 Chunk=3 Start=3680372486905 End=3680372556987 Duration=70082
Task=15 Chunk=0 Start=3680371621502 End=3680371658950 Duration=37448
Task=15 Chunk=1 Start=3680371658989 End=3680371658992 Duration=3
Task=15 Chunk=2 Start=3680371659067 End=3680371659928 Duration=861
Task=15 Chunk=3 Start=3680372556992 End=3680372625083 Duration=68091
Task=16 Chunk=0 Start=3680371658951 End=3680371694816 Duration=35865
Task=16 Chunk=1 Start=3680371694860 End=3680371694862 Duration=2
Task=16 Chunk=2 Start=3680371694927 End=3680371695704 Duration=777
Task=16 Chunk=3 Start=3680372625091 End=3680372695067 Duration=69976
Task=17 Chunk=0 Start=3680371694817 End=3680371728978 Duration=34161
Task=17 Chunk=1 Start=3680371729057 End=3680371729060 Duration=3
Task=17 Chunk=2 Start=3680371729110 End=3680371729957 Duration=847
Task=17 Chunk=3 Start=3680372695076 End=3680372766074 Duration=70998
Task=18 Chunk=0 Start=3680371785507 End=3680371819436 Duration=33929
Task=18 Chunk=1 Start=3680371819510 End=3680371819513 Duration=3
Task=18 Chunk=2 Start=3680371819571 End=3680371820473 Duration=902
Task=18 Chunk=3 Start=3680372766075 End=3680372833642 Duration=67567
Task=19 Chunk=0 Start=3680371856069 End=3680371889949 Duration=33880
Task=19 Chunk=1 Start=3680371890018 End=3680371890025 Duration=7
Task=19 Chunk=2 Start=3680371890045 End=3680371890822 Duration=777
Task=19 Chunk=3 Start=3680372833646 End=3680372902462 Duration=68816
Task=20 Chunk=0 Start=3680371925364 End=3680371960572 Duration=35208
Task=20 Chunk=1 Start=3680371960638 End=3680371960641 Duration=3
Task=20 Chunk=2 Start=3680371960664 End=3680371961654 Duration=990
Task=20 Chunk=3 Start=3680372902465 End=3680372971795 Duration=69330
Task=21 Chunk=0 Start=3680371995452 End=3680372029439 Duration=33987
Task=21 Chunk=1 Start=3680372029506 End=3680372029509 Duration=3
Task=21 Chunk=2 Start=3680372029576 End=3680372030318 Duration=742
Task=21 Chunk=3 Start=3680372971807 End=3680373040363 Duration=68556
Task=22 Chunk=0 Start=3680372065235 End=3680372099239 Duration=34004
Task=22 Chunk=1 Start=3680372099306 End=3680372099309 Duration=3
Task=22 Chunk=2 Start=3680372099351 End=3680372100199 Duration=848
Task=22 Chunk=3 Start=3680373040364 End=3680373107882 Duration=67518
Task=23 Chunk=0 Start=3680372134088 End=3680372169501 Duration=35413
Task=23 Chunk=1 Start=3680372169540 End=3680372169547 Duration=7
Task=23 Chunk=2 Start=3680372169603 End=3680372171670 Duration=2067
Task=23 Chunk=3 Start=3680373107889 End=3680373176475 Duration=68586
Task=24 Chunk=0 Start=3680372204834 End=3680372238828 Duration=33994
Task=24 Chunk=1 Start=3680372238872 End=3680372238875 Duration=3
Task=24 Chunk=2 Start=3680372238908 End=3680372239763 Duration=855
Task=24 Chunk=3 Start=3680373176479 End=3680373244828 Duration=68349
Task=25 Chunk=0 Start=3680372274619 End=3680372308630 Duration=34011
Task=25 Chunk=1 Start=3680372308705 End=3680372308708 Duration=3
Task=25 Chunk=2 Start=3680372308752 End=3680372309724 Duration=972
Task=25 Chunk=3 Start=3680373244829 End=3680373312523 Duration=67694
Task=26 Chunk=0 Start=3680372347827 End=3680372381818 Duration=33991
Task=26 Chunk=1 Start=3680372381828 End=3680372381831 Duration=3
Task=26 Chunk=2 Start=3680372381844 End=3680372382843 Duration=999
Task=26 Chunk=3 Start=3680373312528 End=3680373383999 Duration=71471
Task=27 Chunk=0 Start=3680372416786 End=3680372452378 Duration=35592
Task=27 Chunk=1 Start=3680372452431 End=3680372452433 Duration=2
Task=27 Chunk=2 Start=3680372452479 End=3680372453293 Duration=814
Task=27 Chunk=3 Start=3680373384000 End=3680373452518 Duration=68518
Task=28 Chunk=0 Start=3680372486911 End=3680372520990 Duration=34079
Task=28 Chunk=1 Start=3680372521026 End=3680372521037 Duration=11
Task=28 Chunk=2 Start=3680372521110 End=3680372521897 Duration=787
Task=28 Chunk=3 Start=3680373452519 End=3680373520298 Duration=67779
Task=29 Chunk=0 Start=3680372556998 End=3680372590972 Duration=33974
Task=29 Chunk=1 Start=3680372591043 End=3680372591061 Duration=18
Task=29 Chunk=2 Start=3680372591084 End=3680372592168 Duration=1084
Task=29 Chunk=3 Start=3680373520305 End=3680373588713 Duration=68408
Task=30 Chunk=0 Start=3680372625095 End=3680372660503 Duration=35408
Task=30 Chunk=1 Start=3680372660572 End=3680372660575 Duration=3
Task=30 Chunk=2 Start=3680372660613 End=3680372661614 Duration=1001
Task=30 Chunk=3 Start=3680373588720 End=3680373657694 Duration=68974
Task=31 Chunk=0 Start=3680372695091 End=3680372729268 Duration=34177
Task=31 Chunk=1 Start=3680372729311 End=3680372729313 Duration=2
Task=31 Chunk=2 Start=3680372729331 End=3680372730339 Duration=1008
Task=31 Chunk=3 Start=3680373657695 End=3680373727177 Duration=69482
Task=32 Chunk=0 Start=3680372766091 End=3680372800252 Duration=34161
Task=32 Chunk=1 Start=3680372800323 End=3680372800326 Duration=3
Task=32 Chunk=2 Start=3680372800343 End=3680372801272 Duration=929
Task=32 Chunk=3 Start=3680373727178 End=3680373795925 Duration=68747
Task=33 Chunk=0 Start=3680372833658 End=3680372869212 Duration=35554
Task=33 Chunk=1 Start=3680372869259 End=3680372869268 Duration=9
Task=33 Chunk=2 Start=3680372869308 End=3680372870200 Duration=892
Task=33 Chunk=3 Start=3680373795926 End=3680373865085 Duration=69159
Task=34 Chunk=0 Start=3680372902471 End=3680372938683 Duration=36212
Task=34 Chunk=1 Start=3680372938722 End=3680372938725 Duration=3
Task=34 Chunk=2 Start=3680372938769 End=3680372939753 Duration=984
Task=34 Chunk=3 Start=3680373865099 End=3680373934383 Duration=69284
Task=35 Chunk=0 Start=3680372971815 End=3680373006083 Duration=34268
Task=35 Chunk=1 Start=3680373006146 End=3680373006148 Duration=2
Task=35 Chunk=2 Start=3680373006182 End=3680373006953 Duration=771
Task=35 Chunk=3 Start=3680373934391 End=3680374001888 Duration=67497
Task=36 Chunk=0 Start=3680373040380 End=3680373074167 Duration=33787
Task=36 Chunk=1 Start=3680373074208 End=3680373074210 Duration=2
Task=36 Chunk=2 Start=3680373074233 End=3680373075061 Duration=828
Task=36 Chunk=3 Start=3680374001892 End=3680374070304 Duration=68412
Task=37 Chunk=0 Start=3680373107908 End=3680373143237 Duration=35329
Task=37 Chunk=1 Start=3680373143289 End=3680373143291 Duration=2
Task=37 Chunk=2 Start=3680373143316 End=3680373144193 Duration=877
Task=37 Chunk=3 Start=3680374070308 End=3680374139133 Duration=68825
Task=38 Chunk=0 Start=3680373176483 End=3680373210784 Duration=34301
Task=38 Chunk=1 Start=3680373210848 End=3680373210851 Duration=3
Task=38 Chunk=2 Start=3680373210881 End=3680373211736 Duration=855
Task=38 Chunk=3 Start=3680374139134 End=3680374207284 Duration=68150
Task=39 Chunk=0 Start=3680373244841 End=3680373279005 Duration=34164
Task=39 Chunk=1 Start=3680373279031 End=3680373279049 Duration=18
Task=39 Chunk=2 Start=3680373279066 End=3680373280004 Duration=938
Task=39 Chunk=3 Start=3680374207301 End=3680374275980 Duration=68679
Task=40 Chunk=0 Start=3680373312544 End=3680373348001 Duration=35457
Task=40 Chunk=1 Start=3680373348064 End=3680373348071 Duration=7
Task=40 Chunk=2 Start=3680373348101 End=3680373349128 Duration=1027
Task=40 Chunk=3 Start=3680374275981 End=3680374345001 Duration=69020
Task=41 Chunk=0 Start=3680373384028 End=3680373418358 Duration=34330
Task=41 Chunk=1 Start=3680373418431 End=3680373418433 Duration=2
Task=41 Chunk=2 Start=3680373418461 End=3680373419376 Duration=915
Task=41 Chunk=3 Start=3680374345002 End=3680374416656 Duration=71654
Task=42 Chunk=0 Start=3680373452535 End=3680373486608 Duration=34073
Task=42 Chunk=1 Start=3680373486627 End=3680373486635 Duration=8
Task=42 Chunk=2 Start=3680373486660 End=3680373487568 Duration=908
Task=42 Chunk=3 Start=3680374416657 End=3680374484938 Duration=68281
Task=43 Chunk=0 Start=3680373520309 End=3680373555748 Duration=35439
Task=43 Chunk=1 Start=3680373555833 End=3680373555836 Duration=3
Task=43 Chunk=2 Start=3680373555892 End=3680373556744 Duration=852
Task=43 Chunk=3 Start=3680374484948 End=3680374554008 Duration=69060
Task=44 Chunk=0 Start=3680373588736 End=3680373624861 Duration=36125
Task=44 Chunk=1 Start=3680373624926 End=3680373624929 Duration=3
Task=44 Chunk=2 Start=3680373624946 End=3680373627962 Duration=3016
Task=44 Chunk=3 Start=3680374554009 End=3680374622946 Duration=68937
Task=45 Chunk=0 Start=3680373657707 End=3680373691969 Duration=34262
Task=45 Chunk=1 Start=3680373692026 End=3680373692028 Duration=2
Task=45 Chunk=2 Start=3680373692084 End=3680373692851 Duration=767
Task=45 Chunk=3 Start=3680374622947 End=3680374690153 Duration=67206
Task=46 Chunk=0 Start=3680373727195 End=3680373761865 Duration=34670
Task=46 Chunk=1 Start=3680373761902 End=3680373761909 Duration=7
Task=46 Chunk=2 Start=3680373761923 End=3680373762916 Duration=993
Task=46 Chunk=3 Start=3680374690160 End=3680374759642 Duration=69482
Task=47 Chunk=0 Start=3680373795938 End=3680373832356 Duration=36418
Task=47 Chunk=1 Start=3680373832382 End=3680373832388 Duration=6
Task=47 Chunk=2 Start=3680373832451 End=3680373833263 Duration=812
Task=47 Chunk=3 Start=3680374759643 End=3680374828027 Duration=68384
Task=48 Chunk=0 Start=3680373865109 End=3680373899269 Duration=34160
Task=48 Chunk=1 Start=3680373899290 End=3680373899292 Duration=2
Task=48 Chunk=2 Start=3680373899368 End=3680373900136 Duration=768
Task=48 Chunk=3 Start=3680374828029 End=3680374895561 Duration=67532
Task=49 Chunk=0 Start=3680373934405 End=3680373968285 Duration=33880
Task=49 Chunk=1 Start=3680373968341 End=3680373968344 Duration=3
Task=49 Chunk=2 Start=3680373968362 End=3680373969219 Duration=857
Task=49 Chunk=3 Start=3680374895568 End=3680374964342 Duration=68774
Task=50 Chunk=0 Start=3680374001901 End=3680374037363 Duration=35462
Task=50 Chunk=1 Start=3680374037411 End=3680374037413 Duration=2
Task=50 Chunk=2 Start=3680374037484 End=3680374038553 Duration=1069
Task=50 Chunk=3 Start=3680374964346 End=3680375033174 Duration=68828
Task=51 Chunk=0 Start=3680374070319 End=3680374104175 Duration=33856
Task=51 Chunk=1 Start=3680374104213 End=3680374104216 Duration=3
Task=51 Chunk=2 Start=3680374104268 End=3680374105192 Duration=924
Task=51 Chunk=3 Start=3680375033175 End=3680375101971 Duration=68796
Task=52 Chunk=0 Start=3680374139152 End=3680374173241 Duration=34089
Task=52 Chunk=1 Start=3680374173263 End=3680374173266 Duration=3
Task=52 Chunk=2 Start=3680374173329 End=3680374746307 Duration=572978
Task=52 Chunk=3 Start=3680375101974 End=3680375169673 Duration=67699
Task=53 Chunk=0 Start=3680374207310 End=3680374242608 Duration=35298
Task=53 Chunk=1 Start=3680374242685 End=3680374242707 Duration=22
Task=53 Chunk=2 Start=3680374746334 End=3680374748014 Duration=1680
Task=53 Chunk=3 Start=3680375169679 End=3680375237866 Duration=68187
Task=54 Chunk=0 Start=3680374275990 End=3680374312178 Duration=36188
Task=54 Chunk=1 Start=3680374314608 End=3680374314610 Duration=2
Task=54 Chunk=2 Start=3680374748019 End=3680374748812 Duration=793
Task=54 Chunk=3 Start=3680375237867 End=3680375306541 Duration=68674
Task=55 Chunk=0 Start=3680374345011 End=3680374379445 Duration=34434
Task=55 Chunk=1 Start=3680374379469 End=3680374379472 Duration=3
Task=55 Chunk=2 Start=3680374748815 End=3680374749650 Duration=835
Task=55 Chunk=3 Start=3680375306547 End=3680375374095 Duration=67548
Task=56 Chunk=0 Start=3680374416672 End=3680374450944 Duration=34272
Task=56 Chunk=1 Start=3680374450991 End=3680374450998 Duration=7
Task=56 Chunk=2 Start=3680374749654 End=3680374750408 Duration=754
Task=56 Chunk=3 Start=3680375374099 End=3680375445372 Duration=71273
Task=57 Chunk=0 Start=3680374484957 End=3680374521614 Duration=36657
Task=57 Chunk=1 Start=3680374521696 End=3680374521703 Duration=7
Task=57 Chunk=2 Start=3680374750415 End=3680374751229 Duration=814
Task=57 Chunk=3 Start=3680375445380 End=3680375514710 Duration=69330
Task=58 Chunk=0 Start=3680374554036 End=3680374588842 Duration=34806
Task=58 Chunk=1 Start=3680374588875 End=3680374588878 Duration=3
Task=58 Chunk=2 Start=3680374751232 End=3680374752044 Duration=812
Task=58 Chunk=3 Start=3680375514711 End=3680375582490 Duration=67779
Task=59 Chunk=0 Start=3680374622961 End=3680374657572 Duration=34611
Task=59 Chunk=1 Start=3680374657650 End=3680374657657 Duration=7
Task=59 Chunk=2 Start=3680374752047 End=3680374752853 Duration=806
Task=59 Chunk=3 Start=3680375582500 End=3680375650812 Duration=68312
Task=60 Chunk=0 Start=3680374690169 End=3680374726153 Duration=35984
Task=60 Chunk=1 Start=3680374726185 End=3680374726192 Duration=7
Task=60 Chunk=2 Start=3680374752856 End=3680374753601 Duration=745
Task=60 Chunk=3 Start=3680375650813 End=3680375719688 Duration=68875
Task=61 Chunk=0 Start=3680374759651 End=3680374793937 Duration=34286
Task=61 Chunk=1 Start=3680374794006 End=3680374794009 Duration=3
Task=61 Chunk=2 Start=3680374794038 End=3680374794925 Duration=887
Task=61 Chunk=3 Start=3680375719694 End=3680375788404 Duration=68710
Task=62 Chunk=0 Start=3680374828056 End=3680374862151 Duration=34095
Task=62 Chunk=1 Start=3680374862171 End=3680374862177 Duration=6
Task=62 Chunk=2 Start=3680374862192 End=3680374863125 Duration=933
Task=62 Chunk=3 Start=3680375788405 End=3680375856466 Duration=68061
Task=63 Chunk=0 Start=3680374895578 End=3680374931144 Duration=35566
Task=63 Chunk=1 Start=3680374931228 End=3680374931231 Duration=3
Task=63 Chunk=2 Start=3680374931260 End=3680374932103 Duration=843
Task=63 Chunk=3 Start=3680375856469 End=3680375925287 Duration=68818
Task=64 Chunk=0 Start=3680374964351 End=3680374999992 Duration=35641
Task=64 Chunk=1 Start=3680375000623 End=3680375000625 Duration=2
Task=64 Chunk=2 Start=3680375000686 End=3680375001548 Duration=862
Task=64 Chunk=3 Start=3680375925288 End=3680375993882 Duration=68594
Task=65 Chunk=0 Start=3680375033190 End=3680375066957 Duration=33767
Task=65 Chunk=1 Start=3680375067035 End=3680375067038 Duration=3
Task=65 Chunk=2 Start=3680375067074 End=3680375067774 Duration=700
Task=65 Chunk=3 Start=3680375993883 End=3680376060817 Duration=66934
Task=66 Chunk=0 Start=3680375101989 End=3680375135940 Duration=33951
Task=66 Chunk=1 Start=3680375135970 End=3680375135977 Duration=7
Task=66 Chunk=2 Start=3680375136020 End=3680375137074 Duration=1054
Task=66 Chunk=3 Start=3680376060821 End=3680376129493 Duration=68672
Task=67 Chunk=0 Start=3680375169693 End=3680375205006 Duration=35313
Task=67 Chunk=1 Start=3680375205072 End=3680375205074 Duration=2
Task=67 Chunk=2 Start=3680375205146 End=3680375206124 Duration=978
Task=67 Chunk=3 Start=3680376129495 End=3680376198015 Duration=68520
Task=68 Chunk=0 Start=3680375237885 End=3680375272147 Duration=34262
Task=68 Chunk=1 Start=3680375272181 End=3680375272187 Duration=6
Task=68 Chunk=2 Start=3680375272228 End=3680375272991 Duration=763
Task=68 Chunk=3 Start=3680376198021 End=3680376265878 Duration=67857
Task=69 Chunk=0 Start=3680375306551 End=3680375340854 Duration=34303
Task=69 Chunk=1 Start=3680375340909 End=3680375340912 Duration=3
Task=69 Chunk=2 Start=3680375340952 End=3680375341866 Duration=914
Task=69 Chunk=3 Start=3680376265887 End=3680376334686 Duration=68799
Task=70 Chunk=0 Start=3680375374105 End=3680375409713 Duration=35608
Task=70 Chunk=1 Start=3680375409765 End=3680375409768 Duration=3
Task=70 Chunk=2 Start=3680375409830 End=3680375410685 Duration=855
Task=70 Chunk=3 Start=3680376334693 End=3680376402962 Duration=68269
Task=71 Chunk=0 Start=3680375445393 End=3680375479634 Duration=34241
Task=71 Chunk=1 Start=3680375479675 End=3680375479678 Duration=3
Task=71 Chunk=2 Start=3680375479699 End=3680375480484 Duration=785
Task=71 Chunk=3 Start=3680376402963 End=3680376474274 Duration=71311
Task=72 Chunk=0 Start=3680375514719 End=3680375548766 Duration=34047
Task=72 Chunk=1 Start=3680375548839 End=3680375548845 Duration=6
Task=72 Chunk=2 Start=3680375548879 End=3680375550016 Duration=1137
Task=72 Chunk=3 Start=3680376474282 End=3680376541448 Duration=67166
Task=73 Chunk=0 Start=3680375582507 End=3680375617911 Duration=35404
Task=73 Chunk=1 Start=3680375617931 End=3680375617935 Duration=4
Task=73 Chunk=2 Start=3680375617947 End=3680375619008 Duration=1061
Task=73 Chunk=3 Start=3680376541452 End=3680376610843 Duration=69391
Task=74 Chunk=0 Start=3680375650824 End=3680375684743 Duration=33919
Task=74 Chunk=1 Start=3680375684799 End=3680375684806 Duration=7
Task=74 Chunk=2 Start=3680375684849 End=3680375685648 Duration=799
Task=74 Chunk=3 Start=3680376610851 End=3680376679287 Duration=68436
Task=75 Chunk=0 Start=3680375719701 End=3680375753829 Duration=34128
Task=75 Chunk=1 Start=3680375753897 End=3680375753903 Duration=6
Task=75 Chunk=2 Start=3680375753970 End=3680375754843 Duration=873
Task=75 Chunk=3 Start=3680376679289 End=3680376746694 Duration=67405
Task=76 Chunk=0 Start=3680375788413 End=3680375822585 Duration=34172
Task=76 Chunk=1 Start=3680375822656 End=3680375822659 Duration=3
Task=76 Chunk=2 Start=3680375822698 End=3680375823594 Duration=896
Task=76 Chunk=3 Start=3680376746702 End=3680376815562 Duration=68860
Task=77 Chunk=0 Start=3680375856474 End=3680375892159 Duration=35685
Task=77 Chunk=1 Start=3680375892190 End=3680375892197 Duration=7
Task=77 Chunk=2 Start=3680375892269 End=3680375893225 Duration=956
Task=77 Chunk=3 Start=3680376815572 End=3680376884534 Duration=68962
Task=78 Chunk=0 Start=3680375925312 End=3680375959490 Duration=34178
Task=78 Chunk=1 Start=3680375959514 End=3680375959517 Duration=3
Task=78 Chunk=2 Start=3680375959585 End=3680375960481 Duration=896
Task=78 Chunk=3 Start=3680376884535 End=3680376952021 Duration=67486
Task=79 Chunk=0 Start=3680375993914 End=3680376028021 Duration=34107
Task=79 Chunk=1 Start=3680376028065 End=3680376028068 Duration=3
Task=79 Chunk=2 Start=3680376028102 End=3680376028928 Duration=826
Task=79 Chunk=3 Start=3680376952029 End=3680377020810 Duration=68781
Task=80 Chunk=0 Start=3680376060835 End=3680376096833 Duration=35998
Task=80 Chunk=1 Start=3680376096846 End=3680376096859 Duration=13
Task=80 Chunk=2 Start=3680376096925 End=3680376097967 Duration=1042
Task=80 Chunk=3 Start=3680377020812 End=3680377090014 Duration=69202
Task=81 Chunk=0 Start=3680376129521 End=3680376163498 Duration=33977
Task=81 Chunk=1 Start=3680376163518 End=3680376163521 Duration=3
Task=81 Chunk=2 Start=3680376163558 End=3680376164482 Duration=924
Task=81 Chunk=3 Start=3680377090015 End=3680377156807 Duration=66792
Task=82 Chunk=0 Start=3680376198042 End=3680376231877 Duration=33835
Task=82 Chunk=1 Start=3680376231923 End=3680376231926 Duration=3
Task=82 Chunk=2 Start=3680376231955 End=3680376232891 Duration=936
Task=82 Chunk=3 Start=3680377156820 End=3680377225460 Duration=68640
Task=83 Chunk=0 Start=3680376265906 End=3680376301784 Duration=35878
Task=83 Chunk=1 Start=3680376301856 End=3680376301858 Duration=2
Task=83 Chunk=2 Start=3680376301903 End=3680376302781 Duration=878
Task=83 Chunk=3 Start=3680377225469 End=3680377294043 Duration=68574
Task=84 Chunk=0 Start=3680376334699 End=3680376368778 Duration=34079
Task=84 Chunk=1 Start=3680376368824 End=3680376368826 Duration=2
Task=84 Chunk=2 Start=3680376368893 End=3680376369738 Duration=845
Task=84 Chunk=3 Start=3680377294048 End=3680377362976 Duration=68928
Task=85 Chunk=0 Start=3680376402970 End=3680376437121 Duration=34151
Task=85 Chunk=1 Start=3680376437174 End=3680376437176 Duration=2
Task=85 Chunk=2 Start=3680376437216 End=3680376438063 Duration=847
Task=85 Chunk=3 Start=3680377362981 End=3680377430741 Duration=67760
Task=86 Chunk=0 Start=3680376474288 End=3680376508526 Duration=34238
Task=86 Chunk=1 Start=3680376508600 End=3680376508602 Duration=2
Task=86 Chunk=2 Start=3680376508643 End=3680376509573 Duration=930
Task=86 Chunk=3 Start=3680377430742 End=3680377501382 Duration=70640
Task=87 Chunk=0 Start=3680376541463 End=3680376577871 Duration=36408
Task=87 Chunk=1 Start=3680376577933 End=3680376577936 Duration=3
Task=87 Chunk=2 Start=3680376578004 End=3680376578930 Duration=926
Task=87 Chunk=3 Start=3680377501387 End=3680377568479 Duration=67092
Task=88 Chunk=0 Start=3680376610872 End=3680376645088 Duration=34216
Task=88 Chunk=1 Start=3680376645105 End=3680376645108 Duration=3
Task=88 Chunk=2 Start=3680376645163 End=3680376646088 Duration=925
Task=88 Chunk=3 Start=3680377568481 End=3680377634963 Duration=66482
Task=89 Chunk=0 Start=3680376679305 End=3680376713303 Duration=33998
Task=89 Chunk=1 Start=3680376713358 End=3680376713361 Duration=3
Task=89 Chunk=2 Start=3680376713393 End=3680376714254 Duration=861
Task=89 Chunk=3 Start=3680377634964 End=3680377702275 Duration=67311
Task=90 Chunk=0 Start=3680376746717 End=3680376782636 Duration=35919
Task=90 Chunk=1 Start=3680376782692 End=3680376782695 Duration=3
Task=90 Chunk=2 Start=3680376782772 End=3680376783620 Duration=848
Task=90 Chunk=3 Start=3680377702277 End=3680377769911 Duration=67634
Task=91 Chunk=0 Start=3680376815580 End=3680376849921 Duration=34341
Task=91 Chunk=1 Start=3680376849998 End=3680376850001 Duration=3
Task=91 Chunk=2 Start=3680376850052 End=3680376850846 Duration=794
Task=91 Chunk=3 Start=3680377769913 End=3680377837411 Duration=67498
Task=92 Chunk=0 Start=3680376884566 End=3680376918723 Duration=34157
Task=92 Chunk=1 Start=3680376918772 End=3680376918782 Duration=10
Task=92 Chunk=2 Start=3680376918828 End=3680376919763 Duration=935
Task=92 Chunk=3 Start=3680377837412 End=3680377904643 Duration=67231
Task=93 Chunk=0 Start=3680376952041 End=3680376987335 Duration=35294
Task=93 Chunk=1 Start=3680376987359 End=3680376987361 Duration=2
Task=93 Chunk=2 Start=3680376987412 End=3680376988332 Duration=920
Task=93 Chunk=3 Start=3680377904644 End=3680377972320 Duration=67676
Task=94 Chunk=0 Start=3680377020828 End=3680377054765 Duration=33937
Task=94 Chunk=1 Start=3680377054782 End=3680377054784 Duration=2
Task=94 Chunk=2 Start=3680377054823 End=3680377055688 Duration=865
Task=94 Chunk=3 Start=3680377972322 End=3680378039127 Duration=66805
Task=95 Chunk=0 Start=3680377090036 End=3680377124281 Duration=34245
Task=95 Chunk=1 Start=3680377124317 End=3680377124320 Duration=3
Task=95 Chunk=2 Start=3680377124354 End=3680377125447 Duration=1093
Task=95 Chunk=3 Start=3680378039128 End=3680378106657 Duration=67529
Task=96 Chunk=0 Start=3680377156828 End=3680377192312 Duration=35484
Task=96 Chunk=1 Start=3680377192381 End=3680377192384 Duration=3
Task=96 Chunk=2 Start=3680377192448 End=3680377193509 Duration=1061
Task=96 Chunk=3 Start=3680378106658 End=3680378174003 Duration=67345
Task=97 Chunk=0 Start=3680377225487 End=3680377260991 Duration=35504
Task=97 Chunk=1 Start=3680377261011 End=3680377261014 Duration=3
Task=97 Chunk=2 Start=3680377261033 End=3680377262096 Duration=1063
Task=97 Chunk=3 Start=3680378174004 End=3680378240331 Duration=66327
Task=98 Chunk=0 Start=3680377294058 End=3680377328165 Duration=34107
Task=98 Chunk=1 Start=3680377328211 End=3680377328214 Duration=3
Task=98 Chunk=2 Start=3680377328265 End=3680377329103 Duration=838
Task=98 Chunk=3 Start=3680378240332 End=3680378307445 Duration=67113
Task=99 Chunk=0 Start=3680377362993 End=3680377397086 Duration=34093
Task=99 Chunk=1 Start=3680377397150 End=3680377397153 Duration=3
Task=99 Chunk=2 Start=3680377397189 End=3680377398658 Duration=1469
Task=99 Chunk=3 Start=3680378307447 End=3680378374665 Duration=67218
### Python End ###

--------------------------------
[2025-06-26 13:50:02.489] [info] Available Vulkan Layers:
[2025-06-26 13:50:02.489] [warning] Validation layer requested but not available, continuing without it...
[2025-06-26 13:50:02.493] [info] Using integrated GPU: Mali-G710
[2025-06-26 13:50:02.498] [info] VulkanDispatcher instance created.
[2025-06-26 13:50:02.729] [info] Total memory used: 40550404 bytes (38.67188 MB)
[2025-06-26 13:50:02.735] [info] Total memory used: 40550404 bytes (38.67188 MB)
[2025-06-26 13:50:02.787] [info] Total memory used: 40550404 bytes (38.67188 MB)
[2025-06-26 13:50:02.794] [info] Total memory used: 40550404 bytes (38.67188 MB)
[2025-06-26 13:50:02.801] [info] Total memory used: 40550404 bytes (38.67188 MB)
[2025-06-26 13:50:02.902] [info] Total memory used: 40550404 bytes (38.67188 MB)
[2025-06-26 13:50:02.908] [info] Total memory used: 40550404 bytes (38.67188 MB)
[2025-06-26 13:50:02.913] [info] Total memory used: 40550404 bytes (38.67188 MB)
[2025-06-26 13:50:02.919] [info] Total memory used: 40550404 bytes (38.67188 MB)
[2025-06-26 13:50:02.925] [info] Total memory used: 40550404 bytes (38.67188 MB)
[2025-06-26 13:50:03.005] [info] Total memory used: 40550404 bytes (38.67188 MB)
[2025-06-26 13:50:03.010] [info] Total memory used: 40550404 bytes (38.67188 MB)
[2025-06-26 13:50:03.016] [info] Total memory used: 40550404 bytes (38.67188 MB)
[2025-06-26 13:50:03.022] [info] Total memory used: 40550404 bytes (38.67188 MB)
[2025-06-26 13:50:03.028] [info] Total memory used: 40550404 bytes (38.67188 MB)
[2025-06-26 13:50:03.034] [info] Total memory used: 40550404 bytes (38.67188 MB)
### Python Begin ###
Schedule_UID=SCH-B3G1L1M2-G230-947a
Frequency=24576000 Hz
Task=0 Chunk=0 Start=3680392595616 End=3680392647659 Duration=52043
Task=0 Chunk=1 Start=3680392647722 End=3680392647758 Duration=36
Task=0 Chunk=2 Start=3680392647776 End=3680392725316 Duration=77540
Task=0 Chunk=3 Start=3680392725367 End=3680392947257 Duration=221890
Task=1 Chunk=0 Start=3680392647661 End=3680392689299 Duration=41638
Task=1 Chunk=1 Start=3680392689320 End=3680392689324 Duration=4
Task=1 Chunk=2 Start=3680392725325 End=3680392727444 Duration=2119
Task=1 Chunk=3 Start=3680392947272 End=3680393093931 Duration=146659
Task=2 Chunk=0 Start=3680392689300 End=3680392734131 Duration=44831
Task=2 Chunk=1 Start=3680392734145 End=3680392734146 Duration=1
Task=2 Chunk=2 Start=3680392734184 End=3680392735049 Duration=865
Task=2 Chunk=3 Start=3680393093936 End=3680393219066 Duration=125130
Task=3 Chunk=0 Start=3680392734132 End=3680392775774 Duration=41642
Task=3 Chunk=1 Start=3680392775797 End=3680392775798 Duration=1
Task=3 Chunk=2 Start=3680392775812 End=3680392776645 Duration=833
Task=3 Chunk=3 Start=3680393219068 End=3680393337628 Duration=118560
Task=4 Chunk=0 Start=3680392775775 End=3680392823119 Duration=47344
Task=4 Chunk=1 Start=3680393202660 End=3680393202692 Duration=32
Task=4 Chunk=2 Start=3680393202717 End=3680393203671 Duration=954
Task=4 Chunk=3 Start=3680393337631 End=3680393454577 Duration=116946
Task=5 Chunk=0 Start=3680392823120 End=3680392869523 Duration=46403
Task=5 Chunk=1 Start=3680393202693 End=3680393202694 Duration=1
Task=5 Chunk=2 Start=3680393203681 End=3680393204064 Duration=383
Task=5 Chunk=3 Start=3680393454578 End=3680393573797 Duration=119219
Task=6 Chunk=0 Start=3680392869524 End=3680392917165 Duration=47641
Task=6 Chunk=1 Start=3680393202695 End=3680393202697 Duration=2
Task=6 Chunk=2 Start=3680393204067 End=3680393204415 Duration=348
Task=6 Chunk=3 Start=3680393573798 End=3680393691740 Duration=117942
Task=7 Chunk=0 Start=3680392917166 End=3680392962195 Duration=45029
Task=7 Chunk=1 Start=3680393202698 End=3680393202699 Duration=1
Task=7 Chunk=2 Start=3680393204418 End=3680393204746 Duration=328
Task=7 Chunk=3 Start=3680393691741 End=3680393809393 Duration=117652
Task=8 Chunk=0 Start=3680392962197 End=3680393009823 Duration=47626
Task=8 Chunk=1 Start=3680393202700 End=3680393202701 Duration=1
Task=8 Chunk=2 Start=3680393204750 End=3680393205067 Duration=317
Task=8 Chunk=3 Start=3680393809394 End=3680393927312 Duration=117918
Task=9 Chunk=0 Start=3680393009824 End=3680393054213 Duration=44389
Task=9 Chunk=1 Start=3680393202703 End=3680393202704 Duration=1
Task=9 Chunk=2 Start=3680393205074 End=3680393205395 Duration=321
Task=9 Chunk=3 Start=3680393927313 End=3680394044962 Duration=117649
Task=10 Chunk=0 Start=3680393054214 End=3680393098225 Duration=44011
Task=10 Chunk=1 Start=3680393202705 End=3680393202706 Duration=1
Task=10 Chunk=2 Start=3680393205398 End=3680393205707 Duration=309
Task=10 Chunk=3 Start=3680394044963 End=3680394162203 Duration=117240
Task=11 Chunk=0 Start=3680393098242 End=3680393141835 Duration=43593
Task=11 Chunk=1 Start=3680393202707 End=3680393202709 Duration=2
Task=11 Chunk=2 Start=3680393205710 End=3680393206019 Duration=309
Task=11 Chunk=3 Start=3680394162205 End=3680394280427 Duration=118222
Task=12 Chunk=0 Start=3680393141836 End=3680393186978 Duration=45142
Task=12 Chunk=1 Start=3680393202710 End=3680393202711 Duration=1
Task=12 Chunk=2 Start=3680393206022 End=3680393206326 Duration=304
Task=12 Chunk=3 Start=3680394280428 End=3680394399662 Duration=119234
Task=13 Chunk=0 Start=3680393186980 End=3680393229386 Duration=42406
Task=13 Chunk=1 Start=3680393229394 End=3680393229395 Duration=1
Task=13 Chunk=2 Start=3680393229432 End=3680393229748 Duration=316
Task=13 Chunk=3 Start=3680394399664 End=3680394517003 Duration=117339
Task=14 Chunk=0 Start=3680393229388 End=3680393271114 Duration=41726
Task=14 Chunk=1 Start=3680393271132 End=3680393271133 Duration=1
Task=14 Chunk=2 Start=3680393271146 End=3680393271512 Duration=366
Task=14 Chunk=3 Start=3680394517004 End=3680394634371 Duration=117367
Task=15 Chunk=0 Start=3680393271116 End=3680393314169 Duration=43053
Task=15 Chunk=1 Start=3680393314182 End=3680393314184 Duration=2
Task=15 Chunk=2 Start=3680393314206 End=3680393314683 Duration=477
Task=15 Chunk=3 Start=3680394634372 End=3680394752036 Duration=117664
Task=16 Chunk=0 Start=3680393314170 End=3680393355656 Duration=41486
Task=16 Chunk=1 Start=3680393355676 End=3680393355677 Duration=1
Task=16 Chunk=2 Start=3680393355698 End=3680393356056 Duration=358
Task=16 Chunk=3 Start=3680394752037 End=3680394870996 Duration=118959
Task=17 Chunk=0 Start=3680393355657 End=3680393398504 Duration=42847
Task=17 Chunk=1 Start=3680393398517 End=3680393398518 Duration=1
Task=17 Chunk=2 Start=3680393398578 End=3680393399030 Duration=452
Task=17 Chunk=3 Start=3680394870997 End=3680394988272 Duration=117275
Task=18 Chunk=0 Start=3680393398505 End=3680393440294 Duration=41789
Task=18 Chunk=1 Start=3680393440318 End=3680393440325 Duration=7
Task=18 Chunk=2 Start=3680393440367 End=3680393440803 Duration=436
Task=18 Chunk=3 Start=3680394988273 End=3680395105896 Duration=117623
Task=19 Chunk=0 Start=3680393454601 End=3680393497762 Duration=43161
Task=19 Chunk=1 Start=3680393497772 End=3680393497773 Duration=1
Task=19 Chunk=2 Start=3680393497824 End=3680393498240 Duration=416
Task=19 Chunk=3 Start=3680395105897 End=3680395222522 Duration=116625
Task=20 Chunk=0 Start=3680393573839 End=3680393616925 Duration=43086
Task=20 Chunk=1 Start=3680393616939 End=3680393616940 Duration=1
Task=20 Chunk=2 Start=3680393617000 End=3680393617422 Duration=422
Task=20 Chunk=3 Start=3680395222523 End=3680395340273 Duration=117750
Task=21 Chunk=0 Start=3680393691778 End=3680393733231 Duration=41453
Task=21 Chunk=1 Start=3680393733251 End=3680393733252 Duration=1
Task=21 Chunk=2 Start=3680393733271 End=3680393733710 Duration=439
Task=21 Chunk=3 Start=3680395340291 End=3680395461066 Duration=120775
Task=22 Chunk=0 Start=3680393809424 End=3680393850809 Duration=41385
Task=22 Chunk=1 Start=3680393850817 End=3680393850818 Duration=1
Task=22 Chunk=2 Start=3680393850884 End=3680393851320 Duration=436
Task=22 Chunk=3 Start=3680395461088 End=3680395578060 Duration=116972
Task=23 Chunk=0 Start=3680393927334 End=3680393968793 Duration=41459
Task=23 Chunk=1 Start=3680393968805 End=3680393968806 Duration=1
Task=23 Chunk=2 Start=3680393968826 End=3680393969250 Duration=424
Task=23 Chunk=3 Start=3680395578061 End=3680395695726 Duration=117665
Task=24 Chunk=0 Start=3680394044980 End=3680394087633 Duration=42653
Task=24 Chunk=1 Start=3680394087646 End=3680394087651 Duration=5
Task=24 Chunk=2 Start=3680394087713 End=3680394088187 Duration=474
Task=24 Chunk=3 Start=3680395695745 End=3680395812927 Duration=117182
Task=25 Chunk=0 Start=3680394162244 End=3680394204947 Duration=42703
Task=25 Chunk=1 Start=3680394204966 End=3680394204968 Duration=2
Task=25 Chunk=2 Start=3680394205021 End=3680394205473 Duration=452
Task=25 Chunk=3 Start=3680395812932 End=3680395899338 Duration=86406
Task=26 Chunk=0 Start=3680394280463 End=3680394322077 Duration=41614
Task=26 Chunk=1 Start=3680394322087 End=3680394322088 Duration=1
Task=26 Chunk=2 Start=3680394322158 End=3680394322585 Duration=427
Task=26 Chunk=3 Start=3680395899340 End=3680396053689 Duration=154349
Task=27 Chunk=0 Start=3680394399694 End=3680394441105 Duration=41411
Task=27 Chunk=1 Start=3680394441118 End=3680394441119 Duration=1
Task=27 Chunk=2 Start=3680394441128 End=3680394441621 Duration=493
Task=27 Chunk=3 Start=3680396053690 End=3680396176229 Duration=122539
Task=28 Chunk=0 Start=3680394517029 End=3680394558455 Duration=41426
Task=28 Chunk=1 Start=3680394558480 End=3680394558481 Duration=1
Task=28 Chunk=2 Start=3680394558545 End=3680394559043 Duration=498
Task=28 Chunk=3 Start=3680396176230 End=3680396323856 Duration=147626
Task=29 Chunk=0 Start=3680394634401 End=3680394677040 Duration=42639
Task=29 Chunk=1 Start=3680394677050 End=3680394677051 Duration=1
Task=29 Chunk=2 Start=3680394677105 End=3680394677583 Duration=478
Task=29 Chunk=3 Start=3680396323857 End=3680396442906 Duration=119049
Task=30 Chunk=0 Start=3680394752060 End=3680394794665 Duration=42605
Task=30 Chunk=1 Start=3680394794677 End=3680394794678 Duration=1
Task=30 Chunk=2 Start=3680394794705 End=3680394795144 Duration=439
Task=30 Chunk=3 Start=3680396442907 End=3680396562594 Duration=119687
Task=31 Chunk=0 Start=3680394871023 End=3680394912479 Duration=41456
Task=31 Chunk=1 Start=3680394912491 End=3680394912492 Duration=1
Task=31 Chunk=2 Start=3680394912513 End=3680394912966 Duration=453
Task=31 Chunk=3 Start=3680396562595 End=3680396684756 Duration=122161
Task=32 Chunk=0 Start=3680394988298 End=3680395029683 Duration=41385
Task=32 Chunk=1 Start=3680395029691 End=3680395029693 Duration=2
Task=32 Chunk=2 Start=3680395029734 End=3680395030169 Duration=435
Task=32 Chunk=3 Start=3680396684757 End=3680396805091 Duration=120334
Task=33 Chunk=0 Start=3680395105918 End=3680395147663 Duration=41745
Task=33 Chunk=1 Start=3680395147680 End=3680395147681 Duration=1
Task=33 Chunk=2 Start=3680395147721 End=3680395416805 Duration=269084
Task=33 Chunk=3 Start=3680396805092 End=3680396927524 Duration=122432
Task=34 Chunk=0 Start=3680395222535 End=3680395265518 Duration=42983
Task=34 Chunk=1 Start=3680395265532 End=3680395265533 Duration=1
Task=34 Chunk=2 Start=3680395416817 End=3680395542495 Duration=125678
Task=34 Chunk=3 Start=3680396927526 End=3680397048434 Duration=120908
Task=35 Chunk=0 Start=3680395340299 End=3680395383268 Duration=42969
Task=35 Chunk=1 Start=3680395383278 End=3680395383279 Duration=1
Task=35 Chunk=2 Start=3680395542503 End=3680395624001 Duration=81498
Task=35 Chunk=3 Start=3680397048435 End=3680397166019 Duration=117584
Task=36 Chunk=0 Start=3680395461092 End=3680395502479 Duration=41387
Task=36 Chunk=1 Start=3680395502487 End=3680395502488 Duration=1
Task=36 Chunk=2 Start=3680395624009 End=3680395632622 Duration=8613
Task=36 Chunk=3 Start=3680397166021 End=3680397275570 Duration=109549
Task=37 Chunk=0 Start=3680395578081 End=3680395619819 Duration=41738
Task=37 Chunk=1 Start=3680395619825 End=3680395619826 Duration=1
Task=37 Chunk=2 Start=3680395632626 End=3680395634284 Duration=1658
Task=37 Chunk=3 Start=3680397275573 End=3680397425795 Duration=150222
Task=38 Chunk=0 Start=3680395695756 End=3680395737250 Duration=41494
Task=38 Chunk=1 Start=3680395737254 End=3680395737259 Duration=5
Task=38 Chunk=2 Start=3680395737328 End=3680395737782 Duration=454
Task=38 Chunk=3 Start=3680397425796 End=3680397545902 Duration=120106
Task=39 Chunk=0 Start=3680395812945 End=3680395856230 Duration=43285
Task=39 Chunk=1 Start=3680395900736 End=3680395900745 Duration=9
Task=39 Chunk=2 Start=3680395900834 End=3680395901323 Duration=489
Task=39 Chunk=3 Start=3680397545903 End=3680397665688 Duration=119785
Task=40 Chunk=0 Start=3680395899353 End=3680395942939 Duration=43586
Task=40 Chunk=1 Start=3680395994579 End=3680395994606 Duration=27
Task=40 Chunk=2 Start=3680395994651 End=3680395995132 Duration=481
Task=40 Chunk=3 Start=3680397665690 End=3680397781887 Duration=116197
Task=41 Chunk=0 Start=3680396053705 End=3680396095891 Duration=42186
Task=41 Chunk=1 Start=3680396113820 End=3680396113826 Duration=6
Task=41 Chunk=2 Start=3680396113901 End=3680396114414 Duration=513
Task=41 Chunk=3 Start=3680397781888 End=3680397862259 Duration=80371
Task=42 Chunk=0 Start=3680396176252 End=3680396217678 Duration=41426
Task=42 Chunk=1 Start=3680396217688 End=3680396217689 Duration=1
Task=42 Chunk=2 Start=3680396217738 End=3680396218171 Duration=433
Task=42 Chunk=3 Start=3680397862260 End=3680398015610 Duration=153350
Task=43 Chunk=0 Start=3680396323874 End=3680396366639 Duration=42765
Task=43 Chunk=1 Start=3680396384002 End=3680396384044 Duration=42
Task=43 Chunk=2 Start=3680396384087 End=3680396384654 Duration=567
Task=43 Chunk=3 Start=3680398015618 End=3680398134472 Duration=118854
Task=44 Chunk=0 Start=3680396442926 End=3680396485048 Duration=42122
Task=44 Chunk=1 Start=3680396501732 End=3680396501739 Duration=7
Task=44 Chunk=2 Start=3680396501818 End=3680396502261 Duration=443
Task=44 Chunk=3 Start=3680398134474 End=3680398193029 Duration=58555
Task=45 Chunk=0 Start=3680396562610 End=3680396605036 Duration=42426
Task=45 Chunk=1 Start=3680396624128 End=3680396624134 Duration=6
Task=45 Chunk=2 Start=3680396624169 End=3680396626296 Duration=2127
Task=45 Chunk=3 Start=3680398193030 End=3680398368513 Duration=175483
Task=46 Chunk=0 Start=3680396684776 End=3680396727871 Duration=43095
Task=46 Chunk=1 Start=3680396745728 End=3680396745735 Duration=7
Task=46 Chunk=2 Start=3680396745780 End=3680396746306 Duration=526
Task=46 Chunk=3 Start=3680398368518 End=3680398484294 Duration=115776
Task=47 Chunk=0 Start=3680396805112 End=3680396849195 Duration=44083
Task=47 Chunk=1 Start=3680396866630 End=3680396866655 Duration=25
Task=47 Chunk=2 Start=3680396866725 End=3680396867224 Duration=499
Task=47 Chunk=3 Start=3680398484298 End=3680398601106 Duration=116808
Task=48 Chunk=0 Start=3680396927543 End=3680396969579 Duration=42036
Task=48 Chunk=1 Start=3680396987555 End=3680396987563 Duration=8
Task=48 Chunk=2 Start=3680396987617 End=3680396988084 Duration=467
Task=48 Chunk=3 Start=3680398601107 End=3680398716934 Duration=115827
Task=49 Chunk=0 Start=3680397048452 End=3680397090108 Duration=41656
Task=49 Chunk=1 Start=3680397090120 End=3680397090122 Duration=2
Task=49 Chunk=2 Start=3680397090156 End=3680397090608 Duration=452
Task=49 Chunk=3 Start=3680398716935 End=3680398832308 Duration=115373
Task=50 Chunk=0 Start=3680397166048 End=3680397207520 Duration=41472
Task=50 Chunk=1 Start=3680397207535 End=3680397207540 Duration=5
Task=50 Chunk=2 Start=3680397207611 End=3680397208035 Duration=424
Task=50 Chunk=3 Start=3680398832317 End=3680398945028 Duration=112711
Task=51 Chunk=0 Start=3680397275595 End=3680397320255 Duration=44660
Task=51 Chunk=1 Start=3680397366566 End=3680397366615 Duration=49
Task=51 Chunk=2 Start=3680397366640 End=3680397367149 Duration=509
Task=51 Chunk=3 Start=3680398945040 End=3680399069911 Duration=124871
Task=52 Chunk=0 Start=3680397425827 End=3680397468339 Duration=42512
Task=52 Chunk=1 Start=3680397485688 End=3680397485694 Duration=6
Task=52 Chunk=2 Start=3680397485735 End=3680397486193 Duration=458
Task=52 Chunk=3 Start=3680399069930 End=3680399129950 Duration=60020
Task=53 Chunk=0 Start=3680397545922 End=3680397588137 Duration=42215
Task=53 Chunk=1 Start=3680397605245 End=3680397605251 Duration=6
Task=53 Chunk=2 Start=3680397605310 End=3680397605814 Duration=504
Task=53 Chunk=3 Start=3680399129959 End=3680399249702 Duration=119743
Task=54 Chunk=0 Start=3680397665707 End=3680397709332 Duration=43625
Task=54 Chunk=1 Start=3680397709338 End=3680397709344 Duration=6
Task=54 Chunk=2 Start=3680397709418 End=3680397709871 Duration=453
Task=54 Chunk=3 Start=3680399249703 End=3680399426037 Duration=176334
Task=55 Chunk=0 Start=3680397781903 End=3680397825085 Duration=43182
Task=55 Chunk=1 Start=3680397863020 End=3680397863032 Duration=12
Task=55 Chunk=2 Start=3680397863066 End=3680397863493 Duration=427
Task=55 Chunk=3 Start=3680399426038 End=3680399534379 Duration=108341
Task=56 Chunk=0 Start=3680397862290 End=3680397905461 Duration=43171
Task=56 Chunk=1 Start=3680397955633 End=3680397955658 Duration=25
Task=56 Chunk=2 Start=3680397955696 End=3680397956092 Duration=396
Task=56 Chunk=3 Start=3680399534383 End=3680399624948 Duration=90565
Task=57 Chunk=0 Start=3680398015623 End=3680398057886 Duration=42263
Task=57 Chunk=1 Start=3680398074908 End=3680398074915 Duration=7
Task=57 Chunk=2 Start=3680398074982 End=3680398075427 Duration=445
Task=57 Chunk=3 Start=3680399624949 End=3680399797597 Duration=172648
Task=58 Chunk=0 Start=3680398134496 End=3680398176674 Duration=42178
Task=58 Chunk=1 Start=3680398193663 End=3680398193672 Duration=9
Task=58 Chunk=2 Start=3680398193758 End=3680398194246 Duration=488
Task=58 Chunk=3 Start=3680399797598 End=3680399914514 Duration=116916
Task=59 Chunk=0 Start=3680398193037 End=3680398236036 Duration=42999
Task=59 Chunk=1 Start=3680398236054 End=3680398236055 Duration=1
Task=59 Chunk=2 Start=3680398236067 End=3680398236510 Duration=443
Task=59 Chunk=3 Start=3680399914515 End=3680400034783 Duration=120268
Task=60 Chunk=0 Start=3680398368547 End=3680398411431 Duration=42884
Task=60 Chunk=1 Start=3680398411451 End=3680398411452 Duration=1
Task=60 Chunk=2 Start=3680398411504 End=3680398411990 Duration=486
Task=60 Chunk=3 Start=3680400034784 End=3680400125330 Duration=90546
Task=61 Chunk=0 Start=3680398484333 End=3680398526896 Duration=42563
Task=61 Chunk=1 Start=3680398526920 End=3680398526921 Duration=1
Task=61 Chunk=2 Start=3680398526972 End=3680398527416 Duration=444
Task=61 Chunk=3 Start=3680400125332 End=3680400211385 Duration=86053
Task=62 Chunk=0 Start=3680398601138 End=3680398642674 Duration=41536
Task=62 Chunk=1 Start=3680398642690 End=3680398642698 Duration=8
Task=62 Chunk=2 Start=3680398642751 End=3680398643234 Duration=483
Task=62 Chunk=3 Start=3680400211386 End=3680400385110 Duration=173724
Task=63 Chunk=0 Start=3680398716957 End=3680398758479 Duration=41522
Task=63 Chunk=1 Start=3680398758500 End=3680398758501 Duration=1
Task=63 Chunk=2 Start=3680398758572 End=3680398759020 Duration=448
Task=63 Chunk=3 Start=3680400385111 End=3680400504909 Duration=119798
Task=64 Chunk=0 Start=3680398832324 End=3680398874443 Duration=42119
Task=64 Chunk=1 Start=3680398888011 End=3680398888038 Duration=27
Task=64 Chunk=2 Start=3680398888097 End=3680398888650 Duration=553
Task=64 Chunk=3 Start=3680400504910 End=3680400648526 Duration=143616
Task=65 Chunk=0 Start=3680398945041 End=3680398988785 Duration=43744
Task=65 Chunk=1 Start=3680399004977 End=3680399005025 Duration=48
Task=65 Chunk=2 Start=3680399005067 End=3680399005524 Duration=457
Task=65 Chunk=3 Start=3680400648528 End=3680400769687 Duration=121159
Task=66 Chunk=0 Start=3680399069945 End=3680399113150 Duration=43205
Task=66 Chunk=1 Start=3680399130700 End=3680399130751 Duration=51
Task=66 Chunk=2 Start=3680399130760 End=3680399193082 Duration=62322
Task=66 Chunk=3 Start=3680400769690 End=3680400888655 Duration=118965
Task=67 Chunk=0 Start=3680399129990 End=3680399192656 Duration=62666
Task=67 Chunk=1 Start=3680399250167 End=3680399250173 Duration=6
Task=67 Chunk=2 Start=3680399250201 End=3680399310627 Duration=60426
Task=67 Chunk=3 Start=3680400888656 End=3680401005727 Duration=117071
Task=68 Chunk=0 Start=3680399249724 End=3680399310322 Duration=60598
Task=68 Chunk=1 Start=3680399310336 End=3680399310337 Duration=1
Task=68 Chunk=2 Start=3680399310637 End=3680399311017 Duration=380
Task=68 Chunk=3 Start=3680401005728 End=3680401122142 Duration=116414
Task=69 Chunk=0 Start=3680399426067 End=3680399467619 Duration=41552
Task=69 Chunk=1 Start=3680399467628 End=3680399467629 Duration=1
Task=69 Chunk=2 Start=3680399467676 End=3680399468102 Duration=426
Task=69 Chunk=3 Start=3680401122144 End=3680401238494 Duration=116350
Task=70 Chunk=0 Start=3680399534398 End=3680399577238 Duration=42840
Task=70 Chunk=1 Start=3680399625627 End=3680399625631 Duration=4
Task=70 Chunk=2 Start=3680399625707 End=3680399626220 Duration=513
Task=70 Chunk=3 Start=3680401238497 End=3680401359999 Duration=121502
Task=71 Chunk=0 Start=3680399624966 End=3680399666783 Duration=41817
Task=71 Chunk=1 Start=3680399666799 End=3680399666800 Duration=1
Task=71 Chunk=2 Start=3680399666852 End=3680399667226 Duration=374
Task=71 Chunk=3 Start=3680401360021 End=3680401475801 Duration=115780
Task=72 Chunk=0 Start=3680399797631 End=3680399839575 Duration=41944
Task=72 Chunk=1 Start=3680399855853 End=3680399855857 Duration=4
Task=72 Chunk=2 Start=3680399855916 End=3680399856422 Duration=506
Task=72 Chunk=3 Start=3680401475813 End=3680401581758 Duration=105945
Task=73 Chunk=0 Start=3680399914546 End=3680399956686 Duration=42140
Task=73 Chunk=1 Start=3680399971242 End=3680399971250 Duration=8
Task=73 Chunk=2 Start=3680399971324 End=3680399971832 Duration=508
Task=73 Chunk=3 Start=3680401581765 End=3680401701339 Duration=119574
Task=74 Chunk=0 Start=3680400034815 End=3680400078242 Duration=43427
Task=74 Chunk=1 Start=3680400078257 End=3680400078265 Duration=8
Task=74 Chunk=2 Start=3680400078348 End=3680400078798 Duration=450
Task=74 Chunk=3 Start=3680401701341 End=3680401761164 Duration=59823
Task=75 Chunk=0 Start=3680400125353 End=3680400168708 Duration=43355
Task=75 Chunk=1 Start=3680400212079 End=3680400212085 Duration=6
Task=75 Chunk=2 Start=3680400212138 End=3680400212554 Duration=416
Task=75 Chunk=3 Start=3680401761166 End=3680401920578 Duration=159412
Task=76 Chunk=0 Start=3680400211414 End=3680400252975 Duration=41561
Task=76 Chunk=1 Start=3680400252985 End=3680400252986 Duration=1
Task=76 Chunk=2 Start=3680400253049 End=3680400253417 Duration=368
Task=76 Chunk=3 Start=3680401920594 End=3680401980270 Duration=59676
Task=77 Chunk=0 Start=3680400385163 End=3680400427265 Duration=42102
Task=77 Chunk=1 Start=3680400444376 End=3680400444382 Duration=6
Task=77 Chunk=2 Start=3680400444413 End=3680400444910 Duration=497
Task=77 Chunk=3 Start=3680401980271 End=3680402039923 Duration=59652
Task=78 Chunk=0 Start=3680400504934 End=3680400546464 Duration=41530
Task=78 Chunk=1 Start=3680400546489 End=3680400546495 Duration=6
Task=78 Chunk=2 Start=3680400546503 End=3680400546957 Duration=454
Task=78 Chunk=3 Start=3680402039926 End=3680402096974 Duration=57048
Task=79 Chunk=0 Start=3680400648549 End=3680400693249 Duration=44700
Task=79 Chunk=1 Start=3680400709646 End=3680400709679 Duration=33
Task=79 Chunk=2 Start=3680400709743 End=3680400710293 Duration=550
Task=79 Chunk=3 Start=3680402096975 End=3680402155705 Duration=58730
Task=80 Chunk=0 Start=3680400769704 End=3680400812053 Duration=42349
Task=80 Chunk=1 Start=3680400828421 End=3680400828427 Duration=6
Task=80 Chunk=2 Start=3680400828492 End=3680400828959 Duration=467
Task=80 Chunk=3 Start=3680402155706 End=3680402212899 Duration=57193
Task=81 Chunk=0 Start=3680400888694 End=3680400930223 Duration=41529
Task=81 Chunk=1 Start=3680400930246 End=3680400930252 Duration=6
Task=81 Chunk=2 Start=3680400930316 End=3680400930769 Duration=453
Task=81 Chunk=3 Start=3680402212900 End=3680402271524 Duration=58624
Task=82 Chunk=0 Start=3680401005743 End=3680401047163 Duration=41420
Task=82 Chunk=1 Start=3680401047183 End=3680401047188 Duration=5
Task=82 Chunk=2 Start=3680401047245 End=3680401047686 Duration=441
Task=82 Chunk=3 Start=3680402271525 End=3680402329623 Duration=58098
Task=83 Chunk=0 Start=3680401122164 End=3680401165597 Duration=43433
Task=83 Chunk=1 Start=3680401205228 End=3680401205260 Duration=32
Task=83 Chunk=2 Start=3680401205300 End=3680401205750 Duration=450
Task=83 Chunk=3 Start=3680402329624 End=3680402387096 Duration=57472
Task=84 Chunk=0 Start=3680401238518 End=3680401282446 Duration=43928
Task=84 Chunk=1 Start=3680401299898 End=3680401299905 Duration=7
Task=84 Chunk=2 Start=3680401299961 End=3680401300443 Duration=482
Task=84 Chunk=3 Start=3680402387097 End=3680402447093 Duration=59996
Task=85 Chunk=0 Start=3680401360022 End=3680401401664 Duration=41642
Task=85 Chunk=1 Start=3680401401695 End=3680401401700 Duration=5
Task=85 Chunk=2 Start=3680401401715 End=3680401402174 Duration=459
Task=85 Chunk=3 Start=3680402447109 End=3680402504315 Duration=57206
Task=86 Chunk=0 Start=3680401475824 End=3680401517951 Duration=42127
Task=86 Chunk=1 Start=3680401536428 End=3680401536462 Duration=34
Task=86 Chunk=2 Start=3680401536531 End=3680401536983 Duration=452
Task=86 Chunk=3 Start=3680402504316 End=3680402564786 Duration=60470
Task=87 Chunk=0 Start=3680401581777 End=3680401624060 Duration=42283
Task=87 Chunk=1 Start=3680401642006 End=3680401642030 Duration=24
Task=87 Chunk=2 Start=3680401642058 End=3680401642550 Duration=492
Task=87 Chunk=3 Start=3680402564790 End=3680402639560 Duration=74770
Task=88 Chunk=0 Start=3680401701361 End=3680401746558 Duration=45197
Task=88 Chunk=1 Start=3680401800829 End=3680401800837 Duration=8
Task=88 Chunk=2 Start=3680401800880 End=3680401801326 Duration=446
Task=88 Chunk=3 Start=3680402639561 End=3680402696364 Duration=56803
Task=89 Chunk=0 Start=3680401761195 End=3680401803478 Duration=42283
Task=89 Chunk=1 Start=3680401803495 End=3680401803496 Duration=1
Task=89 Chunk=2 Start=3680401803538 End=3680401803901 Duration=363
Task=89 Chunk=3 Start=3680402696366 End=3680402755726 Duration=59360
Task=90 Chunk=0 Start=3680401920595 End=3680401969980 Duration=49385
Task=90 Chunk=1 Start=3680401970072 End=3680401970103 Duration=31
Task=90 Chunk=2 Start=3680401970173 End=3680401970660 Duration=487
Task=90 Chunk=3 Start=3680402755727 End=3680402812679 Duration=56952
Task=91 Chunk=0 Start=3680401980293 End=3680402022765 Duration=42472
Task=91 Chunk=1 Start=3680402023222 End=3680402023233 Duration=11
Task=91 Chunk=2 Start=3680402023249 End=3680402023624 Duration=375
Task=91 Chunk=3 Start=3680402812680 End=3680402870620 Duration=57940
Task=92 Chunk=0 Start=3680402067128 End=3680402151386 Duration=84258
Task=92 Chunk=1 Start=3680402151404 End=3680402151411 Duration=7
Task=92 Chunk=2 Start=3680402151428 End=3680402151925 Duration=497
Task=92 Chunk=3 Start=3680402870621 End=3680402928372 Duration=57751
Task=93 Chunk=0 Start=3680402151392 End=3680402232317 Duration=80925
Task=93 Chunk=1 Start=3680402232337 End=3680402232339 Duration=2
Task=93 Chunk=2 Start=3680402232366 End=3680402232813 Duration=447
Task=93 Chunk=3 Start=3680402928373 End=3680402984957 Duration=56584
Task=94 Chunk=0 Start=3680402232333 End=3680402313215 Duration=80882
Task=94 Chunk=1 Start=3680402313243 End=3680402313244 Duration=1
Task=94 Chunk=2 Start=3680402313279 End=3680402313649 Duration=370
Task=94 Chunk=3 Start=3680402984958 End=3680403042715 Duration=57757
Task=95 Chunk=0 Start=3680402313219 End=3680402398635 Duration=85416
Task=95 Chunk=1 Start=3680402443090 End=3680402443092 Duration=2
Task=95 Chunk=2 Start=3680402443138 End=3680402443638 Duration=500
Task=95 Chunk=3 Start=3680403042718 End=3680403099460 Duration=56742
Task=96 Chunk=0 Start=3680402398640 End=3680402485657 Duration=87017
Task=96 Chunk=1 Start=3680402524759 End=3680402524801 Duration=42
Task=96 Chunk=2 Start=3680402524866 End=3680402529333 Duration=4467
Task=96 Chunk=3 Start=3680403099461 End=3680403157170 Duration=57709
Task=97 Chunk=0 Start=3680402485658 End=3680402529134 Duration=43476
Task=97 Chunk=1 Start=3680402565327 End=3680402565343 Duration=16
Task=97 Chunk=2 Start=3680402565370 End=3680402565775 Duration=405
Task=97 Chunk=3 Start=3680403157171 End=3680403214925 Duration=57754
Task=98 Chunk=0 Start=3680402529135 End=3680402571584 Duration=42449
Task=98 Chunk=1 Start=3680402571605 End=3680402571606 Duration=1
Task=98 Chunk=2 Start=3680402571671 End=3680402572013 Duration=342
Task=98 Chunk=3 Start=3680403214926 End=3680403271669 Duration=56743
Task=99 Chunk=0 Start=3680402571594 End=3680402613286 Duration=41692
Task=99 Chunk=1 Start=3680402628718 End=3680402628746 Duration=28
Task=99 Chunk=2 Start=3680402628782 End=3680402629395 Duration=613
Task=99 Chunk=3 Start=3680403271670 End=3680403329290 Duration=57620
### Python End ###

--------------------------------
[2025-06-26 13:50:03.546] [info] Available Vulkan Layers:
[2025-06-26 13:50:03.546] [warning] Validation layer requested but not available, continuing without it...
[2025-06-26 13:50:03.550] [info] Using integrated GPU: Mali-G710
[2025-06-26 13:50:03.553] [info] VulkanDispatcher instance created.
[2025-06-26 13:50:03.747] [info] Total memory used: 40550404 bytes (38.67188 MB)
[2025-06-26 13:50:03.752] [info] Total memory used: 40550404 bytes (38.67188 MB)
[2025-06-26 13:50:03.825] [info] Total memory used: 40550404 bytes (38.67188 MB)
[2025-06-26 13:50:03.833] [info] Total memory used: 40550404 bytes (38.67188 MB)
[2025-06-26 13:50:03.839] [info] Total memory used: 40550404 bytes (38.67188 MB)
[2025-06-26 13:50:03.916] [info] Total memory used: 40550404 bytes (38.67188 MB)
[2025-06-26 13:50:03.922] [info] Total memory used: 40550404 bytes (38.67188 MB)
[2025-06-26 13:50:03.946] [info] Total memory used: 40550404 bytes (38.67188 MB)
[2025-06-26 13:50:03.955] [info] Total memory used: 40550404 bytes (38.67188 MB)
[2025-06-26 13:50:03.961] [info] Total memory used: 40550404 bytes (38.67188 MB)
[2025-06-26 13:50:04.037] [info] Total memory used: 40550404 bytes (38.67188 MB)
[2025-06-26 13:50:04.043] [info] Total memory used: 40550404 bytes (38.67188 MB)
[2025-06-26 13:50:04.050] [info] Total memory used: 40550404 bytes (38.67188 MB)
[2025-06-26 13:50:04.057] [info] Total memory used: 40550404 bytes (38.67188 MB)
[2025-06-26 13:50:04.063] [info] Total memory used: 40550404 bytes (38.67188 MB)
[2025-06-26 13:50:04.069] [info] Total memory used: 40550404 bytes (38.67188 MB)
### Python Begin ###
Schedule_UID=SCH-L1B2G1M3-G230-6496
Frequency=24576000 Hz
Task=0 Chunk=0 Start=3680418054728 End=3680418064612 Duration=9884
Task=0 Chunk=1 Start=3680418064757 End=3680418140535 Duration=75778
Task=0 Chunk=2 Start=3680418140558 End=3680418140576 Duration=18
Task=0 Chunk=3 Start=3680418140580 End=3680418212215 Duration=71635
Task=1 Chunk=0 Start=3680418064646 End=3680418066142 Duration=1496
Task=1 Chunk=1 Start=3680418140548 End=3680418162468 Duration=21920
Task=1 Chunk=2 Start=3680418162485 End=3680418162502 Duration=17
Task=1 Chunk=3 Start=3680418212228 End=3680418281514 Duration=69286
Task=2 Chunk=0 Start=3680418066150 End=3680418066794 Duration=644
Task=2 Chunk=1 Start=3680418162469 End=3680418182810 Duration=20341
Task=2 Chunk=2 Start=3680418182816 End=3680418182818 Duration=2
Task=2 Chunk=3 Start=3680418281530 End=3680418347901 Duration=66371
Task=3 Chunk=0 Start=3680418066797 End=3680418067132 Duration=335
Task=3 Chunk=1 Start=3680418182811 End=3680418203053 Duration=20242
Task=3 Chunk=2 Start=3680418203072 End=3680418203073 Duration=1
Task=3 Chunk=3 Start=3680418347916 End=3680418416721 Duration=68805
Task=4 Chunk=0 Start=3680418067134 End=3680418067451 Duration=317
Task=4 Chunk=1 Start=3680418203054 End=3680418223227 Duration=20173
Task=4 Chunk=2 Start=3680418223245 End=3680418223246 Duration=1
Task=4 Chunk=3 Start=3680418416729 End=3680418484174 Duration=67445
Task=5 Chunk=0 Start=3680418067454 End=3680418067764 Duration=310
Task=5 Chunk=1 Start=3680418223229 End=3680418243382 Duration=20153
Task=5 Chunk=2 Start=3680418243406 End=3680418243407 Duration=1
Task=5 Chunk=3 Start=3680418484176 End=3680418551336 Duration=67160
Task=6 Chunk=0 Start=3680418067767 End=3680418068144 Duration=377
Task=6 Chunk=1 Start=3680418243383 End=3680418265458 Duration=22075
Task=6 Chunk=2 Start=3680418265474 End=3680418265475 Duration=1
Task=6 Chunk=3 Start=3680418551337 End=3680418617445 Duration=66108
Task=7 Chunk=0 Start=3680418068146 End=3680418068453 Duration=307
Task=7 Chunk=1 Start=3680418265460 End=3680418285740 Duration=20280
Task=7 Chunk=2 Start=3680418285760 End=3680418285761 Duration=1
Task=7 Chunk=3 Start=3680418617446 End=3680418684783 Duration=67337
Task=8 Chunk=0 Start=3680418068456 End=3680418068778 Duration=322
Task=8 Chunk=1 Start=3680418285741 End=3680418305907 Duration=20166
Task=8 Chunk=2 Start=3680418305913 End=3680418305914 Duration=1
Task=8 Chunk=3 Start=3680418684786 End=3680418752017 Duration=67231
Task=9 Chunk=0 Start=3680418068859 End=3680418069239 Duration=380
Task=9 Chunk=1 Start=3680418305908 End=3680418326790 Duration=20882
Task=9 Chunk=2 Start=3680418327129 End=3680418327130 Duration=1
Task=9 Chunk=3 Start=3680418752018 End=3680418817897 Duration=65879
Task=10 Chunk=0 Start=3680418069241 End=3680418069550 Duration=309
Task=10 Chunk=1 Start=3680418326791 End=3680418347061 Duration=20270
Task=10 Chunk=2 Start=3680418348258 End=3680418348259 Duration=1
Task=10 Chunk=3 Start=3680418817902 End=3680418884865 Duration=66963
Task=11 Chunk=0 Start=3680418069552 End=3680418069865 Duration=313
Task=11 Chunk=1 Start=3680418347063 End=3680418368287 Duration=21224
Task=11 Chunk=2 Start=3680418368311 End=3680418368312 Duration=1
Task=11 Chunk=3 Start=3680418884866 End=3680418952436 Duration=67570
Task=12 Chunk=0 Start=3680418069867 End=3680418070176 Duration=309
Task=12 Chunk=1 Start=3680418368289 End=3680418388547 Duration=20258
Task=12 Chunk=2 Start=3680418388557 End=3680418388558 Duration=1
Task=12 Chunk=3 Start=3680418952437 End=3680419018567 Duration=66130
Task=13 Chunk=0 Start=3680418070178 End=3680418070553 Duration=375
Task=13 Chunk=1 Start=3680418388548 End=3680418408670 Duration=20122
Task=13 Chunk=2 Start=3680418408692 End=3680418408693 Duration=1
Task=13 Chunk=3 Start=3680419018568 End=3680419086106 Duration=67538
Task=14 Chunk=0 Start=3680418070555 End=3680418070868 Duration=313
Task=14 Chunk=1 Start=3680418408672 End=3680418428842 Duration=20170
Task=14 Chunk=2 Start=3680418428858 End=3680418428859 Duration=1
Task=14 Chunk=3 Start=3680419086107 End=3680419152967 Duration=66860
Task=15 Chunk=0 Start=3680418212243 End=3680418212957 Duration=714
Task=15 Chunk=1 Start=3680418428843 End=3680418450675 Duration=21832
Task=15 Chunk=2 Start=3680418450696 End=3680418450697 Duration=1
Task=15 Chunk=3 Start=3680419152968 End=3680419219718 Duration=66750
Task=16 Chunk=0 Start=3680418281546 End=3680418282070 Duration=524
Task=16 Chunk=1 Start=3680418450676 End=3680418470946 Duration=20270
Task=16 Chunk=2 Start=3680418470967 End=3680418470968 Duration=1
Task=16 Chunk=3 Start=3680419219720 End=3680419286747 Duration=67027
Task=17 Chunk=0 Start=3680418347950 End=3680418348329 Duration=379
Task=17 Chunk=1 Start=3680418470947 End=3680418491108 Duration=20161
Task=17 Chunk=2 Start=3680418491122 End=3680418491123 Duration=1
Task=17 Chunk=3 Start=3680419286748 End=3680419353610 Duration=66862
Task=18 Chunk=0 Start=3680418416765 End=3680418417254 Duration=489
Task=18 Chunk=1 Start=3680418491109 End=3680418511323 Duration=20214
Task=18 Chunk=2 Start=3680418511346 End=3680418511348 Duration=2
Task=18 Chunk=3 Start=3680419353611 End=3680419419532 Duration=65921
Task=19 Chunk=0 Start=3680418484244 End=3680418484703 Duration=459
Task=19 Chunk=1 Start=3680418511324 End=3680418531491 Duration=20167
Task=19 Chunk=2 Start=3680418531521 End=3680418531522 Duration=1
Task=19 Chunk=3 Start=3680419419533 End=3680419486711 Duration=67178
Task=20 Chunk=0 Start=3680418551386 End=3680418551822 Duration=436
Task=20 Chunk=1 Start=3680418551847 End=3680418572179 Duration=20332
Task=20 Chunk=2 Start=3680418572194 End=3680418572195 Duration=1
Task=20 Chunk=3 Start=3680419486714 End=3680419553592 Duration=66878
Task=21 Chunk=0 Start=3680418617495 End=3680418617849 Duration=354
Task=21 Chunk=1 Start=3680418617905 End=3680418638254 Duration=20349
Task=21 Chunk=2 Start=3680418638264 End=3680418638265 Duration=1
Task=21 Chunk=3 Start=3680419553593 End=3680419619577 Duration=65984
Task=22 Chunk=0 Start=3680418684813 End=3680418685241 Duration=428
Task=22 Chunk=1 Start=3680418685280 End=3680418705576 Duration=20296
Task=22 Chunk=2 Start=3680418705594 End=3680418705596 Duration=2
Task=22 Chunk=3 Start=3680419619583 End=3680419686938 Duration=67355
Task=23 Chunk=0 Start=3680418752087 End=3680418752579 Duration=492
Task=23 Chunk=1 Start=3680418752693 End=3680418773050 Duration=20357
Task=23 Chunk=2 Start=3680418773063 End=3680418773064 Duration=1
Task=23 Chunk=3 Start=3680419686941 End=3680419754456 Duration=67515
Task=24 Chunk=0 Start=3680418817925 End=3680418818363 Duration=438
Task=24 Chunk=1 Start=3680418818427 End=3680418838714 Duration=20287
Task=24 Chunk=2 Start=3680418838744 End=3680418838745 Duration=1
Task=24 Chunk=3 Start=3680419754460 End=3680419820710 Duration=66250
Task=25 Chunk=0 Start=3680418884926 End=3680418885435 Duration=509
Task=25 Chunk=1 Start=3680418885511 End=3680418906375 Duration=20864
Task=25 Chunk=2 Start=3680418906391 End=3680418906392 Duration=1
Task=25 Chunk=3 Start=3680419820717 End=3680419888828 Duration=68111
Task=26 Chunk=0 Start=3680418952512 End=3680418953004 Duration=492
Task=26 Chunk=1 Start=3680418953018 End=3680418973397 Duration=20379
Task=26 Chunk=2 Start=3680418973419 End=3680418973420 Duration=1
Task=26 Chunk=3 Start=3680419888843 End=3680419955988 Duration=67145
Task=27 Chunk=0 Start=3680419018609 End=3680419018974 Duration=365
Task=27 Chunk=1 Start=3680419019039 End=3680419040406 Duration=21367
Task=27 Chunk=2 Start=3680419040422 End=3680419040423 Duration=1
Task=27 Chunk=3 Start=3680419955989 End=3680420023087 Duration=67098
Task=28 Chunk=0 Start=3680419086166 End=3680419086598 Duration=432
Task=28 Chunk=1 Start=3680419086654 End=3680419107001 Duration=20347
Task=28 Chunk=2 Start=3680419107014 End=3680419107015 Duration=1
Task=28 Chunk=3 Start=3680420023102 End=3680420088238 Duration=65136
Task=29 Chunk=0 Start=3680419152997 End=3680419153418 Duration=421
Task=29 Chunk=1 Start=3680419153464 End=3680419173794 Duration=20330
Task=29 Chunk=2 Start=3680419173811 End=3680419173812 Duration=1
Task=29 Chunk=3 Start=3680420088239 End=3680420155555 Duration=67316
Task=30 Chunk=0 Start=3680419219744 End=3680419220180 Duration=436
Task=30 Chunk=1 Start=3680419220214 End=3680419241695 Duration=21481
Task=30 Chunk=2 Start=3680419241706 End=3680419241707 Duration=1
Task=30 Chunk=3 Start=3680420155557 End=3680420223283 Duration=67726
Task=31 Chunk=0 Start=3680419286771 End=3680419287210 Duration=439
Task=31 Chunk=1 Start=3680419287305 End=3680419307719 Duration=20414
Task=31 Chunk=2 Start=3680419307742 End=3680419307744 Duration=2
Task=31 Chunk=3 Start=3680420223284 End=3680420289293 Duration=66009
Task=32 Chunk=0 Start=3680419353670 End=3680419354100 Duration=430
Task=32 Chunk=1 Start=3680419354143 End=3680419374633 Duration=20490
Task=32 Chunk=2 Start=3680419374644 End=3680419374645 Duration=1
Task=32 Chunk=3 Start=3680420289294 End=3680420356682 Duration=67388
Task=33 Chunk=0 Start=3680419419589 End=3680419419943 Duration=354
Task=33 Chunk=1 Start=3680419420034 End=3680419441508 Duration=21474
Task=33 Chunk=2 Start=3680419441530 End=3680419441531 Duration=1
Task=33 Chunk=3 Start=3680420356684 End=3680420424109 Duration=67425
Task=34 Chunk=0 Start=3680419486795 End=3680419487224 Duration=429
Task=34 Chunk=1 Start=3680419487352 End=3680419507755 Duration=20403
Task=34 Chunk=2 Start=3680419507774 End=3680419507776 Duration=2
Task=34 Chunk=3 Start=3680420424113 End=3680420490178 Duration=66065
Task=35 Chunk=0 Start=3680419553668 End=3680419554088 Duration=420
Task=35 Chunk=1 Start=3680419554100 End=3680419574391 Duration=20291
Task=35 Chunk=2 Start=3680419574397 End=3680419574398 Duration=1
Task=35 Chunk=3 Start=3680420490180 End=3680420557121 Duration=66941
Task=36 Chunk=0 Start=3680419619627 End=3680419619984 Duration=357
Task=36 Chunk=1 Start=3680419620006 End=3680419641327 Duration=21321
Task=36 Chunk=2 Start=3680419641344 End=3680419641345 Duration=1
Task=36 Chunk=3 Start=3680420557122 End=3680420624292 Duration=67170
Task=37 Chunk=0 Start=3680419686960 End=3680419687429 Duration=469
Task=37 Chunk=1 Start=3680419687522 End=3680419707904 Duration=20382
Task=37 Chunk=2 Start=3680419707924 End=3680419707925 Duration=1
Task=37 Chunk=3 Start=3680420624293 End=3680420690230 Duration=65937
Task=38 Chunk=0 Start=3680419754533 End=3680419754980 Duration=447
Task=38 Chunk=1 Start=3680419755111 End=3680419775889 Duration=20778
Task=38 Chunk=2 Start=3680419775904 End=3680419775906 Duration=2
Task=38 Chunk=3 Start=3680420690234 End=3680420757338 Duration=67104
Task=39 Chunk=0 Start=3680419820789 End=3680419821214 Duration=425
Task=39 Chunk=1 Start=3680419821346 End=3680419842644 Duration=21298
Task=39 Chunk=2 Start=3680419842686 End=3680419842687 Duration=1
Task=39 Chunk=3 Start=3680420757341 End=3680420824628 Duration=67287
Task=40 Chunk=0 Start=3680419888870 End=3680419889376 Duration=506
Task=40 Chunk=1 Start=3680419889446 End=3680419909853 Duration=20407
Task=40 Chunk=2 Start=3680419909874 End=3680419909876 Duration=2
Task=40 Chunk=3 Start=3680420824630 End=3680420892467 Duration=67837
Task=41 Chunk=0 Start=3680419956064 End=3680419956484 Duration=420
Task=41 Chunk=1 Start=3680419956605 End=3680419976994 Duration=20389
Task=41 Chunk=2 Start=3680419977004 End=3680419977005 Duration=1
Task=41 Chunk=3 Start=3680420892468 End=3680420962157 Duration=69689
Task=42 Chunk=0 Start=3680420023130 End=3680420026326 Duration=3196
Task=42 Chunk=1 Start=3680420026344 End=3680420046534 Duration=20190
Task=42 Chunk=2 Start=3680420046543 End=3680420046544 Duration=1
Task=42 Chunk=3 Start=3680420962160 End=3680421033430 Duration=71270
Task=43 Chunk=0 Start=3680420088290 End=3680420088713 Duration=423
Task=43 Chunk=1 Start=3680420088807 End=3680420109191 Duration=20384
Task=43 Chunk=2 Start=3680420109221 End=3680420109222 Duration=1
Task=43 Chunk=3 Start=3680421033431 End=3680421170133 Duration=136702
Task=44 Chunk=0 Start=3680420155623 End=3680420156134 Duration=511
Task=44 Chunk=1 Start=3680420156193 End=3680420176564 Duration=20371
Task=44 Chunk=2 Start=3680420176580 End=3680420176582 Duration=2
Task=44 Chunk=3 Start=3680421170135 End=3680421302001 Duration=131866
Task=45 Chunk=0 Start=3680420223328 End=3680420223758 Duration=430
Task=45 Chunk=1 Start=3680420223804 End=3680420244168 Duration=20364
Task=45 Chunk=2 Start=3680420244179 End=3680420244180 Duration=1
Task=45 Chunk=3 Start=3680421302003 End=3680421431844 Duration=129841
Task=46 Chunk=0 Start=3680420289365 End=3680420289727 Duration=362
Task=46 Chunk=1 Start=3680420289860 End=3680420310196 Duration=20336
Task=46 Chunk=2 Start=3680420310214 End=3680420310216 Duration=2
Task=46 Chunk=3 Start=3680421431845 End=3680421503111 Duration=71266
Task=47 Chunk=0 Start=3680420356719 End=3680420357141 Duration=422
Task=47 Chunk=1 Start=3680420357251 End=3680420377792 Duration=20541
Task=47 Chunk=2 Start=3680420377820 End=3680420377822 Duration=2
Task=47 Chunk=3 Start=3680421503112 End=3680421620832 Duration=117720
Task=48 Chunk=0 Start=3680420424183 End=3680420424598 Duration=415
Task=48 Chunk=1 Start=3680420424640 End=3680420444966 Duration=20326
Task=48 Chunk=2 Start=3680420444974 End=3680420444975 Duration=1
Task=48 Chunk=3 Start=3680421620833 End=3680421758782 Duration=137949
Task=49 Chunk=0 Start=3680420490206 End=3680420490582 Duration=376
Task=49 Chunk=1 Start=3680420490650 End=3680420510982 Duration=20332
Task=49 Chunk=2 Start=3680420511008 End=3680420511009 Duration=1
Task=49 Chunk=3 Start=3680421758795 End=3680421828373 Duration=69578
Task=50 Chunk=0 Start=3680420557157 End=3680420557590 Duration=433
Task=50 Chunk=1 Start=3680420557659 End=3680420578103 Duration=20444
Task=50 Chunk=2 Start=3680420578128 End=3680420578129 Duration=1
Task=50 Chunk=3 Start=3680421828375 End=3680421897203 Duration=68828
Task=51 Chunk=0 Start=3680420624348 End=3680420624772 Duration=424
Task=51 Chunk=1 Start=3680420624842 End=3680420645657 Duration=20815
Task=51 Chunk=2 Start=3680420645669 End=3680420645671 Duration=2
Task=51 Chunk=3 Start=3680421897205 End=3680421965105 Duration=67900
Task=52 Chunk=0 Start=3680420690313 End=3680420690747 Duration=434
Task=52 Chunk=1 Start=3680420690844 End=3680420712231 Duration=21387
Task=52 Chunk=2 Start=3680420712248 End=3680420712249 Duration=1
Task=52 Chunk=3 Start=3680421965106 End=3680422034702 Duration=69596
Task=53 Chunk=0 Start=3680420757400 End=3680420757814 Duration=414
Task=53 Chunk=1 Start=3680420757900 End=3680420778296 Duration=20396
Task=53 Chunk=2 Start=3680420778314 End=3680420778316 Duration=2
Task=53 Chunk=3 Start=3680422034704 End=3680422104025 Duration=69321
Task=54 Chunk=0 Start=3680420824676 End=3680420825099 Duration=423
Task=54 Chunk=1 Start=3680420825115 End=3680420837308 Duration=12193
Task=54 Chunk=2 Start=3680420837518 End=3680420837519 Duration=1
Task=54 Chunk=3 Start=3680422104026 End=3680422171649 Duration=67623
Task=55 Chunk=0 Start=3680420892536 End=3680420892908 Duration=372
Task=55 Chunk=1 Start=3680420892933 End=3680420905278 Duration=12345
Task=55 Chunk=2 Start=3680420905473 End=3680420905474 Duration=1
Task=55 Chunk=3 Start=3680422171650 End=3680422240652 Duration=69002
Task=56 Chunk=0 Start=3680420962181 End=3680420962613 Duration=432
Task=56 Chunk=1 Start=3680420962635 End=3680420975184 Duration=12549
Task=56 Chunk=2 Start=3680420975328 End=3680420975329 Duration=1
Task=56 Chunk=3 Start=3680422240653 End=3680422308017 Duration=67364
Task=57 Chunk=0 Start=3680421033500 End=3680421033957 Duration=457
Task=57 Chunk=1 Start=3680421033969 End=3680421046539 Duration=12570
Task=57 Chunk=2 Start=3680421101437 End=3680421101456 Duration=19
Task=57 Chunk=3 Start=3680422308018 End=3680422373744 Duration=65726
Task=58 Chunk=0 Start=3680421170199 End=3680421170608 Duration=409
Task=58 Chunk=1 Start=3680421170631 End=3680421181722 Duration=11091
Task=58 Chunk=2 Start=3680421181730 End=3680421181731 Duration=1
Task=58 Chunk=3 Start=3680422373745 End=3680422441756 Duration=68011
Task=59 Chunk=0 Start=3680421302058 End=3680421302501 Duration=443
Task=59 Chunk=1 Start=3680421302519 End=3680421313743 Duration=11224
Task=59 Chunk=2 Start=3680421313757 End=3680421313758 Duration=1
Task=59 Chunk=3 Start=3680422441758 End=3680422509134 Duration=67376
Task=60 Chunk=0 Start=3680421431860 End=3680421432280 Duration=420
Task=60 Chunk=1 Start=3680421432300 End=3680421444991 Duration=12691
Task=60 Chunk=2 Start=3680421497709 End=3680421497734 Duration=25
Task=60 Chunk=3 Start=3680422509135 End=3680422575657 Duration=66522
Task=61 Chunk=0 Start=3680421503159 End=3680421503671 Duration=512
Task=61 Chunk=1 Start=3680421503688 End=3680421516232 Duration=12544
Task=61 Chunk=2 Start=3680421571592 End=3680421571598 Duration=6
Task=61 Chunk=3 Start=3680422575658 End=3680422643480 Duration=67822
Task=62 Chunk=0 Start=3680421620849 End=3680421621414 Duration=565
Task=62 Chunk=1 Start=3680421621424 End=3680421633902 Duration=12478
Task=62 Chunk=2 Start=3680421689877 End=3680421689883 Duration=6
Task=62 Chunk=3 Start=3680422643481 End=3680422710835 Duration=67354
Task=63 Chunk=0 Start=3680421758836 End=3680421759261 Duration=425
Task=63 Chunk=1 Start=3680421759275 End=3680421771878 Duration=12603
Task=63 Chunk=2 Start=3680421792068 End=3680421792083 Duration=15
Task=63 Chunk=3 Start=3680422710836 End=3680422780390 Duration=69554
Task=64 Chunk=0 Start=3680421828401 End=3680421828835 Duration=434
Task=64 Chunk=1 Start=3680421828849 End=3680421841497 Duration=12648
Task=64 Chunk=2 Start=3680421842049 End=3680421842050 Duration=1
Task=64 Chunk=3 Start=3680422780391 End=3680422848325 Duration=67934
Task=65 Chunk=0 Start=3680421897238 End=3680421897664 Duration=426
Task=65 Chunk=1 Start=3680421897764 End=3680421910249 Duration=12485
Task=65 Chunk=2 Start=3680421910321 End=3680421910343 Duration=22
Task=65 Chunk=3 Start=3680422848332 End=3680422917360 Duration=69028
Task=66 Chunk=0 Start=3680421965162 End=3680421965523 Duration=361
Task=66 Chunk=1 Start=3680421965584 End=3680421978142 Duration=12558
Task=66 Chunk=2 Start=3680421978214 End=3680421978225 Duration=11
Task=66 Chunk=3 Start=3680422917362 End=3680422984096 Duration=66734
Task=67 Chunk=0 Start=3680422034782 End=3680422035192 Duration=410
Task=67 Chunk=1 Start=3680422035314 End=3680422052538 Duration=17224
Task=67 Chunk=2 Start=3680422052617 End=3680422052624 Duration=7
Task=67 Chunk=3 Start=3680422984098 End=3680423049662 Duration=65564
Task=68 Chunk=0 Start=3680422104047 End=3680422104499 Duration=452
Task=68 Chunk=1 Start=3680422104584 End=3680422125336 Duration=20752
Task=68 Chunk=2 Start=3680422125412 End=3680422125423 Duration=11
Task=68 Chunk=3 Start=3680423049664 End=3680423117095 Duration=67431
Task=69 Chunk=0 Start=3680422171676 End=3680422172041 Duration=365
Task=69 Chunk=1 Start=3680422172146 End=3680422194809 Duration=22663
Task=69 Chunk=2 Start=3680422194825 End=3680422194831 Duration=6
Task=69 Chunk=3 Start=3680423117096 End=3680423184188 Duration=67092
Task=70 Chunk=0 Start=3680422240730 End=3680422241157 Duration=427
Task=70 Chunk=1 Start=3680422241243 End=3680422261845 Duration=20602
Task=70 Chunk=2 Start=3680422261859 End=3680422261860 Duration=1
Task=70 Chunk=3 Start=3680423184192 End=3680423250617 Duration=66425
Task=71 Chunk=0 Start=3680422308079 End=3680422308498 Duration=419
Task=71 Chunk=1 Start=3680422308628 End=3680422329106 Duration=20478
Task=71 Chunk=2 Start=3680422329117 End=3680422329119 Duration=2
Task=71 Chunk=3 Start=3680423250618 End=3680423317931 Duration=67313
Task=72 Chunk=0 Start=3680422373775 End=3680422374137 Duration=362
Task=72 Chunk=1 Start=3680422374162 End=3680422395685 Duration=21523
Task=72 Chunk=2 Start=3680422395693 End=3680422395694 Duration=1
Task=72 Chunk=3 Start=3680423317932 End=3680423384921 Duration=66989
Task=73 Chunk=0 Start=3680422441831 End=3680422442251 Duration=420
Task=73 Chunk=1 Start=3680422442295 End=3680422462749 Duration=20454
Task=73 Chunk=2 Start=3680422462769 End=3680422462771 Duration=2
Task=73 Chunk=3 Start=3680423384922 End=3680423450555 Duration=65633
Task=74 Chunk=0 Start=3680422509193 End=3680422509592 Duration=399
Task=74 Chunk=1 Start=3680422509673 End=3680422530049 Duration=20376
Task=74 Chunk=2 Start=3680422530058 End=3680422530060 Duration=2
Task=74 Chunk=3 Start=3680423450558 End=3680423517416 Duration=66858
Task=75 Chunk=0 Start=3680422575714 End=3680422576631 Duration=917
Task=75 Chunk=1 Start=3680422576733 End=3680422598005 Duration=21272
Task=75 Chunk=2 Start=3680422598026 End=3680422598027 Duration=1
Task=75 Chunk=3 Start=3680423517417 End=3680423586824 Duration=69407
Task=76 Chunk=0 Start=3680422643536 End=3680422644052 Duration=516
Task=76 Chunk=1 Start=3680422644130 End=3680422664495 Duration=20365
Task=76 Chunk=2 Start=3680422664516 End=3680422664517 Duration=1
Task=76 Chunk=3 Start=3680423586825 End=3680423655286 Duration=68461
Task=77 Chunk=0 Start=3680422710863 End=3680422711299 Duration=436
Task=77 Chunk=1 Start=3680422711321 End=3680422724275 Duration=12954
Task=77 Chunk=2 Start=3680422724409 End=3680422724416 Duration=7
Task=77 Chunk=3 Start=3680423655288 End=3680423770449 Duration=115161
Task=78 Chunk=0 Start=3680422780459 End=3680422780958 Duration=499
Task=78 Chunk=1 Start=3680422780982 End=3680422794018 Duration=13036
Task=78 Chunk=2 Start=3680422794130 End=3680422794132 Duration=2
Task=78 Chunk=3 Start=3680423770456 End=3680423900389 Duration=129933
Task=79 Chunk=0 Start=3680422848382 End=3680422848741 Duration=359
Task=79 Chunk=1 Start=3680422848748 End=3680422861653 Duration=12905
Task=79 Chunk=2 Start=3680422861847 End=3680422861849 Duration=2
Task=79 Chunk=3 Start=3680423900394 End=3680424029782 Duration=129388
Task=80 Chunk=0 Start=3680422917417 End=3680422917842 Duration=425
Task=80 Chunk=1 Start=3680422917949 End=3680422938185 Duration=20236
Task=80 Chunk=2 Start=3680422938193 End=3680422938194 Duration=1
Task=80 Chunk=3 Start=3680424029783 End=3680424160082 Duration=130299
Task=81 Chunk=0 Start=3680422984127 End=3680422984556 Duration=429
Task=81 Chunk=1 Start=3680422984586 End=3680423004911 Duration=20325
Task=81 Chunk=2 Start=3680423004935 End=3680423004936 Duration=1
Task=81 Chunk=3 Start=3680424160084 End=3680424290134 Duration=130050
Task=82 Chunk=0 Start=3680423049705 End=3680423050093 Duration=388
Task=82 Chunk=1 Start=3680423050138 End=3680423072076 Duration=21938
Task=82 Chunk=2 Start=3680423072088 End=3680423072089 Duration=1
Task=82 Chunk=3 Start=3680424290150 End=3680424452200 Duration=162050
Task=83 Chunk=0 Start=3680423117163 End=3680423117656 Duration=493
Task=83 Chunk=1 Start=3680423117708 End=3680423138161 Duration=20453
Task=83 Chunk=2 Start=3680423138168 End=3680423138170 Duration=2
Task=83 Chunk=3 Start=3680424452202 End=3680424591205 Duration=139003
Task=84 Chunk=0 Start=3680423184209 End=3680423184633 Duration=424
Task=84 Chunk=1 Start=3680423184768 End=3680423205101 Duration=20333
Task=84 Chunk=2 Start=3680423205124 End=3680423205126 Duration=2
Task=84 Chunk=3 Start=3680424591207 End=3680424721012 Duration=129805
Task=85 Chunk=0 Start=3680423250666 End=3680423251203 Duration=537
Task=85 Chunk=1 Start=3680423251267 End=3680423272256 Duration=20989
Task=85 Chunk=2 Start=3680423272275 End=3680423272276 Duration=1
Task=85 Chunk=3 Start=3680424721013 End=3680424812999 Duration=91986
Task=86 Chunk=0 Start=3680423317976 End=3680423318410 Duration=434
Task=86 Chunk=1 Start=3680423318476 End=3680423339150 Duration=20674
Task=86 Chunk=2 Start=3680423339173 End=3680423339174 Duration=1
Task=86 Chunk=3 Start=3680424813001 End=3680424879507 Duration=66506
Task=87 Chunk=0 Start=3680423384990 End=3680423385482 Duration=492
Task=87 Chunk=1 Start=3680423385603 End=3680423406020 Duration=20417
Task=87 Chunk=2 Start=3680423406033 End=3680423406034 Duration=1
Task=87 Chunk=3 Start=3680424879509 End=3680424945235 Duration=65726
Task=88 Chunk=0 Start=3680423450628 End=3680423450988 Duration=360
Task=88 Chunk=1 Start=3680423451010 End=3680423472400 Duration=21390
Task=88 Chunk=2 Start=3680423472473 End=3680423472474 Duration=1
Task=88 Chunk=3 Start=3680424945241 End=3680425009613 Duration=64372
Task=89 Chunk=0 Start=3680423517482 End=3680423517923 Duration=441
Task=89 Chunk=1 Start=3680423518013 End=3680423530763 Duration=12750
Task=89 Chunk=2 Start=3680423530832 End=3680423530833 Duration=1
Task=89 Chunk=3 Start=3680425009619 End=3680425075240 Duration=65621
Task=90 Chunk=0 Start=3680423586842 End=3680423587304 Duration=462
Task=90 Chunk=1 Start=3680423587328 End=3680423600028 Duration=12700
Task=90 Chunk=2 Start=3680423600103 End=3680423600110 Duration=7
Task=90 Chunk=3 Start=3680425075246 End=3680425141199 Duration=65953
Task=91 Chunk=0 Start=3680423655317 End=3680423655717 Duration=400
Task=91 Chunk=1 Start=3680423655766 End=3680423670470 Duration=14704
Task=91 Chunk=2 Start=3680423726805 End=3680423726807 Duration=2
Task=91 Chunk=3 Start=3680425141204 End=3680425205865 Duration=64661
Task=92 Chunk=0 Start=3680423770480 End=3680423771106 Duration=626
Task=92 Chunk=1 Start=3680423771124 End=3680423782284 Duration=11160
Task=92 Chunk=2 Start=3680423782294 End=3680423782295 Duration=1
Task=92 Chunk=3 Start=3680425205866 End=3680425271533 Duration=65667
Task=93 Chunk=0 Start=3680423900442 End=3680423900888 Duration=446
Task=93 Chunk=1 Start=3680423900896 End=3680423911980 Duration=11084
Task=93 Chunk=2 Start=3680423911995 End=3680423911996 Duration=1
Task=93 Chunk=3 Start=3680425271534 End=3680425337096 Duration=65562
Task=94 Chunk=0 Start=3680424029862 End=3680424030283 Duration=421
Task=94 Chunk=1 Start=3680424030298 End=3680424041256 Duration=10958
Task=94 Chunk=2 Start=3680424041271 End=3680424041272 Duration=1
Task=94 Chunk=3 Start=3680425337108 End=3680425401343 Duration=64235
Task=95 Chunk=0 Start=3680424160102 End=3680424160557 Duration=455
Task=95 Chunk=1 Start=3680424160572 End=3680424171658 Duration=11086
Task=95 Chunk=2 Start=3680424171666 End=3680424171668 Duration=2
Task=95 Chunk=3 Start=3680425401356 End=3680425466782 Duration=65426
Task=96 Chunk=0 Start=3680424290197 End=3680424290637 Duration=440
Task=96 Chunk=1 Start=3680424290658 End=3680424301738 Duration=11080
Task=96 Chunk=2 Start=3680424301747 End=3680424301748 Duration=1
Task=96 Chunk=3 Start=3680425466789 End=3680425532456 Duration=65667
Task=97 Chunk=0 Start=3680424452238 End=3680424452684 Duration=446
Task=97 Chunk=1 Start=3680424452698 End=3680424465181 Duration=12483
Task=97 Chunk=2 Start=3680424520861 End=3680424520863 Duration=2
Task=97 Chunk=3 Start=3680425532459 End=3680425596970 Duration=64511
Task=98 Chunk=0 Start=3680424591238 End=3680424591659 Duration=421
Task=98 Chunk=1 Start=3680424591681 End=3680424602828 Duration=11147
Task=98 Chunk=2 Start=3680424602840 End=3680424602842 Duration=2
Task=98 Chunk=3 Start=3680425596982 End=3680425662643 Duration=65661
Task=99 Chunk=0 Start=3680424721080 End=3680424721511 Duration=431
Task=99 Chunk=1 Start=3680424721527 End=3680424732561 Duration=11034
Task=99 Chunk=2 Start=3680424732568 End=3680424732569 Duration=1
Task=99 Chunk=3 Start=3680425662646 End=3680425728176 Duration=65530
### Python End ###
