{
  "schedule": {
    "schedule_id": "jetson_CifarDense_schedule_009",
    "device_id": "jetson",
    "application": "CifarDense",
    "chunks": [
      {
        "name": "chunk1",
        "hardware": "little",
        "threads": 6,
        "stages": [
          1,
          2,
          3,
          4,
          5
        ],
        "time": 200.8146615518085
      },
      {
        "name": "chunk2",
        "hardware": "gpu_cuda",
        "threads": 1,
        "stages": [
          6,
          7,
          8,
          9
        ],
        "time": 59.11405075960427
      }
    ]
  },
  "max_chunk_time": 200.8146615518085,
  "cpu_baseline_time": 3048.541357787326,
  "gpu_baseline_time": 76.42402171972208,
  "cpu_speedup": 15.180870431618498,
  "gpu_speedup": 0.38056993014927504,
  "load_balance_ratio": 0.2943711893484099,
  "load_imbalance_pct": 54.51518207901442,
  "time_variance": 5019.765774720938
}