{
  "schedule": {
    "schedule_id": "jetson_CifarDense_schedule_008",
    "device_id": "jetson",
    "application": "CifarDense",
    "chunks": [
      {
        "name": "chunk1",
        "hardware": "gpu_cuda",
        "threads": 1,
        "stages": [
          1,
          2,
          3,
          4,
          5,
          6
        ],
        "time": 47.67152560326471
      },
      {
        "name": "chunk2",
        "hardware": "little",
        "threads": 6,
        "stages": [
          7,
          8,
          9
        ],
        "time": 161.14200549500504
      }
    ]
  },
  "max_chunk_time": 161.14200549500504,
  "cpu_baseline_time": 3048.541357787326,
  "gpu_baseline_time": 76.42402171972208,
  "cpu_speedup": 18.918353091254176,
  "gpu_speedup": 0.47426505264694013,
  "load_balance_ratio": 0.29583549898628014,
  "load_imbalance_pct": 54.3405780721844,
  "time_variance": 3218.8874517154613
}