{
  "schedule": {
    "schedule_id": "jetson_CifarDense_schedule_001",
    "device_id": "jetson",
    "application": "CifarDense",
    "chunks": [
      {
        "name": "chunk1",
        "hardware": "little",
        "threads": 6,
        "stages": [
          1,
          2
        ],
        "time": 35.418888976361465
      },
      {
        "name": "chunk2",
        "hardware": "gpu_cuda",
        "threads": 1,
        "stages": [
          3,
          4,
          5,
          6,
          7,
          8,
          9
        ],
        "time": 75.72103415137279
      }
    ]
  },
  "max_chunk_time": 75.72103415137279,
  "cpu_baseline_time": 3048.541357787326,
  "gpu_baseline_time": 76.42402171972208,
  "cpu_speedup": 40.26016538143196,
  "gpu_speedup": 1.0092839139907144,
  "load_balance_ratio": 0.4677549557175367,
  "load_imbalance_pct": 36.26252748860701,
  "time_variance": 406.0657264269222
}