{
  "schedule": {
    "schedule_id": "jetson_CifarDense_schedule_004",
    "device_id": "jetson",
    "application": "CifarDense",
    "chunks": [
      {
        "name": "chunk1",
        "hardware": "gpu_cuda",
        "threads": 1,
        "stages": [
          1,
          2,
          3,
          4,
          5,
          6,
          7,
          8
        ],
        "time": 77.3657632855563
      },
      {
        "name": "chunk2",
        "hardware": "little",
        "threads": 6,
        "stages": [
          9
        ],
        "time": 0.457968981936574
      }
    ]
  },
  "max_chunk_time": 77.3657632855563,
  "cpu_baseline_time": 3048.541357787326,
  "gpu_baseline_time": 76.42402171972208,
  "cpu_speedup": 39.40426912787235,
  "gpu_speedup": 0.9878274119476045,
  "load_balance_ratio": 0.0059195303256585835,
  "load_imbalance_pct": 98.82306086178838,
  "time_variance": 1478.7022061619707
}