{
  "schedule": {
    "schedule_id": "jetson_CifarDense_schedule_013",
    "device_id": "jetson",
    "application": "CifarDense",
    "chunks": [
      {
        "name": "chunk1",
        "hardware": "gpu_cuda",
        "threads": 1,
        "stages": [
          1,
          2,
          3
        ],
        "time": 5.66172326933689
      },
      {
        "name": "chunk2",
        "hardware": "little",
        "threads": 6,
        "stages": [
          4,
          5,
          6,
          7,
          8,
          9
        ],
        "time": 400.01330520064874
      }
    ]
  },
  "max_chunk_time": 400.01330520064874,
  "cpu_baseline_time": 3048.541357787326,
  "gpu_baseline_time": 76.42402171972208,
  "cpu_speedup": 7.621099893810187,
  "gpu_speedup": 0.19105369927979618,
  "load_balance_ratio": 0.01415383737422669,
  "load_imbalance_pct": 97.20873957133114,
  "time_variance": 38878.29254293204
}