{
  "schedule": {
    "schedule_id": "jetson_CifarDense_schedule_006",
    "device_id": "jetson",
    "application": "CifarDense",
    "chunks": [
      {
        "name": "chunk1",
        "hardware": "little",
        "threads": 6,
        "stages": [
          1,
          2,
          3
        ],
        "time": 119.72527773086259
      },
      {
        "name": "chunk2",
        "hardware": "gpu_cuda",
        "threads": 1,
        "stages": [
          4,
          5,
          6,
          7,
          8,
          9
        ],
        "time": 71.8607645343435
      }
    ]
  },
  "max_chunk_time": 119.72527773086259,
  "cpu_baseline_time": 3048.541357787326,
  "gpu_baseline_time": 76.42402171972208,
  "cpu_speedup": 25.46280464381398,
  "gpu_speedup": 0.6383282057738892,
  "load_balance_ratio": 0.6002138052741335,
  "load_imbalance_pct": 24.983298694725285,
  "time_variance": 572.7529058849374
}