{
  "schedule": {
    "schedule_id": "jetson_CifarDense_schedule_011",
    "device_id": "jetson",
    "application": "CifarDense",
    "chunks": [
      {
        "name": "chunk1",
        "hardware": "little",
        "threads": 6,
        "stages": [
          1,
          2,
          3,
          4,
          5,
          6
        ],
        "time": 358.5965774365063
      },
      {
        "name": "chunk2",
        "hardware": "gpu_cuda",
        "threads": 1,
        "stages": [
          7,
          8,
          9
        ],
        "time": 29.850962200415694
      }
    ]
  },
  "max_chunk_time": 358.5965774365063,
  "cpu_baseline_time": 3048.541357787326,
  "gpu_baseline_time": 76.42402171972208,
  "cpu_speedup": 8.501311918759475,
  "gpu_speedup": 0.21311977449994998,
  "load_balance_ratio": 0.08324385696542559,
  "load_imbalance_pct": 84.63063391864083,
  "time_variance": 27018.419884238938
}