{
  "schedule": {
    "schedule_id": "jetson_CifarDense_schedule_018",
    "device_id": "jetson",
    "application": "CifarDense",
    "chunks": [
      {
        "name": "chunk1",
        "hardware": "little",
        "threads": 6,
        "stages": [
          1,
          2,
          3,
          4,
          5,
          6,
          7,
          8,
          9
        ],
        "time": 519.7385829315114
      }
    ]
  },
  "max_chunk_time": 519.7385829315114,
  "cpu_baseline_time": 3048.541357787326,
  "gpu_baseline_time": 76.42402171972208,
  "cpu_speedup": 5.865528282684851,
  "gpu_speedup": 0.14704319484742365,
  "load_balance_ratio": 1.0,
  "load_imbalance_pct": 0.0
}