{
  "schedule": {
    "schedule_id": "jetson_CifarDense_schedule_005",
    "device_id": "jetson",
    "application": "CifarDense",
    "chunks": [
      {
        "name": "chunk1",
        "hardware": "gpu_cuda",
        "threads": 1,
        "stages": [
          1,
          2,
          3,
          4,
          5,
          6,
          7,
          8,
          9
        ],
        "time": 77.52248780368039
      }
    ]
  },
  "max_chunk_time": 77.52248780368039,
  "cpu_baseline_time": 3048.541357787326,
  "gpu_baseline_time": 76.42402171972208,
  "cpu_speedup": 39.32460688706892,
  "gpu_speedup": 0.9858303556157784,
  "load_balance_ratio": 1.0,
  "load_imbalance_pct": 0.0
}