{
  "schedule": {
    "schedule_id": "jetson_CifarDense_schedule_007",
    "device_id": "jetson",
    "application": "CifarDense",
    "chunks": [
      {
        "name": "chunk1",
        "hardware": "little",
        "threads": 6,
        "stages": [
          1,
          2,
          3,
          4
        ],
        "time": 120.6727734637792
      },
      {
        "name": "chunk2",
        "hardware": "gpu_cuda",
        "threads": 1,
        "stages": [
          5,
          6,
          7,
          8,
          9
        ],
        "time": 71.63512052154302
      }
    ]
  },
  "max_chunk_time": 120.6727734637792,
  "cpu_baseline_time": 3048.541357787326,
  "gpu_baseline_time": 76.42402171972208,
  "cpu_speedup": 25.26287637453172,
  "gpu_speedup": 0.6333161949133563,
  "load_balance_ratio": 0.5936311768208826,
  "load_imbalance_pct": 25.499552787978086,
  "time_variance": 601.1728515208011
}