{
  "schedule": {
    "schedule_id": "jetson_CifarDense_schedule_012",
    "device_id": "jetson",
    "application": "CifarDense",
    "chunks": [
      {
        "name": "chunk1",
        "hardware": "gpu_cuda",
        "threads": 1,
        "stages": [
          1,
          2,
          3,
          4
        ],
        "time": 5.88736728213737
      },
      {
        "name": "chunk2",
        "hardware": "little",
        "threads": 6,
        "stages": [
          5,
          6,
          7,
          8,
          9
        ],
        "time": 399.06580946773215
      }
    ]
  },
  "max_chunk_time": 399.06580946773215,
  "cpu_baseline_time": 3048.541357787326,
  "gpu_baseline_time": 76.42402171972208,
  "cpu_speedup": 7.639194552531132,
  "gpu_speedup": 0.19150731510087338,
  "load_balance_ratio": 0.014752873191491524,
  "load_imbalance_pct": 97.09232196700417,
  "time_variance": 38647.32184987277
}