{
  "schedule": {
    "schedule_id": "jetson_CifarDense_schedule_015",
    "device_id": "jetson",
    "application": "CifarDense",
    "chunks": [
      {
        "name": "chunk1",
        "hardware": "gpu_cuda",
        "threads": 1,
        "stages": [
          1
        ],
        "time": 1.5347084096231431
      },
      {
        "name": "chunk2",
        "hardware": "little",
        "threads": 6,
        "stages": [
          2,
          3,
          4,
          5,
          6,
          7,
          8,
          9
        ],
        "time": 486.199338069287
      }
    ]
  },
  "max_chunk_time": 486.199338069287,
  "cpu_baseline_time": 3048.541357787326,
  "gpu_baseline_time": 76.42402171972208,
  "cpu_speedup": 6.270147075668964,
  "gpu_speedup": 0.15718660174076807,
  "load_balance_ratio": 0.003156541544703699,
  "load_imbalance_pct": 99.37067817155574,
  "time_variance": 58724.95081078479
}