{
  "schedule": {
    "schedule_id": "jetson_CifarDense_schedule_003",
    "device_id": "jetson",
    "application": "CifarDense",
    "chunks": [
      {
        "name": "chunk1",
        "hardware": "gpu_cuda",
        "threads": 1,
        "stages": [
          1,
          2,
          3,
          4,
          5,
          6,
          7
        ],
        "time": 76.92978572832621
      },
      {
        "name": "chunk2",
        "hardware": "little",
        "threads": 6,
        "stages": [
          8,
          9
        ],
        "time": 0.9444993426787984
      }
    ]
  },
  "max_chunk_time": 76.92978572832621,
  "cpu_baseline_time": 3048.541357787326,
  "gpu_baseline_time": 76.42402171972208,
  "cpu_speedup": 39.627581552782445,
  "gpu_speedup": 0.9934256412673472,
  "load_balance_ratio": 0.012277420686107873,
  "load_imbalance_pct": 97.57429723607065,
  "time_variance": 1443.4409367772134
}