{
  "schedule": {
    "schedule_id": "jetson_CifarDense_schedule_014",
    "device_id": "jetson",
    "application": "CifarDense",
    "chunks": [
      {
        "name": "chunk1",
        "hardware": "gpu_cuda",
        "threads": 1,
        "stages": [
          1,
          2
        ],
        "time": 1.8014536523075992
      },
      {
        "name": "chunk2",
        "hardware": "little",
        "threads": 6,
        "stages": [
          3,
          4,
          5,
          6,
          7,
          8,
          9
        ],
        "time": 484.3196939551499
      }
    ]
  },
  "max_chunk_time": 484.3196939551499,
  "cpu_baseline_time": 3048.541357787326,
  "gpu_baseline_time": 76.42402171972208,
  "cpu_speedup": 6.294481508467492,
  "gpu_speedup": 0.15779664274151792,
  "load_balance_ratio": 0.0037195548204868615,
  "load_imbalance_pct": 99.25884579958151,
  "time_variance": 58205.963056237866
}