{
  "schedule": {
    "schedule_id": "jetson_CifarDense_schedule_017",
    "device_id": "jetson",
    "application": "CifarDense",
    "chunks": [
      {
        "name": "chunk1",
        "hardware": "little",
        "threads": 6,
        "stages": [
          1,
          2,
          3,
          4,
          5,
          6,
          7,
          8
        ],
        "time": 519.2806139495748
      },
      {
        "name": "chunk2",
        "hardware": "gpu_cuda",
        "threads": 1,
        "stages": [
          9
        ],
        "time": 0.15672451812409888
      }
    ]
  },
  "max_chunk_time": 519.2806139495748,
  "cpu_baseline_time": 3048.541357787326,
  "gpu_baseline_time": 76.42402171972208,
  "cpu_speedup": 5.870701266123826,
  "gpu_speedup": 0.14717287660413855,
  "load_balance_ratio": 0.00030181083967698003,
  "load_imbalance_pct": 99.93965604452448,
  "time_variance": 67372.40314460926
}