
Running only on specified device: 3A021JEHN02756
Deploying and running 'bm-gen-logs-tree-vk' on device: 3A021JEHN02756
build/android/arm64-v8a/release/bm-gen-logs-tree-vk: 1 file pushed, 0 skipped. 450.7 MB/s (7087568 bytes in 0.015s)
[2025-06-26 18:34:26.806] [info] Pinable Lit cores: 0 1 2 3 
[2025-06-26 18:34:26.807] [info] Pinable Med cores: 4 5 
[2025-06-26 18:34:26.808] [info] Pinable Big cores: 6 7 
[2025-06-26 18:34:26.808] [info] Pinable Sup cores: 
[2025-06-26 18:34:27.444] [info] Fetching JSON from URL: http://192.168.1.12:8080/3A021JEHN02756/tree/vk/schedules.json
[2025-06-26 18:34:27.487] [info] Loaded 30 valid schedules from JSON
[2025-06-26 18:34:27.487] [info] Loaded 30 schedules
--------------------------------
Schedule 0 [UID: SCH-B7-G000-4e52]:
  Chunk 0 [OMP/Big   ]: 1, 2, 3, 4, 5, 6, 7
--------------------------------
Schedule 1 [UID: SCH-L7-G000-057b]:
  Chunk 0 [OMP/Little]: 1, 2, 3, 4, 5, 6, 7
--------------------------------
Schedule 2 [UID: SCH-M7-G000-d938]:
  Chunk 0 [OMP/Medium]: 1, 2, 3, 4, 5, 6, 7
--------------------------------
Schedule 3 [UID: SCH-G7-G000-2604]:
  Chunk 0 [Vulkan    ]: 1, 2, 3, 4, 5, 6, 7
--------------------------------
Schedule 4 [UID: SCH-M2G3B2-G025-c62f]:
  Chunk 0 [OMP/Medium]: 1, 2
  Chunk 1 [Vulkan    ]: 3, 4, 5
  Chunk 2 [OMP/Big   ]: 6, 7
--------------------------------
Schedule 5 [UID: SCH-B2G3M2-G041-6de7]:
  Chunk 0 [OMP/Big   ]: 1, 2
  Chunk 1 [Vulkan    ]: 3, 4, 5
  Chunk 2 [OMP/Medium]: 6, 7
--------------------------------
Schedule 6 [UID: SCH-M2L1G3B1-G043-0410]:
  Chunk 0 [OMP/Medium]: 1, 2
  Chunk 1 [OMP/Little]: 3
  Chunk 2 [Vulkan    ]: 4, 5, 6
  Chunk 3 [OMP/Big   ]: 7
--------------------------------
Schedule 7 [UID: SCH-G2L5-G051-861b]:
  Chunk 0 [Vulkan    ]: 1, 2
  Chunk 1 [OMP/Little]: 3, 4, 5, 6, 7
--------------------------------
Schedule 8 [UID: SCH-B2L1G2M2-G060-65d6]:
  Chunk 0 [OMP/Big   ]: 1, 2
  Chunk 1 [OMP/Little]: 3
  Chunk 2 [Vulkan    ]: 4, 5
  Chunk 3 [OMP/Medium]: 6, 7
--------------------------------
Schedule 9 [UID: SCH-M2G2L2B1-G061-6252]:
  Chunk 0 [OMP/Medium]: 1, 2
  Chunk 1 [Vulkan    ]: 3, 4
  Chunk 2 [OMP/Little]: 5, 6
  Chunk 3 [OMP/Big   ]: 7
--------------------------------
Schedule 10 [UID: SCH-B2L1G3M1-G063-56c8]:
  Chunk 0 [OMP/Big   ]: 1, 2
  Chunk 1 [OMP/Little]: 3
  Chunk 2 [Vulkan    ]: 4, 5, 6
  Chunk 3 [OMP/Medium]: 7
--------------------------------
Schedule 11 [UID: SCH-M2L1G2B2-G064-f003]:
  Chunk 0 [OMP/Medium]: 1, 2
  Chunk 1 [OMP/Little]: 3
  Chunk 2 [Vulkan    ]: 4, 5
  Chunk 3 [OMP/Big   ]: 6, 7
--------------------------------
Schedule 12 [UID: SCH-L1M2G3B1-G067-09df]:
  Chunk 0 [OMP/Little]: 1
  Chunk 1 [OMP/Medium]: 2, 3
  Chunk 2 [Vulkan    ]: 4, 5, 6
  Chunk 3 [OMP/Big   ]: 7
--------------------------------
Schedule 13 [UID: SCH-L3B4-G073-306f]:
  Chunk 0 [OMP/Little]: 1, 2, 3
  Chunk 1 [OMP/Big   ]: 4, 5, 6, 7
--------------------------------
Schedule 14 [UID: SCH-B2G2M3-G073-d5a8]:
  Chunk 0 [OMP/Big   ]: 1, 2
  Chunk 1 [Vulkan    ]: 3, 4
  Chunk 2 [OMP/Medium]: 5, 6, 7
--------------------------------
Schedule 15 [UID: SCH-B3G2M2-G078-d764]:
  Chunk 0 [OMP/Big   ]: 1, 2, 3
  Chunk 1 [Vulkan    ]: 4, 5
  Chunk 2 [OMP/Medium]: 6, 7
--------------------------------
Schedule 16 [UID: SCH-B2G2L2M1-G079-4fea]:
  Chunk 0 [OMP/Big   ]: 1, 2
  Chunk 1 [Vulkan    ]: 3, 4
  Chunk 2 [OMP/Little]: 5, 6
  Chunk 3 [OMP/Medium]: 7
--------------------------------
Schedule 17 [UID: SCH-M2G2B3-G080-6caa]:
  Chunk 0 [OMP/Medium]: 1, 2
  Chunk 1 [Vulkan    ]: 3, 4
  Chunk 2 [OMP/Big   ]: 5, 6, 7
--------------------------------
Schedule 18 [UID: SCH-B3G3M1-G080-c6db]:
  Chunk 0 [OMP/Big   ]: 1, 2, 3
  Chunk 1 [Vulkan    ]: 4, 5, 6
  Chunk 2 [OMP/Medium]: 7
--------------------------------
Schedule 19 [UID: SCH-L1M2G2B2-G085-25c6]:
  Chunk 0 [OMP/Little]: 1
  Chunk 1 [OMP/Medium]: 2, 3
  Chunk 2 [Vulkan    ]: 4, 5
  Chunk 3 [OMP/Big   ]: 6, 7
--------------------------------
Schedule 20 [UID: SCH-L1B2G2M2-G085-af20]:
  Chunk 0 [OMP/Little]: 1
  Chunk 1 [OMP/Big   ]: 2, 3
  Chunk 2 [Vulkan    ]: 4, 5
  Chunk 3 [OMP/Medium]: 6, 7
--------------------------------
Schedule 21 [UID: SCH-L1B2G3M1-G087-fd58]:
  Chunk 0 [OMP/Little]: 1
  Chunk 1 [OMP/Big   ]: 2, 3
  Chunk 2 [Vulkan    ]: 4, 5, 6
  Chunk 3 [OMP/Medium]: 7
--------------------------------
Schedule 22 [UID: SCH-M5L2-G088-2b56]:
  Chunk 0 [OMP/Medium]: 1, 2, 3, 4, 5
  Chunk 1 [OMP/Little]: 6, 7
--------------------------------
Schedule 23 [UID: SCH-M3G3B1-G090-a224]:
  Chunk 0 [OMP/Medium]: 1, 2, 3
  Chunk 1 [Vulkan    ]: 4, 5, 6
  Chunk 2 [OMP/Big   ]: 7
--------------------------------
Schedule 24 [UID: SCH-B5L2-G096-8a09]:
  Chunk 0 [OMP/Big   ]: 1, 2, 3, 4, 5
  Chunk 1 [OMP/Little]: 6, 7
--------------------------------
Schedule 25 [UID: SCH-M3G4-G101-6856]:
  Chunk 0 [OMP/Medium]: 1, 2, 3
  Chunk 1 [Vulkan    ]: 4, 5, 6, 7
--------------------------------
Schedule 26 [UID: SCH-B4L3-G102-bba2]:
  Chunk 0 [OMP/Big   ]: 1, 2, 3, 4
  Chunk 1 [OMP/Little]: 5, 6, 7
--------------------------------
Schedule 27 [UID: SCH-B2G2L1M2-G106-3dab]:
  Chunk 0 [OMP/Big   ]: 1, 2
  Chunk 1 [Vulkan    ]: 3, 4
  Chunk 2 [OMP/Little]: 5
  Chunk 3 [OMP/Medium]: 6, 7
--------------------------------
Schedule 28 [UID: SCH-M3G2B2-G108-fde1]:
  Chunk 0 [OMP/Medium]: 1, 2, 3
  Chunk 1 [Vulkan    ]: 4, 5
  Chunk 2 [OMP/Big   ]: 6, 7
--------------------------------
Schedule 29 [UID: SCH-M4L3-G114-e6f8]:
  Chunk 0 [OMP/Medium]: 1, 2, 3, 4
  Chunk 1 [OMP/Little]: 5, 6, 7
[2025-06-26 18:34:27.487] [info] Running 30/30 schedules

--------------------------------
[2025-06-26 18:34:27.505] [info] Available Vulkan Layers:
[2025-06-26 18:34:27.505] [warning] Validation layer requested but not available, continuing without it...
[2025-06-26 18:34:27.508] [info] Using integrated GPU: Mali-G710
[2025-06-26 18:34:27.512] [info] VulkanDispatcher instance created.
[2025-06-26 18:34:27.718] [info] Total memory used: 40550404 bytes (38.67188 MB)
[2025-06-26 18:34:27.723] [info] Total memory used: 40550404 bytes (38.67188 MB)
[2025-06-26 18:34:27.801] [info] Total memory used: 40550404 bytes (38.67188 MB)
[2025-06-26 18:34:27.806] [info] Total memory used: 40550404 bytes (38.67188 MB)
[2025-06-26 18:34:27.811] [info] Total memory used: 40550404 bytes (38.67188 MB)
[2025-06-26 18:34:27.892] [info] Total memory used: 40550404 bytes (38.67188 MB)
[2025-06-26 18:34:27.897] [info] Total memory used: 40550404 bytes (38.67188 MB)
[2025-06-26 18:34:27.903] [info] Total memory used: 40550404 bytes (38.67188 MB)
[2025-06-26 18:34:27.909] [info] Total memory used: 40550404 bytes (38.67188 MB)
[2025-06-26 18:34:27.914] [info] Total memory used: 40550404 bytes (38.67188 MB)
[2025-06-26 18:34:28.011] [info] Total memory used: 40550404 bytes (38.67188 MB)
[2025-06-26 18:34:28.017] [info] Total memory used: 40550404 bytes (38.67188 MB)
[2025-06-26 18:34:28.022] [info] Total memory used: 40550404 bytes (38.67188 MB)
[2025-06-26 18:34:28.028] [info] Total memory used: 40550404 bytes (38.67188 MB)
[2025-06-26 18:34:28.033] [info] Total memory used: 40550404 bytes (38.67188 MB)
[2025-06-26 18:34:28.039] [info] Total memory used: 40550404 bytes (38.67188 MB)
### Python Begin ###
Schedule_UID=SCH-B7-G000-4e52
Frequency=24576000 Hz
Task=0 Chunk=0 Start=4099782136382 End=4099782473561 Duration=337179
Task=1 Chunk=0 Start=4099782473569 End=4099782798053 Duration=324484
Task=2 Chunk=0 Start=4099782798058 End=4099783122467 Duration=324409
Task=3 Chunk=0 Start=4099783122468 End=4099783440725 Duration=318257
Task=4 Chunk=0 Start=4099783440736 End=4099783759762 Duration=319026
Task=5 Chunk=0 Start=4099783759763 End=4099784079102 Duration=319339
Task=6 Chunk=0 Start=4099784079121 End=4099784397553 Duration=318432
Task=7 Chunk=0 Start=4099784397567 End=4099784715329 Duration=317762
Task=8 Chunk=0 Start=4099784715354 End=4099785032742 Duration=317388
Task=9 Chunk=0 Start=4099785032748 End=4099785349580 Duration=316832
Task=10 Chunk=0 Start=4099785349587 End=4099785667301 Duration=317714
Task=11 Chunk=0 Start=4099785667307 End=4099785986290 Duration=318983
Task=12 Chunk=0 Start=4099785986296 End=4099786303629 Duration=317333
Task=13 Chunk=0 Start=4099786303632 End=4099786620443 Duration=316811
Task=14 Chunk=0 Start=4099786620445 End=4099786938203 Duration=317758
Task=15 Chunk=0 Start=4099786938204 End=4099787255370 Duration=317166
Task=16 Chunk=0 Start=4099787255391 End=4099787572173 Duration=316782
Task=17 Chunk=0 Start=4099787572180 End=4099787888537 Duration=316357
Task=18 Chunk=0 Start=4099787888548 End=4099788205303 Duration=316755
Task=19 Chunk=0 Start=4099788205315 End=4099788523852 Duration=318537
Task=20 Chunk=0 Start=4099788523853 End=4099788840919 Duration=317066
Task=21 Chunk=0 Start=4099788840929 End=4099789158246 Duration=317317
Task=22 Chunk=0 Start=4099789158255 End=4099789475848 Duration=317593
Task=23 Chunk=0 Start=4099789475854 End=4099789793340 Duration=317486
Task=24 Chunk=0 Start=4099789793353 End=4099790112858 Duration=319505
Task=25 Chunk=0 Start=4099790112869 End=4099790430110 Duration=317241
Task=26 Chunk=0 Start=4099790430116 End=4099790746745 Duration=316629
Task=27 Chunk=0 Start=4099790746753 End=4099791063570 Duration=316817
Task=28 Chunk=0 Start=4099791063582 End=4099791382552 Duration=318970
Task=29 Chunk=0 Start=4099791382565 End=4099791699831 Duration=317266
Task=30 Chunk=0 Start=4099791699840 End=4099792014684 Duration=314844
Task=31 Chunk=0 Start=4099792014685 End=4099792331307 Duration=316622
Task=32 Chunk=0 Start=4099792331313 End=4099792648580 Duration=317267
Task=33 Chunk=0 Start=4099792648591 End=4099792967227 Duration=318636
Task=34 Chunk=0 Start=4099792967235 End=4099793284106 Duration=316871
Task=35 Chunk=0 Start=4099793284107 End=4099793601947 Duration=317840
Task=36 Chunk=0 Start=4099793601956 End=4099793919152 Duration=317196
Task=37 Chunk=0 Start=4099793919162 End=4099794239429 Duration=320267
Task=38 Chunk=0 Start=4099794239441 End=4099794556873 Duration=317432
Task=39 Chunk=0 Start=4099794556879 End=4099794872945 Duration=316066
Task=40 Chunk=0 Start=4099794872955 End=4099795188585 Duration=315630
Task=41 Chunk=0 Start=4099795188601 End=4099795506746 Duration=318145
Task=42 Chunk=0 Start=4099795506747 End=4099795823404 Duration=316657
Task=43 Chunk=0 Start=4099795823417 End=4099796139906 Duration=316489
Task=44 Chunk=0 Start=4099796139912 End=4099796455851 Duration=315939
Task=45 Chunk=0 Start=4099796455852 End=4099796771836 Duration=315984
Task=46 Chunk=0 Start=4099796771837 End=4099797091713 Duration=319876
Task=47 Chunk=0 Start=4099797091725 End=4099797409469 Duration=317744
Task=48 Chunk=0 Start=4099797409477 End=4099797725145 Duration=315668
Task=49 Chunk=0 Start=4099797725151 End=4099798042683 Duration=317532
Task=50 Chunk=0 Start=4099798042689 End=4099798362920 Duration=320231
Task=51 Chunk=0 Start=4099798362925 End=4099798680457 Duration=317532
Task=52 Chunk=0 Start=4099798680471 End=4099798998349 Duration=317878
Task=53 Chunk=0 Start=4099798998354 End=4099799315758 Duration=317404
Task=54 Chunk=0 Start=4099799315764 End=4099799634764 Duration=319000
Task=55 Chunk=0 Start=4099799634772 End=4099799951095 Duration=316323
Task=56 Chunk=0 Start=4099799951106 End=4099800269000 Duration=317894
Task=57 Chunk=0 Start=4099800269000 End=4099800585637 Duration=316637
Task=58 Chunk=0 Start=4099800585638 End=4099800904394 Duration=318756
Task=59 Chunk=0 Start=4099800904407 End=4099801225395 Duration=320988
Task=60 Chunk=0 Start=4099801225408 End=4099801544056 Duration=318648
Task=61 Chunk=0 Start=4099801544065 End=4099801864216 Duration=320151
Task=62 Chunk=0 Start=4099801864222 End=4099802185359 Duration=321137
Task=63 Chunk=0 Start=4099802185365 End=4099802508186 Duration=322821
Task=64 Chunk=0 Start=4099802508187 End=4099802829699 Duration=321512
Task=65 Chunk=0 Start=4099802829700 End=4099803150134 Duration=320434
Task=66 Chunk=0 Start=4099803150135 End=4099803471260 Duration=321125
Task=67 Chunk=0 Start=4099803471261 End=4099803791554 Duration=320293
Task=68 Chunk=0 Start=4099803791561 End=4099804111794 Duration=320233
Task=69 Chunk=0 Start=4099804111808 End=4099804430020 Duration=318212
Task=70 Chunk=0 Start=4099804430021 End=4099804750202 Duration=320181
Task=71 Chunk=0 Start=4099804750209 End=4099805069908 Duration=319699
Task=72 Chunk=0 Start=4099805069914 End=4099805389695 Duration=319781
Task=73 Chunk=0 Start=4099805389704 End=4099805711735 Duration=322031
Task=74 Chunk=0 Start=4099805711740 End=4099806031384 Duration=319644
Task=75 Chunk=0 Start=4099806031390 End=4099806348362 Duration=316972
Task=76 Chunk=0 Start=4099806348364 End=4099806667522 Duration=319158
Task=77 Chunk=0 Start=4099806667523 End=4099806985410 Duration=317887
Task=78 Chunk=0 Start=4099806985411 End=4099807304875 Duration=319464
Task=79 Chunk=0 Start=4099807304876 End=4099807623517 Duration=318641
Task=80 Chunk=0 Start=4099807623535 End=4099807942254 Duration=318719
Task=81 Chunk=0 Start=4099807942269 End=4099808261695 Duration=319426
Task=82 Chunk=0 Start=4099808261704 End=4099808582926 Duration=321222
Task=83 Chunk=0 Start=4099808582938 End=4099808902310 Duration=319372
Task=84 Chunk=0 Start=4099808902324 End=4099809219735 Duration=317411
Task=85 Chunk=0 Start=4099809219746 End=4099809536380 Duration=316634
Task=86 Chunk=0 Start=4099809536393 End=4099809855656 Duration=319263
Task=87 Chunk=0 Start=4099809855664 End=4099810175795 Duration=320131
Task=88 Chunk=0 Start=4099810175807 End=4099810493236 Duration=317429
Task=89 Chunk=0 Start=4099810493245 End=4099810810443 Duration=317198
Task=90 Chunk=0 Start=4099810810449 End=4099811127474 Duration=317025
Task=91 Chunk=0 Start=4099811127500 End=4099811446080 Duration=318580
Task=92 Chunk=0 Start=4099811446081 End=4099811763871 Duration=317790
Task=93 Chunk=0 Start=4099811763872 End=4099812080859 Duration=316987
Task=94 Chunk=0 Start=4099812080868 End=4099812398938 Duration=318070
Task=95 Chunk=0 Start=4099812398961 End=4099812718351 Duration=319390
Task=96 Chunk=0 Start=4099812718362 End=4099813036079 Duration=317717
Task=97 Chunk=0 Start=4099813036086 End=4099813354404 Duration=318318
Task=98 Chunk=0 Start=4099813354413 End=4099813671072 Duration=316659
Task=99 Chunk=0 Start=4099813671087 End=4099813989920 Duration=318833
### Python End ###

--------------------------------
[2025-06-26 18:34:29.366] [info] Available Vulkan Layers:
[2025-06-26 18:34:29.366] [warning] Validation layer requested but not available, continuing without it...
[2025-06-26 18:34:29.370] [info] Using integrated GPU: Mali-G710
[2025-06-26 18:34:29.374] [info] VulkanDispatcher instance created.
[2025-06-26 18:34:29.574] [info] Total memory used: 40550404 bytes (38.67188 MB)
[2025-06-26 18:34:29.579] [info] Total memory used: 40550404 bytes (38.67188 MB)
[2025-06-26 18:34:29.656] [info] Total memory used: 40550404 bytes (38.67188 MB)
[2025-06-26 18:34:29.662] [info] Total memory used: 40550404 bytes (38.67188 MB)
[2025-06-26 18:34:29.667] [info] Total memory used: 40550404 bytes (38.67188 MB)
[2025-06-26 18:34:29.750] [info] Total memory used: 40550404 bytes (38.67188 MB)
[2025-06-26 18:34:29.757] [info] Total memory used: 40550404 bytes (38.67188 MB)
[2025-06-26 18:34:29.763] [info] Total memory used: 40550404 bytes (38.67188 MB)
[2025-06-26 18:34:29.769] [info] Total memory used: 40550404 bytes (38.67188 MB)
[2025-06-26 18:34:29.776] [info] Total memory used: 40550404 bytes (38.67188 MB)
[2025-06-26 18:34:29.856] [info] Total memory used: 40550404 bytes (38.67188 MB)
[2025-06-26 18:34:29.861] [info] Total memory used: 40550404 bytes (38.67188 MB)
[2025-06-26 18:34:29.866] [info] Total memory used: 40550404 bytes (38.67188 MB)
[2025-06-26 18:34:29.871] [info] Total memory used: 40550404 bytes (38.67188 MB)
[2025-06-26 18:34:29.877] [info] Total memory used: 40550404 bytes (38.67188 MB)
[2025-06-26 18:34:29.882] [info] Total memory used: 40550404 bytes (38.67188 MB)
### Python Begin ###
Schedule_UID=SCH-L7-G000-057b
Frequency=24576000 Hz
Task=0 Chunk=0 Start=4099827427403 End=4099832077729 Duration=4650326
Task=1 Chunk=0 Start=4099832077847 End=4099834955368 Duration=2877521
Task=2 Chunk=0 Start=4099834955472 End=4099837468770 Duration=2513298
Task=3 Chunk=0 Start=4099837468874 End=4099839997904 Duration=2529030
Task=4 Chunk=0 Start=4099839998099 End=4099842672925 Duration=2674826
Task=5 Chunk=0 Start=4099842673027 End=4099844857360 Duration=2184333
Task=6 Chunk=0 Start=4099844857455 End=4099847339482 Duration=2482027
Task=7 Chunk=0 Start=4099847339588 End=4099849290348 Duration=1950760
Task=8 Chunk=0 Start=4099849290462 End=4099851884683 Duration=2594221
Task=9 Chunk=0 Start=4099851884792 End=4099854420902 Duration=2536110
Task=10 Chunk=0 Start=4099854421007 End=4099856756998 Duration=2335991
Task=11 Chunk=0 Start=4099856757102 End=4099858973053 Duration=2215951
Task=12 Chunk=0 Start=4099858973190 End=4099861200309 Duration=2227119
Task=13 Chunk=0 Start=4099861200415 End=4099863543356 Duration=2342941
Task=14 Chunk=0 Start=4099863543460 End=4099865714467 Duration=2171007
Task=15 Chunk=0 Start=4099865714584 End=4099867830303 Duration=2115719
Task=16 Chunk=0 Start=4099867830429 End=4099870480403 Duration=2649974
Task=17 Chunk=0 Start=4099870480525 End=4099873117461 Duration=2636936
Task=18 Chunk=0 Start=4099873117567 End=4099875784662 Duration=2667095
Task=19 Chunk=0 Start=4099875784797 End=4099877724011 Duration=1939214
Task=20 Chunk=0 Start=4099877724146 End=4099880131741 Duration=2407595
Task=21 Chunk=0 Start=4099880131851 End=4099882801705 Duration=2669854
Task=22 Chunk=0 Start=4099882801837 End=4099884496635 Duration=1694798
Task=23 Chunk=0 Start=4099884496708 End=4099886655805 Duration=2159097
Task=24 Chunk=0 Start=4099886655920 End=4099888923239 Duration=2267319
Task=25 Chunk=0 Start=4099888923366 End=4099891270096 Duration=2346730
Task=26 Chunk=0 Start=4099891270228 End=4099893260954 Duration=1990726
Task=27 Chunk=0 Start=4099893261061 End=4099895460017 Duration=2198956
Task=28 Chunk=0 Start=4099895460123 End=4099897651402 Duration=2191279
Task=29 Chunk=0 Start=4099897651505 End=4099899609790 Duration=1958285
Task=30 Chunk=0 Start=4099899609890 End=4099901814831 Duration=2204941
Task=31 Chunk=0 Start=4099901814937 End=4099903982038 Duration=2167101
Task=32 Chunk=0 Start=4099903982154 End=4099906449443 Duration=2467289
Task=33 Chunk=0 Start=4099906449564 End=4099909130482 Duration=2680918
Task=34 Chunk=0 Start=4099909130588 End=4099911176860 Duration=2046272
Task=35 Chunk=0 Start=4099911176955 End=4099913411027 Duration=2234072
Task=36 Chunk=0 Start=4099913411129 End=4099915400891 Duration=1989762
Task=37 Chunk=0 Start=4099915400974 End=4099917573217 Duration=2172243
Task=38 Chunk=0 Start=4099917573318 End=4099919809153 Duration=2235835
Task=39 Chunk=0 Start=4099919809254 End=4099922355396 Duration=2546142
Task=40 Chunk=0 Start=4099922355509 End=4099925773286 Duration=3417777
Task=41 Chunk=0 Start=4099925773427 End=4099929735817 Duration=3962390
Task=42 Chunk=0 Start=4099929735919 End=4099932497037 Duration=2761118
Task=43 Chunk=0 Start=4099932497140 End=4099935964363 Duration=3467223
Task=44 Chunk=0 Start=4099935964455 End=4099938259788 Duration=2295333
Task=45 Chunk=0 Start=4099938259884 End=4099941423891 Duration=3164007
Task=46 Chunk=0 Start=4099941424012 End=4099944474146 Duration=3050134
Task=47 Chunk=0 Start=4099944474255 End=4099947231349 Duration=2757094
Task=48 Chunk=0 Start=4099947231469 End=4099949173776 Duration=1942307
Task=49 Chunk=0 Start=4099949173862 End=4099951304147 Duration=2130285
Task=50 Chunk=0 Start=4099951304252 End=4099953227715 Duration=1923463
Task=51 Chunk=0 Start=4099953227826 End=4099955207310 Duration=1979484
Task=52 Chunk=0 Start=4099955207405 End=4099956867054 Duration=1659649
Task=53 Chunk=0 Start=4099956867164 End=4099958681600 Duration=1814436
Task=54 Chunk=0 Start=4099958681699 End=4099960599818 Duration=1918119
Task=55 Chunk=0 Start=4099960599928 End=4099962479332 Duration=1879404
Task=56 Chunk=0 Start=4099962479428 End=4099964316851 Duration=1837423
Task=57 Chunk=0 Start=4099964316960 End=4099966213068 Duration=1896108
Task=58 Chunk=0 Start=4099966213175 End=4099967735244 Duration=1522069
Task=59 Chunk=0 Start=4099967735344 End=4099969392892 Duration=1657548
Task=60 Chunk=0 Start=4099969393002 End=4099970941430 Duration=1548428
Task=61 Chunk=0 Start=4099970941560 End=4099972310606 Duration=1369046
Task=62 Chunk=0 Start=4099972310684 End=4099974536643 Duration=2225959
Task=63 Chunk=0 Start=4099974536739 End=4099976836668 Duration=2299929
Task=64 Chunk=0 Start=4099976836783 End=4099978515399 Duration=1678616
Task=65 Chunk=0 Start=4099978515519 End=4099979988882 Duration=1473363
Task=66 Chunk=0 Start=4099979988973 End=4099981484976 Duration=1496003
Task=67 Chunk=0 Start=4099981485084 End=4099982995650 Duration=1510566
Task=68 Chunk=0 Start=4099982995761 End=4099984521710 Duration=1525949
Task=69 Chunk=0 Start=4099984521804 End=4099986269852 Duration=1748048
Task=70 Chunk=0 Start=4099986269950 End=4099987800812 Duration=1530862
Task=71 Chunk=0 Start=4099987800916 End=4099989405611 Duration=1604695
Task=72 Chunk=0 Start=4099989405731 End=4099990866870 Duration=1461139
Task=73 Chunk=0 Start=4099990866989 End=4099992311599 Duration=1444610
Task=74 Chunk=0 Start=4099992311700 End=4099993865317 Duration=1553617
Task=75 Chunk=0 Start=4099993865418 End=4099995311839 Duration=1446421
Task=76 Chunk=0 Start=4099995311952 End=4099996793427 Duration=1481475
Task=77 Chunk=0 Start=4099996793534 End=4099998432829 Duration=1639295
Task=78 Chunk=0 Start=4099998432964 End=4100000083455 Duration=1650491
Task=79 Chunk=0 Start=4100000083560 End=4100001694606 Duration=1611046
Task=80 Chunk=0 Start=4100001694752 End=4100003311643 Duration=1616891
Task=81 Chunk=0 Start=4100003311744 End=4100004972323 Duration=1660579
Task=82 Chunk=0 Start=4100004972424 End=4100006650934 Duration=1678510
Task=83 Chunk=0 Start=4100006651025 End=4100008582485 Duration=1931460
Task=84 Chunk=0 Start=4100008582592 End=4100010350690 Duration=1768098
Task=85 Chunk=0 Start=4100010350811 End=4100012204511 Duration=1853700
Task=86 Chunk=0 Start=4100012204610 End=4100013669140 Duration=1464530
Task=87 Chunk=0 Start=4100013669243 End=4100015081979 Duration=1412736
Task=88 Chunk=0 Start=4100015082211 End=4100016735072 Duration=1652861
Task=89 Chunk=0 Start=4100016735196 End=4100018124168 Duration=1388972
Task=90 Chunk=0 Start=4100018124303 End=4100019453806 Duration=1329503
Task=91 Chunk=0 Start=4100019454009 End=4100020745324 Duration=1291315
Task=92 Chunk=0 Start=4100020745425 End=4100022283092 Duration=1537667
Task=93 Chunk=0 Start=4100022283192 End=4100023681339 Duration=1398147
Task=94 Chunk=0 Start=4100023681462 End=4100025003046 Duration=1321584
Task=95 Chunk=0 Start=4100025003137 End=4100026375933 Duration=1372796
Task=96 Chunk=0 Start=4100026376061 End=4100027785451 Duration=1409390
Task=97 Chunk=0 Start=4100027785561 End=4100029158276 Duration=1372715
Task=98 Chunk=0 Start=4100029158368 End=4100030485253 Duration=1326885
Task=99 Chunk=0 Start=4100030485354 End=4100031812961 Duration=1327607
### Python End ###

--------------------------------
[2025-06-26 18:34:38.235] [info] Available Vulkan Layers:
[2025-06-26 18:34:38.235] [warning] Validation layer requested but not available, continuing without it...
[2025-06-26 18:34:38.238] [info] Using integrated GPU: Mali-G710
[2025-06-26 18:34:38.241] [info] VulkanDispatcher instance created.
[2025-06-26 18:34:38.414] [info] Total memory used: 40550404 bytes (38.67188 MB)
[2025-06-26 18:34:38.419] [info] Total memory used: 40550404 bytes (38.67188 MB)
[2025-06-26 18:34:38.516] [info] Total memory used: 40550404 bytes (38.67188 MB)
[2025-06-26 18:34:38.521] [info] Total memory used: 40550404 bytes (38.67188 MB)
[2025-06-26 18:34:38.526] [info] Total memory used: 40550404 bytes (38.67188 MB)
[2025-06-26 18:34:38.604] [info] Total memory used: 40550404 bytes (38.67188 MB)
[2025-06-26 18:34:38.609] [info] Total memory used: 40550404 bytes (38.67188 MB)
[2025-06-26 18:34:38.614] [info] Total memory used: 40550404 bytes (38.67188 MB)
[2025-06-26 18:34:38.620] [info] Total memory used: 40550404 bytes (38.67188 MB)
[2025-06-26 18:34:38.626] [info] Total memory used: 40550404 bytes (38.67188 MB)
[2025-06-26 18:34:38.720] [info] Total memory used: 40550404 bytes (38.67188 MB)
[2025-06-26 18:34:38.725] [info] Total memory used: 40550404 bytes (38.67188 MB)
[2025-06-26 18:34:38.730] [info] Total memory used: 40550404 bytes (38.67188 MB)
[2025-06-26 18:34:38.735] [info] Total memory used: 40550404 bytes (38.67188 MB)
[2025-06-26 18:34:38.740] [info] Total memory used: 40550404 bytes (38.67188 MB)
[2025-06-26 18:34:38.745] [info] Total memory used: 40550404 bytes (38.67188 MB)
### Python Begin ###
Schedule_UID=SCH-M7-G000-d938
Frequency=24576000 Hz
Task=0 Chunk=0 Start=4100045271120 End=4100045606896 Duration=335776
Task=1 Chunk=0 Start=4100045606909 End=4100045866913 Duration=260004
Task=2 Chunk=0 Start=4100045866919 End=4100046129363 Duration=262444
Task=3 Chunk=0 Start=4100046129366 End=4100046389904 Duration=260538
Task=4 Chunk=0 Start=4100046389915 End=4100046649234 Duration=259319
Task=5 Chunk=0 Start=4100046649240 End=4100046911025 Duration=261785
Task=6 Chunk=0 Start=4100046911043 End=4100047173266 Duration=262223
Task=7 Chunk=0 Start=4100047173279 End=4100047432624 Duration=259345
Task=8 Chunk=0 Start=4100047432630 End=4100047695135 Duration=262505
Task=9 Chunk=0 Start=4100047695137 End=4100047956230 Duration=261093
Task=10 Chunk=0 Start=4100047956242 End=4100048215890 Duration=259648
Task=11 Chunk=0 Start=4100048215905 End=4100048478853 Duration=262948
Task=12 Chunk=0 Start=4100048478855 End=4100048739182 Duration=260327
Task=13 Chunk=0 Start=4100048739187 End=4100048999037 Duration=259850
Task=14 Chunk=0 Start=4100048999038 End=4100049260786 Duration=261748
Task=15 Chunk=0 Start=4100049260797 End=4100049522301 Duration=261504
Task=16 Chunk=0 Start=4100049522303 End=4100049781178 Duration=258875
Task=17 Chunk=0 Start=4100049781187 End=4100050043299 Duration=262112
Task=18 Chunk=0 Start=4100050043306 End=4100050303993 Duration=260687
Task=19 Chunk=0 Start=4100050303998 End=4100050563673 Duration=259675
Task=20 Chunk=0 Start=4100050563678 End=4100050826757 Duration=263079
Task=21 Chunk=0 Start=4100050826765 End=4100051086704 Duration=259939
Task=22 Chunk=0 Start=4100051086713 End=4100051348171 Duration=261458
Task=23 Chunk=0 Start=4100051348182 End=4100051609374 Duration=261192
Task=24 Chunk=0 Start=4100051609379 End=4100051869823 Duration=260444
Task=25 Chunk=0 Start=4100051869841 End=4100052131842 Duration=262001
Task=26 Chunk=0 Start=4100052131858 End=4100052392123 Duration=260265
Task=27 Chunk=0 Start=4100052392134 End=4100052652902 Duration=260768
Task=28 Chunk=0 Start=4100052652915 End=4100052913639 Duration=260724
Task=29 Chunk=0 Start=4100052913647 End=4100053173475 Duration=259828
Task=30 Chunk=0 Start=4100053173487 End=4100053431884 Duration=258397
Task=31 Chunk=0 Start=4100053431894 End=4100053692849 Duration=260955
Task=32 Chunk=0 Start=4100053692863 End=4100053954030 Duration=261167
Task=33 Chunk=0 Start=4100053954035 End=4100054213611 Duration=259576
Task=34 Chunk=0 Start=4100054213616 End=4100054474278 Duration=260662
Task=35 Chunk=0 Start=4100054474295 End=4100054735833 Duration=261538
Task=36 Chunk=0 Start=4100054735839 End=4100054996216 Duration=260377
Task=37 Chunk=0 Start=4100054996221 End=4100055258941 Duration=262720
Task=38 Chunk=0 Start=4100055258953 End=4100055521267 Duration=262314
Task=39 Chunk=0 Start=4100055521268 End=4100055780254 Duration=258986
Task=40 Chunk=0 Start=4100055780260 End=4100056041572 Duration=261312
Task=41 Chunk=0 Start=4100056041579 End=4100056301191 Duration=259612
Task=42 Chunk=0 Start=4100056301198 End=4100056562596 Duration=261398
Task=43 Chunk=0 Start=4100056562603 End=4100056822438 Duration=259835
Task=44 Chunk=0 Start=4100056822444 End=4100057082175 Duration=259731
Task=45 Chunk=0 Start=4100057082177 End=4100057343121 Duration=260944
Task=46 Chunk=0 Start=4100057343128 End=4100057605242 Duration=262114
Task=47 Chunk=0 Start=4100057605243 End=4100057865417 Duration=260174
Task=48 Chunk=0 Start=4100057865446 End=4100058126497 Duration=261051
Task=49 Chunk=0 Start=4100058126502 End=4100058387941 Duration=261439
Task=50 Chunk=0 Start=4100058387955 End=4100058649578 Duration=261623
Task=51 Chunk=0 Start=4100058649590 End=4100058911712 Duration=262122
Task=52 Chunk=0 Start=4100058911728 End=4100059172824 Duration=261096
Task=53 Chunk=0 Start=4100059172832 End=4100059431553 Duration=258721
Task=54 Chunk=0 Start=4100059431566 End=4100059692621 Duration=261055
Task=55 Chunk=0 Start=4100059692632 End=4100059954146 Duration=261514
Task=56 Chunk=0 Start=4100059954152 End=4100060213571 Duration=259419
Task=57 Chunk=0 Start=4100060213572 End=4100060475233 Duration=261661
Task=58 Chunk=0 Start=4100060475234 End=4100060735556 Duration=260322
Task=59 Chunk=0 Start=4100060735568 End=4100060995369 Duration=259801
Task=60 Chunk=0 Start=4100060995382 End=4100061256681 Duration=261299
Task=61 Chunk=0 Start=4100061256694 End=4100061517365 Duration=260671
Task=62 Chunk=0 Start=4100061517372 End=4100061776823 Duration=259451
Task=63 Chunk=0 Start=4100061776828 End=4100062037000 Duration=260172
Task=64 Chunk=0 Start=4100062037037 End=4100062295270 Duration=258233
Task=65 Chunk=0 Start=4100062295282 End=4100062556870 Duration=261588
Task=66 Chunk=0 Start=4100062556879 End=4100062818636 Duration=261757
Task=67 Chunk=0 Start=4100062818641 End=4100063078289 Duration=259648
Task=68 Chunk=0 Start=4100063078290 End=4100063340370 Duration=262080
Task=69 Chunk=0 Start=4100063340377 End=4100063601789 Duration=261412
Task=70 Chunk=0 Start=4100063601791 End=4100063860150 Duration=258359
Task=71 Chunk=0 Start=4100063860156 End=4100064121841 Duration=261685
Task=72 Chunk=0 Start=4100064121842 End=4100064382588 Duration=260746
Task=73 Chunk=0 Start=4100064382594 End=4100064642354 Duration=259760
Task=74 Chunk=0 Start=4100064642359 End=4100064902961 Duration=260602
Task=75 Chunk=0 Start=4100064902968 End=4100065163009 Duration=260041
Task=76 Chunk=0 Start=4100065163021 End=4100065422959 Duration=259938
Task=77 Chunk=0 Start=4100065422960 End=4100065684981 Duration=262021
Task=78 Chunk=0 Start=4100065684982 End=4100065946472 Duration=261490
Task=79 Chunk=0 Start=4100065946477 End=4100066205996 Duration=259519
Task=80 Chunk=0 Start=4100066206001 End=4100066469135 Duration=263134
Task=81 Chunk=0 Start=4100066469152 End=4100066731319 Duration=262167
Task=82 Chunk=0 Start=4100066731325 End=4100066990545 Duration=259220
Task=83 Chunk=0 Start=4100066990553 End=4100067252074 Duration=261521
Task=84 Chunk=0 Start=4100067252080 End=4100067513412 Duration=261332
Task=85 Chunk=0 Start=4100067513413 End=4100067773756 Duration=260343
Task=86 Chunk=0 Start=4100067773762 End=4100068036200 Duration=262438
Task=87 Chunk=0 Start=4100068036206 End=4100068298632 Duration=262426
Task=88 Chunk=0 Start=4100068298639 End=4100068557522 Duration=258883
Task=89 Chunk=0 Start=4100068557533 End=4100068819845 Duration=262312
Task=90 Chunk=0 Start=4100068819847 End=4100069079076 Duration=259229
Task=91 Chunk=0 Start=4100069079088 End=4100069339789 Duration=260701
Task=92 Chunk=0 Start=4100069339796 End=4100069601588 Duration=261792
Task=93 Chunk=0 Start=4100069601595 End=4100069861075 Duration=259480
Task=94 Chunk=0 Start=4100069861088 End=4100070121531 Duration=260443
Task=95 Chunk=0 Start=4100070121538 End=4100070384689 Duration=263151
Task=96 Chunk=0 Start=4100070384694 End=4100070644952 Duration=260258
Task=97 Chunk=0 Start=4100070644963 End=4100070906860 Duration=261897
Task=98 Chunk=0 Start=4100070906867 End=4100071168588 Duration=261721
Task=99 Chunk=0 Start=4100071168595 End=4100071428026 Duration=259431
### Python End ###

--------------------------------
[2025-06-26 18:34:39.840] [info] Available Vulkan Layers:
[2025-06-26 18:34:39.840] [warning] Validation layer requested but not available, continuing without it...
[2025-06-26 18:34:39.846] [info] Using integrated GPU: Mali-G710
[2025-06-26 18:34:39.850] [info] VulkanDispatcher instance created.
[2025-06-26 18:34:40.050] [info] Total memory used: 40550404 bytes (38.67188 MB)
[2025-06-26 18:34:40.055] [info] Total memory used: 40550404 bytes (38.67188 MB)
[2025-06-26 18:34:40.155] [info] Total memory used: 40550404 bytes (38.67188 MB)
[2025-06-26 18:34:40.162] [info] Total memory used: 40550404 bytes (38.67188 MB)
[2025-06-26 18:34:40.167] [info] Total memory used: 40550404 bytes (38.67188 MB)
[2025-06-26 18:34:40.245] [info] Total memory used: 40550404 bytes (38.67188 MB)
[2025-06-26 18:34:40.250] [info] Total memory used: 40550404 bytes (38.67188 MB)
[2025-06-26 18:34:40.256] [info] Total memory used: 40550404 bytes (38.67188 MB)
[2025-06-26 18:34:40.261] [info] Total memory used: 40550404 bytes (38.67188 MB)
[2025-06-26 18:34:40.267] [info] Total memory used: 40550404 bytes (38.67188 MB)
[2025-06-26 18:34:40.356] [info] Total memory used: 40550404 bytes (38.67188 MB)
[2025-06-26 18:34:40.361] [info] Total memory used: 40550404 bytes (38.67188 MB)
[2025-06-26 18:34:40.366] [info] Total memory used: 40550404 bytes (38.67188 MB)
[2025-06-26 18:34:40.371] [info] Total memory used: 40550404 bytes (38.67188 MB)
[2025-06-26 18:34:40.376] [info] Total memory used: 40550404 bytes (38.67188 MB)
[2025-06-26 18:34:40.381] [info] Total memory used: 40550404 bytes (38.67188 MB)
### Python Begin ###
Schedule_UID=SCH-G7-G000-2604
Frequency=24576000 Hz
Task=0 Chunk=0 Start=4100085466089 End=4100087374673 Duration=1908584
Task=1 Chunk=0 Start=4100087374697 End=4100088971019 Duration=1596322
Task=2 Chunk=0 Start=4100088971035 End=4100090212991 Duration=1241956
Task=3 Chunk=0 Start=4100090213007 End=4100091215308 Duration=1002301
Task=4 Chunk=0 Start=4100091215330 End=4100092266414 Duration=1051084
Task=5 Chunk=0 Start=4100092266433 End=4100093350510 Duration=1084077
Task=6 Chunk=0 Start=4100093350521 End=4100094566101 Duration=1215580
Task=7 Chunk=0 Start=4100094566167 End=4100095455369 Duration=889202
Task=8 Chunk=0 Start=4100095455463 End=4100096720709 Duration=1265246
Task=9 Chunk=0 Start=4100096720789 End=4100098240533 Duration=1519744
Task=10 Chunk=0 Start=4100098240572 End=4100099658098 Duration=1417526
Task=11 Chunk=0 Start=4100099658180 End=4100100776028 Duration=1117848
Task=12 Chunk=0 Start=4100100776099 End=4100102364915 Duration=1588816
Task=13 Chunk=0 Start=4100102364981 End=4100103820727 Duration=1455746
Task=14 Chunk=0 Start=4100103820795 End=4100104983949 Duration=1163154
Task=15 Chunk=0 Start=4100104984017 End=4100106267585 Duration=1283568
Task=16 Chunk=0 Start=4100106267656 End=4100107690789 Duration=1423133
Task=17 Chunk=0 Start=4100107690866 End=4100109156115 Duration=1465249
Task=18 Chunk=0 Start=4100109156199 End=4100110543566 Duration=1387367
Task=19 Chunk=0 Start=4100110543646 End=4100112076705 Duration=1533059
Task=20 Chunk=0 Start=4100112076775 End=4100113136743 Duration=1059968
Task=21 Chunk=0 Start=4100113136834 End=4100114320009 Duration=1183175
Task=22 Chunk=0 Start=4100114320090 End=4100115653144 Duration=1333054
Task=23 Chunk=0 Start=4100115653212 End=4100117068151 Duration=1414939
Task=24 Chunk=0 Start=4100117068237 End=4100118211527 Duration=1143290
Task=25 Chunk=0 Start=4100118211598 End=4100119468859 Duration=1257261
Task=26 Chunk=0 Start=4100119468931 End=4100120897000 Duration=1428069
Task=27 Chunk=0 Start=4100120897063 End=4100122382435 Duration=1485372
Task=28 Chunk=0 Start=4100122382504 End=4100123764498 Duration=1381994
Task=29 Chunk=0 Start=4100123764565 End=4100125504423 Duration=1739858
Task=30 Chunk=0 Start=4100125504489 End=4100126583057 Duration=1078568
Task=31 Chunk=0 Start=4100126583120 End=4100128013159 Duration=1430039
Task=32 Chunk=0 Start=4100128013246 End=4100129460628 Duration=1447382
Task=33 Chunk=0 Start=4100129460701 End=4100130905497 Duration=1444796
Task=34 Chunk=0 Start=4100130905569 End=4100132357635 Duration=1452066
Task=35 Chunk=0 Start=4100132357708 End=4100133648317 Duration=1290609
Task=36 Chunk=0 Start=4100133648391 End=4100135056071 Duration=1407680
Task=37 Chunk=0 Start=4100135056143 End=4100136564337 Duration=1508194
Task=38 Chunk=0 Start=4100136564439 End=4100138065777 Duration=1501338
Task=39 Chunk=0 Start=4100138065849 End=4100139573996 Duration=1508147
Task=40 Chunk=0 Start=4100139574100 End=4100141111141 Duration=1537041
Task=41 Chunk=0 Start=4100141111208 End=4100142148354 Duration=1037146
Task=42 Chunk=0 Start=4100142148424 End=4100143653939 Duration=1505515
Task=43 Chunk=0 Start=4100143654015 End=4100145061999 Duration=1407984
Task=44 Chunk=0 Start=4100145062085 End=4100146516663 Duration=1454578
Task=45 Chunk=0 Start=4100146516714 End=4100147572430 Duration=1055716
Task=46 Chunk=0 Start=4100147572455 End=4100149084199 Duration=1511744
Task=47 Chunk=0 Start=4100149084279 End=4100150550891 Duration=1466612
Task=48 Chunk=0 Start=4100150550983 End=4100152023761 Duration=1472778
Task=49 Chunk=0 Start=4100152023834 End=4100153335534 Duration=1311700
Task=50 Chunk=0 Start=4100153335598 End=4100154768455 Duration=1432857
Task=51 Chunk=0 Start=4100154768526 End=4100156165701 Duration=1397175
Task=52 Chunk=0 Start=4100156165768 End=4100157502007 Duration=1336239
Task=53 Chunk=0 Start=4100157502087 End=4100158937847 Duration=1435760
Task=54 Chunk=0 Start=4100158938006 End=4100160416230 Duration=1478224
Task=55 Chunk=0 Start=4100160416304 End=4100161551102 Duration=1134798
Task=56 Chunk=0 Start=4100161551187 End=4100162885099 Duration=1333912
Task=57 Chunk=0 Start=4100162885179 End=4100164318580 Duration=1433401
Task=58 Chunk=0 Start=4100164318656 End=4100165797456 Duration=1478800
Task=59 Chunk=0 Start=4100165797525 End=4100167103561 Duration=1306036
Task=60 Chunk=0 Start=4100167103632 End=4100168506938 Duration=1403306
Task=61 Chunk=0 Start=4100168507024 End=4100170077410 Duration=1570386
Task=62 Chunk=0 Start=4100170077475 End=4100171159864 Duration=1082389
Task=63 Chunk=0 Start=4100171159934 End=4100172321375 Duration=1161441
Task=64 Chunk=0 Start=4100172321447 End=4100173671375 Duration=1349928
Task=65 Chunk=0 Start=4100173671449 End=4100175103389 Duration=1431940
Task=66 Chunk=0 Start=4100175103445 End=4100176566187 Duration=1462742
Task=67 Chunk=0 Start=4100176566236 End=4100177954842 Duration=1388606
Task=68 Chunk=0 Start=4100177954926 End=4100179491598 Duration=1536672
Task=69 Chunk=0 Start=4100179491670 End=4100181043238 Duration=1551568
Task=70 Chunk=0 Start=4100181043280 End=4100181976012 Duration=932732
Task=71 Chunk=0 Start=4100181976075 End=4100183198988 Duration=1222913
Task=72 Chunk=0 Start=4100183199041 End=4100184429332 Duration=1230291
Task=73 Chunk=0 Start=4100184429405 End=4100185732641 Duration=1303236
Task=74 Chunk=0 Start=4100185732716 End=4100187156131 Duration=1423415
Task=75 Chunk=0 Start=4100187156228 End=4100188274040 Duration=1117812
Task=76 Chunk=0 Start=4100188274118 End=4100189797536 Duration=1523418
Task=77 Chunk=0 Start=4100189797606 End=4100190871336 Duration=1073730
Task=78 Chunk=0 Start=4100190871400 End=4100192340633 Duration=1469233
Task=79 Chunk=0 Start=4100192340703 End=4100193638680 Duration=1297977
Task=80 Chunk=0 Start=4100193638764 End=4100195020410 Duration=1381646
Task=81 Chunk=0 Start=4100195020480 End=4100196377282 Duration=1356802
Task=82 Chunk=0 Start=4100196377361 End=4100197660211 Duration=1282850
Task=83 Chunk=0 Start=4100197660281 End=4100199076331 Duration=1416050
Task=84 Chunk=0 Start=4100199076399 End=4100200187509 Duration=1111110
Task=85 Chunk=0 Start=4100200187586 End=4100201472446 Duration=1284860
Task=86 Chunk=0 Start=4100201472523 End=4100202867186 Duration=1394663
Task=87 Chunk=0 Start=4100202867254 End=4100204394205 Duration=1526951
Task=88 Chunk=0 Start=4100204394317 End=4100205924697 Duration=1530380
Task=89 Chunk=0 Start=4100205924775 End=4100207432286 Duration=1507511
Task=90 Chunk=0 Start=4100207432354 End=4100208566991 Duration=1134637
Task=91 Chunk=0 Start=4100208567065 End=4100210039186 Duration=1472121
Task=92 Chunk=0 Start=4100210039274 End=4100211398209 Duration=1358935
Task=93 Chunk=0 Start=4100211398285 End=4100212922469 Duration=1524184
Task=94 Chunk=0 Start=4100212922540 End=4100214311753 Duration=1389213
Task=95 Chunk=0 Start=4100214311829 End=4100215810085 Duration=1498256
Task=96 Chunk=0 Start=4100215810160 End=4100217204016 Duration=1393856
Task=97 Chunk=0 Start=4100217204088 End=4100218737630 Duration=1533542
Task=98 Chunk=0 Start=4100218737712 End=4100219819719 Duration=1082007
Task=99 Chunk=0 Start=4100219819794 End=4100221364540 Duration=1544746
### Python End ###

--------------------------------
[2025-06-26 18:34:45.939] [info] Available Vulkan Layers:
[2025-06-26 18:34:45.940] [warning] Validation layer requested but not available, continuing without it...
[2025-06-26 18:34:45.943] [info] Using integrated GPU: Mali-G710
[2025-06-26 18:34:45.946] [info] VulkanDispatcher instance created.
[2025-06-26 18:34:46.185] [info] Total memory used: 40550404 bytes (38.67188 MB)
[2025-06-26 18:34:46.190] [info] Total memory used: 40550404 bytes (38.67188 MB)
[2025-06-26 18:34:46.262] [info] Total memory used: 40550404 bytes (38.67188 MB)
[2025-06-26 18:34:46.267] [info] Total memory used: 40550404 bytes (38.67188 MB)
[2025-06-26 18:34:46.272] [info] Total memory used: 40550404 bytes (38.67188 MB)
[2025-06-26 18:34:46.342] [info] Total memory used: 40550404 bytes (38.67188 MB)
[2025-06-26 18:34:46.347] [info] Total memory used: 40550404 bytes (38.67188 MB)
[2025-06-26 18:34:46.352] [info] Total memory used: 40550404 bytes (38.67188 MB)
[2025-06-26 18:34:46.358] [info] Total memory used: 40550404 bytes (38.67188 MB)
[2025-06-26 18:34:46.363] [info] Total memory used: 40550404 bytes (38.67188 MB)
[2025-06-26 18:34:46.447] [info] Total memory used: 40550404 bytes (38.67188 MB)
[2025-06-26 18:34:46.453] [info] Total memory used: 40550404 bytes (38.67188 MB)
[2025-06-26 18:34:46.458] [info] Total memory used: 40550404 bytes (38.67188 MB)
[2025-06-26 18:34:46.463] [info] Total memory used: 40550404 bytes (38.67188 MB)
[2025-06-26 18:34:46.468] [info] Total memory used: 40550404 bytes (38.67188 MB)
[2025-06-26 18:34:46.473] [info] Total memory used: 40550404 bytes (38.67188 MB)
### Python Begin ###
Schedule_UID=SCH-M2G3B2-G025-c62f
Frequency=24576000 Hz
Task=0 Chunk=0 Start=4100235161351 End=4100235199971 Duration=38620
Task=0 Chunk=1 Start=4100235199993 End=4100235328063 Duration=128070
Task=0 Chunk=2 Start=4100235329055 End=4100235397388 Duration=68333
Task=1 Chunk=0 Start=4100235199979 End=4100235224250 Duration=24271
Task=1 Chunk=1 Start=4100235328064 End=4100235365064 Duration=37000
Task=1 Chunk=2 Start=4100235397388 End=4100235461333 Duration=63945
Task=2 Chunk=0 Start=4100235224251 End=4100235247247 Duration=22996
Task=2 Chunk=1 Start=4100235365065 End=4100235402501 Duration=37436
Task=2 Chunk=2 Start=4100235461335 End=4100235525763 Duration=64428
Task=3 Chunk=0 Start=4100235247248 End=4100235271846 Duration=24598
Task=3 Chunk=1 Start=4100235402502 End=4100235438910 Duration=36408
Task=3 Chunk=2 Start=4100235525764 End=4100235586957 Duration=61193
Task=4 Chunk=0 Start=4100235271852 End=4100235294515 Duration=22663
Task=4 Chunk=1 Start=4100235438912 End=4100235475289 Duration=36377
Task=4 Chunk=2 Start=4100235586958 End=4100235648066 Duration=61108
Task=5 Chunk=0 Start=4100235294516 End=4100235318520 Duration=24004
Task=5 Chunk=1 Start=4100235475290 End=4100235513352 Duration=38062
Task=5 Chunk=2 Start=4100235648067 End=4100235709237 Duration=61170
Task=6 Chunk=0 Start=4100235318522 End=4100235341288 Duration=22766
Task=6 Chunk=1 Start=4100235513353 End=4100235551151 Duration=37798
Task=6 Chunk=2 Start=4100235709238 End=4100235770920 Duration=61682
Task=7 Chunk=0 Start=4100235341289 End=4100235368710 Duration=27421
Task=7 Chunk=1 Start=4100235551152 End=4100235595195 Duration=44043
Task=7 Chunk=2 Start=4100235770921 End=4100235833425 Duration=62504
Task=8 Chunk=0 Start=4100235368713 End=4100235392726 Duration=24013
Task=8 Chunk=1 Start=4100235595196 End=4100235636124 Duration=40928
Task=8 Chunk=2 Start=4100235833426 End=4100235891544 Duration=58118
Task=9 Chunk=0 Start=4100235392727 End=4100235420981 Duration=28254
Task=9 Chunk=1 Start=4100235636125 End=4100235673307 Duration=37182
Task=9 Chunk=2 Start=4100235891545 End=4100235956042 Duration=64497
Task=10 Chunk=0 Start=4100235420982 End=4100235447644 Duration=26662
Task=10 Chunk=1 Start=4100235673308 End=4100235713911 Duration=40603
Task=10 Chunk=2 Start=4100235956043 End=4100236013110 Duration=57067
Task=11 Chunk=0 Start=4100235447645 End=4100235473715 Duration=26070
Task=11 Chunk=1 Start=4100235713913 End=4100235752004 Duration=38091
Task=11 Chunk=2 Start=4100236013111 End=4100236068948 Duration=55837
Task=12 Chunk=0 Start=4100235473716 End=4100235498290 Duration=24574
Task=12 Chunk=1 Start=4100235752005 End=4100235791609 Duration=39604
Task=12 Chunk=2 Start=4100236068949 End=4100236128823 Duration=59874
Task=13 Chunk=0 Start=4100235498292 End=4100235716816 Duration=218524
Task=13 Chunk=1 Start=4100235791610 End=4100235830587 Duration=38977
Task=13 Chunk=2 Start=4100236128824 End=4100236190972 Duration=62148
Task=14 Chunk=0 Start=4100235716826 End=4100235748095 Duration=31269
Task=14 Chunk=1 Start=4100235830588 End=4100235870076 Duration=39488
Task=14 Chunk=2 Start=4100236190973 End=4100236251868 Duration=60895
Task=15 Chunk=0 Start=4100235748098 End=4100235793874 Duration=45776
Task=15 Chunk=1 Start=4100235870077 End=4100235909307 Duration=39230
Task=15 Chunk=2 Start=4100236251869 End=4100236313757 Duration=61888
Task=16 Chunk=0 Start=4100235793875 End=4100235841271 Duration=47396
Task=16 Chunk=1 Start=4100235909308 End=4100235949018 Duration=39710
Task=16 Chunk=2 Start=4100236313758 End=4100236372371 Duration=58613
Task=17 Chunk=0 Start=4100235841272 End=4100235887281 Duration=46009
Task=17 Chunk=1 Start=4100235949019 End=4100235994111 Duration=45092
Task=17 Chunk=2 Start=4100236372372 End=4100236434870 Duration=62498
Task=18 Chunk=0 Start=4100235887282 End=4100235934043 Duration=46761
Task=18 Chunk=1 Start=4100235994114 End=4100236043116 Duration=49002
Task=18 Chunk=2 Start=4100236434871 End=4100236492168 Duration=57297
Task=19 Chunk=0 Start=4100235934044 End=4100235980094 Duration=46050
Task=19 Chunk=1 Start=4100236043120 End=4100236091974 Duration=48854
Task=19 Chunk=2 Start=4100236492169 End=4100236553122 Duration=60953
Task=20 Chunk=0 Start=4100235980095 End=4100236027103 Duration=47008
Task=20 Chunk=1 Start=4100236091978 End=4100236135188 Duration=43210
Task=20 Chunk=2 Start=4100236553123 End=4100236610366 Duration=57243
Task=21 Chunk=0 Start=4100236027104 End=4100236073047 Duration=45943
Task=21 Chunk=1 Start=4100236135189 End=4100236178563 Duration=43374
Task=21 Chunk=2 Start=4100236610368 End=4100236666055 Duration=55687
Task=22 Chunk=0 Start=4100236073048 End=4100236104816 Duration=31768
Task=22 Chunk=1 Start=4100236178590 End=4100236221867 Duration=43277
Task=22 Chunk=2 Start=4100236666061 End=4100236723089 Duration=57028
Task=23 Chunk=0 Start=4100236104817 End=4100236128032 Duration=23215
Task=23 Chunk=1 Start=4100236221868 End=4100236264788 Duration=42920
Task=23 Chunk=2 Start=4100236723090 End=4100236778976 Duration=55886
Task=24 Chunk=0 Start=4100236128033 End=4100236151860 Duration=23827
Task=24 Chunk=1 Start=4100236264789 End=4100236307624 Duration=42835
Task=24 Chunk=2 Start=4100236778977 End=4100236836665 Duration=57688
Task=25 Chunk=0 Start=4100236151862 End=4100236175826 Duration=23964
Task=25 Chunk=1 Start=4100236307629 End=4100236347037 Duration=39408
Task=25 Chunk=2 Start=4100236836673 End=4100236894017 Duration=57344
Task=26 Chunk=0 Start=4100236175827 End=4100236199543 Duration=23716
Task=26 Chunk=1 Start=4100236347037 End=4100236387422 Duration=40385
Task=26 Chunk=2 Start=4100236894026 End=4100236949168 Duration=55142
Task=27 Chunk=0 Start=4100236199545 End=4100236222706 Duration=23161
Task=27 Chunk=1 Start=4100236387426 End=4100236429259 Duration=41833
Task=27 Chunk=2 Start=4100236949175 End=4100237005665 Duration=56490
Task=28 Chunk=0 Start=4100236222707 End=4100236245455 Duration=22748
Task=28 Chunk=1 Start=4100236429259 End=4100236470265 Duration=41006
Task=28 Chunk=2 Start=4100237005671 End=4100237062140 Duration=56469
Task=29 Chunk=0 Start=4100236251887 End=4100236274535 Duration=22648
Task=29 Chunk=1 Start=4100236470266 End=4100236509820 Duration=39554
Task=29 Chunk=2 Start=4100237062143 End=4100237117936 Duration=55793
Task=30 Chunk=0 Start=4100236313777 End=4100236337827 Duration=24050
Task=30 Chunk=1 Start=4100236509821 End=4100236549433 Duration=39612
Task=30 Chunk=2 Start=4100237117937 End=4100237172853 Duration=54916
Task=31 Chunk=0 Start=4100236372385 End=4100236397495 Duration=25110
Task=31 Chunk=1 Start=4100236549445 End=4100236591231 Duration=41786
Task=31 Chunk=2 Start=4100237172857 End=4100237228611 Duration=55754
Task=32 Chunk=0 Start=4100236434880 End=4100236459254 Duration=24374
Task=32 Chunk=1 Start=4100236591237 End=4100236633757 Duration=42520
Task=32 Chunk=2 Start=4100237228612 End=4100237284220 Duration=55608
Task=33 Chunk=0 Start=4100236492180 End=4100236516313 Duration=24133
Task=33 Chunk=1 Start=4100236633762 End=4100236675212 Duration=41450
Task=33 Chunk=2 Start=4100237284222 End=4100237339876 Duration=55654
Task=34 Chunk=0 Start=4100236553129 End=4100236576109 Duration=22980
Task=34 Chunk=1 Start=4100236675217 End=4100236717859 Duration=42642
Task=34 Chunk=2 Start=4100237339878 End=4100237395797 Duration=55919
Task=35 Chunk=0 Start=4100236610383 End=4100236633756 Duration=23373
Task=35 Chunk=1 Start=4100236717867 End=4100236759612 Duration=41745
Task=35 Chunk=2 Start=4100237395798 End=4100237451004 Duration=55206
Task=36 Chunk=0 Start=4100236666075 End=4100236689357 Duration=23282
Task=36 Chunk=1 Start=4100236759618 End=4100236802285 Duration=42667
Task=36 Chunk=2 Start=4100237451007 End=4100237506125 Duration=55118
Task=37 Chunk=0 Start=4100236723099 End=4100236747169 Duration=24070
Task=37 Chunk=1 Start=4100236802293 End=4100236844718 Duration=42425
Task=37 Chunk=2 Start=4100237506126 End=4100237560883 Duration=54757
Task=38 Chunk=0 Start=4100236778984 End=4100236803922 Duration=24938
Task=38 Chunk=1 Start=4100236844723 End=4100236885813 Duration=41090
Task=38 Chunk=2 Start=4100237560886 End=4100237616413 Duration=55527
Task=39 Chunk=0 Start=4100236836689 End=4100236860802 Duration=24113
Task=39 Chunk=1 Start=4100236885820 End=4100236928193 Duration=42373
Task=39 Chunk=2 Start=4100237616414 End=4100237671055 Duration=54641
Task=40 Chunk=0 Start=4100236894040 End=4100236918152 Duration=24112
Task=40 Chunk=1 Start=4100236928199 End=4100236967739 Duration=39540
Task=40 Chunk=2 Start=4100237671056 End=4100237726651 Duration=55595
Task=41 Chunk=0 Start=4100236949184 End=4100236972012 Duration=22828
Task=41 Chunk=1 Start=4100236972029 End=4100237012294 Duration=40265
Task=41 Chunk=2 Start=4100237726652 End=4100237781566 Duration=54914
Task=42 Chunk=0 Start=4100237005680 End=4100237029156 Duration=23476
Task=42 Chunk=1 Start=4100237029184 End=4100237069557 Duration=40373
Task=42 Chunk=2 Start=4100237781568 End=4100237836236 Duration=54668
Task=43 Chunk=0 Start=4100237062153 End=4100237086741 Duration=24588
Task=43 Chunk=1 Start=4100237086779 End=4100237127514 Duration=40735
Task=43 Chunk=2 Start=4100237836237 End=4100237891454 Duration=55217
Task=44 Chunk=0 Start=4100237117947 End=4100237140605 Duration=22658
Task=44 Chunk=1 Start=4100237140654 End=4100237184047 Duration=43393
Task=44 Chunk=2 Start=4100237891459 End=4100237946539 Duration=55080
Task=45 Chunk=0 Start=4100237172869 End=4100237196378 Duration=23509
Task=45 Chunk=1 Start=4100237196413 End=4100237236879 Duration=40466
Task=45 Chunk=2 Start=4100237946540 End=4100238002490 Duration=55950
Task=46 Chunk=0 Start=4100237228651 End=4100237251493 Duration=22842
Task=46 Chunk=1 Start=4100237251499 End=4100237292166 Duration=40667
Task=46 Chunk=2 Start=4100238002491 End=4100238057722 Duration=55231
Task=47 Chunk=0 Start=4100237284235 End=4100237307366 Duration=23131
Task=47 Chunk=1 Start=4100237307394 End=4100237348209 Duration=40815
Task=47 Chunk=2 Start=4100238057733 End=4100238113278 Duration=55545
Task=48 Chunk=0 Start=4100237339884 End=4100237362809 Duration=22925
Task=48 Chunk=1 Start=4100237362829 End=4100237403427 Duration=40598
Task=48 Chunk=2 Start=4100238113279 End=4100238169204 Duration=55925
Task=49 Chunk=0 Start=4100237395818 End=4100237419139 Duration=23321
Task=49 Chunk=1 Start=4100237419178 End=4100237460097 Duration=40919
Task=49 Chunk=2 Start=4100238169205 End=4100238223434 Duration=54229
Task=50 Chunk=0 Start=4100237451016 End=4100237473594 Duration=22578
Task=50 Chunk=1 Start=4100237473623 End=4100237514818 Duration=41195
Task=50 Chunk=2 Start=4100238223436 End=4100238279232 Duration=55796
Task=51 Chunk=0 Start=4100237506148 End=4100237528948 Duration=22800
Task=51 Chunk=1 Start=4100237528964 End=4100237569615 Duration=40651
Task=51 Chunk=2 Start=4100238279236 End=4100238333965 Duration=54729
Task=52 Chunk=0 Start=4100237560892 End=4100237584870 Duration=23978
Task=52 Chunk=1 Start=4100237584889 End=4100237625521 Duration=40632
Task=52 Chunk=2 Start=4100238333966 End=4100238389153 Duration=55187
Task=53 Chunk=0 Start=4100237616422 End=4100237639160 Duration=22738
Task=53 Chunk=1 Start=4100237639224 End=4100237681580 Duration=42356
Task=53 Chunk=2 Start=4100238389154 End=4100238443652 Duration=54498
Task=54 Chunk=0 Start=4100237671073 End=4100237694700 Duration=23627
Task=54 Chunk=1 Start=4100237694718 End=4100237737882 Duration=43164
Task=54 Chunk=2 Start=4100238443653 End=4100238499319 Duration=55666
Task=55 Chunk=0 Start=4100237726667 End=4100237749207 Duration=22540
Task=55 Chunk=1 Start=4100237749226 End=4100237792890 Duration=43664
Task=55 Chunk=2 Start=4100238499321 End=4100238554544 Duration=55223
Task=56 Chunk=0 Start=4100237781599 End=4100237804159 Duration=22560
Task=56 Chunk=1 Start=4100237804195 End=4100237847431 Duration=43236
Task=56 Chunk=2 Start=4100238554545 End=4100238610537 Duration=55992
Task=57 Chunk=0 Start=4100237836241 End=4100237858649 Duration=22408
Task=57 Chunk=1 Start=4100237858696 End=4100237902012 Duration=43316
Task=57 Chunk=2 Start=4100238610538 End=4100238665593 Duration=55055
Task=58 Chunk=0 Start=4100237891465 End=4100237914179 Duration=22714
Task=58 Chunk=1 Start=4100237914229 End=4100237957621 Duration=43392
Task=58 Chunk=2 Start=4100238665594 End=4100238719924 Duration=54330
Task=59 Chunk=0 Start=4100237946566 End=4100237970724 Duration=24158
Task=59 Chunk=1 Start=4100237970744 End=4100238014358 Duration=43614
Task=59 Chunk=2 Start=4100238719927 End=4100238775015 Duration=55088
Task=60 Chunk=0 Start=4100238002502 End=4100238025312 Duration=22810
Task=60 Chunk=1 Start=4100238025363 End=4100238069424 Duration=44061
Task=60 Chunk=2 Start=4100238775016 End=4100238829824 Duration=54808
Task=61 Chunk=0 Start=4100238057740 End=4100238081203 Duration=23463
Task=61 Chunk=1 Start=4100238081255 End=4100238124312 Duration=43057
Task=61 Chunk=2 Start=4100238829825 End=4100238885482 Duration=55657
Task=62 Chunk=0 Start=4100238113286 End=4100238135811 Duration=22525
Task=62 Chunk=1 Start=4100238135834 End=4100238179319 Duration=43485
Task=62 Chunk=2 Start=4100238885483 End=4100238940340 Duration=54857
Task=63 Chunk=0 Start=4100238169218 End=4100238191935 Duration=22717
Task=63 Chunk=1 Start=4100238191979 End=4100238235295 Duration=43316
Task=63 Chunk=2 Start=4100238940347 End=4100238995978 Duration=55631
Task=64 Chunk=0 Start=4100238223441 End=4100238246094 Duration=22653
Task=64 Chunk=1 Start=4100238246122 End=4100238289151 Duration=43029
Task=64 Chunk=2 Start=4100238995981 End=4100239051229 Duration=55248
Task=65 Chunk=0 Start=4100238279264 End=4100238302003 Duration=22739
Task=65 Chunk=1 Start=4100238302038 End=4100238345554 Duration=43516
Task=65 Chunk=2 Start=4100239051230 End=4100239106202 Duration=54972
Task=66 Chunk=0 Start=4100238333973 End=4100238356590 Duration=22617
Task=66 Chunk=1 Start=4100238356606 End=4100238400145 Duration=43539
Task=66 Chunk=2 Start=4100239106208 End=4100239161566 Duration=55358
Task=67 Chunk=0 Start=4100238389169 End=4100238411824 Duration=22655
Task=67 Chunk=1 Start=4100238411859 End=4100238454921 Duration=43062
Task=67 Chunk=2 Start=4100239161567 End=4100239215832 Duration=54265
Task=68 Chunk=0 Start=4100238443663 End=4100238468191 Duration=24528
Task=68 Chunk=1 Start=4100238468232 End=4100238514068 Duration=45836
Task=68 Chunk=2 Start=4100239215833 End=4100239272370 Duration=56537
Task=69 Chunk=0 Start=4100238499331 End=4100238522815 Duration=23484
Task=69 Chunk=1 Start=4100238522838 End=4100238567986 Duration=45148
Task=69 Chunk=2 Start=4100239272371 End=4100239326823 Duration=54452
Task=70 Chunk=0 Start=4100238554551 End=4100238578512 Duration=23961
Task=70 Chunk=1 Start=4100238578548 End=4100238621840 Duration=43292
Task=70 Chunk=2 Start=4100239326824 End=4100239382334 Duration=55510
Task=71 Chunk=0 Start=4100238610546 End=4100238633387 Duration=22841
Task=71 Chunk=1 Start=4100238633428 End=4100238676581 Duration=43153
Task=71 Chunk=2 Start=4100239382335 End=4100239436776 Duration=54441
Task=72 Chunk=0 Start=4100238665610 End=4100238688314 Duration=22704
Task=72 Chunk=1 Start=4100238688338 End=4100238731147 Duration=42809
Task=72 Chunk=2 Start=4100239436777 End=4100239492851 Duration=56074
Task=73 Chunk=0 Start=4100238719933 End=4100238742497 Duration=22564
Task=73 Chunk=1 Start=4100238742510 End=4100238785299 Duration=42789
Task=73 Chunk=2 Start=4100239492852 End=4100239548974 Duration=56122
Task=74 Chunk=0 Start=4100238775038 End=4100238797824 Duration=22786
Task=74 Chunk=1 Start=4100238797874 End=4100238840756 Duration=42882
Task=74 Chunk=2 Start=4100239548975 End=4100239603306 Duration=54331
Task=75 Chunk=0 Start=4100238829831 End=4100238853772 Duration=23941
Task=75 Chunk=1 Start=4100238853955 End=4100238897036 Duration=43081
Task=75 Chunk=2 Start=4100239603307 End=4100239659155 Duration=55848
Task=76 Chunk=0 Start=4100238885522 End=4100238908439 Duration=22917
Task=76 Chunk=1 Start=4100238908484 End=4100238956171 Duration=47687
Task=76 Chunk=2 Start=4100239659156 End=4100239714173 Duration=55017
Task=77 Chunk=0 Start=4100238940359 End=4100238963914 Duration=23555
Task=77 Chunk=1 Start=4100238963957 End=4100239006579 Duration=42622
Task=77 Chunk=2 Start=4100239714177 End=4100239769998 Duration=55821
Task=78 Chunk=0 Start=4100238995992 End=4100239018618 Duration=22626
Task=78 Chunk=1 Start=4100239018638 End=4100239061623 Duration=42985
Task=78 Chunk=2 Start=4100239770003 End=4100239825047 Duration=55044
Task=79 Chunk=0 Start=4100239051242 End=4100239073928 Duration=22686
Task=79 Chunk=1 Start=4100239073976 End=4100239116564 Duration=42588
Task=79 Chunk=2 Start=4100239825054 End=4100239880824 Duration=55770
Task=80 Chunk=0 Start=4100239106221 End=4100239128837 Duration=22616
Task=80 Chunk=1 Start=4100239128876 End=4100239171984 Duration=43108
Task=80 Chunk=2 Start=4100239880825 End=4100239936741 Duration=55916
Task=81 Chunk=0 Start=4100239161572 End=4100239184460 Duration=22888
Task=81 Chunk=1 Start=4100239184503 End=4100239230933 Duration=46430
Task=81 Chunk=2 Start=4100239936741 End=4100239991725 Duration=54984
Task=82 Chunk=0 Start=4100239215842 End=4100239239341 Duration=23499
Task=82 Chunk=1 Start=4100239239361 End=4100239284740 Duration=45379
Task=82 Chunk=2 Start=4100239991726 End=4100240048063 Duration=56337
Task=83 Chunk=0 Start=4100239272391 End=4100239295399 Duration=23008
Task=83 Chunk=1 Start=4100239295430 End=4100239346968 Duration=51538
Task=83 Chunk=2 Start=4100240048063 End=4100240102827 Duration=54764
Task=84 Chunk=0 Start=4100239326838 End=4100239351814 Duration=24976
Task=84 Chunk=1 Start=4100239351856 End=4100239398305 Duration=46449
Task=84 Chunk=2 Start=4100240102828 End=4100240158331 Duration=55503
Task=85 Chunk=0 Start=4100239382351 End=4100239405487 Duration=23136
Task=85 Chunk=1 Start=4100239405536 End=4100239453427 Duration=47891
Task=85 Chunk=2 Start=4100240158332 End=4100240212936 Duration=54604
Task=86 Chunk=0 Start=4100239436784 End=4100239461161 Duration=24377
Task=86 Chunk=1 Start=4100239461213 End=4100239507753 Duration=46540
Task=86 Chunk=2 Start=4100240212939 End=4100240267090 Duration=54151
Task=87 Chunk=0 Start=4100239492883 End=4100239516599 Duration=23716
Task=87 Chunk=1 Start=4100239516643 End=4100239566085 Duration=49442
Task=87 Chunk=2 Start=4100240267090 End=4100240320673 Duration=53583
Task=88 Chunk=0 Start=4100239548995 End=4100239572299 Duration=23304
Task=88 Chunk=1 Start=4100239572329 End=4100239618573 Duration=46244
Task=88 Chunk=2 Start=4100240320674 End=4100240375422 Duration=54748
Task=89 Chunk=0 Start=4100239603318 End=4100239626573 Duration=23255
Task=89 Chunk=1 Start=4100239626617 End=4100239672821 Duration=46204
Task=89 Chunk=2 Start=4100240375426 End=4100240429783 Duration=54357
Task=90 Chunk=0 Start=4100239659185 End=4100239682619 Duration=23434
Task=90 Chunk=1 Start=4100239682659 End=4100239729466 Duration=46807
Task=90 Chunk=2 Start=4100240429784 End=4100240483582 Duration=53798
Task=91 Chunk=0 Start=4100239714183 End=4100239738496 Duration=24313
Task=91 Chunk=1 Start=4100239738626 End=4100239785362 Duration=46736
Task=91 Chunk=2 Start=4100240483582 End=4100240537959 Duration=54377
Task=92 Chunk=0 Start=4100239770013 End=4100239793434 Duration=23421
Task=92 Chunk=1 Start=4100239793483 End=4100239840292 Duration=46809
Task=92 Chunk=2 Start=4100240537960 End=4100240591592 Duration=53632
Task=93 Chunk=0 Start=4100239825062 End=4100239849884 Duration=24822
Task=93 Chunk=1 Start=4100239849926 End=4100239896187 Duration=46261
Task=93 Chunk=2 Start=4100240591593 End=4100240645943 Duration=54350
Task=94 Chunk=0 Start=4100239880840 End=4100239904389 Duration=23549
Task=94 Chunk=1 Start=4100239904436 End=4100239952698 Duration=48262
Task=94 Chunk=2 Start=4100240645944 End=4100240699686 Duration=53742
Task=95 Chunk=0 Start=4100239936765 End=4100239960344 Duration=23579
Task=95 Chunk=1 Start=4100239960363 End=4100240007376 Duration=47013
Task=95 Chunk=2 Start=4100240699687 End=4100240754484 Duration=54797
Task=96 Chunk=0 Start=4100239991734 End=4100240015167 Duration=23433
Task=96 Chunk=1 Start=4100240015199 End=4100240060189 Duration=44990
Task=96 Chunk=2 Start=4100240754485 End=4100240808139 Duration=53654
Task=97 Chunk=0 Start=4100240048073 End=4100240071189 Duration=23116
Task=97 Chunk=1 Start=4100240071221 End=4100240117698 Duration=46477
Task=97 Chunk=2 Start=4100240808140 End=4100240862245 Duration=54105
Task=98 Chunk=0 Start=4100240102836 End=4100240126339 Duration=23503
Task=98 Chunk=1 Start=4100240126371 End=4100240172531 Duration=46160
Task=98 Chunk=2 Start=4100240862246 End=4100240915667 Duration=53421
Task=99 Chunk=0 Start=4100240158340 End=4100240181891 Duration=23551
Task=99 Chunk=1 Start=4100240181937 End=4100240225422 Duration=43485
Task=99 Chunk=2 Start=4100240915668 End=4100240969872 Duration=54204
### Python End ###

--------------------------------
[2025-06-26 18:34:46.734] [info] Available Vulkan Layers:
[2025-06-26 18:34:46.734] [warning] Validation layer requested but not available, continuing without it...
[2025-06-26 18:34:46.737] [info] Using integrated GPU: Mali-G710
[2025-06-26 18:34:46.739] [info] VulkanDispatcher instance created.
[2025-06-26 18:34:46.925] [info] Total memory used: 40550404 bytes (38.67188 MB)
[2025-06-26 18:34:46.930] [info] Total memory used: 40550404 bytes (38.67188 MB)
[2025-06-26 18:34:46.960] [info] Total memory used: 40550404 bytes (38.67188 MB)
[2025-06-26 18:34:46.965] [info] Total memory used: 40550404 bytes (38.67188 MB)
[2025-06-26 18:34:46.970] [info] Total memory used: 40550404 bytes (38.67188 MB)
[2025-06-26 18:34:47.068] [info] Total memory used: 40550404 bytes (38.67188 MB)
[2025-06-26 18:34:47.075] [info] Total memory used: 40550404 bytes (38.67188 MB)
[2025-06-26 18:34:47.080] [info] Total memory used: 40550404 bytes (38.67188 MB)
[2025-06-26 18:34:47.085] [info] Total memory used: 40550404 bytes (38.67188 MB)
[2025-06-26 18:34:47.090] [info] Total memory used: 40550404 bytes (38.67188 MB)
[2025-06-26 18:34:47.158] [info] Total memory used: 40550404 bytes (38.67188 MB)
[2025-06-26 18:34:47.164] [info] Total memory used: 40550404 bytes (38.67188 MB)
[2025-06-26 18:34:47.169] [info] Total memory used: 40550404 bytes (38.67188 MB)
[2025-06-26 18:34:47.175] [info] Total memory used: 40550404 bytes (38.67188 MB)
[2025-06-26 18:34:47.181] [info] Total memory used: 40550404 bytes (38.67188 MB)
[2025-06-26 18:34:47.186] [info] Total memory used: 40550404 bytes (38.67188 MB)
### Python Begin ###
Schedule_UID=SCH-B2G3M2-G041-6de7
Frequency=24576000 Hz
Task=0 Chunk=0 Start=4100252686465 End=4100252723883 Duration=37418
Task=0 Chunk=1 Start=4100252723903 End=4100252883760 Duration=159857
Task=0 Chunk=2 Start=4100252885272 End=4100252952554 Duration=67282
Task=1 Chunk=0 Start=4100252723901 End=4100252750067 Duration=26166
Task=1 Chunk=1 Start=4100252883761 End=4100252950351 Duration=66590
Task=1 Chunk=2 Start=4100252952556 End=4100253013730 Duration=61174
Task=2 Chunk=0 Start=4100252750068 End=4100252775587 Duration=25519
Task=2 Chunk=1 Start=4100252950353 End=4100253015305 Duration=64952
Task=2 Chunk=2 Start=4100253016684 End=4100253077232 Duration=60548
Task=3 Chunk=0 Start=4100252775588 End=4100252801926 Duration=26338
Task=3 Chunk=1 Start=4100253015306 End=4100253088442 Duration=73136
Task=3 Chunk=2 Start=4100253089694 End=4100253145091 Duration=55397
Task=4 Chunk=0 Start=4100252801927 End=4100252828519 Duration=26592
Task=4 Chunk=1 Start=4100253088443 End=4100253157963 Duration=69520
Task=4 Chunk=2 Start=4100253158995 End=4100253217715 Duration=58720
Task=5 Chunk=0 Start=4100252828527 End=4100252854073 Duration=25546
Task=5 Chunk=1 Start=4100253157963 End=4100253220826 Duration=62863
Task=5 Chunk=2 Start=4100253222029 End=4100253275684 Duration=53655
Task=6 Chunk=0 Start=4100252854074 End=4100252880942 Duration=26868
Task=6 Chunk=1 Start=4100253220827 End=4100253288088 Duration=67261
Task=6 Chunk=2 Start=4100253288108 End=4100253345955 Duration=57847
Task=7 Chunk=0 Start=4100252880943 End=4100252909325 Duration=28382
Task=7 Chunk=1 Start=4100253288104 End=4100253356535 Duration=68431
Task=7 Chunk=2 Start=4100253357910 End=4100253414388 Duration=56478
Task=8 Chunk=0 Start=4100252909328 End=4100252938722 Duration=29394
Task=8 Chunk=1 Start=4100253356536 End=4100253417106 Duration=60570
Task=8 Chunk=2 Start=4100253418197 End=4100253472620 Duration=54423
Task=9 Chunk=0 Start=4100252938727 End=4100252966845 Duration=28118
Task=9 Chunk=1 Start=4100253417107 End=4100253478143 Duration=61036
Task=9 Chunk=2 Start=4100253479240 End=4100253535019 Duration=55779
Task=10 Chunk=0 Start=4100252966847 End=4100252992954 Duration=26107
Task=10 Chunk=1 Start=4100253478144 End=4100253540940 Duration=62796
Task=10 Chunk=2 Start=4100253542504 End=4100253598013 Duration=55509
Task=11 Chunk=0 Start=4100252992955 End=4100253022091 Duration=29136
Task=11 Chunk=1 Start=4100253540944 End=4100253603453 Duration=62509
Task=11 Chunk=2 Start=4100253604586 End=4100253659799 Duration=55213
Task=12 Chunk=0 Start=4100253022092 End=4100253047931 Duration=25839
Task=12 Chunk=1 Start=4100253603454 End=4100253664584 Duration=61130
Task=12 Chunk=2 Start=4100253665670 End=4100253722669 Duration=56999
Task=13 Chunk=0 Start=4100253047931 End=4100253074187 Duration=26256
Task=13 Chunk=1 Start=4100253664585 End=4100253724338 Duration=59753
Task=13 Chunk=2 Start=4100253725707 End=4100253780094 Duration=54387
Task=14 Chunk=0 Start=4100253074188 End=4100253099746 Duration=25558
Task=14 Chunk=1 Start=4100253724346 End=4100253785098 Duration=60752
Task=14 Chunk=2 Start=4100253786201 End=4100253842400 Duration=56199
Task=15 Chunk=0 Start=4100253099747 End=4100253127163 Duration=27416
Task=15 Chunk=1 Start=4100253785099 End=4100253846128 Duration=61029
Task=15 Chunk=2 Start=4100253847228 End=4100253904197 Duration=56969
Task=16 Chunk=0 Start=4100253127184 End=4100253153524 Duration=26340
Task=16 Chunk=1 Start=4100253846128 End=4100253907000 Duration=60872
Task=16 Chunk=2 Start=4100253908146 End=4100253963414 Duration=55268
Task=17 Chunk=0 Start=4100253153527 End=4100253179624 Duration=26097
Task=17 Chunk=1 Start=4100253907001 End=4100253968241 Duration=61240
Task=17 Chunk=2 Start=4100253969342 End=4100254027379 Duration=58037
Task=18 Chunk=0 Start=4100253179632 End=4100253208147 Duration=28515
Task=18 Chunk=1 Start=4100253968241 End=4100254028692 Duration=60451
Task=18 Chunk=2 Start=4100254030007 End=4100254085187 Duration=55180
Task=19 Chunk=0 Start=4100253217746 End=4100253243442 Duration=25696
Task=19 Chunk=1 Start=4100254028693 End=4100254094873 Duration=66180
Task=19 Chunk=2 Start=4100254094892 End=4100254147428 Duration=52536
Task=20 Chunk=0 Start=4100253275700 End=4100253301169 Duration=25469
Task=20 Chunk=1 Start=4100254094886 End=4100254165373 Duration=70487
Task=20 Chunk=2 Start=4100254165386 End=4100254218895 Duration=53509
Task=21 Chunk=0 Start=4100253345974 End=4100253372403 Duration=26429
Task=21 Chunk=1 Start=4100254165386 End=4100254235815 Duration=70429
Task=21 Chunk=2 Start=4100254235837 End=4100254289170 Duration=53333
Task=22 Chunk=0 Start=4100253414404 End=4100253440147 Duration=25743
Task=22 Chunk=1 Start=4100254235828 End=4100254298950 Duration=63122
Task=22 Chunk=2 Start=4100254298956 End=4100254351219 Duration=52263
Task=23 Chunk=0 Start=4100253472637 End=4100253498829 Duration=26192
Task=23 Chunk=1 Start=4100254298955 End=4100254360345 Duration=61390
Task=23 Chunk=2 Start=4100254360357 End=4100254413580 Duration=53223
Task=24 Chunk=0 Start=4100253535031 End=4100253561466 Duration=26435
Task=24 Chunk=1 Start=4100254360354 End=4100254421959 Duration=61605
Task=24 Chunk=2 Start=4100254421974 End=4100254474229 Duration=52255
Task=25 Chunk=0 Start=4100253598023 End=4100253624818 Duration=26795
Task=25 Chunk=1 Start=4100254421965 End=4100254484654 Duration=62689
Task=25 Chunk=2 Start=4100254484662 End=4100254537793 Duration=53131
Task=26 Chunk=0 Start=4100253659810 End=4100253685992 Duration=26182
Task=26 Chunk=1 Start=4100254484663 End=4100254547478 Duration=62815
Task=26 Chunk=2 Start=4100254547488 End=4100254601339 Duration=53851
Task=27 Chunk=0 Start=4100253722689 End=4100253748429 Duration=25740
Task=27 Chunk=1 Start=4100254547484 End=4100254608741 Duration=61257
Task=27 Chunk=2 Start=4100254608758 End=4100254661326 Duration=52568
Task=28 Chunk=0 Start=4100253780102 End=4100253807427 Duration=27325
Task=28 Chunk=1 Start=4100254608749 End=4100254669862 Duration=61113
Task=28 Chunk=2 Start=4100254669871 End=4100254723124 Duration=53253
Task=29 Chunk=0 Start=4100253842413 End=4100253868166 Duration=25753
Task=29 Chunk=1 Start=4100254669869 End=4100254731215 Duration=61346
Task=29 Chunk=2 Start=4100254731223 End=4100254784454 Duration=53231
Task=30 Chunk=0 Start=4100253904229 End=4100253929785 Duration=25556
Task=30 Chunk=1 Start=4100254731222 End=4100254792784 Duration=61562
Task=30 Chunk=2 Start=4100254792802 End=4100254845618 Duration=52816
Task=31 Chunk=0 Start=4100253963435 End=4100253989459 Duration=26024
Task=31 Chunk=1 Start=4100254792795 End=4100254857422 Duration=64627
Task=31 Chunk=2 Start=4100254857435 End=4100254912052 Duration=54617
Task=32 Chunk=0 Start=4100254027403 End=4100254053185 Duration=25782
Task=32 Chunk=1 Start=4100254857436 End=4100254923441 Duration=66005
Task=32 Chunk=2 Start=4100254923449 End=4100254978415 Duration=54966
Task=33 Chunk=0 Start=4100254085208 End=4100254112262 Duration=27054
Task=33 Chunk=1 Start=4100254923450 End=4100254994874 Duration=71424
Task=33 Chunk=2 Start=4100254994898 End=4100255047533 Duration=52635
Task=34 Chunk=0 Start=4100254147444 End=4100254173198 Duration=25754
Task=34 Chunk=1 Start=4100254994890 End=4100255069805 Duration=74915
Task=34 Chunk=2 Start=4100255069828 End=4100255123588 Duration=53760
Task=35 Chunk=0 Start=4100254218920 End=4100254244462 Duration=25542
Task=35 Chunk=1 Start=4100255069820 End=4100255146231 Duration=76411
Task=35 Chunk=2 Start=4100255146250 End=4100255200164 Duration=53914
Task=36 Chunk=0 Start=4100254289194 End=4100254314785 Duration=25591
Task=36 Chunk=1 Start=4100255146244 End=4100255213085 Duration=66841
Task=36 Chunk=2 Start=4100255213108 End=4100255265529 Duration=52421
Task=37 Chunk=0 Start=4100254351234 End=4100254376781 Duration=25547
Task=37 Chunk=1 Start=4100255213099 End=4100255279801 Duration=66702
Task=37 Chunk=2 Start=4100255279814 End=4100255332230 Duration=52416
Task=38 Chunk=0 Start=4100254413593 End=4100254439395 Duration=25802
Task=38 Chunk=1 Start=4100255279810 End=4100255347284 Duration=67474
Task=38 Chunk=2 Start=4100255347305 End=4100255400592 Duration=53287
Task=39 Chunk=0 Start=4100254474243 End=4100254501009 Duration=26766
Task=39 Chunk=1 Start=4100255347294 End=4100255413452 Duration=66158
Task=39 Chunk=2 Start=4100255413467 End=4100255465455 Duration=51988
Task=40 Chunk=0 Start=4100254537800 End=4100254563426 Duration=25626
Task=40 Chunk=1 Start=4100255413472 End=4100255482742 Duration=69270
Task=40 Chunk=2 Start=4100255482762 End=4100255535407 Duration=52645
Task=41 Chunk=0 Start=4100254601377 End=4100254627603 Duration=26226
Task=41 Chunk=1 Start=4100255482759 End=4100255548122 Duration=65363
Task=41 Chunk=2 Start=4100255548151 End=4100255601730 Duration=53579
Task=42 Chunk=0 Start=4100254661343 End=4100254688601 Duration=27258
Task=42 Chunk=1 Start=4100255548147 End=4100255613913 Duration=65766
Task=42 Chunk=2 Start=4100255613928 End=4100255667458 Duration=53530
Task=43 Chunk=0 Start=4100254723143 End=4100254749390 Duration=26247
Task=43 Chunk=1 Start=4100255613924 End=4100255678167 Duration=64243
Task=43 Chunk=2 Start=4100255678181 End=4100255730088 Duration=51907
Task=44 Chunk=0 Start=4100254784474 End=4100254810284 Duration=25810
Task=44 Chunk=1 Start=4100255678182 End=4100255739993 Duration=61811
Task=44 Chunk=2 Start=4100255740004 End=4100255793293 Duration=53289
Task=45 Chunk=0 Start=4100254845649 End=4100254871341 Duration=25692
Task=45 Chunk=1 Start=4100255740004 End=4100255801936 Duration=61932
Task=45 Chunk=2 Start=4100255801947 End=4100255854780 Duration=52833
Task=46 Chunk=0 Start=4100254912075 End=4100254937763 Duration=25688
Task=46 Chunk=1 Start=4100255801947 End=4100255865175 Duration=63228
Task=46 Chunk=2 Start=4100255865181 End=4100255918097 Duration=52916
Task=47 Chunk=0 Start=4100254978432 End=4100255004100 Duration=25668
Task=47 Chunk=1 Start=4100255865182 End=4100255928906 Duration=63724
Task=47 Chunk=2 Start=4100255928922 End=4100255983286 Duration=54364
Task=48 Chunk=0 Start=4100255047563 End=4100255074704 Duration=27141
Task=48 Chunk=1 Start=4100255928913 End=4100255997721 Duration=68808
Task=48 Chunk=2 Start=4100255997738 End=4100256050168 Duration=52430
Task=49 Chunk=0 Start=4100255123599 End=4100255149511 Duration=25912
Task=49 Chunk=1 Start=4100255997727 End=4100256060258 Duration=62531
Task=49 Chunk=2 Start=4100256060265 End=4100256112390 Duration=52125
Task=50 Chunk=0 Start=4100255200181 End=4100255225817 Duration=25636
Task=50 Chunk=1 Start=4100256060264 End=4100256122284 Duration=62020
Task=50 Chunk=2 Start=4100256122299 End=4100256175519 Duration=53220
Task=51 Chunk=0 Start=4100255265540 End=4100255291931 Duration=26391
Task=51 Chunk=1 Start=4100256122291 End=4100256185605 Duration=63314
Task=51 Chunk=2 Start=4100256185614 End=4100256237745 Duration=52131
Task=52 Chunk=0 Start=4100255332240 End=4100255357983 Duration=25743
Task=52 Chunk=1 Start=4100256185612 End=4100256247586 Duration=61974
Task=52 Chunk=2 Start=4100256247598 End=4100256300470 Duration=52872
Task=53 Chunk=0 Start=4100255400610 End=4100255426655 Duration=26045
Task=53 Chunk=1 Start=4100256247592 End=4100256308499 Duration=60907
Task=53 Chunk=2 Start=4100256308517 End=4100256361715 Duration=53198
Task=54 Chunk=0 Start=4100255465469 End=4100255492640 Duration=27171
Task=54 Chunk=1 Start=4100256308508 End=4100256368971 Duration=60463
Task=54 Chunk=2 Start=4100256368980 End=4100256420857 Duration=51877
Task=55 Chunk=0 Start=4100255535416 End=4100255561117 Duration=25701
Task=55 Chunk=1 Start=4100256368978 End=4100256429087 Duration=60109
Task=55 Chunk=2 Start=4100256429102 End=4100256482782 Duration=53680
Task=56 Chunk=0 Start=4100255601748 End=4100255627227 Duration=25479
Task=56 Chunk=1 Start=4100256429094 End=4100256489923 Duration=60829
Task=56 Chunk=2 Start=4100256489934 End=4100256542602 Duration=52668
Task=57 Chunk=0 Start=4100255667475 End=4100255693154 Duration=25679
Task=57 Chunk=1 Start=4100256489932 End=4100256550467 Duration=60535
Task=57 Chunk=2 Start=4100256550484 End=4100256602883 Duration=52399
Task=58 Chunk=0 Start=4100255730105 End=4100255755743 Duration=25638
Task=58 Chunk=1 Start=4100256550474 End=4100256611295 Duration=60821
Task=58 Chunk=2 Start=4100256611307 End=4100256664446 Duration=53139
Task=59 Chunk=0 Start=4100255793303 End=4100255819311 Duration=26008
Task=59 Chunk=1 Start=4100256611302 End=4100256671743 Duration=60441
Task=59 Chunk=2 Start=4100256671759 End=4100256723886 Duration=52127
Task=60 Chunk=0 Start=4100255854811 End=4100255881546 Duration=26735
Task=60 Chunk=1 Start=4100256671754 End=4100256732826 Duration=61072
Task=60 Chunk=2 Start=4100256732836 End=4100256786233 Duration=53397
Task=61 Chunk=0 Start=4100255918108 End=4100255943886 Duration=25778
Task=61 Chunk=1 Start=4100256732836 End=4100256793222 Duration=60386
Task=61 Chunk=2 Start=4100256793239 End=4100256847647 Duration=54408
Task=62 Chunk=0 Start=4100255983309 End=4100256009345 Duration=26036
Task=62 Chunk=1 Start=4100256793230 End=4100256854982 Duration=61752
Task=62 Chunk=2 Start=4100256854993 End=4100256908770 Duration=53777
Task=63 Chunk=0 Start=4100256050190 End=4100256076866 Duration=26676
Task=63 Chunk=1 Start=4100256854988 End=4100256915537 Duration=60549
Task=63 Chunk=2 Start=4100256915549 End=4100256969498 Duration=53949
Task=64 Chunk=0 Start=4100256112407 End=4100256138200 Duration=25793
Task=64 Chunk=1 Start=4100256915545 End=4100256976118 Duration=60573
Task=64 Chunk=2 Start=4100256976132 End=4100257028336 Duration=52204
Task=65 Chunk=0 Start=4100256175529 End=4100256201209 Duration=25680
Task=65 Chunk=1 Start=4100256976127 End=4100257037261 Duration=61134
Task=65 Chunk=2 Start=4100257037269 End=4100257090571 Duration=53302
Task=66 Chunk=0 Start=4100256237783 End=4100256264344 Duration=26561
Task=66 Chunk=1 Start=4100257037268 End=4100257097902 Duration=60634
Task=66 Chunk=2 Start=4100257097910 End=4100257151193 Duration=53283
Task=67 Chunk=0 Start=4100256300495 End=4100256326375 Duration=25880
Task=67 Chunk=1 Start=4100257097909 End=4100257157824 Duration=59915
Task=67 Chunk=2 Start=4100257157830 End=4100257210145 Duration=52315
Task=68 Chunk=0 Start=4100256361735 End=4100256387823 Duration=26088
Task=68 Chunk=1 Start=4100257157830 End=4100257218179 Duration=60349
Task=68 Chunk=2 Start=4100257218193 End=4100257271168 Duration=52975
Task=69 Chunk=0 Start=4100256420883 End=4100256446973 Duration=26090
Task=69 Chunk=1 Start=4100257218185 End=4100257279127 Duration=60942
Task=69 Chunk=2 Start=4100257279134 End=4100257331380 Duration=52246
Task=70 Chunk=0 Start=4100256482794 End=4100256509010 Duration=26216
Task=70 Chunk=1 Start=4100257279134 End=4100257340432 Duration=61298
Task=70 Chunk=2 Start=4100257340445 End=4100257393066 Duration=52621
Task=71 Chunk=0 Start=4100256542615 End=4100256569382 Duration=26767
Task=71 Chunk=1 Start=4100257340439 End=4100257400299 Duration=59860
Task=71 Chunk=2 Start=4100257400310 End=4100257454055 Duration=53745
Task=72 Chunk=0 Start=4100256602900 End=4100256628717 Duration=25817
Task=72 Chunk=1 Start=4100257400310 End=4100257460725 Duration=60415
Task=72 Chunk=2 Start=4100257460730 End=4100257513141 Duration=52411
Task=73 Chunk=0 Start=4100256664458 End=4100256690498 Duration=26040
Task=73 Chunk=1 Start=4100257460731 End=4100257520651 Duration=59920
Task=73 Chunk=2 Start=4100257520664 End=4100257573705 Duration=53041
Task=74 Chunk=0 Start=4100256723900 End=4100256750699 Duration=26799
Task=74 Chunk=1 Start=4100257520661 End=4100257581226 Duration=60565
Task=74 Chunk=2 Start=4100257581243 End=4100257634219 Duration=52976
Task=75 Chunk=0 Start=4100256786251 End=4100256812565 Duration=26314
Task=75 Chunk=1 Start=4100257581239 End=4100257644778 Duration=63539
Task=75 Chunk=2 Start=4100257644801 End=4100257697617 Duration=52816
Task=76 Chunk=0 Start=4100256847661 End=4100256874056 Duration=26395
Task=76 Chunk=1 Start=4100257644795 End=4100257706455 Duration=61660
Task=76 Chunk=2 Start=4100257706473 End=4100257760631 Duration=54158
Task=77 Chunk=0 Start=4100256908792 End=4100256934966 Duration=26174
Task=77 Chunk=1 Start=4100257706472 End=4100257769170 Duration=62698
Task=77 Chunk=2 Start=4100257769183 End=4100257822935 Duration=53752
Task=78 Chunk=0 Start=4100256969524 End=4100256996144 Duration=26620
Task=78 Chunk=1 Start=4100257769177 End=4100257829990 Duration=60813
Task=78 Chunk=2 Start=4100257830009 End=4100257882494 Duration=52485
Task=79 Chunk=0 Start=4100257028357 End=4100257054929 Duration=26572
Task=79 Chunk=1 Start=4100257829999 End=4100257893068 Duration=63069
Task=79 Chunk=2 Start=4100257893084 End=4100257946719 Duration=53635
Task=80 Chunk=0 Start=4100257090582 End=4100257116868 Duration=26286
Task=80 Chunk=1 Start=4100257893082 End=4100257954481 Duration=61399
Task=80 Chunk=2 Start=4100257954502 End=4100258006704 Duration=52202
Task=81 Chunk=0 Start=4100257151217 End=4100257177432 Duration=26215
Task=81 Chunk=1 Start=4100257954492 End=4100258014531 Duration=60039
Task=81 Chunk=2 Start=4100258014542 End=4100258067915 Duration=53373
Task=82 Chunk=0 Start=4100257210166 End=4100257237159 Duration=26993
Task=82 Chunk=1 Start=4100258014540 End=4100258075118 Duration=60578
Task=82 Chunk=2 Start=4100258075126 End=4100258128380 Duration=53254
Task=83 Chunk=0 Start=4100257271177 End=4100257297237 Duration=26060
Task=83 Chunk=1 Start=4100258075127 End=4100258135527 Duration=60400
Task=83 Chunk=2 Start=4100258135537 End=4100258187515 Duration=51978
Task=84 Chunk=0 Start=4100257331401 End=4100257357903 Duration=26502
Task=84 Chunk=1 Start=4100258135533 End=4100258195586 Duration=60053
Task=84 Chunk=2 Start=4100258195595 End=4100258248665 Duration=53070
Task=85 Chunk=0 Start=4100257393076 End=4100257419185 Duration=26109
Task=85 Chunk=1 Start=4100258195593 End=4100258256066 Duration=60473
Task=85 Chunk=2 Start=4100258256071 End=4100258308845 Duration=52774
Task=86 Chunk=0 Start=4100257454063 End=4100257480633 Duration=26570
Task=86 Chunk=1 Start=4100258256072 End=4100258319286 Duration=63214
Task=86 Chunk=2 Start=4100258319313 End=4100258371791 Duration=52478
Task=87 Chunk=0 Start=4100257513156 End=4100257540241 Duration=27085
Task=87 Chunk=1 Start=4100258319303 End=4100258381454 Duration=62151
Task=87 Chunk=2 Start=4100258381460 End=4100258434385 Duration=52925
Task=88 Chunk=0 Start=4100257573713 End=4100257599656 Duration=25943
Task=88 Chunk=1 Start=4100258381460 End=4100258441339 Duration=59879
Task=88 Chunk=2 Start=4100258441353 End=4100258493566 Duration=52213
Task=89 Chunk=0 Start=4100257634230 End=4100257660043 Duration=25813
Task=89 Chunk=1 Start=4100258441349 End=4100258503285 Duration=61936
Task=89 Chunk=2 Start=4100258503301 End=4100258556329 Duration=53028
Task=90 Chunk=0 Start=4100257697642 End=4100257723339 Duration=25697
Task=90 Chunk=1 Start=4100258503291 End=4100258564192 Duration=60901
Task=90 Chunk=2 Start=4100258564215 End=4100258617703 Duration=53488
Task=91 Chunk=0 Start=4100257760648 End=4100257786697 Duration=26049
Task=91 Chunk=1 Start=4100258564206 End=4100258626597 Duration=62391
Task=91 Chunk=2 Start=4100258626606 End=4100258679349 Duration=52743
Task=92 Chunk=0 Start=4100257822951 End=4100257850212 Duration=27261
Task=92 Chunk=1 Start=4100258626605 End=4100258687022 Duration=60417
Task=92 Chunk=2 Start=4100258687029 End=4100258740879 Duration=53850
Task=93 Chunk=0 Start=4100257882527 End=4100257908221 Duration=25694
Task=93 Chunk=1 Start=4100258687028 End=4100258747221 Duration=60193
Task=93 Chunk=2 Start=4100258747237 End=4100258799551 Duration=52314
Task=94 Chunk=0 Start=4100257946735 End=4100257972900 Duration=26165
Task=94 Chunk=1 Start=4100258747227 End=4100258809463 Duration=62236
Task=94 Chunk=2 Start=4100258809479 End=4100258861784 Duration=52305
Task=95 Chunk=0 Start=4100258006734 End=4100258033899 Duration=27165
Task=95 Chunk=1 Start=4100258809475 End=4100258869752 Duration=60277
Task=95 Chunk=2 Start=4100258869764 End=4100258922565 Duration=52801
Task=96 Chunk=0 Start=4100258067938 End=4100258094050 Duration=26112
Task=96 Chunk=1 Start=4100258869759 End=4100258929847 Duration=60088
Task=96 Chunk=2 Start=4100258929860 End=4100258981946 Duration=52086
Task=97 Chunk=0 Start=4100258128406 End=4100258154767 Duration=26361
Task=97 Chunk=1 Start=4100258929853 End=4100258989580 Duration=59727
Task=97 Chunk=2 Start=4100258989595 End=4100259042388 Duration=52793
Task=98 Chunk=0 Start=4100258187534 End=4100258213298 Duration=25764
Task=98 Chunk=1 Start=4100258989586 End=4100259048988 Duration=59402
Task=98 Chunk=2 Start=4100259049002 End=4100259100790 Duration=51788
Task=99 Chunk=0 Start=4100258248689 End=4100258274590 Duration=25901
Task=99 Chunk=1 Start=4100259048995 End=4100259109022 Duration=60027
Task=99 Chunk=2 Start=4100259109031 End=4100259160618 Duration=51587
### Python End ###

--------------------------------
[2025-06-26 18:34:47.476] [info] Available Vulkan Layers:
[2025-06-26 18:34:47.476] [warning] Validation layer requested but not available, continuing without it...
[2025-06-26 18:34:47.478] [info] Using integrated GPU: Mali-G710
[2025-06-26 18:34:47.482] [info] VulkanDispatcher instance created.
[2025-06-26 18:34:47.684] [info] Total memory used: 40550404 bytes (38.67188 MB)
[2025-06-26 18:34:47.689] [info] Total memory used: 40550404 bytes (38.67188 MB)
[2025-06-26 18:34:47.767] [info] Total memory used: 40550404 bytes (38.67188 MB)
[2025-06-26 18:34:47.774] [info] Total memory used: 40550404 bytes (38.67188 MB)
[2025-06-26 18:34:47.778] [info] Total memory used: 40550404 bytes (38.67188 MB)
[2025-06-26 18:34:47.845] [info] Total memory used: 40550404 bytes (38.67188 MB)
[2025-06-26 18:34:47.850] [info] Total memory used: 40550404 bytes (38.67188 MB)
[2025-06-26 18:34:47.855] [info] Total memory used: 40550404 bytes (38.67188 MB)
[2025-06-26 18:34:47.859] [info] Total memory used: 40550404 bytes (38.67188 MB)
[2025-06-26 18:34:47.865] [info] Total memory used: 40550404 bytes (38.67188 MB)
[2025-06-26 18:34:47.950] [info] Total memory used: 40550404 bytes (38.67188 MB)
[2025-06-26 18:34:47.955] [info] Total memory used: 40550404 bytes (38.67188 MB)
[2025-06-26 18:34:47.960] [info] Total memory used: 40550404 bytes (38.67188 MB)
[2025-06-26 18:34:47.965] [info] Total memory used: 40550404 bytes (38.67188 MB)
[2025-06-26 18:34:47.970] [info] Total memory used: 40550404 bytes (38.67188 MB)
[2025-06-26 18:34:47.974] [info] Total memory used: 40550404 bytes (38.67188 MB)
### Python Begin ###
Schedule_UID=SCH-M2L1G3B1-G043-0410
Frequency=24576000 Hz
Task=0 Chunk=0 Start=4100272082165 End=4100272111796 Duration=29631
Task=0 Chunk=1 Start=4100272111806 End=4100272151153 Duration=39347
Task=0 Chunk=2 Start=4100272151200 End=4100272289316 Duration=138116
Task=0 Chunk=3 Start=4100272289332 End=4100272318927 Duration=29595
Task=1 Chunk=0 Start=4100272111804 End=4100272137072 Duration=25268
Task=1 Chunk=1 Start=4100272151173 End=4100272155344 Duration=4171
Task=1 Chunk=2 Start=4100272289320 End=4100272315911 Duration=26591
Task=1 Chunk=3 Start=4100272318929 End=4100272319312 Duration=383
Task=2 Chunk=0 Start=4100272137077 End=4100272161100 Duration=24023
Task=2 Chunk=1 Start=4100272161143 End=4100272161662 Duration=519
Task=2 Chunk=2 Start=4100272315913 End=4100272339796 Duration=23883
Task=2 Chunk=3 Start=4100272339807 End=4100272341734 Duration=1927
Task=3 Chunk=0 Start=4100272161103 End=4100272186435 Duration=25332
Task=3 Chunk=1 Start=4100272186453 End=4100272187218 Duration=765
Task=3 Chunk=2 Start=4100272339797 End=4100272362391 Duration=22594
Task=3 Chunk=3 Start=4100272362451 End=4100272364676 Duration=2225
Task=4 Chunk=0 Start=4100272186441 End=4100272210124 Duration=23683
Task=4 Chunk=1 Start=4100272210168 End=4100272210869 Duration=701
Task=4 Chunk=2 Start=4100272362392 End=4100272391080 Duration=28688
Task=4 Chunk=3 Start=4100272391131 End=4100272393103 Duration=1972
Task=5 Chunk=0 Start=4100272210125 End=4100272233833 Duration=23708
Task=5 Chunk=1 Start=4100272233860 End=4100272234507 Duration=647
Task=5 Chunk=2 Start=4100272391121 End=4100272451204 Duration=60083
Task=5 Chunk=3 Start=4100272451228 End=4100272453038 Duration=1810
Task=6 Chunk=0 Start=4100272233834 End=4100272257867 Duration=24033
Task=6 Chunk=1 Start=4100272257898 End=4100272258541 Duration=643
Task=6 Chunk=2 Start=4100272451209 End=4100272470944 Duration=19735
Task=6 Chunk=3 Start=4100272470954 End=4100272473164 Duration=2210
Task=7 Chunk=0 Start=4100272257868 End=4100272283356 Duration=25488
Task=7 Chunk=1 Start=4100272283367 End=4100272284125 Duration=758
Task=7 Chunk=2 Start=4100272470944 End=4100272494585 Duration=23641
Task=7 Chunk=3 Start=4100272494601 End=4100272496200 Duration=1599
Task=8 Chunk=0 Start=4100272283358 End=4100272308432 Duration=25074
Task=8 Chunk=1 Start=4100272308470 End=4100272308803 Duration=333
Task=8 Chunk=2 Start=4100272494586 End=4100272873775 Duration=379189
Task=8 Chunk=3 Start=4100272873790 End=4100272912928 Duration=39138
Task=9 Chunk=0 Start=4100272308433 End=4100272333742 Duration=25309
Task=9 Chunk=1 Start=4100272333766 End=4100272334020 Duration=254
Task=9 Chunk=2 Start=4100272873779 End=4100272911019 Duration=37240
Task=9 Chunk=3 Start=4100272912930 End=4100272913018 Duration=88
Task=10 Chunk=0 Start=4100272333743 End=4100272359347 Duration=25604
Task=10 Chunk=1 Start=4100272359368 End=4100272359672 Duration=304
Task=10 Chunk=2 Start=4100272911029 End=4100272936626 Duration=25597
Task=10 Chunk=3 Start=4100272936637 End=4100272937877 Duration=1240
Task=11 Chunk=0 Start=4100272359347 End=4100272385924 Duration=26577
Task=11 Chunk=1 Start=4100272386231 End=4100272387406 Duration=1175
Task=11 Chunk=2 Start=4100272936627 End=4100272956758 Duration=20131
Task=11 Chunk=3 Start=4100272956783 End=4100272958239 Duration=1456
Task=12 Chunk=0 Start=4100272385925 End=4100272411188 Duration=25263
Task=12 Chunk=1 Start=4100272411233 End=4100272411969 Duration=736
Task=12 Chunk=2 Start=4100272956770 End=4100272977156 Duration=20386
Task=12 Chunk=3 Start=4100272977174 End=4100272978832 Duration=1658
Task=13 Chunk=0 Start=4100272411190 End=4100272434239 Duration=23049
Task=13 Chunk=1 Start=4100272434350 End=4100272435123 Duration=773
Task=13 Chunk=2 Start=4100272977157 End=4100272996929 Duration=19772
Task=13 Chunk=3 Start=4100272996952 End=4100272998381 Duration=1429
Task=14 Chunk=0 Start=4100272434240 End=4100272456780 Duration=22540
Task=14 Chunk=1 Start=4100272456972 End=4100272457705 Duration=733
Task=14 Chunk=2 Start=4100272996941 End=4100273017105 Duration=20164
Task=14 Chunk=3 Start=4100273017118 End=4100273018610 Duration=1492
Task=15 Chunk=0 Start=4100272456781 End=4100272480713 Duration=23932
Task=15 Chunk=1 Start=4100272480764 End=4100272481645 Duration=881
Task=15 Chunk=2 Start=4100273017110 End=4100273036702 Duration=19592
Task=15 Chunk=3 Start=4100273036720 End=4100273038284 Duration=1564
Task=16 Chunk=0 Start=4100272480715 End=4100272503360 Duration=22645
Task=16 Chunk=1 Start=4100272503623 End=4100272504363 Duration=740
Task=16 Chunk=2 Start=4100273036710 End=4100273056594 Duration=19884
Task=16 Chunk=3 Start=4100273056610 End=4100273057966 Duration=1356
Task=17 Chunk=0 Start=4100272503360 End=4100272526248 Duration=22888
Task=17 Chunk=1 Start=4100272526450 End=4100272527325 Duration=875
Task=17 Chunk=2 Start=4100273056601 End=4100273076543 Duration=19942
Task=17 Chunk=3 Start=4100273076563 End=4100273078073 Duration=1510
Task=18 Chunk=0 Start=4100272526248 End=4100272548709 Duration=22461
Task=18 Chunk=1 Start=4100272548725 End=4100272549436 Duration=711
Task=18 Chunk=2 Start=4100273076553 End=4100273096428 Duration=19875
Task=18 Chunk=3 Start=4100273096451 End=4100273097978 Duration=1527
Task=19 Chunk=0 Start=4100272548710 End=4100272572289 Duration=23579
Task=19 Chunk=1 Start=4100272572825 End=4100272573667 Duration=842
Task=19 Chunk=2 Start=4100273096437 End=4100273116161 Duration=19724
Task=19 Chunk=3 Start=4100273116174 End=4100273117667 Duration=1493
Task=20 Chunk=0 Start=4100272572292 End=4100272594779 Duration=22487
Task=20 Chunk=1 Start=4100272594841 End=4100272595564 Duration=723
Task=20 Chunk=2 Start=4100273116162 End=4100273137313 Duration=21151
Task=20 Chunk=3 Start=4100273137322 End=4100273138400 Duration=1078
Task=21 Chunk=0 Start=4100272594780 End=4100272617288 Duration=22508
Task=21 Chunk=1 Start=4100272617606 End=4100272618297 Duration=691
Task=21 Chunk=2 Start=4100273137314 End=4100273158268 Duration=20954
Task=21 Chunk=3 Start=4100273158290 End=4100273159887 Duration=1597
Task=22 Chunk=0 Start=4100272617288 End=4100272639615 Duration=22327
Task=22 Chunk=1 Start=4100272639645 End=4100272640331 Duration=686
Task=22 Chunk=2 Start=4100273158269 End=4100273180037 Duration=21768
Task=22 Chunk=3 Start=4100273180059 End=4100273181538 Duration=1479
Task=23 Chunk=0 Start=4100272912937 End=4100272935414 Duration=22477
Task=23 Chunk=1 Start=4100272935455 End=4100272936371 Duration=916
Task=23 Chunk=2 Start=4100273180038 End=4100273200401 Duration=20363
Task=23 Chunk=3 Start=4100273200416 End=4100273201903 Duration=1487
Task=24 Chunk=0 Start=4100272935416 End=4100272957633 Duration=22217
Task=24 Chunk=1 Start=4100272957645 End=4100272958285 Duration=640
Task=24 Chunk=2 Start=4100273200403 End=4100273220197 Duration=19794
Task=24 Chunk=3 Start=4100273220219 End=4100273221636 Duration=1417
Task=25 Chunk=0 Start=4100272957635 End=4100272981117 Duration=23482
Task=25 Chunk=1 Start=4100272981135 End=4100272981714 Duration=579
Task=25 Chunk=2 Start=4100273220206 End=4100273239537 Duration=19331
Task=25 Chunk=3 Start=4100273239551 End=4100273240985 Duration=1434
Task=26 Chunk=0 Start=4100272981117 End=4100273003976 Duration=22859
Task=26 Chunk=1 Start=4100273004009 End=4100273004634 Duration=625
Task=26 Chunk=2 Start=4100273239539 End=4100273259925 Duration=20386
Task=26 Chunk=3 Start=4100273259946 End=4100273261756 Duration=1810
Task=27 Chunk=0 Start=4100273003976 End=4100273027175 Duration=23199
Task=27 Chunk=1 Start=4100273027224 End=4100273027776 Duration=552
Task=27 Chunk=2 Start=4100273259936 End=4100273279705 Duration=19769
Task=27 Chunk=3 Start=4100273279733 End=4100273281338 Duration=1605
Task=28 Chunk=0 Start=4100273027175 End=4100273049717 Duration=22542
Task=28 Chunk=1 Start=4100273049772 End=4100273050271 Duration=499
Task=28 Chunk=2 Start=4100273279720 End=4100273299421 Duration=19701
Task=28 Chunk=3 Start=4100273299432 End=4100273300977 Duration=1545
Task=29 Chunk=0 Start=4100273049717 End=4100273073581 Duration=23864
Task=29 Chunk=1 Start=4100273073597 End=4100273074181 Duration=584
Task=29 Chunk=2 Start=4100273299430 End=4100273318942 Duration=19512
Task=29 Chunk=3 Start=4100273318969 End=4100273320378 Duration=1409
Task=30 Chunk=0 Start=4100273073582 End=4100273096404 Duration=22822
Task=30 Chunk=1 Start=4100273096444 End=4100273097056 Duration=612
Task=30 Chunk=2 Start=4100273318958 End=4100273339244 Duration=20286
Task=30 Chunk=3 Start=4100273339262 End=4100273340743 Duration=1481
Task=31 Chunk=0 Start=4100273096404 End=4100273118980 Duration=22576
Task=31 Chunk=1 Start=4100273119004 End=4100273119642 Duration=638
Task=31 Chunk=2 Start=4100273339251 End=4100273359827 Duration=20576
Task=31 Chunk=3 Start=4100273359849 End=4100273361526 Duration=1677
Task=32 Chunk=0 Start=4100273118982 End=4100273141685 Duration=22703
Task=32 Chunk=1 Start=4100273141719 End=4100273142310 Duration=591
Task=32 Chunk=2 Start=4100273359841 End=4100273379658 Duration=19817
Task=32 Chunk=3 Start=4100273379679 End=4100273381158 Duration=1479
Task=33 Chunk=0 Start=4100273141686 End=4100273165537 Duration=23851
Task=33 Chunk=1 Start=4100273165574 End=4100273166191 Duration=617
Task=33 Chunk=2 Start=4100273379659 End=4100273399514 Duration=19855
Task=33 Chunk=3 Start=4100273399532 End=4100273401099 Duration=1567
Task=34 Chunk=0 Start=4100273165538 End=4100273188866 Duration=23328
Task=34 Chunk=1 Start=4100273188879 End=4100273189216 Duration=337
Task=34 Chunk=2 Start=4100273399516 End=4100273419035 Duration=19519
Task=34 Chunk=3 Start=4100273419043 End=4100273420561 Duration=1518
Task=35 Chunk=0 Start=4100273188867 End=4100273211738 Duration=22871
Task=35 Chunk=1 Start=4100273211769 End=4100273213366 Duration=1597
Task=35 Chunk=2 Start=4100273419036 End=4100273438905 Duration=19869
Task=35 Chunk=3 Start=4100273438921 End=4100273440183 Duration=1262
Task=36 Chunk=0 Start=4100273211739 End=4100273234539 Duration=22800
Task=36 Chunk=1 Start=4100273234573 End=4100273234847 Duration=274
Task=36 Chunk=2 Start=4100273438908 End=4100273460556 Duration=21648
Task=36 Chunk=3 Start=4100273460663 End=4100273460878 Duration=215
Task=37 Chunk=0 Start=4100273234540 End=4100273257277 Duration=22737
Task=37 Chunk=1 Start=4100273257314 End=4100273257609 Duration=295
Task=37 Chunk=2 Start=4100273460557 End=4100273480425 Duration=19868
Task=37 Chunk=3 Start=4100273480441 End=4100273480645 Duration=204
Task=38 Chunk=0 Start=4100273257278 End=4100273280886 Duration=23608
Task=38 Chunk=1 Start=4100273280896 End=4100273281237 Duration=341
Task=38 Chunk=2 Start=4100273480434 End=4100273500390 Duration=19956
Task=38 Chunk=3 Start=4100273500478 End=4100273500667 Duration=189
Task=39 Chunk=0 Start=4100273280887 End=4100273303455 Duration=22568
Task=39 Chunk=1 Start=4100273303493 End=4100273303739 Duration=246
Task=39 Chunk=2 Start=4100273500393 End=4100273520197 Duration=19804
Task=39 Chunk=3 Start=4100273520239 End=4100273520428 Duration=189
Task=40 Chunk=0 Start=4100273303456 End=4100273326135 Duration=22679
Task=40 Chunk=1 Start=4100273326163 End=4100273326383 Duration=220
Task=40 Chunk=2 Start=4100273520200 End=4100273539391 Duration=19191
Task=40 Chunk=3 Start=4100273539488 End=4100273539680 Duration=192
Task=41 Chunk=0 Start=4100273326136 End=4100273349298 Duration=23162
Task=41 Chunk=1 Start=4100273349326 End=4100273351788 Duration=2462
Task=41 Chunk=2 Start=4100273539394 End=4100273560018 Duration=20624
Task=41 Chunk=3 Start=4100273560117 End=4100273560326 Duration=209
Task=42 Chunk=0 Start=4100273349299 End=4100273372904 Duration=23605
Task=42 Chunk=1 Start=4100273372953 End=4100273373237 Duration=284
Task=42 Chunk=2 Start=4100273560021 End=4100273580153 Duration=20132
Task=42 Chunk=3 Start=4100273580240 End=4100273580427 Duration=187
Task=43 Chunk=0 Start=4100273372905 End=4100273396012 Duration=23107
Task=43 Chunk=1 Start=4100273396053 End=4100273396288 Duration=235
Task=43 Chunk=2 Start=4100273580160 End=4100273599721 Duration=19561
Task=43 Chunk=3 Start=4100273599745 End=4100273599931 Duration=186
Task=44 Chunk=0 Start=4100273396012 End=4100273418855 Duration=22843
Task=44 Chunk=1 Start=4100273418888 End=4100273419183 Duration=295
Task=44 Chunk=2 Start=4100273599725 End=4100273619153 Duration=19428
Task=44 Chunk=3 Start=4100273619230 End=4100273619414 Duration=184
Task=45 Chunk=0 Start=4100273418856 End=4100273441337 Duration=22481
Task=45 Chunk=1 Start=4100273441389 End=4100273441607 Duration=218
Task=45 Chunk=2 Start=4100273619156 End=4100273639144 Duration=19988
Task=45 Chunk=3 Start=4100273639248 End=4100273639438 Duration=190
Task=46 Chunk=0 Start=4100273441338 End=4100273465165 Duration=23827
Task=46 Chunk=1 Start=4100273465194 End=4100273465467 Duration=273
Task=46 Chunk=2 Start=4100273639154 End=4100273659637 Duration=20483
Task=46 Chunk=3 Start=4100273659737 End=4100273659943 Duration=206
Task=47 Chunk=0 Start=4100273465165 End=4100273488174 Duration=23009
Task=47 Chunk=1 Start=4100273488200 End=4100273488442 Duration=242
Task=47 Chunk=2 Start=4100273659638 End=4100273679213 Duration=19575
Task=47 Chunk=3 Start=4100273679316 End=4100273679500 Duration=184
Task=48 Chunk=0 Start=4100273488175 End=4100273511324 Duration=23149
Task=48 Chunk=1 Start=4100273511349 End=4100273511800 Duration=451
Task=48 Chunk=2 Start=4100273679215 End=4100273698706 Duration=19491
Task=48 Chunk=3 Start=4100273698822 End=4100273699022 Duration=200
Task=49 Chunk=0 Start=4100273511325 End=4100273534208 Duration=22883
Task=49 Chunk=1 Start=4100273534224 End=4100273534445 Duration=221
Task=49 Chunk=2 Start=4100273698726 End=4100273718242 Duration=19516
Task=49 Chunk=3 Start=4100273718330 End=4100273718515 Duration=185
Task=50 Chunk=0 Start=4100273534209 End=4100273558967 Duration=24758
Task=50 Chunk=1 Start=4100273558999 End=4100273559297 Duration=298
Task=50 Chunk=2 Start=4100273718246 End=4100273737811 Duration=19565
Task=50 Chunk=3 Start=4100273737842 End=4100273738037 Duration=195
Task=51 Chunk=0 Start=4100273558968 End=4100273581635 Duration=22667
Task=51 Chunk=1 Start=4100273581679 End=4100273581916 Duration=237
Task=51 Chunk=2 Start=4100273737814 End=4100273757801 Duration=19987
Task=51 Chunk=3 Start=4100273757903 End=4100273758106 Duration=203
Task=52 Chunk=0 Start=4100273581635 End=4100273604260 Duration=22625
Task=52 Chunk=1 Start=4100273604295 End=4100273604513 Duration=218
Task=52 Chunk=2 Start=4100273757806 End=4100273777923 Duration=20117
Task=52 Chunk=3 Start=4100273777935 End=4100273778119 Duration=184
Task=53 Chunk=0 Start=4100273604261 End=4100273627163 Duration=22902
Task=53 Chunk=1 Start=4100273627195 End=4100273627413 Duration=218
Task=53 Chunk=2 Start=4100273777931 End=4100273797455 Duration=19524
Task=53 Chunk=3 Start=4100273797516 End=4100273797703 Duration=187
Task=54 Chunk=0 Start=4100273627163 End=4100273650147 Duration=22984
Task=54 Chunk=1 Start=4100273650183 End=4100273650734 Duration=551
Task=54 Chunk=2 Start=4100273797458 End=4100273816828 Duration=19370
Task=54 Chunk=3 Start=4100273816884 End=4100273817071 Duration=187
Task=55 Chunk=0 Start=4100273650148 End=4100273674221 Duration=24073
Task=55 Chunk=1 Start=4100273674253 End=4100273674537 Duration=284
Task=55 Chunk=2 Start=4100273816829 End=4100273836278 Duration=19449
Task=55 Chunk=3 Start=4100273836332 End=4100273836522 Duration=190
Task=56 Chunk=0 Start=4100273674222 End=4100273697115 Duration=22893
Task=56 Chunk=1 Start=4100273697137 End=4100273697383 Duration=246
Task=56 Chunk=2 Start=4100273836288 End=4100273857284 Duration=20996
Task=56 Chunk=3 Start=4100273857346 End=4100273857552 Duration=206
Task=57 Chunk=0 Start=4100273697116 End=4100273719777 Duration=22661
Task=57 Chunk=1 Start=4100273719809 End=4100273720034 Duration=225
Task=57 Chunk=2 Start=4100273857289 End=4100273877009 Duration=19720
Task=57 Chunk=3 Start=4100273877035 End=4100273877224 Duration=189
Task=58 Chunk=0 Start=4100273719779 End=4100273742549 Duration=22770
Task=58 Chunk=1 Start=4100273742590 End=4100273742804 Duration=214
Task=58 Chunk=2 Start=4100273877014 End=4100273896522 Duration=19508
Task=58 Chunk=3 Start=4100273896544 End=4100273896739 Duration=195
Task=59 Chunk=0 Start=4100273742550 End=4100273766482 Duration=23932
Task=59 Chunk=1 Start=4100273766524 End=4100273766807 Duration=283
Task=59 Chunk=2 Start=4100273896529 End=4100273916739 Duration=20210
Task=59 Chunk=3 Start=4100273916791 End=4100273916971 Duration=180
Task=60 Chunk=0 Start=4100273766483 End=4100273789472 Duration=22989
Task=60 Chunk=1 Start=4100273789525 End=4100273789774 Duration=249
Task=60 Chunk=2 Start=4100273916742 End=4100273936515 Duration=19773
Task=60 Chunk=3 Start=4100273936607 End=4100273936788 Duration=181
Task=61 Chunk=0 Start=4100273789473 End=4100273812485 Duration=23012
Task=61 Chunk=1 Start=4100273812512 End=4100273812748 Duration=236
Task=61 Chunk=2 Start=4100273936517 End=4100273956812 Duration=20295
Task=61 Chunk=3 Start=4100273956918 End=4100273957114 Duration=196
Task=62 Chunk=0 Start=4100273812486 End=4100273835265 Duration=22779
Task=62 Chunk=1 Start=4100273835307 End=4100273835524 Duration=217
Task=62 Chunk=2 Start=4100273956823 End=4100273976433 Duration=19610
Task=62 Chunk=3 Start=4100273976534 End=4100273976730 Duration=196
Task=63 Chunk=0 Start=4100273835267 End=4100273859021 Duration=23754
Task=63 Chunk=1 Start=4100273859041 End=4100273859325 Duration=284
Task=63 Chunk=2 Start=4100273976438 End=4100273995915 Duration=19477
Task=63 Chunk=3 Start=4100273996020 End=4100273996214 Duration=194
Task=64 Chunk=0 Start=4100273859021 End=4100273881561 Duration=22540
Task=64 Chunk=1 Start=4100273881577 End=4100273881807 Duration=230
Task=64 Chunk=2 Start=4100273995922 End=4100274015504 Duration=19582
Task=64 Chunk=3 Start=4100274015568 End=4100274015760 Duration=192
Task=65 Chunk=0 Start=4100273881562 End=4100273904226 Duration=22664
Task=65 Chunk=1 Start=4100273904274 End=4100273904551 Duration=277
Task=65 Chunk=2 Start=4100274015506 End=4100274035260 Duration=19754
Task=65 Chunk=3 Start=4100274035295 End=4100274035485 Duration=190
Task=66 Chunk=0 Start=4100273904227 End=4100273927257 Duration=23030
Task=66 Chunk=1 Start=4100273927279 End=4100273928235 Duration=956
Task=66 Chunk=2 Start=4100274035268 End=4100274055544 Duration=20276
Task=66 Chunk=3 Start=4100274055562 End=4100274055746 Duration=184
Task=67 Chunk=0 Start=4100273927257 End=4100273951491 Duration=24234
Task=67 Chunk=1 Start=4100273951527 End=4100273951801 Duration=274
Task=67 Chunk=2 Start=4100274055550 End=4100274075363 Duration=19813
Task=67 Chunk=3 Start=4100274075404 End=4100274075598 Duration=194
Task=68 Chunk=0 Start=4100273951492 End=4100273974422 Duration=22930
Task=68 Chunk=1 Start=4100273974441 End=4100273974677 Duration=236
Task=68 Chunk=2 Start=4100274075366 End=4100274094795 Duration=19429
Task=68 Chunk=3 Start=4100274094860 End=4100274095040 Duration=180
Task=69 Chunk=0 Start=4100273974424 End=4100273997083 Duration=22659
Task=69 Chunk=1 Start=4100273997105 End=4100273997328 Duration=223
Task=69 Chunk=2 Start=4100274094798 End=4100274114217 Duration=19419
Task=69 Chunk=3 Start=4100274114284 End=4100274114480 Duration=196
Task=70 Chunk=0 Start=4100273997083 End=4100274019739 Duration=22656
Task=70 Chunk=1 Start=4100274019752 End=4100274019988 Duration=236
Task=70 Chunk=2 Start=4100274114237 End=4100274133751 Duration=19514
Task=70 Chunk=3 Start=4100274133833 End=4100274134026 Duration=193
Task=71 Chunk=0 Start=4100274019739 End=4100274042497 Duration=22758
Task=71 Chunk=1 Start=4100274042544 End=4100274042757 Duration=213
Task=71 Chunk=2 Start=4100274133754 End=4100274154045 Duration=20291
Task=71 Chunk=3 Start=4100274154079 End=4100274154276 Duration=197
Task=72 Chunk=0 Start=4100274042498 End=4100274066409 Duration=23911
Task=72 Chunk=1 Start=4100274066443 End=4100274067139 Duration=696
Task=72 Chunk=2 Start=4100274154048 End=4100274174701 Duration=20653
Task=72 Chunk=3 Start=4100274174717 End=4100274174912 Duration=195
Task=73 Chunk=0 Start=4100274066410 End=4100274089381 Duration=22971
Task=73 Chunk=1 Start=4100274089393 End=4100274089633 Duration=240
Task=73 Chunk=2 Start=4100274174707 End=4100274194647 Duration=19940
Task=73 Chunk=3 Start=4100274194695 End=4100274194882 Duration=187
Task=74 Chunk=0 Start=4100274089382 End=4100274112303 Duration=22921
Task=74 Chunk=1 Start=4100274112317 End=4100274112540 Duration=223
Task=74 Chunk=2 Start=4100274194659 End=4100274214327 Duration=19668
Task=74 Chunk=3 Start=4100274214383 End=4100274214566 Duration=183
Task=75 Chunk=0 Start=4100274112304 End=4100274134917 Duration=22613
Task=75 Chunk=1 Start=4100274134963 End=4100274135234 Duration=271
Task=75 Chunk=2 Start=4100274214330 End=4100274233937 Duration=19607
Task=75 Chunk=3 Start=4100274234049 End=4100274234233 Duration=184
Task=76 Chunk=0 Start=4100274134918 End=4100274158656 Duration=23738
Task=76 Chunk=1 Start=4100274158670 End=4100274158946 Duration=276
Task=76 Chunk=2 Start=4100274233947 End=4100274254685 Duration=20738
Task=76 Chunk=3 Start=4100274254718 End=4100274254920 Duration=202
Task=77 Chunk=0 Start=4100274158657 End=4100274181613 Duration=22956
Task=77 Chunk=1 Start=4100274181632 End=4100274181863 Duration=231
Task=77 Chunk=2 Start=4100274254697 End=4100274274188 Duration=19491
Task=77 Chunk=3 Start=4100274274256 End=4100274274443 Duration=187
Task=78 Chunk=0 Start=4100274181620 End=4100274204785 Duration=23165
Task=78 Chunk=1 Start=4100274204809 End=4100274206045 Duration=1236
Task=78 Chunk=2 Start=4100274274198 End=4100274293925 Duration=19727
Task=78 Chunk=3 Start=4100274293963 End=4100274294148 Duration=185
Task=79 Chunk=0 Start=4100274204786 End=4100274227395 Duration=22609
Task=79 Chunk=1 Start=4100274227425 End=4100274227642 Duration=217
Task=79 Chunk=2 Start=4100274293928 End=4100274313597 Duration=19669
Task=79 Chunk=3 Start=4100274313695 End=4100274313886 Duration=191
Task=80 Chunk=0 Start=4100274227396 End=4100274251638 Duration=24242
Task=80 Chunk=1 Start=4100274251684 End=4100274251961 Duration=277
Task=80 Chunk=2 Start=4100274313600 End=4100274333493 Duration=19893
Task=80 Chunk=3 Start=4100274333511 End=4100274333713 Duration=202
Task=81 Chunk=0 Start=4100274251639 End=4100274275123 Duration=23484
Task=81 Chunk=1 Start=4100274275168 End=4100274275415 Duration=247
Task=81 Chunk=2 Start=4100274333503 End=4100274353592 Duration=20089
Task=81 Chunk=3 Start=4100274353636 End=4100274353828 Duration=192
Task=82 Chunk=0 Start=4100274275124 End=4100274297620 Duration=22496
Task=82 Chunk=1 Start=4100274297667 End=4100274297895 Duration=228
Task=82 Chunk=2 Start=4100274353602 End=4100274373394 Duration=19792
Task=82 Chunk=3 Start=4100274373409 End=4100274375025 Duration=1616
Task=83 Chunk=0 Start=4100274297620 End=4100274320007 Duration=22387
Task=83 Chunk=1 Start=4100274320018 End=4100274320288 Duration=270
Task=83 Chunk=2 Start=4100274373395 End=4100274392867 Duration=19472
Task=83 Chunk=3 Start=4100274392899 End=4100274394359 Duration=1460
Task=84 Chunk=0 Start=4100274320008 End=4100274344034 Duration=24026
Task=84 Chunk=1 Start=4100274344063 End=4100274345224 Duration=1161
Task=84 Chunk=2 Start=4100274392868 End=4100274412487 Duration=19619
Task=84 Chunk=3 Start=4100274412505 End=4100274414024 Duration=1519
Task=85 Chunk=0 Start=4100274344038 End=4100274366658 Duration=22620
Task=85 Chunk=1 Start=4100274366691 End=4100274366934 Duration=243
Task=85 Chunk=2 Start=4100274412488 End=4100274431781 Duration=19293
Task=85 Chunk=3 Start=4100274431797 End=4100274433079 Duration=1282
Task=86 Chunk=0 Start=4100274366659 End=4100274389564 Duration=22905
Task=86 Chunk=1 Start=4100274389576 End=4100274389810 Duration=234
Task=86 Chunk=2 Start=4100274431782 End=4100274451307 Duration=19525
Task=86 Chunk=3 Start=4100274451326 End=4100274452956 Duration=1630
Task=87 Chunk=0 Start=4100274389565 End=4100274412250 Duration=22685
Task=87 Chunk=1 Start=4100274412276 End=4100274412501 Duration=225
Task=87 Chunk=2 Start=4100274451308 End=4100274472625 Duration=21317
Task=87 Chunk=3 Start=4100274472641 End=4100274473932 Duration=1291
Task=88 Chunk=0 Start=4100274412251 End=4100274434752 Duration=22501
Task=88 Chunk=1 Start=4100274434796 End=4100274435019 Duration=223
Task=88 Chunk=2 Start=4100274472625 End=4100274493259 Duration=20634
Task=88 Chunk=3 Start=4100274493277 End=4100274494901 Duration=1624
Task=89 Chunk=0 Start=4100274434753 End=4100274458385 Duration=23632
Task=89 Chunk=1 Start=4100274458430 End=4100274458767 Duration=337
Task=89 Chunk=2 Start=4100274493260 End=4100274513795 Duration=20535
Task=89 Chunk=3 Start=4100274513811 End=4100274514956 Duration=1145
Task=90 Chunk=0 Start=4100274458386 End=4100274481556 Duration=23170
Task=90 Chunk=1 Start=4100274481593 End=4100274481876 Duration=283
Task=90 Chunk=2 Start=4100274513796 End=4100274535279 Duration=21483
Task=90 Chunk=3 Start=4100274535301 End=4100274536774 Duration=1473
Task=91 Chunk=0 Start=4100274481557 End=4100274505895 Duration=24338
Task=91 Chunk=1 Start=4100274506452 End=4100274506878 Duration=426
Task=91 Chunk=2 Start=4100274535280 End=4100274555967 Duration=20687
Task=91 Chunk=3 Start=4100274555987 End=4100274557251 Duration=1264
Task=92 Chunk=0 Start=4100274505896 End=4100274529834 Duration=23938
Task=92 Chunk=1 Start=4100274529869 End=4100274530207 Duration=338
Task=92 Chunk=2 Start=4100274555975 End=4100274575916 Duration=19941
Task=92 Chunk=3 Start=4100274575930 End=4100274577076 Duration=1146
Task=93 Chunk=0 Start=4100274529835 End=4100274553846 Duration=24011
Task=93 Chunk=1 Start=4100274553898 End=4100274554231 Duration=333
Task=93 Chunk=2 Start=4100274575917 End=4100274595998 Duration=20081
Task=93 Chunk=3 Start=4100274596018 End=4100274597196 Duration=1178
Task=94 Chunk=0 Start=4100274553847 End=4100274576429 Duration=22582
Task=94 Chunk=1 Start=4100274576440 End=4100274578015 Duration=1575
Task=94 Chunk=2 Start=4100274596003 End=4100274615480 Duration=19477
Task=94 Chunk=3 Start=4100274615503 End=4100274616677 Duration=1174
Task=95 Chunk=0 Start=4100274576430 End=4100274600331 Duration=23901
Task=95 Chunk=1 Start=4100274600371 End=4100274600696 Duration=325
Task=95 Chunk=2 Start=4100274615482 End=4100274637155 Duration=21673
Task=95 Chunk=3 Start=4100274637167 End=4100274638452 Duration=1285
Task=96 Chunk=0 Start=4100274600339 End=4100274623550 Duration=23211
Task=96 Chunk=1 Start=4100274623598 End=4100274623891 Duration=293
Task=96 Chunk=2 Start=4100274637164 End=4100274657638 Duration=20474
Task=96 Chunk=3 Start=4100274657650 End=4100274658828 Duration=1178
Task=97 Chunk=0 Start=4100274623551 End=4100274647740 Duration=24189
Task=97 Chunk=1 Start=4100274647785 End=4100274650257 Duration=2472
Task=97 Chunk=2 Start=4100274657638 End=4100274678746 Duration=21108
Task=97 Chunk=3 Start=4100274678753 End=4100274679962 Duration=1209
Task=98 Chunk=0 Start=4100274647741 End=4100274670180 Duration=22439
Task=98 Chunk=1 Start=4100274671246 End=4100274671695 Duration=449
Task=98 Chunk=2 Start=4100274678747 End=4100274700015 Duration=21268
Task=98 Chunk=3 Start=4100274700041 End=4100274701180 Duration=1139
Task=99 Chunk=0 Start=4100274670181 End=4100274692976 Duration=22795
Task=99 Chunk=1 Start=4100274692995 End=4100274693379 Duration=384
Task=99 Chunk=2 Start=4100274700016 End=4100274719896 Duration=19880
Task=99 Chunk=3 Start=4100274719906 End=4100274719989 Duration=83
### Python End ###

--------------------------------
[2025-06-26 18:34:48.109] [info] Available Vulkan Layers:
[2025-06-26 18:34:48.109] [warning] Validation layer requested but not available, continuing without it...
[2025-06-26 18:34:48.110] [info] Using integrated GPU: Mali-G710
[2025-06-26 18:34:48.118] [info] VulkanDispatcher instance created.
[2025-06-26 18:34:48.288] [info] Total memory used: 40550404 bytes (38.67188 MB)
[2025-06-26 18:34:48.293] [info] Total memory used: 40550404 bytes (38.67188 MB)
[2025-06-26 18:34:48.378] [info] Total memory used: 40550404 bytes (38.67188 MB)
[2025-06-26 18:34:48.383] [info] Total memory used: 40550404 bytes (38.67188 MB)
[2025-06-26 18:34:48.388] [info] Total memory used: 40550404 bytes (38.67188 MB)
[2025-06-26 18:34:48.455] [info] Total memory used: 40550404 bytes (38.67188 MB)
[2025-06-26 18:34:48.460] [info] Total memory used: 40550404 bytes (38.67188 MB)
[2025-06-26 18:34:48.465] [info] Total memory used: 40550404 bytes (38.67188 MB)
[2025-06-26 18:34:48.470] [info] Total memory used: 40550404 bytes (38.67188 MB)
[2025-06-26 18:34:48.475] [info] Total memory used: 40550404 bytes (38.67188 MB)
[2025-06-26 18:34:48.560] [info] Total memory used: 40550404 bytes (38.67188 MB)
[2025-06-26 18:34:48.565] [info] Total memory used: 40550404 bytes (38.67188 MB)
[2025-06-26 18:34:48.570] [info] Total memory used: 40550404 bytes (38.67188 MB)
[2025-06-26 18:34:48.575] [info] Total memory used: 40550404 bytes (38.67188 MB)
[2025-06-26 18:34:48.580] [info] Total memory used: 40550404 bytes (38.67188 MB)
[2025-06-26 18:34:48.585] [info] Total memory used: 40550404 bytes (38.67188 MB)
### Python Begin ###
Schedule_UID=SCH-G2L5-G051-861b
Frequency=24576000 Hz
Task=0 Chunk=0 Start=4100287085819 End=4100288807705 Duration=1721886
Task=0 Chunk=1 Start=4100288807757 End=4100289397836 Duration=590079
Task=1 Chunk=0 Start=4100288807752 End=4100289777465 Duration=969713
Task=1 Chunk=1 Start=4100289777530 End=4100290325978 Duration=548448
Task=2 Chunk=0 Start=4100289777494 End=4100290579735 Duration=802241
Task=2 Chunk=1 Start=4100290579829 End=4100291114412 Duration=534583
Task=3 Chunk=0 Start=4100290579784 End=4100291191645 Duration=611861
Task=3 Chunk=1 Start=4100291191724 End=4100291703636 Duration=511912
Task=4 Chunk=0 Start=4100291191680 End=4100291734310 Duration=542630
Task=4 Chunk=1 Start=4100291734347 End=4100292246974 Duration=512627
Task=5 Chunk=0 Start=4100291734337 End=4100292271536 Duration=537199
Task=5 Chunk=1 Start=4100292271589 End=4100292779211 Duration=507622
Task=6 Chunk=0 Start=4100292271559 End=4100292810705 Duration=539146
Task=6 Chunk=1 Start=4100292810741 End=4100293326231 Duration=515490
Task=7 Chunk=0 Start=4100292810736 End=4100293341163 Duration=530427
Task=7 Chunk=1 Start=4100293341217 End=4100293854186 Duration=512969
Task=8 Chunk=0 Start=4100293341201 End=4100293902442 Duration=561241
Task=8 Chunk=1 Start=4100293902496 End=4100294412081 Duration=509585
Task=9 Chunk=0 Start=4100293902467 End=4100294440458 Duration=537991
Task=9 Chunk=1 Start=4100294440517 End=4100294949600 Duration=509083
Task=10 Chunk=0 Start=4100294440497 End=4100294989048 Duration=548551
Task=10 Chunk=1 Start=4100294989119 End=4100295545543 Duration=556424
Task=11 Chunk=0 Start=4100294989088 End=4100295518133 Duration=529045
Task=11 Chunk=1 Start=4100295545558 End=4100296063332 Duration=517774
Task=12 Chunk=0 Start=4100295518159 End=4100296064695 Duration=546536
Task=12 Chunk=1 Start=4100296064769 End=4100296577764 Duration=512995
Task=13 Chunk=0 Start=4100296064738 End=4100296605736 Duration=540998
Task=13 Chunk=1 Start=4100296605784 End=4100297115441 Duration=509657
Task=14 Chunk=0 Start=4100296605765 End=4100297130126 Duration=524361
Task=14 Chunk=1 Start=4100297130181 End=4100297602048 Duration=471867
Task=15 Chunk=0 Start=4100297130156 End=4100297673297 Duration=543141
Task=15 Chunk=1 Start=4100297673378 End=4100298147353 Duration=473975
Task=16 Chunk=0 Start=4100297673339 End=4100298215322 Duration=541983
Task=16 Chunk=1 Start=4100298215359 End=4100298694071 Duration=478712
Task=17 Chunk=0 Start=4100298215352 End=4100298751718 Duration=536366
Task=17 Chunk=1 Start=4100298751791 End=4100299224869 Duration=473078
Task=18 Chunk=0 Start=4100298751759 End=4100299290027 Duration=538268
Task=18 Chunk=1 Start=4100299290100 End=4100299764953 Duration=474853
Task=19 Chunk=0 Start=4100299290067 End=4100299830621 Duration=540554
Task=19 Chunk=1 Start=4100299830693 End=4100300304090 Duration=473397
Task=20 Chunk=0 Start=4100299830654 End=4100300378523 Duration=547869
Task=20 Chunk=1 Start=4100300378588 End=4100300850963 Duration=472375
Task=21 Chunk=0 Start=4100300378547 End=4100300919226 Duration=540679
Task=21 Chunk=1 Start=4100300919272 End=4100301390353 Duration=471081
Task=22 Chunk=0 Start=4100300919253 End=4100301477934 Duration=558681
Task=22 Chunk=1 Start=4100301477996 End=4100301952010 Duration=474014
Task=23 Chunk=0 Start=4100301477962 End=4100302020659 Duration=542697
Task=23 Chunk=1 Start=4100302020734 End=4100302492077 Duration=471343
Task=24 Chunk=0 Start=4100302020698 End=4100302558391 Duration=537693
Task=24 Chunk=1 Start=4100302558456 End=4100303029133 Duration=470677
Task=25 Chunk=0 Start=4100302558408 End=4100303097384 Duration=538976
Task=25 Chunk=1 Start=4100303097422 End=4100303568200 Duration=470778
Task=26 Chunk=0 Start=4100303097411 End=4100303641349 Duration=543938
Task=26 Chunk=1 Start=4100303641412 End=4100304115823 Duration=474411
Task=27 Chunk=0 Start=4100303641377 End=4100304183015 Duration=541638
Task=27 Chunk=1 Start=4100304183089 End=4100304663425 Duration=480336
Task=28 Chunk=0 Start=4100304183061 End=4100304726828 Duration=543767
Task=28 Chunk=1 Start=4100304726887 End=4100305201983 Duration=475096
Task=29 Chunk=0 Start=4100304726852 End=4100305271531 Duration=544679
Task=29 Chunk=1 Start=4100305271604 End=4100305742758 Duration=471154
Task=30 Chunk=0 Start=4100305271574 End=4100305812300 Duration=540726
Task=30 Chunk=1 Start=4100305812344 End=4100306282945 Duration=470601
Task=31 Chunk=0 Start=4100305812325 End=4100306358952 Duration=546627
Task=31 Chunk=1 Start=4100306359008 End=4100306835433 Duration=476425
Task=32 Chunk=0 Start=4100306358982 End=4100306890551 Duration=531569
Task=32 Chunk=1 Start=4100306890607 End=4100307363393 Duration=472786
Task=33 Chunk=0 Start=4100306890578 End=4100307429369 Duration=538791
Task=33 Chunk=1 Start=4100307429454 End=4100307901413 Duration=471959
Task=34 Chunk=0 Start=4100307429414 End=4100307958766 Duration=529352
Task=34 Chunk=1 Start=4100307958811 End=4100308433952 Duration=475141
Task=35 Chunk=0 Start=4100307958795 End=4100308500346 Duration=541551
Task=35 Chunk=1 Start=4100308500411 End=4100308972657 Duration=472246
Task=36 Chunk=0 Start=4100308500368 End=4100309054877 Duration=554509
Task=36 Chunk=1 Start=4100309054938 End=4100309527774 Duration=472836
Task=37 Chunk=0 Start=4100309054912 End=4100309603044 Duration=548132
Task=37 Chunk=1 Start=4100309603078 End=4100310075203 Duration=472125
Task=38 Chunk=0 Start=4100309603067 End=4100310149791 Duration=546724
Task=38 Chunk=1 Start=4100310149827 End=4100310623638 Duration=473811
Task=39 Chunk=0 Start=4100310149811 End=4100310678780 Duration=528969
Task=39 Chunk=1 Start=4100310678845 End=4100311150685 Duration=471840
Task=40 Chunk=0 Start=4100310678804 End=4100311225503 Duration=546699
Task=40 Chunk=1 Start=4100311225562 End=4100311694768 Duration=469206
Task=41 Chunk=0 Start=4100311225529 End=4100311756864 Duration=531335
Task=41 Chunk=1 Start=4100311756920 End=4100312233104 Duration=476184
Task=42 Chunk=0 Start=4100311756889 End=4100312293407 Duration=536518
Task=42 Chunk=1 Start=4100312293445 End=4100312765318 Duration=471873
Task=43 Chunk=0 Start=4100312293436 End=4100312849834 Duration=556398
Task=43 Chunk=1 Start=4100312849873 End=4100313339552 Duration=489679
Task=44 Chunk=0 Start=4100312849863 End=4100313381444 Duration=531581
Task=44 Chunk=1 Start=4100313381502 End=4100313852118 Duration=470616
Task=45 Chunk=0 Start=4100313381479 End=4100313924380 Duration=542901
Task=45 Chunk=1 Start=4100313924443 End=4100314400386 Duration=475943
Task=46 Chunk=0 Start=4100313924419 End=4100314466410 Duration=541991
Task=46 Chunk=1 Start=4100314466458 End=4100314963615 Duration=497157
Task=47 Chunk=0 Start=4100314466438 End=4100315004817 Duration=538379
Task=47 Chunk=1 Start=4100315004876 End=4100315479257 Duration=474381
Task=48 Chunk=0 Start=4100315004844 End=4100315547904 Duration=543060
Task=48 Chunk=1 Start=4100315547964 End=4100316018529 Duration=470565
Task=49 Chunk=0 Start=4100315547936 End=4100316084349 Duration=536413
Task=49 Chunk=1 Start=4100316084420 End=4100316557414 Duration=472994
Task=50 Chunk=0 Start=4100316084387 End=4100316628727 Duration=544340
Task=50 Chunk=1 Start=4100316628795 End=4100317098274 Duration=469479
Task=51 Chunk=0 Start=4100316628757 End=4100317173586 Duration=544829
Task=51 Chunk=1 Start=4100317173641 End=4100317647077 Duration=473436
Task=52 Chunk=0 Start=4100317173613 End=4100317714330 Duration=540717
Task=52 Chunk=1 Start=4100317714407 End=4100318235681 Duration=521274
Task=53 Chunk=0 Start=4100317714368 End=4100318254199 Duration=539831
Task=53 Chunk=1 Start=4100318254262 End=4100318728378 Duration=474116
Task=54 Chunk=0 Start=4100318254232 End=4100318795135 Duration=540903
Task=54 Chunk=1 Start=4100318795185 End=4100319267694 Duration=472509
Task=55 Chunk=0 Start=4100318795170 End=4100319341788 Duration=546618
Task=55 Chunk=1 Start=4100319341852 End=4100319814035 Duration=472183
Task=56 Chunk=0 Start=4100319341817 End=4100319868117 Duration=526300
Task=56 Chunk=1 Start=4100319868148 End=4100320342358 Duration=474210
Task=57 Chunk=0 Start=4100319868144 End=4100320419353 Duration=551209
Task=57 Chunk=1 Start=4100320419419 End=4100320891147 Duration=471728
Task=58 Chunk=0 Start=4100320419406 End=4100320959548 Duration=540142
Task=58 Chunk=1 Start=4100320959581 End=4100321437198 Duration=477617
Task=59 Chunk=0 Start=4100320959573 End=4100321498227 Duration=538654
Task=59 Chunk=1 Start=4100321498304 End=4100321971280 Duration=472976
Task=60 Chunk=0 Start=4100321498270 End=4100322038839 Duration=540569
Task=60 Chunk=1 Start=4100322038919 End=4100322506721 Duration=467802
Task=61 Chunk=0 Start=4100322038880 End=4100322585121 Duration=546241
Task=61 Chunk=1 Start=4100322585172 End=4100323060450 Duration=475278
Task=62 Chunk=0 Start=4100322585148 End=4100323118723 Duration=533575
Task=62 Chunk=1 Start=4100323118772 End=4100323588124 Duration=469352
Task=63 Chunk=0 Start=4100323118750 End=4100323654438 Duration=535688
Task=63 Chunk=1 Start=4100323654495 End=4100324128992 Duration=474497
Task=64 Chunk=0 Start=4100323654465 End=4100324202928 Duration=548463
Task=64 Chunk=1 Start=4100324202983 End=4100324674464 Duration=471481
Task=65 Chunk=0 Start=4100324202964 End=4100324738837 Duration=535873
Task=65 Chunk=1 Start=4100324738901 End=4100325212118 Duration=473217
Task=66 Chunk=0 Start=4100324738866 End=4100325282644 Duration=543778
Task=66 Chunk=1 Start=4100325282706 End=4100325756242 Duration=473536
Task=67 Chunk=0 Start=4100325282672 End=4100325828335 Duration=545663
Task=67 Chunk=1 Start=4100325828368 End=4100326302121 Duration=473753
Task=68 Chunk=0 Start=4100325828363 End=4100326382167 Duration=553804
Task=68 Chunk=1 Start=4100326382210 End=4100326854617 Duration=472407
Task=69 Chunk=0 Start=4100326382204 End=4100326924469 Duration=542265
Task=69 Chunk=1 Start=4100326924505 End=4100327397451 Duration=472946
Task=70 Chunk=0 Start=4100326924500 End=4100327461192 Duration=536692
Task=70 Chunk=1 Start=4100327461254 End=4100327932065 Duration=470811
Task=71 Chunk=0 Start=4100327461222 End=4100328010448 Duration=549226
Task=71 Chunk=1 Start=4100328010517 End=4100328487017 Duration=476500
Task=72 Chunk=0 Start=4100328010477 End=4100328550925 Duration=540448
Task=72 Chunk=1 Start=4100328550984 End=4100329024807 Duration=473823
Task=73 Chunk=0 Start=4100328550947 End=4100329094767 Duration=543820
Task=73 Chunk=1 Start=4100329094827 End=4100329572908 Duration=478081
Task=74 Chunk=0 Start=4100329094806 End=4100329624848 Duration=530042
Task=74 Chunk=1 Start=4100329624899 End=4100330097120 Duration=472221
Task=75 Chunk=0 Start=4100329624876 End=4100330171683 Duration=546807
Task=75 Chunk=1 Start=4100330171736 End=4100330667713 Duration=495977
Task=76 Chunk=0 Start=4100330171712 End=4100330712506 Duration=540794
Task=76 Chunk=1 Start=4100330712571 End=4100331189225 Duration=476654
Task=77 Chunk=0 Start=4100330712533 End=4100331247305 Duration=534772
Task=77 Chunk=1 Start=4100331247342 End=4100331731347 Duration=484005
Task=78 Chunk=0 Start=4100331247332 End=4100331797393 Duration=550061
Task=78 Chunk=1 Start=4100331797471 End=4100332272636 Duration=475165
Task=79 Chunk=0 Start=4100331797435 End=4100332337628 Duration=540193
Task=79 Chunk=1 Start=4100332337687 End=4100332809533 Duration=471846
Task=80 Chunk=0 Start=4100332337656 End=4100332886418 Duration=548762
Task=80 Chunk=1 Start=4100332886460 End=4100333372784 Duration=486324
Task=81 Chunk=0 Start=4100332886448 End=4100333428369 Duration=541921
Task=81 Chunk=1 Start=4100333428434 End=4100333900337 Duration=471903
Task=82 Chunk=0 Start=4100333428392 End=4100333973875 Duration=545483
Task=82 Chunk=1 Start=4100333973922 End=4100334450941 Duration=477019
Task=83 Chunk=0 Start=4100333973904 End=4100334522302 Duration=548398
Task=83 Chunk=1 Start=4100334522389 End=4100334990516 Duration=468127
Task=84 Chunk=0 Start=4100334522349 End=4100335055408 Duration=533059
Task=84 Chunk=1 Start=4100335055466 End=4100335527779 Duration=472313
Task=85 Chunk=0 Start=4100335055436 End=4100335604596 Duration=549160
Task=85 Chunk=1 Start=4100335604643 End=4100336074365 Duration=469722
Task=86 Chunk=0 Start=4100335604622 End=4100336146371 Duration=541749
Task=86 Chunk=1 Start=4100336146437 End=4100336645855 Duration=499418
Task=87 Chunk=0 Start=4100336146412 End=4100336685071 Duration=538659
Task=87 Chunk=1 Start=4100336685144 End=4100337156356 Duration=471212
Task=88 Chunk=0 Start=4100336685105 End=4100337219770 Duration=534665
Task=88 Chunk=1 Start=4100337219830 End=4100337696207 Duration=476377
Task=89 Chunk=0 Start=4100337219813 End=4100337761086 Duration=541273
Task=89 Chunk=1 Start=4100337761163 End=4100338231351 Duration=470188
Task=90 Chunk=0 Start=4100337761126 End=4100338301269 Duration=540143
Task=90 Chunk=1 Start=4100338301327 End=4100338774763 Duration=473436
Task=91 Chunk=0 Start=4100338301295 End=4100338835995 Duration=534700
Task=91 Chunk=1 Start=4100338836046 End=4100339312941 Duration=476895
Task=92 Chunk=0 Start=4100338836022 End=4100339384823 Duration=548801
Task=92 Chunk=1 Start=4100339384896 End=4100339856456 Duration=471560
Task=93 Chunk=0 Start=4100339384863 End=4100339925602 Duration=540739
Task=93 Chunk=1 Start=4100339925645 End=4100340402269 Duration=476624
Task=94 Chunk=0 Start=4100339925639 End=4100340468941 Duration=543302
Task=94 Chunk=1 Start=4100340469001 End=4100340944742 Duration=475741
Task=95 Chunk=0 Start=4100340468978 End=4100341009569 Duration=540591
Task=95 Chunk=1 Start=4100341009601 End=4100341481470 Duration=471869
Task=96 Chunk=0 Start=4100341009596 End=4100341557946 Duration=548350
Task=96 Chunk=1 Start=4100341558004 End=4100342030268 Duration=472264
Task=97 Chunk=0 Start=4100341557972 End=4100342097313 Duration=539341
Task=97 Chunk=1 Start=4100342097390 End=4100342600895 Duration=503505
Task=98 Chunk=0 Start=4100342097353 End=4100342631517 Duration=534164
Task=98 Chunk=1 Start=4100342631558 End=4100343103172 Duration=471614
Task=99 Chunk=0 Start=4100342631543 End=4100343169065 Duration=537522
Task=99 Chunk=1 Start=4100343169139 End=4100343639093 Duration=469954
### Python End ###

--------------------------------
[2025-06-26 18:34:50.913] [info] Available Vulkan Layers:
[2025-06-26 18:34:50.913] [warning] Validation layer requested but not available, continuing without it...
[2025-06-26 18:34:50.916] [info] Using integrated GPU: Mali-G710
[2025-06-26 18:34:50.919] [info] VulkanDispatcher instance created.
[2025-06-26 18:34:51.199] [info] Total memory used: 40550404 bytes (38.67188 MB)
[2025-06-26 18:34:51.204] [info] Total memory used: 40550404 bytes (38.67188 MB)
[2025-06-26 18:34:51.257] [info] Total memory used: 40550404 bytes (38.67188 MB)
[2025-06-26 18:34:51.262] [info] Total memory used: 40550404 bytes (38.67188 MB)
[2025-06-26 18:34:51.267] [info] Total memory used: 40550404 bytes (38.67188 MB)
[2025-06-26 18:34:51.334] [info] Total memory used: 40550404 bytes (38.67188 MB)
[2025-06-26 18:34:51.339] [info] Total memory used: 40550404 bytes (38.67188 MB)
[2025-06-26 18:34:51.344] [info] Total memory used: 40550404 bytes (38.67188 MB)
[2025-06-26 18:34:51.349] [info] Total memory used: 40550404 bytes (38.67188 MB)
[2025-06-26 18:34:51.355] [info] Total memory used: 40550404 bytes (38.67188 MB)
[2025-06-26 18:34:51.437] [info] Total memory used: 40550404 bytes (38.67188 MB)
[2025-06-26 18:34:51.442] [info] Total memory used: 40550404 bytes (38.67188 MB)
[2025-06-26 18:34:51.447] [info] Total memory used: 40550404 bytes (38.67188 MB)
[2025-06-26 18:34:51.452] [info] Total memory used: 40550404 bytes (38.67188 MB)
[2025-06-26 18:34:51.457] [info] Total memory used: 40550404 bytes (38.67188 MB)
[2025-06-26 18:34:51.462] [info] Total memory used: 40550404 bytes (38.67188 MB)
### Python Begin ###
Schedule_UID=SCH-B2L1G2M2-G060-65d6
Frequency=24576000 Hz
Task=0 Chunk=0 Start=4100357785466 End=4100357823786 Duration=38320
Task=0 Chunk=1 Start=4100357823813 End=4100357901510 Duration=77697
Task=0 Chunk=2 Start=4100357901648 End=4100358451689 Duration=550041
Task=0 Chunk=3 Start=4100358451709 End=4100358512709 Duration=61000
Task=1 Chunk=0 Start=4100357823807 End=4100357849845 Duration=26038
Task=1 Chunk=1 Start=4100357901543 End=4100357908014 Duration=6471
Task=1 Chunk=2 Start=4100358451698 End=4100358461831 Duration=10133
Task=1 Chunk=3 Start=4100358512722 End=4100358570434 Duration=57712
Task=2 Chunk=0 Start=4100357849847 End=4100357875208 Duration=25361
Task=2 Chunk=1 Start=4100357908018 End=4100357908775 Duration=757
Task=2 Chunk=2 Start=4100358461832 End=4100358470667 Duration=8835
Task=2 Chunk=3 Start=4100358570435 End=4100358628204 Duration=57769
Task=3 Chunk=0 Start=4100357875210 End=4100357902769 Duration=27559
Task=3 Chunk=1 Start=4100357908778 End=4100357909565 Duration=787
Task=3 Chunk=2 Start=4100358470667 End=4100358479100 Duration=8433
Task=3 Chunk=3 Start=4100358628205 End=4100358680586 Duration=52381
Task=4 Chunk=0 Start=4100357902771 End=4100357928305 Duration=25534
Task=4 Chunk=1 Start=4100357928594 End=4100357929328 Duration=734
Task=4 Chunk=2 Start=4100358479100 End=4100358487477 Duration=8377
Task=4 Chunk=3 Start=4100358680587 End=4100358735082 Duration=54495
Task=5 Chunk=0 Start=4100357928306 End=4100357953483 Duration=25177
Task=5 Chunk=1 Start=4100357953813 End=4100357954551 Duration=738
Task=5 Chunk=2 Start=4100358487478 End=4100358495852 Duration=8374
Task=5 Chunk=3 Start=4100358735084 End=4100358791011 Duration=55927
Task=6 Chunk=0 Start=4100357953486 End=4100357978879 Duration=25393
Task=6 Chunk=1 Start=4100357979049 End=4100357979793 Duration=744
Task=6 Chunk=2 Start=4100358495853 End=4100358503892 Duration=8039
Task=6 Chunk=3 Start=4100358791012 End=4100358844142 Duration=53130
Task=7 Chunk=0 Start=4100357978881 End=4100358016633 Duration=37752
Task=7 Chunk=1 Start=4100358016808 End=4100358017777 Duration=969
Task=7 Chunk=2 Start=4100358503892 End=4100358517710 Duration=13818
Task=7 Chunk=3 Start=4100358844143 End=4100358898600 Duration=54457
Task=8 Chunk=0 Start=4100358016633 End=4100358042069 Duration=25436
Task=8 Chunk=1 Start=4100358042212 End=4100358042964 Duration=752
Task=8 Chunk=2 Start=4100358517711 End=4100358526106 Duration=8395
Task=8 Chunk=3 Start=4100358898601 End=4100358951465 Duration=52864
Task=9 Chunk=0 Start=4100358042070 End=4100358067690 Duration=25620
Task=9 Chunk=1 Start=4100358067905 End=4100358068628 Duration=723
Task=9 Chunk=2 Start=4100358526107 End=4100358534363 Duration=8256
Task=9 Chunk=3 Start=4100358951466 End=4100359005221 Duration=53755
Task=10 Chunk=0 Start=4100358067691 End=4100358093187 Duration=25496
Task=10 Chunk=1 Start=4100358093377 End=4100358094150 Duration=773
Task=10 Chunk=2 Start=4100358534364 End=4100358542797 Duration=8433
Task=10 Chunk=3 Start=4100359005222 End=4100359057569 Duration=52347
Task=11 Chunk=0 Start=4100358093187 End=4100358120093 Duration=26906
Task=11 Chunk=1 Start=4100358120360 End=4100358121299 Duration=939
Task=11 Chunk=2 Start=4100358542797 End=4100358551324 Duration=8527
Task=11 Chunk=3 Start=4100359057570 End=4100359112773 Duration=55203
Task=12 Chunk=0 Start=4100358120094 End=4100358145770 Duration=25676
Task=12 Chunk=1 Start=4100358146021 End=4100358146780 Duration=759
Task=12 Chunk=2 Start=4100358551325 End=4100358559488 Duration=8163
Task=12 Chunk=3 Start=4100359112773 End=4100359166469 Duration=53696
Task=13 Chunk=0 Start=4100358145771 End=4100358171058 Duration=25287
Task=13 Chunk=1 Start=4100358171262 End=4100358171983 Duration=721
Task=13 Chunk=2 Start=4100358559489 End=4100358567796 Duration=8307
Task=13 Chunk=3 Start=4100359166469 End=4100359221379 Duration=54910
Task=14 Chunk=0 Start=4100358171059 End=4100358197929 Duration=26870
Task=14 Chunk=1 Start=4100358197963 End=4100358198873 Duration=910
Task=14 Chunk=2 Start=4100358567797 End=4100358578342 Duration=10545
Task=14 Chunk=3 Start=4100359221380 End=4100359274160 Duration=52780
Task=15 Chunk=0 Start=4100358512733 End=4100358544038 Duration=31305
Task=15 Chunk=1 Start=4100358544213 End=4100358545537 Duration=1324
Task=15 Chunk=2 Start=4100358578343 End=4100358587767 Duration=9424
Task=15 Chunk=3 Start=4100359274166 End=4100359328385 Duration=54219
Task=16 Chunk=0 Start=4100358570465 End=4100358674692 Duration=104227
Task=16 Chunk=1 Start=4100358674731 End=4100358675530 Duration=799
Task=16 Chunk=2 Start=4100358686148 End=4100358697251 Duration=11103
Task=16 Chunk=3 Start=4100359328386 End=4100359382651 Duration=54265
Task=17 Chunk=0 Start=4100358674695 End=4100358711745 Duration=37050
Task=17 Chunk=1 Start=4100358711774 End=4100358712408 Duration=634
Task=17 Chunk=2 Start=4100358719924 End=4100358728977 Duration=9053
Task=17 Chunk=3 Start=4100359382652 End=4100359436399 Duration=53747
Task=18 Chunk=0 Start=4100358711746 End=4100358739391 Duration=27645
Task=18 Chunk=1 Start=4100358739410 End=4100358739904 Duration=494
Task=18 Chunk=2 Start=4100358739916 End=4100358749257 Duration=9341
Task=18 Chunk=3 Start=4100359436399 End=4100359490506 Duration=54107
Task=19 Chunk=0 Start=4100358739393 End=4100358765249 Duration=25856
Task=19 Chunk=1 Start=4100358765268 End=4100358765826 Duration=558
Task=19 Chunk=2 Start=4100358765849 End=4100358774127 Duration=8278
Task=19 Chunk=3 Start=4100359490507 End=4100359543437 Duration=52930
Task=20 Chunk=0 Start=4100358791035 End=4100358816788 Duration=25753
Task=20 Chunk=1 Start=4100358816813 End=4100358817486 Duration=673
Task=20 Chunk=2 Start=4100358817512 End=4100358827836 Duration=10324
Task=20 Chunk=3 Start=4100359543437 End=4100359598794 Duration=55357
Task=21 Chunk=0 Start=4100358844156 End=4100358869860 Duration=25704
Task=21 Chunk=1 Start=4100358869890 End=4100358870566 Duration=676
Task=21 Chunk=2 Start=4100358870601 End=4100358880138 Duration=9537
Task=21 Chunk=3 Start=4100359598795 End=4100359651878 Duration=53083
Task=22 Chunk=0 Start=4100358898616 End=4100358924767 Duration=26151
Task=22 Chunk=1 Start=4100358924796 End=4100358925531 Duration=735
Task=22 Chunk=2 Start=4100358925557 End=4100358936198 Duration=10641
Task=22 Chunk=3 Start=4100359651879 End=4100359706129 Duration=54250
Task=23 Chunk=0 Start=4100358951478 End=4100358977262 Duration=25784
Task=23 Chunk=1 Start=4100358977293 End=4100358977909 Duration=616
Task=23 Chunk=2 Start=4100358977939 End=4100358990147 Duration=12208
Task=23 Chunk=3 Start=4100359706130 End=4100359758781 Duration=52651
Task=24 Chunk=0 Start=4100359005251 End=4100359031208 Duration=25957
Task=24 Chunk=1 Start=4100359031219 End=4100359031887 Duration=668
Task=24 Chunk=2 Start=4100359031902 End=4100359042765 Duration=10863
Task=24 Chunk=3 Start=4100359758782 End=4100359813421 Duration=54639
Task=25 Chunk=0 Start=4100359057592 End=4100359084694 Duration=27102
Task=25 Chunk=1 Start=4100359084719 End=4100359085440 Duration=721
Task=25 Chunk=2 Start=4100359085448 End=4100359095776 Duration=10328
Task=25 Chunk=3 Start=4100359813422 End=4100359867168 Duration=53746
Task=26 Chunk=0 Start=4100359112813 End=4100359138714 Duration=25901
Task=26 Chunk=1 Start=4100359139972 End=4100359142213 Duration=2241
Task=26 Chunk=2 Start=4100359142234 End=4100359153190 Duration=10956
Task=26 Chunk=3 Start=4100359867168 End=4100359920483 Duration=53315
Task=27 Chunk=0 Start=4100359166503 End=4100359193582 Duration=27079
Task=27 Chunk=1 Start=4100359193590 End=4100359194390 Duration=800
Task=27 Chunk=2 Start=4100359194429 End=4100359205103 Duration=10674
Task=27 Chunk=3 Start=4100359920507 End=4100359974467 Duration=53960
Task=28 Chunk=0 Start=4100359221413 End=4100359247244 Duration=25831
Task=28 Chunk=1 Start=4100359247268 End=4100359247892 Duration=624
Task=28 Chunk=2 Start=4100359247912 End=4100359258391 Duration=10479
Task=28 Chunk=3 Start=4100359974468 End=4100360027105 Duration=52637
Task=29 Chunk=0 Start=4100359274194 End=4100359300920 Duration=26726
Task=29 Chunk=1 Start=4100359300947 End=4100359301642 Duration=695
Task=29 Chunk=2 Start=4100359301648 End=4100359312345 Duration=10697
Task=29 Chunk=3 Start=4100360027106 End=4100360080963 Duration=53857
Task=30 Chunk=0 Start=4100359328404 End=4100359354115 Duration=25711
Task=30 Chunk=1 Start=4100359354156 End=4100359354763 Duration=607
Task=30 Chunk=2 Start=4100359354771 End=4100359365066 Duration=10295
Task=30 Chunk=3 Start=4100360080963 End=4100360133853 Duration=52890
Task=31 Chunk=0 Start=4100359382678 End=4100359408572 Duration=25894
Task=31 Chunk=1 Start=4100359408615 End=4100359409241 Duration=626
Task=31 Chunk=2 Start=4100359409277 End=4100359420216 Duration=10939
Task=31 Chunk=3 Start=4100360133853 End=4100360188308 Duration=54455
Task=32 Chunk=0 Start=4100359436431 End=4100359462339 Duration=25908
Task=32 Chunk=1 Start=4100359462363 End=4100359463013 Duration=650
Task=32 Chunk=2 Start=4100359463034 End=4100359475095 Duration=12061
Task=32 Chunk=3 Start=4100360188309 End=4100360241496 Duration=53187
Task=33 Chunk=0 Start=4100359490526 End=4100359516404 Duration=25878
Task=33 Chunk=1 Start=4100359516451 End=4100359517258 Duration=807
Task=33 Chunk=2 Start=4100359517287 End=4100359527673 Duration=10386
Task=33 Chunk=3 Start=4100360241497 End=4100360296123 Duration=54626
Task=34 Chunk=0 Start=4100359543452 End=4100359569306 Duration=25854
Task=34 Chunk=1 Start=4100359569331 End=4100359571172 Duration=1841
Task=34 Chunk=2 Start=4100359571216 End=4100359581708 Duration=10492
Task=34 Chunk=3 Start=4100360296124 End=4100360349611 Duration=53487
Task=35 Chunk=0 Start=4100359598822 End=4100359624764 Duration=25942
Task=35 Chunk=1 Start=4100359624807 End=4100359625541 Duration=734
Task=35 Chunk=2 Start=4100359625563 End=4100359636552 Duration=10989
Task=35 Chunk=3 Start=4100360349612 End=4100360404487 Duration=54875
Task=36 Chunk=0 Start=4100359651910 End=4100359679105 Duration=27195
Task=36 Chunk=1 Start=4100359679138 End=4100359679950 Duration=812
Task=36 Chunk=2 Start=4100359679988 End=4100359691470 Duration=11482
Task=36 Chunk=3 Start=4100360404489 End=4100360458467 Duration=53978
Task=37 Chunk=0 Start=4100359706147 End=4100359732053 Duration=25906
Task=37 Chunk=1 Start=4100359732111 End=4100359732760 Duration=649
Task=37 Chunk=2 Start=4100359732794 End=4100359744069 Duration=11275
Task=37 Chunk=3 Start=4100360458468 End=4100360511529 Duration=53061
Task=38 Chunk=0 Start=4100359758793 End=4100359785714 Duration=26921
Task=38 Chunk=1 Start=4100359785741 End=4100359786467 Duration=726
Task=38 Chunk=2 Start=4100359786480 End=4100359797667 Duration=11187
Task=38 Chunk=3 Start=4100360511530 End=4100360565307 Duration=53777
Task=39 Chunk=0 Start=4100359813438 End=4100359839306 Duration=25868
Task=39 Chunk=1 Start=4100359839341 End=4100359839962 Duration=621
Task=39 Chunk=2 Start=4100359840006 End=4100359851011 Duration=11005
Task=39 Chunk=3 Start=4100360565308 End=4100360617664 Duration=52356
Task=40 Chunk=0 Start=4100359867187 End=4100359892966 Duration=25779
Task=40 Chunk=1 Start=4100359892977 End=4100359893725 Duration=748
Task=40 Chunk=2 Start=4100359893760 End=4100359905226 Duration=11466
Task=40 Chunk=3 Start=4100360617669 End=4100360671685 Duration=54016
Task=41 Chunk=0 Start=4100359920526 End=4100359946375 Duration=25849
Task=41 Chunk=1 Start=4100359946409 End=4100359947108 Duration=699
Task=41 Chunk=2 Start=4100359947130 End=4100359958439 Duration=11309
Task=41 Chunk=3 Start=4100360671685 End=4100360724702 Duration=53017
Task=42 Chunk=0 Start=4100359974491 End=4100360000481 Duration=25990
Task=42 Chunk=1 Start=4100360000498 End=4100360001302 Duration=804
Task=42 Chunk=2 Start=4100360001343 End=4100360013354 Duration=12011
Task=42 Chunk=3 Start=4100360724702 End=4100360778319 Duration=53617
Task=43 Chunk=0 Start=4100360027114 End=4100360053027 Duration=25913
Task=43 Chunk=1 Start=4100360053072 End=4100360053810 Duration=738
Task=43 Chunk=2 Start=4100360053822 End=4100360064856 Duration=11034
Task=43 Chunk=3 Start=4100360778320 End=4100360831098 Duration=52778
Task=44 Chunk=0 Start=4100360080979 End=4100360107099 Duration=26120
Task=44 Chunk=1 Start=4100360107120 End=4100360107892 Duration=772
Task=44 Chunk=2 Start=4100360107915 End=4100360119612 Duration=11697
Task=44 Chunk=3 Start=4100360831099 End=4100360885322 Duration=54223
Task=45 Chunk=0 Start=4100360133870 End=4100360159541 Duration=25671
Task=45 Chunk=1 Start=4100360159579 End=4100360162336 Duration=2757
Task=45 Chunk=2 Start=4100360165382 End=4100360176710 Duration=11328
Task=45 Chunk=3 Start=4100360885332 End=4100360938483 Duration=53151
Task=46 Chunk=0 Start=4100360188347 End=4100360214176 Duration=25829
Task=46 Chunk=1 Start=4100360214216 End=4100360214972 Duration=756
Task=46 Chunk=2 Start=4100360215000 End=4100360225913 Duration=10913
Task=46 Chunk=3 Start=4100360938483 End=4100360993337 Duration=54854
Task=47 Chunk=0 Start=4100360241515 End=4100360268528 Duration=27013
Task=47 Chunk=1 Start=4100360268568 End=4100360269198 Duration=630
Task=47 Chunk=2 Start=4100360269231 End=4100360280434 Duration=11203
Task=47 Chunk=3 Start=4100360993337 End=4100361047944 Duration=54607
Task=48 Chunk=0 Start=4100360296134 End=4100360322011 Duration=25877
Task=48 Chunk=1 Start=4100360322029 End=4100360322804 Duration=775
Task=48 Chunk=2 Start=4100360322822 End=4100360334065 Duration=11243
Task=48 Chunk=3 Start=4100361047945 End=4100361101281 Duration=53336
Task=49 Chunk=0 Start=4100360349643 End=4100360376822 Duration=27179
Task=49 Chunk=1 Start=4100360376862 End=4100360386421 Duration=9559
Task=49 Chunk=2 Start=4100360386445 End=4100360398428 Duration=11983
Task=49 Chunk=3 Start=4100361101281 End=4100361155735 Duration=54454
Task=50 Chunk=0 Start=4100360404501 End=4100360430327 Duration=25826
Task=50 Chunk=1 Start=4100360430366 End=4100360430987 Duration=621
Task=50 Chunk=2 Start=4100360430998 End=4100360442307 Duration=11309
Task=50 Chunk=3 Start=4100361155735 End=4100361208835 Duration=53100
Task=51 Chunk=0 Start=4100360458481 End=4100360484271 Duration=25790
Task=51 Chunk=1 Start=4100360484299 End=4100360485051 Duration=752
Task=51 Chunk=2 Start=4100360485089 End=4100360497011 Duration=11922
Task=51 Chunk=3 Start=4100361208836 End=4100361262714 Duration=53878
Task=52 Chunk=0 Start=4100360511545 End=4100360537266 Duration=25721
Task=52 Chunk=1 Start=4100360537284 End=4100360538018 Duration=734
Task=52 Chunk=2 Start=4100360538062 End=4100360550425 Duration=12363
Task=52 Chunk=3 Start=4100361262714 End=4100361315681 Duration=52967
Task=53 Chunk=0 Start=4100360565326 End=4100360591219 Duration=25893
Task=53 Chunk=1 Start=4100360591253 End=4100360592097 Duration=844
Task=53 Chunk=2 Start=4100360592130 End=4100360603956 Duration=11826
Task=53 Chunk=3 Start=4100361315682 End=4100361370006 Duration=54324
Task=54 Chunk=0 Start=4100360617699 End=4100360643608 Duration=25909
Task=54 Chunk=1 Start=4100360643624 End=4100360644314 Duration=690
Task=54 Chunk=2 Start=4100360644341 End=4100360654918 Duration=10577
Task=54 Chunk=3 Start=4100361370007 End=4100361422840 Duration=52833
Task=55 Chunk=0 Start=4100360671700 End=4100360697726 Duration=26026
Task=55 Chunk=1 Start=4100360697749 End=4100360698509 Duration=760
Task=55 Chunk=2 Start=4100360698539 End=4100360710513 Duration=11974
Task=55 Chunk=3 Start=4100361422842 End=4100361476650 Duration=53808
Task=56 Chunk=0 Start=4100360724731 End=4100360751815 Duration=27084
Task=56 Chunk=1 Start=4100360751852 End=4100360752646 Duration=794
Task=56 Chunk=2 Start=4100360753811 End=4100360765609 Duration=11798
Task=56 Chunk=3 Start=4100361476651 End=4100361529569 Duration=52918
Task=57 Chunk=0 Start=4100360778347 End=4100360804197 Duration=25850
Task=57 Chunk=1 Start=4100360804204 End=4100360804825 Duration=621
Task=57 Chunk=2 Start=4100360804841 End=4100360816675 Duration=11834
Task=57 Chunk=3 Start=4100361529570 End=4100361583867 Duration=54297
Task=58 Chunk=0 Start=4100360831107 End=4100360858203 Duration=27096
Task=58 Chunk=1 Start=4100360858226 End=4100360858938 Duration=712
Task=58 Chunk=2 Start=4100360858968 End=4100360871500 Duration=12532
Task=58 Chunk=3 Start=4100361583867 End=4100361637605 Duration=53738
Task=59 Chunk=0 Start=4100360885356 End=4100360911413 Duration=26057
Task=59 Chunk=1 Start=4100360911453 End=4100360912073 Duration=620
Task=59 Chunk=2 Start=4100360912085 End=4100360924049 Duration=11964
Task=59 Chunk=3 Start=4100361637606 End=4100361690632 Duration=53026
Task=60 Chunk=0 Start=4100360938501 End=4100360965322 Duration=26821
Task=60 Chunk=1 Start=4100360965334 End=4100360966104 Duration=770
Task=60 Chunk=2 Start=4100360966138 End=4100360978133 Duration=11995
Task=60 Chunk=3 Start=4100361690633 End=4100361744719 Duration=54086
Task=61 Chunk=0 Start=4100360993370 End=4100361019234 Duration=25864
Task=61 Chunk=1 Start=4100361019254 End=4100361019954 Duration=700
Task=61 Chunk=2 Start=4100361019984 End=4100361031615 Duration=11631
Task=61 Chunk=3 Start=4100361744719 End=4100361797762 Duration=53043
Task=62 Chunk=0 Start=4100361047986 End=4100361073920 Duration=25934
Task=62 Chunk=1 Start=4100361073942 End=4100361074653 Duration=711
Task=62 Chunk=2 Start=4100361074678 End=4100361086450 Duration=11772
Task=62 Chunk=3 Start=4100361797763 End=4100361852868 Duration=55105
Task=63 Chunk=0 Start=4100361101307 End=4100361127205 Duration=25898
Task=63 Chunk=1 Start=4100361127249 End=4100361127950 Duration=701
Task=63 Chunk=2 Start=4100361127993 End=4100361140242 Duration=12249
Task=63 Chunk=3 Start=4100361852871 End=4100361905693 Duration=52822
Task=64 Chunk=0 Start=4100361155760 End=4100361181879 Duration=26119
Task=64 Chunk=1 Start=4100361181911 End=4100361182665 Duration=754
Task=64 Chunk=2 Start=4100361182702 End=4100361194748 Duration=12046
Task=64 Chunk=3 Start=4100361905694 End=4100361960142 Duration=54448
Task=65 Chunk=0 Start=4100361208863 End=4100361234934 Duration=26071
Task=65 Chunk=1 Start=4100361234977 End=4100361235685 Duration=708
Task=65 Chunk=2 Start=4100361235725 End=4100361247477 Duration=11752
Task=65 Chunk=3 Start=4100361960143 End=4100362013707 Duration=53564
Task=66 Chunk=0 Start=4100361262752 End=4100361288627 Duration=25875
Task=66 Chunk=1 Start=4100361288662 End=4100361289448 Duration=786
Task=66 Chunk=2 Start=4100361289481 End=4100361301278 Duration=11797
Task=66 Chunk=3 Start=4100362013708 End=4100362068115 Duration=54407
Task=67 Chunk=0 Start=4100361315703 End=4100361343407 Duration=27704
Task=67 Chunk=1 Start=4100361343415 End=4100361344269 Duration=854
Task=67 Chunk=2 Start=4100361344304 End=4100361358617 Duration=14313
Task=67 Chunk=3 Start=4100362068116 End=4100362121424 Duration=53308
Task=68 Chunk=0 Start=4100361370016 End=4100361395874 Duration=25858
Task=68 Chunk=1 Start=4100361395913 End=4100361396535 Duration=622
Task=68 Chunk=2 Start=4100361396562 End=4100361408295 Duration=11733
Task=68 Chunk=3 Start=4100362121425 End=4100362175519 Duration=54094
Task=69 Chunk=0 Start=4100361422863 End=4100361449955 Duration=27092
Task=69 Chunk=1 Start=4100361449982 End=4100361450668 Duration=686
Task=69 Chunk=2 Start=4100361450711 End=4100361462603 Duration=11892
Task=69 Chunk=3 Start=4100362175520 End=4100362229332 Duration=53812
Task=70 Chunk=0 Start=4100361476673 End=4100361502412 Duration=25739
Task=70 Chunk=1 Start=4100361502435 End=4100361503007 Duration=572
Task=70 Chunk=2 Start=4100361503013 End=4100361514700 Duration=11687
Task=70 Chunk=3 Start=4100362229332 End=4100362282340 Duration=53008
Task=71 Chunk=0 Start=4100361529595 End=4100361556561 Duration=26966
Task=71 Chunk=1 Start=4100361556589 End=4100361557504 Duration=915
Task=71 Chunk=2 Start=4100361557524 End=4100361569361 Duration=11837
Task=71 Chunk=3 Start=4100362282341 End=4100362336122 Duration=53781
Task=72 Chunk=0 Start=4100361583901 End=4100361609853 Duration=25952
Task=72 Chunk=1 Start=4100361609872 End=4100361610634 Duration=762
Task=72 Chunk=2 Start=4100361610653 End=4100361622212 Duration=11559
Task=72 Chunk=3 Start=4100362336123 End=4100362389136 Duration=53013
Task=73 Chunk=0 Start=4100361637639 End=4100361663426 Duration=25787
Task=73 Chunk=1 Start=4100361663448 End=4100361664105 Duration=657
Task=73 Chunk=2 Start=4100361664134 End=4100361675109 Duration=10975
Task=73 Chunk=3 Start=4100362389137 End=4100362443680 Duration=54543
Task=74 Chunk=0 Start=4100361690670 End=4100361716403 Duration=25733
Task=74 Chunk=1 Start=4100361716449 End=4100361717073 Duration=624
Task=74 Chunk=2 Start=4100361717105 End=4100361729067 Duration=11962
Task=74 Chunk=3 Start=4100362443681 End=4100362496467 Duration=52786
Task=75 Chunk=0 Start=4100361744740 End=4100361770484 Duration=25744
Task=75 Chunk=1 Start=4100361770518 End=4100361771141 Duration=623
Task=75 Chunk=2 Start=4100361771155 End=4100361782872 Duration=11717
Task=75 Chunk=3 Start=4100362496468 End=4100362550618 Duration=54150
Task=76 Chunk=0 Start=4100361797783 End=4100361823536 Duration=25753
Task=76 Chunk=1 Start=4100361823573 End=4100361824154 Duration=581
Task=76 Chunk=2 Start=4100361824200 End=4100361834915 Duration=10715
Task=76 Chunk=3 Start=4100362550618 End=4100362603870 Duration=53252
Task=77 Chunk=0 Start=4100361852894 End=4100361878852 Duration=25958
Task=77 Chunk=1 Start=4100361878895 End=4100361879657 Duration=762
Task=77 Chunk=2 Start=4100361879665 End=4100361891143 Duration=11478
Task=77 Chunk=3 Start=4100362603871 End=4100362658788 Duration=54917
Task=78 Chunk=0 Start=4100361905709 End=4100361933326 Duration=27617
Task=78 Chunk=1 Start=4100361933356 End=4100361935098 Duration=1742
Task=78 Chunk=2 Start=4100361935121 End=4100361947191 Duration=12070
Task=78 Chunk=3 Start=4100362658791 End=4100362711543 Duration=52752
Task=79 Chunk=0 Start=4100361960179 End=4100361986394 Duration=26215
Task=79 Chunk=1 Start=4100361986414 End=4100361987023 Duration=609
Task=79 Chunk=2 Start=4100361987049 End=4100361998739 Duration=11690
Task=79 Chunk=3 Start=4100362711544 End=4100362766227 Duration=54683
Task=80 Chunk=0 Start=4100362013732 End=4100362040784 Duration=27052
Task=80 Chunk=1 Start=4100362040821 End=4100362041645 Duration=824
Task=80 Chunk=2 Start=4100362041654 End=4100362053659 Duration=12005
Task=80 Chunk=3 Start=4100362766227 End=4100362820540 Duration=54313
Task=81 Chunk=0 Start=4100362068144 End=4100362094287 Duration=26143
Task=81 Chunk=1 Start=4100362094316 End=4100362094969 Duration=653
Task=81 Chunk=2 Start=4100362094994 End=4100362106680 Duration=11686
Task=81 Chunk=3 Start=4100362820540 End=4100362873545 Duration=53005
Task=82 Chunk=0 Start=4100362121443 End=4100362148255 Duration=26812
Task=82 Chunk=1 Start=4100362148301 End=4100362148998 Duration=697
Task=82 Chunk=2 Start=4100362149015 End=4100362161231 Duration=12216
Task=82 Chunk=3 Start=4100362873550 End=4100362927895 Duration=54345
Task=83 Chunk=0 Start=4100362175540 End=4100362201419 Duration=25879
Task=83 Chunk=1 Start=4100362201432 End=4100362202081 Duration=649
Task=83 Chunk=2 Start=4100362202125 End=4100362213834 Duration=11709
Task=83 Chunk=3 Start=4100362927896 End=4100362980567 Duration=52671
Task=84 Chunk=0 Start=4100362229354 End=4100362255036 Duration=25682
Task=84 Chunk=1 Start=4100362255065 End=4100362255666 Duration=601
Task=84 Chunk=2 Start=4100362255699 End=4100362267959 Duration=12260
Task=84 Chunk=3 Start=4100362980568 End=4100363035853 Duration=55285
Task=85 Chunk=0 Start=4100362282367 End=4100362308134 Duration=25767
Task=85 Chunk=1 Start=4100362308151 End=4100362308806 Duration=655
Task=85 Chunk=2 Start=4100362308816 End=4100362320547 Duration=11731
Task=85 Chunk=3 Start=4100363035854 End=4100363089145 Duration=53291
Task=86 Chunk=0 Start=4100362336146 End=4100362362451 Duration=26305
Task=86 Chunk=1 Start=4100362362478 End=4100362363201 Duration=723
Task=86 Chunk=2 Start=4100362363234 End=4100362375255 Duration=12021
Task=86 Chunk=3 Start=4100363089146 End=4100363142015 Duration=52869
Task=87 Chunk=0 Start=4100362389169 End=4100362415092 Duration=25923
Task=87 Chunk=1 Start=4100362415116 End=4100362415706 Duration=590
Task=87 Chunk=2 Start=4100362415712 End=4100362427209 Duration=11497
Task=87 Chunk=3 Start=4100363142017 End=4100363193394 Duration=51377
Task=88 Chunk=0 Start=4100362443706 End=4100362469707 Duration=26001
Task=88 Chunk=1 Start=4100362469745 End=4100362470473 Duration=728
Task=88 Chunk=2 Start=4100362470493 End=4100362482136 Duration=11643
Task=88 Chunk=3 Start=4100363193395 End=4100363245892 Duration=52497
Task=89 Chunk=0 Start=4100362496495 End=4100362523533 Duration=27038
Task=89 Chunk=1 Start=4100362523576 End=4100362524382 Duration=806
Task=89 Chunk=2 Start=4100362524418 End=4100362536540 Duration=12122
Task=89 Chunk=3 Start=4100363245893 End=4100363297524 Duration=51631
Task=90 Chunk=0 Start=4100362550634 End=4100362576427 Duration=25793
Task=90 Chunk=1 Start=4100362576456 End=4100362577148 Duration=692
Task=90 Chunk=2 Start=4100362577193 End=4100362589052 Duration=11859
Task=90 Chunk=3 Start=4100363297525 End=4100363350100 Duration=52575
Task=91 Chunk=0 Start=4100362603905 End=4100362630975 Duration=27070
Task=91 Chunk=1 Start=4100362631001 End=4100362631641 Duration=640
Task=91 Chunk=2 Start=4100362631651 End=4100362643481 Duration=11830
Task=91 Chunk=3 Start=4100363350105 End=4100363402482 Duration=52377
Task=92 Chunk=0 Start=4100362658805 End=4100362684853 Duration=26048
Task=92 Chunk=1 Start=4100362684871 End=4100362685447 Duration=576
Task=92 Chunk=2 Start=4100362685486 End=4100362697116 Duration=11630
Task=92 Chunk=3 Start=4100363402483 End=4100363455603 Duration=53120
Task=93 Chunk=0 Start=4100362711585 End=4100362739019 Duration=27434
Task=93 Chunk=1 Start=4100362739028 End=4100362739747 Duration=719
Task=93 Chunk=2 Start=4100362739764 End=4100362751724 Duration=11960
Task=93 Chunk=3 Start=4100363455603 End=4100363508303 Duration=52700
Task=94 Chunk=0 Start=4100362766235 End=4100362792203 Duration=25968
Task=94 Chunk=1 Start=4100362792212 End=4100362792847 Duration=635
Task=94 Chunk=2 Start=4100362792854 End=4100362804555 Duration=11701
Task=94 Chunk=3 Start=4100363508306 End=4100363559834 Duration=51528
Task=95 Chunk=0 Start=4100362820559 End=4100362846590 Duration=26031
Task=95 Chunk=1 Start=4100362846611 End=4100362847334 Duration=723
Task=95 Chunk=2 Start=4100362847366 End=4100362859672 Duration=12306
Task=95 Chunk=3 Start=4100363559834 End=4100363612389 Duration=52555
Task=96 Chunk=0 Start=4100362873578 End=4100362899619 Duration=26041
Task=96 Chunk=1 Start=4100362899657 End=4100362900380 Duration=723
Task=96 Chunk=2 Start=4100362900408 End=4100362913777 Duration=13369
Task=96 Chunk=3 Start=4100363612397 End=4100363664058 Duration=51661
Task=97 Chunk=0 Start=4100362927916 End=4100362953878 Duration=25962
Task=97 Chunk=1 Start=4100362953921 End=4100362954640 Duration=719
Task=97 Chunk=2 Start=4100362954681 End=4100362966794 Duration=12113
Task=97 Chunk=3 Start=4100363664059 End=4100363716729 Duration=52670
Task=98 Chunk=0 Start=4100362980588 End=4100363006356 Duration=25768
Task=98 Chunk=1 Start=4100363006394 End=4100363007082 Duration=688
Task=98 Chunk=2 Start=4100363007094 End=4100363018747 Duration=11653
Task=98 Chunk=3 Start=4100363716730 End=4100363768146 Duration=51416
Task=99 Chunk=0 Start=4100363035884 End=4100363061634 Duration=25750
Task=99 Chunk=1 Start=4100363061646 End=4100363062364 Duration=718
Task=99 Chunk=2 Start=4100363062397 End=4100363079404 Duration=17007
Task=99 Chunk=3 Start=4100363768146 End=4100363820378 Duration=52232
### Python End ###

--------------------------------
[2025-06-26 18:34:51.760] [info] Available Vulkan Layers:
[2025-06-26 18:34:51.760] [warning] Validation layer requested but not available, continuing without it...
[2025-06-26 18:34:51.764] [info] Using integrated GPU: Mali-G710
[2025-06-26 18:34:51.767] [info] VulkanDispatcher instance created.
[2025-06-26 18:34:51.918] [info] Total memory used: 40550404 bytes (38.67188 MB)
[2025-06-26 18:34:51.923] [info] Total memory used: 40550404 bytes (38.67188 MB)
[2025-06-26 18:34:51.971] [info] Total memory used: 40550404 bytes (38.67188 MB)
[2025-06-26 18:34:51.976] [info] Total memory used: 40550404 bytes (38.67188 MB)
[2025-06-26 18:34:51.981] [info] Total memory used: 40550404 bytes (38.67188 MB)
[2025-06-26 18:34:52.068] [info] Total memory used: 40550404 bytes (38.67188 MB)
[2025-06-26 18:34:52.073] [info] Total memory used: 40550404 bytes (38.67188 MB)
[2025-06-26 18:34:52.078] [info] Total memory used: 40550404 bytes (38.67188 MB)
[2025-06-26 18:34:52.083] [info] Total memory used: 40550404 bytes (38.67188 MB)
[2025-06-26 18:34:52.088] [info] Total memory used: 40550404 bytes (38.67188 MB)
[2025-06-26 18:34:52.156] [info] Total memory used: 40550404 bytes (38.67188 MB)
[2025-06-26 18:34:52.161] [info] Total memory used: 40550404 bytes (38.67188 MB)
[2025-06-26 18:34:52.166] [info] Total memory used: 40550404 bytes (38.67188 MB)
[2025-06-26 18:34:52.171] [info] Total memory used: 40550404 bytes (38.67188 MB)
[2025-06-26 18:34:52.176] [info] Total memory used: 40550404 bytes (38.67188 MB)
[2025-06-26 18:34:52.181] [info] Total memory used: 40550404 bytes (38.67188 MB)
### Python Begin ###
Schedule_UID=SCH-M2G2L2B1-G061-6252
Frequency=24576000 Hz
Task=0 Chunk=0 Start=4100375464665 End=4100375520481 Duration=55816
Task=0 Chunk=1 Start=4100375520533 End=4100375673405 Duration=152872
Task=0 Chunk=2 Start=4100375673464 End=4100375707306 Duration=33842
Task=0 Chunk=3 Start=4100375707336 End=4100375714171 Duration=6835
Task=1 Chunk=0 Start=4100375520507 End=4100375543469 Duration=22962
Task=1 Chunk=1 Start=4100375673434 End=4100375753360 Duration=79926
Task=1 Chunk=2 Start=4100375753405 End=4100375780193 Duration=26788
Task=1 Chunk=3 Start=4100375780212 End=4100375780358 Duration=146
Task=2 Chunk=0 Start=4100375543470 End=4100375565980 Duration=22510
Task=2 Chunk=1 Start=4100375753376 End=4100375808105 Duration=54729
Task=2 Chunk=2 Start=4100375808129 End=4100375830216 Duration=22087
Task=2 Chunk=3 Start=4100375830227 End=4100375830313 Duration=86
Task=3 Chunk=0 Start=4100375565981 End=4100375588998 Duration=23017
Task=3 Chunk=1 Start=4100375808112 End=4100375860112 Duration=52000
Task=3 Chunk=2 Start=4100375867290 End=4100375890983 Duration=23693
Task=3 Chunk=3 Start=4100375891001 End=4100375891072 Duration=71
Task=4 Chunk=0 Start=4100375588999 End=4100375612693 Duration=23694
Task=4 Chunk=1 Start=4100375860123 End=4100375911342 Duration=51219
Task=4 Chunk=2 Start=4100375911387 End=4100375933070 Duration=21683
Task=4 Chunk=3 Start=4100375933084 End=4100375933164 Duration=80
Task=5 Chunk=0 Start=4100375612694 End=4100375635088 Duration=22394
Task=5 Chunk=1 Start=4100375911346 End=4100375962060 Duration=50714
Task=5 Chunk=2 Start=4100375962077 End=4100375991293 Duration=29216
Task=5 Chunk=3 Start=4100375991310 End=4100375991386 Duration=76
Task=6 Chunk=0 Start=4100375635089 End=4100375657568 Duration=22479
Task=6 Chunk=1 Start=4100375962076 End=4100376012639 Duration=50563
Task=6 Chunk=2 Start=4100376018605 End=4100376040098 Duration=21493
Task=6 Chunk=3 Start=4100376040112 End=4100376040177 Duration=65
Task=7 Chunk=0 Start=4100375657569 End=4100375680180 Duration=22611
Task=7 Chunk=1 Start=4100376012640 End=4100376062866 Duration=50226
Task=7 Chunk=2 Start=4100376062893 End=4100376087926 Duration=25033
Task=7 Chunk=3 Start=4100376087938 End=4100376088006 Duration=68
Task=8 Chunk=0 Start=4100375680181 End=4100375703995 Duration=23814
Task=8 Chunk=1 Start=4100376062879 End=4100376113851 Duration=50972
Task=8 Chunk=2 Start=4100376113871 End=4100376135308 Duration=21437
Task=8 Chunk=3 Start=4100376135316 End=4100376135383 Duration=67
Task=9 Chunk=0 Start=4100375703996 End=4100375727764 Duration=23768
Task=9 Chunk=1 Start=4100376113852 End=4100376164159 Duration=50307
Task=9 Chunk=2 Start=4100376164187 End=4100376189442 Duration=25255
Task=9 Chunk=3 Start=4100376189460 End=4100376189524 Duration=64
Task=10 Chunk=0 Start=4100375727768 End=4100375750072 Duration=22304
Task=10 Chunk=1 Start=4100376164170 End=4100376215145 Duration=50975
Task=10 Chunk=2 Start=4100376215170 End=4100376237481 Duration=22311
Task=10 Chunk=3 Start=4100376237497 End=4100376237578 Duration=81
Task=11 Chunk=0 Start=4100375750072 End=4100375772911 Duration=22839
Task=11 Chunk=1 Start=4100376215147 End=4100376269058 Duration=53911
Task=11 Chunk=2 Start=4100376269092 End=4100376309553 Duration=40461
Task=11 Chunk=3 Start=4100376309575 End=4100376309642 Duration=67
Task=12 Chunk=0 Start=4100375772911 End=4100375796364 Duration=23453
Task=12 Chunk=1 Start=4100376269071 End=4100376320205 Duration=51134
Task=12 Chunk=2 Start=4100376320237 End=4100376343624 Duration=23387
Task=12 Chunk=3 Start=4100376343642 End=4100376343707 Duration=65
Task=13 Chunk=0 Start=4100375796364 End=4100375819574 Duration=23210
Task=13 Chunk=1 Start=4100376320217 End=4100376371295 Duration=51078
Task=13 Chunk=2 Start=4100376371321 End=4100376396212 Duration=24891
Task=13 Chunk=3 Start=4100376396219 End=4100376396288 Duration=69
Task=14 Chunk=0 Start=4100375819575 End=4100375842225 Duration=22650
Task=14 Chunk=1 Start=4100376371310 End=4100376422490 Duration=51180
Task=14 Chunk=2 Start=4100376422526 End=4100376444579 Duration=22053
Task=14 Chunk=3 Start=4100376444600 End=4100376444667 Duration=67
Task=15 Chunk=0 Start=4100375842226 End=4100375864729 Duration=22503
Task=15 Chunk=1 Start=4100376422493 End=4100376472164 Duration=49671
Task=15 Chunk=2 Start=4100376472222 End=4100376497076 Duration=24854
Task=15 Chunk=3 Start=4100376497096 End=4100376497149 Duration=53
Task=16 Chunk=0 Start=4100375864729 End=4100375887995 Duration=23266
Task=16 Chunk=1 Start=4100376472182 End=4100376523019 Duration=50837
Task=16 Chunk=2 Start=4100376523034 End=4100376545082 Duration=22048
Task=16 Chunk=3 Start=4100376545100 End=4100376545195 Duration=95
Task=17 Chunk=0 Start=4100375887996 End=4100375911332 Duration=23336
Task=17 Chunk=1 Start=4100376523020 End=4100376572990 Duration=49970
Task=17 Chunk=2 Start=4100376573639 End=4100376597686 Duration=24047
Task=17 Chunk=3 Start=4100376597702 End=4100376597768 Duration=66
Task=18 Chunk=0 Start=4100375911332 End=4100375934902 Duration=23570
Task=18 Chunk=1 Start=4100376573006 End=4100376623601 Duration=50595
Task=18 Chunk=2 Start=4100376623622 End=4100376645098 Duration=21476
Task=18 Chunk=3 Start=4100376645108 End=4100376645174 Duration=66
Task=19 Chunk=0 Start=4100375934903 End=4100375957238 Duration=22335
Task=19 Chunk=1 Start=4100376623602 End=4100376673574 Duration=49972
Task=19 Chunk=2 Start=4100376673603 End=4100376698650 Duration=25047
Task=19 Chunk=3 Start=4100376698664 End=4100376698752 Duration=88
Task=20 Chunk=0 Start=4100375991394 End=4100376014134 Duration=22740
Task=20 Chunk=1 Start=4100376673588 End=4100376725023 Duration=51435
Task=20 Chunk=2 Start=4100376725044 End=4100376747837 Duration=22793
Task=20 Chunk=3 Start=4100376747852 End=4100376747917 Duration=65
Task=21 Chunk=0 Start=4100376040186 End=4100376062488 Duration=22302
Task=21 Chunk=1 Start=4100376725031 End=4100376777210 Duration=52179
Task=21 Chunk=2 Start=4100376778317 End=4100376801156 Duration=22839
Task=21 Chunk=3 Start=4100376801166 End=4100376801233 Duration=67
Task=22 Chunk=0 Start=4100376088019 End=4100376110457 Duration=22438
Task=22 Chunk=1 Start=4100376777223 End=4100376827854 Duration=50631
Task=22 Chunk=2 Start=4100376827875 End=4100376851146 Duration=23271
Task=22 Chunk=3 Start=4100376851166 End=4100376851244 Duration=78
Task=23 Chunk=0 Start=4100376135391 End=4100376157930 Duration=22539
Task=23 Chunk=1 Start=4100376827869 End=4100376878207 Duration=50338
Task=23 Chunk=2 Start=4100376878223 End=4100376899700 Duration=21477
Task=23 Chunk=3 Start=4100376899711 End=4100376899778 Duration=67
Task=24 Chunk=0 Start=4100376189532 End=4100376211954 Duration=22422
Task=24 Chunk=1 Start=4100376878210 End=4100376928337 Duration=50127
Task=24 Chunk=2 Start=4100376928362 End=4100377319493 Duration=391131
Task=24 Chunk=3 Start=4100377319510 End=4100377319668 Duration=158
Task=25 Chunk=0 Start=4100376237587 End=4100376259993 Duration=22406
Task=25 Chunk=1 Start=4100376928349 End=4100376978390 Duration=50041
Task=25 Chunk=2 Start=4100377319507 End=4100377343859 Duration=24352
Task=25 Chunk=3 Start=4100377343867 End=4100377343983 Duration=116
Task=26 Chunk=0 Start=4100376309651 End=4100376332702 Duration=23051
Task=26 Chunk=1 Start=4100376978392 End=4100377028315 Duration=49923
Task=26 Chunk=2 Start=4100377343866 End=4100377367656 Duration=23790
Task=26 Chunk=3 Start=4100377367676 End=4100377367750 Duration=74
Task=27 Chunk=0 Start=4100376343715 End=4100376366007 Duration=22292
Task=27 Chunk=1 Start=4100377028328 End=4100377077785 Duration=49457
Task=27 Chunk=2 Start=4100377367671 End=4100377392190 Duration=24519
Task=27 Chunk=3 Start=4100377392200 End=4100377392327 Duration=127
Task=28 Chunk=0 Start=4100376396300 End=4100376418444 Duration=22144
Task=28 Chunk=1 Start=4100377077787 End=4100377126475 Duration=48688
Task=28 Chunk=2 Start=4100377392196 End=4100377413847 Duration=21651
Task=28 Chunk=3 Start=4100377413856 End=4100377413955 Duration=99
Task=29 Chunk=0 Start=4100376444679 End=4100376466808 Duration=22129
Task=29 Chunk=1 Start=4100377126482 End=4100377174919 Duration=48437
Task=29 Chunk=2 Start=4100377413852 End=4100377443083 Duration=29231
Task=29 Chunk=3 Start=4100377443097 End=4100377443226 Duration=129
Task=30 Chunk=0 Start=4100376497159 End=4100376520073 Duration=22914
Task=30 Chunk=1 Start=4100377174920 End=4100377224267 Duration=49347
Task=30 Chunk=2 Start=4100377443091 End=4100377469200 Duration=26109
Task=30 Chunk=3 Start=4100377469209 End=4100377469284 Duration=75
Task=31 Chunk=0 Start=4100376545206 End=4100376567716 Duration=22510
Task=31 Chunk=1 Start=4100377224273 End=4100377273872 Duration=49599
Task=31 Chunk=2 Start=4100377469207 End=4100377493657 Duration=24450
Task=31 Chunk=3 Start=4100377493678 End=4100377493795 Duration=117
Task=32 Chunk=0 Start=4100376597779 End=4100376620413 Duration=22634
Task=32 Chunk=1 Start=4100377273874 End=4100377323746 Duration=49872
Task=32 Chunk=2 Start=4100377493668 End=4100377515711 Duration=22043
Task=32 Chunk=3 Start=4100377515729 End=4100377515847 Duration=118
Task=33 Chunk=0 Start=4100376645189 End=4100376667589 Duration=22400
Task=33 Chunk=1 Start=4100377323752 End=4100377374386 Duration=50634
Task=33 Chunk=2 Start=4100377515718 End=4100377543828 Duration=28110
Task=33 Chunk=3 Start=4100377543844 End=4100377543963 Duration=119
Task=34 Chunk=0 Start=4100376698762 End=4100376721044 Duration=22282
Task=34 Chunk=1 Start=4100377374397 End=4100377428775 Duration=54378
Task=34 Chunk=2 Start=4100377543835 End=4100377568372 Duration=24537
Task=34 Chunk=3 Start=4100377568389 End=4100377568464 Duration=75
Task=35 Chunk=0 Start=4100376747923 End=4100376770360 Duration=22437
Task=35 Chunk=1 Start=4100377428795 End=4100377480003 Duration=51208
Task=35 Chunk=2 Start=4100377568384 End=4100377592803 Duration=24419
Task=35 Chunk=3 Start=4100377592819 End=4100377592920 Duration=101
Task=36 Chunk=0 Start=4100376801245 End=4100376823539 Duration=22294
Task=36 Chunk=1 Start=4100377480010 End=4100377531872 Duration=51862
Task=36 Chunk=2 Start=4100377592812 End=4100377614419 Duration=21607
Task=36 Chunk=3 Start=4100377614434 End=4100377614533 Duration=99
Task=37 Chunk=0 Start=4100376851256 End=4100376874671 Duration=23415
Task=37 Chunk=1 Start=4100377531889 End=4100377583434 Duration=51545
Task=37 Chunk=2 Start=4100377614432 End=4100377643124 Duration=28692
Task=37 Chunk=3 Start=4100377643132 End=4100377643209 Duration=77
Task=38 Chunk=0 Start=4100376899785 End=4100376922121 Duration=22336
Task=38 Chunk=1 Start=4100377583435 End=4100377635756 Duration=52321
Task=38 Chunk=2 Start=4100377643133 End=4100377668255 Duration=25122
Task=38 Chunk=3 Start=4100377668267 End=4100377668355 Duration=88
Task=39 Chunk=0 Start=4100377319684 End=4100377342661 Duration=22977
Task=39 Chunk=1 Start=4100377635772 End=4100377686712 Duration=50940
Task=39 Chunk=2 Start=4100377686722 End=4100377708637 Duration=21915
Task=39 Chunk=3 Start=4100377708653 End=4100377708734 Duration=81
Task=40 Chunk=0 Start=4100377343998 End=4100377368114 Duration=24116
Task=40 Chunk=1 Start=4100377686712 End=4100377735921 Duration=49209
Task=40 Chunk=2 Start=4100377736682 End=4100377760869 Duration=24187
Task=40 Chunk=3 Start=4100377760880 End=4100377760948 Duration=68
Task=41 Chunk=0 Start=4100377368117 End=4100377395194 Duration=27077
Task=41 Chunk=1 Start=4100377735938 End=4100377786383 Duration=50445
Task=41 Chunk=2 Start=4100377786398 End=4100377808422 Duration=22024
Task=41 Chunk=3 Start=4100377808441 End=4100377808526 Duration=85
Task=42 Chunk=0 Start=4100377395195 End=4100377418747 Duration=23552
Task=42 Chunk=1 Start=4100377786384 End=4100377835473 Duration=49089
Task=42 Chunk=2 Start=4100377835530 End=4100377861973 Duration=26443
Task=42 Chunk=3 Start=4100377861984 End=4100377862063 Duration=79
Task=43 Chunk=0 Start=4100377418748 End=4100377442257 Duration=23509
Task=43 Chunk=1 Start=4100377835491 End=4100377886065 Duration=50574
Task=43 Chunk=2 Start=4100377886075 End=4100377908664 Duration=22589
Task=43 Chunk=3 Start=4100377908684 End=4100377908766 Duration=82
Task=44 Chunk=0 Start=4100377443233 End=4100377467289 Duration=24056
Task=44 Chunk=1 Start=4100377886066 End=4100377935448 Duration=49382
Task=44 Chunk=2 Start=4100377935462 End=4100377960372 Duration=24910
Task=44 Chunk=3 Start=4100377960384 End=4100377960452 Duration=68
Task=45 Chunk=0 Start=4100377469290 End=4100377492158 Duration=22868
Task=45 Chunk=1 Start=4100377935460 End=4100377985771 Duration=50311
Task=45 Chunk=2 Start=4100377985803 End=4100378007897 Duration=22094
Task=45 Chunk=3 Start=4100378007912 End=4100378008012 Duration=100
Task=46 Chunk=0 Start=4100377493808 End=4100377516851 Duration=23043
Task=46 Chunk=1 Start=4100377985773 End=4100378034629 Duration=48856
Task=46 Chunk=2 Start=4100378037635 End=4100378061902 Duration=24267
Task=46 Chunk=3 Start=4100378061919 End=4100378061988 Duration=69
Task=47 Chunk=0 Start=4100377516854 End=4100377539476 Duration=22622
Task=47 Chunk=1 Start=4100378034636 End=4100378085192 Duration=50556
Task=47 Chunk=2 Start=4100378085217 End=4100378108564 Duration=23347
Task=47 Chunk=3 Start=4100378108577 End=4100378108640 Duration=63
Task=48 Chunk=0 Start=4100377543975 End=4100377567883 Duration=23908
Task=48 Chunk=1 Start=4100378085204 End=4100378135435 Duration=50231
Task=48 Chunk=2 Start=4100378135472 End=4100378166698 Duration=31226
Task=48 Chunk=3 Start=4100378166710 End=4100378166792 Duration=82
Task=49 Chunk=0 Start=4100377568472 End=4100377591178 Duration=22706
Task=49 Chunk=1 Start=4100378135441 End=4100378185681 Duration=50240
Task=49 Chunk=2 Start=4100378185719 End=4100378208844 Duration=23125
Task=49 Chunk=3 Start=4100378208860 End=4100378208925 Duration=65
Task=50 Chunk=0 Start=4100377592930 End=4100377616062 Duration=23132
Task=50 Chunk=1 Start=4100378185695 End=4100378236366 Duration=50671
Task=50 Chunk=2 Start=4100378236961 End=4100378265076 Duration=28115
Task=50 Chunk=3 Start=4100378265090 End=4100378265171 Duration=81
Task=51 Chunk=0 Start=4100377616068 End=4100377638389 Duration=22321
Task=51 Chunk=1 Start=4100378236367 End=4100378287453 Duration=51086
Task=51 Chunk=2 Start=4100378287484 End=4100378311050 Duration=23566
Task=51 Chunk=3 Start=4100378311058 End=4100378311130 Duration=72
Task=52 Chunk=0 Start=4100377643219 End=4100377666934 Duration=23715
Task=52 Chunk=1 Start=4100378287465 End=4100378340357 Duration=52892
Task=52 Chunk=2 Start=4100378340560 End=4100378365000 Duration=24440
Task=52 Chunk=3 Start=4100378365015 End=4100378365086 Duration=71
Task=53 Chunk=0 Start=4100377668367 End=4100377691364 Duration=22997
Task=53 Chunk=1 Start=4100378340372 End=4100378390736 Duration=50364
Task=53 Chunk=2 Start=4100378390770 End=4100378412793 Duration=22023
Task=53 Chunk=3 Start=4100378412817 End=4100378412906 Duration=89
Task=54 Chunk=0 Start=4100377708739 End=4100377730982 Duration=22243
Task=54 Chunk=1 Start=4100378390738 End=4100378440709 Duration=49971
Task=54 Chunk=2 Start=4100378440864 End=4100378465376 Duration=24512
Task=54 Chunk=3 Start=4100378465388 End=4100378465470 Duration=82
Task=55 Chunk=0 Start=4100377760961 End=4100377783519 Duration=22558
Task=55 Chunk=1 Start=4100378440725 End=4100378491426 Duration=50701
Task=55 Chunk=2 Start=4100378491452 End=4100378513641 Duration=22189
Task=55 Chunk=3 Start=4100378513657 End=4100378513724 Duration=67
Task=56 Chunk=0 Start=4100377808531 End=4100377830991 Duration=22460
Task=56 Chunk=1 Start=4100378491426 End=4100378540526 Duration=49100
Task=56 Chunk=2 Start=4100378540551 End=4100378566836 Duration=26285
Task=56 Chunk=3 Start=4100378566847 End=4100378566922 Duration=75
Task=57 Chunk=0 Start=4100377862070 End=4100377884409 Duration=22339
Task=57 Chunk=1 Start=4100378540543 End=4100378591028 Duration=50485
Task=57 Chunk=2 Start=4100378591045 End=4100378613065 Duration=22020
Task=57 Chunk=3 Start=4100378613087 End=4100378613173 Duration=86
Task=58 Chunk=0 Start=4100377908780 End=4100377931320 Duration=22540
Task=58 Chunk=1 Start=4100378591031 End=4100378646362 Duration=55331
Task=58 Chunk=2 Start=4100378646511 End=4100378669629 Duration=23118
Task=58 Chunk=3 Start=4100378669647 End=4100378669715 Duration=68
Task=59 Chunk=0 Start=4100377960471 End=4100377983075 Duration=22604
Task=59 Chunk=1 Start=4100378646368 End=4100378696805 Duration=50437
Task=59 Chunk=2 Start=4100378696817 End=4100378718817 Duration=22000
Task=59 Chunk=3 Start=4100378718832 End=4100378718906 Duration=74
Task=60 Chunk=0 Start=4100378008027 End=4100378030445 Duration=22418
Task=60 Chunk=1 Start=4100378696806 End=4100378746537 Duration=49731
Task=60 Chunk=2 Start=4100378746578 End=4100378769943 Duration=23365
Task=60 Chunk=3 Start=4100378769959 End=4100378770031 Duration=72
Task=61 Chunk=0 Start=4100378062003 End=4100378084569 Duration=22566
Task=61 Chunk=1 Start=4100378746554 End=4100378797648 Duration=51094
Task=61 Chunk=2 Start=4100378797673 End=4100378822785 Duration=25112
Task=61 Chunk=3 Start=4100378822807 End=4100378822873 Duration=66
Task=62 Chunk=0 Start=4100378108656 End=4100378131140 Duration=22484
Task=62 Chunk=1 Start=4100378797650 End=4100378848844 Duration=51194
Task=62 Chunk=2 Start=4100378848871 End=4100378872433 Duration=23562
Task=62 Chunk=3 Start=4100378872452 End=4100378872517 Duration=65
Task=63 Chunk=0 Start=4100378166798 End=4100378189942 Duration=23144
Task=63 Chunk=1 Start=4100378848858 End=4100378898988 Duration=50130
Task=63 Chunk=2 Start=4100378899012 End=4100378922669 Duration=23657
Task=63 Chunk=3 Start=4100378922687 End=4100378922766 Duration=79
Task=64 Chunk=0 Start=4100378208940 End=4100378231257 Duration=22317
Task=64 Chunk=1 Start=4100378899004 End=4100378949655 Duration=50651
Task=64 Chunk=2 Start=4100378949692 End=4100378972994 Duration=23302
Task=64 Chunk=3 Start=4100378973010 End=4100378973082 Duration=72
Task=65 Chunk=0 Start=4100378265176 End=4100378287328 Duration=22152
Task=65 Chunk=1 Start=4100378949667 End=4100378999217 Duration=49550
Task=65 Chunk=2 Start=4100378999231 End=4100379021951 Duration=22720
Task=65 Chunk=3 Start=4100379021964 End=4100379022062 Duration=98
Task=66 Chunk=0 Start=4100378311136 End=4100378333472 Duration=22336
Task=66 Chunk=1 Start=4100378999218 End=4100379048894 Duration=49676
Task=66 Chunk=2 Start=4100379048933 End=4100379072310 Duration=23377
Task=66 Chunk=3 Start=4100379072327 End=4100379072398 Duration=71
Task=67 Chunk=0 Start=4100378365098 End=4100378387660 Duration=22562
Task=67 Chunk=1 Start=4100379048907 End=4100379098784 Duration=49877
Task=67 Chunk=2 Start=4100379098833 End=4100379120858 Duration=22025
Task=67 Chunk=3 Start=4100379120874 End=4100379120939 Duration=65
Task=68 Chunk=0 Start=4100378412922 End=4100378435133 Duration=22211
Task=68 Chunk=1 Start=4100379098794 End=4100379149189 Duration=50395
Task=68 Chunk=2 Start=4100379149235 End=4100379172529 Duration=23294
Task=68 Chunk=3 Start=4100379172538 End=4100379172603 Duration=65
Task=69 Chunk=0 Start=4100378465481 End=4100378487903 Duration=22422
Task=69 Chunk=1 Start=4100379149199 End=4100379198869 Duration=49670
Task=69 Chunk=2 Start=4100379198901 End=4100379222412 Duration=23511
Task=69 Chunk=3 Start=4100379222418 End=4100379222495 Duration=77
Task=70 Chunk=0 Start=4100378513734 End=4100378536988 Duration=23254
Task=70 Chunk=1 Start=4100379198883 End=4100379249693 Duration=50810
Task=70 Chunk=2 Start=4100379249741 End=4100379272983 Duration=23242
Task=70 Chunk=3 Start=4100379273006 End=4100379273080 Duration=74
Task=71 Chunk=0 Start=4100378566939 End=4100378589388 Duration=22449
Task=71 Chunk=1 Start=4100379249704 End=4100379299384 Duration=49680
Task=71 Chunk=2 Start=4100379299412 End=4100379322099 Duration=22687
Task=71 Chunk=3 Start=4100379322119 End=4100379322196 Duration=77
Task=72 Chunk=0 Start=4100378613185 End=4100378635513 Duration=22328
Task=72 Chunk=1 Start=4100379299385 End=4100379349715 Duration=50330
Task=72 Chunk=2 Start=4100379349744 End=4100379372931 Duration=23187
Task=72 Chunk=3 Start=4100379372949 End=4100379373024 Duration=75
Task=73 Chunk=0 Start=4100378669724 End=4100378692102 Duration=22378
Task=73 Chunk=1 Start=4100379349730 End=4100379400566 Duration=50836
Task=73 Chunk=2 Start=4100379403668 End=4100379425169 Duration=21501
Task=73 Chunk=3 Start=4100379425175 End=4100379425244 Duration=69
Task=74 Chunk=0 Start=4100378718917 End=4100378742135 Duration=23218
Task=74 Chunk=1 Start=4100379400573 End=4100379452684 Duration=52111
Task=74 Chunk=2 Start=4100379452733 End=4100379475942 Duration=23209
Task=74 Chunk=3 Start=4100379475956 End=4100379476032 Duration=76
Task=75 Chunk=0 Start=4100378770043 End=4100378792670 Duration=22627
Task=75 Chunk=1 Start=4100379452700 End=4100379502798 Duration=50098
Task=75 Chunk=2 Start=4100379503432 End=4100379528263 Duration=24831
Task=75 Chunk=3 Start=4100379528276 End=4100379528349 Duration=73
Task=76 Chunk=0 Start=4100378822881 End=4100378846546 Duration=23665
Task=76 Chunk=1 Start=4100379502815 End=4100379552850 Duration=50035
Task=76 Chunk=2 Start=4100379552870 End=4100379575113 Duration=22243
Task=76 Chunk=3 Start=4100379575138 End=4100379575220 Duration=82
Task=77 Chunk=0 Start=4100378872529 End=4100378895149 Duration=22620
Task=77 Chunk=1 Start=4100379552852 End=4100379602152 Duration=49300
Task=77 Chunk=2 Start=4100379602197 End=4100379631000 Duration=28803
Task=77 Chunk=3 Start=4100379631013 End=4100379631081 Duration=68
Task=78 Chunk=0 Start=4100378922773 End=4100378946342 Duration=23569
Task=78 Chunk=1 Start=4100379602168 End=4100379652132 Duration=49964
Task=78 Chunk=2 Start=4100379652143 End=4100379674171 Duration=22028
Task=78 Chunk=3 Start=4100379674189 End=4100379674288 Duration=99
Task=79 Chunk=0 Start=4100378973097 End=4100378995542 Duration=22445
Task=79 Chunk=1 Start=4100379652132 End=4100379702437 Duration=50305
Task=79 Chunk=2 Start=4100379702625 End=4100379727569 Duration=24944
Task=79 Chunk=3 Start=4100379727579 End=4100379727650 Duration=71
Task=80 Chunk=0 Start=4100379022071 End=4100379045302 Duration=23231
Task=80 Chunk=1 Start=4100379702452 End=4100379753051 Duration=50599
Task=80 Chunk=2 Start=4100379753059 End=4100379775794 Duration=22735
Task=80 Chunk=3 Start=4100379775804 End=4100379775885 Duration=81
Task=81 Chunk=0 Start=4100379072409 End=4100379094773 Duration=22364
Task=81 Chunk=1 Start=4100379753052 End=4100379803004 Duration=49952
Task=81 Chunk=2 Start=4100379803025 End=4100379827887 Duration=24862
Task=81 Chunk=3 Start=4100379827900 End=4100379827967 Duration=67
Task=82 Chunk=0 Start=4100379120950 End=4100379144348 Duration=23398
Task=82 Chunk=1 Start=4100379803020 End=4100379854325 Duration=51305
Task=82 Chunk=2 Start=4100379854367 End=4100379877742 Duration=23375
Task=82 Chunk=3 Start=4100379877761 End=4100379877828 Duration=67
Task=83 Chunk=0 Start=4100379172615 End=4100379194963 Duration=22348
Task=83 Chunk=1 Start=4100379854338 End=4100379903674 Duration=49336
Task=83 Chunk=2 Start=4100379903714 End=4100379931089 Duration=27375
Task=83 Chunk=3 Start=4100379931107 End=4100379931191 Duration=84
Task=84 Chunk=0 Start=4100379222508 End=4100379245851 Duration=23343
Task=84 Chunk=1 Start=4100379903675 End=4100379953185 Duration=49510
Task=84 Chunk=2 Start=4100379953228 End=4100379976682 Duration=23454
Task=84 Chunk=3 Start=4100379976687 End=4100379976762 Duration=75
Task=85 Chunk=0 Start=4100379273084 End=4100379295541 Duration=22457
Task=85 Chunk=1 Start=4100379953200 End=4100380004060 Duration=50860
Task=85 Chunk=2 Start=4100380004106 End=4100380031866 Duration=27760
Task=85 Chunk=3 Start=4100380031890 End=4100380031979 Duration=89
Task=86 Chunk=0 Start=4100379322205 End=4100379345506 Duration=23301
Task=86 Chunk=1 Start=4100380004062 End=4100380053994 Duration=49932
Task=86 Chunk=2 Start=4100380054015 End=4100380075874 Duration=21859
Task=86 Chunk=3 Start=4100380075888 End=4100380075951 Duration=63
Task=87 Chunk=0 Start=4100379373031 End=4100379395291 Duration=22260
Task=87 Chunk=1 Start=4100380054001 End=4100380102398 Duration=48397
Task=87 Chunk=2 Start=4100380103457 End=4100380126315 Duration=22858
Task=87 Chunk=3 Start=4100380126326 End=4100380126394 Duration=68
Task=88 Chunk=0 Start=4100379425259 End=4100379448552 Duration=23293
Task=88 Chunk=1 Start=4100380102403 End=4100380150488 Duration=48085
Task=88 Chunk=2 Start=4100380150510 End=4100380171966 Duration=21456
Task=88 Chunk=3 Start=4100380171984 End=4100380172050 Duration=66
Task=89 Chunk=0 Start=4100379476039 End=4100379498133 Duration=22094
Task=89 Chunk=1 Start=4100380150496 End=4100380199174 Duration=48678
Task=89 Chunk=2 Start=4100380199188 End=4100380221828 Duration=22640
Task=89 Chunk=3 Start=4100380221840 End=4100380221924 Duration=84
Task=90 Chunk=0 Start=4100379528361 End=4100379551079 Duration=22718
Task=90 Chunk=1 Start=4100380199181 End=4100380247909 Duration=48728
Task=90 Chunk=2 Start=4100380247931 End=4100380269750 Duration=21819
Task=90 Chunk=3 Start=4100380269758 End=4100380269822 Duration=64
Task=91 Chunk=0 Start=4100379575228 End=4100379597802 Duration=22574
Task=91 Chunk=1 Start=4100380247913 End=4100380296584 Duration=48671
Task=91 Chunk=2 Start=4100380296615 End=4100380320007 Duration=23392
Task=91 Chunk=3 Start=4100380320017 End=4100380320088 Duration=71
Task=92 Chunk=0 Start=4100379631092 End=4100379653551 Duration=22459
Task=92 Chunk=1 Start=4100380296585 End=4100380344928 Duration=48343
Task=92 Chunk=2 Start=4100380344936 End=4100380366690 Duration=21754
Task=92 Chunk=3 Start=4100380366696 End=4100380366763 Duration=67
Task=93 Chunk=0 Start=4100379674296 End=4100379696535 Duration=22239
Task=93 Chunk=1 Start=4100380344933 End=4100380392948 Duration=48015
Task=93 Chunk=2 Start=4100380394350 End=4100380417143 Duration=22793
Task=93 Chunk=3 Start=4100380417159 End=4100380417231 Duration=72
Task=94 Chunk=0 Start=4100379727658 End=4100379750101 Duration=22443
Task=94 Chunk=1 Start=4100380392949 End=4100380442529 Duration=49580
Task=94 Chunk=2 Start=4100380442540 End=4100380464546 Duration=22006
Task=94 Chunk=3 Start=4100380464568 End=4100380464634 Duration=66
Task=95 Chunk=0 Start=4100379775899 End=4100379798257 Duration=22358
Task=95 Chunk=1 Start=4100380442537 End=4100380492888 Duration=50351
Task=95 Chunk=2 Start=4100380492937 End=4100380516825 Duration=23888
Task=95 Chunk=3 Start=4100380516833 End=4100380516911 Duration=78
Task=96 Chunk=0 Start=4100379827972 End=4100379850380 Duration=22408
Task=96 Chunk=1 Start=4100380492907 End=4100380543820 Duration=50913
Task=96 Chunk=2 Start=4100380543841 End=4100380566085 Duration=22244
Task=96 Chunk=3 Start=4100380566103 End=4100380566169 Duration=66
Task=97 Chunk=0 Start=4100379877833 End=4100379900303 Duration=22470
Task=97 Chunk=1 Start=4100380543826 End=4100380594466 Duration=50640
Task=97 Chunk=2 Start=4100380594482 End=4100380618191 Duration=23709
Task=97 Chunk=3 Start=4100380618204 End=4100380618272 Duration=68
Task=98 Chunk=0 Start=4100379931197 End=4100379953584 Duration=22387
Task=98 Chunk=1 Start=4100380594470 End=4100380644916 Duration=50446
Task=98 Chunk=2 Start=4100380644963 End=4100380667081 Duration=22118
Task=98 Chunk=3 Start=4100380667091 End=4100380667156 Duration=65
Task=99 Chunk=0 Start=4100379976770 End=4100379999174 Duration=22404
Task=99 Chunk=1 Start=4100380644917 End=4100380695322 Duration=50405
Task=99 Chunk=2 Start=4100380697475 End=4100380722230 Duration=24755
Task=99 Chunk=3 Start=4100380722246 End=4100380722316 Duration=70
### Python End ###

--------------------------------
[2025-06-26 18:34:52.426] [info] Available Vulkan Layers:
[2025-06-26 18:34:52.426] [warning] Validation layer requested but not available, continuing without it...
[2025-06-26 18:34:52.427] [info] Using integrated GPU: Mali-G710
[2025-06-26 18:34:52.429] [info] VulkanDispatcher instance created.
[2025-06-26 18:34:52.614] [info] Total memory used: 40550404 bytes (38.67188 MB)
[2025-06-26 18:34:52.618] [info] Total memory used: 40550404 bytes (38.67188 MB)
[2025-06-26 18:34:52.683] [info] Total memory used: 40550404 bytes (38.67188 MB)
[2025-06-26 18:34:52.689] [info] Total memory used: 40550404 bytes (38.67188 MB)
[2025-06-26 18:34:52.696] [info] Total memory used: 40550404 bytes (38.67188 MB)
[2025-06-26 18:34:52.767] [info] Total memory used: 40550404 bytes (38.67188 MB)
[2025-06-26 18:34:52.772] [info] Total memory used: 40550404 bytes (38.67188 MB)
[2025-06-26 18:34:52.777] [info] Total memory used: 40550404 bytes (38.67188 MB)
[2025-06-26 18:34:52.782] [info] Total memory used: 40550404 bytes (38.67188 MB)
[2025-06-26 18:34:52.787] [info] Total memory used: 40550404 bytes (38.67188 MB)
[2025-06-26 18:34:52.871] [info] Total memory used: 40550404 bytes (38.67188 MB)
[2025-06-26 18:34:52.876] [info] Total memory used: 40550404 bytes (38.67188 MB)
[2025-06-26 18:34:52.881] [info] Total memory used: 40550404 bytes (38.67188 MB)
[2025-06-26 18:34:52.886] [info] Total memory used: 40550404 bytes (38.67188 MB)
[2025-06-26 18:34:52.891] [info] Total memory used: 40550404 bytes (38.67188 MB)
[2025-06-26 18:34:52.896] [info] Total memory used: 40550404 bytes (38.67188 MB)
### Python Begin ###
Schedule_UID=SCH-B2L1G3M1-G063-56c8
Frequency=24576000 Hz
Task=0 Chunk=0 Start=4100393031552 End=4100393064002 Duration=32450
Task=0 Chunk=1 Start=4100393064044 End=4100393114288 Duration=50244
Task=0 Chunk=2 Start=4100393114318 End=4100393226877 Duration=112559
Task=0 Chunk=3 Start=4100393227055 End=4100393254734 Duration=27679
Task=1 Chunk=0 Start=4100393064003 End=4100393090167 Duration=26164
Task=1 Chunk=1 Start=4100393114309 End=4100393117057 Duration=2748
Task=1 Chunk=2 Start=4100393226886 End=4100393251804 Duration=24918
Task=1 Chunk=3 Start=4100393254736 End=4100393254946 Duration=210
Task=2 Chunk=0 Start=4100393090168 End=4100393117889 Duration=27721
Task=2 Chunk=1 Start=4100393117967 End=4100393118197 Duration=230
Task=2 Chunk=2 Start=4100393251807 End=4100393271985 Duration=20178
Task=2 Chunk=3 Start=4100393273527 End=4100393273695 Duration=168
Task=3 Chunk=0 Start=4100393117890 End=4100393143256 Duration=25366
Task=3 Chunk=1 Start=4100393143392 End=4100393154596 Duration=11204
Task=3 Chunk=2 Start=4100393271992 End=4100393293413 Duration=21421
Task=3 Chunk=3 Start=4100393294938 End=4100393295134 Duration=196
Task=4 Chunk=0 Start=4100393143256 End=4100393168431 Duration=25175
Task=4 Chunk=1 Start=4100393168497 End=4100393169031 Duration=534
Task=4 Chunk=2 Start=4100393293425 End=4100393314245 Duration=20820
Task=4 Chunk=3 Start=4100393315671 End=4100393315861 Duration=190
Task=5 Chunk=0 Start=4100393168432 End=4100393194891 Duration=26459
Task=5 Chunk=1 Start=4100393195128 End=4100393195811 Duration=683
Task=5 Chunk=2 Start=4100393314245 End=4100393334704 Duration=20459
Task=5 Chunk=3 Start=4100393336056 End=4100393336245 Duration=189
Task=6 Chunk=0 Start=4100393194892 End=4100393220111 Duration=25219
Task=6 Chunk=1 Start=4100393220373 End=4100393220978 Duration=605
Task=6 Chunk=2 Start=4100393334705 End=4100393353736 Duration=19031
Task=6 Chunk=3 Start=4100393355139 End=4100393355300 Duration=161
Task=7 Chunk=0 Start=4100393220112 End=4100393247426 Duration=27314
Task=7 Chunk=1 Start=4100393247436 End=4100393247900 Duration=464
Task=7 Chunk=2 Start=4100393353737 End=4100393373042 Duration=19305
Task=7 Chunk=3 Start=4100393374295 End=4100393374469 Duration=174
Task=8 Chunk=0 Start=4100393247429 End=4100393273344 Duration=25915
Task=8 Chunk=1 Start=4100393274141 End=4100393274470 Duration=329
Task=8 Chunk=2 Start=4100393373043 End=4100393395260 Duration=22217
Task=8 Chunk=3 Start=4100393396624 End=4100393396831 Duration=207
Task=9 Chunk=0 Start=4100393273345 End=4100393299969 Duration=26624
Task=9 Chunk=1 Start=4100393300003 End=4100393300393 Duration=390
Task=9 Chunk=2 Start=4100393395261 End=4100393414616 Duration=19355
Task=9 Chunk=3 Start=4100393415918 End=4100393416087 Duration=169
Task=10 Chunk=0 Start=4100393299970 End=4100393327158 Duration=27188
Task=10 Chunk=1 Start=4100393327170 End=4100393327508 Duration=338
Task=10 Chunk=2 Start=4100393414616 End=4100393494423 Duration=79807
Task=10 Chunk=3 Start=4100393494443 End=4100393494986 Duration=543
Task=11 Chunk=0 Start=4100393327159 End=4100393353594 Duration=26435
Task=11 Chunk=1 Start=4100393353624 End=4100393354002 Duration=378
Task=11 Chunk=2 Start=4100393494425 End=4100393530749 Duration=36324
Task=11 Chunk=3 Start=4100393530848 End=4100393531040 Duration=192
Task=12 Chunk=0 Start=4100393353595 End=4100393380657 Duration=27062
Task=12 Chunk=1 Start=4100393380685 End=4100393380989 Duration=304
Task=12 Chunk=2 Start=4100393530767 End=4100393592510 Duration=61743
Task=12 Chunk=3 Start=4100393592589 End=4100393592880 Duration=291
Task=13 Chunk=0 Start=4100393380668 End=4100393408307 Duration=27639
Task=13 Chunk=1 Start=4100393408498 End=4100393409771 Duration=1273
Task=13 Chunk=2 Start=4100393592513 End=4100393627426 Duration=34913
Task=13 Chunk=3 Start=4100393627489 End=4100393627669 Duration=180
Task=14 Chunk=0 Start=4100393408309 End=4100393435160 Duration=26851
Task=14 Chunk=1 Start=4100393435371 End=4100393436246 Duration=875
Task=14 Chunk=2 Start=4100393627436 End=4100393662892 Duration=35456
Task=14 Chunk=3 Start=4100393662910 End=4100393663144 Duration=234
Task=15 Chunk=0 Start=4100393435162 End=4100393460643 Duration=25481
Task=15 Chunk=1 Start=4100393460676 End=4100393461358 Duration=682
Task=15 Chunk=2 Start=4100393662904 End=4100393700718 Duration=37814
Task=15 Chunk=3 Start=4100393700769 End=4100393700971 Duration=202
Task=16 Chunk=0 Start=4100393460644 End=4100393497790 Duration=37146
Task=16 Chunk=1 Start=4100393497817 End=4100393498414 Duration=597
Task=16 Chunk=2 Start=4100393700730 End=4100393789001 Duration=88271
Task=16 Chunk=3 Start=4100393789096 End=4100393789302 Duration=206
Task=17 Chunk=0 Start=4100393497791 End=4100393523819 Duration=26028
Task=17 Chunk=1 Start=4100393523843 End=4100393524414 Duration=571
Task=17 Chunk=2 Start=4100393789007 End=4100393824561 Duration=35554
Task=17 Chunk=3 Start=4100393824672 End=4100393824846 Duration=174
Task=18 Chunk=0 Start=4100393523821 End=4100393549338 Duration=25517
Task=18 Chunk=1 Start=4100393549381 End=4100393549962 Duration=581
Task=18 Chunk=2 Start=4100393824579 End=4100393859950 Duration=35371
Task=18 Chunk=3 Start=4100393860022 End=4100393860204 Duration=182
Task=19 Chunk=0 Start=4100393549339 End=4100393574851 Duration=25512
Task=19 Chunk=1 Start=4100393574876 End=4100393575382 Duration=506
Task=19 Chunk=2 Start=4100393859962 End=4100393897457 Duration=37495
Task=19 Chunk=3 Start=4100393897575 End=4100393897805 Duration=230
Task=20 Chunk=0 Start=4100393574852 End=4100393612270 Duration=37418
Task=20 Chunk=1 Start=4100393612306 End=4100393612984 Duration=678
Task=20 Chunk=2 Start=4100393897485 End=4100393979499 Duration=82014
Task=20 Chunk=3 Start=4100393979516 End=4100393979753 Duration=237
Task=21 Chunk=0 Start=4100393612271 End=4100393637816 Duration=25545
Task=21 Chunk=1 Start=4100393637843 End=4100393638412 Duration=569
Task=21 Chunk=2 Start=4100393979510 End=4100394006060 Duration=26550
Task=21 Chunk=3 Start=4100394006084 End=4100394006251 Duration=167
Task=22 Chunk=0 Start=4100393637817 End=4100393663418 Duration=25601
Task=22 Chunk=1 Start=4100393663458 End=4100393663925 Duration=467
Task=22 Chunk=2 Start=4100394006065 End=4100394026129 Duration=20064
Task=22 Chunk=3 Start=4100394026180 End=4100394026401 Duration=221
Task=23 Chunk=0 Start=4100393663419 End=4100393690001 Duration=26582
Task=23 Chunk=1 Start=4100393690033 End=4100393690608 Duration=575
Task=23 Chunk=2 Start=4100394026129 End=4100394045186 Duration=19057
Task=23 Chunk=3 Start=4100394045271 End=4100394045473 Duration=202
Task=24 Chunk=0 Start=4100393690002 End=4100393715419 Duration=25417
Task=24 Chunk=1 Start=4100393715454 End=4100393715969 Duration=515
Task=24 Chunk=2 Start=4100394045186 End=4100394064764 Duration=19578
Task=24 Chunk=3 Start=4100394064811 End=4100394064990 Duration=179
Task=25 Chunk=0 Start=4100393715420 End=4100393740652 Duration=25232
Task=25 Chunk=1 Start=4100393740691 End=4100393741234 Duration=543
Task=25 Chunk=2 Start=4100394064773 End=4100394092557 Duration=27784
Task=25 Chunk=3 Start=4100394092577 End=4100394092764 Duration=187
Task=26 Chunk=0 Start=4100393740653 End=4100393765735 Duration=25082
Task=26 Chunk=1 Start=4100393765756 End=4100393766293 Duration=537
Task=26 Chunk=2 Start=4100394092558 End=4100394112549 Duration=19991
Task=26 Chunk=3 Start=4100394112603 End=4100394112774 Duration=171
Task=27 Chunk=0 Start=4100393765744 End=4100393791803 Duration=26059
Task=27 Chunk=1 Start=4100393791834 End=4100393792396 Duration=562
Task=27 Chunk=2 Start=4100394112550 End=4100394131550 Duration=19000
Task=27 Chunk=3 Start=4100394131621 End=4100394131817 Duration=196
Task=28 Chunk=0 Start=4100393791805 End=4100393817403 Duration=25598
Task=28 Chunk=1 Start=4100393817419 End=4100393817944 Duration=525
Task=28 Chunk=2 Start=4100394131550 End=4100394150713 Duration=19163
Task=28 Chunk=3 Start=4100394150768 End=4100394150934 Duration=166
Task=29 Chunk=0 Start=4100393817404 End=4100393842951 Duration=25547
Task=29 Chunk=1 Start=4100393842990 End=4100393843543 Duration=553
Task=29 Chunk=2 Start=4100394150721 End=4100394169931 Duration=19210
Task=29 Chunk=3 Start=4100394169992 End=4100394170165 Duration=173
Task=30 Chunk=0 Start=4100393842952 End=4100393868309 Duration=25357
Task=30 Chunk=1 Start=4100393868355 End=4100393868821 Duration=466
Task=30 Chunk=2 Start=4100394169931 End=4100394189922 Duration=19991
Task=30 Chunk=3 Start=4100394191306 End=4100394191571 Duration=265
Task=31 Chunk=0 Start=4100393868314 End=4100393895068 Duration=26754
Task=31 Chunk=1 Start=4100393895086 End=4100393895773 Duration=687
Task=31 Chunk=2 Start=4100394189923 End=4100394209377 Duration=19454
Task=31 Chunk=3 Start=4100394210639 End=4100394210852 Duration=213
Task=32 Chunk=0 Start=4100393895069 End=4100393920663 Duration=25594
Task=32 Chunk=1 Start=4100393920674 End=4100393921184 Duration=510
Task=32 Chunk=2 Start=4100394209378 End=4100394229104 Duration=19726
Task=32 Chunk=3 Start=4100394230212 End=4100394230404 Duration=192
Task=33 Chunk=0 Start=4100393920664 End=4100393945763 Duration=25099
Task=33 Chunk=1 Start=4100393945788 End=4100393946384 Duration=596
Task=33 Chunk=2 Start=4100394229105 End=4100394248830 Duration=19725
Task=33 Chunk=3 Start=4100394250091 End=4100394250275 Duration=184
Task=34 Chunk=0 Start=4100393945763 End=4100393970862 Duration=25099
Task=34 Chunk=1 Start=4100393970872 End=4100393971409 Duration=537
Task=34 Chunk=2 Start=4100394248831 End=4100394269373 Duration=20542
Task=34 Chunk=3 Start=4100394270812 End=4100394270998 Duration=186
Task=35 Chunk=0 Start=4100393979761 End=4100394004907 Duration=25146
Task=35 Chunk=1 Start=4100394004943 End=4100394005456 Duration=513
Task=35 Chunk=2 Start=4100394269374 End=4100394288941 Duration=19567
Task=35 Chunk=3 Start=4100394290211 End=4100394290368 Duration=157
Task=36 Chunk=0 Start=4100394006272 End=4100394031847 Duration=25575
Task=36 Chunk=1 Start=4100394031862 End=4100394032474 Duration=612
Task=36 Chunk=2 Start=4100394288942 End=4100394308606 Duration=19664
Task=36 Chunk=3 Start=4100394309838 End=4100394309970 Duration=132
Task=37 Chunk=0 Start=4100394031848 End=4100394057288 Duration=25440
Task=37 Chunk=1 Start=4100394057320 End=4100394057788 Duration=468
Task=37 Chunk=2 Start=4100394308607 End=4100394328404 Duration=19797
Task=37 Chunk=3 Start=4100394329585 End=4100394329791 Duration=206
Task=38 Chunk=0 Start=4100394057290 End=4100394083728 Duration=26438
Task=38 Chunk=1 Start=4100394083745 End=4100394084272 Duration=527
Task=38 Chunk=2 Start=4100394328404 End=4100394348822 Duration=20418
Task=38 Chunk=3 Start=4100394350104 End=4100394350299 Duration=195
Task=39 Chunk=0 Start=4100394083729 End=4100394109430 Duration=25701
Task=39 Chunk=1 Start=4100394109448 End=4100394109978 Duration=530
Task=39 Chunk=2 Start=4100394348822 End=4100394368251 Duration=19429
Task=39 Chunk=3 Start=4100394370461 End=4100394370654 Duration=193
Task=40 Chunk=0 Start=4100394109434 End=4100394135215 Duration=25781
Task=40 Chunk=1 Start=4100394135229 End=4100394135661 Duration=432
Task=40 Chunk=2 Start=4100394368252 End=4100394388233 Duration=19981
Task=40 Chunk=3 Start=4100394389620 End=4100394389788 Duration=168
Task=41 Chunk=0 Start=4100394135220 End=4100394160749 Duration=25529
Task=41 Chunk=1 Start=4100394160789 End=4100394161334 Duration=545
Task=41 Chunk=2 Start=4100394388233 End=4100394408597 Duration=20364
Task=41 Chunk=3 Start=4100394409848 End=4100394410015 Duration=167
Task=42 Chunk=0 Start=4100394160752 End=4100394187019 Duration=26267
Task=42 Chunk=1 Start=4100394187033 End=4100394187790 Duration=757
Task=42 Chunk=2 Start=4100394408597 End=4100394429401 Duration=20804
Task=42 Chunk=3 Start=4100394430812 End=4100394431039 Duration=227
Task=43 Chunk=0 Start=4100394187023 End=4100394212794 Duration=25771
Task=43 Chunk=1 Start=4100394212836 End=4100394213526 Duration=690
Task=43 Chunk=2 Start=4100394429402 End=4100394448947 Duration=19545
Task=43 Chunk=3 Start=4100394451549 End=4100394451748 Duration=199
Task=44 Chunk=0 Start=4100394212798 End=4100394239196 Duration=26398
Task=44 Chunk=1 Start=4100394239209 End=4100394241133 Duration=1924
Task=44 Chunk=2 Start=4100394448948 End=4100394469748 Duration=20800
Task=44 Chunk=3 Start=4100394471577 End=4100394471771 Duration=194
Task=45 Chunk=0 Start=4100394239200 End=4100394264913 Duration=25713
Task=45 Chunk=1 Start=4100394264952 End=4100394265663 Duration=711
Task=45 Chunk=2 Start=4100394469749 End=4100394490628 Duration=20879
Task=45 Chunk=3 Start=4100394492020 End=4100394492221 Duration=201
Task=46 Chunk=0 Start=4100394264914 End=4100394292113 Duration=27199
Task=46 Chunk=1 Start=4100394292159 End=4100394292726 Duration=567
Task=46 Chunk=2 Start=4100394490629 End=4100394510930 Duration=20301
Task=46 Chunk=3 Start=4100394512263 End=4100394512434 Duration=171
Task=47 Chunk=0 Start=4100394292117 End=4100394318710 Duration=26593
Task=47 Chunk=1 Start=4100394318727 End=4100394320579 Duration=1852
Task=47 Chunk=2 Start=4100394510931 End=4100394530403 Duration=19472
Task=47 Chunk=3 Start=4100394531697 End=4100394531898 Duration=201
Task=48 Chunk=0 Start=4100394318714 End=4100394344295 Duration=25581
Task=48 Chunk=1 Start=4100394344306 End=4100394345063 Duration=757
Task=48 Chunk=2 Start=4100394530404 End=4100394549665 Duration=19261
Task=48 Chunk=3 Start=4100394550813 End=4100394550991 Duration=178
Task=49 Chunk=0 Start=4100394344296 End=4100394371667 Duration=27371
Task=49 Chunk=1 Start=4100394371699 End=4100394372386 Duration=687
Task=49 Chunk=2 Start=4100394549665 End=4100394569869 Duration=20204
Task=49 Chunk=3 Start=4100394571267 End=4100394571466 Duration=199
Task=50 Chunk=0 Start=4100394371668 End=4100394397830 Duration=26162
Task=50 Chunk=1 Start=4100394397874 End=4100394398428 Duration=554
Task=50 Chunk=2 Start=4100394569870 End=4100394589763 Duration=19893
Task=50 Chunk=3 Start=4100394591005 End=4100394591167 Duration=162
Task=51 Chunk=0 Start=4100394397837 End=4100394423992 Duration=26155
Task=51 Chunk=1 Start=4100394424004 End=4100394424703 Duration=699
Task=51 Chunk=2 Start=4100394589764 End=4100394609590 Duration=19826
Task=51 Chunk=3 Start=4100394610783 End=4100394610950 Duration=167
Task=52 Chunk=0 Start=4100394423993 End=4100394450215 Duration=26222
Task=52 Chunk=1 Start=4100394450225 End=4100394450855 Duration=630
Task=52 Chunk=2 Start=4100394609591 End=4100394628657 Duration=19066
Task=52 Chunk=3 Start=4100394629903 End=4100394630063 Duration=160
Task=53 Chunk=0 Start=4100394450218 End=4100394477279 Duration=27061
Task=53 Chunk=1 Start=4100394477313 End=4100394477902 Duration=589
Task=53 Chunk=2 Start=4100394628658 End=4100394648174 Duration=19516
Task=53 Chunk=3 Start=4100394649359 End=4100394649535 Duration=176
Task=54 Chunk=0 Start=4100394477279 End=4100394503633 Duration=26354
Task=54 Chunk=1 Start=4100394503666 End=4100394504351 Duration=685
Task=54 Chunk=2 Start=4100394648174 End=4100394668736 Duration=20562
Task=54 Chunk=3 Start=4100394670070 End=4100394670251 Duration=181
Task=55 Chunk=0 Start=4100394503636 End=4100394529581 Duration=25945
Task=55 Chunk=1 Start=4100394529595 End=4100394530140 Duration=545
Task=55 Chunk=2 Start=4100394668737 End=4100394688716 Duration=19979
Task=55 Chunk=3 Start=4100394690238 End=4100394690415 Duration=177
Task=56 Chunk=0 Start=4100394529581 End=4100394555181 Duration=25600
Task=56 Chunk=1 Start=4100394555207 End=4100394555869 Duration=662
Task=56 Chunk=2 Start=4100394688717 End=4100394708535 Duration=19818
Task=56 Chunk=3 Start=4100394709906 End=4100394710087 Duration=181
Task=57 Chunk=0 Start=4100394555184 End=4100394581604 Duration=26420
Task=57 Chunk=1 Start=4100394581649 End=4100394582420 Duration=771
Task=57 Chunk=2 Start=4100394708535 End=4100394726814 Duration=18279
Task=57 Chunk=3 Start=4100394728409 End=4100394728588 Duration=179
Task=58 Chunk=0 Start=4100394581609 End=4100394607156 Duration=25547
Task=58 Chunk=1 Start=4100394607189 End=4100394607744 Duration=555
Task=58 Chunk=2 Start=4100394726814 End=4100394746889 Duration=20075
Task=58 Chunk=3 Start=4100394748160 End=4100394748322 Duration=162
Task=59 Chunk=0 Start=4100394607157 End=4100394633049 Duration=25892
Task=59 Chunk=1 Start=4100394633068 End=4100394633633 Duration=565
Task=59 Chunk=2 Start=4100394746889 End=4100394768407 Duration=21518
Task=59 Chunk=3 Start=4100394769874 End=4100394770077 Duration=203
Task=60 Chunk=0 Start=4100394633053 End=4100394658808 Duration=25755
Task=60 Chunk=1 Start=4100394658839 End=4100394660168 Duration=1329
Task=60 Chunk=2 Start=4100394768408 End=4100394787397 Duration=18989
Task=60 Chunk=3 Start=4100394788801 End=4100394788995 Duration=194
Task=61 Chunk=0 Start=4100394658816 End=4100394685128 Duration=26312
Task=61 Chunk=1 Start=4100394685169 End=4100394685633 Duration=464
Task=61 Chunk=2 Start=4100394787417 End=4100394806128 Duration=18711
Task=61 Chunk=3 Start=4100394807388 End=4100394807539 Duration=151
Task=62 Chunk=0 Start=4100394685129 End=4100394711243 Duration=26114
Task=62 Chunk=1 Start=4100394711277 End=4100394711538 Duration=261
Task=62 Chunk=2 Start=4100394806129 End=4100394825324 Duration=19195
Task=62 Chunk=3 Start=4100394826531 End=4100394826684 Duration=153
Task=63 Chunk=0 Start=4100394711247 End=4100394736878 Duration=25631
Task=63 Chunk=1 Start=4100394736904 End=4100394737173 Duration=269
Task=63 Chunk=2 Start=4100394825325 End=4100394844221 Duration=18896
Task=63 Chunk=3 Start=4100394845539 End=4100394845699 Duration=160
Task=64 Chunk=0 Start=4100394736882 End=4100394762405 Duration=25523
Task=64 Chunk=1 Start=4100394762415 End=4100394769593 Duration=7178
Task=64 Chunk=2 Start=4100394844221 End=4100394864805 Duration=20584
Task=64 Chunk=3 Start=4100394864880 End=4100394865139 Duration=259
Task=65 Chunk=0 Start=4100394762406 End=4100394789725 Duration=27319
Task=65 Chunk=1 Start=4100394789741 End=4100394790062 Duration=321
Task=65 Chunk=2 Start=4100394864805 End=4100394883608 Duration=18803
Task=65 Chunk=3 Start=4100394883673 End=4100394883854 Duration=181
Task=66 Chunk=0 Start=4100394789733 End=4100394815180 Duration=25447
Task=66 Chunk=1 Start=4100394815191 End=4100394815429 Duration=238
Task=66 Chunk=2 Start=4100394883620 End=4100394902753 Duration=19133
Task=66 Chunk=3 Start=4100394902858 End=4100394903043 Duration=185
Task=67 Chunk=0 Start=4100394815184 End=4100394842731 Duration=27547
Task=67 Chunk=1 Start=4100394842751 End=4100394843081 Duration=330
Task=67 Chunk=2 Start=4100394902760 End=4100394921249 Duration=18489
Task=67 Chunk=3 Start=4100394921351 End=4100394921539 Duration=188
Task=68 Chunk=0 Start=4100394842733 End=4100394869752 Duration=27019
Task=68 Chunk=1 Start=4100394869790 End=4100394870107 Duration=317
Task=68 Chunk=2 Start=4100394921253 End=4100394939638 Duration=18385
Task=68 Chunk=3 Start=4100394939717 End=4100394939889 Duration=172
Task=69 Chunk=0 Start=4100394869754 End=4100394895631 Duration=25877
Task=69 Chunk=1 Start=4100394895671 End=4100394895901 Duration=230
Task=69 Chunk=2 Start=4100394939650 End=4100394958740 Duration=19090
Task=69 Chunk=3 Start=4100394958789 End=4100394958959 Duration=170
Task=70 Chunk=0 Start=4100394895635 End=4100394921426 Duration=25791
Task=70 Chunk=1 Start=4100394921466 End=4100394921697 Duration=231
Task=70 Chunk=2 Start=4100394958751 End=4100394978664 Duration=19913
Task=70 Chunk=3 Start=4100394978683 End=4100394978872 Duration=189
Task=71 Chunk=0 Start=4100394921430 End=4100394946934 Duration=25504
Task=71 Chunk=1 Start=4100394946944 End=4100394947192 Duration=248
Task=71 Chunk=2 Start=4100394978671 End=4100394996941 Duration=18270
Task=71 Chunk=3 Start=4100394997006 End=4100394997179 Duration=173
Task=72 Chunk=0 Start=4100394946937 End=4100394974348 Duration=27411
Task=72 Chunk=1 Start=4100394974401 End=4100394974698 Duration=297
Task=72 Chunk=2 Start=4100394996951 End=4100395015169 Duration=18218
Task=72 Chunk=3 Start=4100395015229 End=4100395015400 Duration=171
Task=73 Chunk=0 Start=4100394974349 End=4100395000269 Duration=25920
Task=73 Chunk=1 Start=4100395000310 End=4100395000529 Duration=219
Task=73 Chunk=2 Start=4100395015192 End=4100395033994 Duration=18802
Task=73 Chunk=3 Start=4100395034045 End=4100395034207 Duration=162
Task=74 Chunk=0 Start=4100395000273 End=4100395025734 Duration=25461
Task=74 Chunk=1 Start=4100395025772 End=4100395026897 Duration=1125
Task=74 Chunk=2 Start=4100395033998 End=4100395052546 Duration=18548
Task=74 Chunk=3 Start=4100395052664 End=4100395052869 Duration=205
Task=75 Chunk=0 Start=4100395025735 End=4100395051312 Duration=25577
Task=75 Chunk=1 Start=4100395051341 End=4100395051546 Duration=205
Task=75 Chunk=2 Start=4100395052559 End=4100395070950 Duration=18391
Task=75 Chunk=3 Start=4100395071049 End=4100395071315 Duration=266
Task=76 Chunk=0 Start=4100395051316 End=4100395078100 Duration=26784
Task=76 Chunk=1 Start=4100395078137 End=4100395078517 Duration=380
Task=76 Chunk=2 Start=4100395078529 End=4100395097436 Duration=18907
Task=76 Chunk=3 Start=4100395097473 End=4100395097655 Duration=182
Task=77 Chunk=0 Start=4100395078101 End=4100395104029 Duration=25928
Task=77 Chunk=1 Start=4100395104041 End=4100395104254 Duration=213
Task=77 Chunk=2 Start=4100395104263 End=4100395124085 Duration=19822
Task=77 Chunk=3 Start=4100395124141 End=4100395124318 Duration=177
Task=78 Chunk=0 Start=4100395104032 End=4100395129797 Duration=25765
Task=78 Chunk=1 Start=4100395129821 End=4100395130071 Duration=250
Task=78 Chunk=2 Start=4100395130078 End=4100395148872 Duration=18794
Task=78 Chunk=3 Start=4100395148955 End=4100395149125 Duration=170
Task=79 Chunk=0 Start=4100395129801 End=4100395155418 Duration=25617
Task=79 Chunk=1 Start=4100395155435 End=4100395155647 Duration=212
Task=79 Chunk=2 Start=4100395155654 End=4100395175524 Duration=19870
Task=79 Chunk=3 Start=4100395175552 End=4100395175762 Duration=210
Task=80 Chunk=0 Start=4100395155421 End=4100395182307 Duration=26886
Task=80 Chunk=1 Start=4100395182335 End=4100395182608 Duration=273
Task=80 Chunk=2 Start=4100395182618 End=4100395201477 Duration=18859
Task=80 Chunk=3 Start=4100395201520 End=4100395201693 Duration=173
Task=81 Chunk=0 Start=4100395182311 End=4100395208175 Duration=25864
Task=81 Chunk=1 Start=4100395208197 End=4100395208459 Duration=262
Task=81 Chunk=2 Start=4100395208474 End=4100395227229 Duration=18755
Task=81 Chunk=3 Start=4100395227327 End=4100395227508 Duration=181
Task=82 Chunk=0 Start=4100395208178 End=4100395233691 Duration=25513
Task=82 Chunk=1 Start=4100395233706 End=4100395233962 Duration=256
Task=82 Chunk=2 Start=4100395233976 End=4100395252723 Duration=18747
Task=82 Chunk=3 Start=4100395252770 End=4100395252956 Duration=186
Task=83 Chunk=0 Start=4100395233695 End=4100395260711 Duration=27016
Task=83 Chunk=1 Start=4100395260721 End=4100395261049 Duration=328
Task=83 Chunk=2 Start=4100395261054 End=4100395280207 Duration=19153
Task=83 Chunk=3 Start=4100395280313 End=4100395280492 Duration=179
Task=84 Chunk=0 Start=4100395260712 End=4100395286352 Duration=25640
Task=84 Chunk=1 Start=4100395286376 End=4100395286644 Duration=268
Task=84 Chunk=2 Start=4100395286658 End=4100395305670 Duration=19012
Task=84 Chunk=3 Start=4100395305749 End=4100395305921 Duration=172
Task=85 Chunk=0 Start=4100395286356 End=4100395312223 Duration=25867
Task=85 Chunk=1 Start=4100395312248 End=4100395312502 Duration=254
Task=85 Chunk=2 Start=4100395312511 End=4100395331392 Duration=18881
Task=85 Chunk=3 Start=4100395331494 End=4100395331663 Duration=169
Task=86 Chunk=0 Start=4100395312227 End=4100395337879 Duration=25652
Task=86 Chunk=1 Start=4100395337906 End=4100395338111 Duration=205
Task=86 Chunk=2 Start=4100395338118 End=4100395358505 Duration=20387
Task=86 Chunk=3 Start=4100395358605 End=4100395358857 Duration=252
Task=87 Chunk=0 Start=4100395337885 End=4100395364452 Duration=26567
Task=87 Chunk=1 Start=4100395364472 End=4100395364731 Duration=259
Task=87 Chunk=2 Start=4100395364736 End=4100395383768 Duration=19032
Task=87 Chunk=3 Start=4100395383861 End=4100395384035 Duration=174
Task=88 Chunk=0 Start=4100395364458 End=4100395390090 Duration=25632
Task=88 Chunk=1 Start=4100395390099 End=4100395390324 Duration=225
Task=88 Chunk=2 Start=4100395390339 End=4100395409365 Duration=19026
Task=88 Chunk=3 Start=4100395409425 End=4100395409593 Duration=168
Task=89 Chunk=0 Start=4100395390094 End=4100395415903 Duration=25809
Task=89 Chunk=1 Start=4100395415935 End=4100395416143 Duration=208
Task=89 Chunk=2 Start=4100395416150 End=4100395434898 Duration=18748
Task=89 Chunk=3 Start=4100395434980 End=4100395435166 Duration=186
Task=90 Chunk=0 Start=4100395415906 End=4100395441694 Duration=25788
Task=90 Chunk=1 Start=4100395441712 End=4100395441912 Duration=200
Task=90 Chunk=2 Start=4100395441922 End=4100395461114 Duration=19192
Task=90 Chunk=3 Start=4100395461210 End=4100395461412 Duration=202
Task=91 Chunk=0 Start=4100395441698 End=4100395468849 Duration=27151
Task=91 Chunk=1 Start=4100395468898 End=4100395469152 Duration=254
Task=91 Chunk=2 Start=4100395469163 End=4100395487919 Duration=18756
Task=91 Chunk=3 Start=4100395487993 End=4100395488167 Duration=174
Task=92 Chunk=0 Start=4100395468850 End=4100395494822 Duration=25972
Task=92 Chunk=1 Start=4100395494837 End=4100395495058 Duration=221
Task=92 Chunk=2 Start=4100395495072 End=4100395514059 Duration=18987
Task=92 Chunk=3 Start=4100395514091 End=4100395514259 Duration=168
Task=93 Chunk=0 Start=4100395494827 End=4100395520434 Duration=25607
Task=93 Chunk=1 Start=4100395520463 End=4100395520722 Duration=259
Task=93 Chunk=2 Start=4100395520729 End=4100395539653 Duration=18924
Task=93 Chunk=3 Start=4100395539720 End=4100395539887 Duration=167
Task=94 Chunk=0 Start=4100395520438 End=4100395545988 Duration=25550
Task=94 Chunk=1 Start=4100395546006 End=4100395546217 Duration=211
Task=94 Chunk=2 Start=4100395546222 End=4100395565398 Duration=19176
Task=94 Chunk=3 Start=4100395565459 End=4100395565668 Duration=209
Task=95 Chunk=0 Start=4100395545992 End=4100395573086 Duration=27094
Task=95 Chunk=1 Start=4100395573134 End=4100395573402 Duration=268
Task=95 Chunk=2 Start=4100395573417 End=4100395592327 Duration=18910
Task=95 Chunk=3 Start=4100395592353 End=4100395592518 Duration=165
Task=96 Chunk=0 Start=4100395573091 End=4100395599075 Duration=25984
Task=96 Chunk=1 Start=4100395599087 End=4100395599316 Duration=229
Task=96 Chunk=2 Start=4100395599331 End=4100395619035 Duration=19704
Task=96 Chunk=3 Start=4100395619081 End=4100395619253 Duration=172
Task=97 Chunk=0 Start=4100395599079 End=4100395624434 Duration=25355
Task=97 Chunk=1 Start=4100395624452 End=4100395624707 Duration=255
Task=97 Chunk=2 Start=4100395624714 End=4100395643602 Duration=18888
Task=97 Chunk=3 Start=4100395643640 End=4100395643828 Duration=188
Task=98 Chunk=0 Start=4100395624438 End=4100395651318 Duration=26880
Task=98 Chunk=1 Start=4100395651346 End=4100395651612 Duration=266
Task=98 Chunk=2 Start=4100395651624 End=4100395671904 Duration=20280
Task=98 Chunk=3 Start=4100395671914 End=4100395672147 Duration=233
Task=99 Chunk=0 Start=4100395651318 End=4100395677134 Duration=25816
Task=99 Chunk=1 Start=4100395677146 End=4100395677585 Duration=439
Task=99 Chunk=2 Start=4100395677596 End=4100395698570 Duration=20974
Task=99 Chunk=3 Start=4100395698613 End=4100395698791 Duration=178
### Python End ###

--------------------------------
[2025-06-26 18:34:53.062] [info] Available Vulkan Layers:
[2025-06-26 18:34:53.062] [warning] Validation layer requested but not available, continuing without it...
[2025-06-26 18:34:53.064] [info] Using integrated GPU: Mali-G710
[2025-06-26 18:34:53.067] [info] VulkanDispatcher instance created.
[2025-06-26 18:34:53.214] [info] Total memory used: 40550404 bytes (38.67188 MB)
[2025-06-26 18:34:53.219] [info] Total memory used: 40550404 bytes (38.67188 MB)
[2025-06-26 18:34:53.271] [info] Total memory used: 40550404 bytes (38.67188 MB)
[2025-06-26 18:34:53.276] [info] Total memory used: 40550404 bytes (38.67188 MB)
[2025-06-26 18:34:53.281] [info] Total memory used: 40550404 bytes (38.67188 MB)
[2025-06-26 18:34:53.368] [info] Total memory used: 40550404 bytes (38.67188 MB)
[2025-06-26 18:34:53.373] [info] Total memory used: 40550404 bytes (38.67188 MB)
[2025-06-26 18:34:53.378] [info] Total memory used: 40550404 bytes (38.67188 MB)
[2025-06-26 18:34:53.383] [info] Total memory used: 40550404 bytes (38.67188 MB)
[2025-06-26 18:34:53.389] [info] Total memory used: 40550404 bytes (38.67188 MB)
[2025-06-26 18:34:53.454] [info] Total memory used: 40550404 bytes (38.67188 MB)
[2025-06-26 18:34:53.459] [info] Total memory used: 40550404 bytes (38.67188 MB)
[2025-06-26 18:34:53.464] [info] Total memory used: 40550404 bytes (38.67188 MB)
[2025-06-26 18:34:53.469] [info] Total memory used: 40550404 bytes (38.67188 MB)
[2025-06-26 18:34:53.474] [info] Total memory used: 40550404 bytes (38.67188 MB)
[2025-06-26 18:34:53.479] [info] Total memory used: 40550404 bytes (38.67188 MB)
### Python Begin ###
Schedule_UID=SCH-M2L1G2B2-G064-f003
Frequency=24576000 Hz
Task=0 Chunk=0 Start=4100407358651 End=4100407418557 Duration=59906
Task=0 Chunk=1 Start=4100407418579 End=4100407450603 Duration=32024
Task=0 Chunk=2 Start=4100407454138 End=4100407538954 Duration=84816
Task=0 Chunk=3 Start=4100407538973 End=4100407600663 Duration=61690
Task=1 Chunk=0 Start=4100407418560 End=4100407450386 Duration=31826
Task=1 Chunk=1 Start=4100407450619 End=4100407451009 Duration=390
Task=1 Chunk=2 Start=4100407538969 End=4100407616570 Duration=77601
Task=1 Chunk=3 Start=4100407616577 End=4100407679246 Duration=62669
Task=2 Chunk=0 Start=4100407450392 End=4100407477622 Duration=27230
Task=2 Chunk=1 Start=4100407477641 End=4100407477918 Duration=277
Task=2 Chunk=2 Start=4100407616573 End=4100407642190 Duration=25617
Task=2 Chunk=3 Start=4100407679250 End=4100407736513 Duration=57263
Task=3 Chunk=0 Start=4100407477623 End=4100407506726 Duration=29103
Task=3 Chunk=1 Start=4100407506761 End=4100407506975 Duration=214
Task=3 Chunk=2 Start=4100407642192 End=4100407655728 Duration=13536
Task=3 Chunk=3 Start=4100407736513 End=4100407794705 Duration=58192
Task=4 Chunk=0 Start=4100407506727 End=4100407530183 Duration=23456
Task=4 Chunk=1 Start=4100407530198 End=4100407530406 Duration=208
Task=4 Chunk=2 Start=4100407655729 End=4100407668138 Duration=12409
Task=4 Chunk=3 Start=4100407794706 End=4100407853014 Duration=58308
Task=5 Chunk=0 Start=4100407530184 End=4100407558734 Duration=28550
Task=5 Chunk=1 Start=4100407558745 End=4100407559056 Duration=311
Task=5 Chunk=2 Start=4100407668139 End=4100407681139 Duration=13000
Task=5 Chunk=3 Start=4100407853015 End=4100407909625 Duration=56610
Task=6 Chunk=0 Start=4100407558735 End=4100407586597 Duration=27862
Task=6 Chunk=1 Start=4100407586613 End=4100407586876 Duration=263
Task=6 Chunk=2 Start=4100407681140 End=4100407693541 Duration=12401
Task=6 Chunk=3 Start=4100407909627 End=4100407968519 Duration=58892
Task=7 Chunk=0 Start=4100407586597 End=4100407613538 Duration=26941
Task=7 Chunk=1 Start=4100407613565 End=4100407613787 Duration=222
Task=7 Chunk=2 Start=4100407693542 End=4100407705976 Duration=12434
Task=7 Chunk=3 Start=4100407968519 End=4100408027069 Duration=58550
Task=8 Chunk=0 Start=4100407613539 End=4100407645559 Duration=32020
Task=8 Chunk=1 Start=4100407645573 End=4100407645963 Duration=390
Task=8 Chunk=2 Start=4100407705978 End=4100407718208 Duration=12230
Task=8 Chunk=3 Start=4100408027074 End=4100408084492 Duration=57418
Task=9 Chunk=0 Start=4100407645568 End=4100407674913 Duration=29345
Task=9 Chunk=1 Start=4100407674924 End=4100407675202 Duration=278
Task=9 Chunk=2 Start=4100407718209 End=4100407730213 Duration=12004
Task=9 Chunk=3 Start=4100408084493 End=4100408141355 Duration=56862
Task=10 Chunk=0 Start=4100407674914 End=4100407707750 Duration=32836
Task=10 Chunk=1 Start=4100407707789 End=4100407708088 Duration=299
Task=10 Chunk=2 Start=4100407730214 End=4100407742529 Duration=12315
Task=10 Chunk=3 Start=4100408141359 End=4100408197332 Duration=55973
Task=11 Chunk=0 Start=4100407707750 End=4100407736216 Duration=28466
Task=11 Chunk=1 Start=4100407736247 End=4100407736567 Duration=320
Task=11 Chunk=2 Start=4100407742531 End=4100407754859 Duration=12328
Task=11 Chunk=3 Start=4100408197339 End=4100408254304 Duration=56965
Task=12 Chunk=0 Start=4100407736221 End=4100407827109 Duration=90888
Task=12 Chunk=1 Start=4100407827139 End=4100407827534 Duration=395
Task=12 Chunk=2 Start=4100407927233 End=4100407943273 Duration=16040
Task=12 Chunk=3 Start=4100408254304 End=4100408310656 Duration=56352
Task=13 Chunk=0 Start=4100407827112 End=4100407851009 Duration=23897
Task=13 Chunk=1 Start=4100407851020 End=4100407851389 Duration=369
Task=13 Chunk=2 Start=4100407943273 End=4100407957110 Duration=13837
Task=13 Chunk=3 Start=4100408310659 End=4100408366950 Duration=56291
Task=14 Chunk=0 Start=4100407851010 End=4100407873559 Duration=22549
Task=14 Chunk=1 Start=4100407873567 End=4100407873782 Duration=215
Task=14 Chunk=2 Start=4100407957111 End=4100407969964 Duration=12853
Task=14 Chunk=3 Start=4100408366952 End=4100408422667 Duration=55715
Task=15 Chunk=0 Start=4100407873560 End=4100407896143 Duration=22583
Task=15 Chunk=1 Start=4100407896194 End=4100407896414 Duration=220
Task=15 Chunk=2 Start=4100407969965 End=4100407984300 Duration=14335
Task=15 Chunk=3 Start=4100408422672 End=4100408478897 Duration=56225
Task=16 Chunk=0 Start=4100407896143 End=4100407918796 Duration=22653
Task=16 Chunk=1 Start=4100407918803 End=4100407919033 Duration=230
Task=16 Chunk=2 Start=4100407984301 End=4100407997299 Duration=12998
Task=16 Chunk=3 Start=4100408478898 End=4100408535002 Duration=56104
Task=17 Chunk=0 Start=4100407918797 End=4100407951167 Duration=32370
Task=17 Chunk=1 Start=4100407951185 End=4100407951598 Duration=413
Task=17 Chunk=2 Start=4100407997300 End=4100408011530 Duration=14230
Task=17 Chunk=3 Start=4100408535002 End=4100408590228 Duration=55226
Task=18 Chunk=0 Start=4100407951168 End=4100407978758 Duration=27590
Task=18 Chunk=1 Start=4100407978797 End=4100407979110 Duration=313
Task=18 Chunk=2 Start=4100408011531 End=4100408024364 Duration=12833
Task=18 Chunk=3 Start=4100408590231 End=4100408646496 Duration=56265
Task=19 Chunk=0 Start=4100407978758 End=4100408005806 Duration=27048
Task=19 Chunk=1 Start=4100408005844 End=4100408006302 Duration=458
Task=19 Chunk=2 Start=4100408024365 End=4100408038593 Duration=14228
Task=19 Chunk=3 Start=4100408646497 End=4100408703166 Duration=56669
Task=20 Chunk=0 Start=4100408005807 End=4100408033300 Duration=27493
Task=20 Chunk=1 Start=4100408033311 End=4100408033649 Duration=338
Task=20 Chunk=2 Start=4100408038601 End=4100408052898 Duration=14297
Task=20 Chunk=3 Start=4100408703169 End=4100408758799 Duration=55630
Task=21 Chunk=0 Start=4100408033301 End=4100408135513 Duration=102212
Task=21 Chunk=1 Start=4100408135529 End=4100408135939 Duration=410
Task=21 Chunk=2 Start=4100408211598 End=4100408234268 Duration=22670
Task=21 Chunk=3 Start=4100408758802 End=4100408813296 Duration=54494
Task=22 Chunk=0 Start=4100408135518 End=4100408158436 Duration=22918
Task=22 Chunk=1 Start=4100408158470 End=4100408158704 Duration=234
Task=22 Chunk=2 Start=4100408234273 End=4100408251866 Duration=17593
Task=22 Chunk=3 Start=4100408813305 End=4100408870291 Duration=56986
Task=23 Chunk=0 Start=4100408158437 End=4100408181009 Duration=22572
Task=23 Chunk=1 Start=4100408181036 End=4100408181266 Duration=230
Task=23 Chunk=2 Start=4100408251867 End=4100408264628 Duration=12761
Task=23 Chunk=3 Start=4100408870293 End=4100408927035 Duration=56742
Task=24 Chunk=0 Start=4100408181009 End=4100408203522 Duration=22513
Task=24 Chunk=1 Start=4100408204196 End=4100408205580 Duration=1384
Task=24 Chunk=2 Start=4100408264631 End=4100408277268 Duration=12637
Task=24 Chunk=3 Start=4100408927036 End=4100408983054 Duration=56018
Task=25 Chunk=0 Start=4100408203528 End=4100408233248 Duration=29720
Task=25 Chunk=1 Start=4100408233295 End=4100408234035 Duration=740
Task=25 Chunk=2 Start=4100408277269 End=4100408289998 Duration=12729
Task=25 Chunk=3 Start=4100408983054 End=4100409043305 Duration=60251
Task=26 Chunk=0 Start=4100408254321 End=4100408281198 Duration=26877
Task=26 Chunk=1 Start=4100408281222 End=4100408281829 Duration=607
Task=26 Chunk=2 Start=4100408289998 End=4100408302420 Duration=12422
Task=26 Chunk=3 Start=4100409043305 End=4100409097710 Duration=54405
Task=27 Chunk=0 Start=4100408330309 End=4100408360280 Duration=29971
Task=27 Chunk=1 Start=4100408360302 End=4100408360994 Duration=692
Task=27 Chunk=2 Start=4100408361003 End=4100408379448 Duration=18445
Task=27 Chunk=3 Start=4100409097712 End=4100409153565 Duration=55853
Task=28 Chunk=0 Start=4100408367013 End=4100408403499 Duration=36486
Task=28 Chunk=1 Start=4100408403545 End=4100408403997 Duration=452
Task=28 Chunk=2 Start=4100408404003 End=4100408423161 Duration=19158
Task=28 Chunk=3 Start=4100409153576 End=4100409208279 Duration=54703
Task=29 Chunk=0 Start=4100408422708 End=4100408467346 Duration=44638
Task=29 Chunk=1 Start=4100408467394 End=4100408467981 Duration=587
Task=29 Chunk=2 Start=4100408467995 End=4100408481198 Duration=13203
Task=29 Chunk=3 Start=4100409208280 End=4100409264265 Duration=55985
Task=30 Chunk=0 Start=4100408478996 End=4100408523840 Duration=44844
Task=30 Chunk=1 Start=4100408523854 End=4100408524329 Duration=475
Task=30 Chunk=2 Start=4100408524341 End=4100408538508 Duration=14167
Task=30 Chunk=3 Start=4100409264267 End=4100409319889 Duration=55622
Task=31 Chunk=0 Start=4100408535049 End=4100408580681 Duration=45632
Task=31 Chunk=1 Start=4100408580723 End=4100408581375 Duration=652
Task=31 Chunk=2 Start=4100408581389 End=4100408594531 Duration=13142
Task=31 Chunk=3 Start=4100409319891 End=4100409374947 Duration=55056
Task=32 Chunk=0 Start=4100408590236 End=4100408638495 Duration=48259
Task=32 Chunk=1 Start=4100408638518 End=4100408639145 Duration=627
Task=32 Chunk=2 Start=4100408639168 End=4100408652190 Duration=13022
Task=32 Chunk=3 Start=4100409374952 End=4100409431254 Duration=56302
Task=33 Chunk=0 Start=4100408646553 End=4100408693199 Duration=46646
Task=33 Chunk=1 Start=4100408693233 End=4100408693764 Duration=531
Task=33 Chunk=2 Start=4100408693773 End=4100408706747 Duration=12974
Task=33 Chunk=3 Start=4100409431258 End=4100409487399 Duration=56141
Task=34 Chunk=0 Start=4100408703258 End=4100408750454 Duration=47196
Task=34 Chunk=1 Start=4100408750493 End=4100408751040 Duration=547
Task=34 Chunk=2 Start=4100408751052 End=4100408764289 Duration=13237
Task=34 Chunk=3 Start=4100409487404 End=4100409544703 Duration=57299
Task=35 Chunk=0 Start=4100408758808 End=4100408804695 Duration=45887
Task=35 Chunk=1 Start=4100408804710 End=4100408805264 Duration=554
Task=35 Chunk=2 Start=4100408805271 End=4100408818286 Duration=13015
Task=35 Chunk=3 Start=4100409544704 End=4100409599355 Duration=54651
Task=36 Chunk=0 Start=4100408813401 End=4100408860763 Duration=47362
Task=36 Chunk=1 Start=4100408860780 End=4100408861698 Duration=918
Task=36 Chunk=2 Start=4100408922199 End=4100409019322 Duration=97123
Task=36 Chunk=3 Start=4100409599358 End=4100409655256 Duration=55898
Task=37 Chunk=0 Start=4100408870335 End=4100408915337 Duration=45002
Task=37 Chunk=1 Start=4100408915364 End=4100408916008 Duration=644
Task=37 Chunk=2 Start=4100409019323 End=4100409033069 Duration=13746
Task=37 Chunk=3 Start=4100409655259 End=4100409710987 Duration=55728
Task=38 Chunk=0 Start=4100408927053 End=4100408972288 Duration=45235
Task=38 Chunk=1 Start=4100408972307 End=4100408972987 Duration=680
Task=38 Chunk=2 Start=4100409033078 End=4100409049837 Duration=16759
Task=38 Chunk=3 Start=4100409710991 End=4100409765809 Duration=54818
Task=39 Chunk=0 Start=4100408983070 End=4100409028881 Duration=45811
Task=39 Chunk=1 Start=4100409028898 End=4100409029484 Duration=586
Task=39 Chunk=2 Start=4100409049837 End=4100409061526 Duration=11689
Task=39 Chunk=3 Start=4100409765810 End=4100409821616 Duration=55806
Task=40 Chunk=0 Start=4100409043321 End=4100409088510 Duration=45189
Task=40 Chunk=1 Start=4100409088558 End=4100409089079 Duration=521
Task=40 Chunk=2 Start=4100409089091 End=4100409101314 Duration=12223
Task=40 Chunk=3 Start=4100409821622 End=4100409876436 Duration=54814
Task=41 Chunk=0 Start=4100409097745 End=4100409144212 Duration=46467
Task=41 Chunk=1 Start=4100409144223 End=4100409144781 Duration=558
Task=41 Chunk=2 Start=4100409144791 End=4100409157743 Duration=12952
Task=41 Chunk=3 Start=4100409876437 End=4100409932011 Duration=55574
Task=42 Chunk=0 Start=4100409153639 End=4100409199233 Duration=45594
Task=42 Chunk=1 Start=4100409199254 End=4100409199599 Duration=345
Task=42 Chunk=2 Start=4100409199608 End=4100409212862 Duration=13254
Task=42 Chunk=3 Start=4100409932016 End=4100409987553 Duration=55537
Task=43 Chunk=0 Start=4100409208375 End=4100409255605 Duration=47230
Task=43 Chunk=1 Start=4100409255615 End=4100409255936 Duration=321
Task=43 Chunk=2 Start=4100409255951 End=4100409269291 Duration=13340
Task=43 Chunk=3 Start=4100409987554 End=4100410043175 Duration=55621
Task=44 Chunk=0 Start=4100409264328 End=4100409310480 Duration=46152
Task=44 Chunk=1 Start=4100409310526 End=4100409310762 Duration=236
Task=44 Chunk=2 Start=4100409310774 End=4100409324907 Duration=14133
Task=44 Chunk=3 Start=4100410043179 End=4100410097765 Duration=54586
Task=45 Chunk=0 Start=4100409319903 End=4100409366040 Duration=46137
Task=45 Chunk=1 Start=4100409366100 End=4100409366373 Duration=273
Task=45 Chunk=2 Start=4100409366389 End=4100409379739 Duration=13350
Task=45 Chunk=3 Start=4100410097769 End=4100410153638 Duration=55869
Task=46 Chunk=0 Start=4100409374979 End=4100409422253 Duration=47274
Task=46 Chunk=1 Start=4100409422287 End=4100409422553 Duration=266
Task=46 Chunk=2 Start=4100409422563 End=4100409436317 Duration=13754
Task=46 Chunk=3 Start=4100410153646 End=4100410209643 Duration=55997
Task=47 Chunk=0 Start=4100409431350 End=4100409477872 Duration=46522
Task=47 Chunk=1 Start=4100409477901 End=4100409478137 Duration=236
Task=47 Chunk=2 Start=4100409478149 End=4100409491704 Duration=13555
Task=47 Chunk=3 Start=4100410209644 End=4100410264809 Duration=55165
Task=48 Chunk=0 Start=4100409487477 End=4100409535559 Duration=48082
Task=48 Chunk=1 Start=4100409535615 End=4100409536015 Duration=400
Task=48 Chunk=2 Start=4100409536039 End=4100409549871 Duration=13832
Task=48 Chunk=3 Start=4100410264814 End=4100410320564 Duration=55750
Task=49 Chunk=0 Start=4100409544747 End=4100409590936 Duration=46189
Task=49 Chunk=1 Start=4100409590969 End=4100409591214 Duration=245
Task=49 Chunk=2 Start=4100409591227 End=4100409604858 Duration=13631
Task=49 Chunk=3 Start=4100410320565 End=4100410376834 Duration=56269
Task=50 Chunk=0 Start=4100409599411 End=4100409646303 Duration=46892
Task=50 Chunk=1 Start=4100409646326 End=4100409646624 Duration=298
Task=50 Chunk=2 Start=4100409646633 End=4100409660029 Duration=13396
Task=50 Chunk=3 Start=4100410376837 End=4100410433195 Duration=56358
Task=51 Chunk=0 Start=4100409655276 End=4100409700976 Duration=45700
Task=51 Chunk=1 Start=4100409701020 End=4100409701307 Duration=287
Task=51 Chunk=2 Start=4100409701322 End=4100409714781 Duration=13459
Task=51 Chunk=3 Start=4100410433196 End=4100410488975 Duration=55779
Task=52 Chunk=0 Start=4100409711056 End=4100409756681 Duration=45625
Task=52 Chunk=1 Start=4100409756708 End=4100409757013 Duration=305
Task=52 Chunk=2 Start=4100409757027 End=4100409770514 Duration=13487
Task=52 Chunk=3 Start=4100410488976 End=4100410544431 Duration=55455
Task=53 Chunk=0 Start=4100409765908 End=4100409813102 Duration=47194
Task=53 Chunk=1 Start=4100409813137 End=4100409813411 Duration=274
Task=53 Chunk=2 Start=4100409813427 End=4100409826651 Duration=13224
Task=53 Chunk=3 Start=4100410544436 End=4100410599633 Duration=55197
Task=54 Chunk=0 Start=4100409821631 End=4100409867670 Duration=46039
Task=54 Chunk=1 Start=4100409867682 End=4100409867918 Duration=236
Task=54 Chunk=2 Start=4100409867933 End=4100409881326 Duration=13393
Task=54 Chunk=3 Start=4100410599636 End=4100410654357 Duration=54721
Task=55 Chunk=0 Start=4100409876486 End=4100409923819 Duration=47333
Task=55 Chunk=1 Start=4100409923844 End=4100409924113 Duration=269
Task=55 Chunk=2 Start=4100409924127 End=4100409937753 Duration=13626
Task=55 Chunk=3 Start=4100410654360 End=4100410710484 Duration=56124
Task=56 Chunk=0 Start=4100409932058 End=4100409978054 Duration=45996
Task=56 Chunk=1 Start=4100409978084 End=4100409978296 Duration=212
Task=56 Chunk=2 Start=4100409978300 End=4100409991558 Duration=13258
Task=56 Chunk=3 Start=4100410710485 End=4100410765381 Duration=54896
Task=57 Chunk=0 Start=4100409987606 End=4100410034016 Duration=46410
Task=57 Chunk=1 Start=4100410034043 End=4100410034328 Duration=285
Task=57 Chunk=2 Start=4100410034334 End=4100410048282 Duration=13948
Task=57 Chunk=3 Start=4100410765381 End=4100410820485 Duration=55104
Task=58 Chunk=0 Start=4100410043200 End=4100410089016 Duration=45816
Task=58 Chunk=1 Start=4100410089033 End=4100410089270 Duration=237
Task=58 Chunk=2 Start=4100410089279 End=4100410102541 Duration=13262
Task=58 Chunk=3 Start=4100410820486 End=4100410874889 Duration=54403
Task=59 Chunk=0 Start=4100410097804 End=4100410144726 Duration=46922
Task=59 Chunk=1 Start=4100410144783 End=4100410145085 Duration=302
Task=59 Chunk=2 Start=4100410145094 End=4100410158351 Duration=13257
Task=59 Chunk=3 Start=4100410874892 End=4100410930905 Duration=56013
Task=60 Chunk=0 Start=4100410153659 End=4100410200721 Duration=47062
Task=60 Chunk=1 Start=4100410200756 End=4100410201020 Duration=264
Task=60 Chunk=2 Start=4100410201034 End=4100410214732 Duration=13698
Task=60 Chunk=3 Start=4100410930909 End=4100410986593 Duration=55684
Task=61 Chunk=0 Start=4100410209651 End=4100410255386 Duration=45735
Task=61 Chunk=1 Start=4100410255412 End=4100410255629 Duration=217
Task=61 Chunk=2 Start=4100410255636 End=4100410269031 Duration=13395
Task=61 Chunk=3 Start=4100410986601 End=4100411041654 Duration=55053
Task=62 Chunk=0 Start=4100410264857 End=4100410312437 Duration=47580
Task=62 Chunk=1 Start=4100410312503 End=4100410312788 Duration=285
Task=62 Chunk=2 Start=4100410312802 End=4100410326552 Duration=13750
Task=62 Chunk=3 Start=4100411041659 End=4100411097505 Duration=55846
Task=63 Chunk=0 Start=4100410320614 End=4100410367110 Duration=46496
Task=63 Chunk=1 Start=4100410367118 End=4100410367343 Duration=225
Task=63 Chunk=2 Start=4100410367354 End=4100410380646 Duration=13292
Task=63 Chunk=3 Start=4100411097506 End=4100411151954 Duration=54448
Task=64 Chunk=0 Start=4100410376899 End=4100410424244 Duration=47345
Task=64 Chunk=1 Start=4100410424267 End=4100410424529 Duration=262
Task=64 Chunk=2 Start=4100410424538 End=4100410438854 Duration=14316
Task=64 Chunk=3 Start=4100411151958 End=4100411209166 Duration=57208
Task=65 Chunk=0 Start=4100410433287 End=4100410479107 Duration=45820
Task=65 Chunk=1 Start=4100410479156 End=4100410479381 Duration=225
Task=65 Chunk=2 Start=4100410479396 End=4100410493195 Duration=13799
Task=65 Chunk=3 Start=4100411209167 End=4100411263665 Duration=54498
Task=66 Chunk=0 Start=4100410488990 End=4100410535418 Duration=46428
Task=66 Chunk=1 Start=4100410535437 End=4100410535750 Duration=313
Task=66 Chunk=2 Start=4100410535758 End=4100410549227 Duration=13469
Task=66 Chunk=3 Start=4100411263668 End=4100411319480 Duration=55812
Task=67 Chunk=0 Start=4100410544445 End=4100410591575 Duration=47130
Task=67 Chunk=1 Start=4100410591610 End=4100410594726 Duration=3116
Task=67 Chunk=2 Start=4100410594737 End=4100410608581 Duration=13844
Task=67 Chunk=3 Start=4100411319481 End=4100411373874 Duration=54393
Task=68 Chunk=0 Start=4100410599703 End=4100410644869 Duration=45166
Task=68 Chunk=1 Start=4100410644926 End=4100410645194 Duration=268
Task=68 Chunk=2 Start=4100410645200 End=4100410658577 Duration=13377
Task=68 Chunk=3 Start=4100411373875 End=4100411430043 Duration=56168
Task=69 Chunk=0 Start=4100410654442 End=4100410701694 Duration=47252
Task=69 Chunk=1 Start=4100410701746 End=4100410702020 Duration=274
Task=69 Chunk=2 Start=4100410702025 End=4100410715735 Duration=13710
Task=69 Chunk=3 Start=4100411430044 End=4100411485420 Duration=55376
Task=70 Chunk=0 Start=4100410710522 End=4100410756405 Duration=45883
Task=70 Chunk=1 Start=4100410756449 End=4100410756670 Duration=221
Task=70 Chunk=2 Start=4100410756688 End=4100410770247 Duration=13559
Task=70 Chunk=3 Start=4100411485427 End=4100411539854 Duration=54427
Task=71 Chunk=0 Start=4100410765487 End=4100410812558 Duration=47071
Task=71 Chunk=1 Start=4100410812570 End=4100410812871 Duration=301
Task=71 Chunk=2 Start=4100410812881 End=4100410826436 Duration=13555
Task=71 Chunk=3 Start=4100411539855 End=4100411596143 Duration=56288
Task=72 Chunk=0 Start=4100410820490 End=4100410866163 Duration=45673
Task=72 Chunk=1 Start=4100410866187 End=4100410866416 Duration=229
Task=72 Chunk=2 Start=4100410866435 End=4100410879753 Duration=13318
Task=72 Chunk=3 Start=4100411596148 End=4100411650428 Duration=54280
Task=73 Chunk=0 Start=4100410874987 End=4100410922033 Duration=47046
Task=73 Chunk=1 Start=4100410922082 End=4100410922343 Duration=261
Task=73 Chunk=2 Start=4100410922348 End=4100410935547 Duration=13199
Task=73 Chunk=3 Start=4100411650432 End=4100411706148 Duration=55716
Task=74 Chunk=0 Start=4100410930985 End=4100410977081 Duration=46096
Task=74 Chunk=1 Start=4100410977131 End=4100410977418 Duration=287
Task=74 Chunk=2 Start=4100410977430 End=4100410990909 Duration=13479
Task=74 Chunk=3 Start=4100411706152 End=4100411760791 Duration=54639
Task=75 Chunk=0 Start=4100410986612 End=4100411032539 Duration=45927
Task=75 Chunk=1 Start=4100411032583 End=4100411032896 Duration=313
Task=75 Chunk=2 Start=4100411032907 End=4100411046384 Duration=13477
Task=75 Chunk=3 Start=4100411760794 End=4100411817378 Duration=56584
Task=76 Chunk=0 Start=4100411041720 End=4100411088675 Duration=46955
Task=76 Chunk=1 Start=4100411088725 End=4100411088996 Duration=271
Task=76 Chunk=2 Start=4100411089006 End=4100411102619 Duration=13613
Task=76 Chunk=3 Start=4100411817379 End=4100411873661 Duration=56282
Task=77 Chunk=0 Start=4100411097603 End=4100411143769 Duration=46166
Task=77 Chunk=1 Start=4100411143781 End=4100411144046 Duration=265
Task=77 Chunk=2 Start=4100411144055 End=4100411157303 Duration=13248
Task=77 Chunk=3 Start=4100411873668 End=4100411929417 Duration=55749
Task=78 Chunk=0 Start=4100411152030 End=4100411200442 Duration=48412
Task=78 Chunk=1 Start=4100411200483 End=4100411200777 Duration=294
Task=78 Chunk=2 Start=4100411200790 End=4100411214336 Duration=13546
Task=78 Chunk=3 Start=4100411929420 End=4100411984889 Duration=55469
Task=79 Chunk=0 Start=4100411209252 End=4100411255330 Duration=46078
Task=79 Chunk=1 Start=4100411255361 End=4100411255589 Duration=228
Task=79 Chunk=2 Start=4100411255602 End=4100411268752 Duration=13150
Task=79 Chunk=3 Start=4100411984896 End=4100412040845 Duration=55949
Task=80 Chunk=0 Start=4100411263737 End=4100411311206 Duration=47469
Task=80 Chunk=1 Start=4100411311246 End=4100411311722 Duration=476
Task=80 Chunk=2 Start=4100411311734 End=4100411325419 Duration=13685
Task=80 Chunk=3 Start=4100412040851 End=4100412096197 Duration=55346
Task=81 Chunk=0 Start=4100411319568 End=4100411365821 Duration=46253
Task=81 Chunk=1 Start=4100411365840 End=4100411366111 Duration=271
Task=81 Chunk=2 Start=4100411366126 End=4100411379061 Duration=12935
Task=81 Chunk=3 Start=4100412096198 End=4100412150759 Duration=54561
Task=82 Chunk=0 Start=4100411373910 End=4100411420368 Duration=46458
Task=82 Chunk=1 Start=4100411420404 End=4100411420710 Duration=306
Task=82 Chunk=2 Start=4100411420993 End=4100411434447 Duration=13454
Task=82 Chunk=3 Start=4100412150760 End=4100412206731 Duration=55971
Task=83 Chunk=0 Start=4100411430097 End=4100411477063 Duration=46966
Task=83 Chunk=1 Start=4100411477100 End=4100411477376 Duration=276
Task=83 Chunk=2 Start=4100411477389 End=4100411490400 Duration=13011
Task=83 Chunk=3 Start=4100412206732 End=4100412262201 Duration=55469
Task=84 Chunk=0 Start=4100411485444 End=4100411531067 Duration=45623
Task=84 Chunk=1 Start=4100411531091 End=4100411531323 Duration=232
Task=84 Chunk=2 Start=4100411531332 End=4100411544707 Duration=13375
Task=84 Chunk=3 Start=4100412262202 End=4100412316605 Duration=54403
Task=85 Chunk=0 Start=4100411539899 End=4100411587432 Duration=47533
Task=85 Chunk=1 Start=4100411587477 End=4100411587892 Duration=415
Task=85 Chunk=2 Start=4100411587905 End=4100411601102 Duration=13197
Task=85 Chunk=3 Start=4100412316608 End=4100412372584 Duration=55976
Task=86 Chunk=0 Start=4100411596176 End=4100411641841 Duration=45665
Task=86 Chunk=1 Start=4100411641868 End=4100411642160 Duration=292
Task=86 Chunk=2 Start=4100411642170 End=4100411655179 Duration=13009
Task=86 Chunk=3 Start=4100412372585 End=4100412426616 Duration=54031
Task=87 Chunk=0 Start=4100411650448 End=4100411697681 Duration=47233
Task=87 Chunk=1 Start=4100411697709 End=4100411698052 Duration=343
Task=87 Chunk=2 Start=4100411698057 End=4100411711415 Duration=13358
Task=87 Chunk=3 Start=4100412426621 End=4100412480937 Duration=54316
Task=88 Chunk=0 Start=4100411706199 End=4100411752236 Duration=46037
Task=88 Chunk=1 Start=4100411752251 End=4100411752527 Duration=276
Task=88 Chunk=2 Start=4100411752545 End=4100411765607 Duration=13062
Task=88 Chunk=3 Start=4100412480938 End=4100412534231 Duration=53293
Task=89 Chunk=0 Start=4100411760895 End=4100411807577 Duration=46682
Task=89 Chunk=1 Start=4100411807646 End=4100411807993 Duration=347
Task=89 Chunk=2 Start=4100411808008 End=4100411821289 Duration=13281
Task=89 Chunk=3 Start=4100412534232 End=4100412588725 Duration=54493
Task=90 Chunk=0 Start=4100411817462 End=4100411862748 Duration=45286
Task=90 Chunk=1 Start=4100411862791 End=4100411863022 Duration=231
Task=90 Chunk=2 Start=4100411863036 End=4100411875826 Duration=12790
Task=90 Chunk=3 Start=4100412588729 End=4100412642904 Duration=54175
Task=91 Chunk=0 Start=4100411873730 End=4100411919077 Duration=45347
Task=91 Chunk=1 Start=4100411919125 End=4100411919439 Duration=314
Task=91 Chunk=2 Start=4100411919455 End=4100411932467 Duration=13012
Task=91 Chunk=3 Start=4100412642907 End=4100412697926 Duration=55019
Task=92 Chunk=0 Start=4100411929473 End=4100411975832 Duration=46359
Task=92 Chunk=1 Start=4100411975871 End=4100411976171 Duration=300
Task=92 Chunk=2 Start=4100411976184 End=4100411989461 Duration=13277
Task=92 Chunk=3 Start=4100412697927 End=4100412752235 Duration=54308
Task=93 Chunk=0 Start=4100411984921 End=4100412031265 Duration=46344
Task=93 Chunk=1 Start=4100412031315 End=4100412031593 Duration=278
Task=93 Chunk=2 Start=4100412031599 End=4100412044906 Duration=13307
Task=93 Chunk=3 Start=4100412752236 End=4100412807259 Duration=55023
Task=94 Chunk=0 Start=4100412040861 End=4100412088782 Duration=47921
Task=94 Chunk=1 Start=4100412088806 End=4100412089100 Duration=294
Task=94 Chunk=2 Start=4100412089115 End=4100412102220 Duration=13105
Task=94 Chunk=3 Start=4100412807265 End=4100412863953 Duration=56688
Task=95 Chunk=0 Start=4100412096290 End=4100412141586 Duration=45296
Task=95 Chunk=1 Start=4100412141613 End=4100412141884 Duration=271
Task=95 Chunk=2 Start=4100412141890 End=4100412154951 Duration=13061
Task=95 Chunk=3 Start=4100412863958 End=4100412919352 Duration=55394
Task=96 Chunk=0 Start=4100412150837 End=4100412198002 Duration=47165
Task=96 Chunk=1 Start=4100412198039 End=4100412198319 Duration=280
Task=96 Chunk=2 Start=4100412198330 End=4100412211871 Duration=13541
Task=96 Chunk=3 Start=4100412919353 End=4100412974127 Duration=54774
Task=97 Chunk=0 Start=4100412206791 End=4100412252475 Duration=45684
Task=97 Chunk=1 Start=4100412252516 End=4100412252794 Duration=278
Task=97 Chunk=2 Start=4100412252810 End=4100412265679 Duration=12869
Task=97 Chunk=3 Start=4100412974130 End=4100413028343 Duration=54213
Task=98 Chunk=0 Start=4100412263005 End=4100412308693 Duration=45688
Task=98 Chunk=1 Start=4100412308744 End=4100412309006 Duration=262
Task=98 Chunk=2 Start=4100412309017 End=4100412321807 Duration=12790
Task=98 Chunk=3 Start=4100413028346 End=4100413083943 Duration=55597
Task=99 Chunk=0 Start=4100412316661 End=4100412363939 Duration=47278
Task=99 Chunk=1 Start=4100412363988 End=4100412365023 Duration=1035
Task=99 Chunk=2 Start=4100412365032 End=4100412377764 Duration=12732
Task=99 Chunk=3 Start=4100413083973 End=4100413137944 Duration=53971
### Python End ###

--------------------------------
[2025-06-26 18:34:53.739] [info] Available Vulkan Layers:
[2025-06-26 18:34:53.739] [warning] Validation layer requested but not available, continuing without it...
[2025-06-26 18:34:53.742] [info] Using integrated GPU: Mali-G710
[2025-06-26 18:34:53.744] [info] VulkanDispatcher instance created.
[2025-06-26 18:34:53.888] [info] Total memory used: 40550404 bytes (38.67188 MB)
[2025-06-26 18:34:53.893] [info] Total memory used: 40550404 bytes (38.67188 MB)
[2025-06-26 18:34:53.960] [info] Total memory used: 40550404 bytes (38.67188 MB)
[2025-06-26 18:34:53.965] [info] Total memory used: 40550404 bytes (38.67188 MB)
[2025-06-26 18:34:53.971] [info] Total memory used: 40550404 bytes (38.67188 MB)
[2025-06-26 18:34:54.036] [info] Total memory used: 40550404 bytes (38.67188 MB)
[2025-06-26 18:34:54.041] [info] Total memory used: 40550404 bytes (38.67188 MB)
[2025-06-26 18:34:54.046] [info] Total memory used: 40550404 bytes (38.67188 MB)
[2025-06-26 18:34:54.051] [info] Total memory used: 40550404 bytes (38.67188 MB)
[2025-06-26 18:34:54.056] [info] Total memory used: 40550404 bytes (38.67188 MB)
[2025-06-26 18:34:54.142] [info] Total memory used: 40550404 bytes (38.67188 MB)
[2025-06-26 18:34:54.147] [info] Total memory used: 40550404 bytes (38.67188 MB)
[2025-06-26 18:34:54.152] [info] Total memory used: 40550404 bytes (38.67188 MB)
[2025-06-26 18:34:54.157] [info] Total memory used: 40550404 bytes (38.67188 MB)
[2025-06-26 18:34:54.162] [info] Total memory used: 40550404 bytes (38.67188 MB)
[2025-06-26 18:34:54.167] [info] Total memory used: 40550404 bytes (38.67188 MB)
### Python Begin ###
Schedule_UID=SCH-L1M2G3B1-G067-09df
Frequency=24576000 Hz
Task=0 Chunk=0 Start=4100424272986 End=4100424284700 Duration=11714
Task=0 Chunk=1 Start=4100424284723 End=4100424299118 Duration=14395
Task=0 Chunk=2 Start=4100424299159 End=4100424402450 Duration=103291
Task=0 Chunk=3 Start=4100424402482 End=4100424407994 Duration=5512
Task=1 Chunk=0 Start=4100424284715 End=4100424285700 Duration=985
Task=1 Chunk=1 Start=4100424299122 End=4100424306468 Duration=7346
Task=1 Chunk=2 Start=4100424402452 End=4100424442429 Duration=39977
Task=1 Chunk=3 Start=4100424442452 End=4100424442629 Duration=177
Task=2 Chunk=0 Start=4100424285704 End=4100424286236 Duration=532
Task=2 Chunk=1 Start=4100424306471 End=4100424313799 Duration=7328
Task=2 Chunk=2 Start=4100424442452 End=4100424463411 Duration=20959
Task=2 Chunk=3 Start=4100424465440 End=4100424465677 Duration=237
Task=3 Chunk=0 Start=4100424286238 End=4100424286740 Duration=502
Task=3 Chunk=1 Start=4100424313800 End=4100424320935 Duration=7135
Task=3 Chunk=2 Start=4100424463414 End=4100424483907 Duration=20493
Task=3 Chunk=3 Start=4100424485338 End=4100424485490 Duration=152
Task=4 Chunk=0 Start=4100424286741 End=4100424287237 Duration=496
Task=4 Chunk=1 Start=4100424320936 End=4100424328075 Duration=7139
Task=4 Chunk=2 Start=4100424483908 End=4100424503752 Duration=19844
Task=4 Chunk=3 Start=4100424505238 End=4100424505399 Duration=161
Task=5 Chunk=0 Start=4100424287239 End=4100424287772 Duration=533
Task=5 Chunk=1 Start=4100424328076 End=4100424335154 Duration=7078
Task=5 Chunk=2 Start=4100424503753 End=4100424523537 Duration=19784
Task=5 Chunk=3 Start=4100424524668 End=4100424524826 Duration=158
Task=6 Chunk=0 Start=4100424287773 End=4100424288263 Duration=490
Task=6 Chunk=1 Start=4100424335155 End=4100424342329 Duration=7174
Task=6 Chunk=2 Start=4100424523539 End=4100424544174 Duration=20635
Task=6 Chunk=3 Start=4100424545209 End=4100424545346 Duration=137
Task=7 Chunk=0 Start=4100424288265 End=4100424288752 Duration=487
Task=7 Chunk=1 Start=4100424342330 End=4100424349386 Duration=7056
Task=7 Chunk=2 Start=4100424544178 End=4100424565302 Duration=21124
Task=7 Chunk=3 Start=4100424566404 End=4100424566552 Duration=148
Task=8 Chunk=0 Start=4100424288755 End=4100424289287 Duration=532
Task=8 Chunk=1 Start=4100424349387 End=4100424357933 Duration=8546
Task=8 Chunk=2 Start=4100424565303 End=4100424586069 Duration=20766
Task=8 Chunk=3 Start=4100424587051 End=4100424587233 Duration=182
Task=9 Chunk=0 Start=4100424289290 End=4100424289781 Duration=491
Task=9 Chunk=1 Start=4100424357934 End=4100424365154 Duration=7220
Task=9 Chunk=2 Start=4100424586072 End=4100424606551 Duration=20479
Task=9 Chunk=3 Start=4100424607516 End=4100424607650 Duration=134
Task=10 Chunk=0 Start=4100424289783 End=4100424290312 Duration=529
Task=10 Chunk=1 Start=4100424365155 End=4100424372249 Duration=7094
Task=10 Chunk=2 Start=4100424606552 End=4100424627340 Duration=20788
Task=10 Chunk=3 Start=4100424628290 End=4100424628440 Duration=150
Task=11 Chunk=0 Start=4100424290314 End=4100424290802 Duration=488
Task=11 Chunk=1 Start=4100424372250 End=4100424379260 Duration=7010
Task=11 Chunk=2 Start=4100424627343 End=4100424648842 Duration=21499
Task=11 Chunk=3 Start=4100424649994 End=4100424650145 Duration=151
Task=12 Chunk=0 Start=4100424290804 End=4100424291330 Duration=526
Task=12 Chunk=1 Start=4100424379261 End=4100424386475 Duration=7214
Task=12 Chunk=2 Start=4100424648849 End=4100424669640 Duration=20791
Task=12 Chunk=3 Start=4100424670752 End=4100424670894 Duration=142
Task=13 Chunk=0 Start=4100424291331 End=4100424291822 Duration=491
Task=13 Chunk=1 Start=4100424386475 End=4100424393828 Duration=7353
Task=13 Chunk=2 Start=4100424669643 End=4100424690252 Duration=20609
Task=13 Chunk=3 Start=4100424691208 End=4100424691326 Duration=118
Task=14 Chunk=0 Start=4100424291823 End=4100424292348 Duration=525
Task=14 Chunk=1 Start=4100424393829 End=4100424401044 Duration=7215
Task=14 Chunk=2 Start=4100424690256 End=4100424711026 Duration=20770
Task=14 Chunk=3 Start=4100424711870 End=4100424711992 Duration=122
Task=15 Chunk=0 Start=4100424408008 End=4100424408681 Duration=673
Task=15 Chunk=1 Start=4100424408688 End=4100424416241 Duration=7553
Task=15 Chunk=2 Start=4100424711029 End=4100424731505 Duration=20476
Task=15 Chunk=3 Start=4100424732597 End=4100424732731 Duration=134
Task=16 Chunk=0 Start=4100424442663 End=4100424443181 Duration=518
Task=16 Chunk=1 Start=4100424443189 End=4100424450388 Duration=7199
Task=16 Chunk=2 Start=4100424731508 End=4100424752253 Duration=20745
Task=16 Chunk=3 Start=4100424753581 End=4100424753755 Duration=174
Task=17 Chunk=0 Start=4100424465690 End=4100424466216 Duration=526
Task=17 Chunk=1 Start=4100424466226 End=4100424474162 Duration=7936
Task=17 Chunk=2 Start=4100424752256 End=4100424773061 Duration=20805
Task=17 Chunk=3 Start=4100424774149 End=4100424774280 Duration=131
Task=18 Chunk=0 Start=4100424485532 End=4100424486120 Duration=588
Task=18 Chunk=1 Start=4100424486132 End=4100424493503 Duration=7371
Task=18 Chunk=2 Start=4100424773064 End=4100424792897 Duration=19833
Task=18 Chunk=3 Start=4100424793789 End=4100424793925 Duration=136
Task=19 Chunk=0 Start=4100424505428 End=4100424505880 Duration=452
Task=19 Chunk=1 Start=4100424505886 End=4100424513310 Duration=7424
Task=19 Chunk=2 Start=4100424792899 End=4100424812717 Duration=19818
Task=19 Chunk=3 Start=4100424813633 End=4100424813768 Duration=135
Task=20 Chunk=0 Start=4100424524866 End=4100424525317 Duration=451
Task=20 Chunk=1 Start=4100424525326 End=4100424532719 Duration=7393
Task=20 Chunk=2 Start=4100424812719 End=4100424832197 Duration=19478
Task=20 Chunk=3 Start=4100424833154 End=4100424833298 Duration=144
Task=21 Chunk=0 Start=4100424545382 End=4100424545955 Duration=573
Task=21 Chunk=1 Start=4100424545963 End=4100424554654 Duration=8691
Task=21 Chunk=2 Start=4100424832198 End=4100424852548 Duration=20350
Task=21 Chunk=3 Start=4100424854006 End=4100424854184 Duration=178
Task=22 Chunk=0 Start=4100424566588 End=4100424567245 Duration=657
Task=22 Chunk=1 Start=4100424567262 End=4100424574811 Duration=7549
Task=22 Chunk=2 Start=4100424852554 End=4100424872658 Duration=20104
Task=22 Chunk=3 Start=4100424873640 End=4100424873772 Duration=132
Task=23 Chunk=0 Start=4100424587271 End=4100424587874 Duration=603
Task=23 Chunk=1 Start=4100424587882 End=4100424595233 Duration=7351
Task=23 Chunk=2 Start=4100424872659 End=4100424892323 Duration=19664
Task=23 Chunk=3 Start=4100424893278 End=4100424893412 Duration=134
Task=24 Chunk=0 Start=4100424607657 End=4100424608297 Duration=640
Task=24 Chunk=1 Start=4100424608313 End=4100424615843 Duration=7530
Task=24 Chunk=2 Start=4100424892325 End=4100424911919 Duration=19594
Task=24 Chunk=3 Start=4100424912830 End=4100424912955 Duration=125
Task=25 Chunk=0 Start=4100424628478 End=4100424629103 Duration=625
Task=25 Chunk=1 Start=4100424629117 End=4100424636563 Duration=7446
Task=25 Chunk=2 Start=4100424911920 End=4100424931670 Duration=19750
Task=25 Chunk=3 Start=4100424932655 End=4100424932804 Duration=149
Task=26 Chunk=0 Start=4100424650187 End=4100424650934 Duration=747
Task=26 Chunk=1 Start=4100424650945 End=4100424658486 Duration=7541
Task=26 Chunk=2 Start=4100424931672 End=4100424952120 Duration=20448
Task=26 Chunk=3 Start=4100424953160 End=4100424953298 Duration=138
Task=27 Chunk=0 Start=4100424670917 End=4100424671637 Duration=720
Task=27 Chunk=1 Start=4100424671647 End=4100424679189 Duration=7542
Task=27 Chunk=2 Start=4100424952123 End=4100424972128 Duration=20005
Task=27 Chunk=3 Start=4100424973112 End=4100424973240 Duration=128
Task=28 Chunk=0 Start=4100424691341 End=4100424691983 Duration=642
Task=28 Chunk=1 Start=4100424691990 End=4100424699497 Duration=7507
Task=28 Chunk=2 Start=4100424972131 End=4100424991846 Duration=19715
Task=28 Chunk=3 Start=4100424992868 End=4100424992995 Duration=127
Task=29 Chunk=0 Start=4100424712004 End=4100424712557 Duration=553
Task=29 Chunk=1 Start=4100424712564 End=4100424719876 Duration=7312
Task=29 Chunk=2 Start=4100424991849 End=4100425011656 Duration=19807
Task=29 Chunk=3 Start=4100425012551 End=4100425012677 Duration=126
Task=30 Chunk=0 Start=4100424732743 End=4100424733366 Duration=623
Task=30 Chunk=1 Start=4100424733374 End=4100424740621 Duration=7247
Task=30 Chunk=2 Start=4100425011659 End=4100425031240 Duration=19581
Task=30 Chunk=3 Start=4100425032271 End=4100425032408 Duration=137
Task=31 Chunk=0 Start=4100424753785 End=4100424754431 Duration=646
Task=31 Chunk=1 Start=4100424754441 End=4100424762482 Duration=8041
Task=31 Chunk=2 Start=4100425031242 End=4100425051052 Duration=19810
Task=31 Chunk=3 Start=4100425052074 End=4100425052224 Duration=150
Task=32 Chunk=0 Start=4100424774313 End=4100424775153 Duration=840
Task=32 Chunk=1 Start=4100424775162 End=4100424782679 Duration=7517
Task=32 Chunk=2 Start=4100425051056 End=4100425071259 Duration=20203
Task=32 Chunk=3 Start=4100425072111 End=4100425072250 Duration=139
Task=33 Chunk=0 Start=4100424793940 End=4100424794567 Duration=627
Task=33 Chunk=1 Start=4100424794582 End=4100424801911 Duration=7329
Task=33 Chunk=2 Start=4100425071262 End=4100425091884 Duration=20622
Task=33 Chunk=3 Start=4100425092735 End=4100425092874 Duration=139
Task=34 Chunk=0 Start=4100424813792 End=4100424814379 Duration=587
Task=34 Chunk=1 Start=4100424814388 End=4100424821918 Duration=7530
Task=34 Chunk=2 Start=4100425091886 End=4100425111532 Duration=19646
Task=34 Chunk=3 Start=4100425112473 End=4100425112631 Duration=158
Task=35 Chunk=0 Start=4100424833325 End=4100424833913 Duration=588
Task=35 Chunk=1 Start=4100424833925 End=4100424841649 Duration=7724
Task=35 Chunk=2 Start=4100425111535 End=4100425131150 Duration=19615
Task=35 Chunk=3 Start=4100425132113 End=4100425132246 Duration=133
Task=36 Chunk=0 Start=4100424854205 End=4100424854858 Duration=653
Task=36 Chunk=1 Start=4100424854872 End=4100424862533 Duration=7661
Task=36 Chunk=2 Start=4100425131152 End=4100425151155 Duration=20003
Task=36 Chunk=3 Start=4100425152149 End=4100425152276 Duration=127
Task=37 Chunk=0 Start=4100424873815 End=4100424874330 Duration=515
Task=37 Chunk=1 Start=4100424874338 End=4100424881658 Duration=7320
Task=37 Chunk=2 Start=4100425151158 End=4100425170752 Duration=19594
Task=37 Chunk=3 Start=4100425171731 End=4100425171879 Duration=148
Task=38 Chunk=0 Start=4100424893435 End=4100424894021 Duration=586
Task=38 Chunk=1 Start=4100424894033 End=4100424901384 Duration=7351
Task=38 Chunk=2 Start=4100425170753 End=4100425190395 Duration=19642
Task=38 Chunk=3 Start=4100425191405 End=4100425191539 Duration=134
Task=39 Chunk=0 Start=4100424912965 End=4100424913548 Duration=583
Task=39 Chunk=1 Start=4100424913552 End=4100424920831 Duration=7279
Task=39 Chunk=2 Start=4100425190398 End=4100425209889 Duration=19491
Task=39 Chunk=3 Start=4100425210832 End=4100425210962 Duration=130
Task=40 Chunk=0 Start=4100424932812 End=4100424933443 Duration=631
Task=40 Chunk=1 Start=4100424933457 End=4100424940808 Duration=7351
Task=40 Chunk=2 Start=4100425209891 End=4100425229738 Duration=19847
Task=40 Chunk=3 Start=4100425230720 End=4100425230866 Duration=146
Task=41 Chunk=0 Start=4100424953318 End=4100424953975 Duration=657
Task=41 Chunk=1 Start=4100424953983 End=4100424961429 Duration=7446
Task=41 Chunk=2 Start=4100425229741 End=4100425249616 Duration=19875
Task=41 Chunk=3 Start=4100425250630 End=4100425250759 Duration=129
Task=42 Chunk=0 Start=4100424973282 End=4100424973803 Duration=521
Task=42 Chunk=1 Start=4100424973810 End=4100424981151 Duration=7341
Task=42 Chunk=2 Start=4100425249617 End=4100425269373 Duration=19756
Task=42 Chunk=3 Start=4100425270426 End=4100425270556 Duration=130
Task=43 Chunk=0 Start=4100424993029 End=4100424993706 Duration=677
Task=43 Chunk=1 Start=4100424993714 End=4100425001154 Duration=7440
Task=43 Chunk=2 Start=4100425269377 End=4100425288884 Duration=19507
Task=43 Chunk=3 Start=4100425290180 End=4100425290316 Duration=136
Task=44 Chunk=0 Start=4100425012698 End=4100425013195 Duration=497
Task=44 Chunk=1 Start=4100425013209 End=4100425020472 Duration=7263
Task=44 Chunk=2 Start=4100425288888 End=4100425308708 Duration=19820
Task=44 Chunk=3 Start=4100425309658 End=4100425309781 Duration=123
Task=45 Chunk=0 Start=4100425032421 End=4100425033005 Duration=584
Task=45 Chunk=1 Start=4100425033012 End=4100425040265 Duration=7253
Task=45 Chunk=2 Start=4100425308710 End=4100425328255 Duration=19545
Task=45 Chunk=3 Start=4100425329231 End=4100425329384 Duration=153
Task=46 Chunk=0 Start=4100425052250 End=4100425057133 Duration=4883
Task=46 Chunk=1 Start=4100425057141 End=4100425065911 Duration=8770
Task=46 Chunk=2 Start=4100425328257 End=4100425348024 Duration=19767
Task=46 Chunk=3 Start=4100425349078 End=4100425349222 Duration=144
Task=47 Chunk=0 Start=4100425072257 End=4100425074312 Duration=2055
Task=47 Chunk=1 Start=4100425074328 End=4100425082091 Duration=7763
Task=47 Chunk=2 Start=4100425348027 End=4100425368086 Duration=20059
Task=47 Chunk=3 Start=4100425368984 End=4100425369148 Duration=164
Task=48 Chunk=0 Start=4100425092904 End=4100425093493 Duration=589
Task=48 Chunk=1 Start=4100425093503 End=4100425100777 Duration=7274
Task=48 Chunk=2 Start=4100425368088 End=4100425387471 Duration=19383
Task=48 Chunk=3 Start=4100425388333 End=4100425388472 Duration=139
Task=49 Chunk=0 Start=4100425112679 End=4100425113312 Duration=633
Task=49 Chunk=1 Start=4100425113321 End=4100425120684 Duration=7363
Task=49 Chunk=2 Start=4100425387473 End=4100425407110 Duration=19637
Task=49 Chunk=3 Start=4100425408091 End=4100425408221 Duration=130
Task=50 Chunk=0 Start=4100425132257 End=4100425132840 Duration=583
Task=50 Chunk=1 Start=4100425132856 End=4100425141061 Duration=8205
Task=50 Chunk=2 Start=4100425407112 End=4100425426921 Duration=19809
Task=50 Chunk=3 Start=4100425427808 End=4100425427949 Duration=141
Task=51 Chunk=0 Start=4100425152322 End=4100425152913 Duration=591
Task=51 Chunk=1 Start=4100425152926 End=4100425160292 Duration=7366
Task=51 Chunk=2 Start=4100425426924 End=4100425446878 Duration=19954
Task=51 Chunk=3 Start=4100425447944 End=4100425448073 Duration=129
Task=52 Chunk=0 Start=4100425171902 End=4100425172457 Duration=555
Task=52 Chunk=1 Start=4100425172463 End=4100425179852 Duration=7389
Task=52 Chunk=2 Start=4100425446880 End=4100425466609 Duration=19729
Task=52 Chunk=3 Start=4100425467545 End=4100425467671 Duration=126
Task=53 Chunk=0 Start=4100425191561 End=4100425192104 Duration=543
Task=53 Chunk=1 Start=4100425192110 End=4100425199496 Duration=7386
Task=53 Chunk=2 Start=4100425466610 End=4100425486914 Duration=20304
Task=53 Chunk=3 Start=4100425487814 End=4100425487942 Duration=128
Task=54 Chunk=0 Start=4100425210971 End=4100425211601 Duration=630
Task=54 Chunk=1 Start=4100425211616 End=4100425219127 Duration=7511
Task=54 Chunk=2 Start=4100425486917 End=4100425506070 Duration=19153
Task=54 Chunk=3 Start=4100425507022 End=4100425507150 Duration=128
Task=55 Chunk=0 Start=4100425230904 End=4100425231569 Duration=665
Task=55 Chunk=1 Start=4100425231584 End=4100425239750 Duration=8166
Task=55 Chunk=2 Start=4100425506071 End=4100425526413 Duration=20342
Task=55 Chunk=3 Start=4100425527349 End=4100425527499 Duration=150
Task=56 Chunk=0 Start=4100425250775 End=4100425251339 Duration=564
Task=56 Chunk=1 Start=4100425251348 End=4100425258862 Duration=7514
Task=56 Chunk=2 Start=4100425526416 End=4100425546430 Duration=20014
Task=56 Chunk=3 Start=4100425547454 End=4100425547587 Duration=133
Task=57 Chunk=0 Start=4100425270572 End=4100425271086 Duration=514
Task=57 Chunk=1 Start=4100425271094 End=4100425278447 Duration=7353
Task=57 Chunk=2 Start=4100425546434 End=4100425566344 Duration=19910
Task=57 Chunk=3 Start=4100425567356 End=4100425567488 Duration=132
Task=58 Chunk=0 Start=4100425290351 End=4100425290927 Duration=576
Task=58 Chunk=1 Start=4100425290933 End=4100425298483 Duration=7550
Task=58 Chunk=2 Start=4100425566346 End=4100425585917 Duration=19571
Task=58 Chunk=3 Start=4100425586841 End=4100425586978 Duration=137
Task=59 Chunk=0 Start=4100425309794 End=4100425310327 Duration=533
Task=59 Chunk=1 Start=4100425310333 End=4100425317643 Duration=7310
Task=59 Chunk=2 Start=4100425585919 End=4100425605635 Duration=19716
Task=59 Chunk=3 Start=4100425606582 End=4100425606730 Duration=148
Task=60 Chunk=0 Start=4100425329398 End=4100425329895 Duration=497
Task=60 Chunk=1 Start=4100425329911 End=4100425338011 Duration=8100
Task=60 Chunk=2 Start=4100425605638 End=4100425625309 Duration=19671
Task=60 Chunk=3 Start=4100425626374 End=4100425626544 Duration=170
Task=61 Chunk=0 Start=4100425349260 End=4100425349857 Duration=597
Task=61 Chunk=1 Start=4100425349863 End=4100425357420 Duration=7557
Task=61 Chunk=2 Start=4100425625312 End=4100425645335 Duration=20023
Task=61 Chunk=3 Start=4100425646421 End=4100425646571 Duration=150
Task=62 Chunk=0 Start=4100425369164 End=4100425369681 Duration=517
Task=62 Chunk=1 Start=4100425369688 End=4100425377049 Duration=7361
Task=62 Chunk=2 Start=4100425645339 End=4100425665094 Duration=19755
Task=62 Chunk=3 Start=4100425665954 End=4100425666080 Duration=126
Task=63 Chunk=0 Start=4100425388507 End=4100425389003 Duration=496
Task=63 Chunk=1 Start=4100425389018 End=4100425396360 Duration=7342
Task=63 Chunk=2 Start=4100425665096 End=4100425684340 Duration=19244
Task=63 Chunk=3 Start=4100425685245 End=4100425685359 Duration=114
Task=64 Chunk=0 Start=4100425408268 End=4100425408757 Duration=489
Task=64 Chunk=1 Start=4100425408771 End=4100425416238 Duration=7467
Task=64 Chunk=2 Start=4100425684341 End=4100425704227 Duration=19886
Task=64 Chunk=3 Start=4100425705238 End=4100425705367 Duration=129
Task=65 Chunk=0 Start=4100425427983 End=4100425428472 Duration=489
Task=65 Chunk=1 Start=4100425428486 End=4100425436678 Duration=8192
Task=65 Chunk=2 Start=4100425704230 End=4100425723873 Duration=19643
Task=65 Chunk=3 Start=4100425725102 End=4100425725241 Duration=139
Task=66 Chunk=0 Start=4100425448090 End=4100425448669 Duration=579
Task=66 Chunk=1 Start=4100425448685 End=4100425456000 Duration=7315
Task=66 Chunk=2 Start=4100425723877 End=4100425743991 Duration=20114
Task=66 Chunk=3 Start=4100425744993 End=4100425745114 Duration=121
Task=67 Chunk=0 Start=4100425467697 End=4100425468172 Duration=475
Task=67 Chunk=1 Start=4100425468179 End=4100425475605 Duration=7426
Task=67 Chunk=2 Start=4100425743993 End=4100425763632 Duration=19639
Task=67 Chunk=3 Start=4100425764633 End=4100425764751 Duration=118
Task=68 Chunk=0 Start=4100425487958 End=4100425505965 Duration=18007
Task=68 Chunk=1 Start=4100425505978 End=4100425513596 Duration=7618
Task=68 Chunk=2 Start=4100425763634 End=4100425783151 Duration=19517
Task=68 Chunk=3 Start=4100425784108 End=4100425784254 Duration=146
Task=69 Chunk=0 Start=4100425507170 End=4100425507703 Duration=533
Task=69 Chunk=1 Start=4100425513597 End=4100425521696 Duration=8099
Task=69 Chunk=2 Start=4100425783153 End=4100425802689 Duration=19536
Task=69 Chunk=3 Start=4100425803633 End=4100425803769 Duration=136
Task=70 Chunk=0 Start=4100425527525 End=4100425528097 Duration=572
Task=70 Chunk=1 Start=4100425528113 End=4100425536471 Duration=8358
Task=70 Chunk=2 Start=4100425802691 End=4100425822299 Duration=19608
Task=70 Chunk=3 Start=4100425823335 End=4100425823487 Duration=152
Task=71 Chunk=0 Start=4100425547626 End=4100425548269 Duration=643
Task=71 Chunk=1 Start=4100425548282 End=4100425555745 Duration=7463
Task=71 Chunk=2 Start=4100425822301 End=4100425843808 Duration=21507
Task=71 Chunk=3 Start=4100425844779 End=4100425844931 Duration=152
Task=72 Chunk=0 Start=4100425567496 End=4100425568085 Duration=589
Task=72 Chunk=1 Start=4100425568094 End=4100425575468 Duration=7374
Task=72 Chunk=2 Start=4100425843810 End=4100425864370 Duration=20560
Task=72 Chunk=3 Start=4100425865317 End=4100425865467 Duration=150
Task=73 Chunk=0 Start=4100425586991 End=4100425587534 Duration=543
Task=73 Chunk=1 Start=4100425587541 End=4100425594982 Duration=7441
Task=73 Chunk=2 Start=4100425864372 End=4100425884792 Duration=20420
Task=73 Chunk=3 Start=4100425885713 End=4100425885931 Duration=218
Task=74 Chunk=0 Start=4100425606759 End=4100425607386 Duration=627
Task=74 Chunk=1 Start=4100425607393 End=4100425614716 Duration=7323
Task=74 Chunk=2 Start=4100425884795 End=4100425905194 Duration=20399
Task=74 Chunk=3 Start=4100425906072 End=4100425906209 Duration=137
Task=75 Chunk=0 Start=4100425626571 End=4100425627194 Duration=623
Task=75 Chunk=1 Start=4100425627209 End=4100425635643 Duration=8434
Task=75 Chunk=2 Start=4100425905195 End=4100425926768 Duration=21573
Task=75 Chunk=3 Start=4100425927923 End=4100425928086 Duration=163
Task=76 Chunk=0 Start=4100425646595 End=4100425647186 Duration=591
Task=76 Chunk=1 Start=4100425647198 End=4100425654824 Duration=7626
Task=76 Chunk=2 Start=4100425926771 End=4100425947576 Duration=20805
Task=76 Chunk=3 Start=4100425948527 End=4100425948673 Duration=146
Task=77 Chunk=0 Start=4100425666093 End=4100425685199 Duration=19106
Task=77 Chunk=1 Start=4100425685209 End=4100425693706 Duration=8497
Task=77 Chunk=2 Start=4100425947579 End=4100425968072 Duration=20493
Task=77 Chunk=3 Start=4100425968928 End=4100425969059 Duration=131
Task=78 Chunk=0 Start=4100425685366 End=4100425685992 Duration=626
Task=78 Chunk=1 Start=4100425693707 End=4100425703695 Duration=9988
Task=78 Chunk=2 Start=4100425968074 End=4100425988674 Duration=20600
Task=78 Chunk=3 Start=4100425989500 End=4100425989635 Duration=135
Task=79 Chunk=0 Start=4100425705377 End=4100425706001 Duration=624
Task=79 Chunk=1 Start=4100425706007 End=4100425713402 Duration=7395
Task=79 Chunk=2 Start=4100425988677 End=4100426009023 Duration=20346
Task=79 Chunk=3 Start=4100426010052 End=4100426010201 Duration=149
Task=80 Chunk=0 Start=4100425725267 End=4100425725890 Duration=623
Task=80 Chunk=1 Start=4100425725911 End=4100425734728 Duration=8817
Task=80 Chunk=2 Start=4100426009027 End=4100426031474 Duration=22447
Task=80 Chunk=3 Start=4100426032565 End=4100426032710 Duration=145
Task=81 Chunk=0 Start=4100425745156 End=4100425745886 Duration=730
Task=81 Chunk=1 Start=4100425745902 End=4100425753440 Duration=7538
Task=81 Chunk=2 Start=4100426031477 End=4100426053297 Duration=21820
Task=81 Chunk=3 Start=4100426054212 End=4100426054333 Duration=121
Task=82 Chunk=0 Start=4100425764757 End=4100425765309 Duration=552
Task=82 Chunk=1 Start=4100425765315 End=4100425772694 Duration=7379
Task=82 Chunk=2 Start=4100426053300 End=4100426075937 Duration=22637
Task=82 Chunk=3 Start=4100426076936 End=4100426077071 Duration=135
Task=83 Chunk=0 Start=4100425784295 End=4100425784833 Duration=538
Task=83 Chunk=1 Start=4100425784846 End=4100425792289 Duration=7443
Task=83 Chunk=2 Start=4100426075939 End=4100426097516 Duration=21577
Task=83 Chunk=3 Start=4100426098398 End=4100426098542 Duration=144
Task=84 Chunk=0 Start=4100425803781 End=4100425804400 Duration=619
Task=84 Chunk=1 Start=4100425804411 End=4100425811731 Duration=7320
Task=84 Chunk=2 Start=4100426097518 End=4100426118320 Duration=20802
Task=84 Chunk=3 Start=4100426119229 End=4100426119373 Duration=144
Task=85 Chunk=0 Start=4100425823509 End=4100425824091 Duration=582
Task=85 Chunk=1 Start=4100425824099 End=4100425832701 Duration=8602
Task=85 Chunk=2 Start=4100426118322 End=4100426138441 Duration=20119
Task=85 Chunk=3 Start=4100426139472 End=4100426139637 Duration=165
Task=86 Chunk=0 Start=4100425844959 End=4100425845666 Duration=707
Task=86 Chunk=1 Start=4100425845673 End=4100425853160 Duration=7487
Task=86 Chunk=2 Start=4100426138444 End=4100426158022 Duration=19578
Task=86 Chunk=3 Start=4100426158036 End=4100426158122 Duration=86
Task=87 Chunk=0 Start=4100425865492 End=4100425866041 Duration=549
Task=87 Chunk=1 Start=4100425866057 End=4100425873393 Duration=7336
Task=87 Chunk=2 Start=4100426158027 End=4100426177346 Duration=19319
Task=87 Chunk=3 Start=4100426177366 End=4100426177452 Duration=86
Task=88 Chunk=0 Start=4100425885944 End=4100425886523 Duration=579
Task=88 Chunk=1 Start=4100425886535 End=4100425894031 Duration=7496
Task=88 Chunk=2 Start=4100426177349 End=4100426196664 Duration=19315
Task=88 Chunk=3 Start=4100426196684 End=4100426196789 Duration=105
Task=89 Chunk=0 Start=4100425906225 End=4100425907483 Duration=1258
Task=89 Chunk=1 Start=4100425907497 End=4100425915009 Duration=7512
Task=89 Chunk=2 Start=4100426196665 End=4100426215822 Duration=19157
Task=89 Chunk=3 Start=4100426215832 End=4100426215899 Duration=67
Task=90 Chunk=0 Start=4100425928100 End=4100425928727 Duration=627
Task=90 Chunk=1 Start=4100425928743 End=4100425936205 Duration=7462
Task=90 Chunk=2 Start=4100426215824 End=4100426234955 Duration=19131
Task=90 Chunk=3 Start=4100426234978 End=4100426235049 Duration=71
Task=91 Chunk=0 Start=4100425948709 End=4100425949389 Duration=680
Task=91 Chunk=1 Start=4100425949397 End=4100425956899 Duration=7502
Task=91 Chunk=2 Start=4100426234956 End=4100426254459 Duration=19503
Task=91 Chunk=3 Start=4100426254484 End=4100426254552 Duration=68
Task=92 Chunk=0 Start=4100425969093 End=4100425969761 Duration=668
Task=92 Chunk=1 Start=4100425969774 End=4100425977254 Duration=7480
Task=92 Chunk=2 Start=4100426254465 End=4100426273861 Duration=19396
Task=92 Chunk=3 Start=4100426273886 End=4100426273954 Duration=68
Task=93 Chunk=0 Start=4100425989663 End=4100425990159 Duration=496
Task=93 Chunk=1 Start=4100425990165 End=4100425997431 Duration=7266
Task=93 Chunk=2 Start=4100426273862 End=4100426293032 Duration=19170
Task=93 Chunk=3 Start=4100426293045 End=4100426293108 Duration=63
Task=94 Chunk=0 Start=4100426010223 End=4100426010762 Duration=539
Task=94 Chunk=1 Start=4100426010773 End=4100426018274 Duration=7501
Task=94 Chunk=2 Start=4100426293033 End=4100426312301 Duration=19268
Task=94 Chunk=3 Start=4100426312322 End=4100426312389 Duration=67
Task=95 Chunk=0 Start=4100426032725 End=4100426033328 Duration=603
Task=95 Chunk=1 Start=4100426033339 End=4100426040889 Duration=7550
Task=95 Chunk=2 Start=4100426312304 End=4100426331833 Duration=19529
Task=95 Chunk=3 Start=4100426331846 End=4100426331917 Duration=71
Task=96 Chunk=0 Start=4100426054347 End=4100426054867 Duration=520
Task=96 Chunk=1 Start=4100426054877 End=4100426062230 Duration=7353
Task=96 Chunk=2 Start=4100426331835 End=4100426352451 Duration=20616
Task=96 Chunk=3 Start=4100426352473 End=4100426352558 Duration=85
Task=97 Chunk=0 Start=4100426077093 End=4100426077719 Duration=626
Task=97 Chunk=1 Start=4100426077724 End=4100426085262 Duration=7538
Task=97 Chunk=2 Start=4100426352452 End=4100426371508 Duration=19056
Task=97 Chunk=3 Start=4100426371524 End=4100426371591 Duration=67
Task=98 Chunk=0 Start=4100426098578 End=4100426099159 Duration=581
Task=98 Chunk=1 Start=4100426099169 End=4100426106520 Duration=7351
Task=98 Chunk=2 Start=4100426371514 End=4100426390741 Duration=19227
Task=98 Chunk=3 Start=4100426390751 End=4100426390817 Duration=66
Task=99 Chunk=0 Start=4100426119381 End=4100426119960 Duration=579
Task=99 Chunk=1 Start=4100426119968 End=4100426128622 Duration=8654
Task=99 Chunk=2 Start=4100426390742 End=4100426409608 Duration=18866
Task=99 Chunk=3 Start=4100426409630 End=4100426409696 Duration=66
### Python End ###

--------------------------------
[2025-06-26 18:34:54.278] [info] Available Vulkan Layers:
[2025-06-26 18:34:54.278] [warning] Validation layer requested but not available, continuing without it...
[2025-06-26 18:34:54.279] [info] Using integrated GPU: Mali-G710
[2025-06-26 18:34:54.281] [info] VulkanDispatcher instance created.
[2025-06-26 18:34:54.474] [info] Total memory used: 40550404 bytes (38.67188 MB)
[2025-06-26 18:34:54.479] [info] Total memory used: 40550404 bytes (38.67188 MB)
[2025-06-26 18:34:54.571] [info] Total memory used: 40550404 bytes (38.67188 MB)
[2025-06-26 18:34:54.578] [info] Total memory used: 40550404 bytes (38.67188 MB)
[2025-06-26 18:34:54.583] [info] Total memory used: 40550404 bytes (38.67188 MB)
[2025-06-26 18:34:54.647] [info] Total memory used: 40550404 bytes (38.67188 MB)
[2025-06-26 18:34:54.653] [info] Total memory used: 40550404 bytes (38.67188 MB)
[2025-06-26 18:34:54.658] [info] Total memory used: 40550404 bytes (38.67188 MB)
[2025-06-26 18:34:54.663] [info] Total memory used: 40550404 bytes (38.67188 MB)
[2025-06-26 18:34:54.668] [info] Total memory used: 40550404 bytes (38.67188 MB)
[2025-06-26 18:34:54.752] [info] Total memory used: 40550404 bytes (38.67188 MB)
[2025-06-26 18:34:54.757] [info] Total memory used: 40550404 bytes (38.67188 MB)
[2025-06-26 18:34:54.762] [info] Total memory used: 40550404 bytes (38.67188 MB)
[2025-06-26 18:34:54.767] [info] Total memory used: 40550404 bytes (38.67188 MB)
[2025-06-26 18:34:54.772] [info] Total memory used: 40550404 bytes (38.67188 MB)
[2025-06-26 18:34:54.777] [info] Total memory used: 40550404 bytes (38.67188 MB)
### Python Begin ###
Schedule_UID=SCH-L3B4-G073-306f
Frequency=24576000 Hz
Task=0 Chunk=0 Start=4100439247959 End=4100439389673 Duration=141714
Task=0 Chunk=1 Start=4100439389727 End=4100439477654 Duration=87927
Task=1 Chunk=0 Start=4100439389713 End=4100439523377 Duration=133664
Task=1 Chunk=1 Start=4100439523408 End=4100439598537 Duration=75129
Task=2 Chunk=0 Start=4100439523418 End=4100439656032 Duration=132614
Task=2 Chunk=1 Start=4100439656060 End=4100439729093 Duration=73033
Task=3 Chunk=0 Start=4100439656051 End=4100439788537 Duration=132486
Task=3 Chunk=1 Start=4100439788565 End=4100439860978 Duration=72413
Task=4 Chunk=0 Start=4100439788554 End=4100439918544 Duration=129990
Task=4 Chunk=1 Start=4100439918571 End=4100439992433 Duration=73862
Task=5 Chunk=0 Start=4100439918570 End=4100440049787 Duration=131217
Task=5 Chunk=1 Start=4100440049817 End=4100440122826 Duration=73009
Task=6 Chunk=0 Start=4100440049816 End=4100440180957 Duration=131141
Task=6 Chunk=1 Start=4100440180981 End=4100440252187 Duration=71206
Task=7 Chunk=0 Start=4100440180967 End=4100440317331 Duration=136364
Task=7 Chunk=1 Start=4100440317365 End=4100440389623 Duration=72258
Task=8 Chunk=0 Start=4100440317364 End=4100440447621 Duration=130257
Task=8 Chunk=1 Start=4100440447661 End=4100440520130 Duration=72469
Task=9 Chunk=0 Start=4100440447660 End=4100440579427 Duration=131767
Task=9 Chunk=1 Start=4100440579440 End=4100440650987 Duration=71547
Task=10 Chunk=0 Start=4100440579445 End=4100440710102 Duration=130657
Task=10 Chunk=1 Start=4100440710139 End=4100440782139 Duration=72000
Task=11 Chunk=0 Start=4100440710137 End=4100440839124 Duration=128987
Task=11 Chunk=1 Start=4100440839169 End=4100440910854 Duration=71685
Task=12 Chunk=0 Start=4100440839161 End=4100440969980 Duration=130819
Task=12 Chunk=1 Start=4100440970017 End=4100441041737 Duration=71720
Task=13 Chunk=0 Start=4100440970020 End=4100441099698 Duration=129678
Task=13 Chunk=1 Start=4100441099728 End=4100441171777 Duration=72049
Task=14 Chunk=0 Start=4100441099720 End=4100441229406 Duration=129686
Task=14 Chunk=1 Start=4100441229455 End=4100441300951 Duration=71496
Task=15 Chunk=0 Start=4100441229456 End=4100441362024 Duration=132568
Task=15 Chunk=1 Start=4100441362038 End=4100441432705 Duration=70667
Task=16 Chunk=0 Start=4100441362046 End=4100441492048 Duration=130002
Task=16 Chunk=1 Start=4100441492074 End=4100441563984 Duration=71910
Task=17 Chunk=0 Start=4100441492069 End=4100441622619 Duration=130550
Task=17 Chunk=1 Start=4100441622641 End=4100441694538 Duration=71897
Task=18 Chunk=0 Start=4100441622641 End=4100441754802 Duration=132161
Task=18 Chunk=1 Start=4100441754828 End=4100441824770 Duration=69942
Task=19 Chunk=0 Start=4100441754822 End=4100441885295 Duration=130473
Task=19 Chunk=1 Start=4100441885312 End=4100441957101 Duration=71789
Task=20 Chunk=0 Start=4100441885311 End=4100442014914 Duration=129603
Task=20 Chunk=1 Start=4100442014961 End=4100442085574 Duration=70613
Task=21 Chunk=0 Start=4100442014952 End=4100442143855 Duration=128903
Task=21 Chunk=1 Start=4100442143897 End=4100442214795 Duration=70898
Task=22 Chunk=0 Start=4100442143887 End=4100442276349 Duration=132462
Task=22 Chunk=1 Start=4100442276387 End=4100442347728 Duration=71341
Task=23 Chunk=0 Start=4100442276383 End=4100442406189 Duration=129806
Task=23 Chunk=1 Start=4100442406226 End=4100442478334 Duration=72108
Task=24 Chunk=0 Start=4100442406230 End=4100442536221 Duration=129991
Task=24 Chunk=1 Start=4100442536251 End=4100442608670 Duration=72419
Task=25 Chunk=0 Start=4100442536252 End=4100442668235 Duration=131983
Task=25 Chunk=1 Start=4100442668261 End=4100442740145 Duration=71884
Task=26 Chunk=0 Start=4100442668267 End=4100442797784 Duration=129517
Task=26 Chunk=1 Start=4100442797814 End=4100442869498 Duration=71684
Task=27 Chunk=0 Start=4100442797808 End=4100442926734 Duration=128926
Task=27 Chunk=1 Start=4100442926754 End=4100442997433 Duration=70679
Task=28 Chunk=0 Start=4100442926754 End=4100443057506 Duration=130752
Task=28 Chunk=1 Start=4100443057522 End=4100443128062 Duration=70540
Task=29 Chunk=0 Start=4100443057520 End=4100443186735 Duration=129215
Task=29 Chunk=1 Start=4100443186784 End=4100443258417 Duration=71633
Task=30 Chunk=0 Start=4100443186780 End=4100443317410 Duration=130630
Task=30 Chunk=1 Start=4100443317424 End=4100443389049 Duration=71625
Task=31 Chunk=0 Start=4100443317429 End=4100443449912 Duration=132483
Task=31 Chunk=1 Start=4100443449937 End=4100443520490 Duration=70553
Task=32 Chunk=0 Start=4100443449937 End=4100443579994 Duration=130057
Task=32 Chunk=1 Start=4100443580006 End=4100443651818 Duration=71812
Task=33 Chunk=0 Start=4100443580008 End=4100443709855 Duration=129847
Task=33 Chunk=1 Start=4100443709874 End=4100443780323 Duration=70449
Task=34 Chunk=0 Start=4100443709885 End=4100443841350 Duration=131465
Task=34 Chunk=1 Start=4100443841376 End=4100443911317 Duration=69941
Task=35 Chunk=0 Start=4100443841369 End=4100443975985 Duration=134616
Task=35 Chunk=1 Start=4100443976026 End=4100444047069 Duration=71043
Task=36 Chunk=0 Start=4100443976021 End=4100444105120 Duration=129099
Task=36 Chunk=1 Start=4100444105160 End=4100444175345 Duration=70185
Task=37 Chunk=0 Start=4100444105154 End=4100444236870 Duration=131716
Task=37 Chunk=1 Start=4100444236899 End=4100444306981 Duration=70082
Task=38 Chunk=0 Start=4100444236892 End=4100444366478 Duration=129586
Task=38 Chunk=1 Start=4100444366520 End=4100444437487 Duration=70967
Task=39 Chunk=0 Start=4100444366516 End=4100444496276 Duration=129760
Task=39 Chunk=1 Start=4100444496310 End=4100444567602 Duration=71292
Task=40 Chunk=0 Start=4100444496307 End=4100444628160 Duration=131853
Task=40 Chunk=1 Start=4100444628175 End=4100444698401 Duration=70226
Task=41 Chunk=0 Start=4100444628178 End=4100444757462 Duration=129284
Task=41 Chunk=1 Start=4100444757484 End=4100444829653 Duration=72169
Task=42 Chunk=0 Start=4100444757488 End=4100444886616 Duration=129128
Task=42 Chunk=1 Start=4100444886651 End=4100444957467 Duration=70816
Task=43 Chunk=0 Start=4100444886650 End=4100445019487 Duration=132837
Task=43 Chunk=1 Start=4100445019510 End=4100445088903 Duration=69393
Task=44 Chunk=0 Start=4100445019507 End=4100445148897 Duration=129390
Task=44 Chunk=1 Start=4100445148927 End=4100445219139 Duration=70212
Task=45 Chunk=0 Start=4100445148925 End=4100445279318 Duration=130393
Task=45 Chunk=1 Start=4100445279329 End=4100445351196 Duration=71867
Task=46 Chunk=0 Start=4100445279334 End=4100445413061 Duration=133727
Task=46 Chunk=1 Start=4100445413100 End=4100445483890 Duration=70790
Task=47 Chunk=0 Start=4100445413100 End=4100445543461 Duration=130361
Task=47 Chunk=1 Start=4100445543482 End=4100445614776 Duration=71294
Task=48 Chunk=0 Start=4100445543484 End=4100445673465 Duration=129981
Task=48 Chunk=1 Start=4100445673493 End=4100445744418 Duration=70925
Task=49 Chunk=0 Start=4100445673499 End=4100445804605 Duration=131106
Task=49 Chunk=1 Start=4100445804639 End=4100445874732 Duration=70093
Task=50 Chunk=0 Start=4100445804641 End=4100445934427 Duration=129786
Task=50 Chunk=1 Start=4100445934463 End=4100446005463 Duration=71000
Task=51 Chunk=0 Start=4100445934460 End=4100446064719 Duration=130259
Task=51 Chunk=1 Start=4100446064769 End=4100446136803 Duration=72034
Task=52 Chunk=0 Start=4100446064766 End=4100446196064 Duration=131298
Task=52 Chunk=1 Start=4100446196100 End=4100446265889 Duration=69789
Task=53 Chunk=0 Start=4100446196102 End=4100446326578 Duration=130476
Task=53 Chunk=1 Start=4100446326615 End=4100446398405 Duration=71790
Task=54 Chunk=0 Start=4100446326619 End=4100446456864 Duration=130245
Task=54 Chunk=1 Start=4100446456877 End=4100446527875 Duration=70998
Task=55 Chunk=0 Start=4100446456875 End=4100446588390 Duration=131515
Task=55 Chunk=1 Start=4100446588410 End=4100446658337 Duration=69927
Task=56 Chunk=0 Start=4100446588412 End=4100446719259 Duration=130847
Task=56 Chunk=1 Start=4100446719279 End=4100446790424 Duration=71145
Task=57 Chunk=0 Start=4100446719283 End=4100446849029 Duration=129746
Task=57 Chunk=1 Start=4100446849072 End=4100446920310 Duration=71238
Task=58 Chunk=0 Start=4100446849066 End=4100446980125 Duration=131059
Task=58 Chunk=1 Start=4100446980136 End=4100447050262 Duration=70126
Task=59 Chunk=0 Start=4100446980140 End=4100447109276 Duration=129136
Task=59 Chunk=1 Start=4100447109284 End=4100447180899 Duration=71615
Task=60 Chunk=0 Start=4100447109289 End=4100447240457 Duration=131168
Task=60 Chunk=1 Start=4100447240473 End=4100447312259 Duration=71786
Task=61 Chunk=0 Start=4100447240478 End=4100447372357 Duration=131879
Task=61 Chunk=1 Start=4100447372391 End=4100447443126 Duration=70735
Task=62 Chunk=0 Start=4100447372389 End=4100447502933 Duration=130544
Task=62 Chunk=1 Start=4100447502956 End=4100447574734 Duration=71778
Task=63 Chunk=0 Start=4100447502947 End=4100447633849 Duration=130902
Task=63 Chunk=1 Start=4100447633881 End=4100447705085 Duration=71204
Task=64 Chunk=0 Start=4100447633878 End=4100447765526 Duration=131648
Task=64 Chunk=1 Start=4100447765538 End=4100447835275 Duration=69737
Task=65 Chunk=0 Start=4100447765543 End=4100447894971 Duration=129428
Task=65 Chunk=1 Start=4100447895008 End=4100447966378 Duration=71370
Task=66 Chunk=0 Start=4100447895007 End=4100448024950 Duration=129943
Task=66 Chunk=1 Start=4100448024988 End=4100448096469 Duration=71481
Task=67 Chunk=0 Start=4100448024994 End=4100448156051 Duration=131057
Task=67 Chunk=1 Start=4100448156067 End=4100448225981 Duration=69914
Task=68 Chunk=0 Start=4100448156071 End=4100448296613 Duration=140542
Task=68 Chunk=1 Start=4100448296654 End=4100448367806 Duration=71152
Task=69 Chunk=0 Start=4100448296651 End=4100448431845 Duration=135194
Task=69 Chunk=1 Start=4100448431890 End=4100448502910 Duration=71020
Task=70 Chunk=0 Start=4100448431892 End=4100448563782 Duration=131890
Task=70 Chunk=1 Start=4100448563806 End=4100448635254 Duration=71448
Task=71 Chunk=0 Start=4100448563815 End=4100448692871 Duration=129056
Task=71 Chunk=1 Start=4100448692911 End=4100448764381 Duration=71470
Task=72 Chunk=0 Start=4100448692908 End=4100448822275 Duration=129367
Task=72 Chunk=1 Start=4100448822299 End=4100448892758 Duration=70459
Task=73 Chunk=0 Start=4100448822294 End=4100448953159 Duration=130865
Task=73 Chunk=1 Start=4100448953178 End=4100449023269 Duration=70091
Task=74 Chunk=0 Start=4100448953180 End=4100449083127 Duration=129947
Task=74 Chunk=1 Start=4100449083184 End=4100449154230 Duration=71046
Task=75 Chunk=0 Start=4100449083178 End=4100449214120 Duration=130942
Task=75 Chunk=1 Start=4100449214172 End=4100449286220 Duration=72048
Task=76 Chunk=0 Start=4100449214162 End=4100449347827 Duration=133665
Task=76 Chunk=1 Start=4100449347871 End=4100449418919 Duration=71048
Task=77 Chunk=0 Start=4100449347871 End=4100449477832 Duration=129961
Task=77 Chunk=1 Start=4100449477860 End=4100449549635 Duration=71775
Task=78 Chunk=0 Start=4100449477853 End=4100449607670 Duration=129817
Task=78 Chunk=1 Start=4100449607685 End=4100449678342 Duration=70657
Task=79 Chunk=0 Start=4100449607684 End=4100449738570 Duration=130886
Task=79 Chunk=1 Start=4100449738591 End=4100449808446 Duration=69855
Task=80 Chunk=0 Start=4100449738597 End=4100449868050 Duration=129453
Task=80 Chunk=1 Start=4100449868086 End=4100449939743 Duration=71657
Task=81 Chunk=0 Start=4100449868095 End=4100449997508 Duration=129413
Task=81 Chunk=1 Start=4100449997535 End=4100450068321 Duration=70786
Task=82 Chunk=0 Start=4100449997543 End=4100450128936 Duration=131393
Task=82 Chunk=1 Start=4100450128960 End=4100450198767 Duration=69807
Task=83 Chunk=0 Start=4100450128962 End=4100450258770 Duration=129808
Task=83 Chunk=1 Start=4100450258802 End=4100450329793 Duration=70991
Task=84 Chunk=0 Start=4100450258792 End=4100450388756 Duration=129964
Task=84 Chunk=1 Start=4100450388786 End=4100450460045 Duration=71259
Task=85 Chunk=0 Start=4100450388783 End=4100450521284 Duration=132501
Task=85 Chunk=1 Start=4100450521335 End=4100450590888 Duration=69553
Task=86 Chunk=0 Start=4100450521334 End=4100450651140 Duration=129806
Task=86 Chunk=1 Start=4100450651181 End=4100450723339 Duration=72158
Task=87 Chunk=0 Start=4100450651178 End=4100450780491 Duration=129313
Task=87 Chunk=1 Start=4100450780526 End=4100450851213 Duration=70687
Task=88 Chunk=0 Start=4100450780532 End=4100450911421 Duration=130889
Task=88 Chunk=1 Start=4100450911472 End=4100450981529 Duration=70057
Task=89 Chunk=0 Start=4100450911464 End=4100451040750 Duration=129286
Task=89 Chunk=1 Start=4100451040808 End=4100451111449 Duration=70641
Task=90 Chunk=0 Start=4100451040802 End=4100451176067 Duration=135265
Task=90 Chunk=1 Start=4100451176102 End=4100451248128 Duration=72026
Task=91 Chunk=0 Start=4100451176099 End=4100451332353 Duration=156254
Task=91 Chunk=1 Start=4100451332390 End=4100451404320 Duration=71930
Task=92 Chunk=0 Start=4100451332400 End=4100451462410 Duration=130010
Task=92 Chunk=1 Start=4100451462421 End=4100451533777 Duration=71356
Task=93 Chunk=0 Start=4100451462421 End=4100451596731 Duration=134310
Task=93 Chunk=1 Start=4100451596774 End=4100451666318 Duration=69544
Task=94 Chunk=0 Start=4100451596777 End=4100451726988 Duration=130211
Task=94 Chunk=1 Start=4100451727033 End=4100451798791 Duration=71758
Task=95 Chunk=0 Start=4100451727038 End=4100451857068 Duration=130030
Task=95 Chunk=1 Start=4100451857086 End=4100451928236 Duration=71150
Task=96 Chunk=0 Start=4100451857085 End=4100451988046 Duration=130961
Task=96 Chunk=1 Start=4100451988095 End=4100452058725 Duration=70630
Task=97 Chunk=0 Start=4100451988099 End=4100452118062 Duration=129963
Task=97 Chunk=1 Start=4100452118086 End=4100452189904 Duration=71818
Task=98 Chunk=0 Start=4100452118089 End=4100452250339 Duration=132250
Task=98 Chunk=1 Start=4100452250379 End=4100452321051 Duration=70672
Task=99 Chunk=0 Start=4100452250382 End=4100452382018 Duration=131636
Task=99 Chunk=1 Start=4100452382042 End=4100452449698 Duration=67656
### Python End ###

--------------------------------
[2025-06-26 18:34:55.340] [info] Available Vulkan Layers:
[2025-06-26 18:34:55.340] [warning] Validation layer requested but not available, continuing without it...
[2025-06-26 18:34:55.343] [info] Using integrated GPU: Mali-G710
[2025-06-26 18:34:55.346] [info] VulkanDispatcher instance created.
[2025-06-26 18:34:55.543] [info] Total memory used: 40550404 bytes (38.67188 MB)
[2025-06-26 18:34:55.548] [info] Total memory used: 40550404 bytes (38.67188 MB)
[2025-06-26 18:34:55.608] [info] Total memory used: 40550404 bytes (38.67188 MB)
[2025-06-26 18:34:55.613] [info] Total memory used: 40550404 bytes (38.67188 MB)
[2025-06-26 18:34:55.618] [info] Total memory used: 40550404 bytes (38.67188 MB)
[2025-06-26 18:34:55.681] [info] Total memory used: 40550404 bytes (38.67188 MB)
[2025-06-26 18:34:55.686] [info] Total memory used: 40550404 bytes (38.67188 MB)
[2025-06-26 18:34:55.691] [info] Total memory used: 40550404 bytes (38.67188 MB)
[2025-06-26 18:34:55.696] [info] Total memory used: 40550404 bytes (38.67188 MB)
[2025-06-26 18:34:55.701] [info] Total memory used: 40550404 bytes (38.67188 MB)
[2025-06-26 18:34:55.785] [info] Total memory used: 40550404 bytes (38.67188 MB)
[2025-06-26 18:34:55.790] [info] Total memory used: 40550404 bytes (38.67188 MB)
[2025-06-26 18:34:55.794] [info] Total memory used: 40550404 bytes (38.67188 MB)
[2025-06-26 18:34:55.799] [info] Total memory used: 40550404 bytes (38.67188 MB)
[2025-06-26 18:34:55.804] [info] Total memory used: 40550404 bytes (38.67188 MB)
[2025-06-26 18:34:55.809] [info] Total memory used: 40550404 bytes (38.67188 MB)
### Python Begin ###
Schedule_UID=SCH-B2G2M3-G073-d5a8
Frequency=24576000 Hz
Task=0 Chunk=0 Start=4100464617835 End=4100464653265 Duration=35430
Task=0 Chunk=1 Start=4100464653281 End=4100464853041 Duration=199760
Task=0 Chunk=2 Start=4100464853063 End=4100464997764 Duration=144701
Task=1 Chunk=0 Start=4100464653266 End=4100464696591 Duration=43325
Task=1 Chunk=1 Start=4100464853061 End=4100464945699 Duration=92638
Task=1 Chunk=2 Start=4100464997765 End=4100465071278 Duration=73513
Task=2 Chunk=0 Start=4100464696593 End=4100464746414 Duration=49821
Task=2 Chunk=1 Start=4100464945723 End=4100465047486 Duration=101763
Task=2 Chunk=2 Start=4100465071279 End=4100465140230 Duration=68951
Task=3 Chunk=0 Start=4100464746415 End=4100464797505 Duration=51090
Task=3 Chunk=1 Start=4100465047506 End=4100465215775 Duration=168269
Task=3 Chunk=2 Start=4100465215819 End=4100465278930 Duration=63111
Task=4 Chunk=0 Start=4100464797506 End=4100464846717 Duration=49211
Task=4 Chunk=1 Start=4100465215816 End=4100465300890 Duration=85074
Task=4 Chunk=2 Start=4100465300912 End=4100465361983 Duration=61071
Task=5 Chunk=0 Start=4100464846718 End=4100464897115 Duration=50397
Task=5 Chunk=1 Start=4100465300905 End=4100465389206 Duration=88301
Task=5 Chunk=2 Start=4100465389231 End=4100465450199 Duration=60968
Task=6 Chunk=0 Start=4100464897116 End=4100464947398 Duration=50282
Task=6 Chunk=1 Start=4100465389222 End=4100465473219 Duration=83997
Task=6 Chunk=2 Start=4100465473247 End=4100465533325 Duration=60078
Task=7 Chunk=0 Start=4100464947399 End=4100464999868 Duration=52469
Task=7 Chunk=1 Start=4100465473247 End=4100465550965 Duration=77718
Task=7 Chunk=2 Start=4100465551004 End=4100465609875 Duration=58871
Task=8 Chunk=0 Start=4100464999870 End=4100465056113 Duration=56243
Task=8 Chunk=1 Start=4100465550995 End=4100465631512 Duration=80517
Task=8 Chunk=2 Start=4100465631551 End=4100465691520 Duration=59969
Task=9 Chunk=0 Start=4100465056114 End=4100465109905 Duration=53791
Task=9 Chunk=1 Start=4100465631544 End=4100465711403 Duration=79859
Task=9 Chunk=2 Start=4100465711429 End=4100465771641 Duration=60212
Task=10 Chunk=0 Start=4100465109906 End=4100465163811 Duration=53905
Task=10 Chunk=1 Start=4100465711419 End=4100465793384 Duration=81965
Task=10 Chunk=2 Start=4100465793405 End=4100465853590 Duration=60185
Task=11 Chunk=0 Start=4100465163812 End=4100465213406 Duration=49594
Task=11 Chunk=1 Start=4100465793398 End=4100465876913 Duration=83515
Task=11 Chunk=2 Start=4100465876939 End=4100465936795 Duration=59856
Task=12 Chunk=0 Start=4100465213407 End=4100465264532 Duration=51125
Task=12 Chunk=1 Start=4100465876932 End=4100465960196 Duration=83264
Task=12 Chunk=2 Start=4100465960224 End=4100466019225 Duration=59001
Task=13 Chunk=0 Start=4100465264533 End=4100465315027 Duration=50494
Task=13 Chunk=1 Start=4100465960220 End=4100466039478 Duration=79258
Task=13 Chunk=2 Start=4100466039493 End=4100466097835 Duration=58342
Task=14 Chunk=0 Start=4100465315028 End=4100465366865 Duration=51837
Task=14 Chunk=1 Start=4100466039493 End=4100466122612 Duration=83119
Task=14 Chunk=2 Start=4100466122629 End=4100466182415 Duration=59786
Task=15 Chunk=0 Start=4100465366867 End=4100465416131 Duration=49264
Task=15 Chunk=1 Start=4100466122625 End=4100466201337 Duration=78712
Task=15 Chunk=2 Start=4100466201351 End=4100466260343 Duration=58992
Task=16 Chunk=0 Start=4100465416131 End=4100465467911 Duration=51780
Task=16 Chunk=1 Start=4100466201346 End=4100466282471 Duration=81125
Task=16 Chunk=2 Start=4100466282490 End=4100466342912 Duration=60422
Task=17 Chunk=0 Start=4100465467911 End=4100465517247 Duration=49336
Task=17 Chunk=1 Start=4100466282481 End=4100466365380 Duration=82899
Task=17 Chunk=2 Start=4100466365394 End=4100466423838 Duration=58444
Task=18 Chunk=0 Start=4100465517248 End=4100465568030 Duration=50782
Task=18 Chunk=1 Start=4100466365394 End=4100466447865 Duration=82471
Task=18 Chunk=2 Start=4100466447886 End=4100466506398 Duration=58512
Task=19 Chunk=0 Start=4100465568031 End=4100465617421 Duration=49390
Task=19 Chunk=1 Start=4100466447882 End=4100466526339 Duration=78457
Task=19 Chunk=2 Start=4100466526353 End=4100466585285 Duration=58932
Task=20 Chunk=0 Start=4100465617422 End=4100465668298 Duration=50876
Task=20 Chunk=1 Start=4100466526353 End=4100466610134 Duration=83781
Task=20 Chunk=2 Start=4100466610163 End=4100466669934 Duration=59771
Task=21 Chunk=0 Start=4100465668302 End=4100465717892 Duration=49590
Task=21 Chunk=1 Start=4100466610153 End=4100466691791 Duration=81638
Task=21 Chunk=2 Start=4100466691819 End=4100466751107 Duration=59288
Task=22 Chunk=0 Start=4100465717899 End=4100465769824 Duration=51925
Task=22 Chunk=1 Start=4100466691808 End=4100466774301 Duration=82493
Task=22 Chunk=2 Start=4100466774324 End=4100466834092 Duration=59768
Task=23 Chunk=0 Start=4100465769830 End=4100465819271 Duration=49441
Task=23 Chunk=1 Start=4100466774314 End=4100466856837 Duration=82523
Task=23 Chunk=2 Start=4100466856862 End=4100466915555 Duration=58693
Task=24 Chunk=0 Start=4100465819272 End=4100465869760 Duration=50488
Task=24 Chunk=1 Start=4100466856860 End=4100466939982 Duration=83122
Task=24 Chunk=2 Start=4100466940016 End=4100466998791 Duration=58775
Task=25 Chunk=0 Start=4100465869760 End=4100465918801 Duration=49041
Task=25 Chunk=1 Start=4100466940008 End=4100467014976 Duration=74968
Task=25 Chunk=2 Start=4100467014990 End=4100467074264 Duration=59274
Task=26 Chunk=0 Start=4100465936858 End=4100465986162 Duration=49304
Task=26 Chunk=1 Start=4100467014989 End=4100467093881 Duration=78892
Task=26 Chunk=2 Start=4100467093898 End=4100467153578 Duration=59680
Task=27 Chunk=0 Start=4100466019264 End=4100466069258 Duration=49994
Task=27 Chunk=1 Start=4100467093892 End=4100467174148 Duration=80256
Task=27 Chunk=2 Start=4100467174185 End=4100467234183 Duration=59998
Task=28 Chunk=0 Start=4100466097869 End=4100466148093 Duration=50224
Task=28 Chunk=1 Start=4100467174181 End=4100467251974 Duration=77793
Task=28 Chunk=2 Start=4100467251983 End=4100467310111 Duration=58128
Task=29 Chunk=0 Start=4100466182445 End=4100466232498 Duration=50053
Task=29 Chunk=1 Start=4100467251983 End=4100467330550 Duration=78567
Task=29 Chunk=2 Start=4100467330566 End=4100467388759 Duration=58193
Task=30 Chunk=0 Start=4100466260362 End=4100466308932 Duration=48570
Task=30 Chunk=1 Start=4100467330557 End=4100467409144 Duration=78587
Task=30 Chunk=2 Start=4100467409156 End=4100467469168 Duration=60012
Task=31 Chunk=0 Start=4100466343013 End=4100466391029 Duration=48016
Task=31 Chunk=1 Start=4100467409153 End=4100467491404 Duration=82251
Task=31 Chunk=2 Start=4100467491421 End=4100467552090 Duration=60669
Task=32 Chunk=0 Start=4100466423907 End=4100466473608 Duration=49701
Task=32 Chunk=1 Start=4100467491417 End=4100467570092 Duration=78675
Task=32 Chunk=2 Start=4100467570097 End=4100467629192 Duration=59095
Task=33 Chunk=0 Start=4100466506426 End=4100466556673 Duration=50247
Task=33 Chunk=1 Start=4100467570097 End=4100467648643 Duration=78546
Task=33 Chunk=2 Start=4100467648675 End=4100467707960 Duration=59285
Task=34 Chunk=0 Start=4100466585349 End=4100466633934 Duration=48585
Task=34 Chunk=1 Start=4100467648669 End=4100467726222 Duration=77553
Task=34 Chunk=2 Start=4100467726238 End=4100467784658 Duration=58420
Task=35 Chunk=0 Start=4100466669954 End=4100466697408 Duration=27454
Task=35 Chunk=1 Start=4100467726231 End=4100467805931 Duration=79700
Task=35 Chunk=2 Start=4100467805949 End=4100467865194 Duration=59245
Task=36 Chunk=0 Start=4100466751135 End=4100466778846 Duration=27711
Task=36 Chunk=1 Start=4100467805942 End=4100467885535 Duration=79593
Task=36 Chunk=2 Start=4100467885551 End=4100467945210 Duration=59659
Task=37 Chunk=0 Start=4100466834109 End=4100466861565 Duration=27456
Task=37 Chunk=1 Start=4100467885542 End=4100467969264 Duration=83722
Task=37 Chunk=2 Start=4100467969286 End=4100468028977 Duration=59691
Task=38 Chunk=0 Start=4100466915594 End=4100466943335 Duration=27741
Task=38 Chunk=1 Start=4100467969286 End=4100468052693 Duration=83407
Task=38 Chunk=2 Start=4100468052723 End=4100468112174 Duration=59451
Task=39 Chunk=0 Start=4100466998806 End=4100467025259 Duration=26453
Task=39 Chunk=1 Start=4100468052713 End=4100468136897 Duration=84184
Task=39 Chunk=2 Start=4100468136916 End=4100468195287 Duration=58371
Task=40 Chunk=0 Start=4100467074302 End=4100467101062 Duration=26760
Task=40 Chunk=1 Start=4100468136917 End=4100468212337 Duration=75420
Task=40 Chunk=2 Start=4100468212355 End=4100468270610 Duration=58255
Task=41 Chunk=0 Start=4100467153587 End=4100467180415 Duration=26828
Task=41 Chunk=1 Start=4100468212350 End=4100468289837 Duration=77487
Task=41 Chunk=2 Start=4100468289846 End=4100468350097 Duration=60251
Task=42 Chunk=0 Start=4100467234222 End=4100467260099 Duration=25877
Task=42 Chunk=1 Start=4100468289847 End=4100468368402 Duration=78555
Task=42 Chunk=2 Start=4100468368418 End=4100468428004 Duration=59586
Task=43 Chunk=0 Start=4100467310132 End=4100467338217 Duration=28085
Task=43 Chunk=1 Start=4100468368415 End=4100468446685 Duration=78270
Task=43 Chunk=2 Start=4100468446704 End=4100468505762 Duration=59058
Task=44 Chunk=0 Start=4100467388800 End=4100467417044 Duration=28244
Task=44 Chunk=1 Start=4100468446695 End=4100468524383 Duration=77688
Task=44 Chunk=2 Start=4100468524395 End=4100468582566 Duration=58171
Task=45 Chunk=0 Start=4100467469190 End=4100467496760 Duration=27570
Task=45 Chunk=1 Start=4100468524392 End=4100468602246 Duration=77854
Task=45 Chunk=2 Start=4100468602254 End=4100468660691 Duration=58437
Task=46 Chunk=0 Start=4100467552131 End=4100467578150 Duration=26019
Task=46 Chunk=1 Start=4100468602255 End=4100468680943 Duration=78688
Task=46 Chunk=2 Start=4100468680963 End=4100468740398 Duration=59435
Task=47 Chunk=0 Start=4100467629217 End=4100467655785 Duration=26568
Task=47 Chunk=1 Start=4100468680952 End=4100468759713 Duration=78761
Task=47 Chunk=2 Start=4100468759719 End=4100468819286 Duration=59567
Task=48 Chunk=0 Start=4100467707978 End=4100467734039 Duration=26061
Task=48 Chunk=1 Start=4100468759724 End=4100468837827 Duration=78103
Task=48 Chunk=2 Start=4100468837841 End=4100468896788 Duration=58947
Task=49 Chunk=0 Start=4100467784676 End=4100467812788 Duration=28112
Task=49 Chunk=1 Start=4100468837836 End=4100468912054 Duration=74218
Task=49 Chunk=2 Start=4100468912060 End=4100468970082 Duration=58022
Task=50 Chunk=0 Start=4100467865214 End=4100467892043 Duration=26829
Task=50 Chunk=1 Start=4100468912059 End=4100468989832 Duration=77773
Task=50 Chunk=2 Start=4100468989855 End=4100469048285 Duration=58430
Task=51 Chunk=0 Start=4100467945234 End=4100467971635 Duration=26401
Task=51 Chunk=1 Start=4100468989851 End=4100469065575 Duration=75724
Task=51 Chunk=2 Start=4100469065590 End=4100469125131 Duration=59541
Task=52 Chunk=0 Start=4100468028999 End=4100468055466 Duration=26467
Task=52 Chunk=1 Start=4100469065583 End=4100469150636 Duration=85053
Task=52 Chunk=2 Start=4100469150679 End=4100469209874 Duration=59195
Task=53 Chunk=0 Start=4100468112199 End=4100468137561 Duration=25362
Task=53 Chunk=1 Start=4100469150670 End=4100469233147 Duration=82477
Task=53 Chunk=2 Start=4100469233185 End=4100469293213 Duration=60028
Task=54 Chunk=0 Start=4100468195301 End=4100468221648 Duration=26347
Task=54 Chunk=1 Start=4100469233182 End=4100469312209 Duration=79027
Task=54 Chunk=2 Start=4100469312228 End=4100469370784 Duration=58556
Task=55 Chunk=0 Start=4100468270631 End=4100468298908 Duration=28277
Task=55 Chunk=1 Start=4100469312218 End=4100469387483 Duration=75265
Task=55 Chunk=2 Start=4100469387494 End=4100469445841 Duration=58347
Task=56 Chunk=0 Start=4100468350128 End=4100468376284 Duration=26156
Task=56 Chunk=1 Start=4100469387497 End=4100469466126 Duration=78629
Task=56 Chunk=2 Start=4100469466140 End=4100469525243 Duration=59103
Task=57 Chunk=0 Start=4100468428020 End=4100468454158 Duration=26138
Task=57 Chunk=1 Start=4100469466136 End=4100469545401 Duration=79265
Task=57 Chunk=2 Start=4100469545414 End=4100469604750 Duration=59336
Task=58 Chunk=0 Start=4100468505791 End=4100468531912 Duration=26121
Task=58 Chunk=1 Start=4100469545408 End=4100469624598 Duration=79190
Task=58 Chunk=2 Start=4100469624624 End=4100469683875 Duration=59251
Task=59 Chunk=0 Start=4100468582584 End=4100468609557 Duration=26973
Task=59 Chunk=1 Start=4100469624615 End=4100469705255 Duration=80640
Task=59 Chunk=2 Start=4100469705275 End=4100469763502 Duration=58227
Task=60 Chunk=0 Start=4100468660733 End=4100468687116 Duration=26383
Task=60 Chunk=1 Start=4100469705271 End=4100469780409 Duration=75138
Task=60 Chunk=2 Start=4100469780422 End=4100469838409 Duration=57987
Task=61 Chunk=0 Start=4100468740427 End=4100468766946 Duration=26519
Task=61 Chunk=1 Start=4100469780415 End=4100469855079 Duration=74664
Task=61 Chunk=2 Start=4100469855100 End=4100469914706 Duration=59606
Task=62 Chunk=0 Start=4100468819299 End=4100468845431 Duration=26132
Task=62 Chunk=1 Start=4100469855092 End=4100469934066 Duration=78974
Task=62 Chunk=2 Start=4100469934081 End=4100469993430 Duration=59349
Task=63 Chunk=0 Start=4100468896806 End=4100468922220 Duration=25414
Task=63 Chunk=1 Start=4100469934082 End=4100470019091 Duration=85009
Task=63 Chunk=2 Start=4100470019125 End=4100470077904 Duration=58779
Task=64 Chunk=0 Start=4100468970101 End=4100468997546 Duration=27445
Task=64 Chunk=1 Start=4100470019117 End=4100470098353 Duration=79236
Task=64 Chunk=2 Start=4100470098376 End=4100470156586 Duration=58210
Task=65 Chunk=0 Start=4100469048306 End=4100469073972 Duration=25666
Task=65 Chunk=1 Start=4100470098370 End=4100470177337 Duration=78967
Task=65 Chunk=2 Start=4100470177362 End=4100470235875 Duration=58513
Task=66 Chunk=0 Start=4100469125156 End=4100469150728 Duration=25572
Task=66 Chunk=1 Start=4100470177356 End=4100470252366 Duration=75010
Task=66 Chunk=2 Start=4100470252372 End=4100470311770 Duration=59398
Task=67 Chunk=0 Start=4100469209895 End=4100469237058 Duration=27163
Task=67 Chunk=1 Start=4100470252372 End=4100470332170 Duration=79798
Task=67 Chunk=2 Start=4100470332193 End=4100470391557 Duration=59364
Task=68 Chunk=0 Start=4100469293239 End=4100469319672 Duration=26433
Task=68 Chunk=1 Start=4100470332187 End=4100470416484 Duration=84297
Task=68 Chunk=2 Start=4100470416498 End=4100470476045 Duration=59547
Task=69 Chunk=0 Start=4100469370810 End=4100469397119 Duration=26309
Task=69 Chunk=1 Start=4100470416498 End=4100470495096 Duration=78598
Task=69 Chunk=2 Start=4100470495105 End=4100470553432 Duration=58327
Task=70 Chunk=0 Start=4100469445876 End=4100469472876 Duration=27000
Task=70 Chunk=1 Start=4100470495106 End=4100470569677 Duration=74571
Task=70 Chunk=2 Start=4100470569692 End=4100470627962 Duration=58270
Task=71 Chunk=0 Start=4100469525258 End=4100469551992 Duration=26734
Task=71 Chunk=1 Start=4100470569687 End=4100470643387 Duration=73700
Task=71 Chunk=2 Start=4100470643402 End=4100470702476 Duration=59074
Task=72 Chunk=0 Start=4100469604781 End=4100469631326 Duration=26545
Task=72 Chunk=1 Start=4100470643398 End=4100470717950 Duration=74552
Task=72 Chunk=2 Start=4100470717964 End=4100470777400 Duration=59436
Task=73 Chunk=0 Start=4100469683902 End=4100469710841 Duration=26939
Task=73 Chunk=1 Start=4100470717960 End=4100470799447 Duration=81487
Task=73 Chunk=2 Start=4100470799466 End=4100470858864 Duration=59398
Task=74 Chunk=0 Start=4100469763516 End=4100469789546 Duration=26030
Task=74 Chunk=1 Start=4100470799461 End=4100470875516 Duration=76055
Task=74 Chunk=2 Start=4100470875525 End=4100470933341 Duration=57816
Task=75 Chunk=0 Start=4100469838435 End=4100469863924 Duration=25489
Task=75 Chunk=1 Start=4100470875523 End=4100470951013 Duration=75490
Task=75 Chunk=2 Start=4100470951024 End=4100471009186 Duration=58162
Task=76 Chunk=0 Start=4100469914745 End=4100469941517 Duration=26772
Task=76 Chunk=1 Start=4100470951020 End=4100471026270 Duration=75250
Task=76 Chunk=2 Start=4100471026281 End=4100471086286 Duration=60005
Task=77 Chunk=0 Start=4100469993439 End=4100470018839 Duration=25400
Task=77 Chunk=1 Start=4100471026277 End=4100471104706 Duration=78429
Task=77 Chunk=2 Start=4100471104732 End=4100471163978 Duration=59246
Task=78 Chunk=0 Start=4100470077914 End=4100470104726 Duration=26812
Task=78 Chunk=1 Start=4100471104723 End=4100471180206 Duration=75483
Task=78 Chunk=2 Start=4100471180217 End=4100471238360 Duration=58143
Task=79 Chunk=0 Start=4100470156593 End=4100470184166 Duration=27573
Task=79 Chunk=1 Start=4100471180216 End=4100471261212 Duration=80996
Task=79 Chunk=2 Start=4100471261240 End=4100471320010 Duration=58770
Task=80 Chunk=0 Start=4100470235894 End=4100470262568 Duration=26674
Task=80 Chunk=1 Start=4100471261236 End=4100471339713 Duration=78477
Task=80 Chunk=2 Start=4100471339741 End=4100471399597 Duration=59856
Task=81 Chunk=0 Start=4100470311799 End=4100470338639 Duration=26840
Task=81 Chunk=1 Start=4100471339736 End=4100471421215 Duration=81479
Task=81 Chunk=2 Start=4100471421253 End=4100471481165 Duration=59912
Task=82 Chunk=0 Start=4100470391581 End=4100470418120 Duration=26539
Task=82 Chunk=1 Start=4100471421243 End=4100471501940 Duration=80697
Task=82 Chunk=2 Start=4100471501966 End=4100471561330 Duration=59364
Task=83 Chunk=0 Start=4100470476064 End=4100470502466 Duration=26402
Task=83 Chunk=1 Start=4100471501956 End=4100471581245 Duration=79289
Task=83 Chunk=2 Start=4100471581276 End=4100471640908 Duration=59632
Task=84 Chunk=0 Start=4100470553460 End=4100470579873 Duration=26413
Task=84 Chunk=1 Start=4100471581271 End=4100471660273 Duration=79002
Task=84 Chunk=2 Start=4100471660298 End=4100471718614 Duration=58316
Task=85 Chunk=0 Start=4100470628009 End=4100470653320 Duration=25311
Task=85 Chunk=1 Start=4100471660292 End=4100471736486 Duration=76194
Task=85 Chunk=2 Start=4100471736497 End=4100471795377 Duration=58880
Task=86 Chunk=0 Start=4100470702487 End=4100470727984 Duration=25497
Task=86 Chunk=1 Start=4100471736493 End=4100471815343 Duration=78850
Task=86 Chunk=2 Start=4100471815368 End=4100471874382 Duration=59014
Task=87 Chunk=0 Start=4100470777440 End=4100470804559 Duration=27119
Task=87 Chunk=1 Start=4100471815359 End=4100471895120 Duration=79761
Task=87 Chunk=2 Start=4100471895139 End=4100471954375 Duration=59236
Task=88 Chunk=0 Start=4100470858886 End=4100470884277 Duration=25391
Task=88 Chunk=1 Start=4100471895139 End=4100471975415 Duration=80276
Task=88 Chunk=2 Start=4100471975435 End=4100472034340 Duration=58905
Task=89 Chunk=0 Start=4100470933360 End=4100470959834 Duration=26474
Task=89 Chunk=1 Start=4100471975434 End=4100472053560 Duration=78126
Task=89 Chunk=2 Start=4100472053581 End=4100472111531 Duration=57950
Task=90 Chunk=0 Start=4100471009219 End=4100471035069 Duration=25850
Task=90 Chunk=1 Start=4100472053580 End=4100472129558 Duration=75978
Task=90 Chunk=2 Start=4100472129568 End=4100472187690 Duration=58122
Task=91 Chunk=0 Start=4100471086319 End=4100471112608 Duration=26289
Task=91 Chunk=1 Start=4100472129568 End=4100472203356 Duration=73788
Task=91 Chunk=2 Start=4100472203385 End=4100472262983 Duration=59598
Task=92 Chunk=0 Start=4100471164000 End=4100471189365 Duration=25365
Task=92 Chunk=1 Start=4100472203383 End=4100472277992 Duration=74609
Task=92 Chunk=2 Start=4100472278007 End=4100472337978 Duration=59971
Task=93 Chunk=0 Start=4100471238374 End=4100471266169 Duration=27795
Task=93 Chunk=1 Start=4100472278001 End=4100472351663 Duration=73662
Task=93 Chunk=2 Start=4100472351670 End=4100472409836 Duration=58166
Task=94 Chunk=0 Start=4100471320033 End=4100471348322 Duration=28289
Task=94 Chunk=1 Start=4100472351669 End=4100472427377 Duration=75708
Task=94 Chunk=2 Start=4100472427393 End=4100472485440 Duration=58047
Task=95 Chunk=0 Start=4100471399608 End=4100471426657 Duration=27049
Task=95 Chunk=1 Start=4100472427382 End=4100472502343 Duration=74961
Task=95 Chunk=2 Start=4100472502360 End=4100472561414 Duration=59054
Task=96 Chunk=0 Start=4100471481195 End=4100471508214 Duration=27019
Task=96 Chunk=1 Start=4100472502349 End=4100472580357 Duration=78008
Task=96 Chunk=2 Start=4100472580392 End=4100472639514 Duration=59122
Task=97 Chunk=0 Start=4100471561347 End=4100471588490 Duration=27143
Task=97 Chunk=1 Start=4100472580387 End=4100472659137 Duration=78750
Task=97 Chunk=2 Start=4100472659166 End=4100472717185 Duration=58019
Task=98 Chunk=0 Start=4100471640928 End=4100471667466 Duration=26538
Task=98 Chunk=1 Start=4100472659155 End=4100472737772 Duration=78617
Task=98 Chunk=2 Start=4100472737794 End=4100472795674 Duration=57880
Task=99 Chunk=0 Start=4100471718625 End=4100471745356 Duration=26731
Task=99 Chunk=1 Start=4100472737792 End=4100472812464 Duration=74672
Task=99 Chunk=2 Start=4100472812479 End=4100472871751 Duration=59272
### Python End ###

--------------------------------
[2025-06-26 18:34:56.197] [info] Available Vulkan Layers:
[2025-06-26 18:34:56.197] [warning] Validation layer requested but not available, continuing without it...
[2025-06-26 18:34:56.199] [info] Using integrated GPU: Mali-G710
[2025-06-26 18:34:56.202] [info] VulkanDispatcher instance created.
[2025-06-26 18:34:56.370] [info] Total memory used: 40550404 bytes (38.67188 MB)
[2025-06-26 18:34:56.375] [info] Total memory used: 40550404 bytes (38.67188 MB)
[2025-06-26 18:34:56.454] [info] Total memory used: 40550404 bytes (38.67188 MB)
[2025-06-26 18:34:56.462] [info] Total memory used: 40550404 bytes (38.67188 MB)
[2025-06-26 18:34:56.467] [info] Total memory used: 40550404 bytes (38.67188 MB)
[2025-06-26 18:34:56.531] [info] Total memory used: 40550404 bytes (38.67188 MB)
[2025-06-26 18:34:56.536] [info] Total memory used: 40550404 bytes (38.67188 MB)
[2025-06-26 18:34:56.541] [info] Total memory used: 40550404 bytes (38.67188 MB)
[2025-06-26 18:34:56.546] [info] Total memory used: 40550404 bytes (38.67188 MB)
[2025-06-26 18:34:56.552] [info] Total memory used: 40550404 bytes (38.67188 MB)
[2025-06-26 18:34:56.633] [info] Total memory used: 40550404 bytes (38.67188 MB)
[2025-06-26 18:34:56.638] [info] Total memory used: 40550404 bytes (38.67188 MB)
[2025-06-26 18:34:56.643] [info] Total memory used: 40550404 bytes (38.67188 MB)
[2025-06-26 18:34:56.648] [info] Total memory used: 40550404 bytes (38.67188 MB)
[2025-06-26 18:34:56.653] [info] Total memory used: 40550404 bytes (38.67188 MB)
[2025-06-26 18:34:56.658] [info] Total memory used: 40550404 bytes (38.67188 MB)
### Python Begin ###
Schedule_UID=SCH-B3G2M2-G078-d764
Frequency=24576000 Hz
Task=0 Chunk=0 Start=4100485494168 End=4100485545883 Duration=51715
Task=0 Chunk=1 Start=4100485545967 End=4100485704516 Duration=158549
Task=0 Chunk=2 Start=4100485704555 End=4100485812126 Duration=107571
Task=1 Chunk=0 Start=4100485545889 End=4100485579314 Duration=33425
Task=1 Chunk=1 Start=4100485704545 End=4100485724313 Duration=19768
Task=1 Chunk=2 Start=4100485812130 End=4100485879740 Duration=67610
Task=2 Chunk=0 Start=4100485579319 End=4100485614524 Duration=35205
Task=2 Chunk=1 Start=4100485724324 End=4100485752037 Duration=27713
Task=2 Chunk=2 Start=4100485879741 End=4100485951253 Duration=71512
Task=3 Chunk=0 Start=4100485614528 End=4100485648258 Duration=33730
Task=3 Chunk=1 Start=4100485752051 End=4100485776214 Duration=24163
Task=3 Chunk=2 Start=4100485951253 End=4100486122007 Duration=170754
Task=4 Chunk=0 Start=4100485648259 End=4100485683228 Duration=34969
Task=4 Chunk=1 Start=4100485776215 End=4100485796240 Duration=20025
Task=4 Chunk=2 Start=4100486122007 End=4100486194778 Duration=72771
Task=5 Chunk=0 Start=4100485683229 End=4100485723928 Duration=40699
Task=5 Chunk=1 Start=4100485796244 End=4100485815668 Duration=19424
Task=5 Chunk=2 Start=4100486194778 End=4100486250059 Duration=55281
Task=6 Chunk=0 Start=4100485723931 End=4100485762415 Duration=38484
Task=6 Chunk=1 Start=4100485815668 End=4100485885473 Duration=69805
Task=6 Chunk=2 Start=4100486250062 End=4100486305011 Duration=54949
Task=7 Chunk=0 Start=4100485762416 End=4100485804454 Duration=42038
Task=7 Chunk=1 Start=4100485885473 End=4100485902437 Duration=16964
Task=7 Chunk=2 Start=4100486305012 End=4100486358491 Duration=53479
Task=8 Chunk=0 Start=4100485804458 End=4100485843602 Duration=39144
Task=8 Chunk=1 Start=4100485902442 End=4100485920883 Duration=18441
Task=8 Chunk=2 Start=4100486358492 End=4100486413317 Duration=54825
Task=9 Chunk=0 Start=4100485843603 End=4100485878430 Duration=34827
Task=9 Chunk=1 Start=4100485920884 End=4100485937942 Duration=17058
Task=9 Chunk=2 Start=4100486413319 End=4100486467072 Duration=53753
Task=10 Chunk=0 Start=4100485878430 End=4100485914330 Duration=35900
Task=10 Chunk=1 Start=4100485937943 End=4100485956032 Duration=18089
Task=10 Chunk=2 Start=4100486467072 End=4100486521569 Duration=54497
Task=11 Chunk=0 Start=4100485914331 End=4100485949105 Duration=34774
Task=11 Chunk=1 Start=4100485956033 End=4100485969177 Duration=13144
Task=11 Chunk=2 Start=4100486521570 End=4100486575139 Duration=53569
Task=12 Chunk=0 Start=4100485949106 End=4100485982450 Duration=33344
Task=12 Chunk=1 Start=4100485982470 End=4100485996096 Duration=13626
Task=12 Chunk=2 Start=4100486575145 End=4100486630641 Duration=55496
Task=13 Chunk=0 Start=4100485982451 End=4100486017227 Duration=34776
Task=13 Chunk=1 Start=4100486017239 End=4100486030946 Duration=13707
Task=13 Chunk=2 Start=4100486630642 End=4100486685927 Duration=55285
Task=14 Chunk=0 Start=4100486017228 End=4100486050876 Duration=33648
Task=14 Chunk=1 Start=4100486050900 End=4100486064189 Duration=13289
Task=14 Chunk=2 Start=4100486685927 End=4100486739770 Duration=53843
Task=15 Chunk=0 Start=4100486050882 End=4100486084836 Duration=33954
Task=15 Chunk=1 Start=4100486084852 End=4100486097925 Duration=13073
Task=15 Chunk=2 Start=4100486739771 End=4100486794996 Duration=55225
Task=16 Chunk=0 Start=4100486084839 End=4100486119875 Duration=35036
Task=16 Chunk=1 Start=4100486119908 End=4100486133447 Duration=13539
Task=16 Chunk=2 Start=4100486794997 End=4100486849690 Duration=54693
Task=17 Chunk=0 Start=4100486119876 End=4100486153618 Duration=33742
Task=17 Chunk=1 Start=4100486188779 End=4100486207134 Duration=18355
Task=17 Chunk=2 Start=4100486849691 End=4100486905829 Duration=56138
Task=18 Chunk=0 Start=4100486153619 End=4100486188766 Duration=35147
Task=18 Chunk=1 Start=4100486207150 End=4100486224033 Duration=16883
Task=18 Chunk=2 Start=4100486905830 End=4100486959742 Duration=53912
Task=19 Chunk=0 Start=4100486194795 End=4100486229285 Duration=34490
Task=19 Chunk=1 Start=4100486229312 End=4100486245815 Duration=16503
Task=19 Chunk=2 Start=4100486959743 End=4100487015231 Duration=55488
Task=20 Chunk=0 Start=4100486250088 End=4100486285044 Duration=34956
Task=20 Chunk=1 Start=4100486285420 End=4100486307716 Duration=22296
Task=20 Chunk=2 Start=4100487015232 End=4100487069697 Duration=54465
Task=21 Chunk=0 Start=4100486305024 End=4100486339266 Duration=34242
Task=21 Chunk=1 Start=4100486339289 End=4100486359426 Duration=20137
Task=21 Chunk=2 Start=4100487069697 End=4100487124742 Duration=55045
Task=22 Chunk=0 Start=4100486358525 End=4100486394157 Duration=35632
Task=22 Chunk=1 Start=4100486394205 End=4100486414545 Duration=20340
Task=22 Chunk=2 Start=4100487124742 End=4100487179181 Duration=54439
Task=23 Chunk=0 Start=4100486413333 End=4100486447478 Duration=34145
Task=23 Chunk=1 Start=4100486447529 End=4100486463741 Duration=16212
Task=23 Chunk=2 Start=4100487179182 End=4100487232986 Duration=53804
Task=24 Chunk=0 Start=4100486467102 End=4100486502213 Duration=35111
Task=24 Chunk=1 Start=4100486502235 End=4100486517979 Duration=15744
Task=24 Chunk=2 Start=4100487232987 End=4100487288024 Duration=55037
Task=25 Chunk=0 Start=4100486521605 End=4100486555599 Duration=33994
Task=25 Chunk=1 Start=4100486555614 End=4100486570531 Duration=14917
Task=25 Chunk=2 Start=4100487288028 End=4100487341116 Duration=53088
Task=26 Chunk=0 Start=4100486575163 End=4100486610705 Duration=35542
Task=26 Chunk=1 Start=4100486610716 End=4100486626029 Duration=15313
Task=26 Chunk=2 Start=4100487341117 End=4100487395419 Duration=54302
Task=27 Chunk=0 Start=4100486630703 End=4100486664880 Duration=34177
Task=27 Chunk=1 Start=4100486664930 End=4100486681126 Duration=16196
Task=27 Chunk=2 Start=4100487395420 End=4100487448938 Duration=53518
Task=28 Chunk=0 Start=4100486685974 End=4100486720320 Duration=34346
Task=28 Chunk=1 Start=4100486720354 End=4100486735729 Duration=15375
Task=28 Chunk=2 Start=4100487448939 End=4100487503504 Duration=54565
Task=29 Chunk=0 Start=4100486739788 End=4100486773623 Duration=33835
Task=29 Chunk=1 Start=4100486773642 End=4100486793429 Duration=19787
Task=29 Chunk=2 Start=4100487503504 End=4100487556900 Duration=53396
Task=30 Chunk=0 Start=4100486795029 End=4100486829372 Duration=34343
Task=30 Chunk=1 Start=4100486829390 End=4100486844246 Duration=14856
Task=30 Chunk=2 Start=4100487556901 End=4100487612305 Duration=55404
Task=31 Chunk=0 Start=4100486849711 End=4100486885106 Duration=35395
Task=31 Chunk=1 Start=4100486885139 End=4100486901029 Duration=15890
Task=31 Chunk=2 Start=4100487612306 End=4100487667792 Duration=55486
Task=32 Chunk=0 Start=4100486905854 End=4100486940148 Duration=34294
Task=32 Chunk=1 Start=4100486940199 End=4100486955392 Duration=15193
Task=32 Chunk=2 Start=4100487667793 End=4100487722924 Duration=55131
Task=33 Chunk=0 Start=4100486959786 End=4100486995821 Duration=36035
Task=33 Chunk=1 Start=4100486995850 End=4100487017282 Duration=21432
Task=33 Chunk=2 Start=4100487722925 End=4100487778042 Duration=55117
Task=34 Chunk=0 Start=4100487015257 End=4100487049380 Duration=34123
Task=34 Chunk=1 Start=4100487049394 End=4100487066455 Duration=17061
Task=34 Chunk=2 Start=4100487778043 End=4100487831377 Duration=53334
Task=35 Chunk=0 Start=4100487069720 End=4100487104784 Duration=35064
Task=35 Chunk=1 Start=4100487104807 End=4100487125126 Duration=20319
Task=35 Chunk=2 Start=4100487831378 End=4100487886256 Duration=54878
Task=36 Chunk=0 Start=4100487124755 End=4100487158952 Duration=34197
Task=36 Chunk=1 Start=4100487158964 End=4100487174791 Duration=15827
Task=36 Chunk=2 Start=4100487886257 End=4100487940014 Duration=53757
Task=37 Chunk=0 Start=4100487179209 End=4100487213249 Duration=34040
Task=37 Chunk=1 Start=4100487213308 End=4100487233627 Duration=20319
Task=37 Chunk=2 Start=4100487940014 End=4100487994973 Duration=54959
Task=38 Chunk=0 Start=4100487233008 End=4100487268107 Duration=35099
Task=38 Chunk=1 Start=4100487268364 End=4100487286855 Duration=18491
Task=38 Chunk=2 Start=4100487994974 End=4100488048834 Duration=53860
Task=39 Chunk=0 Start=4100487288065 End=4100487322441 Duration=34376
Task=39 Chunk=1 Start=4100487322463 End=4100487342625 Duration=20162
Task=39 Chunk=2 Start=4100488048835 End=4100488103005 Duration=54170
Task=40 Chunk=0 Start=4100487341137 End=4100487376982 Duration=35845
Task=40 Chunk=1 Start=4100487377007 End=4100487396185 Duration=19178
Task=40 Chunk=2 Start=4100488103006 End=4100488157686 Duration=54680
Task=41 Chunk=0 Start=4100487395441 End=4100487429534 Duration=34093
Task=41 Chunk=1 Start=4100487429555 End=4100487444748 Duration=15193
Task=41 Chunk=2 Start=4100488157686 End=4100488211215 Duration=53529
Task=42 Chunk=0 Start=4100487448976 End=4100487484347 Duration=35371
Task=42 Chunk=1 Start=4100487484381 End=4100487499811 Duration=15430
Task=42 Chunk=2 Start=4100488211216 End=4100488265492 Duration=54276
Task=43 Chunk=0 Start=4100487503537 End=4100487537753 Duration=34216
Task=43 Chunk=1 Start=4100487537803 End=4100487553053 Duration=15250
Task=43 Chunk=2 Start=4100488265499 End=4100488318887 Duration=53388
Task=44 Chunk=0 Start=4100487556920 End=4100487592328 Duration=35408
Task=44 Chunk=1 Start=4100487592352 End=4100487612862 Duration=20510
Task=44 Chunk=2 Start=4100488318888 End=4100488373240 Duration=54352
Task=45 Chunk=0 Start=4100487612352 End=4100487646427 Duration=34075
Task=45 Chunk=1 Start=4100487646462 End=4100487662824 Duration=16362
Task=45 Chunk=2 Start=4100488373241 End=4100488427347 Duration=54106
Task=46 Chunk=0 Start=4100487667810 End=4100487701910 Duration=34100
Task=46 Chunk=1 Start=4100487701959 End=4100487721095 Duration=19136
Task=46 Chunk=2 Start=4100488427347 End=4100488482718 Duration=55371
Task=47 Chunk=0 Start=4100487722943 End=4100487756985 Duration=34042
Task=47 Chunk=1 Start=4100487757028 End=4100487777176 Duration=20148
Task=47 Chunk=2 Start=4100488482720 End=4100488537124 Duration=54404
Task=48 Chunk=0 Start=4100487778066 End=4100487812294 Duration=34228
Task=48 Chunk=1 Start=4100487812327 End=4100487827481 Duration=15154
Task=48 Chunk=2 Start=4100488537125 End=4100488592435 Duration=55310
Task=49 Chunk=0 Start=4100487831393 End=4100487866785 Duration=35392
Task=49 Chunk=1 Start=4100487866825 End=4100487881929 Duration=15104
Task=49 Chunk=2 Start=4100488592436 End=4100488647450 Duration=55014
Task=50 Chunk=0 Start=4100487886288 End=4100487920480 Duration=34192
Task=50 Chunk=1 Start=4100487920518 End=4100487935740 Duration=15222
Task=50 Chunk=2 Start=4100488647451 End=4100488701836 Duration=54385
Task=51 Chunk=0 Start=4100487940048 End=4100487975551 Duration=35503
Task=51 Chunk=1 Start=4100487975586 End=4100487994700 Duration=19114
Task=51 Chunk=2 Start=4100488701836 End=4100488757270 Duration=55434
Task=52 Chunk=0 Start=4100487995016 End=4100488029236 Duration=34220
Task=52 Chunk=1 Start=4100488029293 End=4100488045098 Duration=15805
Task=52 Chunk=2 Start=4100488757271 End=4100488810800 Duration=53529
Task=53 Chunk=0 Start=4100488048846 End=4100488083807 Duration=34961
Task=53 Chunk=1 Start=4100488083820 End=4100488098933 Duration=15113
Task=53 Chunk=2 Start=4100488810801 End=4100488865311 Duration=54510
Task=54 Chunk=0 Start=4100488103044 End=4100488136901 Duration=33857
Task=54 Chunk=1 Start=4100488136924 End=4100488158261 Duration=21337
Task=54 Chunk=2 Start=4100488865313 End=4100488919126 Duration=53813
Task=55 Chunk=0 Start=4100488157701 End=4100488191869 Duration=34168
Task=55 Chunk=1 Start=4100488191893 End=4100488207240 Duration=15347
Task=55 Chunk=2 Start=4100488919129 End=4100488973777 Duration=54648
Task=56 Chunk=0 Start=4100488211232 End=4100488245196 Duration=33964
Task=56 Chunk=1 Start=4100488245242 End=4100488260435 Duration=15193
Task=56 Chunk=2 Start=4100488973777 End=4100489027128 Duration=53351
Task=57 Chunk=0 Start=4100488265547 End=4100488299777 Duration=34230
Task=57 Chunk=1 Start=4100488299816 End=4100488314476 Duration=14660
Task=57 Chunk=2 Start=4100489027129 End=4100489082015 Duration=54886
Task=58 Chunk=0 Start=4100488318904 End=4100488354035 Duration=35131
Task=58 Chunk=1 Start=4100488354056 End=4100488369224 Duration=15168
Task=58 Chunk=2 Start=4100489082016 End=4100489136067 Duration=54051
Task=59 Chunk=0 Start=4100488373258 End=4100488407272 Duration=34014
Task=59 Chunk=1 Start=4100488407309 End=4100488422606 Duration=15297
Task=59 Chunk=2 Start=4100489136069 End=4100489189803 Duration=53734
Task=60 Chunk=0 Start=4100488427385 End=4100488463204 Duration=35819
Task=60 Chunk=1 Start=4100488463249 End=4100488478371 Duration=15122
Task=60 Chunk=2 Start=4100489189804 End=4100489244799 Duration=54995
Task=61 Chunk=0 Start=4100488482740 End=4100488516843 Duration=34103
Task=61 Chunk=1 Start=4100488516859 End=4100488531981 Duration=15122
Task=61 Chunk=2 Start=4100489244804 End=4100489299247 Duration=54443
Task=62 Chunk=0 Start=4100488537156 End=4100488572308 Duration=35152
Task=62 Chunk=1 Start=4100488572317 End=4100488591311 Duration=18994
Task=62 Chunk=2 Start=4100489299251 End=4100489355595 Duration=56344
Task=63 Chunk=0 Start=4100488592448 End=4100488626652 Duration=34204
Task=63 Chunk=1 Start=4100488626694 End=4100488642217 Duration=15523
Task=63 Chunk=2 Start=4100489355611 End=4100489409375 Duration=53764
Task=64 Chunk=0 Start=4100488647471 End=4100488681732 Duration=34261
Task=64 Chunk=1 Start=4100488681770 End=4100488697334 Duration=15564
Task=64 Chunk=2 Start=4100489409375 End=4100489464202 Duration=54827
Task=65 Chunk=0 Start=4100488701860 End=4100488735873 Duration=34013
Task=65 Chunk=1 Start=4100488735892 End=4100488751169 Duration=15277
Task=65 Chunk=2 Start=4100489464204 End=4100489518348 Duration=54144
Task=66 Chunk=0 Start=4100488757308 End=4100488791602 Duration=34294
Task=66 Chunk=1 Start=4100488791624 End=4100488806805 Duration=15181
Task=66 Chunk=2 Start=4100489518350 End=4100489573120 Duration=54770
Task=67 Chunk=0 Start=4100488810810 End=4100488845929 Duration=35119
Task=67 Chunk=1 Start=4100488845943 End=4100488861291 Duration=15348
Task=67 Chunk=2 Start=4100489573123 End=4100489628523 Duration=55400
Task=68 Chunk=0 Start=4100488865340 End=4100488899311 Duration=33971
Task=68 Chunk=1 Start=4100488899326 End=4100488914195 Duration=14869
Task=68 Chunk=2 Start=4100489628526 End=4100489682253 Duration=53727
Task=69 Chunk=0 Start=4100488919145 End=4100488954639 Duration=35494
Task=69 Chunk=1 Start=4100488954674 End=4100488970176 Duration=15502
Task=69 Chunk=2 Start=4100489682254 End=4100489737051 Duration=54797
Task=70 Chunk=0 Start=4100488973794 End=4100489007809 Duration=34015
Task=70 Chunk=1 Start=4100489007856 End=4100489022866 Duration=15010
Task=70 Chunk=2 Start=4100489737060 End=4100489790571 Duration=53511
Task=71 Chunk=0 Start=4100489027138 End=4100489062941 Duration=35803
Task=71 Chunk=1 Start=4100489062957 End=4100489080594 Duration=17637
Task=71 Chunk=2 Start=4100489790572 End=4100489845181 Duration=54609
Task=72 Chunk=0 Start=4100489082040 End=4100489116244 Duration=34204
Task=72 Chunk=1 Start=4100489116294 End=4100489131538 Duration=15244
Task=72 Chunk=2 Start=4100489845184 End=4100489898436 Duration=53252
Task=73 Chunk=0 Start=4100489136081 End=4100489170117 Duration=34036
Task=73 Chunk=1 Start=4100489170150 End=4100489191069 Duration=20919
Task=73 Chunk=2 Start=4100489898437 End=4100489953558 Duration=55121
Task=74 Chunk=0 Start=4100489189827 End=4100489223729 Duration=33902
Task=74 Chunk=1 Start=4100489223749 End=4100489240796 Duration=17047
Task=74 Chunk=2 Start=4100489953562 End=4100490006749 Duration=53187
Task=75 Chunk=0 Start=4100489244838 End=4100489278859 Duration=34021
Task=75 Chunk=1 Start=4100489278881 End=4100489299326 Duration=20445
Task=75 Chunk=2 Start=4100490006750 End=4100490061824 Duration=55074
Task=76 Chunk=0 Start=4100489299288 End=4100489335096 Duration=35808
Task=76 Chunk=1 Start=4100489335172 End=4100489353923 Duration=18751
Task=76 Chunk=2 Start=4100490061825 End=4100490116200 Duration=54375
Task=77 Chunk=0 Start=4100489355632 End=4100489389718 Duration=34086
Task=77 Chunk=1 Start=4100489389739 End=4100489405030 Duration=15291
Task=77 Chunk=2 Start=4100490116201 End=4100490171538 Duration=55337
Task=78 Chunk=0 Start=4100489409394 End=4100489444960 Duration=35566
Task=78 Chunk=1 Start=4100489444989 End=4100489460275 Duration=15286
Task=78 Chunk=2 Start=4100490171539 End=4100490227507 Duration=55968
Task=79 Chunk=0 Start=4100489464215 End=4100489498419 Duration=34204
Task=79 Chunk=1 Start=4100489498440 End=4100489513452 Duration=15012
Task=79 Chunk=2 Start=4100490227507 End=4100490281075 Duration=53568
Task=80 Chunk=0 Start=4100489518389 End=4100489553270 Duration=34881
Task=80 Chunk=1 Start=4100489553314 End=4100489573881 Duration=20567
Task=80 Chunk=2 Start=4100490281076 End=4100490336611 Duration=55535
Task=81 Chunk=0 Start=4100489573167 End=4100489607435 Duration=34268
Task=81 Chunk=1 Start=4100489607479 End=4100489622644 Duration=15165
Task=81 Chunk=2 Start=4100490336612 End=4100490390618 Duration=54006
Task=82 Chunk=0 Start=4100489628572 End=4100489662550 Duration=33978
Task=82 Chunk=1 Start=4100489662586 End=4100489678150 Duration=15564
Task=82 Chunk=2 Start=4100490390619 End=4100490445800 Duration=55181
Task=83 Chunk=0 Start=4100489682277 End=4100489716153 Duration=33876
Task=83 Chunk=1 Start=4100489716186 End=4100489731069 Duration=14883
Task=83 Chunk=2 Start=4100490445808 End=4100490499206 Duration=53398
Task=84 Chunk=0 Start=4100489737084 End=4100489771068 Duration=33984
Task=84 Chunk=1 Start=4100489771115 End=4100489786870 Duration=15755
Task=84 Chunk=2 Start=4100490499207 End=4100490554376 Duration=55169
Task=85 Chunk=0 Start=4100489790621 End=4100489825699 Duration=35078
Task=85 Chunk=1 Start=4100489825759 End=4100489840963 Duration=15204
Task=85 Chunk=2 Start=4100490554377 End=4100490608213 Duration=53836
Task=86 Chunk=0 Start=4100489845205 End=4100489879442 Duration=34237
Task=86 Chunk=1 Start=4100489879482 End=4100489894605 Duration=15123
Task=86 Chunk=2 Start=4100490608213 End=4100490660970 Duration=52757
Task=87 Chunk=0 Start=4100489898448 End=4100489934392 Duration=35944
Task=87 Chunk=1 Start=4100489934428 End=4100489949699 Duration=15271
Task=87 Chunk=2 Start=4100490660971 End=4100490713773 Duration=52802
Task=88 Chunk=0 Start=4100489953609 End=4100489987752 Duration=34143
Task=88 Chunk=1 Start=4100489987776 End=4100490003140 Duration=15364
Task=88 Chunk=2 Start=4100490713774 End=4100490765445 Duration=51671
Task=89 Chunk=0 Start=4100490006761 End=4100490041774 Duration=35013
Task=89 Chunk=1 Start=4100490041824 End=4100490057399 Duration=15575
Task=89 Chunk=2 Start=4100490765446 End=4100490817832 Duration=52386
Task=90 Chunk=0 Start=4100490061855 End=4100490095959 Duration=34104
Task=90 Chunk=1 Start=4100490095975 End=4100490111045 Duration=15070
Task=90 Chunk=2 Start=4100490817832 End=4100490869858 Duration=52026
Task=91 Chunk=0 Start=4100490116234 End=4100490151441 Duration=35207
Task=91 Chunk=1 Start=4100490151451 End=4100490166833 Duration=15382
Task=91 Chunk=2 Start=4100490869859 End=4100490923085 Duration=53226
Task=92 Chunk=0 Start=4100490171577 End=4100490205678 Duration=34101
Task=92 Chunk=1 Start=4100490205770 End=4100490220802 Duration=15032
Task=92 Chunk=2 Start=4100490923086 End=4100490975507 Duration=52421
Task=93 Chunk=0 Start=4100490227532 End=4100490261505 Duration=33973
Task=93 Chunk=1 Start=4100490261525 End=4100490276645 Duration=15120
Task=93 Chunk=2 Start=4100490975509 End=4100491028184 Duration=52675
Task=94 Chunk=0 Start=4100490281096 End=4100490316293 Duration=35197
Task=94 Chunk=1 Start=4100490316320 End=4100490336061 Duration=19741
Task=94 Chunk=2 Start=4100491028186 End=4100491080059 Duration=51873
Task=95 Chunk=0 Start=4100490336653 End=4100490370601 Duration=33948
Task=95 Chunk=1 Start=4100490370647 End=4100490386172 Duration=15525
Task=95 Chunk=2 Start=4100491080061 End=4100491132893 Duration=52832
Task=96 Chunk=0 Start=4100490390650 End=4100490426176 Duration=35526
Task=96 Chunk=1 Start=4100490426221 End=4100490442144 Duration=15923
Task=96 Chunk=2 Start=4100491132895 End=4100491184894 Duration=51999
Task=97 Chunk=0 Start=4100490445822 End=4100490480033 Duration=34211
Task=97 Chunk=1 Start=4100490480044 End=4100490495120 Duration=15076
Task=97 Chunk=2 Start=4100491184899 End=4100491237487 Duration=52588
Task=98 Chunk=0 Start=4100490499226 End=4100490534694 Duration=35468
Task=98 Chunk=1 Start=4100490534767 End=4100490549986 Duration=15219
Task=98 Chunk=2 Start=4100491237488 End=4100491289190 Duration=51702
Task=99 Chunk=0 Start=4100490554399 End=4100490588453 Duration=34054
Task=99 Chunk=1 Start=4100490588505 End=4100490604130 Duration=15625
Task=99 Chunk=2 Start=4100491289191 End=4100491341931 Duration=52740
### Python End ###

--------------------------------
[2025-06-26 18:34:56.980] [info] Available Vulkan Layers:
[2025-06-26 18:34:56.980] [warning] Validation layer requested but not available, continuing without it...
[2025-06-26 18:34:56.984] [info] Using integrated GPU: Mali-G710
[2025-06-26 18:34:56.988] [info] VulkanDispatcher instance created.
[2025-06-26 18:34:57.149] [info] Total memory used: 40550404 bytes (38.67188 MB)
[2025-06-26 18:34:57.154] [info] Total memory used: 40550404 bytes (38.67188 MB)
[2025-06-26 18:34:57.197] [info] Total memory used: 40550404 bytes (38.67188 MB)
[2025-06-26 18:34:57.202] [info] Total memory used: 40550404 bytes (38.67188 MB)
[2025-06-26 18:34:57.207] [info] Total memory used: 40550404 bytes (38.67188 MB)
[2025-06-26 18:34:57.292] [info] Total memory used: 40550404 bytes (38.67188 MB)
[2025-06-26 18:34:57.297] [info] Total memory used: 40550404 bytes (38.67188 MB)
[2025-06-26 18:34:57.302] [info] Total memory used: 40550404 bytes (38.67188 MB)
[2025-06-26 18:34:57.306] [info] Total memory used: 40550404 bytes (38.67188 MB)
[2025-06-26 18:34:57.311] [info] Total memory used: 40550404 bytes (38.67188 MB)
[2025-06-26 18:34:57.394] [info] Total memory used: 40550404 bytes (38.67188 MB)
[2025-06-26 18:34:57.399] [info] Total memory used: 40550404 bytes (38.67188 MB)
[2025-06-26 18:34:57.404] [info] Total memory used: 40550404 bytes (38.67188 MB)
[2025-06-26 18:34:57.409] [info] Total memory used: 40550404 bytes (38.67188 MB)
[2025-06-26 18:34:57.414] [info] Total memory used: 40550404 bytes (38.67188 MB)
[2025-06-26 18:34:57.419] [info] Total memory used: 40550404 bytes (38.67188 MB)
### Python Begin ###
Schedule_UID=SCH-B2G2L2M1-G079-4fea
Frequency=24576000 Hz
Task=0 Chunk=0 Start=4100504184271 End=4100504217376 Duration=33105
Task=0 Chunk=1 Start=4100504217386 End=4100504380340 Duration=162954
Task=0 Chunk=2 Start=4100504384667 End=4100504436590 Duration=51923
Task=0 Chunk=3 Start=4100504436637 End=4100504465509 Duration=28872
Task=1 Chunk=0 Start=4100504217379 End=4100504243375 Duration=25996
Task=1 Chunk=1 Start=4100504380370 End=4100504461350 Duration=80980
Task=1 Chunk=2 Start=4100504461362 End=4100504513127 Duration=51765
Task=1 Chunk=3 Start=4100504513145 End=4100504513492 Duration=347
Task=2 Chunk=0 Start=4100504243378 End=4100504268834 Duration=25456
Task=2 Chunk=1 Start=4100504461360 End=4100504535551 Duration=74191
Task=2 Chunk=2 Start=4100504535567 End=4100504583641 Duration=48074
Task=2 Chunk=3 Start=4100504583653 End=4100504584014 Duration=361
Task=3 Chunk=0 Start=4100504268835 End=4100504295502 Duration=26667
Task=3 Chunk=1 Start=4100504535553 End=4100504608375 Duration=72822
Task=3 Chunk=2 Start=4100504608417 End=4100504632052 Duration=23635
Task=3 Chunk=3 Start=4100504632059 End=4100504632308 Duration=249
Task=4 Chunk=0 Start=4100504295503 End=4100504321132 Duration=25629
Task=4 Chunk=1 Start=4100504608376 End=4100504680908 Duration=72532
Task=4 Chunk=2 Start=4100504680944 End=4100504704558 Duration=23614
Task=4 Chunk=3 Start=4100504704596 End=4100504704814 Duration=218
Task=5 Chunk=0 Start=4100504321132 End=4100504346641 Duration=25509
Task=5 Chunk=1 Start=4100504680915 End=4100504754217 Duration=73302
Task=5 Chunk=2 Start=4100504754244 End=4100504778946 Duration=24702
Task=5 Chunk=3 Start=4100504778960 End=4100504779139 Duration=179
Task=6 Chunk=0 Start=4100504346642 End=4100504372897 Duration=26255
Task=6 Chunk=1 Start=4100504754218 End=4100504826114 Duration=71896
Task=6 Chunk=2 Start=4100504826143 End=4100504850263 Duration=24120
Task=6 Chunk=3 Start=4100504850279 End=4100504850464 Duration=185
Task=7 Chunk=0 Start=4100504372897 End=4100504400835 Duration=27938
Task=7 Chunk=1 Start=4100504826118 End=4100504897342 Duration=71224
Task=7 Chunk=2 Start=4100504897380 End=4100504920622 Duration=23242
Task=7 Chunk=3 Start=4100504920634 End=4100504920779 Duration=145
Task=8 Chunk=0 Start=4100504400837 End=4100504426429 Duration=25592
Task=8 Chunk=1 Start=4100504897343 End=4100504968050 Duration=70707
Task=8 Chunk=2 Start=4100504968063 End=4100504991468 Duration=23405
Task=8 Chunk=3 Start=4100504991478 End=4100504991719 Duration=241
Task=9 Chunk=0 Start=4100504426431 End=4100504453336 Duration=26905
Task=9 Chunk=1 Start=4100504968051 End=4100505039663 Duration=71612
Task=9 Chunk=2 Start=4100505039712 End=4100505064581 Duration=24869
Task=9 Chunk=3 Start=4100505064592 End=4100505064781 Duration=189
Task=10 Chunk=0 Start=4100504453336 End=4100504481041 Duration=27705
Task=10 Chunk=1 Start=4100505039665 End=4100505110122 Duration=70457
Task=10 Chunk=2 Start=4100505110136 End=4100505133157 Duration=23021
Task=10 Chunk=3 Start=4100505133174 End=4100505133389 Duration=215
Task=11 Chunk=0 Start=4100504481042 End=4100504507145 Duration=26103
Task=11 Chunk=1 Start=4100505110123 End=4100505181707 Duration=71584
Task=11 Chunk=2 Start=4100505181718 End=4100505205760 Duration=24042
Task=11 Chunk=3 Start=4100505205766 End=4100505205914 Duration=148
Task=12 Chunk=0 Start=4100504507146 End=4100504532542 Duration=25396
Task=12 Chunk=1 Start=4100505181711 End=4100505252356 Duration=70645
Task=12 Chunk=2 Start=4100505252405 End=4100505279037 Duration=26632
Task=12 Chunk=3 Start=4100505279053 End=4100505279269 Duration=216
Task=13 Chunk=0 Start=4100504532546 End=4100504558803 Duration=26257
Task=13 Chunk=1 Start=4100505252362 End=4100505310502 Duration=58140
Task=13 Chunk=2 Start=4100505310524 End=4100505333626 Duration=23102
Task=13 Chunk=3 Start=4100505333637 End=4100505333792 Duration=155
Task=14 Chunk=0 Start=4100504558804 End=4100504585411 Duration=26607
Task=14 Chunk=1 Start=4100505310505 End=4100505369298 Duration=58793
Task=14 Chunk=2 Start=4100505369331 End=4100505394252 Duration=24921
Task=14 Chunk=3 Start=4100505394287 End=4100505394432 Duration=145
Task=15 Chunk=0 Start=4100504585412 End=4100504611754 Duration=26342
Task=15 Chunk=1 Start=4100505369299 End=4100505430515 Duration=61216
Task=15 Chunk=2 Start=4100505430560 End=4100505456400 Duration=25840
Task=15 Chunk=3 Start=4100505456408 End=4100505456640 Duration=232
Task=16 Chunk=0 Start=4100504611757 End=4100504637454 Duration=25697
Task=16 Chunk=1 Start=4100505430516 End=4100505490439 Duration=59923
Task=16 Chunk=2 Start=4100505490465 End=4100505514749 Duration=24284
Task=16 Chunk=3 Start=4100505514768 End=4100505514917 Duration=149
Task=17 Chunk=0 Start=4100504637483 End=4100504662860 Duration=25377
Task=17 Chunk=1 Start=4100505490440 End=4100505550795 Duration=60355
Task=17 Chunk=2 Start=4100505550819 End=4100505577464 Duration=26645
Task=17 Chunk=3 Start=4100505577482 End=4100505577690 Duration=208
Task=18 Chunk=0 Start=4100504662861 End=4100504690781 Duration=27920
Task=18 Chunk=1 Start=4100505550796 End=4100505612180 Duration=61384
Task=18 Chunk=2 Start=4100505612225 End=4100505636611 Duration=24386
Task=18 Chunk=3 Start=4100505636647 End=4100505636818 Duration=171
Task=19 Chunk=0 Start=4100504704826 End=4100504730229 Duration=25403
Task=19 Chunk=1 Start=4100505612181 End=4100505672761 Duration=60580
Task=19 Chunk=2 Start=4100505672799 End=4100505699841 Duration=27042
Task=19 Chunk=3 Start=4100505699873 End=4100505699981 Duration=108
Task=20 Chunk=0 Start=4100504779162 End=4100504804768 Duration=25606
Task=20 Chunk=1 Start=4100505672777 End=4100505734091 Duration=61314
Task=20 Chunk=2 Start=4100505734131 End=4100505774686 Duration=40555
Task=20 Chunk=3 Start=4100505774706 End=4100505774842 Duration=136
Task=21 Chunk=0 Start=4100504850479 End=4100504876682 Duration=26203
Task=21 Chunk=1 Start=4100505734111 End=4100505788394 Duration=54283
Task=21 Chunk=2 Start=4100505788436 End=4100506295586 Duration=507150
Task=21 Chunk=3 Start=4100506295607 End=4100506296370 Duration=763
Task=22 Chunk=0 Start=4100504920785 End=4100504946350 Duration=25565
Task=22 Chunk=1 Start=4100505788406 End=4100505842076 Duration=53670
Task=22 Chunk=2 Start=4100506295599 End=4100506323525 Duration=27926
Task=22 Chunk=3 Start=4100506323536 End=4100506323652 Duration=116
Task=23 Chunk=0 Start=4100504991735 End=4100505017152 Duration=25417
Task=23 Chunk=1 Start=4100505842081 End=4100505893969 Duration=51888
Task=23 Chunk=2 Start=4100506323530 End=4100506355228 Duration=31698
Task=23 Chunk=3 Start=4100506355246 End=4100506355411 Duration=165
Task=24 Chunk=0 Start=4100505064794 End=4100505090058 Duration=25264
Task=24 Chunk=1 Start=4100505893983 End=4100506043879 Duration=149896
Task=24 Chunk=2 Start=4100506355237 End=4100506387166 Duration=31929
Task=24 Chunk=3 Start=4100506387189 End=4100506387251 Duration=62
Task=25 Chunk=0 Start=4100505133402 End=4100505159703 Duration=26301
Task=25 Chunk=1 Start=4100506043880 End=4100506093188 Duration=49308
Task=25 Chunk=2 Start=4100506387181 End=4100506421332 Duration=34151
Task=25 Chunk=3 Start=4100506421340 End=4100506422631 Duration=1291
Task=26 Chunk=0 Start=4100505205919 End=4100505231462 Duration=25543
Task=26 Chunk=1 Start=4100506093189 End=4100506143167 Duration=49978
Task=26 Chunk=2 Start=4100506421341 End=4100506455664 Duration=34323
Task=26 Chunk=3 Start=4100506455671 End=4100506455845 Duration=174
Task=27 Chunk=0 Start=4100505279283 End=4100505305030 Duration=25747
Task=27 Chunk=1 Start=4100506143181 End=4100506194583 Duration=51402
Task=27 Chunk=2 Start=4100506455672 End=4100506485791 Duration=30119
Task=27 Chunk=3 Start=4100506485802 End=4100506485911 Duration=109
Task=28 Chunk=0 Start=4100505333806 End=4100505360208 Duration=26402
Task=28 Chunk=1 Start=4100506194587 End=4100506247222 Duration=52635
Task=28 Chunk=2 Start=4100506485797 End=4100506509449 Duration=23652
Task=28 Chunk=3 Start=4100506509478 End=4100506509573 Duration=95
Task=29 Chunk=0 Start=4100505394440 End=4100505420115 Duration=25675
Task=29 Chunk=1 Start=4100506247223 End=4100506299723 Duration=52500
Task=29 Chunk=2 Start=4100506509477 End=4100506549800 Duration=40323
Task=29 Chunk=3 Start=4100506549812 End=4100506549945 Duration=133
Task=30 Chunk=0 Start=4100505456656 End=4100505482281 Duration=25625
Task=30 Chunk=1 Start=4100506299724 End=4100506354985 Duration=55261
Task=30 Chunk=2 Start=4100506549808 End=4100506573845 Duration=24037
Task=30 Chunk=3 Start=4100506573871 End=4100506573971 Duration=100
Task=31 Chunk=0 Start=4100505514928 End=4100505540486 Duration=25558
Task=31 Chunk=1 Start=4100506355027 End=4100506419151 Duration=64124
Task=31 Chunk=2 Start=4100506573863 End=4100506601418 Duration=27555
Task=31 Chunk=3 Start=4100506601432 End=4100506601533 Duration=101
Task=32 Chunk=0 Start=4100505577699 End=4100505603351 Duration=25652
Task=32 Chunk=1 Start=4100506419176 End=4100506474208 Duration=55032
Task=32 Chunk=2 Start=4100506601426 End=4100506624905 Duration=23479
Task=32 Chunk=3 Start=4100506624913 End=4100506624983 Duration=70
Task=33 Chunk=0 Start=4100505636823 End=4100505663009 Duration=26186
Task=33 Chunk=1 Start=4100506474211 End=4100506528199 Duration=53988
Task=33 Chunk=2 Start=4100506624912 End=4100506656476 Duration=31564
Task=33 Chunk=3 Start=4100506656485 End=4100506656568 Duration=83
Task=34 Chunk=0 Start=4100505699992 End=4100505725479 Duration=25487
Task=34 Chunk=1 Start=4100506528216 End=4100506584192 Duration=55976
Task=34 Chunk=2 Start=4100506656484 End=4100506680085 Duration=23601
Task=34 Chunk=3 Start=4100506680096 End=4100506680211 Duration=115
Task=35 Chunk=0 Start=4100505774857 End=4100505801700 Duration=26843
Task=35 Chunk=1 Start=4100506584193 End=4100506639153 Duration=54960
Task=35 Chunk=2 Start=4100506680092 End=4100506716371 Duration=36279
Task=35 Chunk=3 Start=4100506716395 End=4100506716462 Duration=67
Task=36 Chunk=0 Start=4100506296384 End=4100506327306 Duration=30922
Task=36 Chunk=1 Start=4100506639171 End=4100506696558 Duration=57387
Task=36 Chunk=2 Start=4100506716390 End=4100506743236 Duration=26846
Task=36 Chunk=3 Start=4100506743247 End=4100506743360 Duration=113
Task=37 Chunk=0 Start=4100506327309 End=4100506355877 Duration=28568
Task=37 Chunk=1 Start=4100506696607 End=4100506753309 Duration=56702
Task=37 Chunk=2 Start=4100506753376 End=4100506783130 Duration=29754
Task=37 Chunk=3 Start=4100506783149 End=4100506783217 Duration=68
Task=38 Chunk=0 Start=4100506355878 End=4100506384167 Duration=28289
Task=38 Chunk=1 Start=4100506753339 End=4100506806932 Duration=53593
Task=38 Chunk=2 Start=4100506806995 End=4100506837018 Duration=30023
Task=38 Chunk=3 Start=4100506837024 End=4100506837142 Duration=118
Task=39 Chunk=0 Start=4100506387268 End=4100506415444 Duration=28176
Task=39 Chunk=1 Start=4100506806954 End=4100506858876 Duration=51922
Task=39 Chunk=2 Start=4100506858925 End=4100506882453 Duration=23528
Task=39 Chunk=3 Start=4100506882465 End=4100506882532 Duration=67
Task=40 Chunk=0 Start=4100506422636 End=4100506451894 Duration=29258
Task=40 Chunk=1 Start=4100506858889 End=4100506910749 Duration=51860
Task=40 Chunk=2 Start=4100506910816 End=4100506938512 Duration=27696
Task=40 Chunk=3 Start=4100506938527 End=4100506938713 Duration=186
Task=41 Chunk=0 Start=4100506455851 End=4100506483849 Duration=27998
Task=41 Chunk=1 Start=4100506910763 End=4100506962532 Duration=51769
Task=41 Chunk=2 Start=4100506962592 End=4100506989284 Duration=26692
Task=41 Chunk=3 Start=4100506989297 End=4100506989376 Duration=79
Task=42 Chunk=0 Start=4100506485928 End=4100506513481 Duration=27553
Task=42 Chunk=1 Start=4100506962553 End=4100507013393 Duration=50840
Task=42 Chunk=2 Start=4100507013402 End=4100507040993 Duration=27591
Task=42 Chunk=3 Start=4100507041011 End=4100507041134 Duration=123
Task=43 Chunk=0 Start=4100506513485 End=4100506543057 Duration=29572
Task=43 Chunk=1 Start=4100507013401 End=4100507064817 Duration=51416
Task=43 Chunk=2 Start=4100507064866 End=4100507089045 Duration=24179
Task=43 Chunk=3 Start=4100507089059 End=4100507089121 Duration=62
Task=44 Chunk=0 Start=4100506549960 End=4100506578169 Duration=28209
Task=44 Chunk=1 Start=4100507064820 End=4100507115607 Duration=50787
Task=44 Chunk=2 Start=4100507115644 End=4100507143233 Duration=27589
Task=44 Chunk=3 Start=4100507143244 End=4100507143321 Duration=77
Task=45 Chunk=0 Start=4100506578175 End=4100506608122 Duration=29947
Task=45 Chunk=1 Start=4100507115616 End=4100507167026 Duration=51410
Task=45 Chunk=2 Start=4100507167093 End=4100507193352 Duration=26259
Task=45 Chunk=3 Start=4100507193360 End=4100507193424 Duration=64
Task=46 Chunk=0 Start=4100506608126 End=4100506635784 Duration=27658
Task=46 Chunk=1 Start=4100507167059 End=4100507219187 Duration=52128
Task=46 Chunk=2 Start=4100507224773 End=4100507248268 Duration=23495
Task=46 Chunk=3 Start=4100507248277 End=4100507248364 Duration=87
Task=47 Chunk=0 Start=4100506635785 End=4100506663025 Duration=27240
Task=47 Chunk=1 Start=4100507219195 End=4100507271252 Duration=52057
Task=47 Chunk=2 Start=4100507271307 End=4100507297539 Duration=26232
Task=47 Chunk=3 Start=4100507297555 End=4100507297617 Duration=62
Task=48 Chunk=0 Start=4100506663030 End=4100506690894 Duration=27864
Task=48 Chunk=1 Start=4100507271275 End=4100507323389 Duration=52114
Task=48 Chunk=2 Start=4100507328299 End=4100507351852 Duration=23553
Task=48 Chunk=3 Start=4100507351872 End=4100507351976 Duration=104
Task=49 Chunk=0 Start=4100506690899 End=4100506716777 Duration=25878
Task=49 Chunk=1 Start=4100507323409 End=4100507376010 Duration=52601
Task=49 Chunk=2 Start=4100507376057 End=4100507400245 Duration=24188
Task=49 Chunk=3 Start=4100507400263 End=4100507400385 Duration=122
Task=50 Chunk=0 Start=4100506716781 End=4100506744909 Duration=28128
Task=50 Chunk=1 Start=4100507376014 End=4100507427282 Duration=51268
Task=50 Chunk=2 Start=4100507427308 End=4100507453668 Duration=26360
Task=50 Chunk=3 Start=4100507453682 End=4100507453782 Duration=100
Task=51 Chunk=0 Start=4100506744910 End=4100506772012 Duration=27102
Task=51 Chunk=1 Start=4100507427303 End=4100507478910 Duration=51607
Task=51 Chunk=2 Start=4100507478961 End=4100507506780 Duration=27819
Task=51 Chunk=3 Start=4100507506799 End=4100507506874 Duration=75
Task=52 Chunk=0 Start=4100506783228 End=4100506809132 Duration=25904
Task=52 Chunk=1 Start=4100507478920 End=4100507531316 Duration=52396
Task=52 Chunk=2 Start=4100507531340 End=4100507557733 Duration=26393
Task=52 Chunk=3 Start=4100507557744 End=4100507557823 Duration=79
Task=53 Chunk=0 Start=4100506837158 End=4100506863675 Duration=26517
Task=53 Chunk=1 Start=4100507531330 End=4100507582595 Duration=51265
Task=53 Chunk=2 Start=4100507586663 End=4100507610054 Duration=23391
Task=53 Chunk=3 Start=4100507610070 End=4100507610165 Duration=95
Task=54 Chunk=0 Start=4100506882545 End=4100506908233 Duration=25688
Task=54 Chunk=1 Start=4100507582602 End=4100507634527 Duration=51925
Task=54 Chunk=2 Start=4100507634560 End=4100507660895 Duration=26335
Task=54 Chunk=3 Start=4100507660913 End=4100507661004 Duration=91
Task=55 Chunk=0 Start=4100506938724 End=4100506964803 Duration=26079
Task=55 Chunk=1 Start=4100507634540 End=4100507684608 Duration=50068
Task=55 Chunk=2 Start=4100507684625 End=4100507711002 Duration=26377
Task=55 Chunk=3 Start=4100507711012 End=4100507711136 Duration=124
Task=56 Chunk=0 Start=4100506989389 End=4100507015768 Duration=26379
Task=56 Chunk=1 Start=4100507684616 End=4100507735435 Duration=50819
Task=56 Chunk=2 Start=4100507735514 End=4100507762011 Duration=26497
Task=56 Chunk=3 Start=4100507762029 End=4100507762110 Duration=81
Task=57 Chunk=0 Start=4100507041141 End=4100507067757 Duration=26616
Task=57 Chunk=1 Start=4100507735480 End=4100507787947 Duration=52467
Task=57 Chunk=2 Start=4100507788087 End=4100507815510 Duration=27423
Task=57 Chunk=3 Start=4100507815519 End=4100507815601 Duration=82
Task=58 Chunk=0 Start=4100507089135 End=4100507114675 Duration=25540
Task=58 Chunk=1 Start=4100507787961 End=4100507840039 Duration=52078
Task=58 Chunk=2 Start=4100507840066 End=4100507866091 Duration=26025
Task=58 Chunk=3 Start=4100507866123 End=4100507866184 Duration=61
Task=59 Chunk=0 Start=4100507143330 End=4100507169353 Duration=26023
Task=59 Chunk=1 Start=4100507840056 End=4100507890109 Duration=50053
Task=59 Chunk=2 Start=4100507890154 End=4100507920685 Duration=30531
Task=59 Chunk=3 Start=4100507920697 End=4100507920957 Duration=260
Task=60 Chunk=0 Start=4100507193437 End=4100507219206 Duration=25769
Task=60 Chunk=1 Start=4100507890114 End=4100507941687 Duration=51573
Task=60 Chunk=2 Start=4100507941748 End=4100507967814 Duration=26066
Task=60 Chunk=3 Start=4100507967821 End=4100507967894 Duration=73
Task=61 Chunk=0 Start=4100507248381 End=4100507274622 Duration=26241
Task=61 Chunk=1 Start=4100507941714 End=4100507994107 Duration=52393
Task=61 Chunk=2 Start=4100507994219 End=4100508022124 Duration=27905
Task=61 Chunk=3 Start=4100508022139 End=4100508022216 Duration=77
Task=62 Chunk=0 Start=4100507297629 End=4100507324269 Duration=26640
Task=62 Chunk=1 Start=4100507994127 End=4100508046584 Duration=52457
Task=62 Chunk=2 Start=4100508050929 End=4100508074461 Duration=23532
Task=62 Chunk=3 Start=4100508074470 End=4100508074536 Duration=66
Task=63 Chunk=0 Start=4100507351983 End=4100507378068 Duration=26085
Task=63 Chunk=1 Start=4100508046588 End=4100508098451 Duration=51863
Task=63 Chunk=2 Start=4100508098490 End=4100508136645 Duration=38155
Task=63 Chunk=3 Start=4100508136666 End=4100508136778 Duration=112
Task=64 Chunk=0 Start=4100507400397 End=4100507426882 Duration=26485
Task=64 Chunk=1 Start=4100508098474 End=4100508150327 Duration=51853
Task=64 Chunk=2 Start=4100508150351 End=4100508176442 Duration=26091
Task=64 Chunk=3 Start=4100508176461 End=4100508176524 Duration=63
Task=65 Chunk=0 Start=4100507453792 End=4100507479225 Duration=25433
Task=65 Chunk=1 Start=4100508150347 End=4100508201127 Duration=50780
Task=65 Chunk=2 Start=4100508201139 End=4100508229031 Duration=27892
Task=65 Chunk=3 Start=4100508229043 End=4100508229364 Duration=321
Task=66 Chunk=0 Start=4100507506880 End=4100507533589 Duration=26709
Task=66 Chunk=1 Start=4100508201128 End=4100508252867 Duration=51739
Task=66 Chunk=2 Start=4100508252895 End=4100508279339 Duration=26444
Task=66 Chunk=3 Start=4100508279355 End=4100508279439 Duration=84
Task=67 Chunk=0 Start=4100507557837 End=4100507583211 Duration=25374
Task=67 Chunk=1 Start=4100508252893 End=4100508307408 Duration=54515
Task=67 Chunk=2 Start=4100508307436 End=4100508333757 Duration=26321
Task=67 Chunk=3 Start=4100508333766 End=4100508333863 Duration=97
Task=68 Chunk=0 Start=4100507610171 End=4100507637286 Duration=27115
Task=68 Chunk=1 Start=4100508307432 End=4100508360188 Duration=52756
Task=68 Chunk=2 Start=4100508360226 End=4100508383585 Duration=23359
Task=68 Chunk=3 Start=4100508383595 End=4100508383849 Duration=254
Task=69 Chunk=0 Start=4100507661016 End=4100507687495 Duration=26479
Task=69 Chunk=1 Start=4100508360192 End=4100508411859 Duration=51667
Task=69 Chunk=2 Start=4100508411916 End=4100508438302 Duration=26386
Task=69 Chunk=3 Start=4100508438325 End=4100508438434 Duration=109
Task=70 Chunk=0 Start=4100507711145 End=4100507737933 Duration=26788
Task=70 Chunk=1 Start=4100508411894 End=4100508464486 Duration=52592
Task=70 Chunk=2 Start=4100508464654 End=4100508490731 Duration=26077
Task=70 Chunk=3 Start=4100508490753 End=4100508490835 Duration=82
Task=71 Chunk=0 Start=4100507762127 End=4100507787741 Duration=25614
Task=71 Chunk=1 Start=4100508464502 End=4100508516765 Duration=52263
Task=71 Chunk=2 Start=4100508516806 End=4100508543042 Duration=26236
Task=71 Chunk=3 Start=4100508543049 End=4100508543145 Duration=96
Task=72 Chunk=0 Start=4100507815608 End=4100507841255 Duration=25647
Task=72 Chunk=1 Start=4100508516794 End=4100508567709 Duration=50915
Task=72 Chunk=2 Start=4100508567770 End=4100508594057 Duration=26287
Task=72 Chunk=3 Start=4100508594083 End=4100508594169 Duration=86
Task=73 Chunk=0 Start=4100507866191 End=4100507892707 Duration=26516
Task=73 Chunk=1 Start=4100508567729 End=4100508620183 Duration=52454
Task=73 Chunk=2 Start=4100508620212 End=4100508646798 Duration=26586
Task=73 Chunk=3 Start=4100508646804 End=4100508646915 Duration=111
Task=74 Chunk=0 Start=4100507920964 End=4100507947421 Duration=26457
Task=74 Chunk=1 Start=4100508620201 End=4100508672409 Duration=52208
Task=74 Chunk=2 Start=4100508672435 End=4100508705983 Duration=33548
Task=74 Chunk=3 Start=4100508706009 End=4100508706124 Duration=115
Task=75 Chunk=0 Start=4100507967901 End=4100507993409 Duration=25508
Task=75 Chunk=1 Start=4100508672423 End=4100508724234 Duration=51811
Task=75 Chunk=2 Start=4100508724250 End=4100508750498 Duration=26248
Task=75 Chunk=3 Start=4100508750518 End=4100508750629 Duration=111
Task=76 Chunk=0 Start=4100508022230 End=4100508047864 Duration=25634
Task=76 Chunk=1 Start=4100508724247 End=4100508774855 Duration=50608
Task=76 Chunk=2 Start=4100508774884 End=4100508802344 Duration=27460
Task=76 Chunk=3 Start=4100508802351 End=4100508802433 Duration=82
Task=77 Chunk=0 Start=4100508074541 End=4100508103146 Duration=28605
Task=77 Chunk=1 Start=4100508774856 End=4100508826327 Duration=51471
Task=77 Chunk=2 Start=4100508826378 End=4100508852334 Duration=25956
Task=77 Chunk=3 Start=4100508852352 End=4100508852418 Duration=66
Task=78 Chunk=0 Start=4100508136792 End=4100508163180 Duration=26388
Task=78 Chunk=1 Start=4100508826335 End=4100508879947 Duration=53612
Task=78 Chunk=2 Start=4100508879974 End=4100508907655 Duration=27681
Task=78 Chunk=3 Start=4100508907673 End=4100508907770 Duration=97
Task=79 Chunk=0 Start=4100508176537 End=4100508204459 Duration=27922
Task=79 Chunk=1 Start=4100508879962 End=4100508932749 Duration=52787
Task=79 Chunk=2 Start=4100508932785 End=4100508959232 Duration=26447
Task=79 Chunk=3 Start=4100508959241 End=4100508959325 Duration=84
Task=80 Chunk=0 Start=4100508229374 End=4100508255277 Duration=25903
Task=80 Chunk=1 Start=4100508932766 End=4100508984404 Duration=51638
Task=80 Chunk=2 Start=4100508984435 End=4100509013409 Duration=28974
Task=80 Chunk=3 Start=4100509013427 End=4100509013517 Duration=90
Task=81 Chunk=0 Start=4100508279454 End=4100508306168 Duration=26714
Task=81 Chunk=1 Start=4100508984419 End=4100509037277 Duration=52858
Task=81 Chunk=2 Start=4100509037329 End=4100509063549 Duration=26220
Task=81 Chunk=3 Start=4100509063563 End=4100509063628 Duration=65
Task=82 Chunk=0 Start=4100508333875 End=4100508359232 Duration=25357
Task=82 Chunk=1 Start=4100509037294 End=4100509087275 Duration=49981
Task=82 Chunk=2 Start=4100509087321 End=4100509114540 Duration=27219
Task=82 Chunk=3 Start=4100509114559 End=4100509114699 Duration=140
Task=83 Chunk=0 Start=4100508383859 End=4100508410062 Duration=26203
Task=83 Chunk=1 Start=4100509087277 End=4100509138123 Duration=50846
Task=83 Chunk=2 Start=4100509138191 End=4100509164919 Duration=26728
Task=83 Chunk=3 Start=4100509164933 End=4100509165013 Duration=80
Task=84 Chunk=0 Start=4100508438440 End=4100508463975 Duration=25535
Task=84 Chunk=1 Start=4100509138157 End=4100509193451 Duration=55294
Task=84 Chunk=2 Start=4100509193513 End=4100509219866 Duration=26353
Task=84 Chunk=3 Start=4100509219882 End=4100509219988 Duration=106
Task=85 Chunk=0 Start=4100508490850 End=4100508517491 Duration=26641
Task=85 Chunk=1 Start=4100509193470 End=4100509246323 Duration=52853
Task=85 Chunk=2 Start=4100509246343 End=4100509269680 Duration=23337
Task=85 Chunk=3 Start=4100509269702 End=4100509269871 Duration=169
Task=86 Chunk=0 Start=4100508543151 End=4100508568860 Duration=25709
Task=86 Chunk=1 Start=4100509246325 End=4100509296809 Duration=50484
Task=86 Chunk=2 Start=4100509296858 End=4100509321130 Duration=24272
Task=86 Chunk=3 Start=4100509321147 End=4100509321229 Duration=82
Task=87 Chunk=0 Start=4100508594177 End=4100508620508 Duration=26331
Task=87 Chunk=1 Start=4100509296818 End=4100509351160 Duration=54342
Task=87 Chunk=2 Start=4100509351205 End=4100509374275 Duration=23070
Task=87 Chunk=3 Start=4100509374285 End=4100509374365 Duration=80
Task=88 Chunk=0 Start=4100508646921 End=4100508674382 Duration=27461
Task=88 Chunk=1 Start=4100509351170 End=4100509405645 Duration=54475
Task=88 Chunk=2 Start=4100509405687 End=4100509428882 Duration=23195
Task=88 Chunk=3 Start=4100509428907 End=4100509429028 Duration=121
Task=89 Chunk=0 Start=4100508706133 End=4100508732863 Duration=26730
Task=89 Chunk=1 Start=4100509405654 End=4100509460741 Duration=55087
Task=89 Chunk=2 Start=4100509460762 End=4100509485389 Duration=24627
Task=89 Chunk=3 Start=4100509485405 End=4100509485484 Duration=79
Task=90 Chunk=0 Start=4100508750641 End=4100508780935 Duration=30294
Task=90 Chunk=1 Start=4100509460750 End=4100509509635 Duration=48885
Task=90 Chunk=2 Start=4100509509647 End=4100509533318 Duration=23671
Task=90 Chunk=3 Start=4100509533328 End=4100509533394 Duration=66
Task=91 Chunk=0 Start=4100508802445 End=4100508828131 Duration=25686
Task=91 Chunk=1 Start=4100509509636 End=4100509557928 Duration=48292
Task=91 Chunk=2 Start=4100509557949 End=4100509581258 Duration=23309
Task=91 Chunk=3 Start=4100509581281 End=4100509581358 Duration=77
Task=92 Chunk=0 Start=4100508852423 End=4100508877832 Duration=25409
Task=92 Chunk=1 Start=4100509557931 End=4100509605982 Duration=48051
Task=92 Chunk=2 Start=4100509606017 End=4100509629307 Duration=23290
Task=92 Chunk=3 Start=4100509629319 End=4100509629391 Duration=72
Task=93 Chunk=0 Start=4100508907774 End=4100508933300 Duration=25526
Task=93 Chunk=1 Start=4100509605983 End=4100509654843 Duration=48860
Task=93 Chunk=2 Start=4100509654891 End=4100509678144 Duration=23253
Task=93 Chunk=3 Start=4100509678152 End=4100509678234 Duration=82
Task=94 Chunk=0 Start=4100508959334 End=4100508987384 Duration=28050
Task=94 Chunk=1 Start=4100509654843 End=4100509703310 Duration=48467
Task=94 Chunk=2 Start=4100509703325 End=4100509726863 Duration=23538
Task=94 Chunk=3 Start=4100509726881 End=4100509726955 Duration=74
Task=95 Chunk=0 Start=4100509013526 End=4100509039474 Duration=25948
Task=95 Chunk=1 Start=4100509703314 End=4100509753455 Duration=50141
Task=95 Chunk=2 Start=4100509753498 End=4100509777261 Duration=23763
Task=95 Chunk=3 Start=4100509777279 End=4100509777344 Duration=65
Task=96 Chunk=0 Start=4100509063635 End=4100509093185 Duration=29550
Task=96 Chunk=1 Start=4100509753456 End=4100509803792 Duration=50336
Task=96 Chunk=2 Start=4100509803798 End=4100509827649 Duration=23851
Task=96 Chunk=3 Start=4100509827660 End=4100509827722 Duration=62
Task=97 Chunk=0 Start=4100509114712 End=4100509140694 Duration=25982
Task=97 Chunk=1 Start=4100509803793 End=4100509853432 Duration=49639
Task=97 Chunk=2 Start=4100509853473 End=4100509878922 Duration=25449
Task=97 Chunk=3 Start=4100509878931 End=4100509879006 Duration=75
Task=98 Chunk=0 Start=4100509165028 End=4100509191526 Duration=26498
Task=98 Chunk=1 Start=4100509853433 End=4100509903448 Duration=50015
Task=98 Chunk=2 Start=4100509903480 End=4100509927472 Duration=23992
Task=98 Chunk=3 Start=4100509927483 End=4100509927562 Duration=79
Task=99 Chunk=0 Start=4100509219993 End=4100509245716 Duration=25723
Task=99 Chunk=1 Start=4100509903448 End=4100509953546 Duration=50098
Task=99 Chunk=2 Start=4100509953557 End=4100509979229 Duration=25672
Task=99 Chunk=3 Start=4100509979253 End=4100509979332 Duration=79
### Python End ###

--------------------------------
[2025-06-26 18:34:57.682] [info] Available Vulkan Layers:
[2025-06-26 18:34:57.682] [warning] Validation layer requested but not available, continuing without it...
[2025-06-26 18:34:57.684] [info] Using integrated GPU: Mali-G710
[2025-06-26 18:34:57.687] [info] VulkanDispatcher instance created.
[2025-06-26 18:34:57.862] [info] Total memory used: 40550404 bytes (38.67188 MB)
[2025-06-26 18:34:57.867] [info] Total memory used: 40550404 bytes (38.67188 MB)
[2025-06-26 18:34:57.903] [info] Total memory used: 40550404 bytes (38.67188 MB)
[2025-06-26 18:34:57.908] [info] Total memory used: 40550404 bytes (38.67188 MB)
[2025-06-26 18:34:57.913] [info] Total memory used: 40550404 bytes (38.67188 MB)
[2025-06-26 18:34:57.997] [info] Total memory used: 40550404 bytes (38.67188 MB)
[2025-06-26 18:34:58.002] [info] Total memory used: 40550404 bytes (38.67188 MB)
[2025-06-26 18:34:58.007] [info] Total memory used: 40550404 bytes (38.67188 MB)
[2025-06-26 18:34:58.012] [info] Total memory used: 40550404 bytes (38.67188 MB)
[2025-06-26 18:34:58.017] [info] Total memory used: 40550404 bytes (38.67188 MB)
[2025-06-26 18:34:58.079] [info] Total memory used: 40550404 bytes (38.67188 MB)
[2025-06-26 18:34:58.084] [info] Total memory used: 40550404 bytes (38.67188 MB)
[2025-06-26 18:34:58.089] [info] Total memory used: 40550404 bytes (38.67188 MB)
[2025-06-26 18:34:58.094] [info] Total memory used: 40550404 bytes (38.67188 MB)
[2025-06-26 18:34:58.100] [info] Total memory used: 40550404 bytes (38.67188 MB)
[2025-06-26 18:34:58.105] [info] Total memory used: 40550404 bytes (38.67188 MB)
### Python Begin ###
Schedule_UID=SCH-M2G2B3-G080-6caa
Frequency=24576000 Hz
Task=0 Chunk=0 Start=4100521172651 End=4100521215883 Duration=43232
Task=0 Chunk=1 Start=4100521215895 End=4100521374778 Duration=158883
Task=0 Chunk=2 Start=4100521379229 End=4100521478030 Duration=98801
Task=1 Chunk=0 Start=4100521215894 End=4100521252138 Duration=36244
Task=1 Chunk=1 Start=4100521374781 End=4100521472973 Duration=98192
Task=1 Chunk=2 Start=4100521478031 End=4100521547598 Duration=69567
Task=2 Chunk=0 Start=4100521252143 End=4100521298796 Duration=46653
Task=2 Chunk=1 Start=4100521472980 End=4100521526007 Duration=53027
Task=2 Chunk=2 Start=4100521547600 End=4100521616502 Duration=68902
Task=3 Chunk=0 Start=4100521298798 End=4100521344237 Duration=45439
Task=3 Chunk=1 Start=4100521526011 End=4100521578552 Duration=52541
Task=3 Chunk=2 Start=4100521616505 End=4100521691320 Duration=74815
Task=4 Chunk=0 Start=4100521344237 End=4100521390375 Duration=46138
Task=4 Chunk=1 Start=4100521578553 End=4100521630216 Duration=51663
Task=4 Chunk=2 Start=4100521691321 End=4100521771216 Duration=79895
Task=5 Chunk=0 Start=4100521390378 End=4100521436281 Duration=45903
Task=5 Chunk=1 Start=4100521630228 End=4100521681211 Duration=50983
Task=5 Chunk=2 Start=4100521771217 End=4100521838221 Duration=67004
Task=6 Chunk=0 Start=4100521436290 End=4100521483577 Duration=47287
Task=6 Chunk=1 Start=4100521681212 End=4100521732793 Duration=51581
Task=6 Chunk=2 Start=4100521838223 End=4100521911314 Duration=73091
Task=7 Chunk=0 Start=4100521483579 End=4100521529600 Duration=46021
Task=7 Chunk=1 Start=4100521732794 End=4100521786879 Duration=54085
Task=7 Chunk=2 Start=4100521911315 End=4100521981495 Duration=70180
Task=8 Chunk=0 Start=4100521529602 End=4100521576635 Duration=47033
Task=8 Chunk=1 Start=4100521786879 End=4100521847011 Duration=60132
Task=8 Chunk=2 Start=4100521981497 End=4100522051660 Duration=70163
Task=9 Chunk=0 Start=4100521576641 End=4100521622336 Duration=45695
Task=9 Chunk=1 Start=4100521847012 End=4100521907732 Duration=60720
Task=9 Chunk=2 Start=4100522051661 End=4100522121120 Duration=69459
Task=10 Chunk=0 Start=4100521622337 End=4100521669782 Duration=47445
Task=10 Chunk=1 Start=4100521907733 End=4100521969484 Duration=61751
Task=10 Chunk=2 Start=4100522121120 End=4100522189072 Duration=67952
Task=11 Chunk=0 Start=4100521669783 End=4100521716869 Duration=47086
Task=11 Chunk=1 Start=4100521969486 End=4100522031962 Duration=62476
Task=11 Chunk=2 Start=4100522189076 End=4100522253369 Duration=64293
Task=12 Chunk=0 Start=4100521716870 End=4100521763258 Duration=46388
Task=12 Chunk=1 Start=4100522031963 End=4100522098893 Duration=66930
Task=12 Chunk=2 Start=4100522253370 End=4100522319937 Duration=66567
Task=13 Chunk=0 Start=4100521763260 End=4100521808765 Duration=45505
Task=13 Chunk=1 Start=4100522098894 End=4100522162995 Duration=64101
Task=13 Chunk=2 Start=4100522319939 End=4100522384405 Duration=64466
Task=14 Chunk=0 Start=4100521808774 End=4100521853865 Duration=45091
Task=14 Chunk=1 Start=4100522162996 End=4100522223898 Duration=60902
Task=14 Chunk=2 Start=4100522384411 End=4100522448748 Duration=64337
Task=15 Chunk=0 Start=4100521853866 End=4100521885976 Duration=32110
Task=15 Chunk=1 Start=4100522223916 End=4100522280238 Duration=56322
Task=15 Chunk=2 Start=4100522448749 End=4100522513050 Duration=64301
Task=16 Chunk=0 Start=4100521885976 End=4100521920447 Duration=34471
Task=16 Chunk=1 Start=4100522280240 End=4100522319969 Duration=39729
Task=16 Chunk=2 Start=4100522513051 End=4100522577745 Duration=64694
Task=17 Chunk=0 Start=4100521920448 End=4100521953543 Duration=33095
Task=17 Chunk=1 Start=4100522319969 End=4100522359865 Duration=39896
Task=17 Chunk=2 Start=4100522577747 End=4100522641808 Duration=64061
Task=18 Chunk=0 Start=4100521953544 End=4100521987896 Duration=34352
Task=18 Chunk=1 Start=4100522359867 End=4100522406959 Duration=47092
Task=18 Chunk=2 Start=4100522641810 End=4100522705797 Duration=63987
Task=19 Chunk=0 Start=4100521987897 End=4100522011233 Duration=23336
Task=19 Chunk=1 Start=4100522406974 End=4100522454733 Duration=47759
Task=19 Chunk=2 Start=4100522705798 End=4100522770323 Duration=64525
Task=20 Chunk=0 Start=4100522011233 End=4100522034184 Duration=22951
Task=20 Chunk=1 Start=4100522454746 End=4100522502616 Duration=47870
Task=20 Chunk=2 Start=4100522770324 End=4100522834022 Duration=63698
Task=21 Chunk=0 Start=4100522034185 End=4100522057822 Duration=23637
Task=21 Chunk=1 Start=4100522502638 End=4100522545693 Duration=43055
Task=21 Chunk=2 Start=4100522834023 End=4100522898814 Duration=64791
Task=22 Chunk=0 Start=4100522057823 End=4100522082034 Duration=24211
Task=22 Chunk=1 Start=4100522545718 End=4100522588607 Duration=42889
Task=22 Chunk=2 Start=4100522898815 End=4100522963499 Duration=64684
Task=23 Chunk=0 Start=4100522082035 End=4100522108953 Duration=26918
Task=23 Chunk=1 Start=4100522588616 End=4100522630931 Duration=42315
Task=23 Chunk=2 Start=4100522963500 End=4100523027692 Duration=64192
Task=24 Chunk=0 Start=4100522121135 End=4100522144483 Duration=23348
Task=24 Chunk=1 Start=4100522630955 End=4100522680907 Duration=49952
Task=24 Chunk=2 Start=4100523027698 End=4100523092687 Duration=64989
Task=25 Chunk=0 Start=4100522189084 End=4100522212360 Duration=23276
Task=25 Chunk=1 Start=4100522680919 End=4100522723305 Duration=42386
Task=25 Chunk=2 Start=4100523092688 End=4100523157856 Duration=65168
Task=26 Chunk=0 Start=4100522268827 End=4100522297102 Duration=28275
Task=26 Chunk=1 Start=4100522723311 End=4100522765098 Duration=41787
Task=26 Chunk=2 Start=4100523157857 End=4100523221307 Duration=63450
Task=27 Chunk=0 Start=4100522322417 End=4100522345680 Duration=23263
Task=27 Chunk=1 Start=4100522765105 End=4100522807336 Duration=42231
Task=27 Chunk=2 Start=4100523221308 End=4100523286319 Duration=65011
Task=28 Chunk=0 Start=4100522384417 End=4100522409930 Duration=25513
Task=28 Chunk=1 Start=4100522807352 End=4100522849379 Duration=42027
Task=28 Chunk=2 Start=4100523286320 End=4100523350753 Duration=64433
Task=29 Chunk=0 Start=4100522449068 End=4100522473933 Duration=24865
Task=29 Chunk=1 Start=4100522849396 End=4100522891471 Duration=42075
Task=29 Chunk=2 Start=4100523350754 End=4100523414412 Duration=63658
Task=30 Chunk=0 Start=4100522513073 End=4100522536451 Duration=23378
Task=30 Chunk=1 Start=4100522891489 End=4100522933870 Duration=42381
Task=30 Chunk=2 Start=4100523414443 End=4100523479628 Duration=65185
Task=31 Chunk=0 Start=4100522577762 End=4100522603855 Duration=26093
Task=31 Chunk=1 Start=4100522933880 End=4100522976114 Duration=42234
Task=31 Chunk=2 Start=4100523479629 End=4100523544333 Duration=64704
Task=32 Chunk=0 Start=4100522641818 End=4100522666518 Duration=24700
Task=32 Chunk=1 Start=4100522976124 End=4100523018034 Duration=41910
Task=32 Chunk=2 Start=4100523544335 End=4100523608185 Duration=63850
Task=33 Chunk=0 Start=4100522705812 End=4100522729279 Duration=23467
Task=33 Chunk=1 Start=4100523018042 End=4100523059622 Duration=41580
Task=33 Chunk=2 Start=4100523608194 End=4100523673031 Duration=64837
Task=34 Chunk=0 Start=4100522770340 End=4100522793597 Duration=23257
Task=34 Chunk=1 Start=4100523059660 End=4100523102136 Duration=42476
Task=34 Chunk=2 Start=4100523673044 End=4100523736771 Duration=63727
Task=35 Chunk=0 Start=4100522834027 End=4100522858875 Duration=24848
Task=35 Chunk=1 Start=4100523102148 End=4100523143435 Duration=41287
Task=35 Chunk=2 Start=4100523736772 End=4100523801518 Duration=64746
Task=36 Chunk=0 Start=4100522898821 End=4100522921973 Duration=23152
Task=36 Chunk=1 Start=4100523143442 End=4100523192386 Duration=48944
Task=36 Chunk=2 Start=4100523801519 End=4100523865805 Duration=64286
Task=37 Chunk=0 Start=4100522963521 End=4100522987132 Duration=23611
Task=37 Chunk=1 Start=4100523192417 End=4100523238144 Duration=45727
Task=37 Chunk=2 Start=4100523865807 End=4100523929306 Duration=63499
Task=38 Chunk=0 Start=4100523027703 End=4100523053633 Duration=25930
Task=38 Chunk=1 Start=4100523238166 End=4100523285332 Duration=47166
Task=38 Chunk=2 Start=4100523929307 End=4100523993624 Duration=64317
Task=39 Chunk=0 Start=4100523092733 End=4100523116432 Duration=23699
Task=39 Chunk=1 Start=4100523285339 End=4100523328327 Duration=42988
Task=39 Chunk=2 Start=4100523993626 End=4100524058359 Duration=64733
Task=40 Chunk=0 Start=4100523157867 End=4100523182571 Duration=24704
Task=40 Chunk=1 Start=4100523328338 End=4100523370467 Duration=42129
Task=40 Chunk=2 Start=4100524058362 End=4100524121977 Duration=63615
Task=41 Chunk=0 Start=4100523221316 End=4100523244633 Duration=23317
Task=41 Chunk=1 Start=4100523370475 End=4100523412757 Duration=42282
Task=41 Chunk=2 Start=4100524121978 End=4100524186581 Duration=64603
Task=42 Chunk=0 Start=4100523286351 End=4100523309695 Duration=23344
Task=42 Chunk=1 Start=4100523412764 End=4100523459562 Duration=46798
Task=42 Chunk=2 Start=4100524186583 End=4100524251170 Duration=64587
Task=43 Chunk=0 Start=4100523350763 End=4100523374092 Duration=23329
Task=43 Chunk=1 Start=4100523459581 End=4100523502561 Duration=42980
Task=43 Chunk=2 Start=4100524251174 End=4100524314444 Duration=63270
Task=44 Chunk=0 Start=4100523414454 End=4100523437480 Duration=23026
Task=44 Chunk=1 Start=4100523502577 End=4100523545679 Duration=43102
Task=44 Chunk=2 Start=4100524314446 End=4100524378998 Duration=64552
Task=45 Chunk=0 Start=4100523479645 End=4100523503379 Duration=23734
Task=45 Chunk=1 Start=4100523545688 End=4100523588267 Duration=42579
Task=45 Chunk=2 Start=4100524379002 End=4100524443857 Duration=64855
Task=46 Chunk=0 Start=4100523544343 End=4100523567754 Duration=23411
Task=46 Chunk=1 Start=4100523588286 End=4100523629635 Duration=41349
Task=46 Chunk=2 Start=4100524443858 End=4100524507246 Duration=63388
Task=47 Chunk=0 Start=4100523608197 End=4100523631543 Duration=23346
Task=47 Chunk=1 Start=4100523631590 End=4100523676955 Duration=45365
Task=47 Chunk=2 Start=4100524507248 End=4100524571294 Duration=64046
Task=48 Chunk=0 Start=4100523673061 End=4100523696544 Duration=23483
Task=48 Chunk=1 Start=4100523696592 End=4100523744327 Duration=47735
Task=48 Chunk=2 Start=4100524571295 End=4100524636120 Duration=64825
Task=49 Chunk=0 Start=4100523736788 End=4100523761404 Duration=24616
Task=49 Chunk=1 Start=4100523761417 End=4100523805405 Duration=43988
Task=49 Chunk=2 Start=4100524636122 End=4100524699389 Duration=63267
Task=50 Chunk=0 Start=4100523801534 End=4100523824950 Duration=23416
Task=50 Chunk=1 Start=4100523824977 End=4100523870510 Duration=45533
Task=50 Chunk=2 Start=4100524699390 End=4100524763527 Duration=64137
Task=51 Chunk=0 Start=4100523865813 End=4100523889141 Duration=23328
Task=51 Chunk=1 Start=4100523889183 End=4100523933169 Duration=43986
Task=51 Chunk=2 Start=4100524763528 End=4100524828207 Duration=64679
Task=52 Chunk=0 Start=4100523929338 End=4100523953911 Duration=24573
Task=52 Chunk=1 Start=4100523953927 End=4100523999298 Duration=45371
Task=52 Chunk=2 Start=4100524828208 End=4100524891705 Duration=63497
Task=53 Chunk=0 Start=4100523993644 End=4100524017137 Duration=23493
Task=53 Chunk=1 Start=4100524017175 End=4100524060658 Duration=43483
Task=53 Chunk=2 Start=4100524891706 End=4100524955822 Duration=64116
Task=54 Chunk=0 Start=4100524058368 End=4100524081760 Duration=23392
Task=54 Chunk=1 Start=4100524081811 End=4100524124620 Duration=42809
Task=54 Chunk=2 Start=4100524955823 End=4100525020271 Duration=64448
Task=55 Chunk=0 Start=4100524121988 End=4100524146186 Duration=24198
Task=55 Chunk=1 Start=4100524146228 End=4100524189470 Duration=43242
Task=55 Chunk=2 Start=4100525020272 End=4100525083307 Duration=63035
Task=56 Chunk=0 Start=4100524186591 End=4100524209705 Duration=23114
Task=56 Chunk=1 Start=4100524209739 End=4100524251866 Duration=42127
Task=56 Chunk=2 Start=4100525083312 End=4100525147415 Duration=64103
Task=57 Chunk=0 Start=4100524251197 End=4100524274307 Duration=23110
Task=57 Chunk=1 Start=4100524274342 End=4100524317161 Duration=42819
Task=57 Chunk=2 Start=4100525147419 End=4100525211127 Duration=63708
Task=58 Chunk=0 Start=4100524314454 End=4100524339162 Duration=24708
Task=58 Chunk=1 Start=4100524339192 End=4100524382063 Duration=42871
Task=58 Chunk=2 Start=4100525211128 End=4100525275447 Duration=64319
Task=59 Chunk=0 Start=4100524379024 End=4100524402169 Duration=23145
Task=59 Chunk=1 Start=4100524402196 End=4100524444138 Duration=41942
Task=59 Chunk=2 Start=4100525275449 End=4100525340182 Duration=64733
Task=60 Chunk=0 Start=4100524443887 End=4100524467058 Duration=23171
Task=60 Chunk=1 Start=4100524467092 End=4100524510901 Duration=43809
Task=60 Chunk=2 Start=4100525340188 End=4100525404662 Duration=64474
Task=61 Chunk=0 Start=4100524507266 End=4100524531903 Duration=24637
Task=61 Chunk=1 Start=4100524531924 End=4100524582554 Duration=50630
Task=61 Chunk=2 Start=4100525404662 End=4100525470073 Duration=65411
Task=62 Chunk=0 Start=4100524571308 End=4100524594745 Duration=23437
Task=62 Chunk=1 Start=4100524594777 End=4100524639626 Duration=44849
Task=62 Chunk=2 Start=4100525470075 End=4100525534573 Duration=64498
Task=63 Chunk=0 Start=4100524636135 End=4100524659372 Duration=23237
Task=63 Chunk=1 Start=4100524659388 End=4100524703822 Duration=44434
Task=63 Chunk=2 Start=4100525534576 End=4100525598354 Duration=63778
Task=64 Chunk=0 Start=4100524699403 End=4100524724174 Duration=24771
Task=64 Chunk=1 Start=4100524724215 End=4100524767877 Duration=43662
Task=64 Chunk=2 Start=4100525598360 End=4100525663158 Duration=64798
Task=65 Chunk=0 Start=4100524763555 End=4100524786998 Duration=23443
Task=65 Chunk=1 Start=4100524787008 End=4100524829513 Duration=42505
Task=65 Chunk=2 Start=4100525663160 End=4100525728046 Duration=64886
Task=66 Chunk=0 Start=4100524828221 End=4100524851449 Duration=23228
Task=66 Chunk=1 Start=4100524851492 End=4100524894244 Duration=42752
Task=66 Chunk=2 Start=4100525728048 End=4100525792383 Duration=64335
Task=67 Chunk=0 Start=4100524891717 End=4100524914948 Duration=23231
Task=67 Chunk=1 Start=4100524914980 End=4100524966927 Duration=51947
Task=67 Chunk=2 Start=4100525792384 End=4100525857671 Duration=65287
Task=68 Chunk=0 Start=4100524955873 End=4100524979641 Duration=23768
Task=68 Chunk=1 Start=4100524979667 End=4100525024037 Duration=44370
Task=68 Chunk=2 Start=4100525857673 End=4100525922646 Duration=64973
Task=69 Chunk=0 Start=4100525020287 End=4100525043526 Duration=23239
Task=69 Chunk=1 Start=4100525043563 End=4100525086289 Duration=42726
Task=69 Chunk=2 Start=4100525922650 End=4100525987018 Duration=64368
Task=70 Chunk=0 Start=4100525083317 End=4100525106489 Duration=23172
Task=70 Chunk=1 Start=4100525106512 End=4100525155549 Duration=49037
Task=70 Chunk=2 Start=4100525987019 End=4100526052185 Duration=65166
Task=71 Chunk=0 Start=4100525147428 End=4100525170524 Duration=23096
Task=71 Chunk=1 Start=4100525170564 End=4100525225684 Duration=55120
Task=71 Chunk=2 Start=4100526052187 End=4100526116757 Duration=64570
Task=72 Chunk=0 Start=4100525211150 End=4100525235544 Duration=24394
Task=72 Chunk=1 Start=4100525235558 End=4100525284777 Duration=49219
Task=72 Chunk=2 Start=4100526116757 End=4100526180677 Duration=63920
Task=73 Chunk=0 Start=4100525275458 End=4100525298932 Duration=23474
Task=73 Chunk=1 Start=4100525298980 End=4100525349172 Duration=50192
Task=73 Chunk=2 Start=4100526180681 End=4100526246003 Duration=65322
Task=74 Chunk=0 Start=4100525340210 End=4100525364481 Duration=24271
Task=74 Chunk=1 Start=4100525364498 End=4100525414383 Duration=49885
Task=74 Chunk=2 Start=4100526246004 End=4100526311138 Duration=65134
Task=75 Chunk=0 Start=4100525404673 End=4100525429982 Duration=25309
Task=75 Chunk=1 Start=4100525430025 End=4100525479095 Duration=49070
Task=75 Chunk=2 Start=4100526311139 End=4100526375447 Duration=64308
Task=76 Chunk=0 Start=4100525470087 End=4100525493805 Duration=23718
Task=76 Chunk=1 Start=4100525493847 End=4100525542654 Duration=48807
Task=76 Chunk=2 Start=4100526375448 End=4100526440509 Duration=65061
Task=77 Chunk=0 Start=4100525534594 End=4100525558957 Duration=24363
Task=77 Chunk=1 Start=4100525559011 End=4100525608780 Duration=49769
Task=77 Chunk=2 Start=4100526440516 End=4100526505076 Duration=64560
Task=78 Chunk=0 Start=4100525598367 End=4100525623218 Duration=24851
Task=78 Chunk=1 Start=4100525624867 End=4100525672857 Duration=47990
Task=78 Chunk=2 Start=4100526505078 End=4100526569280 Duration=64202
Task=79 Chunk=0 Start=4100525663168 End=4100525686553 Duration=23385
Task=79 Chunk=1 Start=4100525686588 End=4100525735501 Duration=48913
Task=79 Chunk=2 Start=4100526569281 End=4100526633716 Duration=64435
Task=80 Chunk=0 Start=4100525728087 End=4100525752343 Duration=24256
Task=80 Chunk=1 Start=4100525752374 End=4100525800692 Duration=48318
Task=80 Chunk=2 Start=4100526633717 End=4100526698439 Duration=64722
Task=81 Chunk=0 Start=4100525792394 End=4100525817593 Duration=25199
Task=81 Chunk=1 Start=4100525817602 End=4100525866027 Duration=48425
Task=81 Chunk=2 Start=4100526698451 End=4100526762859 Duration=64408
Task=82 Chunk=0 Start=4100525857698 End=4100525882327 Duration=24629
Task=82 Chunk=1 Start=4100525882366 End=4100525931147 Duration=48781
Task=82 Chunk=2 Start=4100526762860 End=4100526827309 Duration=64449
Task=83 Chunk=0 Start=4100525922663 End=4100525946997 Duration=24334
Task=83 Chunk=1 Start=4100525947037 End=4100526003020 Duration=55983
Task=83 Chunk=2 Start=4100526827310 End=4100526891858 Duration=64548
Task=84 Chunk=0 Start=4100525987025 End=4100526012174 Duration=25149
Task=84 Chunk=1 Start=4100526012208 End=4100526063672 Duration=51464
Task=84 Chunk=2 Start=4100526891859 End=4100526955677 Duration=63818
Task=85 Chunk=0 Start=4100526052218 End=4100526075748 Duration=23530
Task=85 Chunk=1 Start=4100526075782 End=4100526125841 Duration=50059
Task=85 Chunk=2 Start=4100526955678 End=4100527020371 Duration=64693
Task=86 Chunk=0 Start=4100526116773 End=4100526140828 Duration=24055
Task=86 Chunk=1 Start=4100526140850 End=4100526198163 Duration=57313
Task=86 Chunk=2 Start=4100527020378 End=4100527082996 Duration=62618
Task=87 Chunk=0 Start=4100526180687 End=4100526206079 Duration=25392
Task=87 Chunk=1 Start=4100526206117 End=4100526255112 Duration=48995
Task=87 Chunk=2 Start=4100527083000 End=4100527144959 Duration=61959
Task=88 Chunk=0 Start=4100526246022 End=4100526270185 Duration=24163
Task=88 Chunk=1 Start=4100526270228 End=4100526320046 Duration=49818
Task=88 Chunk=2 Start=4100527144960 End=4100527207570 Duration=62610
Task=89 Chunk=0 Start=4100526311152 End=4100526335646 Duration=24494
Task=89 Chunk=1 Start=4100526335679 End=4100526384734 Duration=49055
Task=89 Chunk=2 Start=4100527207582 End=4100527268971 Duration=61389
Task=90 Chunk=0 Start=4100526375468 End=4100526400923 Duration=25455
Task=90 Chunk=1 Start=4100526400954 End=4100526450287 Duration=49333
Task=90 Chunk=2 Start=4100527268972 End=4100527332026 Duration=63054
Task=91 Chunk=0 Start=4100526440529 End=4100526464431 Duration=23902
Task=91 Chunk=1 Start=4100526464454 End=4100526519026 Duration=54572
Task=91 Chunk=2 Start=4100527332028 End=4100527394714 Duration=62686
Task=92 Chunk=0 Start=4100526505102 End=4100526529444 Duration=24342
Task=92 Chunk=1 Start=4100526529473 End=4100526579563 Duration=50090
Task=92 Chunk=2 Start=4100527394719 End=4100527456420 Duration=61701
Task=93 Chunk=0 Start=4100526569289 End=4100526594381 Duration=25092
Task=93 Chunk=1 Start=4100526594428 End=4100526650548 Duration=56120
Task=93 Chunk=2 Start=4100527456421 End=4100527519161 Duration=62740
Task=94 Chunk=0 Start=4100526633734 End=4100526657667 Duration=23933
Task=94 Chunk=1 Start=4100526657680 End=4100526710297 Duration=52617
Task=94 Chunk=2 Start=4100527519161 End=4100527582032 Duration=62871
Task=95 Chunk=0 Start=4100526698484 End=4100526721915 Duration=23431
Task=95 Chunk=1 Start=4100526721946 End=4100526777279 Duration=55333
Task=95 Chunk=2 Start=4100527582039 End=4100527644183 Duration=62144
Task=96 Chunk=0 Start=4100526762871 End=4100526787629 Duration=24758
Task=96 Chunk=1 Start=4100526787667 End=4100526842200 Duration=54533
Task=96 Chunk=2 Start=4100527644184 End=4100527706495 Duration=62311
Task=97 Chunk=0 Start=4100526827331 End=4100526850701 Duration=23370
Task=97 Chunk=1 Start=4100526850739 End=4100526904350 Duration=53611
Task=97 Chunk=2 Start=4100527706502 End=4100527769043 Duration=62541
Task=98 Chunk=0 Start=4100526891865 End=4100526915578 Duration=23713
Task=98 Chunk=1 Start=4100526915621 End=4100526969383 Duration=53762
Task=98 Chunk=2 Start=4100527769053 End=4100527830962 Duration=61909
Task=99 Chunk=0 Start=4100526955693 End=4100526979071 Duration=23378
Task=99 Chunk=1 Start=4100526979119 End=4100527034225 Duration=55106
Task=99 Chunk=2 Start=4100527830965 End=4100527893733 Duration=62768
### Python End ###

--------------------------------
[2025-06-26 18:34:58.484] [info] Available Vulkan Layers:
[2025-06-26 18:34:58.484] [warning] Validation layer requested but not available, continuing without it...
[2025-06-26 18:34:58.489] [info] Using integrated GPU: Mali-G710
[2025-06-26 18:34:58.492] [info] VulkanDispatcher instance created.
[2025-06-26 18:34:58.650] [info] Total memory used: 40550404 bytes (38.67188 MB)
[2025-06-26 18:34:58.656] [info] Total memory used: 40550404 bytes (38.67188 MB)
[2025-06-26 18:34:58.699] [info] Total memory used: 40550404 bytes (38.67188 MB)
[2025-06-26 18:34:58.704] [info] Total memory used: 40550404 bytes (38.67188 MB)
[2025-06-26 18:34:58.710] [info] Total memory used: 40550404 bytes (38.67188 MB)
[2025-06-26 18:34:58.793] [info] Total memory used: 40550404 bytes (38.67188 MB)
[2025-06-26 18:34:58.798] [info] Total memory used: 40550404 bytes (38.67188 MB)
[2025-06-26 18:34:58.803] [info] Total memory used: 40550404 bytes (38.67188 MB)
[2025-06-26 18:34:58.808] [info] Total memory used: 40550404 bytes (38.67188 MB)
[2025-06-26 18:34:58.813] [info] Total memory used: 40550404 bytes (38.67188 MB)
[2025-06-26 18:34:58.878] [info] Total memory used: 40550404 bytes (38.67188 MB)
[2025-06-26 18:34:58.883] [info] Total memory used: 40550404 bytes (38.67188 MB)
[2025-06-26 18:34:58.888] [info] Total memory used: 40550404 bytes (38.67188 MB)
[2025-06-26 18:34:58.893] [info] Total memory used: 40550404 bytes (38.67188 MB)
[2025-06-26 18:34:58.898] [info] Total memory used: 40550404 bytes (38.67188 MB)
[2025-06-26 18:34:58.903] [info] Total memory used: 40550404 bytes (38.67188 MB)
### Python Begin ###
Schedule_UID=SCH-B3G3M1-G080-c6db
Frequency=24576000 Hz
Task=0 Chunk=0 Start=4100540660105 End=4100540814044 Duration=153939
Task=0 Chunk=1 Start=4100540814067 End=4100540932863 Duration=118796
Task=0 Chunk=2 Start=4100540932900 End=4100540956227 Duration=23327
Task=1 Chunk=0 Start=4100540814065 End=4100540881314 Duration=67249
Task=1 Chunk=1 Start=4100540932866 End=4100540992567 Duration=59701
Task=1 Chunk=2 Start=4100540992586 End=4100540992872 Duration=286
Task=2 Chunk=0 Start=4100540881319 End=4100540948016 Duration=66697
Task=2 Chunk=1 Start=4100540992569 End=4100541017400 Duration=24831
Task=2 Chunk=2 Start=4100541019636 End=4100541019919 Duration=283
Task=3 Chunk=0 Start=4100540948019 End=4100541004634 Duration=56615
Task=3 Chunk=1 Start=4100541017404 End=4100541043916 Duration=26512
Task=3 Chunk=2 Start=4100541046267 End=4100541046565 Duration=298
Task=4 Chunk=0 Start=4100541004636 End=4100541038587 Duration=33951
Task=4 Chunk=1 Start=4100541043924 End=4100541067300 Duration=23376
Task=4 Chunk=2 Start=4100541067503 End=4100541067678 Duration=175
Task=5 Chunk=0 Start=4100541038588 End=4100541076513 Duration=37925
Task=5 Chunk=1 Start=4100541076585 End=4100541096039 Duration=19454
Task=5 Chunk=2 Start=4100541096217 End=4100541096393 Duration=176
Task=6 Chunk=0 Start=4100541076518 End=4100541111959 Duration=35441
Task=6 Chunk=1 Start=4100541112030 End=4100541131744 Duration=19714
Task=6 Chunk=2 Start=4100541131966 End=4100541132197 Duration=231
Task=7 Chunk=0 Start=4100541111961 End=4100541148168 Duration=36207
Task=7 Chunk=1 Start=4100541148190 End=4100541168267 Duration=20077
Task=7 Chunk=2 Start=4100541168448 End=4100541168638 Duration=190
Task=8 Chunk=0 Start=4100541148172 End=4100541183933 Duration=35761
Task=8 Chunk=1 Start=4100541183949 End=4100541203607 Duration=19658
Task=8 Chunk=2 Start=4100541203821 End=4100541204019 Duration=198
Task=9 Chunk=0 Start=4100541183936 End=4100541219771 Duration=35835
Task=9 Chunk=1 Start=4100541219877 End=4100541240766 Duration=20889
Task=9 Chunk=2 Start=4100541240840 End=4100541241307 Duration=467
Task=10 Chunk=0 Start=4100541219774 End=4100541256467 Duration=36693
Task=10 Chunk=1 Start=4100541256481 End=4100541297109 Duration=40628
Task=10 Chunk=2 Start=4100541297171 End=4100541297376 Duration=205
Task=11 Chunk=0 Start=4100541256472 End=4100541296154 Duration=39682
Task=11 Chunk=1 Start=4100541297127 End=4100541327231 Duration=30104
Task=11 Chunk=2 Start=4100541327281 End=4100541327467 Duration=186
Task=12 Chunk=0 Start=4100541296155 End=4100541330795 Duration=34640
Task=12 Chunk=1 Start=4100541330806 End=4100541358120 Duration=27314
Task=12 Chunk=2 Start=4100541358319 End=4100541358575 Duration=256
Task=13 Chunk=0 Start=4100541330798 End=4100541365254 Duration=34456
Task=13 Chunk=1 Start=4100541365265 End=4100541389248 Duration=23983
Task=13 Chunk=2 Start=4100541389285 End=4100541389465 Duration=180
Task=14 Chunk=0 Start=4100541365254 End=4100541398795 Duration=33541
Task=14 Chunk=1 Start=4100541398808 End=4100541418390 Duration=19582
Task=14 Chunk=2 Start=4100541418414 End=4100541418587 Duration=173
Task=15 Chunk=0 Start=4100541398796 End=4100541432195 Duration=33399
Task=15 Chunk=1 Start=4100541432205 End=4100541453002 Duration=20797
Task=15 Chunk=2 Start=4100541453073 End=4100541453307 Duration=234
Task=16 Chunk=0 Start=4100541432199 End=4100541466604 Duration=34405
Task=16 Chunk=1 Start=4100541466618 End=4100541486056 Duration=19438
Task=16 Chunk=2 Start=4100541486147 End=4100541486317 Duration=170
Task=17 Chunk=0 Start=4100541466608 End=4100541499981 Duration=33373
Task=17 Chunk=1 Start=4100541500020 End=4100541519616 Duration=19596
Task=17 Chunk=2 Start=4100541519660 End=4100541519830 Duration=170
Task=18 Chunk=0 Start=4100541500009 End=4100541534492 Duration=34483
Task=18 Chunk=1 Start=4100541537789 End=4100541557984 Duration=20195
Task=18 Chunk=2 Start=4100541558029 End=4100541558421 Duration=392
Task=19 Chunk=0 Start=4100541534499 End=4100541567769 Duration=33270
Task=19 Chunk=1 Start=4100541567786 End=4100541587382 Duration=19596
Task=19 Chunk=2 Start=4100541587463 End=4100541587650 Duration=187
Task=20 Chunk=0 Start=4100541567770 End=4100541601232 Duration=33462
Task=20 Chunk=1 Start=4100541601243 End=4100541621351 Duration=20108
Task=20 Chunk=2 Start=4100541621389 End=4100541621588 Duration=199
Task=21 Chunk=0 Start=4100541601235 End=4100541635762 Duration=34527
Task=21 Chunk=1 Start=4100541635804 End=4100541656028 Duration=20224
Task=21 Chunk=2 Start=4100541656067 End=4100541656288 Duration=221
Task=22 Chunk=0 Start=4100541635767 End=4100541669289 Duration=33522
Task=22 Chunk=1 Start=4100541669301 End=4100541692319 Duration=23018
Task=22 Chunk=2 Start=4100541692370 End=4100541692570 Duration=200
Task=23 Chunk=0 Start=4100541669292 End=4100541702789 Duration=33497
Task=23 Chunk=1 Start=4100541702808 End=4100541723185 Duration=20377
Task=23 Chunk=2 Start=4100541723280 End=4100541723464 Duration=184
Task=24 Chunk=0 Start=4100541702794 End=4100541737720 Duration=34926
Task=24 Chunk=1 Start=4100541737741 End=4100541757760 Duration=20019
Task=24 Chunk=2 Start=4100541757779 End=4100541757982 Duration=203
Task=25 Chunk=0 Start=4100541737723 End=4100541771533 Duration=33810
Task=25 Chunk=1 Start=4100541771542 End=4100541791749 Duration=20207
Task=25 Chunk=2 Start=4100541791837 End=4100541792037 Duration=200
Task=26 Chunk=0 Start=4100541771534 End=4100541805276 Duration=33742
Task=26 Chunk=1 Start=4100541805286 End=4100541826597 Duration=21311
Task=26 Chunk=2 Start=4100541826645 End=4100541826948 Duration=303
Task=27 Chunk=0 Start=4100541805277 End=4100541840066 Duration=34789
Task=27 Chunk=1 Start=4100541840079 End=4100541923063 Duration=82984
Task=27 Chunk=2 Start=4100541923118 End=4100541923389 Duration=271
Task=28 Chunk=0 Start=4100541840069 End=4100541873763 Duration=33694
Task=28 Chunk=1 Start=4100541923092 End=4100541967359 Duration=44267
Task=28 Chunk=2 Start=4100541967399 End=4100541967637 Duration=238
Task=29 Chunk=0 Start=4100541873787 End=4100541907320 Duration=33533
Task=29 Chunk=1 Start=4100541967388 End=4100542008192 Duration=40804
Task=29 Chunk=2 Start=4100542008224 End=4100542008409 Duration=185
Task=30 Chunk=0 Start=4100541907321 End=4100541943073 Duration=35752
Task=30 Chunk=1 Start=4100542008221 End=4100542052057 Duration=43836
Task=30 Chunk=2 Start=4100542052108 End=4100542052418 Duration=310
Task=31 Chunk=0 Start=4100541943077 End=4100541976906 Duration=33829
Task=31 Chunk=1 Start=4100542052068 End=4100542093475 Duration=41407
Task=31 Chunk=2 Start=4100542093569 End=4100542093812 Duration=243
Task=32 Chunk=0 Start=4100541976909 End=4100542011006 Duration=34097
Task=32 Chunk=1 Start=4100542093492 End=4100542141819 Duration=48327
Task=32 Chunk=2 Start=4100542141927 End=4100542142306 Duration=379
Task=33 Chunk=0 Start=4100542011008 End=4100542045437 Duration=34429
Task=33 Chunk=1 Start=4100542141851 End=4100542182430 Duration=40579
Task=33 Chunk=2 Start=4100542182473 End=4100542182689 Duration=216
Task=34 Chunk=0 Start=4100542045439 End=4100542079432 Duration=33993
Task=34 Chunk=1 Start=4100542182446 End=4100542204159 Duration=21713
Task=34 Chunk=2 Start=4100542204206 End=4100542204371 Duration=165
Task=35 Chunk=0 Start=4100542079432 End=4100542112848 Duration=33416
Task=35 Chunk=1 Start=4100542204161 End=4100542225895 Duration=21734
Task=35 Chunk=2 Start=4100542225943 End=4100542226152 Duration=209
Task=36 Chunk=0 Start=4100542112852 End=4100542147120 Duration=34268
Task=36 Chunk=1 Start=4100542225905 End=4100542249227 Duration=23322
Task=36 Chunk=2 Start=4100542249302 End=4100542249484 Duration=182
Task=37 Chunk=0 Start=4100542147121 End=4100542180606 Duration=33485
Task=37 Chunk=1 Start=4100542249246 End=4100542272054 Duration=22808
Task=37 Chunk=2 Start=4100542272128 End=4100542272300 Duration=172
Task=38 Chunk=0 Start=4100542180611 End=4100542214021 Duration=33410
Task=38 Chunk=1 Start=4100542272058 End=4100542291559 Duration=19501
Task=38 Chunk=2 Start=4100542291606 End=4100542291777 Duration=171
Task=39 Chunk=0 Start=4100542214022 End=4100542248506 Duration=34484
Task=39 Chunk=1 Start=4100542291561 End=4100542310673 Duration=19112
Task=39 Chunk=2 Start=4100542310715 End=4100542310892 Duration=177
Task=40 Chunk=0 Start=4100542248511 End=4100542282212 Duration=33701
Task=40 Chunk=1 Start=4100542310675 End=4100542331365 Duration=20690
Task=40 Chunk=2 Start=4100542331397 End=4100542331727 Duration=330
Task=41 Chunk=0 Start=4100542282213 End=4100542316050 Duration=33837
Task=41 Chunk=1 Start=4100542331379 End=4100542351338 Duration=19959
Task=41 Chunk=2 Start=4100542351452 End=4100542351643 Duration=191
Task=42 Chunk=0 Start=4100542316063 End=4100542351052 Duration=34989
Task=42 Chunk=1 Start=4100542351339 End=4100542370861 Duration=19522
Task=42 Chunk=2 Start=4100542370937 End=4100542371106 Duration=169
Task=43 Chunk=0 Start=4100542351055 End=4100542384673 Duration=33618
Task=43 Chunk=1 Start=4100542384684 End=4100542404831 Duration=20147
Task=43 Chunk=2 Start=4100542404896 End=4100542405066 Duration=170
Task=44 Chunk=0 Start=4100542384674 End=4100542419371 Duration=34697
Task=44 Chunk=1 Start=4100542419400 End=4100542439286 Duration=19886
Task=44 Chunk=2 Start=4100542439327 End=4100542439539 Duration=212
Task=45 Chunk=0 Start=4100542419382 End=4100542453169 Duration=33787
Task=45 Chunk=1 Start=4100542453182 End=4100542473320 Duration=20138
Task=45 Chunk=2 Start=4100542473359 End=4100542473544 Duration=185
Task=46 Chunk=0 Start=4100542453171 End=4100542486604 Duration=33433
Task=46 Chunk=1 Start=4100542486618 End=4100542506822 Duration=20204
Task=46 Chunk=2 Start=4100542506855 End=4100542507049 Duration=194
Task=47 Chunk=0 Start=4100542486609 End=4100542521224 Duration=34615
Task=47 Chunk=1 Start=4100542521252 End=4100542541320 Duration=20068
Task=47 Chunk=2 Start=4100542541358 End=4100542541580 Duration=222
Task=48 Chunk=0 Start=4100542521245 End=4100542554903 Duration=33658
Task=48 Chunk=1 Start=4100542554918 End=4100542574973 Duration=20055
Task=48 Chunk=2 Start=4100542575057 End=4100542575244 Duration=187
Task=49 Chunk=0 Start=4100542554908 End=4100542588383 Duration=33475
Task=49 Chunk=1 Start=4100542588395 End=4100542608270 Duration=19875
Task=49 Chunk=2 Start=4100542608306 End=4100542608491 Duration=185
Task=50 Chunk=0 Start=4100542588385 End=4100542623341 Duration=34956
Task=50 Chunk=1 Start=4100542623358 End=4100542643557 Duration=20199
Task=50 Chunk=2 Start=4100542643644 End=4100542643884 Duration=240
Task=51 Chunk=0 Start=4100542623347 End=4100542657071 Duration=33724
Task=51 Chunk=1 Start=4100542657103 End=4100542677327 Duration=20224
Task=51 Chunk=2 Start=4100542677367 End=4100542677548 Duration=181
Task=52 Chunk=0 Start=4100542657075 End=4100542690582 Duration=33507
Task=52 Chunk=1 Start=4100542690602 End=4100542712078 Duration=21476
Task=52 Chunk=2 Start=4100542712142 End=4100542712423 Duration=281
Task=53 Chunk=0 Start=4100542690584 End=4100542725446 Duration=34862
Task=53 Chunk=1 Start=4100542725456 End=4100542745758 Duration=20302
Task=53 Chunk=2 Start=4100542745834 End=4100542746016 Duration=182
Task=54 Chunk=0 Start=4100542725448 End=4100542758973 Duration=33525
Task=54 Chunk=1 Start=4100542758996 End=4100542779054 Duration=20058
Task=54 Chunk=2 Start=4100542779112 End=4100542779286 Duration=174
Task=55 Chunk=0 Start=4100542758974 End=4100542792565 Duration=33591
Task=55 Chunk=1 Start=4100542792584 End=4100542814008 Duration=21424
Task=55 Chunk=2 Start=4100542814081 End=4100542814342 Duration=261
Task=56 Chunk=0 Start=4100542792573 End=4100542827780 Duration=35207
Task=56 Chunk=1 Start=4100542828446 End=4100542848586 Duration=20140
Task=56 Chunk=2 Start=4100542848663 End=4100542848844 Duration=181
Task=57 Chunk=0 Start=4100542827781 End=4100542862307 Duration=34526
Task=57 Chunk=1 Start=4100542862327 End=4100542882267 Duration=19940
Task=57 Chunk=2 Start=4100542882320 End=4100542882540 Duration=220
Task=58 Chunk=0 Start=4100542862314 End=4100542896004 Duration=33690
Task=58 Chunk=1 Start=4100542896016 End=4100542919572 Duration=23556
Task=58 Chunk=2 Start=4100542919664 End=4100542920006 Duration=342
Task=59 Chunk=0 Start=4100542896010 End=4100542930979 Duration=34969
Task=59 Chunk=1 Start=4100542930985 End=4100542956772 Duration=25787
Task=59 Chunk=2 Start=4100542956791 End=4100542956972 Duration=181
Task=60 Chunk=0 Start=4100542930981 End=4100542964677 Duration=33696
Task=60 Chunk=1 Start=4100542964712 End=4100542984199 Duration=19487
Task=60 Chunk=2 Start=4100542984284 End=4100542984485 Duration=201
Task=61 Chunk=0 Start=4100542964677 End=4100542998201 Duration=33524
Task=61 Chunk=1 Start=4100542998217 End=4100543017784 Duration=19567
Task=61 Chunk=2 Start=4100543017854 End=4100543018067 Duration=213
Task=62 Chunk=0 Start=4100542998202 End=4100543032917 Duration=34715
Task=62 Chunk=1 Start=4100543032928 End=4100543070984 Duration=38056
Task=62 Chunk=2 Start=4100543071017 End=4100543071479 Duration=462
Task=63 Chunk=0 Start=4100543032918 End=4100543066346 Duration=33428
Task=63 Chunk=1 Start=4100543071007 End=4100543093682 Duration=22675
Task=63 Chunk=2 Start=4100543093979 End=4100543094311 Duration=332
Task=64 Chunk=0 Start=4100543066368 End=4100543100227 Duration=33859
Task=64 Chunk=1 Start=4100543100253 End=4100543122833 Duration=22580
Task=64 Chunk=2 Start=4100543123086 End=4100543123289 Duration=203
Task=65 Chunk=0 Start=4100543100230 End=4100543135057 Duration=34827
Task=65 Chunk=1 Start=4100543135140 End=4100543155049 Duration=19909
Task=65 Chunk=2 Start=4100543155253 End=4100543155558 Duration=305
Task=66 Chunk=0 Start=4100543135059 End=4100543168580 Duration=33521
Task=66 Chunk=1 Start=4100543168596 End=4100543188651 Duration=20055
Task=66 Chunk=2 Start=4100543188877 End=4100543189187 Duration=310
Task=67 Chunk=0 Start=4100543168584 End=4100543203279 Duration=34695
Task=67 Chunk=1 Start=4100543203406 End=4100543223842 Duration=20436
Task=67 Chunk=2 Start=4100543224038 End=4100543224339 Duration=301
Task=68 Chunk=0 Start=4100543203281 End=4100543236992 Duration=33711
Task=68 Chunk=1 Start=4100543237050 End=4100543256937 Duration=19887
Task=68 Chunk=2 Start=4100543257223 End=4100543257493 Duration=270
Task=69 Chunk=0 Start=4100543236993 End=4100543270397 Duration=33404
Task=69 Chunk=1 Start=4100543270405 End=4100543290156 Duration=19751
Task=69 Chunk=2 Start=4100543290373 End=4100543290658 Duration=285
Task=70 Chunk=0 Start=4100543270401 End=4100543304778 Duration=34377
Task=70 Chunk=1 Start=4100543304822 End=4100543326579 Duration=21757
Task=70 Chunk=2 Start=4100543326757 End=4100543327039 Duration=282
Task=71 Chunk=0 Start=4100543304782 End=4100543338254 Duration=33472
Task=71 Chunk=1 Start=4100543338281 End=4100543358338 Duration=20057
Task=71 Chunk=2 Start=4100543358536 End=4100543358801 Duration=265
Task=72 Chunk=0 Start=4100543338257 End=4100543371545 Duration=33288
Task=72 Chunk=1 Start=4100543371624 End=4100543391741 Duration=20117
Task=72 Chunk=2 Start=4100543392028 End=4100543392368 Duration=340
Task=73 Chunk=0 Start=4100543371557 End=4100543406540 Duration=34983
Task=73 Chunk=1 Start=4100543406635 End=4100543426949 Duration=20314
Task=73 Chunk=2 Start=4100543430292 End=4100543430471 Duration=179
Task=74 Chunk=0 Start=4100543406542 End=4100543442630 Duration=36088
Task=74 Chunk=1 Start=4100543442660 End=4100543461996 Duration=19336
Task=74 Chunk=2 Start=4100543464717 End=4100543465002 Duration=285
Task=75 Chunk=0 Start=4100543442648 End=4100543475984 Duration=33336
Task=75 Chunk=1 Start=4100543475997 End=4100543495341 Duration=19344
Task=75 Chunk=2 Start=4100543498566 End=4100543498826 Duration=260
Task=76 Chunk=0 Start=4100543475988 End=4100543510444 Duration=34456
Task=76 Chunk=1 Start=4100543510545 End=4100543530364 Duration=19819
Task=76 Chunk=2 Start=4100543532453 End=4100543532675 Duration=222
Task=77 Chunk=0 Start=4100543510453 End=4100543543955 Duration=33502
Task=77 Chunk=1 Start=4100543543973 End=4100543563884 Duration=19911
Task=77 Chunk=2 Start=4100543565915 End=4100543566174 Duration=259
Task=78 Chunk=0 Start=4100543543958 End=4100543577180 Duration=33222
Task=78 Chunk=1 Start=4100543577190 End=4100543597763 Duration=20573
Task=78 Chunk=2 Start=4100543600684 End=4100543600932 Duration=248
Task=79 Chunk=0 Start=4100543577181 End=4100543611518 Duration=34337
Task=79 Chunk=1 Start=4100543611544 End=4100543631865 Duration=20321
Task=79 Chunk=2 Start=4100543634214 End=4100543634416 Duration=202
Task=80 Chunk=0 Start=4100543611519 End=4100543644913 Duration=33394
Task=80 Chunk=1 Start=4100543644955 End=4100543664673 Duration=19718
Task=80 Chunk=2 Start=4100543666890 End=4100543667224 Duration=334
Task=81 Chunk=0 Start=4100543644918 End=4100543678425 Duration=33507
Task=81 Chunk=1 Start=4100543678456 End=4100543707459 Duration=29003
Task=81 Chunk=2 Start=4100543707500 End=4100543707935 Duration=435
Task=82 Chunk=0 Start=4100543678426 End=4100543712653 Duration=34227
Task=82 Chunk=1 Start=4100543712694 End=4100543735277 Duration=22583
Task=82 Chunk=2 Start=4100543735489 End=4100543735623 Duration=134
Task=83 Chunk=0 Start=4100543712659 End=4100543746034 Duration=33375
Task=83 Chunk=1 Start=4100543746122 End=4100543765834 Duration=19712
Task=83 Chunk=2 Start=4100543766030 End=4100543766347 Duration=317
Task=84 Chunk=0 Start=4100543746043 End=4100543779282 Duration=33239
Task=84 Chunk=1 Start=4100543779331 End=4100543811743 Duration=32412
Task=84 Chunk=2 Start=4100543811782 End=4100543812140 Duration=358
Task=85 Chunk=0 Start=4100543779283 End=4100543813646 Duration=34363
Task=85 Chunk=1 Start=4100543813701 End=4100543835954 Duration=22253
Task=85 Chunk=2 Start=4100543836170 End=4100543836291 Duration=121
Task=86 Chunk=0 Start=4100543813647 End=4100543846900 Duration=33253
Task=86 Chunk=1 Start=4100543846966 End=4100543866883 Duration=19917
Task=86 Chunk=2 Start=4100543867110 End=4100543867420 Duration=310
Task=87 Chunk=0 Start=4100543846904 End=4100543880098 Duration=33194
Task=87 Chunk=1 Start=4100543880121 End=4100543899787 Duration=19666
Task=87 Chunk=2 Start=4100543899967 End=4100543900212 Duration=245
Task=88 Chunk=0 Start=4100543880115 End=4100543914501 Duration=34386
Task=88 Chunk=1 Start=4100543914597 End=4100543934475 Duration=19878
Task=88 Chunk=2 Start=4100543934777 End=4100543935013 Duration=236
Task=89 Chunk=0 Start=4100543914504 End=4100543947926 Duration=33422
Task=89 Chunk=1 Start=4100543947981 End=4100543967606 Duration=19625
Task=89 Chunk=2 Start=4100543967855 End=4100543968127 Duration=272
Task=90 Chunk=0 Start=4100543947951 End=4100543981220 Duration=33269
Task=90 Chunk=1 Start=4100543981307 End=4100544001016 Duration=19709
Task=90 Chunk=2 Start=4100544001253 End=4100544001503 Duration=250
Task=91 Chunk=0 Start=4100543981224 End=4100544015618 Duration=34394
Task=91 Chunk=1 Start=4100544015672 End=4100544035396 Duration=19724
Task=91 Chunk=2 Start=4100544035639 End=4100544035857 Duration=218
Task=92 Chunk=0 Start=4100544015619 End=4100544049376 Duration=33757
Task=92 Chunk=1 Start=4100544049437 End=4100544069377 Duration=19940
Task=92 Chunk=2 Start=4100544069666 End=4100544069906 Duration=240
Task=93 Chunk=0 Start=4100544049378 End=4100544082736 Duration=33358
Task=93 Chunk=1 Start=4100544082758 End=4100544102420 Duration=19662
Task=93 Chunk=2 Start=4100544102621 End=4100544102832 Duration=211
Task=94 Chunk=0 Start=4100544082738 End=4100544117023 Duration=34285
Task=94 Chunk=1 Start=4100544117102 End=4100544137121 Duration=20019
Task=94 Chunk=2 Start=4100544137325 End=4100544137647 Duration=322
Task=95 Chunk=0 Start=4100544117024 End=4100544150397 Duration=33373
Task=95 Chunk=1 Start=4100544150452 End=4100544170232 Duration=19780
Task=95 Chunk=2 Start=4100544170424 End=4100544170671 Duration=247
Task=96 Chunk=0 Start=4100544150400 End=4100544183809 Duration=33409
Task=96 Chunk=1 Start=4100544183903 End=4100544204840 Duration=20937
Task=96 Chunk=2 Start=4100544205104 End=4100544205459 Duration=355
Task=97 Chunk=0 Start=4100544183813 End=4100544218236 Duration=34423
Task=97 Chunk=1 Start=4100544218300 End=4100544238406 Duration=20106
Task=97 Chunk=2 Start=4100544238621 End=4100544238831 Duration=210
Task=98 Chunk=0 Start=4100544218246 End=4100544251816 Duration=33570
Task=98 Chunk=1 Start=4100544251861 End=4100544271598 Duration=19737
Task=98 Chunk=2 Start=4100544271821 End=4100544272142 Duration=321
Task=99 Chunk=0 Start=4100544251823 End=4100544286066 Duration=34243
Task=99 Chunk=1 Start=4100544286110 End=4100544305813 Duration=19703
Task=99 Chunk=2 Start=4100544308244 End=4100544308504 Duration=260
### Python End ###

--------------------------------
[2025-06-26 18:34:59.080] [info] Available Vulkan Layers:
[2025-06-26 18:34:59.080] [warning] Validation layer requested but not available, continuing without it...
[2025-06-26 18:34:59.082] [info] Using integrated GPU: Mali-G710
[2025-06-26 18:34:59.085] [info] VulkanDispatcher instance created.
[2025-06-26 18:34:59.306] [info] Total memory used: 40550404 bytes (38.67188 MB)
[2025-06-26 18:34:59.312] [info] Total memory used: 40550404 bytes (38.67188 MB)
[2025-06-26 18:34:59.338] [info] Total memory used: 40550404 bytes (38.67188 MB)
[2025-06-26 18:34:59.343] [info] Total memory used: 40550404 bytes (38.67188 MB)
[2025-06-26 18:34:59.348] [info] Total memory used: 40550404 bytes (38.67188 MB)
[2025-06-26 18:34:59.441] [info] Total memory used: 40550404 bytes (38.67188 MB)
[2025-06-26 18:34:59.449] [info] Total memory used: 40550404 bytes (38.67188 MB)
[2025-06-26 18:34:59.454] [info] Total memory used: 40550404 bytes (38.67188 MB)
[2025-06-26 18:34:59.459] [info] Total memory used: 40550404 bytes (38.67188 MB)
[2025-06-26 18:34:59.464] [info] Total memory used: 40550404 bytes (38.67188 MB)
[2025-06-26 18:34:59.526] [info] Total memory used: 40550404 bytes (38.67188 MB)
[2025-06-26 18:34:59.531] [info] Total memory used: 40550404 bytes (38.67188 MB)
[2025-06-26 18:34:59.537] [info] Total memory used: 40550404 bytes (38.67188 MB)
[2025-06-26 18:34:59.543] [info] Total memory used: 40550404 bytes (38.67188 MB)
[2025-06-26 18:34:59.548] [info] Total memory used: 40550404 bytes (38.67188 MB)
[2025-06-26 18:34:59.554] [info] Total memory used: 40550404 bytes (38.67188 MB)
### Python Begin ###
Schedule_UID=SCH-L1M2G2B2-G085-25c6
Frequency=24576000 Hz
Task=0 Chunk=0 Start=4100556655501 End=4100556663288 Duration=7787
Task=0 Chunk=1 Start=4100556666185 End=4100556687523 Duration=21338
Task=0 Chunk=2 Start=4100556687545 End=4100556783715 Duration=96170
Task=0 Chunk=3 Start=4100556786226 End=4100556880125 Duration=93899
Task=1 Chunk=0 Start=4100556663308 End=4100556664132 Duration=824
Task=1 Chunk=1 Start=4100556687531 End=4100556694913 Duration=7382
Task=1 Chunk=2 Start=4100556783724 End=4100556797556 Duration=13832
Task=1 Chunk=3 Start=4100556880135 End=4100556952384 Duration=72249
Task=2 Chunk=0 Start=4100556664134 End=4100556664752 Duration=618
Task=2 Chunk=1 Start=4100556694914 End=4100556702135 Duration=7221
Task=2 Chunk=2 Start=4100556797558 End=4100556808955 Duration=11397
Task=2 Chunk=3 Start=4100556952385 End=4100557092524 Duration=140139
Task=3 Chunk=0 Start=4100556664753 End=4100556665359 Duration=606
Task=3 Chunk=1 Start=4100556702136 End=4100556709241 Duration=7105
Task=3 Chunk=2 Start=4100556808955 End=4100556821061 Duration=12106
Task=3 Chunk=3 Start=4100557092530 End=4100557152275 Duration=59745
Task=4 Chunk=0 Start=4100556665360 End=4100556665954 Duration=594
Task=4 Chunk=1 Start=4100556709242 End=4100556716478 Duration=7236
Task=4 Chunk=2 Start=4100556821062 End=4100556833243 Duration=12181
Task=4 Chunk=3 Start=4100557152281 End=4100557289863 Duration=137582
Task=5 Chunk=0 Start=4100556665955 End=4100556667150 Duration=1195
Task=5 Chunk=1 Start=4100556716479 End=4100556723544 Duration=7065
Task=5 Chunk=2 Start=4100556833244 End=4100556844891 Duration=11647
Task=5 Chunk=3 Start=4100557289865 End=4100557348514 Duration=58649
Task=6 Chunk=0 Start=4100556667155 End=4100556667789 Duration=634
Task=6 Chunk=1 Start=4100556723545 End=4100556730649 Duration=7104
Task=6 Chunk=2 Start=4100556844893 End=4100556856499 Duration=11606
Task=6 Chunk=3 Start=4100557348521 End=4100557484520 Duration=135999
Task=7 Chunk=0 Start=4100556667791 End=4100556668370 Duration=579
Task=7 Chunk=1 Start=4100556730650 End=4100556737724 Duration=7074
Task=7 Chunk=2 Start=4100556856500 End=4100556868737 Duration=12237
Task=7 Chunk=3 Start=4100557484521 End=4100557544186 Duration=59665
Task=8 Chunk=0 Start=4100556668372 End=4100556668992 Duration=620
Task=8 Chunk=1 Start=4100556737725 End=4100556744807 Duration=7082
Task=8 Chunk=2 Start=4100556868738 End=4100556883359 Duration=14621
Task=8 Chunk=3 Start=4100557544186 End=4100557681587 Duration=137401
Task=9 Chunk=0 Start=4100556668994 End=4100556671984 Duration=2990
Task=9 Chunk=1 Start=4100556744808 End=4100556751879 Duration=7071
Task=9 Chunk=2 Start=4100556883360 End=4100556895800 Duration=12440
Task=9 Chunk=3 Start=4100557681588 End=4100557756856 Duration=75268
Task=10 Chunk=0 Start=4100556671986 End=4100556672836 Duration=850
Task=10 Chunk=1 Start=4100556751880 End=4100556758977 Duration=7097
Task=10 Chunk=2 Start=4100556895801 End=4100556908281 Duration=12480
Task=10 Chunk=3 Start=4100557756859 End=4100557858823 Duration=101964
Task=11 Chunk=0 Start=4100556672838 End=4100556673476 Duration=638
Task=11 Chunk=1 Start=4100556758978 End=4100556766051 Duration=7073
Task=11 Chunk=2 Start=4100556908281 End=4100556920384 Duration=12103
Task=11 Chunk=3 Start=4100557858828 End=4100557972321 Duration=113493
Task=12 Chunk=0 Start=4100556673478 End=4100556674067 Duration=589
Task=12 Chunk=1 Start=4100556766051 End=4100556774393 Duration=8342
Task=12 Chunk=2 Start=4100556920385 End=4100556932243 Duration=11858
Task=12 Chunk=3 Start=4100557972322 End=4100558084796 Duration=112474
Task=13 Chunk=0 Start=4100556674069 End=4100556674739 Duration=670
Task=13 Chunk=1 Start=4100556774394 End=4100556782215 Duration=7821
Task=13 Chunk=2 Start=4100556932244 End=4100556944053 Duration=11809
Task=13 Chunk=3 Start=4100558084800 End=4100558197207 Duration=112407
Task=14 Chunk=0 Start=4100556674741 End=4100556675314 Duration=573
Task=14 Chunk=1 Start=4100556782215 End=4100556791066 Duration=8851
Task=14 Chunk=2 Start=4100556944054 End=4100556956720 Duration=12666
Task=14 Chunk=3 Start=4100558197209 End=4100558309928 Duration=112719
Task=15 Chunk=0 Start=4100556880159 End=4100556880792 Duration=633
Task=15 Chunk=1 Start=4100556880799 End=4100556888248 Duration=7449
Task=15 Chunk=2 Start=4100556956720 End=4100556968841 Duration=12121
Task=15 Chunk=3 Start=4100558309929 End=4100558421969 Duration=112040
Task=16 Chunk=0 Start=4100556952442 End=4100556952744 Duration=302
Task=16 Chunk=1 Start=4100556952759 End=4100556960695 Duration=7936
Task=16 Chunk=2 Start=4100556968841 End=4100556980955 Duration=12114
Task=16 Chunk=3 Start=4100558421970 End=4100558496144 Duration=74174
Task=17 Chunk=0 Start=4100557092560 End=4100557092927 Duration=367
Task=17 Chunk=1 Start=4100557092933 End=4100557100331 Duration=7398
Task=17 Chunk=2 Start=4100557149814 End=4100557163797 Duration=13983
Task=17 Chunk=3 Start=4100558496147 End=4100558554707 Duration=58560
Task=18 Chunk=0 Start=4100557152293 End=4100557152545 Duration=252
Task=18 Chunk=1 Start=4100557152562 End=4100557160805 Duration=8243
Task=18 Chunk=2 Start=4100557163798 End=4100557175867 Duration=12069
Task=18 Chunk=3 Start=4100558554708 End=4100558613410 Duration=58702
Task=19 Chunk=0 Start=4100557289903 End=4100557290224 Duration=321
Task=19 Chunk=1 Start=4100557290235 End=4100557297543 Duration=7308
Task=19 Chunk=2 Start=4100557346112 End=4100557360292 Duration=14180
Task=19 Chunk=3 Start=4100558613411 End=4100558736995 Duration=123584
Task=20 Chunk=0 Start=4100557348548 End=4100557348794 Duration=246
Task=20 Chunk=1 Start=4100557348800 End=4100557356918 Duration=8118
Task=20 Chunk=2 Start=4100557360294 End=4100557372168 Duration=11874
Task=20 Chunk=3 Start=4100558736996 End=4100558795144 Duration=58148
Task=21 Chunk=0 Start=4100557484553 End=4100557485086 Duration=533
Task=21 Chunk=1 Start=4100557485099 End=4100557492370 Duration=7271
Task=21 Chunk=2 Start=4100557541381 End=4100557556057 Duration=14676
Task=21 Chunk=3 Start=4100558795145 End=4100558928672 Duration=133527
Task=22 Chunk=0 Start=4100557544201 End=4100557544558 Duration=357
Task=22 Chunk=1 Start=4100557544568 End=4100557553192 Duration=8624
Task=22 Chunk=2 Start=4100557556059 End=4100557568057 Duration=11998
Task=22 Chunk=3 Start=4100558928673 End=4100559004219 Duration=75546
Task=23 Chunk=0 Start=4100557681593 End=4100557682023 Duration=430
Task=23 Chunk=1 Start=4100557682031 End=4100557689383 Duration=7352
Task=23 Chunk=2 Start=4100557689528 End=4100557702745 Duration=13217
Task=23 Chunk=3 Start=4100559004225 End=4100559081555 Duration=77330
Task=24 Chunk=0 Start=4100557756873 End=4100557757546 Duration=673
Task=24 Chunk=1 Start=4100557757558 End=4100557764871 Duration=7313
Task=24 Chunk=2 Start=4100557765076 End=4100557779184 Duration=14108
Task=24 Chunk=3 Start=4100559081562 End=4100559141850 Duration=60288
Task=25 Chunk=0 Start=4100557858850 End=4100557859195 Duration=345
Task=25 Chunk=1 Start=4100557859202 End=4100557866408 Duration=7206
Task=25 Chunk=2 Start=4100557866413 End=4100557879083 Duration=12670
Task=25 Chunk=3 Start=4100559141858 End=4100559240717 Duration=98859
Task=26 Chunk=0 Start=4100557972352 End=4100557972657 Duration=305
Task=26 Chunk=1 Start=4100557972665 End=4100557979854 Duration=7189
Task=26 Chunk=2 Start=4100557979861 End=4100557991691 Duration=11830
Task=26 Chunk=3 Start=4100559240719 End=4100559337039 Duration=96320
Task=27 Chunk=0 Start=4100558084826 End=4100558085117 Duration=291
Task=27 Chunk=1 Start=4100558085129 End=4100558092329 Duration=7200
Task=27 Chunk=2 Start=4100558092340 End=4100558103833 Duration=11493
Task=27 Chunk=3 Start=4100559337047 End=4100559441972 Duration=104925
Task=28 Chunk=0 Start=4100558197254 End=4100558197549 Duration=295
Task=28 Chunk=1 Start=4100558197557 End=4100558204786 Duration=7229
Task=28 Chunk=2 Start=4100558204812 End=4100558218443 Duration=13631
Task=28 Chunk=3 Start=4100559441982 End=4100559553802 Duration=111820
Task=29 Chunk=0 Start=4100558309977 End=4100558310276 Duration=299
Task=29 Chunk=1 Start=4100558310284 End=4100558317456 Duration=7172
Task=29 Chunk=2 Start=4100558317465 End=4100558329179 Duration=11714
Task=29 Chunk=3 Start=4100559553803 End=4100559666089 Duration=112286
Task=30 Chunk=0 Start=4100558422006 End=4100558422309 Duration=303
Task=30 Chunk=1 Start=4100558422323 End=4100558429564 Duration=7241
Task=30 Chunk=2 Start=4100558429576 End=4100558480818 Duration=51242
Task=30 Chunk=3 Start=4100559666090 End=4100559746813 Duration=80723
Task=31 Chunk=0 Start=4100558496163 End=4100558496534 Duration=371
Task=31 Chunk=1 Start=4100558496545 End=4100558503921 Duration=7376
Task=31 Chunk=2 Start=4100558538676 End=4100558552648 Duration=13972
Task=31 Chunk=3 Start=4100559746814 End=4100559804348 Duration=57534
Task=32 Chunk=0 Start=4100558554759 End=4100558555058 Duration=299
Task=32 Chunk=1 Start=4100558555072 End=4100558562352 Duration=7280
Task=32 Chunk=2 Start=4100558610935 End=4100558626654 Duration=15719
Task=32 Chunk=3 Start=4100559804356 End=4100559862314 Duration=57958
Task=33 Chunk=0 Start=4100558613426 End=4100558614792 Duration=1366
Task=33 Chunk=1 Start=4100558614800 End=4100558623211 Duration=8411
Task=33 Chunk=2 Start=4100558626656 End=4100558641781 Duration=15125
Task=33 Chunk=3 Start=4100559862315 End=4100559920589 Duration=58274
Task=34 Chunk=0 Start=4100558737007 End=4100558737401 Duration=394
Task=34 Chunk=1 Start=4100558737412 End=4100558744740 Duration=7328
Task=34 Chunk=2 Start=4100558793006 End=4100558808450 Duration=15444
Task=34 Chunk=3 Start=4100559920597 End=4100559976413 Duration=55816
Task=35 Chunk=0 Start=4100558795156 End=4100558796604 Duration=1448
Task=35 Chunk=1 Start=4100558796609 End=4100558804955 Duration=8346
Task=35 Chunk=2 Start=4100558808453 End=4100558821201 Duration=12748
Task=35 Chunk=3 Start=4100559976414 End=4100560033647 Duration=57233
Task=36 Chunk=0 Start=4100558928698 End=4100558929097 Duration=399
Task=36 Chunk=1 Start=4100558929113 End=4100558937620 Duration=8507
Task=36 Chunk=2 Start=4100558937765 End=4100558951464 Duration=13699
Task=36 Chunk=3 Start=4100560033648 End=4100560089329 Duration=55681
Task=37 Chunk=0 Start=4100559004240 End=4100559004608 Duration=368
Task=37 Chunk=1 Start=4100559004624 End=4100559012024 Duration=7400
Task=37 Chunk=2 Start=4100559030410 End=4100559043708 Duration=13298
Task=37 Chunk=3 Start=4100560089330 End=4100560146080 Duration=56750
Task=38 Chunk=0 Start=4100559081598 End=4100559081886 Duration=288
Task=38 Chunk=1 Start=4100559081897 End=4100559089272 Duration=7375
Task=38 Chunk=2 Start=4100559132742 End=4100559145703 Duration=12961
Task=38 Chunk=3 Start=4100560146082 End=4100560201186 Duration=55104
Task=39 Chunk=0 Start=4100559141895 End=4100559326820 Duration=184925
Task=39 Chunk=1 Start=4100559326829 End=4100559334042 Duration=7213
Task=39 Chunk=2 Start=4100559334156 End=4100559351796 Duration=17640
Task=39 Chunk=3 Start=4100560201187 End=4100560258302 Duration=57115
Task=40 Chunk=0 Start=4100559326825 End=4100559327476 Duration=651
Task=40 Chunk=1 Start=4100559334043 End=4100559341734 Duration=7691
Task=40 Chunk=2 Start=4100559351797 End=4100559365469 Duration=13672
Task=40 Chunk=3 Start=4100560258304 End=4100560315660 Duration=57356
Task=41 Chunk=0 Start=4100559337091 End=4100559338596 Duration=1505
Task=41 Chunk=1 Start=4100559341736 End=4100559350094 Duration=8358
Task=41 Chunk=2 Start=4100559365470 End=4100559378468 Duration=12998
Task=41 Chunk=3 Start=4100560315661 End=4100560371758 Duration=56097
Task=42 Chunk=0 Start=4100559442030 End=4100559442753 Duration=723
Task=42 Chunk=1 Start=4100559442761 End=4100559449912 Duration=7151
Task=42 Chunk=2 Start=4100559449919 End=4100559467569 Duration=17650
Task=42 Chunk=3 Start=4100560371759 End=4100560428740 Duration=56981
Task=43 Chunk=0 Start=4100559553840 End=4100559554413 Duration=573
Task=43 Chunk=1 Start=4100559554429 End=4100559561678 Duration=7249
Task=43 Chunk=2 Start=4100559561689 End=4100559584232 Duration=22543
Task=43 Chunk=3 Start=4100560428741 End=4100560484615 Duration=55874
Task=44 Chunk=0 Start=4100559666140 End=4100559666724 Duration=584
Task=44 Chunk=1 Start=4100559666731 End=4100559673990 Duration=7259
Task=44 Chunk=2 Start=4100559674003 End=4100559690113 Duration=16110
Task=44 Chunk=3 Start=4100560484616 End=4100560541760 Duration=57144
Task=45 Chunk=0 Start=4100559746838 End=4100559747538 Duration=700
Task=45 Chunk=1 Start=4100559747552 End=4100559754823 Duration=7271
Task=45 Chunk=2 Start=4100559754847 End=4100559771485 Duration=16638
Task=45 Chunk=3 Start=4100560541761 End=4100560596391 Duration=54630
Task=46 Chunk=0 Start=4100559804384 End=4100559804962 Duration=578
Task=46 Chunk=1 Start=4100559804974 End=4100559812307 Duration=7333
Task=46 Chunk=2 Start=4100559812315 End=4100559829578 Duration=17263
Task=46 Chunk=3 Start=4100560596392 End=4100560652456 Duration=56064
Task=47 Chunk=0 Start=4100559862354 End=4100559863075 Duration=721
Task=47 Chunk=1 Start=4100559863083 End=4100559870460 Duration=7377
Task=47 Chunk=2 Start=4100559870482 End=4100559886619 Duration=16137
Task=47 Chunk=3 Start=4100560652457 End=4100560708581 Duration=56124
Task=48 Chunk=0 Start=4100559920621 End=4100559921285 Duration=664
Task=48 Chunk=1 Start=4100559921292 End=4100559928614 Duration=7322
Task=48 Chunk=2 Start=4100559928666 End=4100559944438 Duration=15772
Task=48 Chunk=3 Start=4100560708582 End=4100560763128 Duration=54546
Task=49 Chunk=0 Start=4100559976433 End=4100559976962 Duration=529
Task=49 Chunk=1 Start=4100559976974 End=4100559984251 Duration=7277
Task=49 Chunk=2 Start=4100559984274 End=4100559999578 Duration=15304
Task=49 Chunk=3 Start=4100560763129 End=4100560818937 Duration=55808
Task=50 Chunk=0 Start=4100560033695 End=4100560034333 Duration=638
Task=50 Chunk=1 Start=4100560034345 End=4100560041631 Duration=7286
Task=50 Chunk=2 Start=4100560041641 End=4100560057430 Duration=15789
Task=50 Chunk=3 Start=4100560818939 End=4100560873751 Duration=54812
Task=51 Chunk=0 Start=4100560089344 End=4100560089895 Duration=551
Task=51 Chunk=1 Start=4100560089908 End=4100560097223 Duration=7315
Task=51 Chunk=2 Start=4100560097246 End=4100560113975 Duration=16729
Task=51 Chunk=3 Start=4100560873752 End=4100560929135 Duration=55383
Task=52 Chunk=0 Start=4100560146130 End=4100560146706 Duration=576
Task=52 Chunk=1 Start=4100560146711 End=4100560154118 Duration=7407
Task=52 Chunk=2 Start=4100560154143 End=4100560171551 Duration=17408
Task=52 Chunk=3 Start=4100560929136 End=4100560983857 Duration=54721
Task=53 Chunk=0 Start=4100560201211 End=4100560201833 Duration=622
Task=53 Chunk=1 Start=4100560201849 End=4100560210664 Duration=8815
Task=53 Chunk=2 Start=4100560210709 End=4100560227768 Duration=17059
Task=53 Chunk=3 Start=4100560983858 End=4100561039669 Duration=55811
Task=54 Chunk=0 Start=4100560258328 End=4100560259013 Duration=685
Task=54 Chunk=1 Start=4100560259028 End=4100560266391 Duration=7363
Task=54 Chunk=2 Start=4100560266408 End=4100560283631 Duration=17223
Task=54 Chunk=3 Start=4100561039670 End=4100561095633 Duration=55963
Task=55 Chunk=0 Start=4100560315689 End=4100560316352 Duration=663
Task=55 Chunk=1 Start=4100560316366 End=4100560323725 Duration=7359
Task=55 Chunk=2 Start=4100560323763 End=4100560340798 Duration=17035
Task=55 Chunk=3 Start=4100561095634 End=4100561150970 Duration=55336
Task=56 Chunk=0 Start=4100560371805 End=4100560372403 Duration=598
Task=56 Chunk=1 Start=4100560372419 End=4100560379714 Duration=7295
Task=56 Chunk=2 Start=4100560379739 End=4100560396865 Duration=17126
Task=56 Chunk=3 Start=4100561150974 End=4100561207266 Duration=56292
Task=57 Chunk=0 Start=4100560428777 End=4100560429460 Duration=683
Task=57 Chunk=1 Start=4100560429471 End=4100560436846 Duration=7375
Task=57 Chunk=2 Start=4100560436858 End=4100560454465 Duration=17607
Task=57 Chunk=3 Start=4100561207267 End=4100561262367 Duration=55100
Task=58 Chunk=0 Start=4100560484645 End=4100560485255 Duration=610
Task=58 Chunk=1 Start=4100560485265 End=4100560492595 Duration=7330
Task=58 Chunk=2 Start=4100560492622 End=4100560509862 Duration=17240
Task=58 Chunk=3 Start=4100561262385 End=4100561317885 Duration=55500
Task=59 Chunk=0 Start=4100560541805 End=4100560542498 Duration=693
Task=59 Chunk=1 Start=4100560542513 End=4100560549830 Duration=7317
Task=59 Chunk=2 Start=4100560549880 End=4100560566729 Duration=16849
Task=59 Chunk=3 Start=4100561317885 End=4100561372731 Duration=54846
Task=60 Chunk=0 Start=4100560596419 End=4100560597177 Duration=758
Task=60 Chunk=1 Start=4100560597186 End=4100560605473 Duration=8287
Task=60 Chunk=2 Start=4100560605495 End=4100560621994 Duration=16499
Task=60 Chunk=3 Start=4100561372732 End=4100561429185 Duration=56453
Task=61 Chunk=0 Start=4100560652504 End=4100560653163 Duration=659
Task=61 Chunk=1 Start=4100560653171 End=4100560660668 Duration=7497
Task=61 Chunk=2 Start=4100560662272 End=4100560678534 Duration=16262
Task=61 Chunk=3 Start=4100561429186 End=4100561484853 Duration=55667
Task=62 Chunk=0 Start=4100560708609 End=4100560709311 Duration=702
Task=62 Chunk=1 Start=4100560709324 End=4100560716730 Duration=7406
Task=62 Chunk=2 Start=4100560716778 End=4100560732951 Duration=16173
Task=62 Chunk=3 Start=4100561484854 End=4100561540482 Duration=55628
Task=63 Chunk=0 Start=4100560763154 End=4100560763847 Duration=693
Task=63 Chunk=1 Start=4100560763860 End=4100560771151 Duration=7291
Task=63 Chunk=2 Start=4100560771186 End=4100560788186 Duration=17000
Task=63 Chunk=3 Start=4100561540486 End=4100561596005 Duration=55519
Task=64 Chunk=0 Start=4100560818949 End=4100560819585 Duration=636
Task=64 Chunk=1 Start=4100560819592 End=4100560827051 Duration=7459
Task=64 Chunk=2 Start=4100560827060 End=4100560843399 Duration=16339
Task=64 Chunk=3 Start=4100561596005 End=4100561650687 Duration=54682
Task=65 Chunk=0 Start=4100560873812 End=4100560874389 Duration=577
Task=65 Chunk=1 Start=4100560874397 End=4100560881771 Duration=7374
Task=65 Chunk=2 Start=4100560881804 End=4100560899286 Duration=17482
Task=65 Chunk=3 Start=4100561650688 End=4100561706777 Duration=56089
Task=66 Chunk=0 Start=4100560929164 End=4100560929896 Duration=732
Task=66 Chunk=1 Start=4100560929910 End=4100560937268 Duration=7358
Task=66 Chunk=2 Start=4100560937281 End=4100560961407 Duration=24126
Task=66 Chunk=3 Start=4100561706778 End=4100561761427 Duration=54649
Task=67 Chunk=0 Start=4100560983904 End=4100560984421 Duration=517
Task=67 Chunk=1 Start=4100560984434 End=4100560991806 Duration=7372
Task=67 Chunk=2 Start=4100560991818 End=4100561016139 Duration=24321
Task=67 Chunk=3 Start=4100561761428 End=4100561817232 Duration=55804
Task=68 Chunk=0 Start=4100561039728 End=4100561040535 Duration=807
Task=68 Chunk=1 Start=4100561040541 End=4100561047952 Duration=7411
Task=68 Chunk=2 Start=4100561047994 End=4100561064189 Duration=16195
Task=68 Chunk=3 Start=4100561817232 End=4100561872375 Duration=55143
Task=69 Chunk=0 Start=4100561095651 End=4100561096384 Duration=733
Task=69 Chunk=1 Start=4100561096399 End=4100561103777 Duration=7378
Task=69 Chunk=2 Start=4100561103801 End=4100561120177 Duration=16376
Task=69 Chunk=3 Start=4100561872376 End=4100561927628 Duration=55252
Task=70 Chunk=0 Start=4100561151013 End=4100561152211 Duration=1198
Task=70 Chunk=1 Start=4100561152223 End=4100561159550 Duration=7327
Task=70 Chunk=2 Start=4100561159559 End=4100561175862 Duration=16303
Task=70 Chunk=3 Start=4100561927638 End=4100561983505 Duration=55867
Task=71 Chunk=0 Start=4100561207276 End=4100561207975 Duration=699
Task=71 Chunk=1 Start=4100561207989 End=4100561215360 Duration=7371
Task=71 Chunk=2 Start=4100561215402 End=4100561231965 Duration=16563
Task=71 Chunk=3 Start=4100561983506 End=4100562038527 Duration=55021
Task=72 Chunk=0 Start=4100561262431 End=4100561263016 Duration=585
Task=72 Chunk=1 Start=4100561263037 End=4100561270389 Duration=7352
Task=72 Chunk=2 Start=4100561270437 End=4100561286949 Duration=16512
Task=72 Chunk=3 Start=4100562038530 End=4100562093629 Duration=55099
Task=73 Chunk=0 Start=4100561317910 End=4100561318560 Duration=650
Task=73 Chunk=1 Start=4100561318571 End=4100561326000 Duration=7429
Task=73 Chunk=2 Start=4100561326028 End=4100561342631 Duration=16603
Task=73 Chunk=3 Start=4100562093630 End=4100562148444 Duration=54814
Task=74 Chunk=0 Start=4100561372740 End=4100561373371 Duration=631
Task=74 Chunk=1 Start=4100561373384 End=4100561380791 Duration=7407
Task=74 Chunk=2 Start=4100561380802 End=4100561397544 Duration=16742
Task=74 Chunk=3 Start=4100562148445 End=4100562204410 Duration=55965
Task=75 Chunk=0 Start=4100561429198 End=4100561429828 Duration=630
Task=75 Chunk=1 Start=4100561429839 End=4100561437239 Duration=7400
Task=75 Chunk=2 Start=4100561437292 End=4100561454585 Duration=17293
Task=75 Chunk=3 Start=4100562204411 End=4100562259301 Duration=54890
Task=76 Chunk=0 Start=4100561484883 End=4100561485545 Duration=662
Task=76 Chunk=1 Start=4100561485556 End=4100561494098 Duration=8542
Task=76 Chunk=2 Start=4100561494123 End=4100561511595 Duration=17472
Task=76 Chunk=3 Start=4100562259308 End=4100562315346 Duration=56038
Task=77 Chunk=0 Start=4100561540523 End=4100561541209 Duration=686
Task=77 Chunk=1 Start=4100561541218 End=4100561548555 Duration=7337
Task=77 Chunk=2 Start=4100561548573 End=4100561564761 Duration=16188
Task=77 Chunk=3 Start=4100562315350 End=4100562370742 Duration=55392
Task=78 Chunk=0 Start=4100561596026 End=4100561596796 Duration=770
Task=78 Chunk=1 Start=4100561596804 End=4100561604093 Duration=7289
Task=78 Chunk=2 Start=4100561604130 End=4100561620398 Duration=16268
Task=78 Chunk=3 Start=4100562370743 End=4100562426491 Duration=55748
Task=79 Chunk=0 Start=4100561650736 End=4100561651266 Duration=530
Task=79 Chunk=1 Start=4100561651275 End=4100561658614 Duration=7339
Task=79 Chunk=2 Start=4100561658660 End=4100561676006 Duration=17346
Task=79 Chunk=3 Start=4100562426492 End=4100562481642 Duration=55150
Task=80 Chunk=0 Start=4100561706822 End=4100561707541 Duration=719
Task=80 Chunk=1 Start=4100561707556 End=4100561714983 Duration=7427
Task=80 Chunk=2 Start=4100561715032 End=4100561732527 Duration=17495
Task=80 Chunk=3 Start=4100562481643 End=4100562536458 Duration=54815
Task=81 Chunk=0 Start=4100561761462 End=4100561762097 Duration=635
Task=81 Chunk=1 Start=4100561762111 End=4100561769469 Duration=7358
Task=81 Chunk=2 Start=4100561769515 End=4100561785427 Duration=15912
Task=81 Chunk=3 Start=4100562536466 End=4100562592495 Duration=56029
Task=82 Chunk=0 Start=4100561817274 End=4100561818035 Duration=761
Task=82 Chunk=1 Start=4100561818050 End=4100561825326 Duration=7276
Task=82 Chunk=2 Start=4100561825345 End=4100561842873 Duration=17528
Task=82 Chunk=3 Start=4100562592496 End=4100562647162 Duration=54666
Task=83 Chunk=0 Start=4100561872392 End=4100561873046 Duration=654
Task=83 Chunk=1 Start=4100561873060 End=4100561881480 Duration=8420
Task=83 Chunk=2 Start=4100561881528 End=4100561898688 Duration=17160
Task=83 Chunk=3 Start=4100562647172 End=4100562702807 Duration=55635
Task=84 Chunk=0 Start=4100561927660 End=4100561928285 Duration=625
Task=84 Chunk=1 Start=4100561928298 End=4100561935626 Duration=7328
Task=84 Chunk=2 Start=4100561935671 End=4100561953404 Duration=17733
Task=84 Chunk=3 Start=4100562702807 End=4100562757370 Duration=54563
Task=85 Chunk=0 Start=4100561983543 End=4100561984313 Duration=770
Task=85 Chunk=1 Start=4100561984318 End=4100561991743 Duration=7425
Task=85 Chunk=2 Start=4100561991990 End=4100562009375 Duration=17385
Task=85 Chunk=3 Start=4100562757371 End=4100562813157 Duration=55786
Task=86 Chunk=0 Start=4100562038538 End=4100562039154 Duration=616
Task=86 Chunk=1 Start=4100562039170 End=4100562046479 Duration=7309
Task=86 Chunk=2 Start=4100562046526 End=4100562064088 Duration=17562
Task=86 Chunk=3 Start=4100562813162 End=4100562868238 Duration=55076
Task=87 Chunk=0 Start=4100562093669 End=4100562094303 Duration=634
Task=87 Chunk=1 Start=4100562094310 End=4100562101673 Duration=7363
Task=87 Chunk=2 Start=4100562101692 End=4100562118908 Duration=17216
Task=87 Chunk=3 Start=4100562868239 End=4100562922124 Duration=53885
Task=88 Chunk=0 Start=4100562148454 End=4100562149181 Duration=727
Task=88 Chunk=1 Start=4100562149193 End=4100562156630 Duration=7437
Task=88 Chunk=2 Start=4100562156647 End=4100562173949 Duration=17302
Task=88 Chunk=3 Start=4100562922125 End=4100562976634 Duration=54509
Task=89 Chunk=0 Start=4100562204417 End=4100562205117 Duration=700
Task=89 Chunk=1 Start=4100562205132 End=4100562212461 Duration=7329
Task=89 Chunk=2 Start=4100562212490 End=4100562230080 Duration=17590
Task=89 Chunk=3 Start=4100562976644 End=4100563030723 Duration=54079
Task=90 Chunk=0 Start=4100562259347 End=4100562260055 Duration=708
Task=90 Chunk=1 Start=4100562260068 End=4100562267452 Duration=7384
Task=90 Chunk=2 Start=4100562267465 End=4100562284784 Duration=17319
Task=90 Chunk=3 Start=4100563030724 End=4100563085496 Duration=54772
Task=91 Chunk=0 Start=4100562315375 End=4100562316151 Duration=776
Task=91 Chunk=1 Start=4100562316162 End=4100562323595 Duration=7433
Task=91 Chunk=2 Start=4100562323640 End=4100562340919 Duration=17279
Task=91 Chunk=3 Start=4100563085497 End=4100563139694 Duration=54197
Task=92 Chunk=0 Start=4100562370771 End=4100562372625 Duration=1854
Task=92 Chunk=1 Start=4100562372639 End=4100562380036 Duration=7397
Task=92 Chunk=2 Start=4100562380081 End=4100562397525 Duration=17444
Task=92 Chunk=3 Start=4100563139694 End=4100563194481 Duration=54787
Task=93 Chunk=0 Start=4100562426506 End=4100562427155 Duration=649
Task=93 Chunk=1 Start=4100562427171 End=4100562434443 Duration=7272
Task=93 Chunk=2 Start=4100562434451 End=4100562451754 Duration=17303
Task=93 Chunk=3 Start=4100563194487 End=4100563248720 Duration=54233
Task=94 Chunk=0 Start=4100562481678 End=4100562482438 Duration=760
Task=94 Chunk=1 Start=4100562482447 End=4100562489837 Duration=7390
Task=94 Chunk=2 Start=4100562489882 End=4100562507347 Duration=17465
Task=94 Chunk=3 Start=4100563248721 End=4100563303420 Duration=54699
Task=95 Chunk=0 Start=4100562536490 End=4100562537169 Duration=679
Task=95 Chunk=1 Start=4100562537180 End=4100562544543 Duration=7363
Task=95 Chunk=2 Start=4100562544583 End=4100562562493 Duration=17910
Task=95 Chunk=3 Start=4100563303429 End=4100563358291 Duration=54862
Task=96 Chunk=0 Start=4100562592536 End=4100562593257 Duration=721
Task=96 Chunk=1 Start=4100562593271 End=4100562600550 Duration=7279
Task=96 Chunk=2 Start=4100562600564 End=4100562618074 Duration=17510
Task=96 Chunk=3 Start=4100563358292 End=4100563412877 Duration=54585
Task=97 Chunk=0 Start=4100562647218 End=4100562647891 Duration=673
Task=97 Chunk=1 Start=4100562647906 End=4100562655316 Duration=7410
Task=97 Chunk=2 Start=4100562655357 End=4100562672605 Duration=17248
Task=97 Chunk=3 Start=4100563412878 End=4100563467715 Duration=54837
Task=98 Chunk=0 Start=4100562702829 End=4100562703538 Duration=709
Task=98 Chunk=1 Start=4100562703551 End=4100562710895 Duration=7344
Task=98 Chunk=2 Start=4100562710939 End=4100562728119 Duration=17180
Task=98 Chunk=3 Start=4100563467720 End=4100563521783 Duration=54063
Task=99 Chunk=0 Start=4100562757413 End=4100562757968 Duration=555
Task=99 Chunk=1 Start=4100562757981 End=4100562766308 Duration=8327
Task=99 Chunk=2 Start=4100562766355 End=4100562783224 Duration=16869
Task=99 Chunk=3 Start=4100563521784 End=4100563576733 Duration=54949
### Python End ###

--------------------------------
[2025-06-26 18:34:59.862] [info] Available Vulkan Layers:
[2025-06-26 18:34:59.862] [warning] Validation layer requested but not available, continuing without it...
[2025-06-26 18:34:59.864] [info] Using integrated GPU: Mali-G710
[2025-06-26 18:34:59.869] [info] VulkanDispatcher instance created.
[2025-06-26 18:35:00.004] [info] Total memory used: 40550404 bytes (38.67188 MB)
[2025-06-26 18:35:00.009] [info] Total memory used: 40550404 bytes (38.67188 MB)
[2025-06-26 18:35:00.061] [info] Total memory used: 40550404 bytes (38.67188 MB)
[2025-06-26 18:35:00.066] [info] Total memory used: 40550404 bytes (38.67188 MB)
[2025-06-26 18:35:00.071] [info] Total memory used: 40550404 bytes (38.67188 MB)
[2025-06-26 18:35:00.133] [info] Total memory used: 40550404 bytes (38.67188 MB)
[2025-06-26 18:35:00.138] [info] Total memory used: 40550404 bytes (38.67188 MB)
[2025-06-26 18:35:00.143] [info] Total memory used: 40550404 bytes (38.67188 MB)
[2025-06-26 18:35:00.148] [info] Total memory used: 40550404 bytes (38.67188 MB)
[2025-06-26 18:35:00.153] [info] Total memory used: 40550404 bytes (38.67188 MB)
[2025-06-26 18:35:00.236] [info] Total memory used: 40550404 bytes (38.67188 MB)
[2025-06-26 18:35:00.241] [info] Total memory used: 40550404 bytes (38.67188 MB)
[2025-06-26 18:35:00.246] [info] Total memory used: 40550404 bytes (38.67188 MB)
[2025-06-26 18:35:00.251] [info] Total memory used: 40550404 bytes (38.67188 MB)
[2025-06-26 18:35:00.256] [info] Total memory used: 40550404 bytes (38.67188 MB)
[2025-06-26 18:35:00.260] [info] Total memory used: 40550404 bytes (38.67188 MB)
### Python Begin ###
Schedule_UID=SCH-L1B2G2M2-G085-af20
Frequency=24576000 Hz
Task=0 Chunk=0 Start=4100574020200 End=4100574024346 Duration=4146
Task=0 Chunk=1 Start=4100574024369 End=4100574048521 Duration=24152
Task=0 Chunk=2 Start=4100574099192 End=4100574244519 Duration=145327
Task=0 Chunk=3 Start=4100574244770 End=4100574342218 Duration=97448
Task=1 Chunk=0 Start=4100574024359 End=4100574025711 Duration=1352
Task=1 Chunk=1 Start=4100574048523 End=4100574058105 Duration=9582
Task=1 Chunk=2 Start=4100574244547 End=4100574260682 Duration=16135
Task=1 Chunk=3 Start=4100574342225 End=4100574419166 Duration=76941
Task=2 Chunk=0 Start=4100574025716 End=4100574026361 Duration=645
Task=2 Chunk=1 Start=4100574058106 End=4100574066205 Duration=8099
Task=2 Chunk=2 Start=4100574260688 End=4100574274345 Duration=13657
Task=2 Chunk=3 Start=4100574419175 End=4100574971540 Duration=552365
Task=3 Chunk=0 Start=4100574026363 End=4100574026953 Duration=590
Task=3 Chunk=1 Start=4100574066206 End=4100574075833 Duration=9627
Task=3 Chunk=2 Start=4100574274347 End=4100574287371 Duration=13024
Task=3 Chunk=3 Start=4100574971543 End=4100575027681 Duration=56138
Task=4 Chunk=0 Start=4100574026955 End=4100574027545 Duration=590
Task=4 Chunk=1 Start=4100574075834 End=4100574084080 Duration=8246
Task=4 Chunk=2 Start=4100574287372 End=4100574300285 Duration=12913
Task=4 Chunk=3 Start=4100575027682 End=4100575159383 Duration=131701
Task=5 Chunk=0 Start=4100574027547 End=4100574028115 Duration=568
Task=5 Chunk=1 Start=4100574084081 End=4100574092200 Duration=8119
Task=5 Chunk=2 Start=4100574300286 End=4100574312984 Duration=12698
Task=5 Chunk=3 Start=4100575159394 End=4100575265813 Duration=106419
Task=6 Chunk=0 Start=4100574028118 End=4100574028686 Duration=568
Task=6 Chunk=1 Start=4100574092201 End=4100574100267 Duration=8066
Task=6 Chunk=2 Start=4100574312985 End=4100574325407 Duration=12422
Task=6 Chunk=3 Start=4100575265814 End=4100575370915 Duration=105101
Task=7 Chunk=0 Start=4100574028688 End=4100574029244 Duration=556
Task=7 Chunk=1 Start=4100574100268 End=4100574108429 Duration=8161
Task=7 Chunk=2 Start=4100574325408 End=4100574338304 Duration=12896
Task=7 Chunk=3 Start=4100575370918 End=4100575476376 Duration=105458
Task=8 Chunk=0 Start=4100574029247 End=4100574029808 Duration=561
Task=8 Chunk=1 Start=4100574108430 End=4100574116528 Duration=8098
Task=8 Chunk=2 Start=4100574338305 End=4100574351902 Duration=13597
Task=8 Chunk=3 Start=4100575476376 End=4100575581942 Duration=105566
Task=9 Chunk=0 Start=4100574029811 End=4100574030368 Duration=557
Task=9 Chunk=1 Start=4100574116529 End=4100574124634 Duration=8105
Task=9 Chunk=2 Start=4100574351902 End=4100574365592 Duration=13690
Task=9 Chunk=3 Start=4100575581943 End=4100575687635 Duration=105692
Task=10 Chunk=0 Start=4100574030370 End=4100574030925 Duration=555
Task=10 Chunk=1 Start=4100574124635 End=4100574132709 Duration=8074
Task=10 Chunk=2 Start=4100574365594 End=4100574378302 Duration=12708
Task=10 Chunk=3 Start=4100575687635 End=4100575792911 Duration=105276
Task=11 Chunk=0 Start=4100574030927 End=4100574031488 Duration=561
Task=11 Chunk=1 Start=4100574132710 End=4100574140777 Duration=8067
Task=11 Chunk=2 Start=4100574378303 End=4100574390973 Duration=12670
Task=11 Chunk=3 Start=4100575792912 End=4100575897880 Duration=104968
Task=12 Chunk=0 Start=4100574031489 End=4100574032043 Duration=554
Task=12 Chunk=1 Start=4100574140778 End=4100574148958 Duration=8180
Task=12 Chunk=2 Start=4100574390975 End=4100574403334 Duration=12359
Task=12 Chunk=3 Start=4100575897881 End=4100576002659 Duration=104778
Task=13 Chunk=0 Start=4100574032045 End=4100574032597 Duration=552
Task=13 Chunk=1 Start=4100574148959 End=4100574157025 Duration=8066
Task=13 Chunk=2 Start=4100574403336 End=4100574415557 Duration=12221
Task=13 Chunk=3 Start=4100576002660 End=4100576108117 Duration=105457
Task=14 Chunk=0 Start=4100574032599 End=4100574033153 Duration=554
Task=14 Chunk=1 Start=4100574157026 End=4100574165113 Duration=8087
Task=14 Chunk=2 Start=4100574415558 End=4100574428848 Duration=13290
Task=14 Chunk=3 Start=4100576108118 End=4100576214002 Duration=105884
Task=15 Chunk=0 Start=4100574342230 End=4100574342917 Duration=687
Task=15 Chunk=1 Start=4100574342928 End=4100574352052 Duration=9124
Task=15 Chunk=2 Start=4100574428849 End=4100574441314 Duration=12465
Task=15 Chunk=3 Start=4100576214002 End=4100576287628 Duration=73626
Task=16 Chunk=0 Start=4100574419216 End=4100574419566 Duration=350
Task=16 Chunk=1 Start=4100574419579 End=4100574428684 Duration=9105
Task=16 Chunk=2 Start=4100574441315 End=4100574453872 Duration=12557
Task=16 Chunk=3 Start=4100576287629 End=4100576344860 Duration=57231
Task=17 Chunk=0 Start=4100574971583 End=4100574972251 Duration=668
Task=17 Chunk=1 Start=4100574972257 End=4100574980371 Duration=8114
Task=17 Chunk=2 Start=4100575023769 End=4100575039039 Duration=15270
Task=17 Chunk=3 Start=4100576344865 End=4100576473469 Duration=128604
Task=18 Chunk=0 Start=4100575027719 End=4100575028149 Duration=430
Task=18 Chunk=1 Start=4100575028158 End=4100575037218 Duration=9060
Task=18 Chunk=2 Start=4100575039044 End=4100575054832 Duration=15788
Task=18 Chunk=3 Start=4100576473469 End=4100576529929 Duration=56460
Task=19 Chunk=0 Start=4100575159423 End=4100575160116 Duration=693
Task=19 Chunk=1 Start=4100575160121 End=4100575168187 Duration=8066
Task=19 Chunk=2 Start=4100575168202 End=4100575182374 Duration=14172
Task=19 Chunk=3 Start=4100576529932 End=4100576664983 Duration=135051
Task=20 Chunk=0 Start=4100575265844 End=4100575266520 Duration=676
Task=20 Chunk=1 Start=4100575266534 End=4100575274622 Duration=8088
Task=20 Chunk=2 Start=4100575274635 End=4100575287869 Duration=13234
Task=20 Chunk=3 Start=4100576665001 End=4100576771246 Duration=106245
Task=21 Chunk=0 Start=4100575370964 End=4100575371326 Duration=362
Task=21 Chunk=1 Start=4100575371343 End=4100575379436 Duration=8093
Task=21 Chunk=2 Start=4100575379446 End=4100575392224 Duration=12778
Task=21 Chunk=3 Start=4100576771247 End=4100576876292 Duration=105045
Task=22 Chunk=0 Start=4100575476434 End=4100575476743 Duration=309
Task=22 Chunk=1 Start=4100575476749 End=4100575484806 Duration=8057
Task=22 Chunk=2 Start=4100575484819 End=4100575497236 Duration=12417
Task=22 Chunk=3 Start=4100576876293 End=4100576981056 Duration=104763
Task=23 Chunk=0 Start=4100575581972 End=4100575582264 Duration=292
Task=23 Chunk=1 Start=4100575582278 End=4100575590342 Duration=8064
Task=23 Chunk=2 Start=4100575590355 End=4100575602583 Duration=12228
Task=23 Chunk=3 Start=4100576981057 End=4100577086067 Duration=105010
Task=24 Chunk=0 Start=4100575687679 End=4100575687962 Duration=283
Task=24 Chunk=1 Start=4100575687972 End=4100575696091 Duration=8119
Task=24 Chunk=2 Start=4100575696101 End=4100575708660 Duration=12559
Task=24 Chunk=3 Start=4100577086068 End=4100577191342 Duration=105274
Task=25 Chunk=0 Start=4100575792940 End=4100575793298 Duration=358
Task=25 Chunk=1 Start=4100575793309 End=4100575801378 Duration=8069
Task=25 Chunk=2 Start=4100575801382 End=4100575813378 Duration=11996
Task=25 Chunk=3 Start=4100577191343 End=4100577296932 Duration=105589
Task=26 Chunk=0 Start=4100575897935 End=4100575898216 Duration=281
Task=26 Chunk=1 Start=4100575898232 End=4100575906346 Duration=8114
Task=26 Chunk=2 Start=4100575906354 End=4100575918451 Duration=12097
Task=26 Chunk=3 Start=4100577296932 End=4100577366118 Duration=69186
Task=27 Chunk=0 Start=4100576002713 End=4100576003003 Duration=290
Task=27 Chunk=1 Start=4100576003022 End=4100576011078 Duration=8056
Task=27 Chunk=2 Start=4100576011091 End=4100576023169 Duration=12078
Task=27 Chunk=3 Start=4100577366123 End=4100577552723 Duration=186600
Task=28 Chunk=0 Start=4100576108166 End=4100576108456 Duration=290
Task=28 Chunk=1 Start=4100576108472 End=4100576116599 Duration=8127
Task=28 Chunk=2 Start=4100576116614 End=4100576128727 Duration=12113
Task=28 Chunk=3 Start=4100577552726 End=4100577609782 Duration=57056
Task=29 Chunk=0 Start=4100576214018 End=4100576214311 Duration=293
Task=29 Chunk=1 Start=4100576214325 End=4100576222405 Duration=8080
Task=29 Chunk=2 Start=4100576222410 End=4100576234983 Duration=12573
Task=29 Chunk=3 Start=4100577609784 End=4100577663451 Duration=53667
Task=30 Chunk=0 Start=4100576287645 End=4100576287994 Duration=349
Task=30 Chunk=1 Start=4100576288001 End=4100576296102 Duration=8101
Task=30 Chunk=2 Start=4100576341558 End=4100576357118 Duration=15560
Task=30 Chunk=3 Start=4100577663452 End=4100577815440 Duration=151988
Task=31 Chunk=0 Start=4100576344873 End=4100576346041 Duration=1168
Task=31 Chunk=1 Start=4100576346050 End=4100576354859 Duration=8809
Task=31 Chunk=2 Start=4100576357125 End=4100576371441 Duration=14316
Task=31 Chunk=3 Start=4100577815444 End=4100577920430 Duration=104986
Task=32 Chunk=0 Start=4100576473516 End=4100576473912 Duration=396
Task=32 Chunk=1 Start=4100576473922 End=4100576482049 Duration=8127
Task=32 Chunk=2 Start=4100576525954 End=4100576542246 Duration=16292
Task=32 Chunk=3 Start=4100577920441 End=4100578023931 Duration=103490
Task=33 Chunk=0 Start=4100576529979 End=4100576530825 Duration=846
Task=33 Chunk=1 Start=4100576530841 End=4100576539833 Duration=8992
Task=33 Chunk=2 Start=4100576542248 End=4100576555111 Duration=12863
Task=33 Chunk=3 Start=4100578023932 End=4100578128153 Duration=104221
Task=34 Chunk=0 Start=4100576665012 End=4100576665439 Duration=427
Task=34 Chunk=1 Start=4100576665444 End=4100576673577 Duration=8133
Task=34 Chunk=2 Start=4100576673590 End=4100576686964 Duration=13374
Task=34 Chunk=3 Start=4100578128154 End=4100578232489 Duration=104335
Task=35 Chunk=0 Start=4100576771284 End=4100576771614 Duration=330
Task=35 Chunk=1 Start=4100576771626 End=4100576779696 Duration=8070
Task=35 Chunk=2 Start=4100576779703 End=4100576793173 Duration=13470
Task=35 Chunk=3 Start=4100578232491 End=4100578337668 Duration=105177
Task=36 Chunk=0 Start=4100576876318 End=4100576876673 Duration=355
Task=36 Chunk=1 Start=4100576876679 End=4100576884759 Duration=8080
Task=36 Chunk=2 Start=4100576884764 End=4100576898146 Duration=13382
Task=36 Chunk=3 Start=4100578337670 End=4100578443449 Duration=105779
Task=37 Chunk=0 Start=4100576981096 End=4100576981384 Duration=288
Task=37 Chunk=1 Start=4100576981391 End=4100576989455 Duration=8064
Task=37 Chunk=2 Start=4100576989466 End=4100577002506 Duration=13040
Task=37 Chunk=3 Start=4100578443452 End=4100578548319 Duration=104867
Task=38 Chunk=0 Start=4100577086118 End=4100577086408 Duration=290
Task=38 Chunk=1 Start=4100577086417 End=4100577094493 Duration=8076
Task=38 Chunk=2 Start=4100577094502 End=4100577107575 Duration=13073
Task=38 Chunk=3 Start=4100578548320 End=4100578654361 Duration=106041
Task=39 Chunk=0 Start=4100577191390 End=4100577191690 Duration=300
Task=39 Chunk=1 Start=4100577191703 End=4100577199773 Duration=8070
Task=39 Chunk=2 Start=4100577199780 End=4100577213071 Duration=13291
Task=39 Chunk=3 Start=4100578654363 End=4100578759610 Duration=105247
Task=40 Chunk=0 Start=4100577296965 End=4100577297313 Duration=348
Task=40 Chunk=1 Start=4100577297336 End=4100577305424 Duration=8088
Task=40 Chunk=2 Start=4100577305429 End=4100577319996 Duration=14567
Task=40 Chunk=3 Start=4100578759612 End=4100578864820 Duration=105208
Task=41 Chunk=0 Start=4100577366142 End=4100577366472 Duration=330
Task=41 Chunk=1 Start=4100577366484 End=4100577374565 Duration=8081
Task=41 Chunk=2 Start=4100577413014 End=4100577510887 Duration=97873
Task=41 Chunk=3 Start=4100578864822 End=4100578969231 Duration=104409
Task=42 Chunk=0 Start=4100577552743 End=4100577553320 Duration=577
Task=42 Chunk=1 Start=4100577553404 End=4100577561695 Duration=8291
Task=42 Chunk=2 Start=4100577561753 End=4100577574356 Duration=12603
Task=42 Chunk=3 Start=4100578969235 End=4100579038201 Duration=68966
Task=43 Chunk=0 Start=4100577609802 End=4100577610168 Duration=366
Task=43 Chunk=1 Start=4100577610188 End=4100577618302 Duration=8114
Task=43 Chunk=2 Start=4100577661090 End=4100577674763 Duration=13673
Task=43 Chunk=3 Start=4100579038207 End=4100579093751 Duration=55544
Task=44 Chunk=0 Start=4100577663479 End=4100577663768 Duration=289
Task=44 Chunk=1 Start=4100577663777 End=4100577672896 Duration=9119
Task=44 Chunk=2 Start=4100577674764 End=4100577688742 Duration=13978
Task=44 Chunk=3 Start=4100579093753 End=4100579148384 Duration=54631
Task=45 Chunk=0 Start=4100577815481 End=4100577815896 Duration=415
Task=45 Chunk=1 Start=4100577815902 End=4100577823990 Duration=8088
Task=45 Chunk=2 Start=4100577823997 End=4100577836658 Duration=12661
Task=45 Chunk=3 Start=4100579148392 End=4100579207099 Duration=58707
Task=46 Chunk=0 Start=4100577920445 End=4100577920791 Duration=346
Task=46 Chunk=1 Start=4100577920806 End=4100577928877 Duration=8071
Task=46 Chunk=2 Start=4100577928889 End=4100577941180 Duration=12291
Task=46 Chunk=3 Start=4100579207100 End=4100579262465 Duration=55365
Task=47 Chunk=0 Start=4100578023956 End=4100578024303 Duration=347
Task=47 Chunk=1 Start=4100578024308 End=4100578032425 Duration=8117
Task=47 Chunk=2 Start=4100578032437 End=4100578044954 Duration=12517
Task=47 Chunk=3 Start=4100579262468 End=4100579391787 Duration=129319
Task=48 Chunk=0 Start=4100578128203 End=4100578128483 Duration=280
Task=48 Chunk=1 Start=4100578128501 End=4100578136608 Duration=8107
Task=48 Chunk=2 Start=4100578136618 End=4100578148776 Duration=12158
Task=48 Chunk=3 Start=4100579391789 End=4100579464109 Duration=72320
Task=49 Chunk=0 Start=4100578232547 End=4100578232894 Duration=347
Task=49 Chunk=1 Start=4100578232904 End=4100578240998 Duration=8094
Task=49 Chunk=2 Start=4100578241008 End=4100578253471 Duration=12463
Task=49 Chunk=3 Start=4100579464110 End=4100579529556 Duration=65446
Task=50 Chunk=0 Start=4100578337709 End=4100578338001 Duration=292
Task=50 Chunk=1 Start=4100578338013 End=4100578346109 Duration=8096
Task=50 Chunk=2 Start=4100578346120 End=4100578358364 Duration=12244
Task=50 Chunk=3 Start=4100579529562 End=4100579584588 Duration=55026
Task=51 Chunk=0 Start=4100578443471 End=4100578443766 Duration=295
Task=51 Chunk=1 Start=4100578443780 End=4100578451859 Duration=8079
Task=51 Chunk=2 Start=4100578451867 End=4100578463934 Duration=12067
Task=51 Chunk=3 Start=4100579584589 End=4100579657577 Duration=72988
Task=52 Chunk=0 Start=4100578548337 End=4100578548625 Duration=288
Task=52 Chunk=1 Start=4100578548635 End=4100578556730 Duration=8095
Task=52 Chunk=2 Start=4100578556744 End=4100578568824 Duration=12080
Task=52 Chunk=3 Start=4100579657578 End=4100579721684 Duration=64106
Task=53 Chunk=0 Start=4100578654407 End=4100578654689 Duration=282
Task=53 Chunk=1 Start=4100578654695 End=4100578662743 Duration=8048
Task=53 Chunk=2 Start=4100578662757 End=4100578674763 Duration=12006
Task=53 Chunk=3 Start=4100579721700 End=4100579775446 Duration=53746
Task=54 Chunk=0 Start=4100578759625 End=4100578759969 Duration=344
Task=54 Chunk=1 Start=4100578759980 End=4100578768046 Duration=8066
Task=54 Chunk=2 Start=4100578768052 End=4100578780466 Duration=12414
Task=54 Chunk=3 Start=4100579775454 End=4100579831628 Duration=56174
Task=55 Chunk=0 Start=4100578864855 End=4100578865144 Duration=289
Task=55 Chunk=1 Start=4100578865163 End=4100578873237 Duration=8074
Task=55 Chunk=2 Start=4100578873252 End=4100578885163 Duration=11911
Task=55 Chunk=3 Start=4100579831629 End=4100579886238 Duration=54609
Task=56 Chunk=0 Start=4100578969269 End=4100578969603 Duration=334
Task=56 Chunk=1 Start=4100578969616 End=4100578977667 Duration=8051
Task=56 Chunk=2 Start=4100578977673 End=4100579023496 Duration=45823
Task=56 Chunk=3 Start=4100579886239 End=4100579938416 Duration=52177
Task=57 Chunk=0 Start=4100579038214 End=4100579038623 Duration=409
Task=57 Chunk=1 Start=4100579038635 End=4100579046725 Duration=8090
Task=57 Chunk=2 Start=4100579083742 End=4100579097620 Duration=13878
Task=57 Chunk=3 Start=4100579938417 End=4100580026958 Duration=88541
Task=58 Chunk=0 Start=4100579093790 End=4100579094152 Duration=362
Task=58 Chunk=1 Start=4100579094169 End=4100579102410 Duration=8241
Task=58 Chunk=2 Start=4100579182458 End=4100579195686 Duration=13228
Task=58 Chunk=3 Start=4100580026959 End=4100580082220 Duration=55261
Task=59 Chunk=0 Start=4100579148415 End=4100579148765 Duration=350
Task=59 Chunk=1 Start=4100579148773 End=4100579156843 Duration=8070
Task=59 Chunk=2 Start=4100579195688 End=4100579208927 Duration=13239
Task=59 Chunk=3 Start=4100580082221 End=4100580159925 Duration=77704
Task=60 Chunk=0 Start=4100579207115 End=4100579209376 Duration=2261
Task=60 Chunk=1 Start=4100579209384 End=4100579217517 Duration=8133
Task=60 Chunk=2 Start=4100579260867 End=4100579274434 Duration=13567
Task=60 Chunk=3 Start=4100580159926 End=4100580215310 Duration=55384
Task=61 Chunk=0 Start=4100579262505 End=4100579263707 Duration=1202
Task=61 Chunk=1 Start=4100579263719 End=4100579272713 Duration=8994
Task=61 Chunk=2 Start=4100579274436 End=4100579287700 Duration=13264
Task=61 Chunk=3 Start=4100580215311 End=4100580271030 Duration=55719
Task=62 Chunk=0 Start=4100579391835 End=4100579392167 Duration=332
Task=62 Chunk=1 Start=4100579392188 End=4100579400501 Duration=8313
Task=62 Chunk=2 Start=4100579400583 End=4100579413464 Duration=12881
Task=62 Chunk=3 Start=4100580271031 End=4100580322900 Duration=51869
Task=63 Chunk=0 Start=4100579464162 End=4100579464465 Duration=303
Task=63 Chunk=1 Start=4100579464472 End=4100579472621 Duration=8149
Task=63 Chunk=2 Start=4100579477023 End=4100579489635 Duration=12612
Task=63 Chunk=3 Start=4100580322906 End=4100580382648 Duration=59742
Task=64 Chunk=0 Start=4100579529577 End=4100579529972 Duration=395
Task=64 Chunk=1 Start=4100579529978 End=4100579538096 Duration=8118
Task=64 Chunk=2 Start=4100579575336 End=4100579588233 Duration=12897
Task=64 Chunk=3 Start=4100580382648 End=4100580437185 Duration=54537
Task=65 Chunk=0 Start=4100579584641 End=4100579584982 Duration=341
Task=65 Chunk=1 Start=4100579584997 End=4100579593209 Duration=8212
Task=65 Chunk=2 Start=4100579593220 End=4100579606556 Duration=13336
Task=65 Chunk=3 Start=4100580437189 End=4100580491908 Duration=54719
Task=66 Chunk=0 Start=4100579657622 End=4100579657960 Duration=338
Task=66 Chunk=1 Start=4100579657967 End=4100579666104 Duration=8137
Task=66 Chunk=2 Start=4100579673631 End=4100579686469 Duration=12838
Task=66 Chunk=3 Start=4100580491908 End=4100580543346 Duration=51438
Task=67 Chunk=0 Start=4100579721724 End=4100579722018 Duration=294
Task=67 Chunk=1 Start=4100579722033 End=4100579730184 Duration=8151
Task=67 Chunk=2 Start=4100579772082 End=4100579785492 Duration=13410
Task=67 Chunk=3 Start=4100580543346 End=4100580632511 Duration=89165
Task=68 Chunk=0 Start=4100579775473 End=4100579775762 Duration=289
Task=68 Chunk=1 Start=4100579775769 End=4100579784656 Duration=8887
Task=68 Chunk=2 Start=4100579785507 End=4100579799007 Duration=13500
Task=68 Chunk=3 Start=4100580632512 End=4100580687755 Duration=55243
Task=69 Chunk=0 Start=4100579831682 End=4100579832265 Duration=583
Task=69 Chunk=1 Start=4100579832272 End=4100579840397 Duration=8125
Task=69 Chunk=2 Start=4100579840488 End=4100579855914 Duration=15426
Task=69 Chunk=3 Start=4100580687756 End=4100580826618 Duration=138862
Task=70 Chunk=0 Start=4100579886277 End=4100579886663 Duration=386
Task=70 Chunk=1 Start=4100579886669 End=4100579894807 Duration=8138
Task=70 Chunk=2 Start=4100579894924 End=4100579908608 Duration=13684
Task=70 Chunk=3 Start=4100580826619 End=4100580879876 Duration=53257
Task=71 Chunk=0 Start=4100579938447 End=4100579938882 Duration=435
Task=71 Chunk=1 Start=4100579938891 End=4100579946992 Duration=8101
Task=71 Chunk=2 Start=4100579947094 End=4100579961922 Duration=14828
Task=71 Chunk=3 Start=4100580879877 End=4100580935497 Duration=55620
Task=72 Chunk=0 Start=4100580026987 End=4100580027413 Duration=426
Task=72 Chunk=1 Start=4100580027430 End=4100580035503 Duration=8073
Task=72 Chunk=2 Start=4100580066922 End=4100580080408 Duration=13486
Task=72 Chunk=3 Start=4100580935507 End=4100580991140 Duration=55633
Task=73 Chunk=0 Start=4100580082248 End=4100580082800 Duration=552
Task=73 Chunk=1 Start=4100580082809 End=4100580090895 Duration=8086
Task=73 Chunk=2 Start=4100580091236 End=4100580104508 Duration=13272
Task=73 Chunk=3 Start=4100580991141 End=4100581042409 Duration=51268
Task=74 Chunk=0 Start=4100580159952 End=4100580160257 Duration=305
Task=74 Chunk=1 Start=4100580160262 End=4100580169370 Duration=9108
Task=74 Chunk=2 Start=4100580213348 End=4100580228495 Duration=15147
Task=74 Chunk=3 Start=4100581042410 End=4100581113360 Duration=70950
Task=75 Chunk=0 Start=4100580215357 End=4100580216110 Duration=753
Task=75 Chunk=1 Start=4100580216129 End=4100580225147 Duration=9018
Task=75 Chunk=2 Start=4100580228508 End=4100580242313 Duration=13805
Task=75 Chunk=3 Start=4100581113361 End=4100581166861 Duration=53500
Task=76 Chunk=0 Start=4100580300932 End=4100580301998 Duration=1066
Task=76 Chunk=1 Start=4100580302012 End=4100580310295 Duration=8283
Task=76 Chunk=2 Start=4100580310442 End=4100580325959 Duration=15517
Task=76 Chunk=3 Start=4100581166862 End=4100581227135 Duration=60273
Task=77 Chunk=0 Start=4100580322956 End=4100580332918 Duration=9962
Task=77 Chunk=1 Start=4100580332924 End=4100580341055 Duration=8131
Task=77 Chunk=2 Start=4100580341130 End=4100580354917 Duration=13787
Task=77 Chunk=3 Start=4100581227136 End=4100581280555 Duration=53419
Task=78 Chunk=0 Start=4100580382691 End=4100580383090 Duration=399
Task=78 Chunk=1 Start=4100580383105 End=4100580391306 Duration=8201
Task=78 Chunk=2 Start=4100580434923 End=4100580449537 Duration=14614
Task=78 Chunk=3 Start=4100581280556 End=4100581414918 Duration=134362
Task=79 Chunk=0 Start=4100580437224 End=4100580437889 Duration=665
Task=79 Chunk=1 Start=4100580437894 End=4100580446886 Duration=8992
Task=79 Chunk=2 Start=4100580449543 End=4100580464083 Duration=14540
Task=79 Chunk=3 Start=4100581414919 End=4100581469106 Duration=54187
Task=80 Chunk=0 Start=4100580491972 End=4100580537517 Duration=45545
Task=80 Chunk=1 Start=4100580537530 End=4100580545625 Duration=8095
Task=80 Chunk=2 Start=4100580545956 End=4100580561367 Duration=15411
Task=80 Chunk=3 Start=4100581469107 End=4100581529084 Duration=59977
Task=81 Chunk=0 Start=4100580543391 End=4100580545158 Duration=1767
Task=81 Chunk=1 Start=4100580545626 End=4100580553829 Duration=8203
Task=81 Chunk=2 Start=4100580561373 End=4100580574769 Duration=13396
Task=81 Chunk=3 Start=4100581529090 End=4100581583334 Duration=54244
Task=82 Chunk=0 Start=4100580632553 End=4100580632994 Duration=441
Task=82 Chunk=1 Start=4100580633000 End=4100580641097 Duration=8097
Task=82 Chunk=2 Start=4100580685186 End=4100580700591 Duration=15405
Task=82 Chunk=3 Start=4100581583335 End=4100581640072 Duration=56737
Task=83 Chunk=0 Start=4100580687786 End=4100580688463 Duration=677
Task=83 Chunk=1 Start=4100580688476 End=4100580697584 Duration=9108
Task=83 Chunk=2 Start=4100580700598 End=4100580714293 Duration=13695
Task=83 Chunk=3 Start=4100581640073 End=4100581691513 Duration=51440
Task=84 Chunk=0 Start=4100580826638 End=4100580827065 Duration=427
Task=84 Chunk=1 Start=4100580827074 End=4100580835273 Duration=8199
Task=84 Chunk=2 Start=4100580925004 End=4100580939525 Duration=14521
Task=84 Chunk=3 Start=4100581691514 End=4100581745928 Duration=54414
Task=85 Chunk=0 Start=4100580879906 End=4100580880214 Duration=308
Task=85 Chunk=1 Start=4100580880228 End=4100580888325 Duration=8097
Task=85 Chunk=2 Start=4100580939536 End=4100580956480 Duration=16944
Task=85 Chunk=3 Start=4100581745929 End=4100581798612 Duration=52683
Task=86 Chunk=0 Start=4100580935515 End=4100580935840 Duration=325
Task=86 Chunk=1 Start=4100580935851 End=4100580944465 Duration=8614
Task=86 Chunk=2 Start=4100580956486 End=4100580970579 Duration=14093
Task=86 Chunk=3 Start=4100581798613 End=4100581851303 Duration=52690
Task=87 Chunk=0 Start=4100580991175 End=4100581044522 Duration=53347
Task=87 Chunk=1 Start=4100581044533 End=4100581053448 Duration=8915
Task=87 Chunk=2 Start=4100581053560 End=4100581070723 Duration=17163
Task=87 Chunk=3 Start=4100581851304 End=4100581902628 Duration=51324
Task=88 Chunk=0 Start=4100581044529 End=4100581045206 Duration=677
Task=88 Chunk=1 Start=4100581053450 End=4100581061730 Duration=8280
Task=88 Chunk=2 Start=4100581070729 End=4100581083871 Duration=13142
Task=88 Chunk=3 Start=4100581902629 End=4100581954572 Duration=51943
Task=89 Chunk=0 Start=4100581113396 End=4100581113875 Duration=479
Task=89 Chunk=1 Start=4100581113888 End=4100581121988 Duration=8100
Task=89 Chunk=2 Start=4100581148381 End=4100581161546 Duration=13165
Task=89 Chunk=3 Start=4100581954573 End=4100582005648 Duration=51075
Task=90 Chunk=0 Start=4100581166900 End=4100581171879 Duration=4979
Task=90 Chunk=1 Start=4100581171898 End=4100581180008 Duration=8110
Task=90 Chunk=2 Start=4100581180093 End=4100581194362 Duration=14269
Task=90 Chunk=3 Start=4100582005648 End=4100582059595 Duration=53947
Task=91 Chunk=0 Start=4100581227177 End=4100581227578 Duration=401
Task=91 Chunk=1 Start=4100581227585 End=4100581235678 Duration=8093
Task=91 Chunk=2 Start=4100581300079 End=4100581315024 Duration=14945
Task=91 Chunk=3 Start=4100582059603 End=4100582111289 Duration=51686
Task=92 Chunk=0 Start=4100581280593 End=4100581281031 Duration=438
Task=92 Chunk=1 Start=4100581281038 End=4100581289221 Duration=8183
Task=92 Chunk=2 Start=4100581315031 End=4100581328483 Duration=13452
Task=92 Chunk=3 Start=4100582111289 End=4100582163506 Duration=52217
Task=93 Chunk=0 Start=4100581414940 End=4100581415357 Duration=417
Task=93 Chunk=1 Start=4100581415368 End=4100581423538 Duration=8170
Task=93 Chunk=2 Start=4100581442926 End=4100581456883 Duration=13957
Task=93 Chunk=3 Start=4100582163507 End=4100582214988 Duration=51481
Task=94 Chunk=0 Start=4100581469144 End=4100581469551 Duration=407
Task=94 Chunk=1 Start=4100581469564 End=4100581477726 Duration=8162
Task=94 Chunk=2 Start=4100581477823 End=4100581491816 Duration=13993
Task=94 Chunk=3 Start=4100582214988 End=4100582267506 Duration=52518
Task=95 Chunk=0 Start=4100581529104 End=4100581529470 Duration=366
Task=95 Chunk=1 Start=4100581529477 End=4100581537566 Duration=8089
Task=95 Chunk=2 Start=4100581597987 End=4100581612774 Duration=14787
Task=95 Chunk=3 Start=4100582267507 End=4100582318849 Duration=51342
Task=96 Chunk=0 Start=4100581583360 End=4100581583902 Duration=542
Task=96 Chunk=1 Start=4100581583919 End=4100581592052 Duration=8133
Task=96 Chunk=2 Start=4100581612787 End=4100581627948 Duration=15161
Task=96 Chunk=3 Start=4100582318851 End=4100582371044 Duration=52193
Task=97 Chunk=0 Start=4100581640138 End=4100581640578 Duration=440
Task=97 Chunk=1 Start=4100581640592 End=4100581709023 Duration=68431
Task=97 Chunk=2 Start=4100581709130 End=4100581724762 Duration=15632
Task=97 Chunk=3 Start=4100582371045 End=4100582422396 Duration=51351
Task=98 Chunk=0 Start=4100581691547 End=4100581691814 Duration=267
Task=98 Chunk=1 Start=4100581709025 End=4100581719951 Duration=10926
Task=98 Chunk=2 Start=4100581724772 End=4100581739127 Duration=14355
Task=98 Chunk=3 Start=4100582422397 End=4100582474615 Duration=52218
Task=99 Chunk=0 Start=4100581745957 End=4100581764814 Duration=18857
Task=99 Chunk=1 Start=4100581764823 End=4100581772997 Duration=8174
Task=99 Chunk=2 Start=4100581773100 End=4100581794199 Duration=21099
Task=99 Chunk=3 Start=4100582474615 End=4100582527926 Duration=53311
### Python End ###

--------------------------------
[2025-06-26 18:35:00.630] [info] Available Vulkan Layers:
[2025-06-26 18:35:00.630] [warning] Validation layer requested but not available, continuing without it...
[2025-06-26 18:35:00.632] [info] Using integrated GPU: Mali-G710
[2025-06-26 18:35:00.635] [info] VulkanDispatcher instance created.
[2025-06-26 18:35:00.782] [info] Total memory used: 40550404 bytes (38.67188 MB)
[2025-06-26 18:35:00.787] [info] Total memory used: 40550404 bytes (38.67188 MB)
[2025-06-26 18:35:00.843] [info] Total memory used: 40550404 bytes (38.67188 MB)
[2025-06-26 18:35:00.849] [info] Total memory used: 40550404 bytes (38.67188 MB)
[2025-06-26 18:35:00.854] [info] Total memory used: 40550404 bytes (38.67188 MB)
[2025-06-26 18:35:00.915] [info] Total memory used: 40550404 bytes (38.67188 MB)
[2025-06-26 18:35:00.920] [info] Total memory used: 40550404 bytes (38.67188 MB)
[2025-06-26 18:35:00.925] [info] Total memory used: 40550404 bytes (38.67188 MB)
[2025-06-26 18:35:00.930] [info] Total memory used: 40550404 bytes (38.67188 MB)
[2025-06-26 18:35:00.934] [info] Total memory used: 40550404 bytes (38.67188 MB)
[2025-06-26 18:35:01.016] [info] Total memory used: 40550404 bytes (38.67188 MB)
[2025-06-26 18:35:01.021] [info] Total memory used: 40550404 bytes (38.67188 MB)
[2025-06-26 18:35:01.026] [info] Total memory used: 40550404 bytes (38.67188 MB)
[2025-06-26 18:35:01.031] [info] Total memory used: 40550404 bytes (38.67188 MB)
[2025-06-26 18:35:01.035] [info] Total memory used: 40550404 bytes (38.67188 MB)
[2025-06-26 18:35:01.040] [info] Total memory used: 40550404 bytes (38.67188 MB)
### Python Begin ###
Schedule_UID=SCH-L1B2G3M1-G087-fd58
Frequency=24576000 Hz
Task=0 Chunk=0 Start=4100593172283 End=4100593183668 Duration=11385
Task=0 Chunk=1 Start=4100593183690 End=4100593198357 Duration=14667
Task=0 Chunk=2 Start=4100593198659 End=4100593310024 Duration=111365
Task=0 Chunk=3 Start=4100593310033 End=4100593312527 Duration=2494
Task=1 Chunk=0 Start=4100593183680 End=4100593184472 Duration=792
Task=1 Chunk=1 Start=4100593198365 End=4100593206729 Duration=8364
Task=1 Chunk=2 Start=4100593310025 End=4100593332905 Duration=22880
Task=1 Chunk=3 Start=4100593332916 End=4100593333021 Duration=105
Task=2 Chunk=0 Start=4100593184477 End=4100593185087 Duration=610
Task=2 Chunk=1 Start=4100593206730 End=4100593214810 Duration=8080
Task=2 Chunk=2 Start=4100593332906 End=4100593353657 Duration=20751
Task=2 Chunk=3 Start=4100593353672 End=4100593353764 Duration=92
Task=3 Chunk=0 Start=4100593185089 End=4100593185691 Duration=602
Task=3 Chunk=1 Start=4100593214811 End=4100593222893 Duration=8082
Task=3 Chunk=2 Start=4100593353660 End=4100593374339 Duration=20679
Task=3 Chunk=3 Start=4100593374362 End=4100593374425 Duration=63
Task=4 Chunk=0 Start=4100593185693 End=4100593186284 Duration=591
Task=4 Chunk=1 Start=4100593222894 End=4100593248868 Duration=25974
Task=4 Chunk=2 Start=4100593374340 End=4100593394642 Duration=20302
Task=4 Chunk=3 Start=4100593394655 End=4100593394715 Duration=60
Task=5 Chunk=0 Start=4100593186286 End=4100593186859 Duration=573
Task=5 Chunk=1 Start=4100593248869 End=4100593257007 Duration=8138
Task=5 Chunk=2 Start=4100593394643 End=4100593415310 Duration=20667
Task=5 Chunk=3 Start=4100593415329 End=4100593415393 Duration=64
Task=6 Chunk=0 Start=4100593186862 End=4100593187417 Duration=555
Task=6 Chunk=1 Start=4100593257008 End=4100593269870 Duration=12862
Task=6 Chunk=2 Start=4100593415311 End=4100593440571 Duration=25260
Task=6 Chunk=3 Start=4100593440588 End=4100593440667 Duration=79
Task=7 Chunk=0 Start=4100593187420 End=4100593187607 Duration=187
Task=7 Chunk=1 Start=4100593269870 End=4100593277995 Duration=8125
Task=7 Chunk=2 Start=4100593440572 End=4100593461550 Duration=20978
Task=7 Chunk=3 Start=4100593461564 End=4100593461622 Duration=58
Task=8 Chunk=0 Start=4100593187609 End=4100593188150 Duration=541
Task=8 Chunk=1 Start=4100593277996 End=4100593286080 Duration=8084
Task=8 Chunk=2 Start=4100593461551 End=4100593482548 Duration=20997
Task=8 Chunk=3 Start=4100593482560 End=4100593482624 Duration=64
Task=9 Chunk=0 Start=4100593188152 End=4100593188711 Duration=559
Task=9 Chunk=1 Start=4100593286081 End=4100593295074 Duration=8993
Task=9 Chunk=2 Start=4100593482549 End=4100593503810 Duration=21261
Task=9 Chunk=3 Start=4100593503820 End=4100593503881 Duration=61
Task=10 Chunk=0 Start=4100593188713 End=4100593189277 Duration=564
Task=10 Chunk=1 Start=4100593295075 End=4100593316329 Duration=21254
Task=10 Chunk=2 Start=4100593503811 End=4100593524938 Duration=21127
Task=10 Chunk=3 Start=4100593524956 End=4100593525015 Duration=59
Task=11 Chunk=0 Start=4100593189279 End=4100593189840 Duration=561
Task=11 Chunk=1 Start=4100593316330 End=4100593335810 Duration=19480
Task=11 Chunk=2 Start=4100593524939 End=4100593546016 Duration=21077
Task=11 Chunk=3 Start=4100593546036 End=4100593546107 Duration=71
Task=12 Chunk=0 Start=4100593189842 End=4100593190398 Duration=556
Task=12 Chunk=1 Start=4100593335811 End=4100593359592 Duration=23781
Task=12 Chunk=2 Start=4100593546026 End=4100593567211 Duration=21185
Task=12 Chunk=3 Start=4100593567235 End=4100593567297 Duration=62
Task=13 Chunk=0 Start=4100593190400 End=4100593190964 Duration=564
Task=13 Chunk=1 Start=4100593359593 End=4100593378766 Duration=19173
Task=13 Chunk=2 Start=4100593567212 End=4100593588260 Duration=21048
Task=13 Chunk=3 Start=4100593588289 End=4100593588354 Duration=65
Task=14 Chunk=0 Start=4100593190966 End=4100593191519 Duration=553
Task=14 Chunk=1 Start=4100593378767 End=4100593398336 Duration=19569
Task=14 Chunk=2 Start=4100593588279 End=4100593608996 Duration=20717
Task=14 Chunk=3 Start=4100593609010 End=4100593609070 Duration=60
Task=15 Chunk=0 Start=4100593312542 End=4100593313193 Duration=651
Task=15 Chunk=1 Start=4100593398337 End=4100593417898 Duration=19561
Task=15 Chunk=2 Start=4100593608997 End=4100593629412 Duration=20415
Task=15 Chunk=3 Start=4100593629435 End=4100593629494 Duration=59
Task=16 Chunk=0 Start=4100593333065 End=4100593333340 Duration=275
Task=16 Chunk=1 Start=4100593417899 End=4100593426641 Duration=8742
Task=16 Chunk=2 Start=4100593629413 End=4100593650795 Duration=21382
Task=16 Chunk=3 Start=4100593650805 End=4100593650873 Duration=68
Task=17 Chunk=0 Start=4100593353790 End=4100593354193 Duration=403
Task=17 Chunk=1 Start=4100593426642 End=4100593450158 Duration=23516
Task=17 Chunk=2 Start=4100593650795 End=4100593671659 Duration=20864
Task=17 Chunk=3 Start=4100593671678 End=4100593671740 Duration=62
Task=18 Chunk=0 Start=4100593374462 End=4100593374737 Duration=275
Task=18 Chunk=1 Start=4100593450160 End=4100593469615 Duration=19455
Task=18 Chunk=2 Start=4100593671660 End=4100593692461 Duration=20801
Task=18 Chunk=3 Start=4100593692480 End=4100593692541 Duration=61
Task=19 Chunk=0 Start=4100593394729 End=4100593394970 Duration=241
Task=19 Chunk=1 Start=4100593469616 End=4100593489089 Duration=19473
Task=19 Chunk=2 Start=4100593692463 End=4100593836204 Duration=143741
Task=19 Chunk=3 Start=4100593838612 End=4100593838823 Duration=211
Task=20 Chunk=0 Start=4100593415439 End=4100593415660 Duration=221
Task=20 Chunk=1 Start=4100593489090 End=4100593508708 Duration=19618
Task=20 Chunk=2 Start=4100593836206 End=4100593934325 Duration=98119
Task=20 Chunk=3 Start=4100593934347 End=4100593936399 Duration=2052
Task=21 Chunk=0 Start=4100593440681 End=4100593440998 Duration=317
Task=21 Chunk=1 Start=4100593508709 End=4100593528300 Duration=19591
Task=21 Chunk=2 Start=4100593934328 End=4100593960959 Duration=26631
Task=21 Chunk=3 Start=4100593960968 End=4100593961033 Duration=65
Task=22 Chunk=0 Start=4100593461644 End=4100593461895 Duration=251
Task=22 Chunk=1 Start=4100593528301 End=4100593549024 Duration=20723
Task=22 Chunk=2 Start=4100593960961 End=4100593986021 Duration=25060
Task=22 Chunk=3 Start=4100593986037 End=4100593986119 Duration=82
Task=23 Chunk=0 Start=4100593482668 End=4100593482930 Duration=262
Task=23 Chunk=1 Start=4100593549025 End=4100593569593 Duration=20568
Task=23 Chunk=2 Start=4100593986023 End=4100594011717 Duration=25694
Task=23 Chunk=3 Start=4100594011731 End=4100594011791 Duration=60
Task=24 Chunk=0 Start=4100593503893 End=4100593504144 Duration=251
Task=24 Chunk=1 Start=4100593569593 End=4100593578425 Duration=8832
Task=24 Chunk=2 Start=4100594011719 End=4100594036286 Duration=24567
Task=24 Chunk=3 Start=4100594036296 End=4100594036395 Duration=99
Task=25 Chunk=0 Start=4100593525059 End=4100593525287 Duration=228
Task=25 Chunk=1 Start=4100593578426 End=4100593597730 Duration=19304
Task=25 Chunk=2 Start=4100594036289 End=4100594066150 Duration=29861
Task=25 Chunk=3 Start=4100594066176 End=4100594066244 Duration=68
Task=26 Chunk=0 Start=4100593546125 End=4100593546434 Duration=309
Task=26 Chunk=1 Start=4100593597731 End=4100593616805 Duration=19074
Task=26 Chunk=2 Start=4100594066151 End=4100594086814 Duration=20663
Task=26 Chunk=3 Start=4100594086826 End=4100594086887 Duration=61
Task=27 Chunk=0 Start=4100593567343 End=4100593567599 Duration=256
Task=27 Chunk=1 Start=4100593616806 End=4100593636313 Duration=19507
Task=27 Chunk=2 Start=4100594086815 End=4100594106150 Duration=19335
Task=27 Chunk=3 Start=4100594106160 End=4100594106218 Duration=58
Task=28 Chunk=0 Start=4100593588378 End=4100593588618 Duration=240
Task=28 Chunk=1 Start=4100593636314 End=4100593655786 Duration=19472
Task=28 Chunk=2 Start=4100594106154 End=4100594126119 Duration=19965
Task=28 Chunk=3 Start=4100594126142 End=4100594126221 Duration=79
Task=29 Chunk=0 Start=4100593609089 End=4100593609370 Duration=281
Task=29 Chunk=1 Start=4100593655787 End=4100593675388 Duration=19601
Task=29 Chunk=2 Start=4100594126131 End=4100594147254 Duration=21123
Task=29 Chunk=3 Start=4100594147266 End=4100594147342 Duration=76
Task=30 Chunk=0 Start=4100593629535 End=4100593629759 Duration=224
Task=30 Chunk=1 Start=4100593675388 End=4100593694843 Duration=19455
Task=30 Chunk=2 Start=4100594147258 End=4100594167698 Duration=20440
Task=30 Chunk=3 Start=4100594167709 End=4100594167770 Duration=61
Task=31 Chunk=0 Start=4100593650888 End=4100593651196 Duration=308
Task=31 Chunk=1 Start=4100593694844 End=4100593739660 Duration=44816
Task=31 Chunk=2 Start=4100594167702 End=4100594188283 Duration=20581
Task=31 Chunk=3 Start=4100594188311 End=4100594188371 Duration=60
Task=32 Chunk=0 Start=4100593671762 End=4100593672004 Duration=242
Task=32 Chunk=1 Start=4100593739663 End=4100593756083 Duration=16420
Task=32 Chunk=2 Start=4100594188284 End=4100594208814 Duration=20530
Task=32 Chunk=3 Start=4100594208829 End=4100594208908 Duration=79
Task=33 Chunk=0 Start=4100593692568 End=4100593692807 Duration=239
Task=33 Chunk=1 Start=4100593756085 End=4100593772791 Duration=16706
Task=33 Chunk=2 Start=4100594208815 End=4100594230099 Duration=21284
Task=33 Chunk=3 Start=4100594230118 End=4100594230213 Duration=95
Task=34 Chunk=0 Start=4100593838846 End=4100593839427 Duration=581
Task=34 Chunk=1 Start=4100593839474 End=4100593855817 Duration=16343
Task=34 Chunk=2 Start=4100594230110 End=4100594250695 Duration=20585
Task=34 Chunk=3 Start=4100594250715 End=4100594250800 Duration=85
Task=35 Chunk=0 Start=4100593936428 End=4100593936716 Duration=288
Task=35 Chunk=1 Start=4100593936766 End=4100593953195 Duration=16429
Task=35 Chunk=2 Start=4100594250705 End=4100594271048 Duration=20343
Task=35 Chunk=3 Start=4100594271061 End=4100594271129 Duration=68
Task=36 Chunk=0 Start=4100593961053 End=4100593961287 Duration=234
Task=36 Chunk=1 Start=4100593961294 End=4100593977698 Duration=16404
Task=36 Chunk=2 Start=4100594271049 End=4100594291711 Duration=20662
Task=36 Chunk=3 Start=4100594291728 End=4100594291787 Duration=59
Task=37 Chunk=0 Start=4100593986146 End=4100593986380 Duration=234
Task=37 Chunk=1 Start=4100593986444 End=4100594002920 Duration=16476
Task=37 Chunk=2 Start=4100594291712 End=4100594312263 Duration=20551
Task=37 Chunk=3 Start=4100594312283 End=4100594312346 Duration=63
Task=38 Chunk=0 Start=4100594011801 End=4100594012018 Duration=217
Task=38 Chunk=1 Start=4100594012124 End=4100594029642 Duration=17518
Task=38 Chunk=2 Start=4100594312264 End=4100594333851 Duration=21587
Task=38 Chunk=3 Start=4100594333866 End=4100594333990 Duration=124
Task=39 Chunk=0 Start=4100594036437 End=4100594037005 Duration=568
Task=39 Chunk=1 Start=4100594037049 End=4100594053528 Duration=16479
Task=39 Chunk=2 Start=4100594333859 End=4100594353623 Duration=19764
Task=39 Chunk=3 Start=4100594353635 End=4100594353696 Duration=61
Task=40 Chunk=0 Start=4100594066273 End=4100594066877 Duration=604
Task=40 Chunk=1 Start=4100594066885 End=4100594083150 Duration=16265
Task=40 Chunk=2 Start=4100594353626 End=4100594372942 Duration=19316
Task=40 Chunk=3 Start=4100594372957 End=4100594373026 Duration=69
Task=41 Chunk=0 Start=4100594086933 End=4100594087500 Duration=567
Task=41 Chunk=1 Start=4100594087588 End=4100594103843 Duration=16255
Task=41 Chunk=2 Start=4100594372946 End=4100594392384 Duration=19438
Task=41 Chunk=3 Start=4100594392400 End=4100594392475 Duration=75
Task=42 Chunk=0 Start=4100594106243 End=4100594106796 Duration=553
Task=42 Chunk=1 Start=4100594106805 End=4100594123038 Duration=16233
Task=42 Chunk=2 Start=4100594392387 End=4100594411685 Duration=19298
Task=42 Chunk=3 Start=4100594411710 End=4100594411786 Duration=76
Task=43 Chunk=0 Start=4100594126268 End=4100594126920 Duration=652
Task=43 Chunk=1 Start=4100594126974 End=4100594143329 Duration=16355
Task=43 Chunk=2 Start=4100594411708 End=4100594431390 Duration=19682
Task=43 Chunk=3 Start=4100594431412 End=4100594431491 Duration=79
Task=44 Chunk=0 Start=4100594147354 End=4100594147873 Duration=519
Task=44 Chunk=1 Start=4100594147889 End=4100594164144 Duration=16255
Task=44 Chunk=2 Start=4100594431393 End=4100594452315 Duration=20922
Task=44 Chunk=3 Start=4100594452329 End=4100594452404 Duration=75
Task=45 Chunk=0 Start=4100594167783 End=4100594168343 Duration=560
Task=45 Chunk=1 Start=4100594168375 End=4100594184627 Duration=16252
Task=45 Chunk=2 Start=4100594452323 End=4100594473407 Duration=21084
Task=45 Chunk=3 Start=4100594473418 End=4100594473489 Duration=71
Task=46 Chunk=0 Start=4100594188384 End=4100594188987 Duration=603
Task=46 Chunk=1 Start=4100594189032 End=4100594205322 Duration=16290
Task=46 Chunk=2 Start=4100594473407 End=4100594495451 Duration=22044
Task=46 Chunk=3 Start=4100594495484 End=4100594495542 Duration=58
Task=47 Chunk=0 Start=4100594208941 End=4100594209542 Duration=601
Task=47 Chunk=1 Start=4100594209555 End=4100594226955 Duration=17400
Task=47 Chunk=2 Start=4100594495452 End=4100594518267 Duration=22815
Task=47 Chunk=3 Start=4100594518285 End=4100594518357 Duration=72
Task=48 Chunk=0 Start=4100594230257 End=4100594230889 Duration=632
Task=48 Chunk=1 Start=4100594230915 End=4100594247238 Duration=16323
Task=48 Chunk=2 Start=4100594518274 End=4100594539019 Duration=20745
Task=48 Chunk=3 Start=4100594539034 End=4100594539094 Duration=60
Task=49 Chunk=0 Start=4100594250850 End=4100594251456 Duration=606
Task=49 Chunk=1 Start=4100594251499 End=4100594267794 Duration=16295
Task=49 Chunk=2 Start=4100594539021 End=4100594559387 Duration=20366
Task=49 Chunk=3 Start=4100594559404 End=4100594559465 Duration=61
Task=50 Chunk=0 Start=4100594271153 End=4100594271617 Duration=464
Task=50 Chunk=1 Start=4100594271714 End=4100594288004 Duration=16290
Task=50 Chunk=2 Start=4100594559388 End=4100594579426 Duration=20038
Task=50 Chunk=3 Start=4100594579445 End=4100594579519 Duration=74
Task=51 Chunk=0 Start=4100594291826 End=4100594292326 Duration=500
Task=51 Chunk=1 Start=4100594292361 End=4100594308620 Duration=16259
Task=51 Chunk=2 Start=4100594579434 End=4100594599873 Duration=20439
Task=51 Chunk=3 Start=4100594599892 End=4100594599949 Duration=57
Task=52 Chunk=0 Start=4100594312364 End=4100594312867 Duration=503
Task=52 Chunk=1 Start=4100594312965 End=4100594330406 Duration=17441
Task=52 Chunk=2 Start=4100594599875 End=4100594621099 Duration=21224
Task=52 Chunk=3 Start=4100594621127 End=4100594621218 Duration=91
Task=53 Chunk=0 Start=4100594334002 End=4100594334746 Duration=744
Task=53 Chunk=1 Start=4100594334768 End=4100594351126 Duration=16358
Task=53 Chunk=2 Start=4100594621100 End=4100594642160 Duration=21060
Task=53 Chunk=3 Start=4100594642179 End=4100594642228 Duration=49
Task=54 Chunk=0 Start=4100594353742 End=4100594354258 Duration=516
Task=54 Chunk=1 Start=4100594354287 End=4100594370654 Duration=16367
Task=54 Chunk=2 Start=4100594642161 End=4100594662640 Duration=20479
Task=54 Chunk=3 Start=4100594662657 End=4100594662724 Duration=67
Task=55 Chunk=0 Start=4100594373080 End=4100594373720 Duration=640
Task=55 Chunk=1 Start=4100594373731 End=4100594389994 Duration=16263
Task=55 Chunk=2 Start=4100594662641 End=4100594682917 Duration=20276
Task=55 Chunk=3 Start=4100594682941 End=4100594683000 Duration=59
Task=56 Chunk=0 Start=4100594392495 End=4100594392990 Duration=495
Task=56 Chunk=1 Start=4100594393068 End=4100594409359 Duration=16291
Task=56 Chunk=2 Start=4100594682931 End=4100594703444 Duration=20513
Task=56 Chunk=3 Start=4100594703460 End=4100594703519 Duration=59
Task=57 Chunk=0 Start=4100594411813 End=4100594412448 Duration=635
Task=57 Chunk=1 Start=4100594412553 End=4100594430352 Duration=17799
Task=57 Chunk=2 Start=4100594703445 End=4100594725111 Duration=21666
Task=57 Chunk=3 Start=4100594725123 End=4100594725204 Duration=81
Task=58 Chunk=0 Start=4100594431528 End=4100594432286 Duration=758
Task=58 Chunk=1 Start=4100594432341 End=4100594441939 Duration=9598
Task=58 Chunk=2 Start=4100594725112 End=4100594745474 Duration=20362
Task=58 Chunk=3 Start=4100594745493 End=4100594745552 Duration=59
Task=59 Chunk=0 Start=4100594452412 End=4100594453031 Duration=619
Task=59 Chunk=1 Start=4100594454381 End=4100594463359 Duration=8978
Task=59 Chunk=2 Start=4100594745476 End=4100594765737 Duration=20261
Task=59 Chunk=3 Start=4100594765747 End=4100594765808 Duration=61
Task=60 Chunk=0 Start=4100594473499 End=4100594474047 Duration=548
Task=60 Chunk=1 Start=4100594474821 End=4100594483476 Duration=8655
Task=60 Chunk=2 Start=4100594765739 End=4100594786005 Duration=20266
Task=60 Chunk=3 Start=4100594786021 End=4100594786080 Duration=59
Task=61 Chunk=0 Start=4100594495561 End=4100594496197 Duration=636
Task=61 Chunk=1 Start=4100594496592 End=4100594505053 Duration=8461
Task=61 Chunk=2 Start=4100594786008 End=4100594806580 Duration=20572
Task=61 Chunk=3 Start=4100594806589 End=4100594806648 Duration=59
Task=62 Chunk=0 Start=4100594518366 End=4100594518969 Duration=603
Task=62 Chunk=1 Start=4100594519730 End=4100594528256 Duration=8526
Task=62 Chunk=2 Start=4100594806581 End=4100594827184 Duration=20603
Task=62 Chunk=3 Start=4100594827195 End=4100594827257 Duration=62
Task=63 Chunk=0 Start=4100594539136 End=4100594539508 Duration=372
Task=63 Chunk=1 Start=4100594540701 End=4100594549355 Duration=8654
Task=63 Chunk=2 Start=4100594827186 End=4100594848174 Duration=20988
Task=63 Chunk=3 Start=4100594848203 End=4100594848262 Duration=59
Task=64 Chunk=0 Start=4100594559502 End=4100594559781 Duration=279
Task=64 Chunk=1 Start=4100594560806 End=4100594569315 Duration=8509
Task=64 Chunk=2 Start=4100594848186 End=4100594868624 Duration=20438
Task=64 Chunk=3 Start=4100594868645 End=4100594868712 Duration=67
Task=65 Chunk=0 Start=4100594579555 End=4100594579823 Duration=268
Task=65 Chunk=1 Start=4100594581093 End=4100594589700 Duration=8607
Task=65 Chunk=2 Start=4100594868639 End=4100594889063 Duration=20424
Task=65 Chunk=3 Start=4100594889074 End=4100594889133 Duration=59
Task=66 Chunk=0 Start=4100594599988 End=4100594600257 Duration=269
Task=66 Chunk=1 Start=4100594601312 End=4100594609826 Duration=8514
Task=66 Chunk=2 Start=4100594889063 End=4100594910915 Duration=21852
Task=66 Chunk=3 Start=4100594910933 End=4100594911040 Duration=107
Task=67 Chunk=0 Start=4100594621244 End=4100594621528 Duration=284
Task=67 Chunk=1 Start=4100594623182 End=4100594631901 Duration=8719
Task=67 Chunk=2 Start=4100594910921 End=4100594931894 Duration=20973
Task=67 Chunk=3 Start=4100594931914 End=4100594931979 Duration=65
Task=68 Chunk=0 Start=4100594642261 End=4100594642542 Duration=281
Task=68 Chunk=1 Start=4100594643838 End=4100594652570 Duration=8732
Task=68 Chunk=2 Start=4100594931898 End=4100594952343 Duration=20445
Task=68 Chunk=3 Start=4100594952362 End=4100594952422 Duration=60
Task=69 Chunk=0 Start=4100594662755 End=4100594663026 Duration=271
Task=69 Chunk=1 Start=4100594664313 End=4100594672913 Duration=8600
Task=69 Chunk=2 Start=4100594952345 End=4100594972643 Duration=20298
Task=69 Chunk=3 Start=4100594972662 End=4100594972726 Duration=64
Task=70 Chunk=0 Start=4100594683018 End=4100594683238 Duration=220
Task=70 Chunk=1 Start=4100594684554 End=4100594693244 Duration=8690
Task=70 Chunk=2 Start=4100594972646 End=4100594992934 Duration=20288
Task=70 Chunk=3 Start=4100594992949 End=4100594993009 Duration=60
Task=71 Chunk=0 Start=4100594703533 End=4100594703804 Duration=271
Task=71 Chunk=1 Start=4100594704968 End=4100594714651 Duration=9683
Task=71 Chunk=2 Start=4100594992941 End=4100595013732 Duration=20791
Task=71 Chunk=3 Start=4100595013757 End=4100595013835 Duration=78
Task=72 Chunk=0 Start=4100594725231 End=4100594725621 Duration=390
Task=72 Chunk=1 Start=4100594726741 End=4100594735277 Duration=8536
Task=72 Chunk=2 Start=4100595013734 End=4100595034234 Duration=20500
Task=72 Chunk=3 Start=4100595034246 End=4100595034306 Duration=60
Task=73 Chunk=0 Start=4100594745576 End=4100594745817 Duration=241
Task=73 Chunk=1 Start=4100594747003 End=4100594755656 Duration=8653
Task=73 Chunk=2 Start=4100595034236 End=4100595055799 Duration=21563
Task=73 Chunk=3 Start=4100595055810 End=4100595055870 Duration=60
Task=74 Chunk=0 Start=4100594765850 End=4100594766120 Duration=270
Task=74 Chunk=1 Start=4100594767230 End=4100594775918 Duration=8688
Task=74 Chunk=2 Start=4100595055801 End=4100595077603 Duration=21802
Task=74 Chunk=3 Start=4100595077623 End=4100595077682 Duration=59
Task=75 Chunk=0 Start=4100594786112 End=4100594786340 Duration=228
Task=75 Chunk=1 Start=4100594787632 End=4100594796440 Duration=8808
Task=75 Chunk=2 Start=4100595077604 End=4100595098608 Duration=21004
Task=75 Chunk=3 Start=4100595098625 End=4100595098700 Duration=75
Task=76 Chunk=0 Start=4100594806679 End=4100594806947 Duration=268
Task=76 Chunk=1 Start=4100594808112 End=4100594817884 Duration=9772
Task=76 Chunk=2 Start=4100595098610 End=4100595119763 Duration=21153
Task=76 Chunk=3 Start=4100595119777 End=4100595119847 Duration=70
Task=77 Chunk=0 Start=4100594827302 End=4100594834415 Duration=7113
Task=77 Chunk=1 Start=4100594834428 End=4100594853181 Duration=18753
Task=77 Chunk=2 Start=4100595119769 End=4100595142040 Duration=22271
Task=77 Chunk=3 Start=4100595142054 End=4100595142123 Duration=69
Task=78 Chunk=0 Start=4100594848281 End=4100594848564 Duration=283
Task=78 Chunk=1 Start=4100594853183 End=4100594872476 Duration=19293
Task=78 Chunk=2 Start=4100595142043 End=4100595162879 Duration=20836
Task=78 Chunk=3 Start=4100595162908 End=4100595162981 Duration=73
Task=79 Chunk=0 Start=4100594868748 End=4100594869024 Duration=276
Task=79 Chunk=1 Start=4100594872477 End=4100594892783 Duration=20306
Task=79 Chunk=2 Start=4100595162880 End=4100595184736 Duration=21856
Task=79 Chunk=3 Start=4100595184759 End=4100595184817 Duration=58
Task=80 Chunk=0 Start=4100594889147 End=4100594889421 Duration=274
Task=80 Chunk=1 Start=4100594892784 End=4100594913095 Duration=20311
Task=80 Chunk=2 Start=4100595184739 End=4100595206501 Duration=21762
Task=80 Chunk=3 Start=4100595206511 End=4100595206638 Duration=127
Task=81 Chunk=0 Start=4100594911060 End=4100594912338 Duration=1278
Task=81 Chunk=1 Start=4100594913097 End=4100594922035 Duration=8938
Task=81 Chunk=2 Start=4100595206502 End=4100595228619 Duration=22117
Task=81 Chunk=3 Start=4100595228639 End=4100595228712 Duration=73
Task=82 Chunk=0 Start=4100594932023 End=4100594932309 Duration=286
Task=82 Chunk=1 Start=4100594933365 End=4100594941960 Duration=8595
Task=82 Chunk=2 Start=4100595228621 End=4100595248742 Duration=20121
Task=82 Chunk=3 Start=4100595248762 End=4100595248858 Duration=96
Task=83 Chunk=0 Start=4100594952432 End=4100594952699 Duration=267
Task=83 Chunk=1 Start=4100594953758 End=4100594962421 Duration=8663
Task=83 Chunk=2 Start=4100595248744 End=4100595269555 Duration=20811
Task=83 Chunk=3 Start=4100595269567 End=4100595269630 Duration=63
Task=84 Chunk=0 Start=4100594972732 End=4100594972998 Duration=266
Task=84 Chunk=1 Start=4100594974142 End=4100594982674 Duration=8532
Task=84 Chunk=2 Start=4100595269557 End=4100595289651 Duration=20094
Task=84 Chunk=3 Start=4100595289675 End=4100595289800 Duration=125
Task=85 Chunk=0 Start=4100594993033 End=4100594993255 Duration=222
Task=85 Chunk=1 Start=4100594994141 End=4100595002686 Duration=8545
Task=85 Chunk=2 Start=4100595289652 End=4100595316606 Duration=26954
Task=85 Chunk=3 Start=4100595316618 End=4100595316713 Duration=95
Task=86 Chunk=0 Start=4100595013876 End=4100595014182 Duration=306
Task=86 Chunk=1 Start=4100595015404 End=4100595024004 Duration=8600
Task=86 Chunk=2 Start=4100595316611 End=4100595342365 Duration=25754
Task=86 Chunk=3 Start=4100595342377 End=4100595342442 Duration=65
Task=87 Chunk=0 Start=4100595034347 End=4100595034628 Duration=281
Task=87 Chunk=1 Start=4100595035776 End=4100595044469 Duration=8693
Task=87 Chunk=2 Start=4100595342367 End=4100595368205 Duration=25838
Task=87 Chunk=3 Start=4100595368226 End=4100595368295 Duration=69
Task=88 Chunk=0 Start=4100595055879 End=4100595056156 Duration=277
Task=88 Chunk=1 Start=4100595056980 End=4100595065516 Duration=8536
Task=88 Chunk=2 Start=4100595368207 End=4100595393152 Duration=24945
Task=88 Chunk=3 Start=4100595393179 End=4100595393235 Duration=56
Task=89 Chunk=0 Start=4100595077712 End=4100595077971 Duration=259
Task=89 Chunk=1 Start=4100595078765 End=4100595087306 Duration=8541
Task=89 Chunk=2 Start=4100595393168 End=4100595418680 Duration=25512
Task=89 Chunk=3 Start=4100595418696 End=4100595418789 Duration=93
Task=90 Chunk=0 Start=4100595098715 End=4100595099057 Duration=342
Task=90 Chunk=1 Start=4100595099644 End=4100595108798 Duration=9154
Task=90 Chunk=2 Start=4100595418682 End=4100595439958 Duration=21276
Task=90 Chunk=3 Start=4100595439978 End=4100595440035 Duration=57
Task=91 Chunk=0 Start=4100595119852 End=4100595120194 Duration=342
Task=91 Chunk=1 Start=4100595121193 End=4100595129668 Duration=8475
Task=91 Chunk=2 Start=4100595439962 End=4100595459586 Duration=19624
Task=91 Chunk=3 Start=4100595459607 End=4100595459664 Duration=57
Task=92 Chunk=0 Start=4100595142143 End=4100595142434 Duration=291
Task=92 Chunk=1 Start=4100595143289 End=4100595151723 Duration=8434
Task=92 Chunk=2 Start=4100595459596 End=4100595478907 Duration=19311
Task=92 Chunk=3 Start=4100595478923 End=4100595478994 Duration=71
Task=93 Chunk=0 Start=4100595162991 End=4100595163369 Duration=378
Task=93 Chunk=1 Start=4100595163980 End=4100595172532 Duration=8552
Task=93 Chunk=2 Start=4100595478913 End=4100595498130 Duration=19217
Task=93 Chunk=3 Start=4100595498151 End=4100595498271 Duration=120
Task=94 Chunk=0 Start=4100595184848 End=4100595185182 Duration=334
Task=94 Chunk=1 Start=4100595185911 End=4100595194465 Duration=8554
Task=94 Chunk=2 Start=4100595498131 End=4100595517222 Duration=19091
Task=94 Chunk=3 Start=4100595517235 End=4100595517391 Duration=156
Task=95 Chunk=0 Start=4100595206658 End=4100595207477 Duration=819
Task=95 Chunk=1 Start=4100595207838 End=4100595216323 Duration=8485
Task=95 Chunk=2 Start=4100595517225 End=4100595536390 Duration=19165
Task=95 Chunk=3 Start=4100595536415 End=4100595536473 Duration=58
Task=96 Chunk=0 Start=4100595228730 End=4100595229015 Duration=285
Task=96 Chunk=1 Start=4100595229748 End=4100595238199 Duration=8451
Task=96 Chunk=2 Start=4100595536409 End=4100595555698 Duration=19289
Task=96 Chunk=3 Start=4100595555713 End=4100595555777 Duration=64
Task=97 Chunk=0 Start=4100595248879 End=4100595249153 Duration=274
Task=97 Chunk=1 Start=4100595249887 End=4100595258205 Duration=8318
Task=97 Chunk=2 Start=4100595555699 End=4100595575120 Duration=19421
Task=97 Chunk=3 Start=4100595575139 End=4100595575214 Duration=75
Task=98 Chunk=0 Start=4100595269636 End=4100595270026 Duration=390
Task=98 Chunk=1 Start=4100595270643 End=4100595279171 Duration=8528
Task=98 Chunk=2 Start=4100595575122 End=4100595594463 Duration=19341
Task=98 Chunk=3 Start=4100595594477 End=4100595594539 Duration=62
Task=99 Chunk=0 Start=4100595289819 End=4100595290108 Duration=289
Task=99 Chunk=1 Start=4100595290824 End=4100595304103 Duration=13279
Task=99 Chunk=2 Start=4100595594468 End=4100595613740 Duration=19272
Task=99 Chunk=3 Start=4100595613763 End=4100595613832 Duration=69
### Python End ###

--------------------------------
[2025-06-26 18:35:01.164] [info] Available Vulkan Layers:
[2025-06-26 18:35:01.164] [warning] Validation layer requested but not available, continuing without it...
[2025-06-26 18:35:01.166] [info] Using integrated GPU: Mali-G710
[2025-06-26 18:35:01.168] [info] VulkanDispatcher instance created.
[2025-06-26 18:35:01.311] [info] Total memory used: 40550404 bytes (38.67188 MB)
[2025-06-26 18:35:01.316] [info] Total memory used: 40550404 bytes (38.67188 MB)
[2025-06-26 18:35:01.359] [info] Total memory used: 40550404 bytes (38.67188 MB)
[2025-06-26 18:35:01.364] [info] Total memory used: 40550404 bytes (38.67188 MB)
[2025-06-26 18:35:01.369] [info] Total memory used: 40550404 bytes (38.67188 MB)
[2025-06-26 18:35:01.455] [info] Total memory used: 40550404 bytes (38.67188 MB)
[2025-06-26 18:35:01.461] [info] Total memory used: 40550404 bytes (38.67188 MB)
[2025-06-26 18:35:01.466] [info] Total memory used: 40550404 bytes (38.67188 MB)
[2025-06-26 18:35:01.471] [info] Total memory used: 40550404 bytes (38.67188 MB)
[2025-06-26 18:35:01.476] [info] Total memory used: 40550404 bytes (38.67188 MB)
[2025-06-26 18:35:01.554] [info] Total memory used: 40550404 bytes (38.67188 MB)
[2025-06-26 18:35:01.561] [info] Total memory used: 40550404 bytes (38.67188 MB)
[2025-06-26 18:35:01.566] [info] Total memory used: 40550404 bytes (38.67188 MB)
[2025-06-26 18:35:01.571] [info] Total memory used: 40550404 bytes (38.67188 MB)
[2025-06-26 18:35:01.576] [info] Total memory used: 40550404 bytes (38.67188 MB)
[2025-06-26 18:35:01.581] [info] Total memory used: 40550404 bytes (38.67188 MB)
### Python Begin ###
Schedule_UID=SCH-M5L2-G088-2b56
Frequency=24576000 Hz
Task=0 Chunk=0 Start=4100606458700 End=4100606679723 Duration=221023
Task=0 Chunk=1 Start=4100606679794 End=4100606842762 Duration=162968
Task=1 Chunk=0 Start=4100606679751 End=4100606878154 Duration=198403
Task=1 Chunk=1 Start=4100606878191 End=4100607026736 Duration=148545
Task=2 Chunk=0 Start=4100606878155 End=4100607078389 Duration=200234
Task=2 Chunk=1 Start=4100607078465 End=4100607227133 Duration=148668
Task=3 Chunk=0 Start=4100607078393 End=4100607277543 Duration=199150
Task=3 Chunk=1 Start=4100607277576 End=4100607428076 Duration=150500
Task=4 Chunk=0 Start=4100607277544 End=4100607475940 Duration=198396
Task=4 Chunk=1 Start=4100607475975 End=4100607623654 Duration=147679
Task=5 Chunk=0 Start=4100607475941 End=4100607675598 Duration=199657
Task=5 Chunk=1 Start=4100607675649 End=4100607824594 Duration=148945
Task=6 Chunk=0 Start=4100607675637 End=4100607875145 Duration=199508
Task=6 Chunk=1 Start=4100607875227 End=4100608024500 Duration=149273
Task=7 Chunk=0 Start=4100607875151 End=4100608073072 Duration=197921
Task=7 Chunk=1 Start=4100608073111 End=4100608225617 Duration=152506
Task=8 Chunk=0 Start=4100608073082 End=4100608272357 Duration=199275
Task=8 Chunk=1 Start=4100608272382 End=4100608419593 Duration=147211
Task=9 Chunk=0 Start=4100608272358 End=4100608472401 Duration=200043
Task=9 Chunk=1 Start=4100608472468 End=4100608622378 Duration=149910
Task=10 Chunk=0 Start=4100608472442 End=4100608670921 Duration=198479
Task=10 Chunk=1 Start=4100608670978 End=4100608821525 Duration=150547
Task=11 Chunk=0 Start=4100608670922 End=4100608871004 Duration=200082
Task=11 Chunk=1 Start=4100608871059 End=4100609021305 Duration=150246
Task=12 Chunk=0 Start=4100608871030 End=4100609070390 Duration=199360
Task=12 Chunk=1 Start=4100609070441 End=4100609216610 Duration=146169
Task=13 Chunk=0 Start=4100609070394 End=4100609271283 Duration=200889
Task=13 Chunk=1 Start=4100609271323 End=4100609417296 Duration=145973
Task=14 Chunk=0 Start=4100609271285 End=4100609469868 Duration=198583
Task=14 Chunk=1 Start=4100609469931 End=4100609615697 Duration=145766
Task=15 Chunk=0 Start=4100609469887 End=4100609669454 Duration=199567
Task=15 Chunk=1 Start=4100609669477 End=4100609817357 Duration=147880
Task=16 Chunk=0 Start=4100609669462 End=4100609868750 Duration=199288
Task=16 Chunk=1 Start=4100609868819 End=4100610019555 Duration=150736
Task=17 Chunk=0 Start=4100609868785 End=4100610067455 Duration=198670
Task=17 Chunk=1 Start=4100610067528 End=4100610214463 Duration=146935
Task=18 Chunk=0 Start=4100610067461 End=4100610266613 Duration=199152
Task=18 Chunk=1 Start=4100610266634 End=4100610416878 Duration=150244
Task=19 Chunk=0 Start=4100610266632 End=4100610466139 Duration=199507
Task=19 Chunk=1 Start=4100610466194 End=4100610612083 Duration=145889
Task=20 Chunk=0 Start=4100610466146 End=4100610664364 Duration=198218
Task=20 Chunk=1 Start=4100610664412 End=4100610811697 Duration=147285
Task=21 Chunk=0 Start=4100610664397 End=4100610863262 Duration=198865
Task=21 Chunk=1 Start=4100610863316 End=4100611009679 Duration=146363
Task=22 Chunk=0 Start=4100610863272 End=4100611062611 Duration=199339
Task=22 Chunk=1 Start=4100611062662 End=4100611208749 Duration=146087
Task=23 Chunk=0 Start=4100611062617 End=4100611261144 Duration=198527
Task=23 Chunk=1 Start=4100611261193 End=4100611420652 Duration=159459
Task=24 Chunk=0 Start=4100611261180 End=4100611460428 Duration=199248
Task=24 Chunk=1 Start=4100611460480 End=4100611609125 Duration=148645
Task=25 Chunk=0 Start=4100611460431 End=4100611659311 Duration=198880
Task=25 Chunk=1 Start=4100611659386 End=4100611804371 Duration=144985
Task=26 Chunk=0 Start=4100611659314 End=4100611857090 Duration=197776
Task=26 Chunk=1 Start=4100611857136 End=4100612006124 Duration=148988
Task=27 Chunk=0 Start=4100611857120 End=4100612056037 Duration=198917
Task=27 Chunk=1 Start=4100612056099 End=4100612201402 Duration=145303
Task=28 Chunk=0 Start=4100612056038 End=4100612254999 Duration=198961
Task=28 Chunk=1 Start=4100612255056 End=4100612403040 Duration=147984
Task=29 Chunk=0 Start=4100612255037 End=4100612452979 Duration=197942
Task=29 Chunk=1 Start=4100612453025 End=4100612598974 Duration=145949
Task=30 Chunk=0 Start=4100612453003 End=4100612651680 Duration=198677
Task=30 Chunk=1 Start=4100612651724 End=4100612798980 Duration=147256
Task=31 Chunk=0 Start=4100612651720 End=4100612850372 Duration=198652
Task=31 Chunk=1 Start=4100612850395 End=4100612997101 Duration=146706
Task=32 Chunk=0 Start=4100612850373 End=4100613048830 Duration=198457
Task=32 Chunk=1 Start=4100613048870 End=4100613197335 Duration=148465
Task=33 Chunk=0 Start=4100613048867 End=4100613247665 Duration=198798
Task=33 Chunk=1 Start=4100613247743 End=4100613398168 Duration=150425
Task=34 Chunk=0 Start=4100613247665 End=4100613446453 Duration=198788
Task=34 Chunk=1 Start=4100613446518 End=4100613594361 Duration=147843
Task=35 Chunk=0 Start=4100613446454 End=4100613644207 Duration=197753
Task=35 Chunk=1 Start=4100613644232 End=4100613793041 Duration=148809
Task=36 Chunk=0 Start=4100613644215 End=4100613843298 Duration=199083
Task=36 Chunk=1 Start=4100613843339 End=4100613996567 Duration=153228
Task=37 Chunk=0 Start=4100613843319 End=4100614042002 Duration=198683
Task=37 Chunk=1 Start=4100614042077 End=4100614190524 Duration=148447
Task=38 Chunk=0 Start=4100614042036 End=4100614239995 Duration=197959
Task=38 Chunk=1 Start=4100614240018 End=4100614387408 Duration=147390
Task=39 Chunk=0 Start=4100614240000 End=4100614438048 Duration=198048
Task=39 Chunk=1 Start=4100614438107 End=4100614589099 Duration=150992
Task=40 Chunk=0 Start=4100614438050 End=4100614637011 Duration=198961
Task=40 Chunk=1 Start=4100614637047 End=4100614784630 Duration=147583
Task=41 Chunk=0 Start=4100614637029 End=4100614835204 Duration=198175
Task=41 Chunk=1 Start=4100614835274 End=4100614986605 Duration=151331
Task=42 Chunk=0 Start=4100614835210 End=4100615033599 Duration=198389
Task=42 Chunk=1 Start=4100615033646 End=4100615181063 Duration=147417
Task=43 Chunk=0 Start=4100615033615 End=4100615233209 Duration=199594
Task=43 Chunk=1 Start=4100615233292 End=4100615382895 Duration=149603
Task=44 Chunk=0 Start=4100615233211 End=4100615431505 Duration=198294
Task=44 Chunk=1 Start=4100615431564 End=4100615582054 Duration=150490
Task=45 Chunk=0 Start=4100615431511 End=4100615630880 Duration=199369
Task=45 Chunk=1 Start=4100615630939 End=4100615781273 Duration=150334
Task=46 Chunk=0 Start=4100615630895 End=4100615829988 Duration=199093
Task=46 Chunk=1 Start=4100615830018 End=4100615977277 Duration=147259
Task=47 Chunk=0 Start=4100615830014 End=4100616028779 Duration=198765
Task=47 Chunk=1 Start=4100616028852 End=4100616176930 Duration=148078
Task=48 Chunk=0 Start=4100616028789 End=4100616227812 Duration=199023
Task=48 Chunk=1 Start=4100616227861 End=4100616379254 Duration=151393
Task=49 Chunk=0 Start=4100616227824 End=4100616427323 Duration=199499
Task=49 Chunk=1 Start=4100616427381 End=4100616575580 Duration=148199
Task=50 Chunk=0 Start=4100616427360 End=4100616625302 Duration=197942
Task=50 Chunk=1 Start=4100616625358 End=4100616774017 Duration=148659
Task=51 Chunk=0 Start=4100616625308 End=4100616825232 Duration=199924
Task=51 Chunk=1 Start=4100616825271 End=4100616973531 Duration=148260
Task=52 Chunk=0 Start=4100616825238 End=4100617024084 Duration=198846
Task=52 Chunk=1 Start=4100617024130 End=4100617171838 Duration=147708
Task=53 Chunk=0 Start=4100617024085 End=4100617222355 Duration=198270
Task=53 Chunk=1 Start=4100617222381 End=4100617370352 Duration=147971
Task=54 Chunk=0 Start=4100617222373 End=4100617422297 Duration=199924
Task=54 Chunk=1 Start=4100617422891 End=4100617570477 Duration=147586
Task=55 Chunk=0 Start=4100617422299 End=4100617620367 Duration=198068
Task=55 Chunk=1 Start=4100617620437 End=4100617766620 Duration=146183
Task=56 Chunk=0 Start=4100617620389 End=4100617819711 Duration=199322
Task=56 Chunk=1 Start=4100617819757 End=4100617971972 Duration=152215
Task=57 Chunk=0 Start=4100617819740 End=4100618018279 Duration=198539
Task=57 Chunk=1 Start=4100618018342 End=4100618168770 Duration=150428
Task=58 Chunk=0 Start=4100618018284 End=4100618217925 Duration=199641
Task=58 Chunk=1 Start=4100618217992 End=4100618363871 Duration=145879
Task=59 Chunk=0 Start=4100618217932 End=4100618416712 Duration=198780
Task=59 Chunk=1 Start=4100618416763 End=4100618563441 Duration=146678
Task=60 Chunk=0 Start=4100618416727 End=4100618615028 Duration=198301
Task=60 Chunk=1 Start=4100618615054 End=4100618762587 Duration=147533
Task=61 Chunk=0 Start=4100618615031 End=4100618814474 Duration=199443
Task=61 Chunk=1 Start=4100618814550 End=4100618962309 Duration=147759
Task=62 Chunk=0 Start=4100618814508 End=4100619013876 Duration=199368
Task=62 Chunk=1 Start=4100619013925 End=4100619160305 Duration=146380
Task=63 Chunk=0 Start=4100619013917 End=4100619212107 Duration=198190
Task=63 Chunk=1 Start=4100619212194 End=4100619362348 Duration=150154
Task=64 Chunk=0 Start=4100619212151 End=4100619411273 Duration=199122
Task=64 Chunk=1 Start=4100619411321 End=4100619557814 Duration=146493
Task=65 Chunk=0 Start=4100619411275 End=4100619609584 Duration=198309
Task=65 Chunk=1 Start=4100619609668 End=4100619756652 Duration=146984
Task=66 Chunk=0 Start=4100619609587 End=4100619808413 Duration=198826
Task=66 Chunk=1 Start=4100619808469 End=4100619954623 Duration=146154
Task=67 Chunk=0 Start=4100619808414 End=4100620007047 Duration=198633
Task=67 Chunk=1 Start=4100620007069 End=4100620153180 Duration=146111
Task=68 Chunk=0 Start=4100620007065 End=4100620205622 Duration=198557
Task=68 Chunk=1 Start=4100620205677 End=4100620351058 Duration=145381
Task=69 Chunk=0 Start=4100620205623 End=4100620403130 Duration=197507
Task=69 Chunk=1 Start=4100620403180 End=4100620548532 Duration=145352
Task=70 Chunk=0 Start=4100620403132 End=4100620601819 Duration=198687
Task=70 Chunk=1 Start=4100620601873 End=4100620747699 Duration=145826
Task=71 Chunk=0 Start=4100620601823 End=4100620800498 Duration=198675
Task=71 Chunk=1 Start=4100620800561 End=4100620950785 Duration=150224
Task=72 Chunk=0 Start=4100620800544 End=4100620998151 Duration=197607
Task=72 Chunk=1 Start=4100620998246 End=4100621148809 Duration=150563
Task=73 Chunk=0 Start=4100620998202 End=4100621196938 Duration=198736
Task=73 Chunk=1 Start=4100621196987 End=4100621342447 Duration=145460
Task=74 Chunk=0 Start=4100621196945 End=4100621395586 Duration=198641
Task=74 Chunk=1 Start=4100621395647 End=4100621540154 Duration=144507
Task=75 Chunk=0 Start=4100621395618 End=4100621593766 Duration=198148
Task=75 Chunk=1 Start=4100621593830 End=4100621745811 Duration=151981
Task=76 Chunk=0 Start=4100621593792 End=4100621792376 Duration=198584
Task=76 Chunk=1 Start=4100621792412 End=4100621938933 Duration=146521
Task=77 Chunk=0 Start=4100621792392 End=4100621991560 Duration=199168
Task=77 Chunk=1 Start=4100621991647 End=4100622138519 Duration=146872
Task=78 Chunk=0 Start=4100621991566 End=4100622190064 Duration=198498
Task=78 Chunk=1 Start=4100622190133 End=4100622345121 Duration=154988
Task=79 Chunk=0 Start=4100622190089 End=4100622388798 Duration=198709
Task=79 Chunk=1 Start=4100622388852 End=4100622537220 Duration=148368
Task=80 Chunk=0 Start=4100622388803 End=4100622588008 Duration=199205
Task=80 Chunk=1 Start=4100622588032 End=4100622736668 Duration=148636
Task=81 Chunk=0 Start=4100622588022 End=4100622786556 Duration=198534
Task=81 Chunk=1 Start=4100622786588 End=4100622934629 Duration=148041
Task=82 Chunk=0 Start=4100622786562 End=4100622985092 Duration=198530
Task=82 Chunk=1 Start=4100622985121 End=4100623133383 Duration=148262
Task=83 Chunk=0 Start=4100622985107 End=4100623184187 Duration=199080
Task=83 Chunk=1 Start=4100623184263 End=4100623331788 Duration=147525
Task=84 Chunk=0 Start=4100623184193 End=4100623382357 Duration=198164
Task=84 Chunk=1 Start=4100623382438 End=4100623529006 Duration=146568
Task=85 Chunk=0 Start=4100623382397 End=4100623580961 Duration=198564
Task=85 Chunk=1 Start=4100623581016 End=4100623732019 Duration=151003
Task=86 Chunk=0 Start=4100623580974 End=4100623779751 Duration=198777
Task=86 Chunk=1 Start=4100623779800 End=4100623929968 Duration=150168
Task=87 Chunk=0 Start=4100623779770 End=4100623977545 Duration=197775
Task=87 Chunk=1 Start=4100623977608 End=4100624125353 Duration=147745
Task=88 Chunk=0 Start=4100623977559 End=4100624176911 Duration=199352
Task=88 Chunk=1 Start=4100624176966 End=4100624338581 Duration=161615
Task=89 Chunk=0 Start=4100624176923 End=4100624375869 Duration=198946
Task=89 Chunk=1 Start=4100624375919 End=4100624522271 Duration=146352
Task=90 Chunk=0 Start=4100624375891 End=4100624574366 Duration=198475
Task=90 Chunk=1 Start=4100624574423 End=4100624723241 Duration=148818
Task=91 Chunk=0 Start=4100624574384 End=4100624773577 Duration=199193
Task=91 Chunk=1 Start=4100624773611 End=4100624922051 Duration=148440
Task=92 Chunk=0 Start=4100624773582 End=4100624973851 Duration=200269
Task=92 Chunk=1 Start=4100624973896 End=4100625126881 Duration=152985
Task=93 Chunk=0 Start=4100624973885 End=4100625172203 Duration=198318
Task=93 Chunk=1 Start=4100625172272 End=4100625323834 Duration=151562
Task=94 Chunk=0 Start=4100625172204 End=4100625371674 Duration=199470
Task=94 Chunk=1 Start=4100625371742 End=4100625520140 Duration=148398
Task=95 Chunk=0 Start=4100625371683 End=4100625570969 Duration=199286
Task=95 Chunk=1 Start=4100625570990 End=4100625719655 Duration=148665
Task=96 Chunk=0 Start=4100625570986 End=4100625769195 Duration=198209
Task=96 Chunk=1 Start=4100625769271 End=4100625923792 Duration=154521
Task=97 Chunk=0 Start=4100625769197 End=4100625968313 Duration=199116
Task=97 Chunk=1 Start=4100625968349 End=4100626115665 Duration=147316
Task=98 Chunk=0 Start=4100625968337 End=4100626166884 Duration=198547
Task=98 Chunk=1 Start=4100626166943 End=4100626313801 Duration=146858
Task=99 Chunk=0 Start=4100626166899 End=4100626364971 Duration=198072
Task=99 Chunk=1 Start=4100626364996 End=4100626509611 Duration=144615
### Python End ###

--------------------------------
[2025-06-26 18:35:02.422] [info] Available Vulkan Layers:
[2025-06-26 18:35:02.422] [warning] Validation layer requested but not available, continuing without it...
[2025-06-26 18:35:02.426] [info] Using integrated GPU: Mali-G710
[2025-06-26 18:35:02.429] [info] VulkanDispatcher instance created.
[2025-06-26 18:35:02.632] [info] Total memory used: 40550404 bytes (38.67188 MB)
[2025-06-26 18:35:02.637] [info] Total memory used: 40550404 bytes (38.67188 MB)
[2025-06-26 18:35:02.680] [info] Total memory used: 40550404 bytes (38.67188 MB)
[2025-06-26 18:35:02.685] [info] Total memory used: 40550404 bytes (38.67188 MB)
[2025-06-26 18:35:02.690] [info] Total memory used: 40550404 bytes (38.67188 MB)
[2025-06-26 18:35:02.776] [info] Total memory used: 40550404 bytes (38.67188 MB)
[2025-06-26 18:35:02.781] [info] Total memory used: 40550404 bytes (38.67188 MB)
[2025-06-26 18:35:02.786] [info] Total memory used: 40550404 bytes (38.67188 MB)
[2025-06-26 18:35:02.791] [info] Total memory used: 40550404 bytes (38.67188 MB)
[2025-06-26 18:35:02.795] [info] Total memory used: 40550404 bytes (38.67188 MB)
[2025-06-26 18:35:02.872] [info] Total memory used: 40550404 bytes (38.67188 MB)
[2025-06-26 18:35:02.878] [info] Total memory used: 40550404 bytes (38.67188 MB)
[2025-06-26 18:35:02.883] [info] Total memory used: 40550404 bytes (38.67188 MB)
[2025-06-26 18:35:02.888] [info] Total memory used: 40550404 bytes (38.67188 MB)
[2025-06-26 18:35:02.893] [info] Total memory used: 40550404 bytes (38.67188 MB)
[2025-06-26 18:35:02.898] [info] Total memory used: 40550404 bytes (38.67188 MB)
### Python Begin ###
Schedule_UID=SCH-M3G3B1-G090-a224
Frequency=24576000 Hz
Task=0 Chunk=0 Start=4100638839988 End=4100638888162 Duration=48174
Task=0 Chunk=1 Start=4100638888196 End=4100639011816 Duration=123620
Task=0 Chunk=2 Start=4100639011848 End=4100639025141 Duration=13293
Task=1 Chunk=0 Start=4100638888181 End=4100638918436 Duration=30255
Task=1 Chunk=1 Start=4100639011822 End=4100639036834 Duration=25012
Task=1 Chunk=2 Start=4100639039315 End=4100639039640 Duration=325
Task=2 Chunk=0 Start=4100638918443 End=4100638948026 Duration=29583
Task=2 Chunk=1 Start=4100639036837 End=4100639057805 Duration=20968
Task=2 Chunk=2 Start=4100639059348 End=4100639059509 Duration=161
Task=3 Chunk=0 Start=4100638948027 End=4100638979128 Duration=31101
Task=3 Chunk=1 Start=4100639057813 End=4100639078440 Duration=20627
Task=3 Chunk=2 Start=4100639079973 End=4100639080077 Duration=104
Task=4 Chunk=0 Start=4100638979135 End=4100639009129 Duration=29994
Task=4 Chunk=1 Start=4100639078441 End=4100639097792 Duration=19351
Task=4 Chunk=2 Start=4100639099101 End=4100639099250 Duration=149
Task=5 Chunk=0 Start=4100639009135 End=4100639038768 Duration=29633
Task=5 Chunk=1 Start=4100639097796 End=4100639117102 Duration=19306
Task=5 Chunk=2 Start=4100639118662 End=4100639118826 Duration=164
Task=6 Chunk=0 Start=4100639038769 End=4100639069971 Duration=31202
Task=6 Chunk=1 Start=4100639117104 End=4100639137479 Duration=20375
Task=6 Chunk=2 Start=4100639138794 End=4100639138940 Duration=146
Task=7 Chunk=0 Start=4100639069972 End=4100639099834 Duration=29862
Task=7 Chunk=1 Start=4100639137481 End=4100639157303 Duration=19822
Task=7 Chunk=2 Start=4100639158861 End=4100639159007 Duration=146
Task=8 Chunk=0 Start=4100639099835 End=4100639130111 Duration=30276
Task=8 Chunk=1 Start=4100639157310 End=4100639177098 Duration=19788
Task=8 Chunk=2 Start=4100639178647 End=4100639178779 Duration=132
Task=9 Chunk=0 Start=4100639130112 End=4100639161441 Duration=31329
Task=9 Chunk=1 Start=4100639177103 End=4100639197147 Duration=20044
Task=9 Chunk=2 Start=4100639198714 End=4100639198860 Duration=146
Task=10 Chunk=0 Start=4100639161442 End=4100639191457 Duration=30015
Task=10 Chunk=1 Start=4100639197148 End=4100639216515 Duration=19367
Task=10 Chunk=2 Start=4100639216651 End=4100639216790 Duration=139
Task=11 Chunk=0 Start=4100639191458 End=4100639221213 Duration=29755
Task=11 Chunk=1 Start=4100639221291 End=4100639240947 Duration=19656
Task=11 Chunk=2 Start=4100639241059 End=4100639241200 Duration=141
Task=12 Chunk=0 Start=4100639221216 End=4100639251736 Duration=30520
Task=12 Chunk=1 Start=4100639251824 End=4100639271880 Duration=20056
Task=12 Chunk=2 Start=4100639272028 End=4100639272202 Duration=174
Task=13 Chunk=0 Start=4100639251740 End=4100639281198 Duration=29458
Task=13 Chunk=1 Start=4100639281287 End=4100639301183 Duration=19896
Task=13 Chunk=2 Start=4100639301324 End=4100639301506 Duration=182
Task=14 Chunk=0 Start=4100639281202 End=4100639310554 Duration=29352
Task=14 Chunk=1 Start=4100639310608 End=4100639330689 Duration=20081
Task=14 Chunk=2 Start=4100639330824 End=4100639330954 Duration=130
Task=15 Chunk=0 Start=4100639310555 End=4100639340165 Duration=29610
Task=15 Chunk=1 Start=4100639340193 End=4100639360327 Duration=20134
Task=15 Chunk=2 Start=4100639360450 End=4100639360617 Duration=167
Task=16 Chunk=0 Start=4100639340166 End=4100639370802 Duration=30636
Task=16 Chunk=1 Start=4100639370836 End=4100639390769 Duration=19933
Task=16 Chunk=2 Start=4100639390915 End=4100639391041 Duration=126
Task=17 Chunk=0 Start=4100639370804 End=4100639400370 Duration=29566
Task=17 Chunk=1 Start=4100639400419 End=4100639420585 Duration=20166
Task=17 Chunk=2 Start=4100639421410 End=4100639421613 Duration=203
Task=18 Chunk=0 Start=4100639400372 End=4100639429695 Duration=29323
Task=18 Chunk=1 Start=4100639429760 End=4100639450303 Duration=20543
Task=18 Chunk=2 Start=4100639450423 End=4100639450594 Duration=171
Task=19 Chunk=0 Start=4100639429698 End=4100639460203 Duration=30505
Task=19 Chunk=1 Start=4100639460311 End=4100639480031 Duration=19720
Task=19 Chunk=2 Start=4100639480167 End=4100639480332 Duration=165
Task=20 Chunk=0 Start=4100639460204 End=4100639489664 Duration=29460
Task=20 Chunk=1 Start=4100639489711 End=4100639509414 Duration=19703
Task=20 Chunk=2 Start=4100639509592 End=4100639509785 Duration=193
Task=21 Chunk=0 Start=4100639489665 End=4100639519117 Duration=29452
Task=21 Chunk=1 Start=4100639519239 End=4100639539339 Duration=20100
Task=21 Chunk=2 Start=4100639539453 End=4100639539613 Duration=160
Task=22 Chunk=0 Start=4100639519120 End=4100639549535 Duration=30415
Task=22 Chunk=1 Start=4100639549569 End=4100639569762 Duration=20193
Task=22 Chunk=2 Start=4100639569864 End=4100639570044 Duration=180
Task=23 Chunk=0 Start=4100639549538 End=4100639579196 Duration=29658
Task=23 Chunk=1 Start=4100639579282 End=4100639599139 Duration=19857
Task=23 Chunk=2 Start=4100639599299 End=4100639599460 Duration=161
Task=24 Chunk=0 Start=4100639579197 End=4100639608657 Duration=29460
Task=24 Chunk=1 Start=4100639608728 End=4100639628451 Duration=19723
Task=24 Chunk=2 Start=4100639628574 End=4100639628747 Duration=173
Task=25 Chunk=0 Start=4100639608661 End=4100639639038 Duration=30377
Task=25 Chunk=1 Start=4100639639060 End=4100639658852 Duration=19792
Task=25 Chunk=2 Start=4100639658954 End=4100639659112 Duration=158
Task=26 Chunk=0 Start=4100639639047 End=4100639668555 Duration=29508
Task=26 Chunk=1 Start=4100639668627 End=4100639688907 Duration=20280
Task=26 Chunk=2 Start=4100639689021 End=4100639689207 Duration=186
Task=27 Chunk=0 Start=4100639668558 End=4100639697767 Duration=29209
Task=27 Chunk=1 Start=4100639697847 End=4100639718113 Duration=20266
Task=27 Chunk=2 Start=4100639718237 End=4100639718363 Duration=126
Task=28 Chunk=0 Start=4100639697768 End=4100639727156 Duration=29388
Task=28 Chunk=1 Start=4100639727214 End=4100639747168 Duration=19954
Task=28 Chunk=2 Start=4100639747310 End=4100639747463 Duration=153
Task=29 Chunk=0 Start=4100639727161 End=4100639757514 Duration=30353
Task=29 Chunk=1 Start=4100639757557 End=4100639777754 Duration=20197
Task=29 Chunk=2 Start=4100639777875 End=4100639778009 Duration=134
Task=30 Chunk=0 Start=4100639757518 End=4100639787055 Duration=29537
Task=30 Chunk=1 Start=4100639787153 End=4100639807103 Duration=19950
Task=30 Chunk=2 Start=4100639807216 End=4100639807367 Duration=151
Task=31 Chunk=0 Start=4100639787055 End=4100639816650 Duration=29595
Task=31 Chunk=1 Start=4100639816750 End=4100639837587 Duration=20837
Task=31 Chunk=2 Start=4100639837900 End=4100639838175 Duration=275
Task=32 Chunk=0 Start=4100639816652 End=4100639847168 Duration=30516
Task=32 Chunk=1 Start=4100639847292 End=4100639867812 Duration=20520
Task=32 Chunk=2 Start=4100639867931 End=4100639868106 Duration=175
Task=33 Chunk=0 Start=4100639847184 End=4100639876695 Duration=29511
Task=33 Chunk=1 Start=4100639876793 End=4100639897197 Duration=20404
Task=33 Chunk=2 Start=4100639897334 End=4100639897480 Duration=146
Task=34 Chunk=0 Start=4100639876697 End=4100639906220 Duration=29523
Task=34 Chunk=1 Start=4100639906231 End=4100639927922 Duration=21691
Task=34 Chunk=2 Start=4100639928049 End=4100639928201 Duration=152
Task=35 Chunk=0 Start=4100639906223 End=4100639936601 Duration=30378
Task=35 Chunk=1 Start=4100639936717 End=4100639960923 Duration=24206
Task=35 Chunk=2 Start=4100639964744 End=4100639964888 Duration=144
Task=36 Chunk=0 Start=4100639936601 End=4100639965999 Duration=29398
Task=36 Chunk=1 Start=4100639966012 End=4100639990393 Duration=24381
Task=36 Chunk=2 Start=4100639996609 End=4100639996773 Duration=164
Task=37 Chunk=0 Start=4100639966000 End=4100639995507 Duration=29507
Task=37 Chunk=1 Start=4100639995526 End=4100640015603 Duration=20077
Task=37 Chunk=2 Start=4100640018803 End=4100640018889 Duration=86
Task=38 Chunk=0 Start=4100639995510 End=4100640025036 Duration=29526
Task=38 Chunk=1 Start=4100640025116 End=4100640045708 Duration=20592
Task=38 Chunk=2 Start=4100640046635 End=4100640046810 Duration=175
Task=39 Chunk=0 Start=4100640025037 End=4100640055463 Duration=30426
Task=39 Chunk=1 Start=4100640055504 End=4100640075803 Duration=20299
Task=39 Chunk=2 Start=4100640077750 End=4100640077914 Duration=164
Task=40 Chunk=0 Start=4100640055468 End=4100640084968 Duration=29500
Task=40 Chunk=1 Start=4100640085041 End=4100640105237 Duration=20196
Task=40 Chunk=2 Start=4100640107006 End=4100640107169 Duration=163
Task=41 Chunk=0 Start=4100640084970 End=4100640114503 Duration=29533
Task=41 Chunk=1 Start=4100640114560 End=4100640136465 Duration=21905
Task=41 Chunk=2 Start=4100640136537 End=4100640137019 Duration=482
Task=42 Chunk=0 Start=4100640114504 End=4100640145038 Duration=30534
Task=42 Chunk=1 Start=4100640145054 End=4100640170135 Duration=25081
Task=42 Chunk=2 Start=4100640170189 End=4100640170386 Duration=197
Task=43 Chunk=0 Start=4100640145039 End=4100640174441 Duration=29402
Task=43 Chunk=1 Start=4100640174456 End=4100640200865 Duration=26409
Task=43 Chunk=2 Start=4100640200926 End=4100640201137 Duration=211
Task=44 Chunk=0 Start=4100640174442 End=4100640204013 Duration=29571
Task=44 Chunk=1 Start=4100640204026 End=4100640230682 Duration=26656
Task=44 Chunk=2 Start=4100640230767 End=4100640230982 Duration=215
Task=45 Chunk=0 Start=4100640204016 End=4100640234641 Duration=30625
Task=45 Chunk=1 Start=4100640234661 End=4100640256223 Duration=21562
Task=45 Chunk=2 Start=4100640256234 End=4100640256436 Duration=202
Task=46 Chunk=0 Start=4100640234646 End=4100640264123 Duration=29477
Task=46 Chunk=1 Start=4100640264137 End=4100640284482 Duration=20345
Task=46 Chunk=2 Start=4100640284572 End=4100640284765 Duration=193
Task=47 Chunk=0 Start=4100640264126 End=4100640293504 Duration=29378
Task=47 Chunk=1 Start=4100640293524 End=4100640314071 Duration=20547
Task=47 Chunk=2 Start=4100640314162 End=4100640314347 Duration=185
Task=48 Chunk=0 Start=4100640293505 End=4100640323050 Duration=29545
Task=48 Chunk=1 Start=4100640323055 End=4100640343771 Duration=20716
Task=48 Chunk=2 Start=4100640343812 End=4100640344007 Duration=195
Task=49 Chunk=0 Start=4100640323051 End=4100640353368 Duration=30317
Task=49 Chunk=1 Start=4100640353386 End=4100640373429 Duration=20043
Task=49 Chunk=2 Start=4100640373472 End=4100640373659 Duration=187
Task=50 Chunk=0 Start=4100640353373 End=4100640382935 Duration=29562
Task=50 Chunk=1 Start=4100640382950 End=4100640402875 Duration=19925
Task=50 Chunk=2 Start=4100640402904 End=4100640403098 Duration=194
Task=51 Chunk=0 Start=4100640382940 End=4100640412295 Duration=29355
Task=51 Chunk=1 Start=4100640412306 End=4100640434483 Duration=22177
Task=51 Chunk=2 Start=4100640434571 End=4100640434776 Duration=205
Task=52 Chunk=0 Start=4100640412300 End=4100640442700 Duration=30400
Task=52 Chunk=1 Start=4100640442707 End=4100640462779 Duration=20072
Task=52 Chunk=2 Start=4100640462880 End=4100640463066 Duration=186
Task=53 Chunk=0 Start=4100640442701 End=4100640472347 Duration=29646
Task=53 Chunk=1 Start=4100640472368 End=4100640510735 Duration=38367
Task=53 Chunk=2 Start=4100640510822 End=4100640511040 Duration=218
Task=54 Chunk=0 Start=4100640472357 End=4100640501952 Duration=29595
Task=54 Chunk=1 Start=4100640510758 End=4100640551078 Duration=40320
Task=54 Chunk=2 Start=4100640551189 End=4100640551391 Duration=202
Task=55 Chunk=0 Start=4100640501955 End=4100640533225 Duration=31270
Task=55 Chunk=1 Start=4100640551098 End=4100640596254 Duration=45156
Task=55 Chunk=2 Start=4100640596355 End=4100640596553 Duration=198
Task=56 Chunk=0 Start=4100640533226 End=4100640563037 Duration=29811
Task=56 Chunk=1 Start=4100640596275 End=4100640642605 Duration=46330
Task=56 Chunk=2 Start=4100640642694 End=4100640642900 Duration=206
Task=57 Chunk=0 Start=4100640563040 End=4100640592852 Duration=29812
Task=57 Chunk=1 Start=4100640642625 End=4100640682999 Duration=40374
Task=57 Chunk=2 Start=4100640683112 End=4100640683313 Duration=201
Task=58 Chunk=0 Start=4100640592852 End=4100640623390 Duration=30538
Task=58 Chunk=1 Start=4100640683013 End=4100640724850 Duration=41837
Task=58 Chunk=2 Start=4100640725144 End=4100640725348 Duration=204
Task=59 Chunk=0 Start=4100640623391 End=4100640653368 Duration=29977
Task=59 Chunk=1 Start=4100640724873 End=4100640765285 Duration=40412
Task=59 Chunk=2 Start=4100640765386 End=4100640765603 Duration=217
Task=60 Chunk=0 Start=4100640653368 End=4100640683211 Duration=29843
Task=60 Chunk=1 Start=4100640765299 End=4100640810256 Duration=44957
Task=60 Chunk=2 Start=4100640810289 End=4100640810493 Duration=204
Task=61 Chunk=0 Start=4100640683212 End=4100640712702 Duration=29490
Task=61 Chunk=1 Start=4100640810278 End=4100640838384 Duration=28106
Task=61 Chunk=2 Start=4100640838422 End=4100640838619 Duration=197
Task=62 Chunk=0 Start=4100640712703 End=4100640743137 Duration=30434
Task=62 Chunk=1 Start=4100640838386 End=4100640858446 Duration=20060
Task=62 Chunk=2 Start=4100640858550 End=4100640858736 Duration=186
Task=63 Chunk=0 Start=4100640743141 End=4100640772744 Duration=29603
Task=63 Chunk=1 Start=4100640858453 End=4100640877839 Duration=19386
Task=63 Chunk=2 Start=4100640877861 End=4100640878059 Duration=198
Task=64 Chunk=0 Start=4100640772744 End=4100640802323 Duration=29579
Task=64 Chunk=1 Start=4100640877842 End=4100640898167 Duration=20325
Task=64 Chunk=2 Start=4100640898259 End=4100640898442 Duration=183
Task=65 Chunk=0 Start=4100640802327 End=4100640833135 Duration=30808
Task=65 Chunk=1 Start=4100640898168 End=4100640918252 Duration=20084
Task=65 Chunk=2 Start=4100640918299 End=4100640918499 Duration=200
Task=66 Chunk=0 Start=4100640833143 End=4100640862958 Duration=29815
Task=66 Chunk=1 Start=4100640918267 End=4100640943454 Duration=25187
Task=66 Chunk=2 Start=4100640943532 End=4100640943728 Duration=196
Task=67 Chunk=0 Start=4100640862960 End=4100640892808 Duration=29848
Task=67 Chunk=1 Start=4100640943455 End=4100640963612 Duration=20157
Task=67 Chunk=2 Start=4100640963632 End=4100640963816 Duration=184
Task=68 Chunk=0 Start=4100640892809 End=4100640923476 Duration=30667
Task=68 Chunk=1 Start=4100640963615 End=4100640983096 Duration=19481
Task=68 Chunk=2 Start=4100640983229 End=4100640983417 Duration=188
Task=69 Chunk=0 Start=4100640923486 End=4100640953579 Duration=30093
Task=69 Chunk=1 Start=4100640983101 End=4100641002415 Duration=19314
Task=69 Chunk=2 Start=4100641002434 End=4100641002648 Duration=214
Task=70 Chunk=0 Start=4100640953579 End=4100640983513 Duration=29934
Task=70 Chunk=1 Start=4100641002418 End=4100641022699 Duration=20281
Task=70 Chunk=2 Start=4100641022780 End=4100641022978 Duration=198
Task=71 Chunk=0 Start=4100640983514 End=4100641013595 Duration=30081
Task=71 Chunk=1 Start=4100641022704 End=4100641042240 Duration=19536
Task=71 Chunk=2 Start=4100641042290 End=4100641042480 Duration=190
Task=72 Chunk=0 Start=4100641013596 End=4100641044429 Duration=30833
Task=72 Chunk=1 Start=4100641044445 End=4100641063524 Duration=19079
Task=72 Chunk=2 Start=4100641063635 End=4100641063826 Duration=191
Task=73 Chunk=0 Start=4100641044430 End=4100641074069 Duration=29639
Task=73 Chunk=1 Start=4100641074077 End=4100641093479 Duration=19402
Task=73 Chunk=2 Start=4100641093562 End=4100641093771 Duration=209
Task=74 Chunk=0 Start=4100641074073 End=4100641103389 Duration=29316
Task=74 Chunk=1 Start=4100641103406 End=4100641123506 Duration=20100
Task=74 Chunk=2 Start=4100641123608 End=4100641123803 Duration=195
Task=75 Chunk=0 Start=4100641103390 End=4100641134265 Duration=30875
Task=75 Chunk=1 Start=4100641134283 End=4100641153989 Duration=19706
Task=75 Chunk=2 Start=4100641154080 End=4100641154279 Duration=199
Task=76 Chunk=0 Start=4100641134267 End=4100641163981 Duration=29714
Task=76 Chunk=1 Start=4100641163996 End=4100641183646 Duration=19650
Task=76 Chunk=2 Start=4100641183750 End=4100641183939 Duration=189
Task=77 Chunk=0 Start=4100641163985 End=4100641193519 Duration=29534
Task=77 Chunk=1 Start=4100641193530 End=4100641214286 Duration=20756
Task=77 Chunk=2 Start=4100641214346 End=4100641214546 Duration=200
Task=78 Chunk=0 Start=4100641193521 End=4100641224073 Duration=30552
Task=78 Chunk=1 Start=4100641224087 End=4100641243953 Duration=19866
Task=78 Chunk=2 Start=4100641244060 End=4100641244253 Duration=193
Task=79 Chunk=0 Start=4100641224077 End=4100641253570 Duration=29493
Task=79 Chunk=1 Start=4100641253587 End=4100641273101 Duration=19514
Task=79 Chunk=2 Start=4100641273194 End=4100641273386 Duration=192
Task=80 Chunk=0 Start=4100641253570 End=4100641283046 Duration=29476
Task=80 Chunk=1 Start=4100641283066 End=4100641302339 Duration=19273
Task=80 Chunk=2 Start=4100641302404 End=4100641302592 Duration=188
Task=81 Chunk=0 Start=4100641283047 End=4100641313881 Duration=30834
Task=81 Chunk=1 Start=4100641313904 End=4100641333641 Duration=19737
Task=81 Chunk=2 Start=4100641333670 End=4100641333871 Duration=201
Task=82 Chunk=0 Start=4100641313886 End=4100641343671 Duration=29785
Task=82 Chunk=1 Start=4100641343693 End=4100641363564 Duration=19871
Task=82 Chunk=2 Start=4100641363679 End=4100641363861 Duration=182
Task=83 Chunk=0 Start=4100641343672 End=4100641373211 Duration=29539
Task=83 Chunk=1 Start=4100641373241 End=4100641393924 Duration=20683
Task=83 Chunk=2 Start=4100641393952 End=4100641394150 Duration=198
Task=84 Chunk=0 Start=4100641373212 End=4100641402459 Duration=29247
Task=84 Chunk=1 Start=4100641402477 End=4100641422118 Duration=19641
Task=84 Chunk=2 Start=4100641422148 End=4100641422340 Duration=192
Task=85 Chunk=0 Start=4100641402460 End=4100641433199 Duration=30739
Task=85 Chunk=1 Start=4100641433218 End=4100641454121 Duration=20903
Task=85 Chunk=2 Start=4100641454233 End=4100641454428 Duration=195
Task=86 Chunk=0 Start=4100641433205 End=4100641462608 Duration=29403
Task=86 Chunk=1 Start=4100641462623 End=4100641482887 Duration=20264
Task=86 Chunk=2 Start=4100641482950 End=4100641483147 Duration=197
Task=87 Chunk=0 Start=4100641462611 End=4100641492060 Duration=29449
Task=87 Chunk=1 Start=4100641492076 End=4100641512958 Duration=20882
Task=87 Chunk=2 Start=4100641513064 End=4100641513276 Duration=212
Task=88 Chunk=0 Start=4100641492061 End=4100641522576 Duration=30515
Task=88 Chunk=1 Start=4100641522589 End=4100641583342 Duration=60753
Task=88 Chunk=2 Start=4100641583464 End=4100641583708 Duration=244
Task=89 Chunk=0 Start=4100641522580 End=4100641552172 Duration=29592
Task=89 Chunk=1 Start=4100641583351 End=4100641607695 Duration=24344
Task=89 Chunk=2 Start=4100641607763 End=4100641607986 Duration=223
Task=90 Chunk=0 Start=4100641552174 End=4100641582686 Duration=30512
Task=90 Chunk=1 Start=4100641607699 End=4100641629451 Duration=21752
Task=90 Chunk=2 Start=4100641629553 End=4100641629758 Duration=205
Task=91 Chunk=0 Start=4100641582687 End=4100641616952 Duration=34265
Task=91 Chunk=1 Start=4100641629452 End=4100641650546 Duration=21094
Task=91 Chunk=2 Start=4100641650562 End=4100641650771 Duration=209
Task=92 Chunk=0 Start=4100641616954 End=4100641650162 Duration=33208
Task=92 Chunk=1 Start=4100641650547 End=4100641671951 Duration=21404
Task=92 Chunk=2 Start=4100641671978 End=4100641672192 Duration=214
Task=93 Chunk=0 Start=4100641650167 End=4100641682378 Duration=32211
Task=93 Chunk=1 Start=4100641682404 End=4100641704968 Duration=22564
Task=93 Chunk=2 Start=4100641705077 End=4100641705284 Duration=207
Task=94 Chunk=0 Start=4100641682379 End=4100641715908 Duration=33529
Task=94 Chunk=1 Start=4100641715926 End=4100641737316 Duration=21390
Task=94 Chunk=2 Start=4100641737383 End=4100641737589 Duration=206
Task=95 Chunk=0 Start=4100641715909 End=4100641748434 Duration=32525
Task=95 Chunk=1 Start=4100641748452 End=4100641769378 Duration=20926
Task=95 Chunk=2 Start=4100641769464 End=4100641769683 Duration=219
Task=96 Chunk=0 Start=4100641748435 End=4100641780963 Duration=32528
Task=96 Chunk=1 Start=4100641780986 End=4100641803164 Duration=22178
Task=96 Chunk=2 Start=4100641803217 End=4100641803428 Duration=211
Task=97 Chunk=0 Start=4100641780964 End=4100641814892 Duration=33928
Task=97 Chunk=1 Start=4100641814901 End=4100641836499 Duration=21598
Task=97 Chunk=2 Start=4100641836546 End=4100641836748 Duration=202
Task=98 Chunk=0 Start=4100641814896 End=4100641847432 Duration=32536
Task=98 Chunk=1 Start=4100641847440 End=4100641869008 Duration=21568
Task=98 Chunk=2 Start=4100641869025 End=4100641869229 Duration=204
Task=99 Chunk=0 Start=4100641847433 End=4100641879772 Duration=32339
Task=99 Chunk=1 Start=4100641879785 End=4100641901831 Duration=22046
Task=99 Chunk=2 Start=4100641901916 End=4100641902131 Duration=215
### Python End ###

--------------------------------
[2025-06-26 18:35:03.086] [info] Available Vulkan Layers:
[2025-06-26 18:35:03.086] [warning] Validation layer requested but not available, continuing without it...
[2025-06-26 18:35:03.091] [info] Using integrated GPU: Mali-G710
[2025-06-26 18:35:03.095] [info] VulkanDispatcher instance created.
[2025-06-26 18:35:03.277] [info] Total memory used: 40550404 bytes (38.67188 MB)
[2025-06-26 18:35:03.283] [info] Total memory used: 40550404 bytes (38.67188 MB)
[2025-06-26 18:35:03.333] [info] Total memory used: 40550404 bytes (38.67188 MB)
[2025-06-26 18:35:03.338] [info] Total memory used: 40550404 bytes (38.67188 MB)
[2025-06-26 18:35:03.343] [info] Total memory used: 40550404 bytes (38.67188 MB)
[2025-06-26 18:35:03.412] [info] Total memory used: 40550404 bytes (38.67188 MB)
[2025-06-26 18:35:03.417] [info] Total memory used: 40550404 bytes (38.67188 MB)
[2025-06-26 18:35:03.422] [info] Total memory used: 40550404 bytes (38.67188 MB)
[2025-06-26 18:35:03.427] [info] Total memory used: 40550404 bytes (38.67188 MB)
[2025-06-26 18:35:03.433] [info] Total memory used: 40550404 bytes (38.67188 MB)
[2025-06-26 18:35:03.519] [info] Total memory used: 40550404 bytes (38.67188 MB)
[2025-06-26 18:35:03.524] [info] Total memory used: 40550404 bytes (38.67188 MB)
[2025-06-26 18:35:03.530] [info] Total memory used: 40550404 bytes (38.67188 MB)
[2025-06-26 18:35:03.535] [info] Total memory used: 40550404 bytes (38.67188 MB)
[2025-06-26 18:35:03.540] [info] Total memory used: 40550404 bytes (38.67188 MB)
[2025-06-26 18:35:03.545] [info] Total memory used: 40550404 bytes (38.67188 MB)
### Python Begin ###
Schedule_UID=SCH-B5L2-G096-8a09
Frequency=24576000 Hz
Task=0 Chunk=0 Start=4100654737960 End=4100654995060 Duration=257100
Task=0 Chunk=1 Start=4100654995107 End=4100655225602 Duration=230495
Task=1 Chunk=0 Start=4100654995091 End=4100655241775 Duration=246684
Task=1 Chunk=1 Start=4100655241841 End=4100655416022 Duration=174181
Task=2 Chunk=0 Start=4100655241776 End=4100655488901 Duration=247125
Task=2 Chunk=1 Start=4100655488923 End=4100655658851 Duration=169928
Task=3 Chunk=0 Start=4100655488910 End=4100655734105 Duration=245195
Task=3 Chunk=1 Start=4100655734141 End=4100655907591 Duration=173450
Task=4 Chunk=0 Start=4100655734114 End=4100655981001 Duration=246887
Task=4 Chunk=1 Start=4100655981056 End=4100656157559 Duration=176503
Task=5 Chunk=0 Start=4100655981005 End=4100656225801 Duration=244796
Task=5 Chunk=1 Start=4100656225857 End=4100656397839 Duration=171982
Task=6 Chunk=0 Start=4100656225807 End=4100656472654 Duration=246847
Task=6 Chunk=1 Start=4100656472716 End=4100656650288 Duration=177572
Task=7 Chunk=0 Start=4100656472660 End=4100656718168 Duration=245508
Task=7 Chunk=1 Start=4100656718210 End=4100656894097 Duration=175887
Task=8 Chunk=0 Start=4100656718169 End=4100656965001 Duration=246832
Task=8 Chunk=1 Start=4100656965057 End=4100657134223 Duration=169166
Task=9 Chunk=0 Start=4100656965016 End=4100657212171 Duration=247155
Task=9 Chunk=1 Start=4100657212251 End=4100657385661 Duration=173410
Task=10 Chunk=0 Start=4100657212179 End=4100657458472 Duration=246293
Task=10 Chunk=1 Start=4100657458524 End=4100657633981 Duration=175457
Task=11 Chunk=0 Start=4100657458492 End=4100657703787 Duration=245295
Task=11 Chunk=1 Start=4100657703890 End=4100657874933 Duration=171043
Task=12 Chunk=0 Start=4100657703789 End=4100657952204 Duration=248415
Task=12 Chunk=1 Start=4100657952251 End=4100658128790 Duration=176539
Task=13 Chunk=0 Start=4100657952247 End=4100658197592 Duration=245345
Task=13 Chunk=1 Start=4100658197642 End=4100658368918 Duration=171276
Task=14 Chunk=0 Start=4100658197593 End=4100658443692 Duration=246099
Task=14 Chunk=1 Start=4100658443768 End=4100658613695 Duration=169927
Task=15 Chunk=0 Start=4100658443705 End=4100658688324 Duration=244619
Task=15 Chunk=1 Start=4100658688385 End=4100658866217 Duration=177832
Task=16 Chunk=0 Start=4100658688326 End=4100658934242 Duration=245916
Task=16 Chunk=1 Start=4100658934295 End=4100659107671 Duration=173376
Task=17 Chunk=0 Start=4100658934243 End=4100659179135 Duration=244892
Task=17 Chunk=1 Start=4100659179150 End=4100659350723 Duration=171573
Task=18 Chunk=0 Start=4100659179136 End=4100659425098 Duration=245962
Task=18 Chunk=1 Start=4100659425149 End=4100659603629 Duration=178480
Task=19 Chunk=0 Start=4100659425107 End=4100659670770 Duration=245663
Task=19 Chunk=1 Start=4100659670796 End=4100659846701 Duration=175905
Task=20 Chunk=0 Start=4100659670775 End=4100659916884 Duration=246109
Task=20 Chunk=1 Start=4100659916898 End=4100660088077 Duration=171179
Task=21 Chunk=0 Start=4100659916885 End=4100660161677 Duration=244792
Task=21 Chunk=1 Start=4100660161726 End=4100660340069 Duration=178343
Task=22 Chunk=0 Start=4100660161684 End=4100660407369 Duration=245685
Task=22 Chunk=1 Start=4100660407438 End=4100660584192 Duration=176754
Task=23 Chunk=0 Start=4100660407372 End=4100660652551 Duration=245179
Task=23 Chunk=1 Start=4100660652580 End=4100660827689 Duration=175109
Task=24 Chunk=0 Start=4100660652557 End=4100660898112 Duration=245555
Task=24 Chunk=1 Start=4100660898148 End=4100661067812 Duration=169664
Task=25 Chunk=0 Start=4100660898116 End=4100661143170 Duration=245054
Task=25 Chunk=1 Start=4100661143215 End=4100661319059 Duration=175844
Task=26 Chunk=0 Start=4100661143183 End=4100661389580 Duration=246397
Task=26 Chunk=1 Start=4100661389636 End=4100661562536 Duration=172900
Task=27 Chunk=0 Start=4100661389581 End=4100661634659 Duration=245078
Task=27 Chunk=1 Start=4100661634736 End=4100661806088 Duration=171352
Task=28 Chunk=0 Start=4100661634668 End=4100661880294 Duration=245626
Task=28 Chunk=1 Start=4100661880331 End=4100662050424 Duration=170093
Task=29 Chunk=0 Start=4100661880298 End=4100662125367 Duration=245069
Task=29 Chunk=1 Start=4100662125418 End=4100662297956 Duration=172538
Task=30 Chunk=0 Start=4100662125374 End=4100662371427 Duration=246053
Task=30 Chunk=1 Start=4100662371494 End=4100662542418 Duration=170924
Task=31 Chunk=0 Start=4100662371434 End=4100662616684 Duration=245250
Task=31 Chunk=1 Start=4100662616728 End=4100662790558 Duration=173830
Task=32 Chunk=0 Start=4100662616685 End=4100662862887 Duration=246202
Task=32 Chunk=1 Start=4100662862968 End=4100663032223 Duration=169255
Task=33 Chunk=0 Start=4100662862888 End=4100663107474 Duration=244586
Task=33 Chunk=1 Start=4100663107531 End=4100663279310 Duration=171779
Task=34 Chunk=0 Start=4100663107483 End=4100663353395 Duration=245912
Task=34 Chunk=1 Start=4100663353483 End=4100663528756 Duration=175273
Task=35 Chunk=0 Start=4100663353410 End=4100663597444 Duration=244034
Task=35 Chunk=1 Start=4100663597477 End=4100663771374 Duration=173897
Task=36 Chunk=0 Start=4100663597446 End=4100663843713 Duration=246267
Task=36 Chunk=1 Start=4100663843742 End=4100664019427 Duration=175685
Task=37 Chunk=0 Start=4100663843725 End=4100664089095 Duration=245370
Task=37 Chunk=1 Start=4100664089167 End=4100664266208 Duration=177041
Task=38 Chunk=0 Start=4100664089104 End=4100664334795 Duration=245691
Task=38 Chunk=1 Start=4100664334838 End=4100664503052 Duration=168214
Task=39 Chunk=0 Start=4100664334800 End=4100664579438 Duration=244638
Task=39 Chunk=1 Start=4100664579502 End=4100664749660 Duration=170158
Task=40 Chunk=0 Start=4100664579447 End=4100664824830 Duration=245383
Task=40 Chunk=1 Start=4100664824899 End=4100664998881 Duration=173982
Task=41 Chunk=0 Start=4100664824834 End=4100665069760 Duration=244926
Task=41 Chunk=1 Start=4100665069780 End=4100665241518 Duration=171738
Task=42 Chunk=0 Start=4100665069762 End=4100665315202 Duration=245440
Task=42 Chunk=1 Start=4100665315270 End=4100665485083 Duration=169813
Task=43 Chunk=0 Start=4100665315203 End=4100665560105 Duration=244902
Task=43 Chunk=1 Start=4100665560148 End=4100665731296 Duration=171148
Task=44 Chunk=0 Start=4100665560107 End=4100665805417 Duration=245310
Task=44 Chunk=1 Start=4100665805443 End=4100665974257 Duration=168814
Task=45 Chunk=0 Start=4100665805418 End=4100666050060 Duration=244642
Task=45 Chunk=1 Start=4100666050096 End=4100666267809 Duration=217713
Task=46 Chunk=0 Start=4100666050061 End=4100666295708 Duration=245647
Task=46 Chunk=1 Start=4100666295781 End=4100666531002 Duration=235221
Task=47 Chunk=0 Start=4100666295710 End=4100666539740 Duration=244030
Task=47 Chunk=1 Start=4100666539801 End=4100666711611 Duration=171810
Task=48 Chunk=0 Start=4100666539741 End=4100666784920 Duration=245179
Task=48 Chunk=1 Start=4100666784946 End=4100666955160 Duration=170214
Task=49 Chunk=0 Start=4100666784921 End=4100667030314 Duration=245393
Task=49 Chunk=1 Start=4100667030370 End=4100667207396 Duration=177026
Task=50 Chunk=0 Start=4100667030316 End=4100667275478 Duration=245162
Task=50 Chunk=1 Start=4100667275525 End=4100667446174 Duration=170649
Task=51 Chunk=0 Start=4100667275482 End=4100667520180 Duration=244698
Task=51 Chunk=1 Start=4100667520232 End=4100667698000 Duration=177768
Task=52 Chunk=0 Start=4100667520182 End=4100667765763 Duration=245581
Task=52 Chunk=1 Start=4100667765828 End=4100667945772 Duration=179944
Task=53 Chunk=0 Start=4100667765764 End=4100668010112 Duration=244348
Task=53 Chunk=1 Start=4100668010171 End=4100668262424 Duration=252253
Task=54 Chunk=0 Start=4100668010113 End=4100668255553 Duration=245440
Task=54 Chunk=1 Start=4100668262447 End=4100668479029 Duration=216582
Task=55 Chunk=0 Start=4100668255554 End=4100668499645 Duration=244091
Task=55 Chunk=1 Start=4100668499691 End=4100668740727 Duration=241036
Task=56 Chunk=0 Start=4100668499646 End=4100668744811 Duration=245165
Task=56 Chunk=1 Start=4100668744835 End=4100668953206 Duration=208371
Task=57 Chunk=0 Start=4100668744814 End=4100668989643 Duration=244829
Task=57 Chunk=1 Start=4100668989691 End=4100669232223 Duration=242532
Task=58 Chunk=0 Start=4100668989649 End=4100669235046 Duration=245397
Task=58 Chunk=1 Start=4100669235106 End=4100669430347 Duration=195241
Task=59 Chunk=0 Start=4100669235048 End=4100669479858 Duration=244810
Task=59 Chunk=1 Start=4100669479908 End=4100669651008 Duration=171100
Task=60 Chunk=0 Start=4100669479859 End=4100669724762 Duration=244903
Task=60 Chunk=1 Start=4100669724820 End=4100669897563 Duration=172743
Task=61 Chunk=0 Start=4100669724764 End=4100669969826 Duration=245062
Task=61 Chunk=1 Start=4100669969890 End=4100670143272 Duration=173382
Task=62 Chunk=0 Start=4100669969833 End=4100670215927 Duration=246094
Task=62 Chunk=1 Start=4100670215978 End=4100670385604 Duration=169626
Task=63 Chunk=0 Start=4100670215929 End=4100670460340 Duration=244411
Task=63 Chunk=1 Start=4100670460389 End=4100670632492 Duration=172103
Task=64 Chunk=0 Start=4100670460347 End=4100670705911 Duration=245564
Task=64 Chunk=1 Start=4100670705961 End=4100670880117 Duration=174156
Task=65 Chunk=0 Start=4100670705914 End=4100670950464 Duration=244550
Task=65 Chunk=1 Start=4100670950508 End=4100671122390 Duration=171882
Task=66 Chunk=0 Start=4100670950465 End=4100671196047 Duration=245582
Task=66 Chunk=1 Start=4100671196102 End=4100671458945 Duration=262843
Task=67 Chunk=0 Start=4100671196049 End=4100671441057 Duration=245008
Task=67 Chunk=1 Start=4100671458957 End=4100671641045 Duration=182088
Task=68 Chunk=0 Start=4100671441082 End=4100671686733 Duration=245651
Task=68 Chunk=1 Start=4100671686787 End=4100671871148 Duration=184361
Task=69 Chunk=0 Start=4100671686740 End=4100671931298 Duration=244558
Task=69 Chunk=1 Start=4100671931342 End=4100672115673 Duration=184331
Task=70 Chunk=0 Start=4100671931306 End=4100672175233 Duration=243927
Task=70 Chunk=1 Start=4100672175264 End=4100672482527 Duration=307263
Task=71 Chunk=0 Start=4100672175235 End=4100672421146 Duration=245911
Task=71 Chunk=1 Start=4100672482579 End=4100672751417 Duration=268838
Task=72 Chunk=0 Start=4100672421178 End=4100672667976 Duration=246798
Task=72 Chunk=1 Start=4100672751447 End=4100673036182 Duration=284735
Task=73 Chunk=0 Start=4100672668000 End=4100672913498 Duration=245498
Task=73 Chunk=1 Start=4100673036222 End=4100673306823 Duration=270601
Task=74 Chunk=0 Start=4100672913510 End=4100673157763 Duration=244253
Task=74 Chunk=1 Start=4100673306884 End=4100673531532 Duration=224648
Task=75 Chunk=0 Start=4100673157773 End=4100673403468 Duration=245695
Task=75 Chunk=1 Start=4100673531572 End=4100673766424 Duration=234852
Task=76 Chunk=0 Start=4100673403482 End=4100673648181 Duration=244699
Task=76 Chunk=1 Start=4100673766488 End=4100674001245 Duration=234757
Task=77 Chunk=0 Start=4100673648206 End=4100673894506 Duration=246300
Task=77 Chunk=1 Start=4100674001280 End=4100674199307 Duration=198027
Task=78 Chunk=0 Start=4100673894516 End=4100674139636 Duration=245120
Task=78 Chunk=1 Start=4100674199366 End=4100674441794 Duration=242428
Task=79 Chunk=0 Start=4100674139660 End=4100674385368 Duration=245708
Task=79 Chunk=1 Start=4100674441824 End=4100674632780 Duration=190956
Task=80 Chunk=0 Start=4100674385382 End=4100674630013 Duration=244631
Task=80 Chunk=1 Start=4100674632817 End=4100674856730 Duration=223913
Task=81 Chunk=0 Start=4100674630019 End=4100674875837 Duration=245818
Task=81 Chunk=1 Start=4100674875871 End=4100675078068 Duration=202197
Task=82 Chunk=0 Start=4100674875850 End=4100675120479 Duration=244629
Task=82 Chunk=1 Start=4100675120543 End=4100675325122 Duration=204579
Task=83 Chunk=0 Start=4100675120480 End=4100675367715 Duration=247235
Task=83 Chunk=1 Start=4100675367755 End=4100675565303 Duration=197548
Task=84 Chunk=0 Start=4100675367724 End=4100675612347 Duration=244623
Task=84 Chunk=1 Start=4100675612386 End=4100675785636 Duration=173250
Task=85 Chunk=0 Start=4100675612357 End=4100675858419 Duration=246062
Task=85 Chunk=1 Start=4100675858429 End=4100676051335 Duration=192906
Task=86 Chunk=0 Start=4100675858424 End=4100676103198 Duration=244774
Task=86 Chunk=1 Start=4100676103288 End=4100676302690 Duration=199402
Task=87 Chunk=0 Start=4100676103203 End=4100676348819 Duration=245616
Task=87 Chunk=1 Start=4100676348877 End=4100676556429 Duration=207552
Task=88 Chunk=0 Start=4100676348823 End=4100676592696 Duration=243873
Task=88 Chunk=1 Start=4100676592713 End=4100676789074 Duration=196361
Task=89 Chunk=0 Start=4100676592701 End=4100676838418 Duration=245717
Task=89 Chunk=1 Start=4100676838473 End=4100677032326 Duration=193853
Task=90 Chunk=0 Start=4100676838425 End=4100677083163 Duration=244738
Task=90 Chunk=1 Start=4100677083219 End=4100677301954 Duration=218735
Task=91 Chunk=0 Start=4100677083173 End=4100677329143 Duration=245970
Task=91 Chunk=1 Start=4100677329214 End=4100677525461 Duration=196247
Task=92 Chunk=0 Start=4100677329171 End=4100677574320 Duration=245149
Task=92 Chunk=1 Start=4100677574366 End=4100677747205 Duration=172839
Task=93 Chunk=0 Start=4100677574323 End=4100677820005 Duration=245682
Task=93 Chunk=1 Start=4100677820051 End=4100677992075 Duration=172024
Task=94 Chunk=0 Start=4100677820010 End=4100678064683 Duration=244673
Task=94 Chunk=1 Start=4100678064733 End=4100678241289 Duration=176556
Task=95 Chunk=0 Start=4100678064684 End=4100678310656 Duration=245972
Task=95 Chunk=1 Start=4100678310719 End=4100678508476 Duration=197757
Task=96 Chunk=0 Start=4100678310657 End=4100678555430 Duration=244773
Task=96 Chunk=1 Start=4100678555465 End=4100678757318 Duration=201853
Task=97 Chunk=0 Start=4100678555436 End=4100678801621 Duration=246185
Task=97 Chunk=1 Start=4100678801692 End=4100679004383 Duration=202691
Task=98 Chunk=0 Start=4100678801629 End=4100679046610 Duration=244981
Task=98 Chunk=1 Start=4100679046663 End=4100679235855 Duration=189192
Task=99 Chunk=0 Start=4100679046615 End=4100679292779 Duration=246164
Task=99 Chunk=1 Start=4100679292851 End=4100679465074 Duration=172223
### Python End ###

--------------------------------
[2025-06-26 18:35:04.582] [info] Available Vulkan Layers:
[2025-06-26 18:35:04.582] [warning] Validation layer requested but not available, continuing without it...
[2025-06-26 18:35:04.585] [info] Using integrated GPU: Mali-G710
[2025-06-26 18:35:04.588] [info] VulkanDispatcher instance created.
[2025-06-26 18:35:04.822] [info] Total memory used: 40550404 bytes (38.67188 MB)
[2025-06-26 18:35:04.827] [info] Total memory used: 40550404 bytes (38.67188 MB)
[2025-06-26 18:35:04.909] [info] Total memory used: 40550404 bytes (38.67188 MB)
[2025-06-26 18:35:04.921] [info] Total memory used: 40550404 bytes (38.67188 MB)
[2025-06-26 18:35:04.927] [info] Total memory used: 40550404 bytes (38.67188 MB)
[2025-06-26 18:35:04.995] [info] Total memory used: 40550404 bytes (38.67188 MB)
[2025-06-26 18:35:05.000] [info] Total memory used: 40550404 bytes (38.67188 MB)
[2025-06-26 18:35:05.006] [info] Total memory used: 40550404 bytes (38.67188 MB)
[2025-06-26 18:35:05.012] [info] Total memory used: 40550404 bytes (38.67188 MB)
[2025-06-26 18:35:05.017] [info] Total memory used: 40550404 bytes (38.67188 MB)
[2025-06-26 18:35:05.105] [info] Total memory used: 40550404 bytes (38.67188 MB)
[2025-06-26 18:35:05.110] [info] Total memory used: 40550404 bytes (38.67188 MB)
[2025-06-26 18:35:05.115] [info] Total memory used: 40550404 bytes (38.67188 MB)
[2025-06-26 18:35:05.120] [info] Total memory used: 40550404 bytes (38.67188 MB)
[2025-06-26 18:35:05.126] [info] Total memory used: 40550404 bytes (38.67188 MB)
[2025-06-26 18:35:05.131] [info] Total memory used: 40550404 bytes (38.67188 MB)
### Python Begin ###
Schedule_UID=SCH-M3G4-G101-6856
Frequency=24576000 Hz
Task=0 Chunk=0 Start=4100693715397 End=4100693777078 Duration=61681
Task=0 Chunk=1 Start=4100693777112 End=4100693975163 Duration=198051
Task=1 Chunk=0 Start=4100693777108 End=4100693838629 Duration=61521
Task=1 Chunk=1 Start=4100693975179 End=4100694044752 Duration=69573
Task=2 Chunk=0 Start=4100693838630 End=4100693904937 Duration=66307
Task=2 Chunk=1 Start=4100694044755 End=4100694111650 Duration=66895
Task=3 Chunk=0 Start=4100693904939 End=4100693972123 Duration=67184
Task=3 Chunk=1 Start=4100694111652 End=4100694173880 Duration=62228
Task=4 Chunk=0 Start=4100693972141 End=4100694027526 Duration=55385
Task=4 Chunk=1 Start=4100694173891 End=4100694233281 Duration=59390
Task=5 Chunk=0 Start=4100694027532 End=4100694067962 Duration=40430
Task=5 Chunk=1 Start=4100694233290 End=4100694293367 Duration=60077
Task=6 Chunk=0 Start=4100694067963 End=4100694111268 Duration=43305
Task=6 Chunk=1 Start=4100694293373 End=4100694353425 Duration=60052
Task=7 Chunk=0 Start=4100694111276 End=4100694146662 Duration=35386
Task=7 Chunk=1 Start=4100694353431 End=4100694413518 Duration=60087
Task=8 Chunk=0 Start=4100694146668 End=4100694181308 Duration=34640
Task=8 Chunk=1 Start=4100694413535 End=4100694488752 Duration=75217
Task=9 Chunk=0 Start=4100694181309 End=4100694216101 Duration=34792
Task=9 Chunk=1 Start=4100694488760 End=4100694562406 Duration=73646
Task=10 Chunk=0 Start=4100694216105 End=4100694249639 Duration=33534
Task=10 Chunk=1 Start=4100694562409 End=4100694638448 Duration=76039
Task=11 Chunk=0 Start=4100694249640 End=4100694282954 Duration=33314
Task=11 Chunk=1 Start=4100694638453 End=4100694714326 Duration=75873
Task=12 Chunk=0 Start=4100694282955 End=4100694317334 Duration=34379
Task=12 Chunk=1 Start=4100694714344 End=4100694789997 Duration=75653
Task=13 Chunk=0 Start=4100694317342 End=4100694350995 Duration=33653
Task=13 Chunk=1 Start=4100694790020 End=4100694864209 Duration=74189
Task=14 Chunk=0 Start=4100694350996 End=4100694383341 Duration=32345
Task=14 Chunk=1 Start=4100694864213 End=4100694940451 Duration=76238
Task=15 Chunk=0 Start=4100694383342 End=4100694417674 Duration=34332
Task=15 Chunk=1 Start=4100694940463 End=4100695014639 Duration=74176
Task=16 Chunk=0 Start=4100694417675 End=4100694450422 Duration=32747
Task=16 Chunk=1 Start=4100695014685 End=4100695095865 Duration=81180
Task=17 Chunk=0 Start=4100694450424 End=4100694483380 Duration=32956
Task=17 Chunk=1 Start=4100695095881 End=4100695160300 Duration=64419
Task=18 Chunk=0 Start=4100694483381 End=4100694517432 Duration=34051
Task=18 Chunk=1 Start=4100695160306 End=4100695224911 Duration=64605
Task=19 Chunk=0 Start=4100694517433 End=4100694550578 Duration=33145
Task=19 Chunk=1 Start=4100695224920 End=4100695286341 Duration=61421
Task=20 Chunk=0 Start=4100694550579 End=4100694584015 Duration=33436
Task=20 Chunk=1 Start=4100695286370 End=4100695349463 Duration=63093
Task=21 Chunk=0 Start=4100694584016 End=4100694618924 Duration=34908
Task=21 Chunk=1 Start=4100695349465 End=4100695419048 Duration=69583
Task=22 Chunk=0 Start=4100694618950 End=4100694652649 Duration=33699
Task=22 Chunk=1 Start=4100695419068 End=4100695496829 Duration=77761
Task=23 Chunk=0 Start=4100694652653 End=4100694685039 Duration=32386
Task=23 Chunk=1 Start=4100695496837 End=4100695571245 Duration=74408
Task=24 Chunk=0 Start=4100694685042 End=4100694719800 Duration=34758
Task=24 Chunk=1 Start=4100695571249 End=4100695645462 Duration=74213
Task=25 Chunk=0 Start=4100694719800 End=4100694752245 Duration=32445
Task=25 Chunk=1 Start=4100695645482 End=4100695721673 Duration=76191
Task=26 Chunk=0 Start=4100694752253 End=4100694785156 Duration=32903
Task=26 Chunk=1 Start=4100695721686 End=4100695795338 Duration=73652
Task=27 Chunk=0 Start=4100694790026 End=4100694822506 Duration=32480
Task=27 Chunk=1 Start=4100695795347 End=4100695870582 Duration=75235
Task=28 Chunk=0 Start=4100694864238 End=4100694898516 Duration=34278
Task=28 Chunk=1 Start=4100695870623 End=4100695945080 Duration=74457
Task=29 Chunk=0 Start=4100694940470 End=4100694972701 Duration=32231
Task=29 Chunk=1 Start=4100695945094 End=4100696020702 Duration=75608
Task=30 Chunk=0 Start=4100695014692 End=4100695047053 Duration=32361
Task=30 Chunk=1 Start=4100696020706 End=4100696106666 Duration=85960
Task=31 Chunk=0 Start=4100695095886 End=4100695128355 Duration=32469
Task=31 Chunk=1 Start=4100696106711 End=4100696180762 Duration=74051
Task=32 Chunk=0 Start=4100695160311 End=4100695193992 Duration=33681
Task=32 Chunk=1 Start=4100696180774 End=4100696258773 Duration=77999
Task=33 Chunk=0 Start=4100695224921 End=4100695257211 Duration=32290
Task=33 Chunk=1 Start=4100696258787 End=4100696334071 Duration=75284
Task=34 Chunk=0 Start=4100695286377 End=4100695319008 Duration=32631
Task=34 Chunk=1 Start=4100696334082 End=4100696416356 Duration=82274
Task=35 Chunk=0 Start=4100695349477 End=4100695383303 Duration=33826
Task=35 Chunk=1 Start=4100696416371 End=4100696490797 Duration=74426
Task=36 Chunk=0 Start=4100695419078 End=4100695451511 Duration=32433
Task=36 Chunk=1 Start=4100696490816 End=4100696564595 Duration=73779
Task=37 Chunk=0 Start=4100695496845 End=4100695529032 Duration=32187
Task=37 Chunk=1 Start=4100696564610 End=4100696644013 Duration=79403
Task=38 Chunk=0 Start=4100695571271 End=4100695604417 Duration=33146
Task=38 Chunk=1 Start=4100696644016 End=4100696726930 Duration=82914
Task=39 Chunk=0 Start=4100695645485 End=4100695679163 Duration=33678
Task=39 Chunk=1 Start=4100696726957 End=4100696799299 Duration=72342
Task=40 Chunk=0 Start=4100695721686 End=4100695753833 Duration=32147
Task=40 Chunk=1 Start=4100696799314 End=4100696865998 Duration=66684
Task=41 Chunk=0 Start=4100695795355 End=4100695827340 Duration=31985
Task=41 Chunk=1 Start=4100696866006 End=4100696924090 Duration=58084
Task=42 Chunk=0 Start=4100695870626 End=4100695903035 Duration=32409
Task=42 Chunk=1 Start=4100696924099 End=4100696982778 Duration=58679
Task=43 Chunk=0 Start=4100695945105 End=4100695979068 Duration=33963
Task=43 Chunk=1 Start=4100696982781 End=4100697056266 Duration=73485
Task=44 Chunk=0 Start=4100696020714 End=4100696053003 Duration=32289
Task=44 Chunk=1 Start=4100697056279 End=4100697129942 Duration=73663
Task=45 Chunk=0 Start=4100696106716 End=4100696139313 Duration=32597
Task=45 Chunk=1 Start=4100697129949 End=4100697205780 Duration=75831
Task=46 Chunk=0 Start=4100696180783 End=4100696213068 Duration=32285
Task=46 Chunk=1 Start=4100697205803 End=4100697281172 Duration=75369
Task=47 Chunk=0 Start=4100696258787 End=4100696292221 Duration=33434
Task=47 Chunk=1 Start=4100697281181 End=4100697353843 Duration=72662
Task=48 Chunk=0 Start=4100696334083 End=4100696367836 Duration=33753
Task=48 Chunk=1 Start=4100697353855 End=4100697426980 Duration=73125
Task=49 Chunk=0 Start=4100696416373 End=4100696448897 Duration=32524
Task=49 Chunk=1 Start=4100697426989 End=4100697500946 Duration=73957
Task=50 Chunk=0 Start=4100696490826 End=4100696523166 Duration=32340
Task=50 Chunk=1 Start=4100697500956 End=4100697575390 Duration=74434
Task=51 Chunk=0 Start=4100696564620 End=4100696596867 Duration=32247
Task=51 Chunk=1 Start=4100697575404 End=4100697648080 Duration=72676
Task=52 Chunk=0 Start=4100696644041 End=4100696677267 Duration=33226
Task=52 Chunk=1 Start=4100697648110 End=4100697720877 Duration=72767
Task=53 Chunk=0 Start=4100696726969 End=4100696761332 Duration=34363
Task=53 Chunk=1 Start=4100697720879 End=4100697795225 Duration=74346
Task=54 Chunk=0 Start=4100696799315 End=4100696832344 Duration=33029
Task=54 Chunk=1 Start=4100697795229 End=4100697871458 Duration=76229
Task=55 Chunk=0 Start=4100696866011 End=4100696898653 Duration=32642
Task=55 Chunk=1 Start=4100697871467 End=4100697944295 Duration=72828
Task=56 Chunk=0 Start=4100696924110 End=4100696957374 Duration=33264
Task=56 Chunk=1 Start=4100697944299 End=4100698016592 Duration=72293
Task=57 Chunk=0 Start=4100696982801 End=4100697015118 Duration=32317
Task=57 Chunk=1 Start=4100698016594 End=4100698090384 Duration=73790
Task=58 Chunk=0 Start=4100697056288 End=4100697088540 Duration=32252
Task=58 Chunk=1 Start=4100698090387 End=4100698169428 Duration=79041
Task=59 Chunk=0 Start=4100697129952 End=4100697163320 Duration=33368
Task=59 Chunk=1 Start=4100698169435 End=4100698241818 Duration=72383
Task=60 Chunk=0 Start=4100697205812 End=4100697238192 Duration=32380
Task=60 Chunk=1 Start=4100698241835 End=4100698315038 Duration=73203
Task=61 Chunk=0 Start=4100697281190 End=4100697313743 Duration=32553
Task=61 Chunk=1 Start=4100698315045 End=4100698392662 Duration=77617
Task=62 Chunk=0 Start=4100697353867 End=4100697387412 Duration=33545
Task=62 Chunk=1 Start=4100698392670 End=4100698474117 Duration=81447
Task=63 Chunk=0 Start=4100697426989 End=4100697460489 Duration=33500
Task=63 Chunk=1 Start=4100698474128 End=4100698551052 Duration=76924
Task=64 Chunk=0 Start=4100697500963 End=4100697533172 Duration=32209
Task=64 Chunk=1 Start=4100698551055 End=4100698624150 Duration=73095
Task=65 Chunk=0 Start=4100697575407 End=4100697607844 Duration=32437
Task=65 Chunk=1 Start=4100698624158 End=4100698697324 Duration=73166
Task=66 Chunk=0 Start=4100697648116 End=4100697680683 Duration=32567
Task=66 Chunk=1 Start=4100698697331 End=4100698771407 Duration=74076
Task=67 Chunk=0 Start=4100697720895 End=4100697754104 Duration=33209
Task=67 Chunk=1 Start=4100698771419 End=4100698843901 Duration=72482
Task=68 Chunk=0 Start=4100697795243 End=4100697827349 Duration=32106
Task=68 Chunk=1 Start=4100698843904 End=4100698917166 Duration=73262
Task=69 Chunk=0 Start=4100697871478 End=4100697903593 Duration=32115
Task=69 Chunk=1 Start=4100698917169 End=4100698990124 Duration=72955
Task=70 Chunk=0 Start=4100697944312 End=4100697976540 Duration=32228
Task=70 Chunk=1 Start=4100698990128 End=4100699064960 Duration=74832
Task=71 Chunk=0 Start=4100698016602 End=4100698049680 Duration=33078
Task=71 Chunk=1 Start=4100699064968 End=4100699137852 Duration=72884
Task=72 Chunk=0 Start=4100698090402 End=4100698122338 Duration=31936
Task=72 Chunk=1 Start=4100699137861 End=4100699211582 Duration=73721
Task=73 Chunk=0 Start=4100698169447 End=4100698201671 Duration=32224
Task=73 Chunk=1 Start=4100699211587 End=4100699285015 Duration=73428
Task=74 Chunk=0 Start=4100698241836 End=4100698274225 Duration=32389
Task=74 Chunk=1 Start=4100699285024 End=4100699359169 Duration=74145
Task=75 Chunk=0 Start=4100698315071 End=4100698348322 Duration=33251
Task=75 Chunk=1 Start=4100699359174 End=4100699432022 Duration=72848
Task=76 Chunk=0 Start=4100698392682 End=4100698426196 Duration=33514
Task=76 Chunk=1 Start=4100699432062 End=4100699504783 Duration=72721
Task=77 Chunk=0 Start=4100698474129 End=4100698506328 Duration=32199
Task=77 Chunk=1 Start=4100699504795 End=4100699578861 Duration=74066
Task=78 Chunk=0 Start=4100698551076 End=4100698583237 Duration=32161
Task=78 Chunk=1 Start=4100699578863 End=4100699652887 Duration=74024
Task=79 Chunk=0 Start=4100698624166 End=4100698656404 Duration=32238
Task=79 Chunk=1 Start=4100699652897 End=4100699724846 Duration=71949
Task=80 Chunk=0 Start=4100698697346 End=4100698730834 Duration=33488
Task=80 Chunk=1 Start=4100699724859 End=4100699798401 Duration=73542
Task=81 Chunk=0 Start=4100698771431 End=4100698803869 Duration=32438
Task=81 Chunk=1 Start=4100699798416 End=4100699870428 Duration=72012
Task=82 Chunk=0 Start=4100698843916 End=4100698876207 Duration=32291
Task=82 Chunk=1 Start=4100699870432 End=4100699945015 Duration=74583
Task=83 Chunk=0 Start=4100698917178 End=4100698949317 Duration=32139
Task=83 Chunk=1 Start=4100699945018 End=4100700018259 Duration=73241
Task=84 Chunk=0 Start=4100698990137 End=4100699023599 Duration=33462
Task=84 Chunk=1 Start=4100700018271 End=4100700092485 Duration=74214
Task=85 Chunk=0 Start=4100699064985 End=4100699097055 Duration=32070
Task=85 Chunk=1 Start=4100700092489 End=4100700164822 Duration=72333
Task=86 Chunk=0 Start=4100699137865 End=4100699170180 Duration=32315
Task=86 Chunk=1 Start=4100700164824 End=4100700219286 Duration=54462
Task=87 Chunk=0 Start=4100699211611 End=4100699244457 Duration=32846
Task=87 Chunk=1 Start=4100700219287 End=4100700274269 Duration=54982
Task=88 Chunk=0 Start=4100699285033 End=4100699318861 Duration=33828
Task=88 Chunk=1 Start=4100700274271 End=4100700329414 Duration=55143
Task=89 Chunk=0 Start=4100699359188 End=4100699391358 Duration=32170
Task=89 Chunk=1 Start=4100700329416 End=4100700401704 Duration=72288
Task=90 Chunk=0 Start=4100699432066 End=4100699464364 Duration=32298
Task=90 Chunk=1 Start=4100700401707 End=4100700477423 Duration=75716
Task=91 Chunk=0 Start=4100699504800 End=4100699538184 Duration=33384
Task=91 Chunk=1 Start=4100700477427 End=4100700552857 Duration=75430
Task=92 Chunk=0 Start=4100699578875 End=4100699612393 Duration=33518
Task=92 Chunk=1 Start=4100700552862 End=4100700631553 Duration=78691
Task=93 Chunk=0 Start=4100699652907 End=4100699684950 Duration=32043
Task=93 Chunk=1 Start=4100700631557 End=4100700707886 Duration=76329
Task=94 Chunk=0 Start=4100699724869 End=4100699757240 Duration=32371
Task=94 Chunk=1 Start=4100700707889 End=4100700784899 Duration=77010
Task=95 Chunk=0 Start=4100699798426 End=4100699831698 Duration=33272
Task=95 Chunk=1 Start=4100700784903 End=4100700861272 Duration=76369
Task=96 Chunk=0 Start=4100699870459 End=4100699903846 Duration=33387
Task=96 Chunk=1 Start=4100700861277 End=4100700938466 Duration=77189
Task=97 Chunk=0 Start=4100699945031 End=4100699977053 Duration=32022
Task=97 Chunk=1 Start=4100700938470 End=4100701014262 Duration=75792
Task=98 Chunk=0 Start=4100700018273 End=4100700050312 Duration=32039
Task=98 Chunk=1 Start=4100701014266 End=4100701090856 Duration=76590
Task=99 Chunk=0 Start=4100700092504 End=4100700125581 Duration=33077
Task=99 Chunk=1 Start=4100701090861 End=4100701166753 Duration=75892
### Python End ###

--------------------------------
[2025-06-26 18:35:05.466] [info] Available Vulkan Layers:
[2025-06-26 18:35:05.466] [warning] Validation layer requested but not available, continuing without it...
[2025-06-26 18:35:05.469] [info] Using integrated GPU: Mali-G710
[2025-06-26 18:35:05.473] [info] VulkanDispatcher instance created.
[2025-06-26 18:35:05.724] [info] Total memory used: 40550404 bytes (38.67188 MB)
[2025-06-26 18:35:05.729] [info] Total memory used: 40550404 bytes (38.67188 MB)
[2025-06-26 18:35:05.778] [info] Total memory used: 40550404 bytes (38.67188 MB)
[2025-06-26 18:35:05.783] [info] Total memory used: 40550404 bytes (38.67188 MB)
[2025-06-26 18:35:05.788] [info] Total memory used: 40550404 bytes (38.67188 MB)
[2025-06-26 18:35:05.878] [info] Total memory used: 40550404 bytes (38.67188 MB)
[2025-06-26 18:35:05.884] [info] Total memory used: 40550404 bytes (38.67188 MB)
[2025-06-26 18:35:05.889] [info] Total memory used: 40550404 bytes (38.67188 MB)
[2025-06-26 18:35:05.895] [info] Total memory used: 40550404 bytes (38.67188 MB)
[2025-06-26 18:35:05.900] [info] Total memory used: 40550404 bytes (38.67188 MB)
[2025-06-26 18:35:05.969] [info] Total memory used: 40550404 bytes (38.67188 MB)
[2025-06-26 18:35:05.974] [info] Total memory used: 40550404 bytes (38.67188 MB)
[2025-06-26 18:35:05.979] [info] Total memory used: 40550404 bytes (38.67188 MB)
[2025-06-26 18:35:05.985] [info] Total memory used: 40550404 bytes (38.67188 MB)
[2025-06-26 18:35:05.990] [info] Total memory used: 40550404 bytes (38.67188 MB)
[2025-06-26 18:35:05.996] [info] Total memory used: 40550404 bytes (38.67188 MB)
### Python Begin ###
Schedule_UID=SCH-B4L3-G102-bba2
Frequency=24576000 Hz
Task=0 Chunk=0 Start=4100714963637 End=4100715415614 Duration=451977
Task=0 Chunk=1 Start=4100715415657 End=4100715641637 Duration=225980
Task=1 Chunk=0 Start=4100715415646 End=4100715657525 Duration=241879
Task=1 Chunk=1 Start=4100715657570 End=4100715865186 Duration=207616
Task=2 Chunk=0 Start=4100715657528 End=4100715898641 Duration=241113
Task=2 Chunk=1 Start=4100715898710 End=4100716096723 Duration=198013
Task=3 Chunk=0 Start=4100715898661 End=4100716141396 Duration=242735
Task=3 Chunk=1 Start=4100716141463 End=4100716339946 Duration=198483
Task=4 Chunk=0 Start=4100716141409 End=4100716381656 Duration=240247
Task=4 Chunk=1 Start=4100716381674 End=4100716580457 Duration=198783
Task=5 Chunk=0 Start=4100716381659 End=4100716623615 Duration=241956
Task=5 Chunk=1 Start=4100716623686 End=4100716822258 Duration=198572
Task=6 Chunk=0 Start=4100716623630 End=4100716864106 Duration=240476
Task=6 Chunk=1 Start=4100716864146 End=4100717065083 Duration=200937
Task=7 Chunk=0 Start=4100716864107 End=4100717105005 Duration=240898
Task=7 Chunk=1 Start=4100717105056 End=4100717302909 Duration=197853
Task=8 Chunk=0 Start=4100717105007 End=4100717345326 Duration=240319
Task=8 Chunk=1 Start=4100717345389 End=4100717550432 Duration=205043
Task=9 Chunk=0 Start=4100717345329 End=4100717585151 Duration=239822
Task=9 Chunk=1 Start=4100717585221 End=4100717782346 Duration=197125
Task=10 Chunk=0 Start=4100717585157 End=4100717826564 Duration=241407
Task=10 Chunk=1 Start=4100717826610 End=4100718023725 Duration=197115
Task=11 Chunk=0 Start=4100717826565 End=4100718066334 Duration=239769
Task=11 Chunk=1 Start=4100718066414 End=4100718268707 Duration=202293
Task=12 Chunk=0 Start=4100718066340 End=4100718307552 Duration=241212
Task=12 Chunk=1 Start=4100718307599 End=4100718505444 Duration=197845
Task=13 Chunk=0 Start=4100718307565 End=4100718548204 Duration=240639
Task=13 Chunk=1 Start=4100718548264 End=4100718744852 Duration=196588
Task=14 Chunk=0 Start=4100718548209 End=4100718788699 Duration=240490
Task=14 Chunk=1 Start=4100718788757 End=4100718992262 Duration=203505
Task=15 Chunk=0 Start=4100718788704 End=4100719028169 Duration=239465
Task=15 Chunk=1 Start=4100719028212 End=4100719229763 Duration=201551
Task=16 Chunk=0 Start=4100719028183 End=4100719268554 Duration=240371
Task=16 Chunk=1 Start=4100719268568 End=4100719466833 Duration=198265
Task=17 Chunk=0 Start=4100719268560 End=4100719508670 Duration=240110
Task=17 Chunk=1 Start=4100719508689 End=4100719706151 Duration=197462
Task=18 Chunk=0 Start=4100719508671 End=4100719748906 Duration=240235
Task=18 Chunk=1 Start=4100719748968 End=4100719948082 Duration=199114
Task=19 Chunk=0 Start=4100719748912 End=4100719989745 Duration=240833
Task=19 Chunk=1 Start=4100719989840 End=4100720188475 Duration=198635
Task=20 Chunk=0 Start=4100719989748 End=4100720229360 Duration=239612
Task=20 Chunk=1 Start=4100720229395 End=4100720428953 Duration=199558
Task=21 Chunk=0 Start=4100720229361 End=4100720470247 Duration=240886
Task=21 Chunk=1 Start=4100720470298 End=4100720669714 Duration=199416
Task=22 Chunk=0 Start=4100720470250 End=4100720709771 Duration=239521
Task=22 Chunk=1 Start=4100720709790 End=4100720907868 Duration=198078
Task=23 Chunk=0 Start=4100720709772 End=4100720950538 Duration=240766
Task=23 Chunk=1 Start=4100720950636 End=4100721154036 Duration=203400
Task=24 Chunk=0 Start=4100720950540 End=4100721190391 Duration=239851
Task=24 Chunk=1 Start=4100721190448 End=4100721387776 Duration=197328
Task=25 Chunk=0 Start=4100721190396 End=4100721430756 Duration=240360
Task=25 Chunk=1 Start=4100721430804 End=4100721628992 Duration=198188
Task=26 Chunk=0 Start=4100721430757 End=4100721670042 Duration=239285
Task=26 Chunk=1 Start=4100721670097 End=4100721872316 Duration=202219
Task=27 Chunk=0 Start=4100721670049 End=4100721909640 Duration=239591
Task=27 Chunk=1 Start=4100721909719 End=4100722107529 Duration=197810
Task=28 Chunk=0 Start=4100721909648 End=4100722149918 Duration=240270
Task=28 Chunk=1 Start=4100722149969 End=4100722354016 Duration=204047
Task=29 Chunk=0 Start=4100722149924 End=4100722389220 Duration=239296
Task=29 Chunk=1 Start=4100722389290 End=4100722591557 Duration=202267
Task=30 Chunk=0 Start=4100722389222 End=4100722630051 Duration=240829
Task=30 Chunk=1 Start=4100722630095 End=4100722833065 Duration=202970
Task=31 Chunk=0 Start=4100722630054 End=4100722869347 Duration=239293
Task=31 Chunk=1 Start=4100722869386 End=4100723068086 Duration=198700
Task=32 Chunk=0 Start=4100722869350 End=4100723109689 Duration=240339
Task=32 Chunk=1 Start=4100723109752 End=4100723309320 Duration=199568
Task=33 Chunk=0 Start=4100723109691 End=4100723350336 Duration=240645
Task=33 Chunk=1 Start=4100723350403 End=4100723548931 Duration=198528
Task=34 Chunk=0 Start=4100723350337 End=4100723589574 Duration=239237
Task=34 Chunk=1 Start=4100723591208 End=4100723789191 Duration=197983
Task=35 Chunk=0 Start=4100723589577 End=4100723830315 Duration=240738
Task=35 Chunk=1 Start=4100723830340 End=4100724029465 Duration=199125
Task=36 Chunk=0 Start=4100723830331 End=4100724069997 Duration=239666
Task=36 Chunk=1 Start=4100724070085 End=4100724268131 Duration=198046
Task=37 Chunk=0 Start=4100724069998 End=4100724310549 Duration=240551
Task=37 Chunk=1 Start=4100724310616 End=4100724507859 Duration=197243
Task=38 Chunk=0 Start=4100724310569 End=4100724549575 Duration=239006
Task=38 Chunk=1 Start=4100724549639 End=4100724751833 Duration=202194
Task=39 Chunk=0 Start=4100724549580 End=4100724790468 Duration=240888
Task=39 Chunk=1 Start=4100724790522 End=4100724989636 Duration=199114
Task=40 Chunk=0 Start=4100724790472 End=4100725029979 Duration=239507
Task=40 Chunk=1 Start=4100725030020 End=4100725226721 Duration=196701
Task=41 Chunk=0 Start=4100725029984 End=4100725270396 Duration=240412
Task=41 Chunk=1 Start=4100725270418 End=4100725472877 Duration=202459
Task=42 Chunk=0 Start=4100725270403 End=4100725510056 Duration=239653
Task=42 Chunk=1 Start=4100725510082 End=4100725707371 Duration=197289
Task=43 Chunk=0 Start=4100725510063 End=4100725749263 Duration=239200
Task=43 Chunk=1 Start=4100725749292 End=4100725946506 Duration=197214
Task=44 Chunk=0 Start=4100725749270 End=4100725989644 Duration=240374
Task=44 Chunk=1 Start=4100725989694 End=4100726193394 Duration=203700
Task=45 Chunk=0 Start=4100725989651 End=4100726228690 Duration=239039
Task=45 Chunk=1 Start=4100726228714 End=4100726431013 Duration=202299
Task=46 Chunk=0 Start=4100726228697 End=4100726469849 Duration=241152
Task=46 Chunk=1 Start=4100726469895 End=4100726668184 Duration=198289
Task=47 Chunk=0 Start=4100726469849 End=4100726709042 Duration=239193
Task=47 Chunk=1 Start=4100726709091 End=4100726907814 Duration=198723
Task=48 Chunk=0 Start=4100726709043 End=4100726949961 Duration=240918
Task=48 Chunk=1 Start=4100726950006 End=4100727148428 Duration=198422
Task=49 Chunk=0 Start=4100726949964 End=4100727188666 Duration=238702
Task=49 Chunk=1 Start=4100727188707 End=4100727386379 Duration=197672
Task=50 Chunk=0 Start=4100727188672 End=4100727428810 Duration=240138
Task=50 Chunk=1 Start=4100727428833 End=4100727628828 Duration=199995
Task=51 Chunk=0 Start=4100727428817 End=4100727668757 Duration=239940
Task=51 Chunk=1 Start=4100727668779 End=4100727867165 Duration=198386
Task=52 Chunk=0 Start=4100727668758 End=4100727908355 Duration=239597
Task=52 Chunk=1 Start=4100727908415 End=4100728107886 Duration=199471
Task=53 Chunk=0 Start=4100727908360 End=4100728149088 Duration=240728
Task=53 Chunk=1 Start=4100728149138 End=4100728354844 Duration=205706
Task=54 Chunk=0 Start=4100728149094 End=4100728388230 Duration=239136
Task=54 Chunk=1 Start=4100728388323 End=4100728586355 Duration=198032
Task=55 Chunk=0 Start=4100728388231 End=4100728629037 Duration=240806
Task=55 Chunk=1 Start=4100728629107 End=4100728826773 Duration=197666
Task=56 Chunk=0 Start=4100728629038 End=4100728868130 Duration=239092
Task=56 Chunk=1 Start=4100728868222 End=4100729069967 Duration=201745
Task=57 Chunk=0 Start=4100728868138 End=4100729108879 Duration=240741
Task=57 Chunk=1 Start=4100729108913 End=4100729314237 Duration=205324
Task=58 Chunk=0 Start=4100729108885 End=4100729348271 Duration=239386
Task=58 Chunk=1 Start=4100729348315 End=4100729548015 Duration=199700
Task=59 Chunk=0 Start=4100729348280 End=4100729587932 Duration=239652
Task=59 Chunk=1 Start=4100729589038 End=4100729793299 Duration=204261
Task=60 Chunk=0 Start=4100729587938 End=4100729826873 Duration=238935
Task=60 Chunk=1 Start=4100729826909 End=4100730029315 Duration=202406
Task=61 Chunk=0 Start=4100729826874 End=4100730066067 Duration=239193
Task=61 Chunk=1 Start=4100730066136 End=4100730264116 Duration=197980
Task=62 Chunk=0 Start=4100730066069 End=4100730306914 Duration=240845
Task=62 Chunk=1 Start=4100730306968 End=4100730505806 Duration=198838
Task=63 Chunk=0 Start=4100730306925 End=4100730546941 Duration=240016
Task=63 Chunk=1 Start=4100730546954 End=4100730745708 Duration=198754
Task=64 Chunk=0 Start=4100730546945 End=4100730787497 Duration=240552
Task=64 Chunk=1 Start=4100730787529 End=4100730985687 Duration=198158
Task=65 Chunk=0 Start=4100730787503 End=4100731026157 Duration=238654
Task=65 Chunk=1 Start=4100731026223 End=4100731224793 Duration=198570
Task=66 Chunk=0 Start=4100731026162 End=4100731267505 Duration=241343
Task=66 Chunk=1 Start=4100731267525 End=4100731467623 Duration=200098
Task=67 Chunk=0 Start=4100731267507 End=4100731507472 Duration=239965
Task=67 Chunk=1 Start=4100731507553 End=4100731705958 Duration=198405
Task=68 Chunk=0 Start=4100731507473 End=4100731747105 Duration=239632
Task=68 Chunk=1 Start=4100731747172 End=4100731951956 Duration=204784
Task=69 Chunk=0 Start=4100731747106 End=4100731987847 Duration=240741
Task=69 Chunk=1 Start=4100731987913 End=4100732186328 Duration=198415
Task=70 Chunk=0 Start=4100731987848 End=4100732227521 Duration=239673
Task=70 Chunk=1 Start=4100732227561 End=4100732425493 Duration=197932
Task=71 Chunk=0 Start=4100732227521 End=4100732467862 Duration=240341
Task=71 Chunk=1 Start=4100732467892 End=4100732674652 Duration=206760
Task=72 Chunk=0 Start=4100732467870 End=4100732707477 Duration=239607
Task=72 Chunk=1 Start=4100732707496 End=4100732905652 Duration=198156
Task=73 Chunk=0 Start=4100732707478 End=4100732948618 Duration=241140
Task=73 Chunk=1 Start=4100732948678 End=4100733145497 Duration=196819
Task=74 Chunk=0 Start=4100732948627 End=4100733187996 Duration=239369
Task=74 Chunk=1 Start=4100733188050 End=4100733389730 Duration=201680
Task=75 Chunk=0 Start=4100733188001 End=4100733428316 Duration=240315
Task=75 Chunk=1 Start=4100733428370 End=4100733631691 Duration=203321
Task=76 Chunk=0 Start=4100733428318 End=4100733667723 Duration=239405
Task=76 Chunk=1 Start=4100733667774 End=4100733867173 Duration=199399
Task=77 Chunk=0 Start=4100733667724 End=4100733907829 Duration=240105
Task=77 Chunk=1 Start=4100733907903 End=4100734105737 Duration=197834
Task=78 Chunk=0 Start=4100733907832 End=4100734149048 Duration=241216
Task=78 Chunk=1 Start=4100734149079 End=4100734349741 Duration=200662
Task=79 Chunk=0 Start=4100734149055 End=4100734388194 Duration=239139
Task=79 Chunk=1 Start=4100734388242 End=4100734590166 Duration=201924
Task=80 Chunk=0 Start=4100734388195 End=4100734628877 Duration=240682
Task=80 Chunk=1 Start=4100734628937 End=4100734827059 Duration=198122
Task=81 Chunk=0 Start=4100734628884 End=4100734868101 Duration=239217
Task=81 Chunk=1 Start=4100734868133 End=4100735068402 Duration=200269
Task=82 Chunk=0 Start=4100734868101 End=4100735108385 Duration=240284
Task=82 Chunk=1 Start=4100735108429 End=4100735307499 Duration=199070
Task=83 Chunk=0 Start=4100735108389 End=4100735347770 Duration=239381
Task=83 Chunk=1 Start=4100735347812 End=4100735550131 Duration=202319
Task=84 Chunk=0 Start=4100735347771 End=4100735587840 Duration=240069
Task=84 Chunk=1 Start=4100735587867 End=4100735789390 Duration=201523
Task=85 Chunk=0 Start=4100735587852 End=4100735826963 Duration=239111
Task=85 Chunk=1 Start=4100735827029 End=4100736026007 Duration=198978
Task=86 Chunk=0 Start=4100735826965 End=4100736065687 Duration=238722
Task=86 Chunk=1 Start=4100736065723 End=4100736266934 Duration=201211
Task=87 Chunk=0 Start=4100736065693 End=4100736306273 Duration=240580
Task=87 Chunk=1 Start=4100736306307 End=4100736503779 Duration=197472
Task=88 Chunk=0 Start=4100736306279 End=4100736545381 Duration=239102
Task=88 Chunk=1 Start=4100736545434 End=4100736741985 Duration=196551
Task=89 Chunk=0 Start=4100736545386 End=4100736785982 Duration=240596
Task=89 Chunk=1 Start=4100736786017 End=4100736988824 Duration=202807
Task=90 Chunk=0 Start=4100736785992 End=4100737024924 Duration=238932
Task=90 Chunk=1 Start=4100737024962 End=4100737229461 Duration=204499
Task=91 Chunk=0 Start=4100737024925 End=4100737265002 Duration=240077
Task=91 Chunk=1 Start=4100737265079 End=4100737464207 Duration=199128
Task=92 Chunk=0 Start=4100737265008 End=4100737504550 Duration=239542
Task=92 Chunk=1 Start=4100737504594 End=4100737701251 Duration=196657
Task=93 Chunk=0 Start=4100737504551 End=4100737744776 Duration=240225
Task=93 Chunk=1 Start=4100737744825 End=4100737945503 Duration=200678
Task=94 Chunk=0 Start=4100737744783 End=4100737984987 Duration=240204
Task=94 Chunk=1 Start=4100737985038 End=4100738186716 Duration=201678
Task=95 Chunk=0 Start=4100737984988 End=4100738224463 Duration=239475
Task=95 Chunk=1 Start=4100738224518 End=4100738422179 Duration=197661
Task=96 Chunk=0 Start=4100738224470 End=4100738465520 Duration=241050
Task=96 Chunk=1 Start=4100738465596 End=4100738665028 Duration=199432
Task=97 Chunk=0 Start=4100738465536 End=4100738704808 Duration=239272
Task=97 Chunk=1 Start=4100738704836 End=4100738903138 Duration=198302
Task=98 Chunk=0 Start=4100738704819 End=4100738945169 Duration=240350
Task=98 Chunk=1 Start=4100738945232 End=4100739148576 Duration=203344
Task=99 Chunk=0 Start=4100738945171 End=4100739184345 Duration=239174
Task=99 Chunk=1 Start=4100739184382 End=4100739382266 Duration=197884
### Python End ###

--------------------------------
[2025-06-26 18:35:07.019] [info] Available Vulkan Layers:
[2025-06-26 18:35:07.019] [warning] Validation layer requested but not available, continuing without it...
[2025-06-26 18:35:07.024] [info] Using integrated GPU: Mali-G710
[2025-06-26 18:35:07.029] [info] VulkanDispatcher instance created.
[2025-06-26 18:35:07.254] [info] Total memory used: 40550404 bytes (38.67188 MB)
[2025-06-26 18:35:07.259] [info] Total memory used: 40550404 bytes (38.67188 MB)
[2025-06-26 18:35:07.360] [info] Total memory used: 40550404 bytes (38.67188 MB)
[2025-06-26 18:35:07.367] [info] Total memory used: 40550404 bytes (38.67188 MB)
[2025-06-26 18:35:07.372] [info] Total memory used: 40550404 bytes (38.67188 MB)
[2025-06-26 18:35:07.440] [info] Total memory used: 40550404 bytes (38.67188 MB)
[2025-06-26 18:35:07.445] [info] Total memory used: 40550404 bytes (38.67188 MB)
[2025-06-26 18:35:07.450] [info] Total memory used: 40550404 bytes (38.67188 MB)
[2025-06-26 18:35:07.455] [info] Total memory used: 40550404 bytes (38.67188 MB)
[2025-06-26 18:35:07.461] [info] Total memory used: 40550404 bytes (38.67188 MB)
[2025-06-26 18:35:07.548] [info] Total memory used: 40550404 bytes (38.67188 MB)
[2025-06-26 18:35:07.553] [info] Total memory used: 40550404 bytes (38.67188 MB)
[2025-06-26 18:35:07.558] [info] Total memory used: 40550404 bytes (38.67188 MB)
[2025-06-26 18:35:07.564] [info] Total memory used: 40550404 bytes (38.67188 MB)
[2025-06-26 18:35:07.569] [info] Total memory used: 40550404 bytes (38.67188 MB)
[2025-06-26 18:35:07.574] [info] Total memory used: 40550404 bytes (38.67188 MB)
### Python Begin ###
Schedule_UID=SCH-B2G2L1M2-G106-3dab
Frequency=24576000 Hz
Task=0 Chunk=0 Start=4100753758949 End=4100753900495 Duration=141546
Task=0 Chunk=1 Start=4100753900514 End=4100754065323 Duration=164809
Task=0 Chunk=2 Start=4100754342887 End=4100754352458 Duration=9571
Task=0 Chunk=3 Start=4100754352483 End=4100754421641 Duration=69158
Task=1 Chunk=0 Start=4100753900508 End=4100753955220 Duration=54712
Task=1 Chunk=1 Start=4100754065328 End=4100754143158 Duration=77830
Task=1 Chunk=2 Start=4100754352483 End=4100754353739 Duration=1256
Task=1 Chunk=3 Start=4100754421661 End=4100754489061 Duration=67400
Task=2 Chunk=0 Start=4100753955221 End=4100754010721 Duration=55500
Task=2 Chunk=1 Start=4100754143163 End=4100754218719 Duration=75556
Task=2 Chunk=2 Start=4100754353745 End=4100754354052 Duration=307
Task=2 Chunk=3 Start=4100754489092 End=4100754551640 Duration=62548
Task=3 Chunk=0 Start=4100754010722 End=4100754066348 Duration=55626
Task=3 Chunk=1 Start=4100754218730 End=4100754290641 Duration=71911
Task=3 Chunk=2 Start=4100754354054 End=4100754354324 Duration=270
Task=3 Chunk=3 Start=4100754551648 End=4100754620059 Duration=68411
Task=4 Chunk=0 Start=4100754066353 End=4100754120628 Duration=54275
Task=4 Chunk=1 Start=4100754290642 End=4100754365564 Duration=74922
Task=4 Chunk=2 Start=4100754365583 End=4100754366005 Duration=422
Task=4 Chunk=3 Start=4100754620060 End=4100754687147 Duration=67087
Task=5 Chunk=0 Start=4100754120630 End=4100754176211 Duration=55581
Task=5 Chunk=1 Start=4100754365566 End=4100754440107 Duration=74541
Task=5 Chunk=2 Start=4100754440158 End=4100754440583 Duration=425
Task=5 Chunk=3 Start=4100754687151 End=4100754747283 Duration=60132
Task=6 Chunk=0 Start=4100754176212 End=4100754221935 Duration=45723
Task=6 Chunk=1 Start=4100754440108 End=4100754514572 Duration=74464
Task=6 Chunk=2 Start=4100754514606 End=4100754514970 Duration=364
Task=6 Chunk=3 Start=4100754747284 End=4100754807912 Duration=60628
Task=7 Chunk=0 Start=4100754221936 End=4100754250363 Duration=28427
Task=7 Chunk=1 Start=4100754514573 End=4100754588265 Duration=73692
Task=7 Chunk=2 Start=4100754588301 End=4100754588652 Duration=351
Task=7 Chunk=3 Start=4100754807916 End=4100754866943 Duration=59027
Task=8 Chunk=0 Start=4100754250367 End=4100754279644 Duration=29277
Task=8 Chunk=1 Start=4100754588266 End=4100754661293 Duration=73027
Task=8 Chunk=2 Start=4100754661339 End=4100754661695 Duration=356
Task=8 Chunk=3 Start=4100754866945 End=4100754927561 Duration=60616
Task=9 Chunk=0 Start=4100754279645 End=4100754311663 Duration=32018
Task=9 Chunk=1 Start=4100754661294 End=4100754732915 Duration=71621
Task=9 Chunk=2 Start=4100754734077 End=4100754734440 Duration=363
Task=9 Chunk=3 Start=4100754927573 End=4100754988491 Duration=60918
Task=10 Chunk=0 Start=4100754311664 End=4100754340065 Duration=28401
Task=10 Chunk=1 Start=4100754732916 End=4100754804675 Duration=71759
Task=10 Chunk=2 Start=4100754804771 End=4100754805156 Duration=385
Task=10 Chunk=3 Start=4100754988492 End=4100755049806 Duration=61314
Task=11 Chunk=0 Start=4100754340066 End=4100754373250 Duration=33184
Task=11 Chunk=1 Start=4100754804676 End=4100754875913 Duration=71237
Task=11 Chunk=2 Start=4100754875935 End=4100754876436 Duration=501
Task=11 Chunk=3 Start=4100755049808 End=4100755111175 Duration=61367
Task=12 Chunk=0 Start=4100754373251 End=4100754402010 Duration=28759
Task=12 Chunk=1 Start=4100754875914 End=4100754947296 Duration=71382
Task=12 Chunk=2 Start=4100754947370 End=4100754947792 Duration=422
Task=12 Chunk=3 Start=4100755111177 End=4100755172008 Duration=60831
Task=13 Chunk=0 Start=4100754402014 End=4100754430806 Duration=28792
Task=13 Chunk=1 Start=4100754947297 End=4100755018825 Duration=71528
Task=13 Chunk=2 Start=4100755019317 End=4100755019935 Duration=618
Task=13 Chunk=3 Start=4100755172025 End=4100755230266 Duration=58241
Task=14 Chunk=0 Start=4100754430808 End=4100754465139 Duration=34331
Task=14 Chunk=1 Start=4100755018826 End=4100755089546 Duration=70720
Task=14 Chunk=2 Start=4100755089836 End=4100755090241 Duration=405
Task=14 Chunk=3 Start=4100755230271 End=4100755290391 Duration=60120
Task=15 Chunk=0 Start=4100754465140 End=4100754494099 Duration=28959
Task=15 Chunk=1 Start=4100755089546 End=4100755161391 Duration=71845
Task=15 Chunk=2 Start=4100755161666 End=4100755162070 Duration=404
Task=15 Chunk=3 Start=4100755290392 End=4100755349729 Duration=59337
Task=16 Chunk=0 Start=4100754494103 End=4100754527038 Duration=32935
Task=16 Chunk=1 Start=4100755161392 End=4100755232841 Duration=71449
Task=16 Chunk=2 Start=4100755232885 End=4100755233233 Duration=348
Task=16 Chunk=3 Start=4100755349733 End=4100755408399 Duration=58666
Task=17 Chunk=0 Start=4100754551661 End=4100754581946 Duration=30285
Task=17 Chunk=1 Start=4100755232843 End=4100755305476 Duration=72633
Task=17 Chunk=2 Start=4100755305517 End=4100755306212 Duration=695
Task=17 Chunk=3 Start=4100755408400 End=4100755467661 Duration=59261
Task=18 Chunk=0 Start=4100754620099 End=4100754649191 Duration=29092
Task=18 Chunk=1 Start=4100755305477 End=4100755378372 Duration=72895
Task=18 Chunk=2 Start=4100755378422 End=4100755379089 Duration=667
Task=18 Chunk=3 Start=4100755467663 End=4100755525328 Duration=57665
Task=19 Chunk=0 Start=4100754687154 End=4100754716041 Duration=28887
Task=19 Chunk=1 Start=4100755378378 End=4100755445081 Duration=66703
Task=19 Chunk=2 Start=4100755445094 End=4100755445698 Duration=604
Task=19 Chunk=3 Start=4100755525329 End=4100755584319 Duration=58990
Task=20 Chunk=0 Start=4100754747308 End=4100754776842 Duration=29534
Task=20 Chunk=1 Start=4100755445082 End=4100755504627 Duration=59545
Task=20 Chunk=2 Start=4100755504647 End=4100755505052 Duration=405
Task=20 Chunk=3 Start=4100755584320 End=4100755643281 Duration=58961
Task=21 Chunk=0 Start=4100754807928 End=4100754837217 Duration=29289
Task=21 Chunk=1 Start=4100755504628 End=4100755564155 Duration=59527
Task=21 Chunk=2 Start=4100755564175 End=4100755564739 Duration=564
Task=21 Chunk=3 Start=4100755643283 End=4100755701021 Duration=57738
Task=22 Chunk=0 Start=4100754866959 End=4100754897655 Duration=30696
Task=22 Chunk=1 Start=4100755564156 End=4100755623779 Duration=59623
Task=22 Chunk=2 Start=4100755623968 End=4100755624364 Duration=396
Task=22 Chunk=3 Start=4100755701022 End=4100755760531 Duration=59509
Task=23 Chunk=0 Start=4100754927586 End=4100754959492 Duration=31906
Task=23 Chunk=1 Start=4100755623780 End=4100755684084 Duration=60304
Task=23 Chunk=2 Start=4100755684124 End=4100755689570 Duration=5446
Task=23 Chunk=3 Start=4100755760532 End=4100755818318 Duration=57786
Task=24 Chunk=0 Start=4100754988505 End=4100755017877 Duration=29372
Task=24 Chunk=1 Start=4100755684107 End=4100755745881 Duration=61774
Task=24 Chunk=2 Start=4100755745914 End=4100755751167 Duration=5253
Task=24 Chunk=3 Start=4100755818319 End=4100755877236 Duration=58917
Task=25 Chunk=0 Start=4100755049842 End=4100755078632 Duration=28790
Task=25 Chunk=1 Start=4100755745899 End=4100755806393 Duration=60494
Task=25 Chunk=2 Start=4100755810125 End=4100755810573 Duration=448
Task=25 Chunk=3 Start=4100755877237 End=4100755936703 Duration=59466
Task=26 Chunk=0 Start=4100755111188 End=4100755139971 Duration=28783
Task=26 Chunk=1 Start=4100755806404 End=4100755867019 Duration=60615
Task=26 Chunk=2 Start=4100755867073 End=4100755870501 Duration=3428
Task=26 Chunk=3 Start=4100755936704 End=4100755994438 Duration=57734
Task=27 Chunk=0 Start=4100755172038 End=4100755200828 Duration=28790
Task=27 Chunk=1 Start=4100755867031 End=4100755927157 Duration=60126
Task=27 Chunk=2 Start=4100755927203 End=4100755937763 Duration=10560
Task=27 Chunk=3 Start=4100755994439 End=4100756053095 Duration=58656
Task=28 Chunk=0 Start=4100755230296 End=4100755261730 Duration=31434
Task=28 Chunk=1 Start=4100755927166 End=4100755987925 Duration=60759
Task=28 Chunk=2 Start=4100755987974 End=4100755993118 Duration=5144
Task=28 Chunk=3 Start=4100756053096 End=4100756110355 Duration=57259
Task=29 Chunk=0 Start=4100755290425 End=4100755321387 Duration=30962
Task=29 Chunk=1 Start=4100755987936 End=4100756049383 Duration=61447
Task=29 Chunk=2 Start=4100756049404 End=4100756055306 Duration=5902
Task=29 Chunk=3 Start=4100756110356 End=4100756169413 Duration=59057
Task=30 Chunk=0 Start=4100755349757 End=4100755380900 Duration=31143
Task=30 Chunk=1 Start=4100756049401 End=4100756110682 Duration=61281
Task=30 Chunk=2 Start=4100756115314 End=4100756115783 Duration=469
Task=30 Chunk=3 Start=4100756169414 End=4100756229308 Duration=59894
Task=31 Chunk=0 Start=4100755408421 End=4100755447903 Duration=39482
Task=31 Chunk=1 Start=4100756110690 End=4100756172906 Duration=62216
Task=31 Chunk=2 Start=4100756172940 End=4100756176512 Duration=3572
Task=31 Chunk=3 Start=4100756229309 End=4100756288322 Duration=59013
Task=32 Chunk=0 Start=4100755467680 End=4100755496526 Duration=28846
Task=32 Chunk=1 Start=4100756172914 End=4100756233935 Duration=61021
Task=32 Chunk=2 Start=4100756233966 End=4100756238836 Duration=4870
Task=32 Chunk=3 Start=4100756288323 End=4100756349065 Duration=60742
Task=33 Chunk=0 Start=4100755525361 End=4100755555406 Duration=30045
Task=33 Chunk=1 Start=4100756233947 End=4100756295719 Duration=61772
Task=33 Chunk=2 Start=4100756299224 End=4100756299686 Duration=462
Task=33 Chunk=3 Start=4100756349066 End=4100756407425 Duration=58359
Task=34 Chunk=0 Start=4100755584332 End=4100755613220 Duration=28888
Task=34 Chunk=1 Start=4100756295727 End=4100756357259 Duration=61532
Task=34 Chunk=2 Start=4100756357320 End=4100756361087 Duration=3767
Task=34 Chunk=3 Start=4100756407426 End=4100756466850 Duration=59424
Task=35 Chunk=0 Start=4100755643298 End=4100755672116 Duration=28818
Task=35 Chunk=1 Start=4100756357266 End=4100756418101 Duration=60835
Task=35 Chunk=2 Start=4100756418139 End=4100756418809 Duration=670
Task=35 Chunk=3 Start=4100756466851 End=4100756525874 Duration=59023
Task=36 Chunk=0 Start=4100755701039 End=4100755729847 Duration=28808
Task=36 Chunk=1 Start=4100756418118 End=4100756478137 Duration=60019
Task=36 Chunk=2 Start=4100756478192 End=4100756481762 Duration=3570
Task=36 Chunk=3 Start=4100756525874 End=4100756583778 Duration=57904
Task=37 Chunk=0 Start=4100755760549 End=4100755789262 Duration=28713
Task=37 Chunk=1 Start=4100756478144 End=4100756538545 Duration=60401
Task=37 Chunk=2 Start=4100756538576 End=4100756543208 Duration=4632
Task=37 Chunk=3 Start=4100756583779 End=4100756643298 Duration=59519
Task=38 Chunk=0 Start=4100755818325 End=4100755848389 Duration=30064
Task=38 Chunk=1 Start=4100756538555 End=4100756598805 Duration=60250
Task=38 Chunk=2 Start=4100756602500 End=4100756602953 Duration=453
Task=38 Chunk=3 Start=4100756643299 End=4100756700900 Duration=57601
Task=39 Chunk=0 Start=4100755877256 End=4100755905712 Duration=28456
Task=39 Chunk=1 Start=4100756598810 End=4100756659507 Duration=60697
Task=39 Chunk=2 Start=4100756659546 End=4100756662997 Duration=3451
Task=39 Chunk=3 Start=4100756700901 End=4100756759990 Duration=59089
Task=40 Chunk=0 Start=4100755936721 End=4100755965352 Duration=28631
Task=40 Chunk=1 Start=4100756659513 End=4100756721131 Duration=61618
Task=40 Chunk=2 Start=4100756721175 End=4100756724796 Duration=3621
Task=40 Chunk=3 Start=4100756759991 End=4100756928589 Duration=168598
Task=41 Chunk=0 Start=4100755994450 End=4100756023004 Duration=28554
Task=41 Chunk=1 Start=4100756721138 End=4100756781765 Duration=60627
Task=41 Chunk=2 Start=4100756781772 End=4100756782552 Duration=780
Task=41 Chunk=3 Start=4100756928590 End=4100756986769 Duration=58179
Task=42 Chunk=0 Start=4100756053101 End=4100756081712 Duration=28611
Task=42 Chunk=1 Start=4100756781769 End=4100756842979 Duration=61210
Task=42 Chunk=2 Start=4100756843013 End=4100756847124 Duration=4111
Task=42 Chunk=3 Start=4100756986770 End=4100757046459 Duration=59689
Task=43 Chunk=0 Start=4100756110371 End=4100756141275 Duration=30904
Task=43 Chunk=1 Start=4100756843005 End=4100756903582 Duration=60577
Task=43 Chunk=2 Start=4100756907555 End=4100756908001 Duration=446
Task=43 Chunk=3 Start=4100757046460 End=4100757103867 Duration=57407
Task=44 Chunk=0 Start=4100756169444 End=4100756197921 Duration=28477
Task=44 Chunk=1 Start=4100756903587 End=4100756964171 Duration=60584
Task=44 Chunk=2 Start=4100756964186 End=4100756967468 Duration=3282
Task=44 Chunk=3 Start=4100757103868 End=4100757162370 Duration=58502
Task=45 Chunk=0 Start=4100756229321 End=4100756258113 Duration=28792
Task=45 Chunk=1 Start=4100756964180 End=4100757024524 Duration=60344
Task=45 Chunk=2 Start=4100757024570 End=4100757029155 Duration=4585
Task=45 Chunk=3 Start=4100757162371 End=4100757223160 Duration=60789
Task=46 Chunk=0 Start=4100756288342 End=4100756319444 Duration=31102
Task=46 Chunk=1 Start=4100757024533 End=4100757085395 Duration=60862
Task=46 Chunk=2 Start=4100757088739 End=4100757089598 Duration=859
Task=46 Chunk=3 Start=4100757223173 End=4100757281874 Duration=58701
Task=47 Chunk=0 Start=4100756349079 End=4100756378508 Duration=29429
Task=47 Chunk=1 Start=4100757085404 End=4100757145769 Duration=60365
Task=47 Chunk=2 Start=4100757145811 End=4100757151167 Duration=5356
Task=47 Chunk=3 Start=4100757281875 End=4100757341023 Duration=59148
Task=48 Chunk=0 Start=4100756407441 End=4100756437221 Duration=29780
Task=48 Chunk=1 Start=4100757145797 End=4100757206082 Duration=60285
Task=48 Chunk=2 Start=4100757209362 End=4100757211443 Duration=2081
Task=48 Chunk=3 Start=4100757341023 End=4100757399305 Duration=58282
Task=49 Chunk=0 Start=4100756466871 End=4100756495696 Duration=28825
Task=49 Chunk=1 Start=4100757206093 End=4100757265520 Duration=59427
Task=49 Chunk=2 Start=4100757265559 End=4100757269019 Duration=3460
Task=49 Chunk=3 Start=4100757399307 End=4100757457641 Duration=58334
Task=50 Chunk=0 Start=4100756525895 End=4100756554829 Duration=28934
Task=50 Chunk=1 Start=4100757265528 End=4100757325676 Duration=60148
Task=50 Chunk=2 Start=4100757325732 End=4100757330799 Duration=5067
Task=50 Chunk=3 Start=4100757457642 End=4100757516216 Duration=58574
Task=51 Chunk=0 Start=4100756583797 End=4100756614011 Duration=30214
Task=51 Chunk=1 Start=4100757325685 End=4100757386583 Duration=60898
Task=51 Chunk=2 Start=4100757390608 End=4100757391079 Duration=471
Task=51 Chunk=3 Start=4100757516217 End=4100757574720 Duration=58503
Task=52 Chunk=0 Start=4100756643323 End=4100756672198 Duration=28875
Task=52 Chunk=1 Start=4100757386590 End=4100757447650 Duration=61060
Task=52 Chunk=2 Start=4100757447708 End=4100757451194 Duration=3486
Task=52 Chunk=3 Start=4100757574721 End=4100757634076 Duration=59355
Task=53 Chunk=0 Start=4100756700910 End=4100756730884 Duration=29974
Task=53 Chunk=1 Start=4100757447659 End=4100757508812 Duration=61153
Task=53 Chunk=2 Start=4100757508852 End=4100757513501 Duration=4649
Task=53 Chunk=3 Start=4100757634077 End=4100757691508 Duration=57431
Task=54 Chunk=0 Start=4100756760013 End=4100756788665 Duration=28652
Task=54 Chunk=1 Start=4100757508820 End=4100757571089 Duration=62269
Task=54 Chunk=2 Start=4100757571554 End=4100757571988 Duration=434
Task=54 Chunk=3 Start=4100757691514 End=4100757750673 Duration=59159
Task=55 Chunk=0 Start=4100756928600 End=4100756957281 Duration=28681
Task=55 Chunk=1 Start=4100757571110 End=4100757630614 Duration=59504
Task=55 Chunk=2 Start=4100757630659 End=4100757633971 Duration=3312
Task=55 Chunk=3 Start=4100757750674 End=4100757810430 Duration=59756
Task=56 Chunk=0 Start=4100756986778 End=4100757017259 Duration=30481
Task=56 Chunk=1 Start=4100757630622 End=4100757691407 Duration=60785
Task=56 Chunk=2 Start=4100757691449 End=4100757696344 Duration=4895
Task=56 Chunk=3 Start=4100757810431 End=4100757868208 Duration=57777
Task=57 Chunk=0 Start=4100757046480 End=4100757075319 Duration=28839
Task=57 Chunk=1 Start=4100757691419 End=4100757752579 Duration=61160
Task=57 Chunk=2 Start=4100757752651 End=4100757758520 Duration=5869
Task=57 Chunk=3 Start=4100757868210 End=4100757928157 Duration=59947
Task=58 Chunk=0 Start=4100757103905 End=4100757133415 Duration=29510
Task=58 Chunk=1 Start=4100757752612 End=4100757815118 Duration=62506
Task=58 Chunk=2 Start=4100757815177 End=4100757820007 Duration=4830
Task=58 Chunk=3 Start=4100757928157 End=4100757985859 Duration=57702
Task=59 Chunk=0 Start=4100757162389 End=4100757191049 Duration=28660
Task=59 Chunk=1 Start=4100757815126 End=4100757877523 Duration=62397
Task=59 Chunk=2 Start=4100757881094 End=4100757881528 Duration=434
Task=59 Chunk=3 Start=4100757985860 End=4100758044854 Duration=58994
Task=60 Chunk=0 Start=4100757223185 End=4100757252021 Duration=28836
Task=60 Chunk=1 Start=4100757877531 End=4100757938383 Duration=60852
Task=60 Chunk=2 Start=4100757938401 End=4100757941916 Duration=3515
Task=60 Chunk=3 Start=4100758044855 End=4100758104393 Duration=59538
Task=61 Chunk=0 Start=4100757281905 End=4100757312388 Duration=30483
Task=61 Chunk=1 Start=4100757938390 End=4100758000146 Duration=61756
Task=61 Chunk=2 Start=4100758000197 End=4100758003906 Duration=3709
Task=61 Chunk=3 Start=4100758104394 End=4100758163059 Duration=58665
Task=62 Chunk=0 Start=4100757341035 End=4100757369556 Duration=28521
Task=62 Chunk=1 Start=4100758000153 End=4100758060692 Duration=60539
Task=62 Chunk=2 Start=4100758064629 End=4100758065077 Duration=448
Task=62 Chunk=3 Start=4100758163060 End=4100758221867 Duration=58807
Task=63 Chunk=0 Start=4100757399318 End=4100757429097 Duration=29779
Task=63 Chunk=1 Start=4100758060702 End=4100758121840 Duration=61138
Task=63 Chunk=2 Start=4100758121897 End=4100758125452 Duration=3555
Task=63 Chunk=3 Start=4100758221868 End=4100758279710 Duration=57842
Task=64 Chunk=0 Start=4100757457659 End=4100757486245 Duration=28586
Task=64 Chunk=1 Start=4100758121847 End=4100758182735 Duration=60888
Task=64 Chunk=2 Start=4100758186147 End=4100758186571 Duration=424
Task=64 Chunk=3 Start=4100758279711 End=4100758338467 Duration=58756
Task=65 Chunk=0 Start=4100757516252 End=4100757545429 Duration=29177
Task=65 Chunk=1 Start=4100758182742 End=4100758243628 Duration=60886
Task=65 Chunk=2 Start=4100758243639 End=4100758249357 Duration=5718
Task=65 Chunk=3 Start=4100758338473 End=4100758397999 Duration=59526
Task=66 Chunk=0 Start=4100757574733 End=4100757604876 Duration=30143
Task=66 Chunk=1 Start=4100758243638 End=4100758304146 Duration=60508
Task=66 Chunk=2 Start=4100758304197 End=4100758309129 Duration=4932
Task=66 Chunk=3 Start=4100758398000 End=4100758455739 Duration=57739
Task=67 Chunk=0 Start=4100757634099 End=4100757662690 Duration=28591
Task=67 Chunk=1 Start=4100758304155 End=4100758365597 Duration=61442
Task=67 Chunk=2 Start=4100758366266 End=4100758366696 Duration=430
Task=67 Chunk=3 Start=4100758455741 End=4100758515191 Duration=59450
Task=68 Chunk=0 Start=4100757691529 End=4100757720876 Duration=29347
Task=68 Chunk=1 Start=4100758365614 End=4100758425936 Duration=60322
Task=68 Chunk=2 Start=4100758425973 End=4100758429664 Duration=3691
Task=68 Chunk=3 Start=4100758515192 End=4100758572832 Duration=57640
Task=69 Chunk=0 Start=4100757750714 End=4100757779723 Duration=29009
Task=69 Chunk=1 Start=4100758425942 End=4100758486925 Duration=60983
Task=69 Chunk=2 Start=4100758494049 End=4100758494639 Duration=590
Task=69 Chunk=3 Start=4100758572833 End=4100758631642 Duration=58809
Task=70 Chunk=0 Start=4100757810453 End=4100757839332 Duration=28879
Task=70 Chunk=1 Start=4100758486943 End=4100758550611 Duration=63668
Task=70 Chunk=2 Start=4100758550631 End=4100758551251 Duration=620
Task=70 Chunk=3 Start=4100758631643 End=4100758691515 Duration=59872
Task=71 Chunk=0 Start=4100757868224 End=4100757902168 Duration=33944
Task=71 Chunk=1 Start=4100758550614 End=4100758610841 Duration=60227
Task=71 Chunk=2 Start=4100758610893 End=4100758614388 Duration=3495
Task=71 Chunk=3 Start=4100758691518 End=4100758749021 Duration=57503
Task=72 Chunk=0 Start=4100757928184 End=4100757957079 Duration=28895
Task=72 Chunk=1 Start=4100758610861 End=4100758672452 Duration=61591
Task=72 Chunk=2 Start=4100758675673 End=4100758676140 Duration=467
Task=72 Chunk=3 Start=4100758749022 End=4100758807710 Duration=58688
Task=73 Chunk=0 Start=4100757985881 End=4100758015841 Duration=29960
Task=73 Chunk=1 Start=4100758672459 End=4100758733615 Duration=61156
Task=73 Chunk=2 Start=4100758733669 End=4100758737577 Duration=3908
Task=73 Chunk=3 Start=4100758807711 End=4100758865081 Duration=57370
Task=74 Chunk=0 Start=4100758044886 End=4100758073569 Duration=28683
Task=74 Chunk=1 Start=4100758733624 End=4100758793873 Duration=60249
Task=74 Chunk=2 Start=4100758793921 End=4100758798504 Duration=4583
Task=74 Chunk=3 Start=4100758865082 End=4100758923518 Duration=58436
Task=75 Chunk=0 Start=4100758104416 End=4100758133311 Duration=28895
Task=75 Chunk=1 Start=4100758793881 End=4100758855281 Duration=61400
Task=75 Chunk=2 Start=4100758855716 End=4100758856235 Duration=519
Task=75 Chunk=3 Start=4100758923524 End=4100758983720 Duration=60196
Task=76 Chunk=0 Start=4100758163088 End=4100758194866 Duration=31778
Task=76 Chunk=1 Start=4100758855283 End=4100758915362 Duration=60079
Task=76 Chunk=2 Start=4100758916895 End=4100758919202 Duration=2307
Task=76 Chunk=3 Start=4100758983725 End=4100759042645 Duration=58920
Task=77 Chunk=0 Start=4100758221880 End=4100758250788 Duration=28908
Task=77 Chunk=1 Start=4100758915382 End=4100758976158 Duration=60776
Task=77 Chunk=2 Start=4100758984272 End=4100758984781 Duration=509
Task=77 Chunk=3 Start=4100759042648 End=4100759101299 Duration=58651
Task=78 Chunk=0 Start=4100758279730 End=4100758309704 Duration=29974
Task=78 Chunk=1 Start=4100758976169 End=4100759036776 Duration=60607
Task=78 Chunk=2 Start=4100759036822 End=4100759040466 Duration=3644
Task=78 Chunk=3 Start=4100759101300 End=4100759158478 Duration=57178
Task=79 Chunk=0 Start=4100758338488 End=4100758368417 Duration=29929
Task=79 Chunk=1 Start=4100759036789 End=4100759097139 Duration=60350
Task=79 Chunk=2 Start=4100759097183 End=4100759101996 Duration=4813
Task=79 Chunk=3 Start=4100759158479 End=4100759216788 Duration=58309
Task=80 Chunk=0 Start=4100758398029 End=4100758427131 Duration=29102
Task=80 Chunk=1 Start=4100759097146 End=4100759159328 Duration=62182
Task=80 Chunk=2 Start=4100759159617 End=4100759164258 Duration=4641
Task=80 Chunk=3 Start=4100759216789 End=4100759275628 Duration=58839
Task=81 Chunk=0 Start=4100758455755 End=4100758484941 Duration=29186
Task=81 Chunk=1 Start=4100759159347 End=4100759220320 Duration=60973
Task=81 Chunk=2 Start=4100759220342 End=4100759225159 Duration=4817
Task=81 Chunk=3 Start=4100759275629 End=4100759333724 Duration=58095
Task=82 Chunk=0 Start=4100758515205 End=4100758543961 Duration=28756
Task=82 Chunk=1 Start=4100759220328 End=4100759281279 Duration=60951
Task=82 Chunk=2 Start=4100759281302 End=4100759286076 Duration=4774
Task=82 Chunk=3 Start=4100759333725 End=4100759395433 Duration=61708
Task=83 Chunk=0 Start=4100758572854 End=4100758602938 Duration=30084
Task=83 Chunk=1 Start=4100759281290 End=4100759342848 Duration=61558
Task=83 Chunk=2 Start=4100759347155 End=4100759347737 Duration=582
Task=83 Chunk=3 Start=4100759395434 End=4100759453242 Duration=57808
Task=84 Chunk=0 Start=4100758631660 End=4100758660569 Duration=28909
Task=84 Chunk=1 Start=4100759342855 End=4100759404256 Duration=61401
Task=84 Chunk=2 Start=4100759404290 End=4100759407948 Duration=3658
Task=84 Chunk=3 Start=4100759453243 End=4100759513807 Duration=60564
Task=85 Chunk=0 Start=4100758691537 End=4100758720313 Duration=28776
Task=85 Chunk=1 Start=4100759404264 End=4100759464446 Duration=60182
Task=85 Chunk=2 Start=4100759464593 End=4100759467825 Duration=3232
Task=85 Chunk=3 Start=4100759513808 End=4100759576293 Duration=62485
Task=86 Chunk=0 Start=4100758749042 End=4100758778004 Duration=28962
Task=86 Chunk=1 Start=4100759464458 End=4100759525242 Duration=60784
Task=86 Chunk=2 Start=4100759525294 End=4100759525750 Duration=456
Task=86 Chunk=3 Start=4100759576301 End=4100759633299 Duration=56998
Task=87 Chunk=0 Start=4100758807721 End=4100758836670 Duration=28949
Task=87 Chunk=1 Start=4100759525254 End=4100759590433 Duration=65179
Task=87 Chunk=2 Start=4100759590461 End=4100759591147 Duration=686
Task=87 Chunk=3 Start=4100759633300 End=4100759691161 Duration=57861
Task=88 Chunk=0 Start=4100758865098 End=4100758895274 Duration=30176
Task=88 Chunk=1 Start=4100759590445 End=4100759651660 Duration=61215
Task=88 Chunk=2 Start=4100759651688 End=4100759652060 Duration=372
Task=88 Chunk=3 Start=4100759691162 End=4100759747717 Duration=56555
Task=89 Chunk=0 Start=4100758923549 End=4100758952306 Duration=28757
Task=89 Chunk=1 Start=4100759651676 End=4100759710949 Duration=59273
Task=89 Chunk=2 Start=4100759710984 End=4100759711438 Duration=454
Task=89 Chunk=3 Start=4100759747725 End=4100759805522 Duration=57797
Task=90 Chunk=0 Start=4100758983749 End=4100759012444 Duration=28695
Task=90 Chunk=1 Start=4100759710952 End=4100759768999 Duration=58047
Task=90 Chunk=2 Start=4100759769009 End=4100759769428 Duration=419
Task=90 Chunk=3 Start=4100759805530 End=4100759862928 Duration=57398
Task=91 Chunk=0 Start=4100759042672 End=4100759071289 Duration=28617
Task=91 Chunk=1 Start=4100759769000 End=4100759826709 Duration=57709
Task=91 Chunk=2 Start=4100759826750 End=4100759827050 Duration=300
Task=91 Chunk=3 Start=4100759862931 End=4100759921530 Duration=58599
Task=92 Chunk=0 Start=4100759101323 End=4100759130076 Duration=28753
Task=92 Chunk=1 Start=4100759826710 End=4100759884053 Duration=57343
Task=92 Chunk=2 Start=4100759884069 End=4100759884477 Duration=408
Task=92 Chunk=3 Start=4100759921531 End=4100759978984 Duration=57453
Task=93 Chunk=0 Start=4100759158487 End=4100759188262 Duration=29775
Task=93 Chunk=1 Start=4100759884054 End=4100759941941 Duration=57887
Task=93 Chunk=2 Start=4100759941991 End=4100759942366 Duration=375
Task=93 Chunk=3 Start=4100759978987 End=4100760035767 Duration=56780
Task=94 Chunk=0 Start=4100759216801 End=4100759245550 Duration=28749
Task=94 Chunk=1 Start=4100759941945 End=4100759999867 Duration=57922
Task=94 Chunk=2 Start=4100759999879 End=4100760000280 Duration=401
Task=94 Chunk=3 Start=4100760035768 End=4100760093264 Duration=57496
Task=95 Chunk=0 Start=4100759275653 End=4100759304934 Duration=29281
Task=95 Chunk=1 Start=4100759999868 End=4100760056985 Duration=57117
Task=95 Chunk=2 Start=4100760058416 End=4100760058791 Duration=375
Task=95 Chunk=3 Start=4100760093265 End=4100760149786 Duration=56521
Task=96 Chunk=0 Start=4100759333735 End=4100759366016 Duration=32281
Task=96 Chunk=1 Start=4100760056989 End=4100760114981 Duration=57992
Task=96 Chunk=2 Start=4100760115037 End=4100760115421 Duration=384
Task=96 Chunk=3 Start=4100760149787 End=4100760207390 Duration=57603
Task=97 Chunk=0 Start=4100759395443 End=4100759424554 Duration=29111
Task=97 Chunk=1 Start=4100760114982 End=4100760173284 Duration=58302
Task=97 Chunk=2 Start=4100760173322 End=4100760173662 Duration=340
Task=97 Chunk=3 Start=4100760207393 End=4100760265019 Duration=57626
Task=98 Chunk=0 Start=4100759453256 End=4100759483099 Duration=29843
Task=98 Chunk=1 Start=4100760173285 End=4100760231101 Duration=57816
Task=98 Chunk=2 Start=4100760231128 End=4100760231413 Duration=285
Task=98 Chunk=3 Start=4100760265020 End=4100760321472 Duration=56452
Task=99 Chunk=0 Start=4100759513832 End=4100759542626 Duration=28794
Task=99 Chunk=1 Start=4100760231102 End=4100760288704 Duration=57602
Task=99 Chunk=2 Start=4100760288755 End=4100760289167 Duration=412
Task=99 Chunk=3 Start=4100760321473 End=4100760378590 Duration=57117
### Python End ###

--------------------------------
[2025-06-26 18:35:07.872] [info] Available Vulkan Layers:
[2025-06-26 18:35:07.872] [warning] Validation layer requested but not available, continuing without it...
[2025-06-26 18:35:07.874] [info] Using integrated GPU: Mali-G710
[2025-06-26 18:35:07.876] [info] VulkanDispatcher instance created.
[2025-06-26 18:35:08.094] [info] Total memory used: 40550404 bytes (38.67188 MB)
[2025-06-26 18:35:08.099] [info] Total memory used: 40550404 bytes (38.67188 MB)
[2025-06-26 18:35:08.165] [info] Total memory used: 40550404 bytes (38.67188 MB)
[2025-06-26 18:35:08.172] [info] Total memory used: 40550404 bytes (38.67188 MB)
[2025-06-26 18:35:08.178] [info] Total memory used: 40550404 bytes (38.67188 MB)
[2025-06-26 18:35:08.246] [info] Total memory used: 40550404 bytes (38.67188 MB)
[2025-06-26 18:35:08.251] [info] Total memory used: 40550404 bytes (38.67188 MB)
[2025-06-26 18:35:08.256] [info] Total memory used: 40550404 bytes (38.67188 MB)
[2025-06-26 18:35:08.262] [info] Total memory used: 40550404 bytes (38.67188 MB)
[2025-06-26 18:35:08.268] [info] Total memory used: 40550404 bytes (38.67188 MB)
[2025-06-26 18:35:08.355] [info] Total memory used: 40550404 bytes (38.67188 MB)
[2025-06-26 18:35:08.361] [info] Total memory used: 40550404 bytes (38.67188 MB)
[2025-06-26 18:35:08.366] [info] Total memory used: 40550404 bytes (38.67188 MB)
[2025-06-26 18:35:08.371] [info] Total memory used: 40550404 bytes (38.67188 MB)
[2025-06-26 18:35:08.377] [info] Total memory used: 40550404 bytes (38.67188 MB)
[2025-06-26 18:35:08.382] [info] Total memory used: 40550404 bytes (38.67188 MB)
### Python Begin ###
Schedule_UID=SCH-M3G2B2-G108-fde1
Frequency=24576000 Hz
Task=0 Chunk=0 Start=4100773604767 End=4100773736921 Duration=132154
Task=0 Chunk=1 Start=4100773736959 End=4100773842238 Duration=105279
Task=0 Chunk=2 Start=4100773845784 End=4100774058020 Duration=212236
Task=1 Chunk=0 Start=4100773736954 End=4100773802118 Duration=65164
Task=1 Chunk=1 Start=4100773842242 End=4100773859620 Duration=17378
Task=1 Chunk=2 Start=4100774058021 End=4100774164484 Duration=106463
Task=2 Chunk=0 Start=4100773802134 End=4100773858700 Duration=56566
Task=2 Chunk=1 Start=4100773859641 End=4100773873592 Duration=13951
Task=2 Chunk=2 Start=4100774164489 End=4100774240537 Duration=76048
Task=3 Chunk=0 Start=4100773858703 End=4100773891692 Duration=32989
Task=3 Chunk=1 Start=4100773914520 End=4100773933889 Duration=19369
Task=3 Chunk=2 Start=4100774240539 End=4100774318252 Duration=77713
Task=4 Chunk=0 Start=4100773891699 End=4100773925766 Duration=34067
Task=4 Chunk=1 Start=4100773933891 End=4100773950453 Duration=16562
Task=4 Chunk=2 Start=4100774318254 End=4100774385590 Duration=67336
Task=5 Chunk=0 Start=4100773925767 End=4100773958627 Duration=32860
Task=5 Chunk=1 Start=4100773958650 End=4100773975137 Duration=16487
Task=5 Chunk=2 Start=4100774385591 End=4100774535202 Duration=149611
Task=6 Chunk=0 Start=4100773958629 End=4100773990877 Duration=32248
Task=6 Chunk=1 Start=4100773990889 End=4100774007665 Duration=16776
Task=6 Chunk=2 Start=4100774535204 End=4100774597509 Duration=62305
Task=7 Chunk=0 Start=4100773990878 End=4100774024389 Duration=33511
Task=7 Chunk=1 Start=4100774024561 End=4100774042000 Duration=17439
Task=7 Chunk=2 Start=4100774597511 End=4100774698280 Duration=100769
Task=8 Chunk=0 Start=4100774024397 End=4100774056925 Duration=32528
Task=8 Chunk=1 Start=4100774056944 End=4100774070221 Duration=13277
Task=8 Chunk=2 Start=4100774698282 End=4100774761602 Duration=63320
Task=9 Chunk=0 Start=4100774056930 End=4100774089511 Duration=32581
Task=9 Chunk=1 Start=4100774089524 End=4100774102749 Duration=13225
Task=9 Chunk=2 Start=4100774761603 End=4100774824815 Duration=63212
Task=10 Chunk=0 Start=4100774089512 End=4100774123203 Duration=33691
Task=10 Chunk=1 Start=4100774123216 End=4100774140709 Duration=17493
Task=10 Chunk=2 Start=4100774824817 End=4100774886359 Duration=61542
Task=11 Chunk=0 Start=4100774123205 End=4100774155909 Duration=32704
Task=11 Chunk=1 Start=4100774155934 End=4100774171630 Duration=15696
Task=11 Chunk=2 Start=4100774886360 End=4100774949494 Duration=63134
Task=12 Chunk=0 Start=4100774155911 End=4100774188603 Duration=32692
Task=12 Chunk=1 Start=4100774218469 End=4100774234874 Duration=16405
Task=12 Chunk=2 Start=4100774949524 End=4100775013155 Duration=63631
Task=13 Chunk=0 Start=4100774188604 End=4100774227831 Duration=39227
Task=13 Chunk=1 Start=4100774234876 End=4100774248287 Duration=13411
Task=13 Chunk=2 Start=4100775013157 End=4100775075334 Duration=62177
Task=14 Chunk=0 Start=4100774227835 End=4100774261037 Duration=33202
Task=14 Chunk=1 Start=4100774276352 End=4100774293325 Duration=16973
Task=14 Chunk=2 Start=4100775075335 End=4100775138688 Duration=63353
Task=15 Chunk=0 Start=4100774261043 End=4100774294380 Duration=33337
Task=15 Chunk=1 Start=4100774294411 End=4100774308448 Duration=14037
Task=15 Chunk=2 Start=4100775138691 End=4100775201210 Duration=62519
Task=16 Chunk=0 Start=4100774294381 End=4100774328839 Duration=34458
Task=16 Chunk=1 Start=4100774382449 End=4100774398134 Duration=15685
Task=16 Chunk=2 Start=4100775201212 End=4100775263633 Duration=62421
Task=17 Chunk=0 Start=4100774328844 End=4100774361548 Duration=32704
Task=17 Chunk=1 Start=4100774398136 End=4100774411147 Duration=13011
Task=17 Chunk=2 Start=4100775263635 End=4100775326067 Duration=62432
Task=18 Chunk=0 Start=4100774361549 End=4100774395335 Duration=33786
Task=18 Chunk=1 Start=4100774411148 End=4100774424331 Duration=13183
Task=18 Chunk=2 Start=4100775326069 End=4100775387981 Duration=61912
Task=19 Chunk=0 Start=4100774395336 End=4100774430283 Duration=34947
Task=19 Chunk=1 Start=4100774430315 End=4100774443015 Duration=12700
Task=19 Chunk=2 Start=4100775387982 End=4100775450438 Duration=62456
Task=20 Chunk=0 Start=4100774535215 End=4100774568025 Duration=32810
Task=20 Chunk=1 Start=4100774598482 End=4100774621332 Duration=22850
Task=20 Chunk=2 Start=4100775450441 End=4100775512705 Duration=62264
Task=21 Chunk=0 Start=4100774597537 End=4100774631800 Duration=34263
Task=21 Chunk=1 Start=4100774631835 End=4100774653930 Duration=22095
Task=21 Chunk=2 Start=4100775512709 End=4100775573642 Duration=60933
Task=22 Chunk=0 Start=4100774698299 End=4100774732035 Duration=33736
Task=22 Chunk=1 Start=4100774732068 End=4100774748945 Duration=16877
Task=22 Chunk=2 Start=4100775573643 End=4100775636719 Duration=63076
Task=23 Chunk=0 Start=4100774761617 End=4100774794361 Duration=32744
Task=23 Chunk=1 Start=4100774794417 End=4100774810689 Duration=16272
Task=23 Chunk=2 Start=4100775636720 End=4100775698651 Duration=61931
Task=24 Chunk=0 Start=4100774824834 End=4100774857540 Duration=32706
Task=24 Chunk=1 Start=4100774857586 End=4100774875730 Duration=18144
Task=24 Chunk=2 Start=4100775698654 End=4100775759826 Duration=61172
Task=25 Chunk=0 Start=4100774886370 End=4100774920658 Duration=34288
Task=25 Chunk=1 Start=4100774920701 End=4100774945460 Duration=24759
Task=25 Chunk=2 Start=4100775759828 End=4100775821562 Duration=61734
Task=26 Chunk=0 Start=4100774949531 End=4100774982231 Duration=32700
Task=26 Chunk=1 Start=4100774982264 End=4100775004757 Duration=22493
Task=26 Chunk=2 Start=4100775821564 End=4100775882781 Duration=61217
Task=27 Chunk=0 Start=4100775013172 End=4100775046049 Duration=32877
Task=27 Chunk=1 Start=4100775046057 End=4100775063577 Duration=17520
Task=27 Chunk=2 Start=4100775882788 End=4100775944679 Duration=61891
Task=28 Chunk=0 Start=4100775075358 End=4100775109633 Duration=34275
Task=28 Chunk=1 Start=4100775109653 End=4100775127267 Duration=17614
Task=28 Chunk=2 Start=4100775944681 End=4100776006517 Duration=61836
Task=29 Chunk=0 Start=4100775138700 End=4100775171548 Duration=32848
Task=29 Chunk=1 Start=4100775171613 End=4100775187700 Duration=16087
Task=29 Chunk=2 Start=4100776006518 End=4100776067828 Duration=61310
Task=30 Chunk=0 Start=4100775201221 End=4100775234168 Duration=32947
Task=30 Chunk=1 Start=4100775234200 End=4100775250701 Duration=16501
Task=30 Chunk=2 Start=4100776067829 End=4100776128714 Duration=60885
Task=31 Chunk=0 Start=4100775263643 End=4100775296614 Duration=32971
Task=31 Chunk=1 Start=4100775296677 End=4100775315372 Duration=18695
Task=31 Chunk=2 Start=4100776128716 End=4100776191019 Duration=62303
Task=32 Chunk=0 Start=4100775326082 End=4100775358935 Duration=32853
Task=32 Chunk=1 Start=4100775358986 End=4100775374992 Duration=16006
Task=32 Chunk=2 Start=4100776191022 End=4100776251784 Duration=60762
Task=33 Chunk=0 Start=4100775387994 End=4100775422191 Duration=34197
Task=33 Chunk=1 Start=4100775422228 End=4100775438923 Duration=16695
Task=33 Chunk=2 Start=4100776251792 End=4100776313773 Duration=61981
Task=34 Chunk=0 Start=4100775450468 End=4100775483277 Duration=32809
Task=34 Chunk=1 Start=4100775483312 End=4100775499243 Duration=15931
Task=34 Chunk=2 Start=4100776313774 End=4100776374675 Duration=60901
Task=35 Chunk=0 Start=4100775512720 End=4100775545683 Duration=32963
Task=35 Chunk=1 Start=4100775545719 End=4100775561706 Duration=15987
Task=35 Chunk=2 Start=4100776374676 End=4100776436367 Duration=61691
Task=36 Chunk=0 Start=4100775573658 End=4100775608255 Duration=34597
Task=36 Chunk=1 Start=4100775608289 End=4100775628706 Duration=20417
Task=36 Chunk=2 Start=4100776436368 End=4100776498261 Duration=61893
Task=37 Chunk=0 Start=4100775636727 End=4100775669461 Duration=32734
Task=37 Chunk=1 Start=4100775669473 End=4100775685468 Duration=15995
Task=37 Chunk=2 Start=4100776498262 End=4100776559408 Duration=61146
Task=38 Chunk=0 Start=4100775698666 End=4100775731374 Duration=32708
Task=38 Chunk=1 Start=4100775731426 End=4100775747586 Duration=16160
Task=38 Chunk=2 Start=4100776559410 End=4100776621715 Duration=62305
Task=39 Chunk=0 Start=4100775759846 End=4100775793808 Duration=33962
Task=39 Chunk=1 Start=4100775793835 End=4100775810110 Duration=16275
Task=39 Chunk=2 Start=4100776621716 End=4100776683196 Duration=61480
Task=40 Chunk=0 Start=4100775821578 End=4100775854348 Duration=32770
Task=40 Chunk=1 Start=4100775854387 End=4100775870338 Duration=15951
Task=40 Chunk=2 Start=4100776683198 End=4100776744093 Duration=60895
Task=41 Chunk=0 Start=4100775882797 End=4100775916889 Duration=34092
Task=41 Chunk=1 Start=4100775916911 End=4100775943525 Duration=26614
Task=41 Chunk=2 Start=4100776744096 End=4100776805660 Duration=61564
Task=42 Chunk=0 Start=4100775944698 End=4100775977512 Duration=32814
Task=42 Chunk=1 Start=4100775977537 End=4100776002980 Duration=25443
Task=42 Chunk=2 Start=4100776805661 End=4100776866603 Duration=60942
Task=43 Chunk=0 Start=4100776006539 End=4100776039613 Duration=33074
Task=43 Chunk=1 Start=4100776039656 End=4100776060606 Duration=20950
Task=43 Chunk=2 Start=4100776866605 End=4100776928987 Duration=62382
Task=44 Chunk=0 Start=4100776067839 End=4100776101764 Duration=33925
Task=44 Chunk=1 Start=4100776101778 End=4100776126172 Duration=24394
Task=44 Chunk=2 Start=4100776928988 End=4100776990464 Duration=61476
Task=45 Chunk=0 Start=4100776128727 End=4100776161533 Duration=32806
Task=45 Chunk=1 Start=4100776161578 End=4100776184196 Duration=22618
Task=45 Chunk=2 Start=4100776990465 End=4100777051378 Duration=60913
Task=46 Chunk=0 Start=4100776191034 End=4100776223919 Duration=32885
Task=46 Chunk=1 Start=4100776223961 End=4100776241453 Duration=17492
Task=46 Chunk=2 Start=4100777051382 End=4100777114006 Duration=62624
Task=47 Chunk=0 Start=4100776251805 End=4100776286057 Duration=34252
Task=47 Chunk=1 Start=4100776286089 End=4100776303071 Duration=16982
Task=47 Chunk=2 Start=4100777114007 End=4100777176082 Duration=62075
Task=48 Chunk=0 Start=4100776313793 End=4100776346674 Duration=32881
Task=48 Chunk=1 Start=4100776346727 End=4100776362835 Duration=16108
Task=48 Chunk=2 Start=4100777176086 End=4100777237157 Duration=61071
Task=49 Chunk=0 Start=4100776374695 End=4100776408666 Duration=33971
Task=49 Chunk=1 Start=4100776408688 End=4100776431979 Duration=23291
Task=49 Chunk=2 Start=4100777237159 End=4100777298525 Duration=61366
Task=50 Chunk=0 Start=4100776436385 End=4100776469262 Duration=32877
Task=50 Chunk=1 Start=4100776469304 End=4100776491065 Duration=21761
Task=50 Chunk=2 Start=4100777298526 End=4100777359568 Duration=61042
Task=51 Chunk=0 Start=4100776498279 End=4100776531184 Duration=32905
Task=51 Chunk=1 Start=4100776531198 End=4100776552925 Duration=21727
Task=51 Chunk=2 Start=4100777359569 End=4100777421492 Duration=61923
Task=52 Chunk=0 Start=4100776559435 End=4100776593634 Duration=34199
Task=52 Chunk=1 Start=4100776593694 End=4100776616365 Duration=22671
Task=52 Chunk=2 Start=4100777421493 End=4100777483839 Duration=62346
Task=53 Chunk=0 Start=4100776621727 End=4100776654687 Duration=32960
Task=53 Chunk=1 Start=4100776654750 End=4100776677152 Duration=22402
Task=53 Chunk=2 Start=4100777483840 End=4100777544414 Duration=60574
Task=54 Chunk=0 Start=4100776683217 End=4100776716173 Duration=32956
Task=54 Chunk=1 Start=4100776716235 End=4100776732646 Duration=16411
Task=54 Chunk=2 Start=4100777544415 End=4100777606269 Duration=61854
Task=55 Chunk=0 Start=4100776744117 End=4100776778285 Duration=34168
Task=55 Chunk=1 Start=4100776778334 End=4100776799257 Duration=20923
Task=55 Chunk=2 Start=4100777606273 End=4100777668189 Duration=61916
Task=56 Chunk=0 Start=4100776805677 End=4100776838631 Duration=32954
Task=56 Chunk=1 Start=4100776838700 End=4100776854608 Duration=15908
Task=56 Chunk=2 Start=4100777668192 End=4100777728598 Duration=60406
Task=57 Chunk=0 Start=4100776866618 End=4100776900799 Duration=34181
Task=57 Chunk=1 Start=4100776900853 End=4100776922996 Duration=22143
Task=57 Chunk=2 Start=4100777728606 End=4100777790538 Duration=61932
Task=58 Chunk=0 Start=4100776929033 End=4100776961989 Duration=32956
Task=58 Chunk=1 Start=4100776962010 End=4100776977824 Duration=15814
Task=58 Chunk=2 Start=4100777790540 End=4100777851222 Duration=60682
Task=59 Chunk=0 Start=4100776990480 End=4100777023532 Duration=33052
Task=59 Chunk=1 Start=4100777023606 End=4100777039278 Duration=15672
Task=59 Chunk=2 Start=4100777851223 End=4100777912960 Duration=61737
Task=60 Chunk=0 Start=4100777051400 End=4100777085530 Duration=34130
Task=60 Chunk=1 Start=4100777085597 End=4100777106023 Duration=20426
Task=60 Chunk=2 Start=4100777912966 End=4100777974919 Duration=61953
Task=61 Chunk=0 Start=4100777114029 End=4100777147375 Duration=33346
Task=61 Chunk=1 Start=4100777147428 End=4100777164804 Duration=17376
Task=61 Chunk=2 Start=4100777974921 End=4100778035581 Duration=60660
Task=62 Chunk=0 Start=4100777176097 End=4100777209002 Duration=32905
Task=62 Chunk=1 Start=4100777209041 End=4100777225394 Duration=16353
Task=62 Chunk=2 Start=4100778035587 End=4100778097510 Duration=61923
Task=63 Chunk=0 Start=4100777237176 End=4100777271120 Duration=33944
Task=63 Chunk=1 Start=4100777271129 End=4100777288164 Duration=17035
Task=63 Chunk=2 Start=4100778097516 End=4100778158792 Duration=61276
Task=64 Chunk=0 Start=4100777298549 End=4100777331652 Duration=33103
Task=64 Chunk=1 Start=4100777331698 End=4100777349517 Duration=17819
Task=64 Chunk=2 Start=4100778158798 End=4100778219576 Duration=60778
Task=65 Chunk=0 Start=4100777359586 End=4100777393820 Duration=34234
Task=65 Chunk=1 Start=4100777393857 End=4100777416226 Duration=22369
Task=65 Chunk=2 Start=4100778219581 End=4100778281336 Duration=61755
Task=66 Chunk=0 Start=4100777421511 End=4100777454407 Duration=32896
Task=66 Chunk=1 Start=4100777454439 End=4100777475255 Duration=20816
Task=66 Chunk=2 Start=4100778281338 End=4100778342108 Duration=60770
Task=67 Chunk=0 Start=4100777483851 End=4100777516879 Duration=33028
Task=67 Chunk=1 Start=4100777516926 End=4100777533240 Duration=16314
Task=67 Chunk=2 Start=4100778342117 End=4100778404536 Duration=62419
Task=68 Chunk=0 Start=4100777544432 End=4100777578689 Duration=34257
Task=68 Chunk=1 Start=4100777578719 End=4100777600325 Duration=21606
Task=68 Chunk=2 Start=4100778404537 End=4100778465906 Duration=61369
Task=69 Chunk=0 Start=4100777606282 End=4100777639267 Duration=32985
Task=69 Chunk=1 Start=4100777639317 End=4100777655332 Duration=16015
Task=69 Chunk=2 Start=4100778465911 End=4100778526370 Duration=60459
Task=70 Chunk=0 Start=4100777668202 End=4100777701161 Duration=32959
Task=70 Chunk=1 Start=4100777701228 End=4100777717342 Duration=16114
Task=70 Chunk=2 Start=4100778526376 End=4100778588253 Duration=61877
Task=71 Chunk=0 Start=4100777728612 End=4100777762987 Duration=34375
Task=71 Chunk=1 Start=4100777763019 End=4100777779488 Duration=16469
Task=71 Chunk=2 Start=4100778588253 End=4100778650054 Duration=61801
Task=72 Chunk=0 Start=4100777790560 End=4100777823482 Duration=32922
Task=72 Chunk=1 Start=4100777823515 End=4100777839792 Duration=16277
Task=72 Chunk=2 Start=4100778650056 End=4100778710584 Duration=60528
Task=73 Chunk=0 Start=4100777851243 End=4100777885193 Duration=33950
Task=73 Chunk=1 Start=4100777885244 End=4100777901186 Duration=15942
Task=73 Chunk=2 Start=4100778710588 End=4100778771967 Duration=61379
Task=74 Chunk=0 Start=4100777912981 End=4100777945579 Duration=32598
Task=74 Chunk=1 Start=4100777945618 End=4100777961600 Duration=15982
Task=74 Chunk=2 Start=4100778771968 End=4100778832541 Duration=60573
Task=75 Chunk=0 Start=4100777974937 End=4100778007709 Duration=32772
Task=75 Chunk=1 Start=4100778007742 End=4100778024161 Duration=16419
Task=75 Chunk=2 Start=4100778832542 End=4100778893749 Duration=61207
Task=76 Chunk=0 Start=4100778035600 End=4100778070194 Duration=34594
Task=76 Chunk=1 Start=4100778070235 End=4100778092433 Duration=22198
Task=76 Chunk=2 Start=4100778893753 End=4100778956357 Duration=62604
Task=77 Chunk=0 Start=4100778097523 End=4100778130519 Duration=32996
Task=77 Chunk=1 Start=4100778130574 End=4100778146726 Duration=16152
Task=77 Chunk=2 Start=4100778956361 End=4100779016990 Duration=60629
Task=78 Chunk=0 Start=4100778158800 End=4100778191778 Duration=32978
Task=78 Chunk=1 Start=4100778191830 End=4100778208159 Duration=16329
Task=78 Chunk=2 Start=4100779017010 End=4100779078531 Duration=61521
Task=79 Chunk=0 Start=4100778219603 End=4100778253804 Duration=34201
Task=79 Chunk=1 Start=4100778253845 End=4100778273713 Duration=19868
Task=79 Chunk=2 Start=4100779078536 End=4100779140168 Duration=61632
Task=80 Chunk=0 Start=4100778281368 End=4100778314298 Duration=32930
Task=80 Chunk=1 Start=4100778314326 End=4100778330400 Duration=16074
Task=80 Chunk=2 Start=4100779140173 End=4100779201269 Duration=61096
Task=81 Chunk=0 Start=4100778342123 End=4100778376385 Duration=34262
Task=81 Chunk=1 Start=4100778376441 End=4100778398479 Duration=22038
Task=81 Chunk=2 Start=4100779201270 End=4100779263668 Duration=62398
Task=82 Chunk=0 Start=4100778404577 End=4100778437426 Duration=32849
Task=82 Chunk=1 Start=4100778437445 End=4100778453464 Duration=16019
Task=82 Chunk=2 Start=4100779263673 End=4100779324320 Duration=60647
Task=83 Chunk=0 Start=4100778465923 End=4100778498983 Duration=33060
Task=83 Chunk=1 Start=4100778499029 End=4100778514904 Duration=15875
Task=83 Chunk=2 Start=4100779324337 End=4100779385830 Duration=61493
Task=84 Chunk=0 Start=4100778526386 End=4100778560592 Duration=34206
Task=84 Chunk=1 Start=4100778560642 End=4100778577552 Duration=16910
Task=84 Chunk=2 Start=4100779385837 End=4100779447233 Duration=61396
Task=85 Chunk=0 Start=4100778588262 End=4100778620983 Duration=32721
Task=85 Chunk=1 Start=4100778621015 End=4100778636896 Duration=15881
Task=85 Chunk=2 Start=4100779447234 End=4100779507660 Duration=60426
Task=86 Chunk=0 Start=4100778650071 End=4100778682845 Duration=32774
Task=86 Chunk=1 Start=4100778682884 End=4100778699194 Duration=16310
Task=86 Chunk=2 Start=4100779507665 End=4100779568148 Duration=60483
Task=87 Chunk=0 Start=4100778710596 End=4100778744697 Duration=34101
Task=87 Chunk=1 Start=4100778744757 End=4100778762582 Duration=17825
Task=87 Chunk=2 Start=4100779568149 End=4100779628514 Duration=60365
Task=88 Chunk=0 Start=4100778772015 End=4100778804887 Duration=32872
Task=88 Chunk=1 Start=4100778804902 End=4100778820960 Duration=16058
Task=88 Chunk=2 Start=4100779628519 End=4100779688101 Duration=59582
Task=89 Chunk=0 Start=4100778832555 End=4100778866403 Duration=33848
Task=89 Chunk=1 Start=4100778866451 End=4100778882321 Duration=15870
Task=89 Chunk=2 Start=4100779688102 End=4100779747985 Duration=59883
Task=90 Chunk=0 Start=4100778893758 End=4100778926595 Duration=32837
Task=90 Chunk=1 Start=4100778926635 End=4100778943615 Duration=16980
Task=90 Chunk=2 Start=4100779747986 End=4100779807473 Duration=59487
Task=91 Chunk=0 Start=4100778956365 End=4100778989249 Duration=32884
Task=91 Chunk=1 Start=4100778989294 End=4100779005784 Duration=16490
Task=91 Chunk=2 Start=4100779807474 End=4100779870097 Duration=62623
Task=92 Chunk=0 Start=4100779017017 End=4100779051214 Duration=34197
Task=92 Chunk=1 Start=4100779051248 End=4100779067555 Duration=16307
Task=92 Chunk=2 Start=4100779870104 End=4100779930715 Duration=60611
Task=93 Chunk=0 Start=4100779078542 End=4100779111454 Duration=32912
Task=93 Chunk=1 Start=4100779111502 End=4100779127642 Duration=16140
Task=93 Chunk=2 Start=4100779930717 End=4100779990734 Duration=60017
Task=94 Chunk=0 Start=4100779140183 End=4100779173190 Duration=33007
Task=94 Chunk=1 Start=4100779173217 End=4100779189432 Duration=16215
Task=94 Chunk=2 Start=4100779990735 End=4100780052019 Duration=61284
Task=95 Chunk=0 Start=4100779201287 End=4100779235495 Duration=34208
Task=95 Chunk=1 Start=4100779235528 End=4100779252121 Duration=16593
Task=95 Chunk=2 Start=4100780052020 End=4100780111968 Duration=59948
Task=96 Chunk=0 Start=4100779263691 End=4100779296638 Duration=32947
Task=96 Chunk=1 Start=4100779296707 End=4100779312814 Duration=16107
Task=96 Chunk=2 Start=4100780111969 End=4100780172424 Duration=60455
Task=97 Chunk=0 Start=4100779324352 End=4100779358360 Duration=34008
Task=97 Chunk=1 Start=4100779358426 End=4100779374476 Duration=16050
Task=97 Chunk=2 Start=4100780172426 End=4100780232728 Duration=60302
Task=98 Chunk=0 Start=4100779385847 End=4100779418642 Duration=32795
Task=98 Chunk=1 Start=4100779418699 End=4100779440365 Duration=21666
Task=98 Chunk=2 Start=4100780232729 End=4100780292365 Duration=59636
Task=99 Chunk=0 Start=4100779447249 End=4100779480160 Duration=32911
Task=99 Chunk=1 Start=4100779480237 End=4100779496491 Duration=16254
Task=99 Chunk=2 Start=4100780292366 End=4100780353211 Duration=60845
### Python End ###

--------------------------------
[2025-06-26 18:35:08.753] [info] Available Vulkan Layers:
[2025-06-26 18:35:08.753] [warning] Validation layer requested but not available, continuing without it...
[2025-06-26 18:35:08.759] [info] Using integrated GPU: Mali-G710
[2025-06-26 18:35:08.764] [info] VulkanDispatcher instance created.
[2025-06-26 18:35:08.949] [info] Total memory used: 40550404 bytes (38.67188 MB)
[2025-06-26 18:35:08.955] [info] Total memory used: 40550404 bytes (38.67188 MB)
[2025-06-26 18:35:09.032] [info] Total memory used: 40550404 bytes (38.67188 MB)
[2025-06-26 18:35:09.043] [info] Total memory used: 40550404 bytes (38.67188 MB)
[2025-06-26 18:35:09.049] [info] Total memory used: 40550404 bytes (38.67188 MB)
[2025-06-26 18:35:09.117] [info] Total memory used: 40550404 bytes (38.67188 MB)
[2025-06-26 18:35:09.122] [info] Total memory used: 40550404 bytes (38.67188 MB)
[2025-06-26 18:35:09.127] [info] Total memory used: 40550404 bytes (38.67188 MB)
[2025-06-26 18:35:09.132] [info] Total memory used: 40550404 bytes (38.67188 MB)
[2025-06-26 18:35:09.138] [info] Total memory used: 40550404 bytes (38.67188 MB)
[2025-06-26 18:35:09.223] [info] Total memory used: 40550404 bytes (38.67188 MB)
[2025-06-26 18:35:09.228] [info] Total memory used: 40550404 bytes (38.67188 MB)
[2025-06-26 18:35:09.233] [info] Total memory used: 40550404 bytes (38.67188 MB)
[2025-06-26 18:35:09.238] [info] Total memory used: 40550404 bytes (38.67188 MB)
[2025-06-26 18:35:09.243] [info] Total memory used: 40550404 bytes (38.67188 MB)
[2025-06-26 18:35:09.248] [info] Total memory used: 40550404 bytes (38.67188 MB)
### Python Begin ###
Schedule_UID=SCH-M4L3-G114-e6f8
Frequency=24576000 Hz
Task=0 Chunk=0 Start=4100794907398 End=4100795182758 Duration=275360
Task=0 Chunk=1 Start=4100795182790 End=4100795453679 Duration=270889
Task=1 Chunk=0 Start=4100795182784 End=4100795395445 Duration=212661
Task=1 Chunk=1 Start=4100795453732 End=4100795648554 Duration=194822
Task=2 Chunk=0 Start=4100795395477 End=4100795607932 Duration=212455
Task=2 Chunk=1 Start=4100795648599 End=4100795841071 Duration=192472
Task=3 Chunk=0 Start=4100795607964 End=4100795819725 Duration=211761
Task=3 Chunk=1 Start=4100795841100 End=4100796045985 Duration=204885
Task=4 Chunk=0 Start=4100795819726 End=4100796034700 Duration=214974
Task=4 Chunk=1 Start=4100796046006 End=4100796243626 Duration=197620
Task=5 Chunk=0 Start=4100796034701 End=4100796249023 Duration=214322
Task=5 Chunk=1 Start=4100796249050 End=4100796447957 Duration=198907
Task=6 Chunk=0 Start=4100796249041 End=4100796463119 Duration=214078
Task=6 Chunk=1 Start=4100796463178 End=4100796658937 Duration=195759
Task=7 Chunk=0 Start=4100796463127 End=4100796676935 Duration=213808
Task=7 Chunk=1 Start=4100796676988 End=4100796871566 Duration=194578
Task=8 Chunk=0 Start=4100796676950 End=4100796890160 Duration=213210
Task=8 Chunk=1 Start=4100796890230 End=4100797152591 Duration=262361
Task=9 Chunk=0 Start=4100796890167 End=4100797103665 Duration=213498
Task=9 Chunk=1 Start=4100797152630 End=4100797344670 Duration=192040
Task=10 Chunk=0 Start=4100797103694 End=4100797316176 Duration=212482
Task=10 Chunk=1 Start=4100797344705 End=4100797537356 Duration=192651
Task=11 Chunk=0 Start=4100797316201 End=4100797530718 Duration=214517
Task=11 Chunk=1 Start=4100797537378 End=4100797737295 Duration=199917
Task=12 Chunk=0 Start=4100797530750 End=4100797745184 Duration=214434
Task=12 Chunk=1 Start=4100797745257 End=4100797939579 Duration=194322
Task=13 Chunk=0 Start=4100797745204 End=4100797958684 Duration=213480
Task=13 Chunk=1 Start=4100797958768 End=4100798153277 Duration=194509
Task=14 Chunk=0 Start=4100797958692 End=4100798171723 Duration=213031
Task=14 Chunk=1 Start=4100798171744 End=4100798370172 Duration=198428
Task=15 Chunk=0 Start=4100798171727 End=4100798384642 Duration=212915
Task=15 Chunk=1 Start=4100798384725 End=4100798582840 Duration=198115
Task=16 Chunk=0 Start=4100798384684 End=4100798598710 Duration=214026
Task=16 Chunk=1 Start=4100798598762 End=4100798796596 Duration=197834
Task=17 Chunk=0 Start=4100798598733 End=4100798815376 Duration=216643
Task=17 Chunk=1 Start=4100798815422 End=4100799011202 Duration=195780
Task=18 Chunk=0 Start=4100798815403 End=4100799029095 Duration=213692
Task=18 Chunk=1 Start=4100799029145 End=4100799232568 Duration=203423
Task=19 Chunk=0 Start=4100799029103 End=4100799242314 Duration=213211
Task=19 Chunk=1 Start=4100799242389 End=4100799437984 Duration=195595
Task=20 Chunk=0 Start=4100799242352 End=4100799455587 Duration=213235
Task=20 Chunk=1 Start=4100799455669 End=4100799651669 Duration=196000
Task=21 Chunk=0 Start=4100799455602 End=4100799668844 Duration=213242
Task=21 Chunk=1 Start=4100799668876 End=4100799863577 Duration=194701
Task=22 Chunk=0 Start=4100799668865 End=4100799883566 Duration=214701
Task=22 Chunk=1 Start=4100799883640 End=4100800078510 Duration=194870
Task=23 Chunk=0 Start=4100799883587 End=4100800097177 Duration=213590
Task=23 Chunk=1 Start=4100800097198 End=4100800291889 Duration=194691
Task=24 Chunk=0 Start=4100800097179 End=4100800311381 Duration=214202
Task=24 Chunk=1 Start=4100800311419 End=4100800509566 Duration=198147
Task=25 Chunk=0 Start=4100800311410 End=4100800524991 Duration=213581
Task=25 Chunk=1 Start=4100800525078 End=4100800718813 Duration=193735
Task=26 Chunk=0 Start=4100800524995 End=4100800738380 Duration=213385
Task=26 Chunk=1 Start=4100800738429 End=4100800932909 Duration=194480
Task=27 Chunk=0 Start=4100800738410 End=4100800951246 Duration=212836
Task=27 Chunk=1 Start=4100800951310 End=4100801150743 Duration=199433
Task=28 Chunk=0 Start=4100800951267 End=4100801165742 Duration=214475
Task=28 Chunk=1 Start=4100801165776 End=4100801359734 Duration=193958
Task=29 Chunk=0 Start=4100801165745 End=4100801379701 Duration=213956
Task=29 Chunk=1 Start=4100801379752 End=4100801580334 Duration=200582
Task=30 Chunk=0 Start=4100801379738 End=4100801593240 Duration=213502
Task=30 Chunk=1 Start=4100801593291 End=4100801788945 Duration=195654
Task=31 Chunk=0 Start=4100801593243 End=4100801806807 Duration=213564
Task=31 Chunk=1 Start=4100801806857 End=4100802003038 Duration=196181
Task=32 Chunk=0 Start=4100801806840 End=4100802021040 Duration=214200
Task=32 Chunk=1 Start=4100802021084 End=4100802217725 Duration=196641
Task=33 Chunk=0 Start=4100802021064 End=4100802236001 Duration=214937
Task=33 Chunk=1 Start=4100802236031 End=4100802437607 Duration=201576
Task=34 Chunk=0 Start=4100802236016 End=4100802449837 Duration=213821
Task=34 Chunk=1 Start=4100802449877 End=4100802644066 Duration=194189
Task=35 Chunk=0 Start=4100802449852 End=4100802663730 Duration=213878
Task=35 Chunk=1 Start=4100802663770 End=4100802859353 Duration=195583
Task=36 Chunk=0 Start=4100802663735 End=4100802878082 Duration=214347
Task=36 Chunk=1 Start=4100802878148 End=4100803074283 Duration=196135
Task=37 Chunk=0 Start=4100802878086 End=4100803091616 Duration=213530
Task=37 Chunk=1 Start=4100803091670 End=4100803288974 Duration=197304
Task=38 Chunk=0 Start=4100803091632 End=4100803305044 Duration=213412
Task=38 Chunk=1 Start=4100803305084 End=4100803501210 Duration=196126
Task=39 Chunk=0 Start=4100803305056 End=4100803519690 Duration=214634
Task=39 Chunk=1 Start=4100803519747 End=4100803716647 Duration=196900
Task=40 Chunk=0 Start=4100803519694 End=4100803735222 Duration=215528
Task=40 Chunk=1 Start=4100803735258 End=4100803930075 Duration=194817
Task=41 Chunk=0 Start=4100803735227 End=4100803949181 Duration=213954
Task=41 Chunk=1 Start=4100803949221 End=4100804144469 Duration=195248
Task=42 Chunk=0 Start=4100803949217 End=4100804164487 Duration=215270
Task=42 Chunk=1 Start=4100804164547 End=4100804361334 Duration=196787
Task=43 Chunk=0 Start=4100804164495 End=4100804378273 Duration=213778
Task=43 Chunk=1 Start=4100804378314 End=4100804573232 Duration=194918
Task=44 Chunk=0 Start=4100804378287 End=4100804592080 Duration=213793
Task=44 Chunk=1 Start=4100804593666 End=4100804792726 Duration=199060
Task=45 Chunk=0 Start=4100804593277 End=4100804807483 Duration=214206
Task=45 Chunk=1 Start=4100804807505 End=4100805004405 Duration=196900
Task=46 Chunk=0 Start=4100804807487 End=4100805022885 Duration=215398
Task=46 Chunk=1 Start=4100805022935 End=4100805219937 Duration=197002
Task=47 Chunk=0 Start=4100805022914 End=4100805237313 Duration=214399
Task=47 Chunk=1 Start=4100805237337 End=4100805437553 Duration=200216
Task=48 Chunk=0 Start=4100805237323 End=4100805450768 Duration=213445
Task=48 Chunk=1 Start=4100805450846 End=4100805650591 Duration=199745
Task=49 Chunk=0 Start=4100805450804 End=4100805664626 Duration=213822
Task=49 Chunk=1 Start=4100805664675 End=4100805858791 Duration=194116
Task=50 Chunk=0 Start=4100805664627 End=4100805881197 Duration=216570
Task=50 Chunk=1 Start=4100805881274 End=4100806077568 Duration=196294
Task=51 Chunk=0 Start=4100805881210 End=4100806095286 Duration=214076
Task=51 Chunk=1 Start=4100806095330 End=4100806290213 Duration=194883
Task=52 Chunk=0 Start=4100806095295 End=4100806309506 Duration=214211
Task=52 Chunk=1 Start=4100806309561 End=4100806504877 Duration=195316
Task=53 Chunk=0 Start=4100806309514 End=4100806522855 Duration=213341
Task=53 Chunk=1 Start=4100806522911 End=4100806722691 Duration=199780
Task=54 Chunk=0 Start=4100806522867 End=4100806736230 Duration=213363
Task=54 Chunk=1 Start=4100806736284 End=4100806932476 Duration=196192
Task=55 Chunk=0 Start=4100806736241 End=4100806949662 Duration=213421
Task=55 Chunk=1 Start=4100806949719 End=4100807145194 Duration=195475
Task=56 Chunk=0 Start=4100806949680 End=4100807164602 Duration=214922
Task=56 Chunk=1 Start=4100807164687 End=4100807359566 Duration=194879
Task=57 Chunk=0 Start=4100807164605 End=4100807378730 Duration=214125
Task=57 Chunk=1 Start=4100807378764 End=4100807574356 Duration=195592
Task=58 Chunk=0 Start=4100807378731 End=4100807592341 Duration=213610
Task=58 Chunk=1 Start=4100807592396 End=4100807785894 Duration=193498
Task=59 Chunk=0 Start=4100807592383 End=4100807806964 Duration=214581
Task=59 Chunk=1 Start=4100807807002 End=4100808007093 Duration=200091
Task=60 Chunk=0 Start=4100807806970 End=4100808020109 Duration=213139
Task=60 Chunk=1 Start=4100808020165 End=4100808216070 Duration=195905
Task=61 Chunk=0 Start=4100808020154 End=4100808235748 Duration=215594
Task=61 Chunk=1 Start=4100808235770 End=4100808436832 Duration=201062
Task=62 Chunk=0 Start=4100808235762 End=4100808450998 Duration=215236
Task=62 Chunk=1 Start=4100808451045 End=4100808649432 Duration=198387
Task=63 Chunk=0 Start=4100808451004 End=4100808665028 Duration=214024
Task=63 Chunk=1 Start=4100808665079 End=4100808864797 Duration=199718
Task=64 Chunk=0 Start=4100808665042 End=4100808878217 Duration=213175
Task=64 Chunk=1 Start=4100808878290 End=4100809072350 Duration=194060
Task=65 Chunk=0 Start=4100808878253 End=4100809091739 Duration=213486
Task=65 Chunk=1 Start=4100809091799 End=4100809288192 Duration=196393
Task=66 Chunk=0 Start=4100809091750 End=4100809305168 Duration=213418
Task=66 Chunk=1 Start=4100809305229 End=4100809499518 Duration=194289
Task=67 Chunk=0 Start=4100809305191 End=4100809520003 Duration=214812
Task=67 Chunk=1 Start=4100809520054 End=4100809715587 Duration=195533
Task=68 Chunk=0 Start=4100809520032 End=4100809733744 Duration=213712
Task=68 Chunk=1 Start=4100809733787 End=4100809932360 Duration=198573
Task=69 Chunk=0 Start=4100809733750 End=4100809947585 Duration=213835
Task=69 Chunk=1 Start=4100809947641 End=4100810145943 Duration=198302
Task=70 Chunk=0 Start=4100809947618 End=4100810160212 Duration=212594
Task=70 Chunk=1 Start=4100810160270 End=4100810355804 Duration=195534
Task=71 Chunk=0 Start=4100810160213 End=4100810373869 Duration=213656
Task=71 Chunk=1 Start=4100810373928 End=4100810571670 Duration=197742
Task=72 Chunk=0 Start=4100810373901 End=4100810586719 Duration=212818
Task=72 Chunk=1 Start=4100810586846 End=4100810782176 Duration=195330
Task=73 Chunk=0 Start=4100810586793 End=4100810801693 Duration=214900
Task=73 Chunk=1 Start=4100810801721 End=4100810996907 Duration=195186
Task=74 Chunk=0 Start=4100810801694 End=4100811016083 Duration=214389
Task=74 Chunk=1 Start=4100811016126 End=4100811215253 Duration=199127
Task=75 Chunk=0 Start=4100811016117 End=4100811229497 Duration=213380
Task=75 Chunk=1 Start=4100811229557 End=4100811425253 Duration=195696
Task=76 Chunk=0 Start=4100811229502 End=4100811443411 Duration=213909
Task=76 Chunk=1 Start=4100811443454 End=4100811641825 Duration=198371
Task=77 Chunk=0 Start=4100811443434 End=4100811657936 Duration=214502
Task=77 Chunk=1 Start=4100811658011 End=4100811855805 Duration=197794
Task=78 Chunk=0 Start=4100811657959 End=4100811873393 Duration=215434
Task=78 Chunk=1 Start=4100811873472 End=4100812074869 Duration=201397
Task=79 Chunk=0 Start=4100811873420 End=4100812088054 Duration=214634
Task=79 Chunk=1 Start=4100812088121 End=4100812283213 Duration=195092
Task=80 Chunk=0 Start=4100812088092 End=4100812302057 Duration=213965
Task=80 Chunk=1 Start=4100812302105 End=4100812497516 Duration=195411
Task=81 Chunk=0 Start=4100812302078 End=4100812516186 Duration=214108
Task=81 Chunk=1 Start=4100812516228 End=4100812711419 Duration=195191
Task=82 Chunk=0 Start=4100812516194 End=4100812729303 Duration=213109
Task=82 Chunk=1 Start=4100812729344 End=4100812924398 Duration=195054
Task=83 Chunk=0 Start=4100812729319 End=4100812942515 Duration=213196
Task=83 Chunk=1 Start=4100812942553 End=4100813137501 Duration=194948
Task=84 Chunk=0 Start=4100812942527 End=4100813157622 Duration=215095
Task=84 Chunk=1 Start=4100813157662 End=4100813353713 Duration=196051
Task=85 Chunk=0 Start=4100813157631 End=4100813371737 Duration=214106
Task=85 Chunk=1 Start=4100813371810 End=4100813568781 Duration=196971
Task=86 Chunk=0 Start=4100813371739 End=4100813585683 Duration=213944
Task=86 Chunk=1 Start=4100813585752 End=4100813780646 Duration=194894
Task=87 Chunk=0 Start=4100813585710 End=4100813799570 Duration=213860
Task=87 Chunk=1 Start=4100813799616 End=4100813999329 Duration=199713
Task=88 Chunk=0 Start=4100813799571 End=4100814013164 Duration=213593
Task=88 Chunk=1 Start=4100814013231 End=4100814207323 Duration=194092
Task=89 Chunk=0 Start=4100814013195 End=4100814227483 Duration=214288
Task=89 Chunk=1 Start=4100814227544 End=4100814468337 Duration=240793
Task=90 Chunk=0 Start=4100814227520 End=4100814441113 Duration=213593
Task=90 Chunk=1 Start=4100814468360 End=4100814706197 Duration=237837
Task=91 Chunk=0 Start=4100814441133 End=4100814656193 Duration=215060
Task=91 Chunk=1 Start=4100814706262 End=4100814946164 Duration=239902
Task=92 Chunk=0 Start=4100814656198 End=4100814870467 Duration=214269
Task=92 Chunk=1 Start=4100814946232 End=4100815183581 Duration=237349
Task=93 Chunk=0 Start=4100814870489 End=4100815085166 Duration=214677
Task=93 Chunk=1 Start=4100815183659 End=4100815429520 Duration=245861
Task=94 Chunk=0 Start=4100815085184 End=4100815298631 Duration=213447
Task=94 Chunk=1 Start=4100815429567 End=4100815667624 Duration=238057
Task=95 Chunk=0 Start=4100815298662 End=4100815513126 Duration=214464
Task=95 Chunk=1 Start=4100815667709 End=4100815908311 Duration=240602
Task=96 Chunk=0 Start=4100815513128 End=4100815726466 Duration=213338
Task=96 Chunk=1 Start=4100815908371 End=4100816151494 Duration=243123
Task=97 Chunk=0 Start=4100815726482 End=4100815939473 Duration=212991
Task=97 Chunk=1 Start=4100816151541 End=4100816390999 Duration=239458
Task=98 Chunk=0 Start=4100815939475 End=4100816153381 Duration=213906
Task=98 Chunk=1 Start=4100816391040 End=4100816625106 Duration=234066
Task=99 Chunk=0 Start=4100816153414 End=4100816369631 Duration=216217
Task=99 Chunk=1 Start=4100816625132 End=4100816859061 Duration=233929
### Python End ###
