{
  "schedule": {
    "schedule_id": "jetson_CifarDense_schedule_015",
    "device_id": "jetson",
    "application": "CifarDense",
    "chunks": [
      {
        "name": "chunk1",
        "hardware": "gpu_cuda",
        "threads": 1,
        "stages": [
          1
        ],
        "time": 1.62809694848556
      },
      {
        "name": "chunk2",
        "hardware": "little",
        "threads": 6,
        "stages": [
          2,
          3,
          4,
          5,
          6,
          7,
          8,
          9
        ],
        "time": 466.62748657123
      }
    ]
  },
  "max_chunk_time": 466.62748657123,
  "cpu_baseline_time": 3053.7292080000043,
  "gpu_baseline_time": 81.90525021599025,
  "cpu_speedup": 6.544254883994831,
  "gpu_speedup": 0.17552598715911163,
  "load_balance_ratio": 0.003489072108565198,
  "load_imbalance_pct": 99.30461183772856,
  "time_variance": 54056.108087381224
}