{
  "schedule": {
    "schedule_id": "jetson_CifarDense_schedule_009",
    "device_id": "jetson",
    "application": "CifarDense",
    "chunks": [
      {
        "name": "chunk1",
        "hardware": "little",
        "threads": 6,
        "stages": [
          1,
          2,
          3,
          4,
          5
        ],
        "time": 194.80627195962302
      },
      {
        "name": "chunk2",
        "hardware": "gpu_cuda",
        "threads": 1,
        "stages": [
          6,
          7,
          8,
          9
        ],
        "time": 60.05390281452198
      }
    ]
  },
  "max_chunk_time": 194.80627195962302,
  "cpu_baseline_time": 3053.7292080000043,
  "gpu_baseline_time": 81.90525021599025,
  "cpu_speedup": 15.675723257169784,
  "gpu_speedup": 0.4204446263052893,
  "load_balance_ratio": 0.30827499654102103,
  "load_imbalance_pct": 52.87305843861931,
  "time_variance": 4539.550247554394
}