{
  "schedule": {
    "schedule_id": "jetson_CifarDense_schedule_013",
    "device_id": "jetson",
    "application": "CifarDense",
    "chunks": [
      {
        "name": "chunk1",
        "hardware": "gpu_cuda",
        "threads": 1,
        "stages": [
          1,
          2,
          3
        ],
        "time": 6.819787663138776
      },
      {
        "name": "chunk2",
        "hardware": "little",
        "threads": 6,
        "stages": [
          4,
          5,
          6,
          7,
          8,
          9
        ],
        "time": 383.67111949245054
      }
    ]
  },
  "max_chunk_time": 383.67111949245054,
  "cpu_baseline_time": 3053.7292080000043,
  "gpu_baseline_time": 81.90525021599025,
  "cpu_speedup": 7.959236577513862,
  "gpu_speedup": 0.2134777575240502,
  "load_balance_ratio": 0.01777508735127239,
  "load_imbalance_pct": 96.50706967144747,
  "time_variance": 35504.231575381506
}