{
  "schedule": {
    "schedule_id": "jetson_CifarDense_schedule_012",
    "device_id": "jetson",
    "application": "CifarDense",
    "chunks": [
      {
        "name": "chunk1",
        "hardware": "gpu_cuda",
        "threads": 1,
        "stages": [
          1,
          2,
          3,
          4
        ],
        "time": 7.041827439903909
      },
      {
        "name": "chunk2",
        "hardware": "little",
        "threads": 6,
        "stages": [
          5,
          6,
          7,
          8,
          9
        ],
        "time": 382.71458268826575
      }
    ]
  },
  "max_chunk_time": 382.71458268826575,
  "cpu_baseline_time": 3053.7292080000043,
  "gpu_baseline_time": 81.90525021599025,
  "cpu_speedup": 7.97912947698513,
  "gpu_speedup": 0.2140113126619607,
  "load_balance_ratio": 0.01839968414697101,
  "load_imbalance_pct": 96.3865495181525,
  "time_variance": 35282.5047589739
}