{
  "schedule": {
    "schedule_id": "jetson_CifarDense_schedule_006",
    "device_id": "jetson",
    "application": "CifarDense",
    "chunks": [
      {
        "name": "chunk1",
        "hardware": "little",
        "threads": 6,
        "stages": [
          1,
          2,
          3
        ],
        "time": 116.67176635503401
      },
      {
        "name": "chunk2",
        "hardware": "gpu_cuda",
        "threads": 1,
        "stages": [
          4,
          5,
          6,
          7,
          8,
          9
        ],
        "time": 75.15812719866277
      }
    ]
  },
  "max_chunk_time": 116.67176635503401,
  "cpu_baseline_time": 3053.7292080000043,
  "gpu_baseline_time": 81.90525021599025,
  "cpu_speedup": 26.173677689145965,
  "gpu_speedup": 0.7020143156721507,
  "load_balance_ratio": 0.6441843605071977,
  "load_imbalance_pct": 21.640860236807047,
  "time_variance": 430.8455590013499
}