{
  "schedule": {
    "schedule_id": "jetson_CifarDense_schedule_016",
    "device_id": "jetson",
    "application": "CifarDense",
    "chunks": [
      {
        "name": "chunk1",
        "hardware": "little",
        "threads": 6,
        "stages": [
          1,
          2,
          3,
          4,
          5,
          6,
          7
        ],
        "time": 499.3399162787857
      },
      {
        "name": "chunk2",
        "hardware": "gpu_cuda",
        "threads": 1,
        "stages": [
          8,
          9
        ],
        "time": 0.581180456019962
      }
    ]
  },
  "max_chunk_time": 499.3399162787857,
  "cpu_baseline_time": 3053.7292080000043,
  "gpu_baseline_time": 81.90525021599025,
  "cpu_speedup": 6.115531942163185,
  "gpu_speedup": 0.16402704359461193,
  "load_balance_ratio": 0.0011638974515618015,
  "load_imbalance_pct": 99.76749112617334,
  "time_variance": 62190.06913988086
}