{
  "schedule": {
    "schedule_id": "jetson_CifarDense_schedule_017",
    "device_id": "jetson",
    "application": "CifarDense",
    "chunks": [
      {
        "name": "chunk1",
        "hardware": "little",
        "threads": 6,
        "stages": [
          1,
          2,
          3,
          4,
          5,
          6,
          7,
          8
        ],
        "time": 499.8270865542831
      },
      {
        "name": "chunk2",
        "hardware": "gpu_cuda",
        "threads": 1,
        "stages": [
          9
        ],
        "time": 0.15179593977279243
      }
    ]
  },
  "max_chunk_time": 499.8270865542831,
  "cpu_baseline_time": 3053.7292080000043,
  "gpu_baseline_time": 81.90525021599025,
  "cpu_speedup": 6.10957127004032,
  "gpu_speedup": 0.16386717010602633,
  "load_balance_ratio": 0.0003036969061025604,
  "load_imbalance_pct": 99.93927905954124,
  "time_variance": 62418.849012673825
}