{
  "schedule": {
    "schedule_id": "jetson_CifarDense_schedule_011",
    "device_id": "jetson",
    "application": "CifarDense",
    "chunks": [
      {
        "name": "chunk1",
        "hardware": "little",
        "threads": 6,
        "stages": [
          1,
          2,
          3,
          4,
          5,
          6
        ],
        "time": 346.6915491589491
      },
      {
        "name": "chunk2",
        "hardware": "gpu_cuda",
        "threads": 1,
        "stages": [
          7,
          8,
          9
        ],
        "time": 30.319216931120632
      }
    ]
  },
  "max_chunk_time": 346.6915491589491,
  "cpu_baseline_time": 3053.7292080000043,
  "gpu_baseline_time": 81.90525021599025,
  "cpu_speedup": 8.808202032637226,
  "gpu_speedup": 0.23624818780465517,
  "load_balance_ratio": 0.08745300254555688,
  "load_imbalance_pct": 83.91599409981983,
  "time_variance": 25022.86314981887
}