{
  "schedule": {
    "schedule_id": "jetson_CifarDense_schedule_005",
    "device_id": "jetson",
    "application": "CifarDense",
    "chunks": [
      {
        "name": "chunk1",
        "hardware": "gpu_cuda",
        "threads": 1,
        "stages": [
          1,
          2,
          3,
          4,
          5,
          6,
          7,
          8,
          9
        ],
        "time": 81.97791486180154
      }
    ]
  },
  "max_chunk_time": 81.97791486180154,
  "cpu_baseline_time": 3053.7292080000043,
  "gpu_baseline_time": 81.90525021599025,
  "cpu_speedup": 37.250632846029134,
  "gpu_speedup": 0.9991136070497306,
  "load_balance_ratio": 1.0,
  "load_imbalance_pct": 0.0
}