{
  "schedule": {
    "schedule_id": "jetson_CifarDense_schedule_001",
    "device_id": "jetson",
    "application": "CifarDense",
    "chunks": [
      {
        "name": "chunk1",
        "hardware": "little",
        "threads": 6,
        "stages": [
          1,
          2
        ],
        "time": 35.6184091549061
      },
      {
        "name": "chunk2",
        "hardware": "gpu_cuda",
        "threads": 1,
        "stages": [
          3,
          4,
          5,
          6,
          7,
          8,
          9
        ],
        "time": 80.08897579738387
      }
    ]
  },
  "max_chunk_time": 80.08897579738387,
  "cpu_baseline_time": 3053.7292080000043,
  "gpu_baseline_time": 81.90525021599025,
  "cpu_speedup": 38.12920789155298,
  "gpu_speedup": 1.022678207587538,
  "load_balance_ratio": 0.4447354807610061,
  "load_imbalance_pct": 38.43364592572416,
  "time_variance": 494.4078243757641
}