
Running only on specified device: 3A021JEHN02756
Deploying and running 'bm-gen-logs-tree-vk' on device: 3A021JEHN02756
build/android/arm64-v8a/release/bm-gen-logs-tree-vk: 1 file pushed, 0 skipped. 415.6 MB/s (7087568 bytes in 0.016s)
[2025-06-28 12:16:34.976] [info] Pinable Lit cores: 0 1 2 3 
[2025-06-28 12:16:34.977] [info] Pinable Med cores: 4 5 
[2025-06-28 12:16:34.977] [info] Pinable Big cores: 6 7 
[2025-06-28 12:16:34.977] [info] Pinable Sup cores: 
[2025-06-28 12:16:35.501] [info] Fetching JSON from URL: http://192.168.1.12:8080/3A021JEHN02756/tree/vk/schedules_isolated_tmax.json
[2025-06-28 12:16:35.642] [info] Loaded 30 valid schedules from JSON
[2025-06-28 12:16:35.643] [info] Loaded 30 schedules
--------------------------------
Schedule 0 [UID: SCH-G7-G000-55e2]:
  Chunk 0 [Vulkan    ]: 1, 2, 3, 4, 5, 6, 7
--------------------------------
Schedule 1 [UID: SCH-M7-G000-b627]:
  Chunk 0 [OMP/Medium]: 1, 2, 3, 4, 5, 6, 7
--------------------------------
Schedule 2 [UID: SCH-L7-G000-5029]:
  Chunk 0 [OMP/Little]: 1, 2, 3, 4, 5, 6, 7
--------------------------------
Schedule 3 [UID: SCH-B7-G000-d142]:
  Chunk 0 [OMP/Big   ]: 1, 2, 3, 4, 5, 6, 7
--------------------------------
Schedule 4 [UID: SCH-B4L3-G016-457c]:
  Chunk 0 [OMP/Big   ]: 1, 2, 3, 4
  Chunk 1 [OMP/Little]: 5, 6, 7
--------------------------------
Schedule 5 [UID: SCH-L3B4-G034-fde7]:
  Chunk 0 [OMP/Little]: 1, 2, 3
  Chunk 1 [OMP/Big   ]: 4, 5, 6, 7
--------------------------------
Schedule 6 [UID: SCH-L3G4-G042-1870]:
  Chunk 0 [OMP/Little]: 1, 2, 3
  Chunk 1 [Vulkan    ]: 4, 5, 6, 7
--------------------------------
Schedule 7 [UID: SCH-B5L2-G086-d4eb]:
  Chunk 0 [OMP/Big   ]: 1, 2, 3, 4, 5
  Chunk 1 [OMP/Little]: 6, 7
--------------------------------
Schedule 8 [UID: SCH-M4L3-G090-9085]:
  Chunk 0 [OMP/Medium]: 1, 2, 3, 4
  Chunk 1 [OMP/Little]: 5, 6, 7
--------------------------------
Schedule 9 [UID: SCH-L3M4-G129-f2f5]:
  Chunk 0 [OMP/Little]: 1, 2, 3
  Chunk 1 [OMP/Medium]: 4, 5, 6, 7
--------------------------------
Schedule 10 [UID: SCH-B6L1-G172-abb0]:
  Chunk 0 [OMP/Big   ]: 1, 2, 3, 4, 5, 6
  Chunk 1 [OMP/Little]: 7
--------------------------------
Schedule 11 [UID: SCH-M5L2-G195-456d]:
  Chunk 0 [OMP/Medium]: 1, 2, 3, 4, 5
  Chunk 1 [OMP/Little]: 6, 7
--------------------------------
Schedule 12 [UID: SCH-M3G1B3-G197-5451]:
  Chunk 0 [OMP/Medium]: 1, 2, 3
  Chunk 1 [Vulkan    ]: 4
  Chunk 2 [OMP/Big   ]: 5, 6, 7
--------------------------------
Schedule 13 [UID: SCH-L2B2G3-G200-463a]:
  Chunk 0 [OMP/Little]: 1, 2
  Chunk 1 [OMP/Big   ]: 3, 4
  Chunk 2 [Vulkan    ]: 5, 6, 7
--------------------------------
Schedule 14 [UID: SCH-L2B5-G209-1c11]:
  Chunk 0 [OMP/Little]: 1, 2
  Chunk 1 [OMP/Big   ]: 3, 4, 5, 6, 7
--------------------------------
Schedule 15 [UID: SCH-L2G5-G217-b828]:
  Chunk 0 [OMP/Little]: 1, 2
  Chunk 1 [Vulkan    ]: 3, 4, 5, 6, 7
--------------------------------
Schedule 16 [UID: SCH-M2L1G1B3-G221-65c0]:
  Chunk 0 [OMP/Medium]: 1, 2
  Chunk 1 [OMP/Little]: 3
  Chunk 2 [Vulkan    ]: 4
  Chunk 3 [OMP/Big   ]: 5, 6, 7
--------------------------------
Schedule 17 [UID: SCH-M3G1L2B1-G223-9e73]:
  Chunk 0 [OMP/Medium]: 1, 2, 3
  Chunk 1 [Vulkan    ]: 4
  Chunk 2 [OMP/Little]: 5, 6
  Chunk 3 [OMP/Big   ]: 7
--------------------------------
Schedule 18 [UID: SCH-L2G2M3-G231-c7b1]:
  Chunk 0 [OMP/Little]: 1, 2
  Chunk 1 [Vulkan    ]: 3, 4
  Chunk 2 [OMP/Medium]: 5, 6, 7
--------------------------------
Schedule 19 [UID: SCH-B3G1L2M1-G232-cd22]:
  Chunk 0 [OMP/Big   ]: 1, 2, 3
  Chunk 1 [Vulkan    ]: 4
  Chunk 2 [OMP/Little]: 5, 6
  Chunk 3 [OMP/Medium]: 7
--------------------------------
Schedule 20 [UID: SCH-B3G1M3-G232-427d]:
  Chunk 0 [OMP/Big   ]: 1, 2, 3
  Chunk 1 [Vulkan    ]: 4
  Chunk 2 [OMP/Medium]: 5, 6, 7
--------------------------------
Schedule 21 [UID: SCH-M2G2B3-G242-1a58]:
  Chunk 0 [OMP/Medium]: 1, 2
  Chunk 1 [Vulkan    ]: 3, 4
  Chunk 2 [OMP/Big   ]: 5, 6, 7
--------------------------------
Schedule 22 [UID: SCH-M2G2L2B1-G245-f87a]:
  Chunk 0 [OMP/Medium]: 1, 2
  Chunk 1 [Vulkan    ]: 3, 4
  Chunk 2 [OMP/Little]: 5, 6
  Chunk 3 [OMP/Big   ]: 7
--------------------------------
Schedule 23 [UID: SCH-B2L1G1M3-G254-56be]:
  Chunk 0 [OMP/Big   ]: 1, 2
  Chunk 1 [OMP/Little]: 3
  Chunk 2 [Vulkan    ]: 4
  Chunk 3 [OMP/Medium]: 5, 6, 7
--------------------------------
Schedule 24 [UID: SCH-L2G2B3-G255-4e76]:
  Chunk 0 [OMP/Little]: 1, 2
  Chunk 1 [Vulkan    ]: 3, 4
  Chunk 2 [OMP/Big   ]: 5, 6, 7
--------------------------------
Schedule 25 [UID: SCH-L2B2M3-G257-fe7f]:
  Chunk 0 [OMP/Little]: 1, 2
  Chunk 1 [OMP/Big   ]: 3, 4
  Chunk 2 [OMP/Medium]: 5, 6, 7
--------------------------------
Schedule 26 [UID: SCH-M3B1G3-G271-8397]:
  Chunk 0 [OMP/Medium]: 1, 2, 3
  Chunk 1 [OMP/Big   ]: 4
  Chunk 2 [Vulkan    ]: 5, 6, 7
--------------------------------
Schedule 27 [UID: SCH-L1M2G1B3-G272-460f]:
  Chunk 0 [OMP/Little]: 1
  Chunk 1 [OMP/Medium]: 2, 3
  Chunk 2 [Vulkan    ]: 4
  Chunk 3 [OMP/Big   ]: 5, 6, 7
--------------------------------
Schedule 28 [UID: SCH-L2M2G3-G272-0307]:
  Chunk 0 [OMP/Little]: 1, 2
  Chunk 1 [OMP/Medium]: 3, 4
  Chunk 2 [Vulkan    ]: 5, 6, 7
--------------------------------
Schedule 29 [UID: SCH-B2G2L2M1-G275-bd6e]:
  Chunk 0 [OMP/Big   ]: 1, 2
  Chunk 1 [Vulkan    ]: 3, 4
  Chunk 2 [OMP/Little]: 5, 6
  Chunk 3 [OMP/Medium]: 7
[2025-06-28 12:16:35.648] [info] Running 30/30 schedules

--------------------------------
[2025-06-28 12:16:35.649] [info] Available Vulkan Layers:
[2025-06-28 12:16:35.649] [warning] Validation layer requested but not available, continuing without it...
[2025-06-28 12:16:35.654] [info] Using integrated GPU: Mali-G710
[2025-06-28 12:16:35.660] [info] VulkanDispatcher instance created.
[2025-06-28 12:16:35.857] [info] Total memory used: 40550404 bytes (38.67188 MB)
[2025-06-28 12:16:35.861] [info] Total memory used: 40550404 bytes (38.67188 MB)
[2025-06-28 12:16:35.927] [info] Total memory used: 40550404 bytes (38.67188 MB)
[2025-06-28 12:16:35.931] [info] Total memory used: 40550404 bytes (38.67188 MB)
[2025-06-28 12:16:35.937] [info] Total memory used: 40550404 bytes (38.67188 MB)
[2025-06-28 12:16:36.002] [info] Total memory used: 40550404 bytes (38.67188 MB)
[2025-06-28 12:16:36.006] [info] Total memory used: 40550404 bytes (38.67188 MB)
[2025-06-28 12:16:36.010] [info] Total memory used: 40550404 bytes (38.67188 MB)
[2025-06-28 12:16:36.014] [info] Total memory used: 40550404 bytes (38.67188 MB)
[2025-06-28 12:16:36.018] [info] Total memory used: 40550404 bytes (38.67188 MB)
[2025-06-28 12:16:36.094] [info] Total memory used: 40550404 bytes (38.67188 MB)
[2025-06-28 12:16:36.098] [info] Total memory used: 40550404 bytes (38.67188 MB)
[2025-06-28 12:16:36.102] [info] Total memory used: 40550404 bytes (38.67188 MB)
[2025-06-28 12:16:36.106] [info] Total memory used: 40550404 bytes (38.67188 MB)
[2025-06-28 12:16:36.110] [info] Total memory used: 40550404 bytes (38.67188 MB)
[2025-06-28 12:16:36.114] [info] Total memory used: 40550404 bytes (38.67188 MB)
### Python Begin ###
Schedule_UID=SCH-G7-G000-55e2
Frequency=24576000 Hz
Task=0 Chunk=0 Start=7789329717716 End=7789331648017 Duration=1930301
Task=1 Chunk=0 Start=7789331648033 End=7789333321146 Duration=1673113
Task=2 Chunk=0 Start=7789333321155 End=7789334586019 Duration=1264864
Task=3 Chunk=0 Start=7789334586039 End=7789335620184 Duration=1034145
Task=4 Chunk=0 Start=7789335620201 End=7789336719447 Duration=1099246
Task=5 Chunk=0 Start=7789336719484 End=7789337782264 Duration=1062780
Task=6 Chunk=0 Start=7789337782296 End=7789338916806 Duration=1134510
Task=7 Chunk=0 Start=7789338916852 End=7789340242020 Duration=1325168
Task=8 Chunk=0 Start=7789340242153 End=7789341667684 Duration=1425531
Task=9 Chunk=0 Start=7789341667722 End=7789343172333 Duration=1504611
Task=10 Chunk=0 Start=7789343172406 End=7789344562425 Duration=1390019
Task=11 Chunk=0 Start=7789344562478 End=7789346121788 Duration=1559310
Task=12 Chunk=0 Start=7789346121859 End=7789347597216 Duration=1475357
Task=13 Chunk=0 Start=7789347597286 End=7789348805112 Duration=1207826
Task=14 Chunk=0 Start=7789348805137 End=7789349855861 Duration=1050724
Task=15 Chunk=0 Start=7789349855898 End=7789351231550 Duration=1375652
Task=16 Chunk=0 Start=7789351231650 End=7789352677475 Duration=1445825
Task=17 Chunk=0 Start=7789352677550 End=7789354131445 Duration=1453895
Task=18 Chunk=0 Start=7789354131513 End=7789355561676 Duration=1430163
Task=19 Chunk=0 Start=7789355561739 End=7789356910764 Duration=1349025
Task=20 Chunk=0 Start=7789356910826 End=7789358371660 Duration=1460834
Task=21 Chunk=0 Start=7789358371734 End=7789359891593 Duration=1519859
Task=22 Chunk=0 Start=7789359891667 End=7789361371950 Duration=1480283
Task=23 Chunk=0 Start=7789361372015 End=7789362867321 Duration=1495306
Task=24 Chunk=0 Start=7789362867395 End=7789364342106 Duration=1474711
Task=25 Chunk=0 Start=7789364342171 End=7789365773236 Duration=1431065
Task=26 Chunk=0 Start=7789365773302 End=7789367148836 Duration=1375534
Task=27 Chunk=0 Start=7789367148894 End=7789368677996 Duration=1529102
Task=28 Chunk=0 Start=7789368678081 End=7789370113966 Duration=1435885
Task=29 Chunk=0 Start=7789370114033 End=7789371321257 Duration=1207224
Task=30 Chunk=0 Start=7789371321314 End=7789372651896 Duration=1330582
Task=31 Chunk=0 Start=7789372651971 End=7789374129582 Duration=1477611
Task=32 Chunk=0 Start=7789374129680 End=7789376092293 Duration=1962613
Task=33 Chunk=0 Start=7789376092312 End=7789377237738 Duration=1145426
Task=34 Chunk=0 Start=7789377237758 End=7789378304099 Duration=1066341
Task=35 Chunk=0 Start=7789378304142 End=7789379492247 Duration=1188105
Task=36 Chunk=0 Start=7789379492258 End=7789380789298 Duration=1297040
Task=37 Chunk=0 Start=7789380789342 End=7789382170736 Duration=1381394
Task=38 Chunk=0 Start=7789382170801 End=7789383612857 Duration=1442056
Task=39 Chunk=0 Start=7789383612927 End=7789385065720 Duration=1452793
Task=40 Chunk=0 Start=7789385065801 End=7789386503205 Duration=1437404
Task=41 Chunk=0 Start=7789386503296 End=7789387940020 Duration=1436724
Task=42 Chunk=0 Start=7789387940090 End=7789389519209 Duration=1579119
Task=43 Chunk=0 Start=7789389519299 End=7789390953526 Duration=1434227
Task=44 Chunk=0 Start=7789390953588 End=7789392382625 Duration=1429037
Task=45 Chunk=0 Start=7789392382698 End=7789393848860 Duration=1466162
Task=46 Chunk=0 Start=7789393848936 End=7789395302400 Duration=1453464
Task=47 Chunk=0 Start=7789395302476 End=7789396449715 Duration=1147239
Task=48 Chunk=0 Start=7789396449817 End=7789397891007 Duration=1441190
Task=49 Chunk=0 Start=7789397891075 End=7789399242193 Duration=1351118
Task=50 Chunk=0 Start=7789399242267 End=7789400380669 Duration=1138402
Task=51 Chunk=0 Start=7789400380726 End=7789401844056 Duration=1463330
Task=52 Chunk=0 Start=7789401844130 End=7789403289847 Duration=1445717
Task=53 Chunk=0 Start=7789403289921 End=7789404743157 Duration=1453236
Task=54 Chunk=0 Start=7789404743242 End=7789406191152 Duration=1447910
Task=55 Chunk=0 Start=7789406191225 End=7789407606971 Duration=1415746
Task=56 Chunk=0 Start=7789407607063 End=7789409040700 Duration=1433637
Task=57 Chunk=0 Start=7789409040778 End=7789410521190 Duration=1480412
Task=58 Chunk=0 Start=7789410521265 End=7789411963910 Duration=1442645
Task=59 Chunk=0 Start=7789411963983 End=7789413254058 Duration=1290075
Task=60 Chunk=0 Start=7789413254119 End=7789414647019 Duration=1392900
Task=61 Chunk=0 Start=7789414647074 End=7789416103263 Duration=1456189
Task=62 Chunk=0 Start=7789416103323 End=7789417621187 Duration=1517864
Task=63 Chunk=0 Start=7789417621245 End=7789418759651 Duration=1138406
Task=64 Chunk=0 Start=7789418759721 End=7789420292374 Duration=1532653
Task=65 Chunk=0 Start=7789420292447 End=7789421772234 Duration=1479787
Task=66 Chunk=0 Start=7789421772308 End=7789423281761 Duration=1509453
Task=67 Chunk=0 Start=7789423281821 End=7789424760566 Duration=1478745
Task=68 Chunk=0 Start=7789424760632 End=7789426256414 Duration=1495782
Task=69 Chunk=0 Start=7789426256485 End=7789427757171 Duration=1500686
Task=70 Chunk=0 Start=7789427757248 End=7789429230515 Duration=1473267
Task=71 Chunk=0 Start=7789429230557 End=7789430629270 Duration=1398713
Task=72 Chunk=0 Start=7789430629358 End=7789432111286 Duration=1481928
Task=73 Chunk=0 Start=7789432111447 End=7789433554502 Duration=1443055
Task=74 Chunk=0 Start=7789433554576 End=7789435029725 Duration=1475149
Task=75 Chunk=0 Start=7789435029800 End=7789436544410 Duration=1514610
Task=76 Chunk=0 Start=7789436544479 End=7789437867392 Duration=1322913
Task=77 Chunk=0 Start=7789437867480 End=7789439318012 Duration=1450532
Task=78 Chunk=0 Start=7789439318088 End=7789440783344 Duration=1465256
Task=79 Chunk=0 Start=7789440783414 End=7789442175846 Duration=1392432
Task=80 Chunk=0 Start=7789442175900 End=7789443262617 Duration=1086717
Task=81 Chunk=0 Start=7789443262661 End=7789444314876 Duration=1052215
Task=82 Chunk=0 Start=7789444314956 End=7789445865856 Duration=1550900
Task=83 Chunk=0 Start=7789445865900 End=7789446953580 Duration=1087680
Task=84 Chunk=0 Start=7789446953642 End=7789448378002 Duration=1424360
Task=85 Chunk=0 Start=7789448378057 End=7789449679326 Duration=1301269
Task=86 Chunk=0 Start=7789449679407 End=7789451131239 Duration=1451832
Task=87 Chunk=0 Start=7789451131300 End=7789452340185 Duration=1208885
Task=88 Chunk=0 Start=7789452340288 End=7789453471822 Duration=1131534
Task=89 Chunk=0 Start=7789453471888 End=7789454830899 Duration=1359011
Task=90 Chunk=0 Start=7789454830976 End=7789456261630 Duration=1430654
Task=91 Chunk=0 Start=7789456261728 End=7789457715534 Duration=1453806
Task=92 Chunk=0 Start=7789457715598 End=7789458886447 Duration=1170849
Task=93 Chunk=0 Start=7789458886519 End=7789460199699 Duration=1313180
Task=94 Chunk=0 Start=7789460199756 End=7789461539341 Duration=1339585
Task=95 Chunk=0 Start=7789461539408 End=7789462593730 Duration=1054322
Task=96 Chunk=0 Start=7789462593817 End=7789464093196 Duration=1499379
Task=97 Chunk=0 Start=7789464093269 End=7789465557585 Duration=1464316
Task=98 Chunk=0 Start=7789465557661 End=7789466813282 Duration=1255621
Task=99 Chunk=0 Start=7789466813361 End=7789468112118 Duration=1298757
### Python End ###

--------------------------------
[2025-06-28 12:16:41.769] [info] Available Vulkan Layers:
[2025-06-28 12:16:41.769] [warning] Validation layer requested but not available, continuing without it...
[2025-06-28 12:16:41.773] [info] Using integrated GPU: Mali-G710
[2025-06-28 12:16:41.777] [info] VulkanDispatcher instance created.
[2025-06-28 12:16:41.903] [info] Total memory used: 40550404 bytes (38.67188 MB)
[2025-06-28 12:16:41.906] [info] Total memory used: 40550404 bytes (38.67188 MB)
[2025-06-28 12:16:42.005] [info] Total memory used: 40550404 bytes (38.67188 MB)
[2025-06-28 12:16:42.009] [info] Total memory used: 40550404 bytes (38.67188 MB)
[2025-06-28 12:16:42.014] [info] Total memory used: 40550404 bytes (38.67188 MB)
[2025-06-28 12:16:42.078] [info] Total memory used: 40550404 bytes (38.67188 MB)
[2025-06-28 12:16:42.082] [info] Total memory used: 40550404 bytes (38.67188 MB)
[2025-06-28 12:16:42.085] [info] Total memory used: 40550404 bytes (38.67188 MB)
[2025-06-28 12:16:42.089] [info] Total memory used: 40550404 bytes (38.67188 MB)
[2025-06-28 12:16:42.093] [info] Total memory used: 40550404 bytes (38.67188 MB)
[2025-06-28 12:16:42.163] [info] Total memory used: 40550404 bytes (38.67188 MB)
[2025-06-28 12:16:42.166] [info] Total memory used: 40550404 bytes (38.67188 MB)
[2025-06-28 12:16:42.170] [info] Total memory used: 40550404 bytes (38.67188 MB)
[2025-06-28 12:16:42.174] [info] Total memory used: 40550404 bytes (38.67188 MB)
[2025-06-28 12:16:42.178] [info] Total memory used: 40550404 bytes (38.67188 MB)
[2025-06-28 12:16:42.181] [info] Total memory used: 40550404 bytes (38.67188 MB)
### Python Begin ###
Schedule_UID=SCH-M7-G000-b627
Frequency=24576000 Hz
Task=0 Chunk=0 Start=7789478815354 End=7789479054185 Duration=238831
Task=1 Chunk=0 Start=7789479054203 End=7789479262638 Duration=208435
Task=2 Chunk=0 Start=7789479262652 End=7789479466297 Duration=203645
Task=3 Chunk=0 Start=7789479466298 End=7789479670369 Duration=204071
Task=4 Chunk=0 Start=7789479670381 End=7789479873732 Duration=203351
Task=5 Chunk=0 Start=7789479873746 End=7789480078598 Duration=204852
Task=6 Chunk=0 Start=7789480078610 End=7789480282645 Duration=204035
Task=7 Chunk=0 Start=7789480282658 End=7789480487465 Duration=204807
Task=8 Chunk=0 Start=7789480487478 End=7789480691094 Duration=203616
Task=9 Chunk=0 Start=7789480691094 End=7789480894517 Duration=203423
Task=10 Chunk=0 Start=7789480894518 End=7789481098103 Duration=203585
Task=11 Chunk=0 Start=7789481098104 End=7789481301328 Duration=203224
Task=12 Chunk=0 Start=7789481301337 End=7789481505858 Duration=204521
Task=13 Chunk=0 Start=7789481505874 End=7789481711021 Duration=205147
Task=14 Chunk=0 Start=7789481711022 End=7789481914414 Duration=203392
Task=15 Chunk=0 Start=7789481914422 End=7789482117729 Duration=203307
Task=16 Chunk=0 Start=7789482117743 End=7789482321464 Duration=203721
Task=17 Chunk=0 Start=7789482321468 End=7789482525840 Duration=204372
Task=18 Chunk=0 Start=7789482525857 End=7789482729564 Duration=203707
Task=19 Chunk=0 Start=7789482729569 End=7789482932914 Duration=203345
Task=20 Chunk=0 Start=7789482932922 End=7789483137229 Duration=204307
Task=21 Chunk=0 Start=7789483137237 End=7789483340905 Duration=203668
Task=22 Chunk=0 Start=7789483340915 End=7789483545192 Duration=204277
Task=23 Chunk=0 Start=7789483545193 End=7789483749128 Duration=203935
Task=24 Chunk=0 Start=7789483749129 End=7789483952416 Duration=203287
Task=25 Chunk=0 Start=7789483952430 End=7789484156451 Duration=204021
Task=26 Chunk=0 Start=7789484156467 End=7789484361371 Duration=204904
Task=27 Chunk=0 Start=7789484361378 End=7789484565533 Duration=204155
Task=28 Chunk=0 Start=7789484565537 End=7789484769086 Duration=203549
Task=29 Chunk=0 Start=7789484769099 End=7789484973019 Duration=203920
Task=30 Chunk=0 Start=7789484973034 End=7789485177253 Duration=204219
Task=31 Chunk=0 Start=7789485177275 End=7789485380143 Duration=202868
Task=32 Chunk=0 Start=7789485380156 End=7789485584078 Duration=203922
Task=33 Chunk=0 Start=7789485584090 End=7789485788279 Duration=204189
Task=34 Chunk=0 Start=7789485788295 End=7789485991823 Duration=203528
Task=35 Chunk=0 Start=7789485991824 End=7789486196955 Duration=205131
Task=36 Chunk=0 Start=7789486196973 End=7789486401912 Duration=204939
Task=37 Chunk=0 Start=7789486401927 End=7789486606064 Duration=204137
Task=38 Chunk=0 Start=7789486606068 End=7789486810344 Duration=204276
Task=39 Chunk=0 Start=7789486810353 End=7789487015477 Duration=205124
Task=40 Chunk=0 Start=7789487015477 End=7789487221275 Duration=205798
Task=41 Chunk=0 Start=7789487221291 End=7789487425137 Duration=203846
Task=42 Chunk=0 Start=7789487425141 End=7789487630102 Duration=204961
Task=43 Chunk=0 Start=7789487630123 End=7789487835141 Duration=205018
Task=44 Chunk=0 Start=7789487835150 End=7789488038456 Duration=203306
Task=45 Chunk=0 Start=7789488038469 End=7789488242414 Duration=203945
Task=46 Chunk=0 Start=7789488242415 End=7789488446500 Duration=204085
Task=47 Chunk=0 Start=7789488446506 End=7789488650021 Duration=203515
Task=48 Chunk=0 Start=7789488650034 End=7789488853901 Duration=203867
Task=49 Chunk=0 Start=7789488853914 End=7789489057851 Duration=203937
Task=50 Chunk=0 Start=7789489057870 End=7789489262210 Duration=204340
Task=51 Chunk=0 Start=7789489262218 End=7789489467247 Duration=205029
Task=52 Chunk=0 Start=7789489467260 End=7789489673364 Duration=206104
Task=53 Chunk=0 Start=7789489673373 End=7789489878393 Duration=205020
Task=54 Chunk=0 Start=7789489878407 End=7789490082199 Duration=203792
Task=55 Chunk=0 Start=7789490082210 End=7789490286910 Duration=204700
Task=56 Chunk=0 Start=7789490286925 End=7789490490967 Duration=204042
Task=57 Chunk=0 Start=7789490490970 End=7789490695258 Duration=204288
Task=58 Chunk=0 Start=7789490695284 End=7789490899840 Duration=204556
Task=59 Chunk=0 Start=7789490899851 End=7789491102719 Duration=202868
Task=60 Chunk=0 Start=7789491102733 End=7789491308844 Duration=206111
Task=61 Chunk=0 Start=7789491308866 End=7789491513195 Duration=204329
Task=62 Chunk=0 Start=7789491513204 End=7789491717783 Duration=204579
Task=63 Chunk=0 Start=7789491717783 End=7789491921631 Duration=203848
Task=64 Chunk=0 Start=7789491921642 End=7789492127483 Duration=205841
Task=65 Chunk=0 Start=7789492127493 End=7789492332839 Duration=205346
Task=66 Chunk=0 Start=7789492332843 End=7789492537447 Duration=204604
Task=67 Chunk=0 Start=7789492537463 End=7789492741927 Duration=204464
Task=68 Chunk=0 Start=7789492741943 End=7789492946482 Duration=204539
Task=69 Chunk=0 Start=7789492946491 End=7789493150286 Duration=203795
Task=70 Chunk=0 Start=7789493150305 End=7789493354458 Duration=204153
Task=71 Chunk=0 Start=7789493354466 End=7789493558577 Duration=204111
Task=72 Chunk=0 Start=7789493558607 End=7789493763046 Duration=204439
Task=73 Chunk=0 Start=7789493763061 End=7789493966990 Duration=203929
Task=74 Chunk=0 Start=7789493967004 End=7789494170269 Duration=203265
Task=75 Chunk=0 Start=7789494170283 End=7789494375414 Duration=205131
Task=76 Chunk=0 Start=7789494375424 End=7789494579617 Duration=204193
Task=77 Chunk=0 Start=7789494579618 End=7789494785957 Duration=206339
Task=78 Chunk=0 Start=7789494785963 End=7789494990730 Duration=204767
Task=79 Chunk=0 Start=7789494990731 End=7789495195260 Duration=204529
Task=80 Chunk=0 Start=7789495195261 End=7789495399756 Duration=204495
Task=81 Chunk=0 Start=7789495399766 End=7789495604442 Duration=204676
Task=82 Chunk=0 Start=7789495604443 End=7789495808859 Duration=204416
Task=83 Chunk=0 Start=7789495808874 End=7789496012687 Duration=203813
Task=84 Chunk=0 Start=7789496012688 End=7789496216285 Duration=203597
Task=85 Chunk=0 Start=7789496216286 End=7789496420568 Duration=204282
Task=86 Chunk=0 Start=7789496420583 End=7789496623857 Duration=203274
Task=87 Chunk=0 Start=7789496623862 End=7789496828043 Duration=204181
Task=88 Chunk=0 Start=7789496828062 End=7789497032920 Duration=204858
Task=89 Chunk=0 Start=7789497032925 End=7789497235752 Duration=202827
Task=90 Chunk=0 Start=7789497235757 End=7789497442220 Duration=206463
Task=91 Chunk=0 Start=7789497442237 End=7789497646719 Duration=204482
Task=92 Chunk=0 Start=7789497646731 End=7789497851670 Duration=204939
Task=93 Chunk=0 Start=7789497851683 End=7789498055325 Duration=203642
Task=94 Chunk=0 Start=7789498055337 End=7789498259120 Duration=203783
Task=95 Chunk=0 Start=7789498259134 End=7789498463721 Duration=204587
Task=96 Chunk=0 Start=7789498463733 End=7789498667601 Duration=203868
Task=97 Chunk=0 Start=7789498667614 End=7789498872553 Duration=204939
Task=98 Chunk=0 Start=7789498872562 End=7789499076609 Duration=204047
Task=99 Chunk=0 Start=7789499076619 End=7789499280149 Duration=203530
### Python End ###

--------------------------------
[2025-06-28 12:16:43.037] [info] Available Vulkan Layers:
[2025-06-28 12:16:43.037] [warning] Validation layer requested but not available, continuing without it...
[2025-06-28 12:16:43.042] [info] Using integrated GPU: Mali-G710
[2025-06-28 12:16:43.045] [info] VulkanDispatcher instance created.
[2025-06-28 12:16:43.220] [info] Total memory used: 40550404 bytes (38.67188 MB)
[2025-06-28 12:16:43.224] [info] Total memory used: 40550404 bytes (38.67188 MB)
[2025-06-28 12:16:43.265] [info] Total memory used: 40550404 bytes (38.67188 MB)
[2025-06-28 12:16:43.269] [info] Total memory used: 40550404 bytes (38.67188 MB)
[2025-06-28 12:16:43.273] [info] Total memory used: 40550404 bytes (38.67188 MB)
[2025-06-28 12:16:43.375] [info] Total memory used: 40550404 bytes (38.67188 MB)
[2025-06-28 12:16:43.380] [info] Total memory used: 40550404 bytes (38.67188 MB)
[2025-06-28 12:16:43.386] [info] Total memory used: 40550404 bytes (38.67188 MB)
[2025-06-28 12:16:43.391] [info] Total memory used: 40550404 bytes (38.67188 MB)
[2025-06-28 12:16:43.394] [info] Total memory used: 40550404 bytes (38.67188 MB)
[2025-06-28 12:16:43.454] [info] Total memory used: 40550404 bytes (38.67188 MB)
[2025-06-28 12:16:43.458] [info] Total memory used: 40550404 bytes (38.67188 MB)
[2025-06-28 12:16:43.461] [info] Total memory used: 40550404 bytes (38.67188 MB)
[2025-06-28 12:16:43.465] [info] Total memory used: 40550404 bytes (38.67188 MB)
[2025-06-28 12:16:43.469] [info] Total memory used: 40550404 bytes (38.67188 MB)
[2025-06-28 12:16:43.473] [info] Total memory used: 40550404 bytes (38.67188 MB)
### Python Begin ###
Schedule_UID=SCH-L7-G000-5029
Frequency=24576000 Hz
Task=0 Chunk=0 Start=7789511102449 End=7789511560554 Duration=458105
Task=1 Chunk=0 Start=7789511560582 End=7789511978588 Duration=418006
Task=2 Chunk=0 Start=7789511978621 End=7789512406317 Duration=427696
Task=3 Chunk=0 Start=7789512406350 End=7789512861677 Duration=455327
Task=4 Chunk=0 Start=7789512861717 End=7789513294530 Duration=432813
Task=5 Chunk=0 Start=7789513294566 End=7789513736912 Duration=442346
Task=6 Chunk=0 Start=7789513736959 End=7789514166902 Duration=429943
Task=7 Chunk=0 Start=7789514166939 End=7789514588989 Duration=422050
Task=8 Chunk=0 Start=7789514589032 End=7789515014971 Duration=425939
Task=9 Chunk=0 Start=7789515015006 End=7789515441162 Duration=426156
Task=10 Chunk=0 Start=7789515441198 End=7789515868813 Duration=427615
Task=11 Chunk=0 Start=7789515868857 End=7789516296899 Duration=428042
Task=12 Chunk=0 Start=7789516296934 End=7789516728043 Duration=431109
Task=13 Chunk=0 Start=7789516728083 End=7789517189538 Duration=461455
Task=14 Chunk=0 Start=7789517189587 End=7789517626394 Duration=436807
Task=15 Chunk=0 Start=7789517626439 End=7789518088034 Duration=461595
Task=16 Chunk=0 Start=7789518088101 End=7789518528320 Duration=440219
Task=17 Chunk=0 Start=7789518528373 End=7789518991200 Duration=462827
Task=18 Chunk=0 Start=7789518991246 End=7789519426919 Duration=435673
Task=19 Chunk=0 Start=7789519426959 End=7789519869716 Duration=442757
Task=20 Chunk=0 Start=7789519869753 End=7789520296904 Duration=427151
Task=21 Chunk=0 Start=7789520296943 End=7789520759833 Duration=462890
Task=22 Chunk=0 Start=7789520759865 End=7789521195887 Duration=436022
Task=23 Chunk=0 Start=7789521195931 End=7789521643911 Duration=447980
Task=24 Chunk=0 Start=7789521643956 End=7789522070898 Duration=426942
Task=25 Chunk=0 Start=7789522070951 End=7789522541212 Duration=470261
Task=26 Chunk=0 Start=7789522541283 End=7789522983497 Duration=442214
Task=27 Chunk=0 Start=7789522983550 End=7789523427129 Duration=443579
Task=28 Chunk=0 Start=7789523427160 End=7789523861327 Duration=434167
Task=29 Chunk=0 Start=7789523861381 End=7789524326645 Duration=465264
Task=30 Chunk=0 Start=7789524326698 End=7789524771872 Duration=445174
Task=31 Chunk=0 Start=7789524771931 End=7789525217406 Duration=445475
Task=32 Chunk=0 Start=7789525217453 End=7789525656885 Duration=439432
Task=33 Chunk=0 Start=7789525656947 End=7789526096642 Duration=439695
Task=34 Chunk=0 Start=7789526096680 End=7789526529922 Duration=433242
Task=35 Chunk=0 Start=7789526529963 End=7789526972082 Duration=442119
Task=36 Chunk=0 Start=7789526972119 End=7789527404121 Duration=432002
Task=37 Chunk=0 Start=7789527404160 End=7789527867436 Duration=463276
Task=38 Chunk=0 Start=7789527867504 End=7789528304388 Duration=436884
Task=39 Chunk=0 Start=7789528304441 End=7789528736562 Duration=432121
Task=40 Chunk=0 Start=7789528736609 End=7789529169776 Duration=433167
Task=41 Chunk=0 Start=7789529169844 End=7789529636877 Duration=467033
Task=42 Chunk=0 Start=7789529636918 End=7789530067348 Duration=430430
Task=43 Chunk=0 Start=7789530067399 End=7789530501330 Duration=433931
Task=44 Chunk=0 Start=7789530501368 End=7789530939977 Duration=438609
Task=45 Chunk=0 Start=7789530940047 End=7789531404637 Duration=464590
Task=46 Chunk=0 Start=7789531404694 End=7789531849131 Duration=444437
Task=47 Chunk=0 Start=7789531849196 End=7789532292501 Duration=443305
Task=48 Chunk=0 Start=7789532292538 End=7789532726119 Duration=433581
Task=49 Chunk=0 Start=7789532726182 End=7789533167127 Duration=440945
Task=50 Chunk=0 Start=7789533167168 End=7789533597268 Duration=430100
Task=51 Chunk=0 Start=7789533597333 End=7789534040924 Duration=443591
Task=52 Chunk=0 Start=7789534040953 End=7789534468598 Duration=427645
Task=53 Chunk=0 Start=7789534468675 End=7789534935304 Duration=466629
Task=54 Chunk=0 Start=7789534935373 End=7789535374706 Duration=439333
Task=55 Chunk=0 Start=7789535374760 End=7789535825842 Duration=451082
Task=56 Chunk=0 Start=7789535825884 End=7789536259718 Duration=433834
Task=57 Chunk=0 Start=7789536259780 End=7789536723441 Duration=463661
Task=58 Chunk=0 Start=7789536723492 End=7789537160111 Duration=436619
Task=59 Chunk=0 Start=7789537160158 End=7789537590576 Duration=430418
Task=60 Chunk=0 Start=7789537590616 End=7789538022450 Duration=431834
Task=61 Chunk=0 Start=7789538022511 End=7789538489205 Duration=466694
Task=62 Chunk=0 Start=7789538489267 End=7789538932750 Duration=443483
Task=63 Chunk=0 Start=7789538932807 End=7789539373646 Duration=440839
Task=64 Chunk=0 Start=7789539373684 End=7789539801310 Duration=427626
Task=65 Chunk=0 Start=7789539801356 End=7789540232935 Duration=431579
Task=66 Chunk=0 Start=7789540232970 End=7789540662728 Duration=429758
Task=67 Chunk=0 Start=7789540662794 End=7789541105133 Duration=442339
Task=68 Chunk=0 Start=7789541105175 End=7789541537942 Duration=432767
Task=69 Chunk=0 Start=7789541537999 End=7789542000592 Duration=462593
Task=70 Chunk=0 Start=7789542000647 End=7789542444550 Duration=443903
Task=71 Chunk=0 Start=7789542444603 End=7789542890952 Duration=446349
Task=72 Chunk=0 Start=7789542890997 End=7789543320218 Duration=429221
Task=73 Chunk=0 Start=7789543320297 End=7789543785984 Duration=465687
Task=74 Chunk=0 Start=7789543786047 End=7789544227734 Duration=441687
Task=75 Chunk=0 Start=7789544227804 End=7789544668063 Duration=440259
Task=76 Chunk=0 Start=7789544668112 End=7789545095890 Duration=427778
Task=77 Chunk=0 Start=7789545095948 End=7789545539076 Duration=443128
Task=78 Chunk=0 Start=7789545539131 End=7789545969151 Duration=430020
Task=79 Chunk=0 Start=7789545969190 End=7789546414665 Duration=445475
Task=80 Chunk=0 Start=7789546414711 End=7789546840603 Duration=425892
Task=81 Chunk=0 Start=7789546840649 End=7789547304309 Duration=463660
Task=82 Chunk=0 Start=7789547304380 End=7789547741436 Duration=437056
Task=83 Chunk=0 Start=7789547741513 End=7789548235034 Duration=493521
Task=84 Chunk=0 Start=7789548235066 End=7789548682740 Duration=447674
Task=85 Chunk=0 Start=7789548682819 End=7789549182988 Duration=500169
Task=86 Chunk=0 Start=7789549183023 End=7789549628197 Duration=445174
Task=87 Chunk=0 Start=7789549628259 End=7789550067108 Duration=438849
Task=88 Chunk=0 Start=7789550067132 End=7789550532113 Duration=464981
Task=89 Chunk=0 Start=7789550532181 End=7789550968023 Duration=435842
Task=90 Chunk=0 Start=7789550968082 End=7789551431672 Duration=463590
Task=91 Chunk=0 Start=7789551431742 End=7789551870879 Duration=439137
Task=92 Chunk=0 Start=7789551870946 End=7789552315859 Duration=444913
Task=93 Chunk=0 Start=7789552315907 End=7789552739490 Duration=423583
Task=94 Chunk=0 Start=7789552739539 End=7789553181335 Duration=441796
Task=95 Chunk=0 Start=7789553181389 End=7789553613951 Duration=432562
Task=96 Chunk=0 Start=7789553613995 End=7789554075002 Duration=461007
Task=97 Chunk=0 Start=7789554075066 End=7789554510492 Duration=435426
Task=98 Chunk=0 Start=7789554510542 End=7789554973227 Duration=462685
Task=99 Chunk=0 Start=7789554973308 End=7789555408554 Duration=435246
### Python End ###

--------------------------------
[2025-06-28 12:16:45.324] [info] Available Vulkan Layers:
[2025-06-28 12:16:45.324] [warning] Validation layer requested but not available, continuing without it...
[2025-06-28 12:16:45.329] [info] Using integrated GPU: Mali-G710
[2025-06-28 12:16:45.331] [info] VulkanDispatcher instance created.
[2025-06-28 12:16:45.487] [info] Total memory used: 40550404 bytes (38.67188 MB)
[2025-06-28 12:16:45.493] [info] Total memory used: 40550404 bytes (38.67188 MB)
[2025-06-28 12:16:45.515] [info] Total memory used: 40550404 bytes (38.67188 MB)
[2025-06-28 12:16:45.519] [info] Total memory used: 40550404 bytes (38.67188 MB)
[2025-06-28 12:16:45.522] [info] Total memory used: 40550404 bytes (38.67188 MB)
[2025-06-28 12:16:45.587] [info] Total memory used: 40550404 bytes (38.67188 MB)
[2025-06-28 12:16:45.591] [info] Total memory used: 40550404 bytes (38.67188 MB)
[2025-06-28 12:16:45.595] [info] Total memory used: 40550404 bytes (38.67188 MB)
[2025-06-28 12:16:45.599] [info] Total memory used: 40550404 bytes (38.67188 MB)
[2025-06-28 12:16:45.603] [info] Total memory used: 40550404 bytes (38.67188 MB)
[2025-06-28 12:16:45.670] [info] Total memory used: 40550404 bytes (38.67188 MB)
[2025-06-28 12:16:45.674] [info] Total memory used: 40550404 bytes (38.67188 MB)
[2025-06-28 12:16:45.677] [info] Total memory used: 40550404 bytes (38.67188 MB)
[2025-06-28 12:16:45.681] [info] Total memory used: 40550404 bytes (38.67188 MB)
[2025-06-28 12:16:45.685] [info] Total memory used: 40550404 bytes (38.67188 MB)
[2025-06-28 12:16:45.688] [info] Total memory used: 40550404 bytes (38.67188 MB)
### Python Begin ###
Schedule_UID=SCH-B7-G000-d142
Frequency=24576000 Hz
Task=0 Chunk=0 Start=7789564997550 End=7789565260432 Duration=262882
Task=1 Chunk=0 Start=7789565260438 End=7789565453014 Duration=192576
Task=2 Chunk=0 Start=7789565453031 End=7789565644677 Duration=191646
Task=3 Chunk=0 Start=7789565644692 End=7789565835727 Duration=191035
Task=4 Chunk=0 Start=7789565835728 End=7789566027079 Duration=191351
Task=5 Chunk=0 Start=7789566027083 End=7789566217703 Duration=190620
Task=6 Chunk=0 Start=7789566217705 End=7789566408122 Duration=190417
Task=7 Chunk=0 Start=7789566408123 End=7789566599195 Duration=191072
Task=8 Chunk=0 Start=7789566599195 End=7789566789478 Duration=190283
Task=9 Chunk=0 Start=7789566789480 End=7789566981037 Duration=191557
Task=10 Chunk=0 Start=7789566981041 End=7789567171703 Duration=190662
Task=11 Chunk=0 Start=7789567171707 End=7789567361925 Duration=190218
Task=12 Chunk=0 Start=7789567361926 End=7789567552402 Duration=190476
Task=13 Chunk=0 Start=7789567552402 End=7789567743079 Duration=190677
Task=14 Chunk=0 Start=7789567743080 End=7789567933633 Duration=190553
Task=15 Chunk=0 Start=7789567933634 End=7789568122877 Duration=189243
Task=16 Chunk=0 Start=7789568122878 End=7789568313514 Duration=190636
Task=17 Chunk=0 Start=7789568313518 End=7789568502295 Duration=188777
Task=18 Chunk=0 Start=7789568502302 End=7789568692831 Duration=190529
Task=19 Chunk=0 Start=7789568692844 End=7789568882704 Duration=189860
Task=20 Chunk=0 Start=7789568882722 End=7789569071964 Duration=189242
Task=21 Chunk=0 Start=7789569071977 End=7789569261174 Duration=189197
Task=22 Chunk=0 Start=7789569261185 End=7789569450594 Duration=189409
Task=23 Chunk=0 Start=7789569450595 End=7789569640235 Duration=189640
Task=24 Chunk=0 Start=7789569640236 End=7789569830478 Duration=190242
Task=25 Chunk=0 Start=7789569830479 End=7789570019745 Duration=189266
Task=26 Chunk=0 Start=7789570019746 End=7789570209307 Duration=189561
Task=27 Chunk=0 Start=7789570209312 End=7789570398536 Duration=189224
Task=28 Chunk=0 Start=7789570398537 End=7789570587692 Duration=189155
Task=29 Chunk=0 Start=7789570587693 End=7789570778538 Duration=190845
Task=30 Chunk=0 Start=7789570778538 End=7789570968105 Duration=189567
Task=31 Chunk=0 Start=7789570968105 End=7789571156468 Duration=188363
Task=32 Chunk=0 Start=7789571156469 End=7789571346333 Duration=189864
Task=33 Chunk=0 Start=7789571346343 End=7789571536408 Duration=190065
Task=34 Chunk=0 Start=7789571536412 End=7789571726649 Duration=190237
Task=35 Chunk=0 Start=7789571726660 End=7789571917533 Duration=190873
Task=36 Chunk=0 Start=7789571917541 End=7789572106660 Duration=189119
Task=37 Chunk=0 Start=7789572106669 End=7789572296339 Duration=189670
Task=38 Chunk=0 Start=7789572296340 End=7789572486171 Duration=189831
Task=39 Chunk=0 Start=7789572486185 End=7789572676383 Duration=190198
Task=40 Chunk=0 Start=7789572676386 End=7789572866028 Duration=189642
Task=41 Chunk=0 Start=7789572866052 End=7789573055092 Duration=189040
Task=42 Chunk=0 Start=7789573055107 End=7789573244376 Duration=189269
Task=43 Chunk=0 Start=7789573244389 End=7789573433879 Duration=189490
Task=44 Chunk=0 Start=7789573433887 End=7789573624108 Duration=190221
Task=45 Chunk=0 Start=7789573624111 End=7789573812510 Duration=188399
Task=46 Chunk=0 Start=7789573812522 End=7789574002670 Duration=190148
Task=47 Chunk=0 Start=7789574002683 End=7789574192670 Duration=189987
Task=48 Chunk=0 Start=7789574192684 End=7789574382244 Duration=189560
Task=49 Chunk=0 Start=7789574382261 End=7789574572085 Duration=189824
Task=50 Chunk=0 Start=7789574572098 End=7789574761866 Duration=189768
Task=51 Chunk=0 Start=7789574761867 End=7789574952677 Duration=190810
Task=52 Chunk=0 Start=7789574952679 End=7789575142274 Duration=189595
Task=53 Chunk=0 Start=7789575142275 End=7789575331734 Duration=189459
Task=54 Chunk=0 Start=7789575331737 End=7789575521328 Duration=189591
Task=55 Chunk=0 Start=7789575521329 End=7789575710463 Duration=189134
Task=56 Chunk=0 Start=7789575710463 End=7789575899735 Duration=189272
Task=57 Chunk=0 Start=7789575899736 End=7789576088839 Duration=189103
Task=58 Chunk=0 Start=7789576088839 End=7789576278860 Duration=190021
Task=59 Chunk=0 Start=7789576278861 End=7789576468059 Duration=189198
Task=60 Chunk=0 Start=7789576468060 End=7789576657081 Duration=189021
Task=61 Chunk=0 Start=7789576657083 End=7789576847226 Duration=190143
Task=62 Chunk=0 Start=7789576847228 End=7789577036570 Duration=189342
Task=63 Chunk=0 Start=7789577036581 End=7789577226279 Duration=189698
Task=64 Chunk=0 Start=7789577226280 End=7789577415788 Duration=189508
Task=65 Chunk=0 Start=7789577415789 End=7789577604989 Duration=189200
Task=66 Chunk=0 Start=7789577604994 End=7789577794918 Duration=189924
Task=67 Chunk=0 Start=7789577794919 End=7789577984123 Duration=189204
Task=68 Chunk=0 Start=7789577984124 End=7789578172826 Duration=188702
Task=69 Chunk=0 Start=7789578172826 End=7789578362747 Duration=189921
Task=70 Chunk=0 Start=7789578362748 End=7789578552610 Duration=189862
Task=71 Chunk=0 Start=7789578552611 End=7789578741878 Duration=189267
Task=72 Chunk=0 Start=7789578741879 End=7789578931843 Duration=189964
Task=73 Chunk=0 Start=7789578931845 End=7789579120859 Duration=189014
Task=74 Chunk=0 Start=7789579120860 End=7789579310606 Duration=189746
Task=75 Chunk=0 Start=7789579310610 End=7789579500129 Duration=189519
Task=76 Chunk=0 Start=7789579500133 End=7789579690053 Duration=189920
Task=77 Chunk=0 Start=7789579690054 End=7789579879772 Duration=189718
Task=78 Chunk=0 Start=7789579879774 End=7789580069556 Duration=189782
Task=79 Chunk=0 Start=7789580069557 End=7789580258871 Duration=189314
Task=80 Chunk=0 Start=7789580258872 End=7789580449247 Duration=190375
Task=81 Chunk=0 Start=7789580449248 End=7789580638630 Duration=189382
Task=82 Chunk=0 Start=7789580638630 End=7789580827865 Duration=189235
Task=83 Chunk=0 Start=7789580827866 End=7789581017636 Duration=189770
Task=84 Chunk=0 Start=7789581017636 End=7789581206837 Duration=189201
Task=85 Chunk=0 Start=7789581206838 End=7789581395325 Duration=188487
Task=86 Chunk=0 Start=7789581395328 End=7789581585416 Duration=190088
Task=87 Chunk=0 Start=7789581585418 End=7789581773672 Duration=188254
Task=88 Chunk=0 Start=7789581773673 End=7789581963672 Duration=189999
Task=89 Chunk=0 Start=7789581963673 End=7789582153203 Duration=189530
Task=90 Chunk=0 Start=7789582153204 End=7789582342440 Duration=189236
Task=91 Chunk=0 Start=7789582342442 End=7789582532462 Duration=190020
Task=92 Chunk=0 Start=7789582532463 End=7789582722300 Duration=189837
Task=93 Chunk=0 Start=7789582722301 End=7789582912028 Duration=189727
Task=94 Chunk=0 Start=7789582912052 End=7789583102274 Duration=190222
Task=95 Chunk=0 Start=7789583102275 End=7789583292215 Duration=189940
Task=96 Chunk=0 Start=7789583292215 End=7789583482020 Duration=189805
Task=97 Chunk=0 Start=7789583482030 End=7789583672070 Duration=190040
Task=98 Chunk=0 Start=7789583672077 End=7789583861493 Duration=189416
Task=99 Chunk=0 Start=7789583861504 End=7789584050454 Duration=188950
### Python End ###

--------------------------------
[2025-06-28 12:16:46.486] [info] Available Vulkan Layers:
[2025-06-28 12:16:46.486] [warning] Validation layer requested but not available, continuing without it...
[2025-06-28 12:16:46.492] [info] Using integrated GPU: Mali-G710
[2025-06-28 12:16:46.495] [info] VulkanDispatcher instance created.
[2025-06-28 12:16:46.658] [info] Total memory used: 40550404 bytes (38.67188 MB)
[2025-06-28 12:16:46.665] [info] Total memory used: 40550404 bytes (38.67188 MB)
[2025-06-28 12:16:46.697] [info] Total memory used: 40550404 bytes (38.67188 MB)
[2025-06-28 12:16:46.700] [info] Total memory used: 40550404 bytes (38.67188 MB)
[2025-06-28 12:16:46.704] [info] Total memory used: 40550404 bytes (38.67188 MB)
[2025-06-28 12:16:46.828] [info] Total memory used: 40550404 bytes (38.67188 MB)
[2025-06-28 12:16:46.833] [info] Total memory used: 40550404 bytes (38.67188 MB)
[2025-06-28 12:16:46.838] [info] Total memory used: 40550404 bytes (38.67188 MB)
[2025-06-28 12:16:46.842] [info] Total memory used: 40550404 bytes (38.67188 MB)
[2025-06-28 12:16:46.846] [info] Total memory used: 40550404 bytes (38.67188 MB)
[2025-06-28 12:16:46.899] [info] Total memory used: 40550404 bytes (38.67188 MB)
[2025-06-28 12:16:46.903] [info] Total memory used: 40550404 bytes (38.67188 MB)
[2025-06-28 12:16:46.906] [info] Total memory used: 40550404 bytes (38.67188 MB)
[2025-06-28 12:16:46.910] [info] Total memory used: 40550404 bytes (38.67188 MB)
[2025-06-28 12:16:46.914] [info] Total memory used: 40550404 bytes (38.67188 MB)
[2025-06-28 12:16:46.917] [info] Total memory used: 40550404 bytes (38.67188 MB)
### Python Begin ###
Schedule_UID=SCH-B4L3-G016-457c
Frequency=24576000 Hz
Task=0 Chunk=0 Start=7789595201468 End=7789595351326 Duration=149858
Task=0 Chunk=1 Start=7789595351355 End=7789596023201 Duration=671846
Task=1 Chunk=0 Start=7789595351340 End=7789595899937 Duration=548597
Task=1 Chunk=1 Start=7789596023261 End=7789596137271 Duration=114010
Task=2 Chunk=0 Start=7789595899938 End=7789596043333 Duration=143395
Task=2 Chunk=1 Start=7789596137327 End=7789596253487 Duration=116160
Task=3 Chunk=0 Start=7789596043334 End=7789596185692 Duration=142358
Task=3 Chunk=1 Start=7789596253507 End=7789596366591 Duration=113084
Task=4 Chunk=0 Start=7789596185693 End=7789596329903 Duration=144210
Task=4 Chunk=1 Start=7789596366626 End=7789596474165 Duration=107539
Task=5 Chunk=0 Start=7789596329903 End=7789596472779 Duration=142876
Task=5 Chunk=1 Start=7789596474179 End=7789596584894 Duration=110715
Task=6 Chunk=0 Start=7789596472779 End=7789596616230 Duration=143451
Task=6 Chunk=1 Start=7789596616248 End=7789596727058 Duration=110810
Task=7 Chunk=0 Start=7789596616231 End=7789596759412 Duration=143181
Task=7 Chunk=1 Start=7789596759435 End=7789596869251 Duration=109816
Task=8 Chunk=0 Start=7789596759416 End=7789596902168 Duration=142752
Task=8 Chunk=1 Start=7789596902203 End=7789597012350 Duration=110147
Task=9 Chunk=0 Start=7789596902172 End=7789597045077 Duration=142905
Task=9 Chunk=1 Start=7789597045116 End=7789597156364 Duration=111248
Task=10 Chunk=0 Start=7789597045078 End=7789597187860 Duration=142782
Task=10 Chunk=1 Start=7789597187883 End=7789597301677 Duration=113794
Task=11 Chunk=0 Start=7789597187860 End=7789597331413 Duration=143553
Task=11 Chunk=1 Start=7789597331435 End=7789597440845 Duration=109410
Task=12 Chunk=0 Start=7789597331413 End=7789597474553 Duration=143140
Task=12 Chunk=1 Start=7789597474571 End=7789597584223 Duration=109652
Task=13 Chunk=0 Start=7789597474557 End=7789597617863 Duration=143306
Task=13 Chunk=1 Start=7789597617902 End=7789597729154 Duration=111252
Task=14 Chunk=0 Start=7789597617864 End=7789597760552 Duration=142688
Task=14 Chunk=1 Start=7789597760577 End=7789597868764 Duration=108187
Task=15 Chunk=0 Start=7789597760552 End=7789597903330 Duration=142778
Task=15 Chunk=1 Start=7789597903348 End=7789598012917 Duration=109569
Task=16 Chunk=0 Start=7789597903331 End=7789598045875 Duration=142544
Task=16 Chunk=1 Start=7789598045897 End=7789598156930 Duration=111033
Task=17 Chunk=0 Start=7789598045878 End=7789598187903 Duration=142025
Task=17 Chunk=1 Start=7789598187927 End=7789598297965 Duration=110038
Task=18 Chunk=0 Start=7789598187906 End=7789598330913 Duration=143007
Task=18 Chunk=1 Start=7789598330943 End=7789598440217 Duration=109274
Task=19 Chunk=0 Start=7789598330915 End=7789598473270 Duration=142355
Task=19 Chunk=1 Start=7789598473297 End=7789598583168 Duration=109871
Task=20 Chunk=0 Start=7789598473275 End=7789598617318 Duration=144043
Task=20 Chunk=1 Start=7789598617348 End=7789598728895 Duration=111547
Task=21 Chunk=0 Start=7789598617321 End=7789598760128 Duration=142807
Task=21 Chunk=1 Start=7789598760159 End=7789598870270 Duration=110111
Task=22 Chunk=0 Start=7789598760128 End=7789598903094 Duration=142966
Task=22 Chunk=1 Start=7789598903105 End=7789599011291 Duration=108186
Task=23 Chunk=0 Start=7789598903095 End=7789599045628 Duration=142533
Task=23 Chunk=1 Start=7789599045684 End=7789599155281 Duration=109597
Task=24 Chunk=0 Start=7789599045631 End=7789599188813 Duration=143182
Task=24 Chunk=1 Start=7789599188862 End=7789599300022 Duration=111160
Task=25 Chunk=0 Start=7789599188813 End=7789599331024 Duration=142211
Task=25 Chunk=1 Start=7789599331063 End=7789599442050 Duration=110987
Task=26 Chunk=0 Start=7789599331028 End=7789599474660 Duration=143632
Task=26 Chunk=1 Start=7789599474700 End=7789599583630 Duration=108930
Task=27 Chunk=0 Start=7789599474660 End=7789599618198 Duration=143538
Task=27 Chunk=1 Start=7789599618253 End=7789599726976 Duration=108723
Task=28 Chunk=0 Start=7789599618199 End=7789599760912 Duration=142713
Task=28 Chunk=1 Start=7789599760948 End=7789599870957 Duration=110009
Task=29 Chunk=0 Start=7789599760913 End=7789599903619 Duration=142706
Task=29 Chunk=1 Start=7789599903641 End=7789600012143 Duration=108502
Task=30 Chunk=0 Start=7789599903620 End=7789600045906 Duration=142286
Task=30 Chunk=1 Start=7789600045929 End=7789600155537 Duration=109608
Task=31 Chunk=0 Start=7789600045910 End=7789600188850 Duration=142940
Task=31 Chunk=1 Start=7789600188886 End=7789600303151 Duration=114265
Task=32 Chunk=0 Start=7789600188851 End=7789600331508 Duration=142657
Task=32 Chunk=1 Start=7789600331532 End=7789600440740 Duration=109208
Task=33 Chunk=0 Start=7789600331509 End=7789600474321 Duration=142812
Task=33 Chunk=1 Start=7789600474343 End=7789600583976 Duration=109633
Task=34 Chunk=0 Start=7789600474322 End=7789600616793 Duration=142471
Task=34 Chunk=1 Start=7789600616841 End=7789600727159 Duration=110318
Task=35 Chunk=0 Start=7789600616794 End=7789600759897 Duration=143103
Task=35 Chunk=1 Start=7789600759932 End=7789600869684 Duration=109752
Task=36 Chunk=0 Start=7789600759898 End=7789600902961 Duration=143063
Task=36 Chunk=1 Start=7789600902997 End=7789601012496 Duration=109499
Task=37 Chunk=0 Start=7789600902961 End=7789601044803 Duration=141842
Task=37 Chunk=1 Start=7789601044832 End=7789601154956 Duration=110124
Task=38 Chunk=0 Start=7789601044804 End=7789601188174 Duration=143370
Task=38 Chunk=1 Start=7789601188184 End=7789601298149 Duration=109965
Task=39 Chunk=0 Start=7789601188175 End=7789601330228 Duration=142053
Task=39 Chunk=1 Start=7789601330239 End=7789601442569 Duration=112330
Task=40 Chunk=0 Start=7789601330229 End=7789601473327 Duration=143098
Task=40 Chunk=1 Start=7789601473367 End=7789601584498 Duration=111131
Task=41 Chunk=0 Start=7789601473330 End=7789601616123 Duration=142793
Task=41 Chunk=1 Start=7789601616154 End=7789601725733 Duration=109579
Task=42 Chunk=0 Start=7789601616123 End=7789601759631 Duration=143508
Task=42 Chunk=1 Start=7789601759661 End=7789601868266 Duration=108605
Task=43 Chunk=0 Start=7789601759634 End=7789601901640 Duration=142006
Task=43 Chunk=1 Start=7789601901662 End=7789602010255 Duration=108593
Task=44 Chunk=0 Start=7789601901644 End=7789602044442 Duration=142798
Task=44 Chunk=1 Start=7789602044471 End=7789602153291 Duration=108820
Task=45 Chunk=0 Start=7789602044450 End=7789602186113 Duration=141663
Task=45 Chunk=1 Start=7789602186124 End=7789602294721 Duration=108597
Task=46 Chunk=0 Start=7789602186118 End=7789602329392 Duration=143274
Task=46 Chunk=1 Start=7789602329412 End=7789602441005 Duration=111593
Task=47 Chunk=0 Start=7789602329396 End=7789602471130 Duration=141734
Task=47 Chunk=1 Start=7789602471147 End=7789602579473 Duration=108326
Task=48 Chunk=0 Start=7789602471130 End=7789602613133 Duration=142003
Task=48 Chunk=1 Start=7789602613157 End=7789602722813 Duration=109656
Task=49 Chunk=0 Start=7789602613133 End=7789602756345 Duration=143212
Task=49 Chunk=1 Start=7789602756356 End=7789602866083 Duration=109727
Task=50 Chunk=0 Start=7789602756346 End=7789602898640 Duration=142294
Task=50 Chunk=1 Start=7789602898678 End=7789603008894 Duration=110216
Task=51 Chunk=0 Start=7789602898644 End=7789603041857 Duration=143213
Task=51 Chunk=1 Start=7789603041876 End=7789603151367 Duration=109491
Task=52 Chunk=0 Start=7789603041857 End=7789603183819 Duration=141962
Task=52 Chunk=1 Start=7789603183863 End=7789603292677 Duration=108814
Task=53 Chunk=0 Start=7789603183824 End=7789603326646 Duration=142822
Task=53 Chunk=1 Start=7789603326671 End=7789603436737 Duration=110066
Task=54 Chunk=0 Start=7789603326649 End=7789603468900 Duration=142251
Task=54 Chunk=1 Start=7789603468932 End=7789603580104 Duration=111172
Task=55 Chunk=0 Start=7789603468901 End=7789603611832 Duration=142931
Task=55 Chunk=1 Start=7789603611874 End=7789603722368 Duration=110494
Task=56 Chunk=0 Start=7789603611835 End=7789603754300 Duration=142465
Task=56 Chunk=1 Start=7789603754308 End=7789603863871 Duration=109563
Task=57 Chunk=0 Start=7789603754301 End=7789603897397 Duration=143096
Task=57 Chunk=1 Start=7789603897605 End=7789604006994 Duration=109389
Task=58 Chunk=0 Start=7789603897403 End=7789604040079 Duration=142676
Task=58 Chunk=1 Start=7789604040111 End=7789604148512 Duration=108401
Task=59 Chunk=0 Start=7789604040079 End=7789604182161 Duration=142082
Task=59 Chunk=1 Start=7789604182173 End=7789604295041 Duration=112868
Task=60 Chunk=0 Start=7789604182161 End=7789604325462 Duration=143301
Task=60 Chunk=1 Start=7789604325490 End=7789604434736 Duration=109246
Task=61 Chunk=0 Start=7789604325466 End=7789604467819 Duration=142353
Task=61 Chunk=1 Start=7789604467829 End=7789604582687 Duration=114858
Task=62 Chunk=0 Start=7789604467820 End=7789604610216 Duration=142396
Task=62 Chunk=1 Start=7789604610227 End=7789604719046 Duration=108819
Task=63 Chunk=0 Start=7789604610217 End=7789604752325 Duration=142108
Task=63 Chunk=1 Start=7789604752372 End=7789604861301 Duration=108929
Task=64 Chunk=0 Start=7789604752326 End=7789604895367 Duration=143041
Task=64 Chunk=1 Start=7789604895397 End=7789605004498 Duration=109101
Task=65 Chunk=0 Start=7789604895370 End=7789605038063 Duration=142693
Task=65 Chunk=1 Start=7789605038095 End=7789605147163 Duration=109068
Task=66 Chunk=0 Start=7789605038063 End=7789605181241 Duration=143178
Task=66 Chunk=1 Start=7789605181271 End=7789605290776 Duration=109505
Task=67 Chunk=0 Start=7789605181242 End=7789605323590 Duration=142348
Task=67 Chunk=1 Start=7789605323619 End=7789605432523 Duration=108904
Task=68 Chunk=0 Start=7789605323591 End=7789605465617 Duration=142026
Task=68 Chunk=1 Start=7789605465635 End=7789605576001 Duration=110366
Task=69 Chunk=0 Start=7789605465621 End=7789605608929 Duration=143308
Task=69 Chunk=1 Start=7789605608952 End=7789605719693 Duration=110741
Task=70 Chunk=0 Start=7789605608933 End=7789605751018 Duration=142085
Task=70 Chunk=1 Start=7789605751052 End=7789605861876 Duration=110824
Task=71 Chunk=0 Start=7789605751019 End=7789605894292 Duration=143273
Task=71 Chunk=1 Start=7789605894316 End=7789606003174 Duration=108858
Task=72 Chunk=0 Start=7789605894293 End=7789606036545 Duration=142252
Task=72 Chunk=1 Start=7789606036596 End=7789606145444 Duration=108848
Task=73 Chunk=0 Start=7789606036549 End=7789606179495 Duration=142946
Task=73 Chunk=1 Start=7789606179521 End=7789606288151 Duration=108630
Task=74 Chunk=0 Start=7789606179495 End=7789606321221 Duration=141726
Task=74 Chunk=1 Start=7789606321236 End=7789606429654 Duration=108418
Task=75 Chunk=0 Start=7789606321222 End=7789606463782 Duration=142560
Task=75 Chunk=1 Start=7789606463806 End=7789606572489 Duration=108683
Task=76 Chunk=0 Start=7789606463783 End=7789606605927 Duration=142144
Task=76 Chunk=1 Start=7789606605968 End=7789606717377 Duration=111409
Task=77 Chunk=0 Start=7789606605930 End=7789606748714 Duration=142784
Task=77 Chunk=1 Start=7789606748736 End=7789606857351 Duration=108615
Task=78 Chunk=0 Start=7789606748714 End=7789606890613 Duration=141899
Task=78 Chunk=1 Start=7789606890632 End=7789606999947 Duration=109315
Task=79 Chunk=0 Start=7789606890614 End=7789607033702 Duration=143088
Task=79 Chunk=1 Start=7789607033725 End=7789607144142 Duration=110417
Task=80 Chunk=0 Start=7789607033706 End=7789607177026 Duration=143320
Task=80 Chunk=1 Start=7789607177055 End=7789607286894 Duration=109839
Task=81 Chunk=0 Start=7789607177030 End=7789607319427 Duration=142397
Task=81 Chunk=1 Start=7789607319463 End=7789607428671 Duration=109208
Task=82 Chunk=0 Start=7789607319430 End=7789607462358 Duration=142928
Task=82 Chunk=1 Start=7789607462387 End=7789607571385 Duration=108998
Task=83 Chunk=0 Start=7789607462359 End=7789607604483 Duration=142124
Task=83 Chunk=1 Start=7789607604503 End=7789607714455 Duration=109952
Task=84 Chunk=0 Start=7789607604486 End=7789607747348 Duration=142862
Task=84 Chunk=1 Start=7789607747364 End=7789607857247 Duration=109883
Task=85 Chunk=0 Start=7789607747349 End=7789607889715 Duration=142366
Task=85 Chunk=1 Start=7789607889749 End=7789608000778 Duration=111029
Task=86 Chunk=0 Start=7789607889716 End=7789608032715 Duration=142999
Task=86 Chunk=1 Start=7789608032751 End=7789608141633 Duration=108882
Task=87 Chunk=0 Start=7789608032716 End=7789608175551 Duration=142835
Task=87 Chunk=1 Start=7789608175606 End=7789608284443 Duration=108837
Task=88 Chunk=0 Start=7789608175555 End=7789608318014 Duration=142459
Task=88 Chunk=1 Start=7789608318052 End=7789608430654 Duration=112602
Task=89 Chunk=0 Start=7789608318014 End=7789608460887 Duration=142873
Task=89 Chunk=1 Start=7789608460909 End=7789608574595 Duration=113686
Task=90 Chunk=0 Start=7789608460887 End=7789608602938 Duration=142051
Task=90 Chunk=1 Start=7789608602969 End=7789608711646 Duration=108677
Task=91 Chunk=0 Start=7789608602947 End=7789608745887 Duration=142940
Task=91 Chunk=1 Start=7789608745933 End=7789608856647 Duration=110714
Task=92 Chunk=0 Start=7789608745888 End=7789608887926 Duration=142038
Task=92 Chunk=1 Start=7789608887954 End=7789608996024 Duration=108070
Task=93 Chunk=0 Start=7789608887927 End=7789609030745 Duration=142818
Task=93 Chunk=1 Start=7789609030793 End=7789609140876 Duration=110083
Task=94 Chunk=0 Start=7789609030749 End=7789609173334 Duration=142585
Task=94 Chunk=1 Start=7789609173366 End=7789609282889 Duration=109523
Task=95 Chunk=0 Start=7789609173337 End=7789609316331 Duration=142994
Task=95 Chunk=1 Start=7789609316379 End=7789609426210 Duration=109831
Task=96 Chunk=0 Start=7789609316337 End=7789609459104 Duration=142767
Task=96 Chunk=1 Start=7789609459124 End=7789609568994 Duration=109870
Task=97 Chunk=0 Start=7789609459107 End=7789609601957 Duration=142850
Task=97 Chunk=1 Start=7789609601984 End=7789609711383 Duration=109399
Task=98 Chunk=0 Start=7789609601958 End=7789609744338 Duration=142380
Task=98 Chunk=1 Start=7789609744384 End=7789609853489 Duration=109105
Task=99 Chunk=0 Start=7789609744338 End=7789609886114 Duration=141776
Task=99 Chunk=1 Start=7789609886129 End=7789609995355 Duration=109226
### Python End ###

--------------------------------
[2025-06-28 12:16:47.539] [info] Available Vulkan Layers:
[2025-06-28 12:16:47.539] [warning] Validation layer requested but not available, continuing without it...
[2025-06-28 12:16:47.543] [info] Using integrated GPU: Mali-G710
[2025-06-28 12:16:47.546] [info] VulkanDispatcher instance created.
[2025-06-28 12:16:47.717] [info] Total memory used: 40550404 bytes (38.67188 MB)
[2025-06-28 12:16:47.721] [info] Total memory used: 40550404 bytes (38.67188 MB)
[2025-06-28 12:16:47.758] [info] Total memory used: 40550404 bytes (38.67188 MB)
[2025-06-28 12:16:47.762] [info] Total memory used: 40550404 bytes (38.67188 MB)
[2025-06-28 12:16:47.766] [info] Total memory used: 40550404 bytes (38.67188 MB)
[2025-06-28 12:16:47.836] [info] Total memory used: 40550404 bytes (38.67188 MB)
[2025-06-28 12:16:47.840] [info] Total memory used: 40550404 bytes (38.67188 MB)
[2025-06-28 12:16:47.843] [info] Total memory used: 40550404 bytes (38.67188 MB)
[2025-06-28 12:16:47.847] [info] Total memory used: 40550404 bytes (38.67188 MB)
[2025-06-28 12:16:47.851] [info] Total memory used: 40550404 bytes (38.67188 MB)
[2025-06-28 12:16:47.903] [info] Total memory used: 40550404 bytes (38.67188 MB)
[2025-06-28 12:16:47.907] [info] Total memory used: 40550404 bytes (38.67188 MB)
[2025-06-28 12:16:47.911] [info] Total memory used: 40550404 bytes (38.67188 MB)
[2025-06-28 12:16:47.915] [info] Total memory used: 40550404 bytes (38.67188 MB)
[2025-06-28 12:16:47.919] [info] Total memory used: 40550404 bytes (38.67188 MB)
[2025-06-28 12:16:47.923] [info] Total memory used: 40550404 bytes (38.67188 MB)
### Python Begin ###
Schedule_UID=SCH-L3B4-G034-fde7
Frequency=24576000 Hz
Task=0 Chunk=0 Start=7789620465148 End=7789620638968 Duration=173820
Task=0 Chunk=1 Start=7789620638996 End=7789620703735 Duration=64739
Task=1 Chunk=0 Start=7789620638998 End=7789620768457 Duration=129459
Task=1 Chunk=1 Start=7789620768467 End=7789620818657 Duration=50190
Task=2 Chunk=0 Start=7789620768466 End=7789620900824 Duration=132358
Task=2 Chunk=1 Start=7789620900844 End=7789620952159 Duration=51315
Task=3 Chunk=0 Start=7789620900841 End=7789621039564 Duration=138723
Task=3 Chunk=1 Start=7789621039594 End=7789621090849 Duration=51255
Task=4 Chunk=0 Start=7789621039591 End=7789621146566 Duration=106975
Task=4 Chunk=1 Start=7789621146583 End=7789621194254 Duration=47671
Task=5 Chunk=0 Start=7789621146583 End=7789621233350 Duration=86767
Task=5 Chunk=1 Start=7789621233373 End=7789621281482 Duration=48109
Task=6 Chunk=0 Start=7789621233367 End=7789621320297 Duration=86930
Task=6 Chunk=1 Start=7789621320310 End=7789621367934 Duration=47624
Task=7 Chunk=0 Start=7789621320311 End=7789621413744 Duration=93433
Task=7 Chunk=1 Start=7789621413765 End=7789621461719 Duration=47954
Task=8 Chunk=0 Start=7789621413760 End=7789621500415 Duration=86655
Task=8 Chunk=1 Start=7789621500432 End=7789621548287 Duration=47855
Task=9 Chunk=0 Start=7789621500430 End=7789621585985 Duration=85555
Task=9 Chunk=1 Start=7789621586001 End=7789621634236 Duration=48235
Task=10 Chunk=0 Start=7789621585995 End=7789621673147 Duration=87152
Task=10 Chunk=1 Start=7789621673170 End=7789621721435 Duration=48265
Task=11 Chunk=0 Start=7789621673168 End=7789621761193 Duration=88025
Task=11 Chunk=1 Start=7789621761215 End=7789621809751 Duration=48536
Task=12 Chunk=0 Start=7789621761209 End=7789621847704 Duration=86495
Task=12 Chunk=1 Start=7789621847723 End=7789621895790 Duration=48067
Task=13 Chunk=0 Start=7789621847724 End=7789621934311 Duration=86587
Task=13 Chunk=1 Start=7789621934322 End=7789621981333 Duration=47011
Task=14 Chunk=0 Start=7789621934322 End=7789622020892 Duration=86570
Task=14 Chunk=1 Start=7789622020914 End=7789622068252 Duration=47338
Task=15 Chunk=0 Start=7789622020910 End=7789622108206 Duration=87296
Task=15 Chunk=1 Start=7789622108225 End=7789622154755 Duration=46530
Task=16 Chunk=0 Start=7789622108228 End=7789622196345 Duration=88117
Task=16 Chunk=1 Start=7789622196367 End=7789622244134 Duration=47767
Task=17 Chunk=0 Start=7789622196365 End=7789622283634 Duration=87269
Task=17 Chunk=1 Start=7789622283643 End=7789622330980 Duration=47337
Task=18 Chunk=0 Start=7789622283647 End=7789622368893 Duration=85246
Task=18 Chunk=1 Start=7789622368911 End=7789622417067 Duration=48156
Task=19 Chunk=0 Start=7789622368904 End=7789622455883 Duration=86979
Task=19 Chunk=1 Start=7789622455909 End=7789622503890 Duration=47981
Task=20 Chunk=0 Start=7789622455905 End=7789622543383 Duration=87478
Task=20 Chunk=1 Start=7789622543402 End=7789622591632 Duration=48230
Task=21 Chunk=0 Start=7789622543401 End=7789622630669 Duration=87268
Task=21 Chunk=1 Start=7789622630680 End=7789622679034 Duration=48354
Task=22 Chunk=0 Start=7789622630680 End=7789622717537 Duration=86857
Task=22 Chunk=1 Start=7789622717555 End=7789622764002 Duration=46447
Task=23 Chunk=0 Start=7789622717550 End=7789622803699 Duration=86149
Task=23 Chunk=1 Start=7789622803725 End=7789622850596 Duration=46871
Task=24 Chunk=0 Start=7789622803725 End=7789622891083 Duration=87358
Task=24 Chunk=1 Start=7789622891102 End=7789622937788 Duration=46686
Task=25 Chunk=0 Start=7789622891098 End=7789622978303 Duration=87205
Task=25 Chunk=1 Start=7789622978322 End=7789623026436 Duration=48114
Task=26 Chunk=0 Start=7789622978320 End=7789623064202 Duration=85882
Task=26 Chunk=1 Start=7789623064226 End=7789623113227 Duration=49001
Task=27 Chunk=0 Start=7789623064218 End=7789623150613 Duration=86395
Task=27 Chunk=1 Start=7789623150634 End=7789623199158 Duration=48524
Task=28 Chunk=0 Start=7789623150626 End=7789623238091 Duration=87465
Task=28 Chunk=1 Start=7789623238122 End=7789623286751 Duration=48629
Task=29 Chunk=0 Start=7789623238121 End=7789623325606 Duration=87485
Task=29 Chunk=1 Start=7789623325620 End=7789623373392 Duration=47772
Task=30 Chunk=0 Start=7789623325617 End=7789623413260 Duration=87643
Task=30 Chunk=1 Start=7789623413294 End=7789623460954 Duration=47660
Task=31 Chunk=0 Start=7789623413289 End=7789623500197 Duration=86908
Task=31 Chunk=1 Start=7789623500225 End=7789623547483 Duration=47258
Task=32 Chunk=0 Start=7789623500224 End=7789623587136 Duration=86912
Task=32 Chunk=1 Start=7789623587151 End=7789623633674 Duration=46523
Task=33 Chunk=0 Start=7789623587153 End=7789623674338 Duration=87185
Task=33 Chunk=1 Start=7789623674348 End=7789623721570 Duration=47222
Task=34 Chunk=0 Start=7789623674344 End=7789623760923 Duration=86579
Task=34 Chunk=1 Start=7789623760938 End=7789623807798 Duration=46860
Task=35 Chunk=0 Start=7789623760934 End=7789623846019 Duration=85085
Task=35 Chunk=1 Start=7789623846030 End=7789623894582 Duration=48552
Task=36 Chunk=0 Start=7789623846030 End=7789623933268 Duration=87238
Task=36 Chunk=1 Start=7789623933302 End=7789623981002 Duration=47700
Task=37 Chunk=0 Start=7789623933300 End=7789624019903 Duration=86603
Task=37 Chunk=1 Start=7789624019920 End=7789624068042 Duration=48122
Task=38 Chunk=0 Start=7789624019916 End=7789624107212 Duration=87296
Task=38 Chunk=1 Start=7789624107233 End=7789624154782 Duration=47549
Task=39 Chunk=0 Start=7789624107230 End=7789624194343 Duration=87113
Task=39 Chunk=1 Start=7789624194359 End=7789624240691 Duration=46332
Task=40 Chunk=0 Start=7789624194355 End=7789624281605 Duration=87250
Task=40 Chunk=1 Start=7789624281622 End=7789624328289 Duration=46667
Task=41 Chunk=0 Start=7789624281622 End=7789624371959 Duration=90337
Task=41 Chunk=1 Start=7789624371977 End=7789624418913 Duration=46936
Task=42 Chunk=0 Start=7789624371975 End=7789624461613 Duration=89638
Task=42 Chunk=1 Start=7789624461638 End=7789624508726 Duration=47088
Task=43 Chunk=0 Start=7789624461633 End=7789624548548 Duration=86915
Task=43 Chunk=1 Start=7789624548571 End=7789624595083 Duration=46512
Task=44 Chunk=0 Start=7789624548570 End=7789624633507 Duration=84937
Task=44 Chunk=1 Start=7789624633525 End=7789624681302 Duration=47777
Task=45 Chunk=0 Start=7789624633517 End=7789624721208 Duration=87691
Task=45 Chunk=1 Start=7789624721228 End=7789624768588 Duration=47360
Task=46 Chunk=0 Start=7789624721224 End=7789624808217 Duration=86993
Task=46 Chunk=1 Start=7789624808241 End=7789624856069 Duration=47828
Task=47 Chunk=0 Start=7789624808233 End=7789624895263 Duration=87030
Task=47 Chunk=1 Start=7789624895278 End=7789624943163 Duration=47885
Task=48 Chunk=0 Start=7789624895277 End=7789624982322 Duration=87045
Task=48 Chunk=1 Start=7789624982335 End=7789625029137 Duration=46802
Task=49 Chunk=0 Start=7789624982337 End=7789625068962 Duration=86625
Task=49 Chunk=1 Start=7789625068989 End=7789625115808 Duration=46819
Task=50 Chunk=0 Start=7789625068989 End=7789625155473 Duration=86484
Task=50 Chunk=1 Start=7789625155497 End=7789625202398 Duration=46901
Task=51 Chunk=0 Start=7789625155493 End=7789625246197 Duration=90704
Task=51 Chunk=1 Start=7789625246227 End=7789625293475 Duration=47248
Task=52 Chunk=0 Start=7789625246221 End=7789625332850 Duration=86629
Task=52 Chunk=1 Start=7789625332865 End=7789625379884 Duration=47019
Task=53 Chunk=0 Start=7789625332860 End=7789625417800 Duration=84940
Task=53 Chunk=1 Start=7789625417813 End=7789625465393 Duration=47580
Task=54 Chunk=0 Start=7789625417812 End=7789625506010 Duration=88198
Task=54 Chunk=1 Start=7789625506031 End=7789625553883 Duration=47852
Task=55 Chunk=0 Start=7789625506027 End=7789625593103 Duration=87076
Task=55 Chunk=1 Start=7789625593124 End=7789625640798 Duration=47674
Task=56 Chunk=0 Start=7789625593124 End=7789625680430 Duration=87306
Task=56 Chunk=1 Start=7789625680444 End=7789625728565 Duration=48121
Task=57 Chunk=0 Start=7789625680442 End=7789625767256 Duration=86814
Task=57 Chunk=1 Start=7789625767269 End=7789625814026 Duration=46757
Task=58 Chunk=0 Start=7789625767268 End=7789625855268 Duration=88000
Task=58 Chunk=1 Start=7789625855281 End=7789625903390 Duration=48109
Task=59 Chunk=0 Start=7789625855280 End=7789625942722 Duration=87442
Task=59 Chunk=1 Start=7789625942741 End=7789625989232 Duration=46491
Task=60 Chunk=0 Start=7789625942735 End=7789626030756 Duration=88021
Task=60 Chunk=1 Start=7789626030772 End=7789626077515 Duration=46743
Task=61 Chunk=0 Start=7789626030768 End=7789626117815 Duration=87047
Task=61 Chunk=1 Start=7789626117832 End=7789626164907 Duration=47075
Task=62 Chunk=0 Start=7789626117831 End=7789626203220 Duration=85389
Task=62 Chunk=1 Start=7789626203233 End=7789626251169 Duration=47936
Task=63 Chunk=0 Start=7789626203229 End=7789626290603 Duration=87374
Task=63 Chunk=1 Start=7789626290629 End=7789626338930 Duration=48301
Task=64 Chunk=0 Start=7789626290625 End=7789626377767 Duration=87142
Task=64 Chunk=1 Start=7789626377776 End=7789626425717 Duration=47941
Task=65 Chunk=0 Start=7789626377777 End=7789626464629 Duration=86852
Task=65 Chunk=1 Start=7789626464645 End=7789626512450 Duration=47805
Task=66 Chunk=0 Start=7789626464644 End=7789626553269 Duration=88625
Task=66 Chunk=1 Start=7789626553290 End=7789626600046 Duration=46756
Task=67 Chunk=0 Start=7789626553287 End=7789626639922 Duration=86635
Task=67 Chunk=1 Start=7789626639932 End=7789626686957 Duration=47025
Task=68 Chunk=0 Start=7789626639933 End=7789626726992 Duration=87059
Task=68 Chunk=1 Start=7789626727013 End=7789626774107 Duration=47094
Task=69 Chunk=0 Start=7789626727014 End=7789626813739 Duration=86725
Task=69 Chunk=1 Start=7789626813758 End=7789626860734 Duration=46976
Task=70 Chunk=0 Start=7789626813759 End=7789626899110 Duration=85351
Task=70 Chunk=1 Start=7789626899139 End=7789626947294 Duration=48155
Task=71 Chunk=0 Start=7789626899134 End=7789626986650 Duration=87516
Task=71 Chunk=1 Start=7789626986676 End=7789627035032 Duration=48356
Task=72 Chunk=0 Start=7789626986676 End=7789627073356 Duration=86680
Task=72 Chunk=1 Start=7789627073373 End=7789627120667 Duration=47294
Task=73 Chunk=0 Start=7789627073372 End=7789627159730 Duration=86358
Task=73 Chunk=1 Start=7789627159749 End=7789627207108 Duration=47359
Task=74 Chunk=0 Start=7789627159747 End=7789627246461 Duration=86714
Task=74 Chunk=1 Start=7789627246481 End=7789627292778 Duration=46297
Task=75 Chunk=0 Start=7789627246480 End=7789627334832 Duration=88352
Task=75 Chunk=1 Start=7789627334859 End=7789627381173 Duration=46314
Task=76 Chunk=0 Start=7789627334855 End=7789627421868 Duration=87013
Task=76 Chunk=1 Start=7789627421877 End=7789627468745 Duration=46868
Task=77 Chunk=0 Start=7789627421878 End=7789627509014 Duration=87136
Task=77 Chunk=1 Start=7789627509030 End=7789627555568 Duration=46538
Task=78 Chunk=0 Start=7789627509028 End=7789627597098 Duration=88070
Task=78 Chunk=1 Start=7789627597118 End=7789627644470 Duration=47352
Task=79 Chunk=0 Start=7789627597117 End=7789627682227 Duration=85110
Task=79 Chunk=1 Start=7789627682243 End=7789627729983 Duration=47740
Task=80 Chunk=0 Start=7789627682242 End=7789627768900 Duration=86658
Task=80 Chunk=1 Start=7789627768930 End=7789627817013 Duration=48083
Task=81 Chunk=0 Start=7789627768931 End=7789627856547 Duration=87616
Task=81 Chunk=1 Start=7789627856569 End=7789627903586 Duration=47017
Task=82 Chunk=0 Start=7789627856567 End=7789627943248 Duration=86681
Task=82 Chunk=1 Start=7789627943262 End=7789627990868 Duration=47606
Task=83 Chunk=0 Start=7789627943260 End=7789628030544 Duration=87284
Task=83 Chunk=1 Start=7789628030565 End=7789628076642 Duration=46077
Task=84 Chunk=0 Start=7789628030566 End=7789628117000 Duration=86434
Task=84 Chunk=1 Start=7789628117018 End=7789628163687 Duration=46669
Task=85 Chunk=0 Start=7789628117012 End=7789628203941 Duration=86929
Task=85 Chunk=1 Start=7789628203962 End=7789628250876 Duration=46914
Task=86 Chunk=0 Start=7789628203963 End=7789628291036 Duration=87073
Task=86 Chunk=1 Start=7789628291062 End=7789628338003 Duration=46941
Task=87 Chunk=0 Start=7789628291060 End=7789628377670 Duration=86610
Task=87 Chunk=1 Start=7789628377680 End=7789628425460 Duration=47780
Task=88 Chunk=0 Start=7789628377680 End=7789628463549 Duration=85869
Task=88 Chunk=1 Start=7789628463571 End=7789628511612 Duration=48041
Task=89 Chunk=0 Start=7789628463570 End=7789628550425 Duration=86855
Task=89 Chunk=1 Start=7789628550452 End=7789628597952 Duration=47500
Task=90 Chunk=0 Start=7789628550452 End=7789628638346 Duration=87894
Task=90 Chunk=1 Start=7789628638363 End=7789628686617 Duration=48254
Task=91 Chunk=0 Start=7789628638361 End=7789628726279 Duration=87918
Task=91 Chunk=1 Start=7789628726304 End=7789628774733 Duration=48429
Task=92 Chunk=0 Start=7789628726297 End=7789628814015 Duration=87718
Task=92 Chunk=1 Start=7789628814043 End=7789628860836 Duration=46793
Task=93 Chunk=0 Start=7789628814039 End=7789628901224 Duration=87185
Task=93 Chunk=1 Start=7789628901243 End=7789628947952 Duration=46709
Task=94 Chunk=0 Start=7789628901238 End=7789628987872 Duration=86634
Task=94 Chunk=1 Start=7789628987905 End=7789629035234 Duration=47329
Task=95 Chunk=0 Start=7789628987902 End=7789629074582 Duration=86680
Task=95 Chunk=1 Start=7789629074602 End=7789629121701 Duration=47099
Task=96 Chunk=0 Start=7789629074601 End=7789629160146 Duration=85545
Task=96 Chunk=1 Start=7789629160157 End=7789629207930 Duration=47773
Task=97 Chunk=0 Start=7789629160160 End=7789629247394 Duration=87234
Task=97 Chunk=1 Start=7789629247411 End=7789629295274 Duration=47863
Task=98 Chunk=0 Start=7789629247415 End=7789629334487 Duration=87072
Task=98 Chunk=1 Start=7789629334512 End=7789629382328 Duration=47816
Task=99 Chunk=0 Start=7789629334506 End=7789629421385 Duration=86879
Task=99 Chunk=1 Start=7789629421405 End=7789629467159 Duration=45754
### Python End ###

--------------------------------
[2025-06-28 12:16:48.335] [info] Available Vulkan Layers:
[2025-06-28 12:16:48.335] [warning] Validation layer requested but not available, continuing without it...
[2025-06-28 12:16:48.340] [info] Using integrated GPU: Mali-G710
[2025-06-28 12:16:48.342] [info] VulkanDispatcher instance created.
[2025-06-28 12:16:48.524] [info] Total memory used: 40550404 bytes (38.67188 MB)
[2025-06-28 12:16:48.530] [info] Total memory used: 40550404 bytes (38.67188 MB)
[2025-06-28 12:16:48.563] [info] Total memory used: 40550404 bytes (38.67188 MB)
[2025-06-28 12:16:48.567] [info] Total memory used: 40550404 bytes (38.67188 MB)
[2025-06-28 12:16:48.570] [info] Total memory used: 40550404 bytes (38.67188 MB)
[2025-06-28 12:16:48.656] [info] Total memory used: 40550404 bytes (38.67188 MB)
[2025-06-28 12:16:48.661] [info] Total memory used: 40550404 bytes (38.67188 MB)
[2025-06-28 12:16:48.666] [info] Total memory used: 40550404 bytes (38.67188 MB)
[2025-06-28 12:16:48.670] [info] Total memory used: 40550404 bytes (38.67188 MB)
[2025-06-28 12:16:48.673] [info] Total memory used: 40550404 bytes (38.67188 MB)
[2025-06-28 12:16:48.726] [info] Total memory used: 40550404 bytes (38.67188 MB)
[2025-06-28 12:16:48.730] [info] Total memory used: 40550404 bytes (38.67188 MB)
[2025-06-28 12:16:48.733] [info] Total memory used: 40550404 bytes (38.67188 MB)
[2025-06-28 12:16:48.737] [info] Total memory used: 40550404 bytes (38.67188 MB)
[2025-06-28 12:16:48.741] [info] Total memory used: 40550404 bytes (38.67188 MB)
[2025-06-28 12:16:48.744] [info] Total memory used: 40550404 bytes (38.67188 MB)
### Python Begin ###
Schedule_UID=SCH-L3G4-G042-1870
Frequency=24576000 Hz
Task=0 Chunk=0 Start=7789640098958 End=7789640200881 Duration=101923
Task=0 Chunk=1 Start=7789640200930 End=7789640708737 Duration=507807
Task=1 Chunk=0 Start=7789640200900 End=7789640314289 Duration=113389
Task=1 Chunk=1 Start=7789640708745 End=7789640758763 Duration=50018
Task=2 Chunk=0 Start=7789640315009 End=7789640404405 Duration=89396
Task=2 Chunk=1 Start=7789640758769 End=7789640803680 Duration=44911
Task=3 Chunk=0 Start=7789640404445 End=7789640499368 Duration=94923
Task=3 Chunk=1 Start=7789640803683 End=7789640848235 Duration=44552
Task=4 Chunk=0 Start=7789640499427 End=7789640610011 Duration=110584
Task=4 Chunk=1 Start=7789640848236 End=7789640894688 Duration=46452
Task=5 Chunk=0 Start=7789640610040 End=7789640704491 Duration=94451
Task=5 Chunk=1 Start=7789640894693 End=7789640955796 Duration=61103
Task=6 Chunk=0 Start=7789640704518 End=7789640823462 Duration=118944
Task=6 Chunk=1 Start=7789640955808 End=7789641013292 Duration=57484
Task=7 Chunk=0 Start=7789640823473 End=7789640954195 Duration=130722
Task=7 Chunk=1 Start=7789641013294 End=7789641071211 Duration=57917
Task=8 Chunk=0 Start=7789640954209 End=7789641085859 Duration=131650
Task=8 Chunk=1 Start=7789641085888 End=7789641149311 Duration=63423
Task=9 Chunk=0 Start=7789641085875 End=7789641215382 Duration=129507
Task=9 Chunk=1 Start=7789641215408 End=7789641283238 Duration=67830
Task=10 Chunk=0 Start=7789641215403 End=7789641343813 Duration=128410
Task=10 Chunk=1 Start=7789641343842 End=7789641414141 Duration=70299
Task=11 Chunk=0 Start=7789641343830 End=7789641473500 Duration=129670
Task=11 Chunk=1 Start=7789641473522 End=7789641544393 Duration=70871
Task=12 Chunk=0 Start=7789641473515 End=7789641602169 Duration=128654
Task=12 Chunk=1 Start=7789641602207 End=7789641674245 Duration=72038
Task=13 Chunk=0 Start=7789641602196 End=7789641732409 Duration=130213
Task=13 Chunk=1 Start=7789641732425 End=7789641808178 Duration=75753
Task=14 Chunk=0 Start=7789641732426 End=7789641831358 Duration=98932
Task=14 Chunk=1 Start=7789641831406 End=7789641908562 Duration=77156
Task=15 Chunk=0 Start=7789641831374 End=7789641919731 Duration=88357
Task=15 Chunk=1 Start=7789641919770 End=7789641992536 Duration=72766
Task=16 Chunk=0 Start=7789641919747 End=7789642008099 Duration=88352
Task=16 Chunk=1 Start=7789642008136 End=7789642079940 Duration=71804
Task=17 Chunk=0 Start=7789642008119 End=7789642119085 Duration=110966
Task=17 Chunk=1 Start=7789642119124 End=7789642191814 Duration=72690
Task=18 Chunk=0 Start=7789642119105 End=7789642206390 Duration=87285
Task=18 Chunk=1 Start=7789642206439 End=7789642278109 Duration=71670
Task=19 Chunk=0 Start=7789642206412 End=7789642316479 Duration=110067
Task=19 Chunk=1 Start=7789642316527 End=7789642388724 Duration=72197
Task=20 Chunk=0 Start=7789642316499 End=7789642403603 Duration=87104
Task=20 Chunk=1 Start=7789642403654 End=7789642475229 Duration=71575
Task=21 Chunk=0 Start=7789642403620 End=7789642491017 Duration=87397
Task=21 Chunk=1 Start=7789642491035 End=7789642561335 Duration=70300
Task=22 Chunk=0 Start=7789642491034 End=7789642578479 Duration=87445
Task=22 Chunk=1 Start=7789642578525 End=7789642649233 Duration=70708
Task=23 Chunk=0 Start=7789642578491 End=7789642665268 Duration=86777
Task=23 Chunk=1 Start=7789642665303 End=7789642735614 Duration=70311
Task=24 Chunk=0 Start=7789642665289 End=7789642752061 Duration=86772
Task=24 Chunk=1 Start=7789642752095 End=7789642823164 Duration=71069
Task=25 Chunk=0 Start=7789642752091 End=7789642838775 Duration=86684
Task=25 Chunk=1 Start=7789642838815 End=7789642909719 Duration=70904
Task=26 Chunk=0 Start=7789642838793 End=7789642926147 Duration=87354
Task=26 Chunk=1 Start=7789642926168 End=7789642996984 Duration=70816
Task=27 Chunk=0 Start=7789642926159 End=7789643012197 Duration=86038
Task=27 Chunk=1 Start=7789643012236 End=7789643105982 Duration=93746
Task=28 Chunk=0 Start=7789643012215 End=7789643100811 Duration=88596
Task=28 Chunk=1 Start=7789643105998 End=7789643188396 Duration=82398
Task=29 Chunk=0 Start=7789643100840 End=7789643193655 Duration=92815
Task=29 Chunk=1 Start=7789643193674 End=7789643268728 Duration=75054
Task=30 Chunk=0 Start=7789643193669 End=7789643283799 Duration=90130
Task=30 Chunk=1 Start=7789643283842 End=7789643358080 Duration=74238
Task=31 Chunk=0 Start=7789643283821 End=7789643373594 Duration=89773
Task=31 Chunk=1 Start=7789643373626 End=7789643446155 Duration=72529
Task=32 Chunk=0 Start=7789643373613 End=7789643464698 Duration=91085
Task=32 Chunk=1 Start=7789643464749 End=7789643537308 Duration=72559
Task=33 Chunk=0 Start=7789643464722 End=7789643555384 Duration=90662
Task=33 Chunk=1 Start=7789643555656 End=7789643638764 Duration=83108
Task=34 Chunk=0 Start=7789643555403 End=7789643673131 Duration=117728
Task=34 Chunk=1 Start=7789643673187 End=7789643760259 Duration=87072
Task=35 Chunk=0 Start=7789643673155 End=7789643771607 Duration=98452
Task=35 Chunk=1 Start=7789643771659 End=7789643849282 Duration=77623
Task=36 Chunk=0 Start=7789643771624 End=7789643870173 Duration=98549
Task=36 Chunk=1 Start=7789643870219 End=7789643947868 Duration=77649
Task=37 Chunk=0 Start=7789643870200 End=7789643968201 Duration=98001
Task=37 Chunk=1 Start=7789643968234 End=7789644050746 Duration=82512
Task=38 Chunk=0 Start=7789643968223 End=7789644067553 Duration=99330
Task=38 Chunk=1 Start=7789644067599 End=7789644144786 Duration=77187
Task=39 Chunk=0 Start=7789644067580 End=7789644185791 Duration=118211
Task=39 Chunk=1 Start=7789644185839 End=7789644264335 Duration=78496
Task=40 Chunk=0 Start=7789644185825 End=7789644283555 Duration=97730
Task=40 Chunk=1 Start=7789644283597 End=7789644364146 Duration=80549
Task=41 Chunk=0 Start=7789644283594 End=7789644381930 Duration=98336
Task=41 Chunk=1 Start=7789644381968 End=7789644469726 Duration=87758
Task=42 Chunk=0 Start=7789644381970 End=7789644481185 Duration=99215
Task=42 Chunk=1 Start=7789644481227 End=7789644567775 Duration=86548
Task=43 Chunk=0 Start=7789644481206 End=7789644580315 Duration=99109
Task=43 Chunk=1 Start=7789644580375 End=7789644665988 Duration=85613
Task=44 Chunk=0 Start=7789644580337 End=7789644677790 Duration=97453
Task=44 Chunk=1 Start=7789644677818 End=7789644761000 Duration=83182
Task=45 Chunk=0 Start=7789644677817 End=7789644767752 Duration=89935
Task=45 Chunk=1 Start=7789644767816 End=7789644851387 Duration=83571
Task=46 Chunk=0 Start=7789644767777 End=7789644857641 Duration=89864
Task=46 Chunk=1 Start=7789644857708 End=7789644941616 Duration=83908
Task=47 Chunk=0 Start=7789644857673 End=7789644970091 Duration=112418
Task=47 Chunk=1 Start=7789644970156 End=7789645054072 Duration=83916
Task=48 Chunk=0 Start=7789644970120 End=7789645060666 Duration=90546
Task=48 Chunk=1 Start=7789645060698 End=7789645154028 Duration=93330
Task=49 Chunk=0 Start=7789645060687 End=7789645150580 Duration=89893
Task=49 Chunk=1 Start=7789645154044 End=7789645238631 Duration=84587
Task=50 Chunk=0 Start=7789645150607 End=7789645265821 Duration=115214
Task=50 Chunk=1 Start=7789645265874 End=7789645348759 Duration=82885
Task=51 Chunk=0 Start=7789645265844 End=7789645356301 Duration=90457
Task=51 Chunk=1 Start=7789645356370 End=7789645439325 Duration=82955
Task=52 Chunk=0 Start=7789645356318 End=7789645467679 Duration=111361
Task=52 Chunk=1 Start=7789645467757 End=7789645549768 Duration=82011
Task=53 Chunk=0 Start=7789645467711 End=7789645557653 Duration=89942
Task=53 Chunk=1 Start=7789645557673 End=7789645641999 Duration=84326
Task=54 Chunk=0 Start=7789645557669 End=7789645649025 Duration=91356
Task=54 Chunk=1 Start=7789645649071 End=7789645735845 Duration=86774
Task=55 Chunk=0 Start=7789645649053 End=7789645743452 Duration=94399
Task=55 Chunk=1 Start=7789645743476 End=7789645800538 Duration=57062
Task=56 Chunk=0 Start=7789645743479 End=7789645833972 Duration=90493
Task=56 Chunk=1 Start=7789645833998 End=7789645891229 Duration=57231
Task=57 Chunk=0 Start=7789645833996 End=7789645923545 Duration=89549
Task=57 Chunk=1 Start=7789645923586 End=7789645999433 Duration=75847
Task=58 Chunk=0 Start=7789645923583 End=7789646012908 Duration=89325
Task=58 Chunk=1 Start=7789646012938 End=7789646086290 Duration=73352
Task=59 Chunk=0 Start=7789646012924 End=7789646102771 Duration=89847
Task=59 Chunk=1 Start=7789646102805 End=7789646174135 Duration=71330
Task=60 Chunk=0 Start=7789646102784 End=7789646192263 Duration=89479
Task=60 Chunk=1 Start=7789646192290 End=7789646267969 Duration=75679
Task=61 Chunk=0 Start=7789646192281 End=7789646281475 Duration=89194
Task=61 Chunk=1 Start=7789646281504 End=7789646368272 Duration=86768
Task=62 Chunk=0 Start=7789646281503 End=7789646373292 Duration=91789
Task=62 Chunk=1 Start=7789646373384 End=7789646456174 Duration=82790
Task=63 Chunk=0 Start=7789646373318 End=7789646461795 Duration=88477
Task=63 Chunk=1 Start=7789646461851 End=7789646563936 Duration=102085
Task=64 Chunk=0 Start=7789646461819 End=7789646552596 Duration=90777
Task=64 Chunk=1 Start=7789646563941 End=7789646646024 Duration=82083
Task=65 Chunk=0 Start=7789646552614 End=7789646646250 Duration=93636
Task=65 Chunk=1 Start=7789646646275 End=7789646746030 Duration=99755
Task=66 Chunk=0 Start=7789646646278 End=7789646735223 Duration=88945
Task=66 Chunk=1 Start=7789646746041 End=7789646854190 Duration=108149
Task=67 Chunk=0 Start=7789646735242 End=7789646828628 Duration=93386
Task=67 Chunk=1 Start=7789646854193 End=7789646941814 Duration=87621
Task=68 Chunk=0 Start=7789646828679 End=7789646935346 Duration=106667
Task=68 Chunk=1 Start=7789646941830 End=7789647028130 Duration=86300
Task=69 Chunk=0 Start=7789646935450 End=7789647047378 Duration=111928
Task=69 Chunk=1 Start=7789647047432 End=7789647134748 Duration=87316
Task=70 Chunk=0 Start=7789647047410 End=7789647147464 Duration=100054
Task=70 Chunk=1 Start=7789647147513 End=7789647234739 Duration=87226
Task=71 Chunk=0 Start=7789647147495 End=7789647247636 Duration=100141
Task=71 Chunk=1 Start=7789647247691 End=7789647336313 Duration=88622
Task=72 Chunk=0 Start=7789647247678 End=7789647349399 Duration=101721
Task=72 Chunk=1 Start=7789647357961 End=7789647444448 Duration=86487
Task=73 Chunk=0 Start=7789647349422 End=7789647447584 Duration=98162
Task=73 Chunk=1 Start=7789647447607 End=7789647537308 Duration=89701
Task=74 Chunk=0 Start=7789647447603 End=7789647547271 Duration=99668
Task=74 Chunk=1 Start=7789647547326 End=7789647632269 Duration=84943
Task=75 Chunk=0 Start=7789647547294 End=7789647663363 Duration=116069
Task=75 Chunk=1 Start=7789647663430 End=7789647749733 Duration=86303
Task=76 Chunk=0 Start=7789647663374 End=7789647762316 Duration=98942
Task=76 Chunk=1 Start=7789647762407 End=7789647869643 Duration=107236
Task=77 Chunk=0 Start=7789647762364 End=7789647863566 Duration=101202
Task=77 Chunk=1 Start=7789647869662 End=7789647952506 Duration=82844
Task=78 Chunk=0 Start=7789647863605 End=7789647957728 Duration=94123
Task=78 Chunk=1 Start=7789647957789 End=7789648041213 Duration=83424
Task=79 Chunk=0 Start=7789647957751 End=7789648048764 Duration=91013
Task=79 Chunk=1 Start=7789648048833 End=7789648129931 Duration=81098
Task=80 Chunk=0 Start=7789648048790 End=7789648162075 Duration=113285
Task=80 Chunk=1 Start=7789648162143 End=7789648245904 Duration=83761
Task=81 Chunk=0 Start=7789648162100 End=7789648252409 Duration=90309
Task=81 Chunk=1 Start=7789648252438 End=7789648334311 Duration=81873
Task=82 Chunk=0 Start=7789648252438 End=7789648342929 Duration=90491
Task=82 Chunk=1 Start=7789648342986 End=7789648425930 Duration=82944
Task=83 Chunk=0 Start=7789648342949 End=7789648453887 Duration=110938
Task=83 Chunk=1 Start=7789648453951 End=7789648538363 Duration=84412
Task=84 Chunk=0 Start=7789648453914 End=7789648543712 Duration=89798
Task=84 Chunk=1 Start=7789648543744 End=7789648627013 Duration=83269
Task=85 Chunk=0 Start=7789648543730 End=7789648646272 Duration=102542
Task=85 Chunk=1 Start=7789648646322 End=7789648736922 Duration=90600
Task=86 Chunk=0 Start=7789648646297 End=7789648736704 Duration=90407
Task=86 Chunk=1 Start=7789648736957 End=7789648820637 Duration=83680
Task=87 Chunk=0 Start=7789648736738 End=7789648827316 Duration=90578
Task=87 Chunk=1 Start=7789648827392 End=7789648908827 Duration=81435
Task=88 Chunk=0 Start=7789648827346 End=7789648925058 Duration=97712
Task=88 Chunk=1 Start=7789648925111 End=7789649009243 Duration=84132
Task=89 Chunk=0 Start=7789648925080 End=7789649013081 Duration=88001
Task=89 Chunk=1 Start=7789649013122 End=7789649094371 Duration=81249
Task=90 Chunk=0 Start=7789649013105 End=7789649102701 Duration=89596
Task=90 Chunk=1 Start=7789649102768 End=7789649190560 Duration=87792
Task=91 Chunk=0 Start=7789649102726 End=7789649201573 Duration=98847
Task=91 Chunk=1 Start=7789649201613 End=7789649317695 Duration=116082
Task=92 Chunk=0 Start=7789649201598 End=7789649291326 Duration=89728
Task=92 Chunk=1 Start=7789649317717 End=7789649400289 Duration=82572
Task=93 Chunk=0 Start=7789649291356 End=7789649383580 Duration=92224
Task=93 Chunk=1 Start=7789649400311 End=7789649484583 Duration=84272
Task=94 Chunk=0 Start=7789649383602 End=7789649477453 Duration=93851
Task=94 Chunk=1 Start=7789649484595 End=7789649569271 Duration=84676
Task=95 Chunk=0 Start=7789649477469 End=7789649569513 Duration=92044
Task=95 Chunk=1 Start=7789649569571 End=7789649652695 Duration=83124
Task=96 Chunk=0 Start=7789649569535 End=7789649659754 Duration=90219
Task=96 Chunk=1 Start=7789649659802 End=7789649741408 Duration=81606
Task=97 Chunk=0 Start=7789649659782 End=7789649749877 Duration=90095
Task=97 Chunk=1 Start=7789649749904 End=7789649832243 Duration=82339
Task=98 Chunk=0 Start=7789649749899 End=7789649839693 Duration=89794
Task=98 Chunk=1 Start=7789649839747 End=7789649921038 Duration=81291
Task=99 Chunk=0 Start=7789649839714 End=7789649928982 Duration=89268
Task=99 Chunk=1 Start=7789649929017 End=7789650014542 Duration=85525
### Python End ###

--------------------------------
[2025-06-28 12:16:49.172] [info] Available Vulkan Layers:
[2025-06-28 12:16:49.172] [warning] Validation layer requested but not available, continuing without it...
[2025-06-28 12:16:49.174] [info] Using integrated GPU: Mali-G710
[2025-06-28 12:16:49.176] [info] VulkanDispatcher instance created.
[2025-06-28 12:16:49.311] [info] Total memory used: 40550404 bytes (38.67188 MB)
[2025-06-28 12:16:49.314] [info] Total memory used: 40550404 bytes (38.67188 MB)
[2025-06-28 12:16:49.348] [info] Total memory used: 40550404 bytes (38.67188 MB)
[2025-06-28 12:16:49.351] [info] Total memory used: 40550404 bytes (38.67188 MB)
[2025-06-28 12:16:49.355] [info] Total memory used: 40550404 bytes (38.67188 MB)
[2025-06-28 12:16:49.454] [info] Total memory used: 40550404 bytes (38.67188 MB)
[2025-06-28 12:16:49.461] [info] Total memory used: 40550404 bytes (38.67188 MB)
[2025-06-28 12:16:49.467] [info] Total memory used: 40550404 bytes (38.67188 MB)
[2025-06-28 12:16:49.471] [info] Total memory used: 40550404 bytes (38.67188 MB)
[2025-06-28 12:16:49.474] [info] Total memory used: 40550404 bytes (38.67188 MB)
[2025-06-28 12:16:49.527] [info] Total memory used: 40550404 bytes (38.67188 MB)
[2025-06-28 12:16:49.531] [info] Total memory used: 40550404 bytes (38.67188 MB)
[2025-06-28 12:16:49.535] [info] Total memory used: 40550404 bytes (38.67188 MB)
[2025-06-28 12:16:49.538] [info] Total memory used: 40550404 bytes (38.67188 MB)
[2025-06-28 12:16:49.542] [info] Total memory used: 40550404 bytes (38.67188 MB)
[2025-06-28 12:16:49.546] [info] Total memory used: 40550404 bytes (38.67188 MB)
### Python Begin ###
Schedule_UID=SCH-B5L2-G086-d4eb
Frequency=24576000 Hz
Task=0 Chunk=0 Start=7789659795026 End=7789660081058 Duration=286032
Task=0 Chunk=1 Start=7789660081100 End=7789660236815 Duration=155715
Task=1 Chunk=0 Start=7789660081075 End=7789660233608 Duration=152533
Task=1 Chunk=1 Start=7789660236823 End=7789660331991 Duration=95168
Task=2 Chunk=0 Start=7789660233609 End=7789660380860 Duration=147251
Task=2 Chunk=1 Start=7789660380903 End=7789660476930 Duration=96027
Task=3 Chunk=0 Start=7789660380870 End=7789660528753 Duration=147883
Task=3 Chunk=1 Start=7789660528796 End=7789660624143 Duration=95347
Task=4 Chunk=0 Start=7789660528753 End=7789660675676 Duration=146923
Task=4 Chunk=1 Start=7789660675704 End=7789660776565 Duration=100861
Task=5 Chunk=0 Start=7789660675680 End=7789660822003 Duration=146323
Task=5 Chunk=1 Start=7789660822021 End=7789660917085 Duration=95064
Task=6 Chunk=0 Start=7789660822004 End=7789660968205 Duration=146201
Task=6 Chunk=1 Start=7789660968237 End=7789661063506 Duration=95269
Task=7 Chunk=0 Start=7789660968206 End=7789661115316 Duration=147110
Task=7 Chunk=1 Start=7789661115345 End=7789661210163 Duration=94818
Task=8 Chunk=0 Start=7789661115316 End=7789661261515 Duration=146199
Task=8 Chunk=1 Start=7789661261555 End=7789661356126 Duration=94571
Task=9 Chunk=0 Start=7789661261516 End=7789661408521 Duration=147005
Task=9 Chunk=1 Start=7789661408552 End=7789661504182 Duration=95630
Task=10 Chunk=0 Start=7789661408522 End=7789661554673 Duration=146151
Task=10 Chunk=1 Start=7789661554724 End=7789661650281 Duration=95557
Task=11 Chunk=0 Start=7789661554677 End=7789661702835 Duration=148158
Task=11 Chunk=1 Start=7789661702865 End=7789661797032 Duration=94167
Task=12 Chunk=0 Start=7789661702836 End=7789661849484 Duration=146648
Task=12 Chunk=1 Start=7789661849531 End=7789661944671 Duration=95140
Task=13 Chunk=0 Start=7789661849488 End=7789661996916 Duration=147428
Task=13 Chunk=1 Start=7789661996957 End=7789662090410 Duration=93453
Task=14 Chunk=0 Start=7789661996917 End=7789662143176 Duration=146259
Task=14 Chunk=1 Start=7789662143212 End=7789662240162 Duration=96950
Task=15 Chunk=0 Start=7789662143176 End=7789662290350 Duration=147174
Task=15 Chunk=1 Start=7789662290398 End=7789662385309 Duration=94911
Task=16 Chunk=0 Start=7789662290355 End=7789662436069 Duration=145714
Task=16 Chunk=1 Start=7789662436087 End=7789662531099 Duration=95012
Task=17 Chunk=0 Start=7789662436071 End=7789662582073 Duration=146002
Task=17 Chunk=1 Start=7789662582109 End=7789662677644 Duration=95535
Task=18 Chunk=0 Start=7789662582080 End=7789662730411 Duration=148331
Task=18 Chunk=1 Start=7789662730447 End=7789662826119 Duration=95672
Task=19 Chunk=0 Start=7789662730412 End=7789662876783 Duration=146371
Task=19 Chunk=1 Start=7789662876797 End=7789662973595 Duration=96798
Task=20 Chunk=0 Start=7789662876787 End=7789663023373 Duration=146586
Task=20 Chunk=1 Start=7789663023402 End=7789663119072 Duration=95670
Task=21 Chunk=0 Start=7789663023374 End=7789663169310 Duration=145936
Task=21 Chunk=1 Start=7789663169321 End=7789663269048 Duration=99727
Task=22 Chunk=0 Start=7789663169311 End=7789663316390 Duration=147079
Task=22 Chunk=1 Start=7789663316407 End=7789663414058 Duration=97651
Task=23 Chunk=0 Start=7789663316391 End=7789663462849 Duration=146458
Task=23 Chunk=1 Start=7789663462883 End=7789663557504 Duration=94621
Task=24 Chunk=0 Start=7789663462849 End=7789663609166 Duration=146317
Task=24 Chunk=1 Start=7789663609208 End=7789663705282 Duration=96074
Task=25 Chunk=0 Start=7789663609167 End=7789663754700 Duration=145533
Task=25 Chunk=1 Start=7789663754738 End=7789663849323 Duration=94585
Task=26 Chunk=0 Start=7789663754701 End=7789663902057 Duration=147356
Task=26 Chunk=1 Start=7789663902110 End=7789663997193 Duration=95083
Task=27 Chunk=0 Start=7789663902057 End=7789664048305 Duration=146248
Task=27 Chunk=1 Start=7789664048332 End=7789664143464 Duration=95132
Task=28 Chunk=0 Start=7789664048306 End=7789664194729 Duration=146423
Task=28 Chunk=1 Start=7789664194774 End=7789664290649 Duration=95875
Task=29 Chunk=0 Start=7789664194732 End=7789664340584 Duration=145852
Task=29 Chunk=1 Start=7789664340628 End=7789664437308 Duration=96680
Task=30 Chunk=0 Start=7789664340585 End=7789664487166 Duration=146581
Task=30 Chunk=1 Start=7789664487181 End=7789664583670 Duration=96489
Task=31 Chunk=0 Start=7789664487169 End=7789664633203 Duration=146034
Task=31 Chunk=1 Start=7789664633229 End=7789664728545 Duration=95316
Task=32 Chunk=0 Start=7789664633203 End=7789664779877 Duration=146674
Task=32 Chunk=1 Start=7789664779911 End=7789664875290 Duration=95379
Task=33 Chunk=0 Start=7789664779880 End=7789664926183 Duration=146303
Task=33 Chunk=1 Start=7789664926222 End=7789665021247 Duration=95025
Task=34 Chunk=0 Start=7789664926187 End=7789665073041 Duration=146854
Task=34 Chunk=1 Start=7789665073061 End=7789665170005 Duration=96944
Task=35 Chunk=0 Start=7789665073043 End=7789665219200 Duration=146157
Task=35 Chunk=1 Start=7789665219233 End=7789665314605 Duration=95372
Task=36 Chunk=0 Start=7789665219204 End=7789665366041 Duration=146837
Task=36 Chunk=1 Start=7789665366093 End=7789665462305 Duration=96212
Task=37 Chunk=0 Start=7789665366042 End=7789665512614 Duration=146572
Task=37 Chunk=1 Start=7789665512635 End=7789665608595 Duration=95960
Task=38 Chunk=0 Start=7789665512615 End=7789665659331 Duration=146716
Task=38 Chunk=1 Start=7789665659364 End=7789665754339 Duration=94975
Task=39 Chunk=0 Start=7789665659332 End=7789665805178 Duration=145846
Task=39 Chunk=1 Start=7789665805204 End=7789665899791 Duration=94587
Task=40 Chunk=0 Start=7789665805181 End=7789665951590 Duration=146409
Task=40 Chunk=1 Start=7789665951627 End=7789666047542 Duration=95915
Task=41 Chunk=0 Start=7789665951594 End=7789666097684 Duration=146090
Task=41 Chunk=1 Start=7789666097707 End=7789666193554 Duration=95847
Task=42 Chunk=0 Start=7789666097685 End=7789666245097 Duration=147412
Task=42 Chunk=1 Start=7789666245153 End=7789666340161 Duration=95008
Task=43 Chunk=0 Start=7789666245098 End=7789666390898 Duration=145800
Task=43 Chunk=1 Start=7789666390919 End=7789666486431 Duration=95512
Task=44 Chunk=0 Start=7789666390901 End=7789666537304 Duration=146403
Task=44 Chunk=1 Start=7789666537337 End=7789666633887 Duration=96550
Task=45 Chunk=0 Start=7789666537308 End=7789666683605 Duration=146297
Task=45 Chunk=1 Start=7789666683658 End=7789666780363 Duration=96705
Task=46 Chunk=0 Start=7789666683605 End=7789666830417 Duration=146812
Task=46 Chunk=1 Start=7789666830432 End=7789666926281 Duration=95849
Task=47 Chunk=0 Start=7789666830418 End=7789666976543 Duration=146125
Task=47 Chunk=1 Start=7789666976573 End=7789667072566 Duration=95993
Task=48 Chunk=0 Start=7789666976543 End=7789667122946 Duration=146403
Task=48 Chunk=1 Start=7789667122988 End=7789667218676 Duration=95688
Task=49 Chunk=0 Start=7789667122947 End=7789667268911 Duration=145964
Task=49 Chunk=1 Start=7789667268954 End=7789667366527 Duration=97573
Task=50 Chunk=0 Start=7789667268915 End=7789667415335 Duration=146420
Task=50 Chunk=1 Start=7789667415362 End=7789667511070 Duration=95708
Task=51 Chunk=0 Start=7789667415336 End=7789667561260 Duration=145924
Task=51 Chunk=1 Start=7789667561285 End=7789667656211 Duration=94926
Task=52 Chunk=0 Start=7789667561261 End=7789667708148 Duration=146887
Task=52 Chunk=1 Start=7789667708175 End=7789667803505 Duration=95330
Task=53 Chunk=0 Start=7789667708148 End=7789667854455 Duration=146307
Task=53 Chunk=1 Start=7789667854487 End=7789667950344 Duration=95857
Task=54 Chunk=0 Start=7789667854459 End=7789668001518 Duration=147059
Task=54 Chunk=1 Start=7789668001547 End=7789668096205 Duration=94658
Task=55 Chunk=0 Start=7789668001519 End=7789668147834 Duration=146315
Task=55 Chunk=1 Start=7789668147879 End=7789668243546 Duration=95667
Task=56 Chunk=0 Start=7789668147835 End=7789668294714 Duration=146879
Task=56 Chunk=1 Start=7789668294763 End=7789668390739 Duration=95976
Task=57 Chunk=0 Start=7789668294718 End=7789668440810 Duration=146092
Task=57 Chunk=1 Start=7789668440822 End=7789668535873 Duration=95051
Task=58 Chunk=0 Start=7789668440810 End=7789668587489 Duration=146679
Task=58 Chunk=1 Start=7789668587525 End=7789668683912 Duration=96387
Task=59 Chunk=0 Start=7789668587489 End=7789668733494 Duration=146005
Task=59 Chunk=1 Start=7789668733541 End=7789668831028 Duration=97487
Task=60 Chunk=0 Start=7789668733495 End=7789668880096 Duration=146601
Task=60 Chunk=1 Start=7789668880134 End=7789668976411 Duration=96277
Task=61 Chunk=0 Start=7789668880100 End=7789669026365 Duration=146265
Task=61 Chunk=1 Start=7789669026380 End=7789669121411 Duration=95031
Task=62 Chunk=0 Start=7789669026366 End=7789669173450 Duration=147084
Task=62 Chunk=1 Start=7789669173471 End=7789669267365 Duration=93894
Task=63 Chunk=0 Start=7789669173451 End=7789669319450 Duration=145999
Task=63 Chunk=1 Start=7789669319475 End=7789669414749 Duration=95274
Task=64 Chunk=0 Start=7789669319453 End=7789669466078 Duration=146625
Task=64 Chunk=1 Start=7789669466503 End=7789669561953 Duration=95450
Task=65 Chunk=0 Start=7789669466079 End=7789669612281 Duration=146202
Task=65 Chunk=1 Start=7789669612322 End=7789669707872 Duration=95550
Task=66 Chunk=0 Start=7789669612284 End=7789669758116 Duration=145832
Task=66 Chunk=1 Start=7789669758130 End=7789669853462 Duration=95332
Task=67 Chunk=0 Start=7789669758117 End=7789669905086 Duration=146969
Task=67 Chunk=1 Start=7789669905111 End=7789670003465 Duration=98354
Task=68 Chunk=0 Start=7789669905087 End=7789670050921 Duration=145834
Task=68 Chunk=1 Start=7789670050973 End=7789670146342 Duration=95369
Task=69 Chunk=0 Start=7789670050922 End=7789670198023 Duration=147101
Task=69 Chunk=1 Start=7789670198041 End=7789670293188 Duration=95147
Task=70 Chunk=0 Start=7789670198024 End=7789670344045 Duration=146021
Task=70 Chunk=1 Start=7789670344077 End=7789670439837 Duration=95760
Task=71 Chunk=0 Start=7789670344051 End=7789670491834 Duration=147783
Task=71 Chunk=1 Start=7789670491890 End=7789670587999 Duration=96109
Task=72 Chunk=0 Start=7789670491834 End=7789670637852 Duration=146018
Task=72 Chunk=1 Start=7789670637884 End=7789670732948 Duration=95064
Task=73 Chunk=0 Start=7789670637852 End=7789670784294 Duration=146442
Task=73 Chunk=1 Start=7789670784312 End=7789670879367 Duration=95055
Task=74 Chunk=0 Start=7789670784294 End=7789670930172 Duration=145878
Task=74 Chunk=1 Start=7789670930218 End=7789671027894 Duration=97676
Task=75 Chunk=0 Start=7789670930172 End=7789671077634 Duration=147462
Task=75 Chunk=1 Start=7789671077676 End=7789671177247 Duration=99571
Task=76 Chunk=0 Start=7789671077635 End=7789671223435 Duration=145800
Task=76 Chunk=1 Start=7789671223446 End=7789671318953 Duration=95507
Task=77 Chunk=0 Start=7789671223438 End=7789671369924 Duration=146486
Task=77 Chunk=1 Start=7789671369981 End=7789671465967 Duration=95986
Task=78 Chunk=0 Start=7789671369924 End=7789671515892 Duration=145968
Task=78 Chunk=1 Start=7789671515931 End=7789671610704 Duration=94773
Task=79 Chunk=0 Start=7789671515893 End=7789671662758 Duration=146865
Task=79 Chunk=1 Start=7789671662788 End=7789671760030 Duration=97242
Task=80 Chunk=0 Start=7789671662758 End=7789671808900 Duration=146142
Task=80 Chunk=1 Start=7789671808932 End=7789671904632 Duration=95700
Task=81 Chunk=0 Start=7789671808903 End=7789671955114 Duration=146211
Task=81 Chunk=1 Start=7789671955145 End=7789672052229 Duration=97084
Task=82 Chunk=0 Start=7789671955117 End=7789672101242 Duration=146125
Task=82 Chunk=1 Start=7789672101275 End=7789672197261 Duration=95986
Task=83 Chunk=0 Start=7789672101243 End=7789672247838 Duration=146595
Task=83 Chunk=1 Start=7789672247853 End=7789672342696 Duration=94843
Task=84 Chunk=0 Start=7789672247838 End=7789672393813 Duration=145975
Task=84 Chunk=1 Start=7789672393849 End=7789672488299 Duration=94450
Task=85 Chunk=0 Start=7789672393813 End=7789672540499 Duration=146686
Task=85 Chunk=1 Start=7789672540539 End=7789672636559 Duration=96020
Task=86 Chunk=0 Start=7789672540500 End=7789672686979 Duration=146479
Task=86 Chunk=1 Start=7789672686993 End=7789672782344 Duration=95351
Task=87 Chunk=0 Start=7789672686979 End=7789672833471 Duration=146492
Task=87 Chunk=1 Start=7789672833492 End=7789672928680 Duration=95188
Task=88 Chunk=0 Start=7789672833471 End=7789672978948 Duration=145477
Task=88 Chunk=1 Start=7789672978983 End=7789673073884 Duration=94901
Task=89 Chunk=0 Start=7789672978948 End=7789673125368 Duration=146420
Task=89 Chunk=1 Start=7789673125379 End=7789673222153 Duration=96774
Task=90 Chunk=0 Start=7789673125369 End=7789673271632 Duration=146263
Task=90 Chunk=1 Start=7789673271672 End=7789673367694 Duration=96022
Task=91 Chunk=0 Start=7789673271632 End=7789673418787 Duration=147155
Task=91 Chunk=1 Start=7789673418812 End=7789673514284 Duration=95472
Task=92 Chunk=0 Start=7789673418787 End=7789673564656 Duration=145869
Task=92 Chunk=1 Start=7789673564704 End=7789673660304 Duration=95600
Task=93 Chunk=0 Start=7789673564659 End=7789673711649 Duration=146990
Task=93 Chunk=1 Start=7789673711664 End=7789673806766 Duration=95102
Task=94 Chunk=0 Start=7789673711651 End=7789673857507 Duration=145856
Task=94 Chunk=1 Start=7789673857548 End=7789673955318 Duration=97770
Task=95 Chunk=0 Start=7789673857508 End=7789674004124 Duration=146616
Task=95 Chunk=1 Start=7789674004144 End=7789674100013 Duration=95869
Task=96 Chunk=0 Start=7789674004124 End=7789674149865 Duration=145741
Task=96 Chunk=1 Start=7789674149881 End=7789674246606 Duration=96725
Task=97 Chunk=0 Start=7789674149865 End=7789674296419 Duration=146554
Task=97 Chunk=1 Start=7789674296439 End=7789674391774 Duration=95335
Task=98 Chunk=0 Start=7789674296423 End=7789674442511 Duration=146088
Task=98 Chunk=1 Start=7789674442538 End=7789674537164 Duration=94626
Task=99 Chunk=0 Start=7789674442515 End=7789674589174 Duration=146659
Task=99 Chunk=1 Start=7789674589195 End=7789674681639 Duration=92444
### Python End ###

--------------------------------
[2025-06-28 12:16:50.173] [info] Available Vulkan Layers:
[2025-06-28 12:16:50.173] [warning] Validation layer requested but not available, continuing without it...
[2025-06-28 12:16:50.177] [info] Using integrated GPU: Mali-G710
[2025-06-28 12:16:50.209] [info] VulkanDispatcher instance created.
[2025-06-28 12:16:50.298] [info] Total memory used: 40550404 bytes (38.67188 MB)
[2025-06-28 12:16:50.301] [info] Total memory used: 40550404 bytes (38.67188 MB)
[2025-06-28 12:16:50.362] [info] Total memory used: 40550404 bytes (38.67188 MB)
[2025-06-28 12:16:50.367] [info] Total memory used: 40550404 bytes (38.67188 MB)
[2025-06-28 12:16:50.372] [info] Total memory used: 40550404 bytes (38.67188 MB)
[2025-06-28 12:16:50.422] [info] Total memory used: 40550404 bytes (38.67188 MB)
[2025-06-28 12:16:50.426] [info] Total memory used: 40550404 bytes (38.67188 MB)
[2025-06-28 12:16:50.430] [info] Total memory used: 40550404 bytes (38.67188 MB)
[2025-06-28 12:16:50.434] [info] Total memory used: 40550404 bytes (38.67188 MB)
[2025-06-28 12:16:50.437] [info] Total memory used: 40550404 bytes (38.67188 MB)
[2025-06-28 12:16:50.503] [info] Total memory used: 40550404 bytes (38.67188 MB)
[2025-06-28 12:16:50.507] [info] Total memory used: 40550404 bytes (38.67188 MB)
[2025-06-28 12:16:50.511] [info] Total memory used: 40550404 bytes (38.67188 MB)
[2025-06-28 12:16:50.514] [info] Total memory used: 40550404 bytes (38.67188 MB)
[2025-06-28 12:16:50.518] [info] Total memory used: 40550404 bytes (38.67188 MB)
[2025-06-28 12:16:50.522] [info] Total memory used: 40550404 bytes (38.67188 MB)
### Python Begin ###
Schedule_UID=SCH-M4L3-G090-9085
Frequency=24576000 Hz
Task=0 Chunk=0 Start=7789683788107 End=7789684057109 Duration=269002
Task=0 Chunk=1 Start=7789684057139 End=7789684177428 Duration=120289
Task=1 Chunk=0 Start=7789684057122 End=7789684209340 Duration=152218
Task=1 Chunk=1 Start=7789684209381 End=7789684323598 Duration=114217
Task=2 Chunk=0 Start=7789684209357 End=7789684394987 Duration=185630
Task=2 Chunk=1 Start=7789684395018 End=7789684509385 Duration=114367
Task=3 Chunk=0 Start=7789684394998 End=7789684547995 Duration=152997
Task=3 Chunk=1 Start=7789684548037 End=7789684660121 Duration=112084
Task=4 Chunk=0 Start=7789684548016 End=7789684700640 Duration=152624
Task=4 Chunk=1 Start=7789684700656 End=7789684814571 Duration=113915
Task=5 Chunk=0 Start=7789684700648 End=7789684851933 Duration=151285
Task=5 Chunk=1 Start=7789684851958 End=7789684963627 Duration=111669
Task=6 Chunk=0 Start=7789684851933 End=7789685004738 Duration=152805
Task=6 Chunk=1 Start=7789685004769 End=7789685114942 Duration=110173
Task=7 Chunk=0 Start=7789685004743 End=7789685155087 Duration=150344
Task=7 Chunk=1 Start=7789685155115 End=7789685268545 Duration=113430
Task=8 Chunk=0 Start=7789685155091 End=7789685308522 Duration=153431
Task=8 Chunk=1 Start=7789685308541 End=7789685418014 Duration=109473
Task=9 Chunk=0 Start=7789685308528 End=7789685458405 Duration=149877
Task=9 Chunk=1 Start=7789685458439 End=7789685567818 Duration=109379
Task=10 Chunk=0 Start=7789685458406 End=7789685609169 Duration=150763
Task=10 Chunk=1 Start=7789685609189 End=7789685721096 Duration=111907
Task=11 Chunk=0 Start=7789685609169 End=7789685758260 Duration=149091
Task=11 Chunk=1 Start=7789685758317 End=7789685868340 Duration=110023
Task=12 Chunk=0 Start=7789685758260 End=7789685908515 Duration=150255
Task=12 Chunk=1 Start=7789685908539 End=7789686019525 Duration=110986
Task=13 Chunk=0 Start=7789685908519 End=7789686059170 Duration=150651
Task=13 Chunk=1 Start=7789686059211 End=7789686169326 Duration=110115
Task=14 Chunk=0 Start=7789686059182 End=7789686210693 Duration=151511
Task=14 Chunk=1 Start=7789686210721 End=7789686320749 Duration=110028
Task=15 Chunk=0 Start=7789686210697 End=7789686361323 Duration=150626
Task=15 Chunk=1 Start=7789686361356 End=7789686473648 Duration=112292
Task=16 Chunk=0 Start=7789686361335 End=7789686513061 Duration=151726
Task=16 Chunk=1 Start=7789686513089 End=7789686624933 Duration=111844
Task=17 Chunk=0 Start=7789686513082 End=7789686664398 Duration=151316
Task=17 Chunk=1 Start=7789686664440 End=7789686780381 Duration=115941
Task=18 Chunk=0 Start=7789686664416 End=7789686816081 Duration=151665
Task=18 Chunk=1 Start=7789686816102 End=7789686927656 Duration=111554
Task=19 Chunk=0 Start=7789686816091 End=7789686972400 Duration=156309
Task=19 Chunk=1 Start=7789686972440 End=7789687130241 Duration=157801
Task=20 Chunk=0 Start=7789686972406 End=7789687122439 Duration=150033
Task=20 Chunk=1 Start=7789687130264 End=7789687240794 Duration=110530
Task=21 Chunk=0 Start=7789687122439 End=7789687275247 Duration=152808
Task=21 Chunk=1 Start=7789687275285 End=7789687385809 Duration=110524
Task=22 Chunk=0 Start=7789687275248 End=7789687425384 Duration=150136
Task=22 Chunk=1 Start=7789687425431 End=7789687536035 Duration=110604
Task=23 Chunk=0 Start=7789687425387 End=7789687576454 Duration=151067
Task=23 Chunk=1 Start=7789687576492 End=7789687687281 Duration=110789
Task=24 Chunk=0 Start=7789687576455 End=7789687726695 Duration=150240
Task=24 Chunk=1 Start=7789687726716 End=7789687838118 Duration=111402
Task=25 Chunk=0 Start=7789687726704 End=7789687880603 Duration=153899
Task=25 Chunk=1 Start=7789687880613 End=7789687993230 Duration=112617
Task=26 Chunk=0 Start=7789687880604 End=7789688030527 Duration=149923
Task=26 Chunk=1 Start=7789688030576 End=7789688141490 Duration=110914
Task=27 Chunk=0 Start=7789688030549 End=7789688181701 Duration=151152
Task=27 Chunk=1 Start=7789688181725 End=7789688292925 Duration=111200
Task=28 Chunk=0 Start=7789688181709 End=7789688332507 Duration=150798
Task=28 Chunk=1 Start=7789688332552 End=7789688444547 Duration=111995
Task=29 Chunk=0 Start=7789688332509 End=7789688484687 Duration=152178
Task=29 Chunk=1 Start=7789688484698 End=7789688596105 Duration=111407
Task=30 Chunk=0 Start=7789688484688 End=7789688636962 Duration=152274
Task=30 Chunk=1 Start=7789688636990 End=7789688748332 Duration=111342
Task=31 Chunk=0 Start=7789688636971 End=7789688788417 Duration=151446
Task=31 Chunk=1 Start=7789688788440 End=7789688900103 Duration=111663
Task=32 Chunk=0 Start=7789688788421 End=7789688940715 Duration=152294
Task=32 Chunk=1 Start=7789688940726 End=7789689054889 Duration=114163
Task=33 Chunk=0 Start=7789688940722 End=7789689091592 Duration=150870
Task=33 Chunk=1 Start=7789689091624 End=7789689202206 Duration=110582
Task=34 Chunk=0 Start=7789689091593 End=7789689243356 Duration=151763
Task=34 Chunk=1 Start=7789689243402 End=7789689358789 Duration=115387
Task=35 Chunk=0 Start=7789689243380 End=7789689394242 Duration=150862
Task=35 Chunk=1 Start=7789689394255 End=7789689504240 Duration=109985
Task=36 Chunk=0 Start=7789689394243 End=7789689545855 Duration=151612
Task=36 Chunk=1 Start=7789689545877 End=7789689655482 Duration=109605
Task=37 Chunk=0 Start=7789689545859 End=7789689696567 Duration=150708
Task=37 Chunk=1 Start=7789689696593 End=7789689807748 Duration=111155
Task=38 Chunk=0 Start=7789689696568 End=7789689848229 Duration=151661
Task=38 Chunk=1 Start=7789689848261 End=7789689958955 Duration=110694
Task=39 Chunk=0 Start=7789689848254 End=7789689998755 Duration=150501
Task=39 Chunk=1 Start=7789689998777 End=7789690110650 Duration=111873
Task=40 Chunk=0 Start=7789689998760 End=7789690150646 Duration=151886
Task=40 Chunk=1 Start=7789690150673 End=7789690263201 Duration=112528
Task=41 Chunk=0 Start=7789690150668 End=7789690300959 Duration=150291
Task=41 Chunk=1 Start=7789690300973 End=7789690413430 Duration=112457
Task=42 Chunk=0 Start=7789690300969 End=7789690452799 Duration=151830
Task=42 Chunk=1 Start=7789690452838 End=7789690563555 Duration=110717
Task=43 Chunk=0 Start=7789690452812 End=7789690604232 Duration=151420
Task=43 Chunk=1 Start=7789690604279 End=7789690716051 Duration=111772
Task=44 Chunk=0 Start=7789690604236 End=7789690755425 Duration=151189
Task=44 Chunk=1 Start=7789690755451 End=7789690865326 Duration=109875
Task=45 Chunk=0 Start=7789690755439 End=7789690906493 Duration=151054
Task=45 Chunk=1 Start=7789690906518 End=7789691018829 Duration=112311
Task=46 Chunk=0 Start=7789690906493 End=7789691057880 Duration=151387
Task=46 Chunk=1 Start=7789691057911 End=7789691173483 Duration=115572
Task=47 Chunk=0 Start=7789691057884 End=7789691209741 Duration=151857
Task=47 Chunk=1 Start=7789691209796 End=7789691323114 Duration=113318
Task=48 Chunk=0 Start=7789691209742 End=7789691361227 Duration=151485
Task=48 Chunk=1 Start=7789691361241 End=7789691471856 Duration=110615
Task=49 Chunk=0 Start=7789691361238 End=7789691513078 Duration=151840
Task=49 Chunk=1 Start=7789691513105 End=7789691625586 Duration=112481
Task=50 Chunk=0 Start=7789691513078 End=7789691663587 Duration=150509
Task=50 Chunk=1 Start=7789691663615 End=7789691774266 Duration=110651
Task=51 Chunk=0 Start=7789691663593 End=7789691814934 Duration=151341
Task=51 Chunk=1 Start=7789691814973 End=7789691925972 Duration=110999
Task=52 Chunk=0 Start=7789691814938 End=7789691965671 Duration=150733
Task=52 Chunk=1 Start=7789691965688 End=7789692078910 Duration=113222
Task=53 Chunk=0 Start=7789691965686 End=7789692117700 Duration=152014
Task=53 Chunk=1 Start=7789692117734 End=7789692228556 Duration=110822
Task=54 Chunk=0 Start=7789692117704 End=7789692268380 Duration=150676
Task=54 Chunk=1 Start=7789692268424 End=7789692380210 Duration=111786
Task=55 Chunk=0 Start=7789692268381 End=7789692419690 Duration=151309
Task=55 Chunk=1 Start=7789692419715 End=7789692534330 Duration=114615
Task=56 Chunk=0 Start=7789692419693 End=7789692571004 Duration=151311
Task=56 Chunk=1 Start=7789692571040 End=7789692681415 Duration=110375
Task=57 Chunk=0 Start=7789692571021 End=7789692720975 Duration=149954
Task=57 Chunk=1 Start=7789692721004 End=7789692832218 Duration=111214
Task=58 Chunk=0 Start=7789692720989 End=7789692872954 Duration=151965
Task=58 Chunk=1 Start=7789692872981 End=7789692983227 Duration=110246
Task=59 Chunk=0 Start=7789692872960 End=7789693022526 Duration=149566
Task=59 Chunk=1 Start=7789693022543 End=7789693132861 Duration=110318
Task=60 Chunk=0 Start=7789693022535 End=7789693175180 Duration=152645
Task=60 Chunk=1 Start=7789693175213 End=7789693288565 Duration=113352
Task=61 Chunk=0 Start=7789693175189 End=7789693326162 Duration=150973
Task=61 Chunk=1 Start=7789693326204 End=7789693437657 Duration=111453
Task=62 Chunk=0 Start=7789693326179 End=7789693479203 Duration=153024
Task=62 Chunk=1 Start=7789693479237 End=7789693592572 Duration=113335
Task=63 Chunk=0 Start=7789693479208 End=7789693630275 Duration=151067
Task=63 Chunk=1 Start=7789693630317 End=7789693741745 Duration=111428
Task=64 Chunk=0 Start=7789693630280 End=7789693782416 Duration=152136
Task=64 Chunk=1 Start=7789693782460 End=7789693896383 Duration=113923
Task=65 Chunk=0 Start=7789693782417 End=7789693932534 Duration=150117
Task=65 Chunk=1 Start=7789693932581 End=7789694044413 Duration=111832
Task=66 Chunk=0 Start=7789693932556 End=7789694084992 Duration=152436
Task=66 Chunk=1 Start=7789694085027 End=7789694195728 Duration=110701
Task=67 Chunk=0 Start=7789694084997 End=7789694235335 Duration=150338
Task=67 Chunk=1 Start=7789694235373 End=7789694351189 Duration=115816
Task=68 Chunk=0 Start=7789694235367 End=7789694387496 Duration=152129
Task=68 Chunk=1 Start=7789694387532 End=7789694497450 Duration=109918
Task=69 Chunk=0 Start=7789694387504 End=7789694539608 Duration=152104
Task=69 Chunk=1 Start=7789694539635 End=7789694650129 Duration=110494
Task=70 Chunk=0 Start=7789694539611 End=7789694690311 Duration=150700
Task=70 Chunk=1 Start=7789694690330 End=7789694803419 Duration=113089
Task=71 Chunk=0 Start=7789694690327 End=7789694841885 Duration=151558
Task=71 Chunk=1 Start=7789694841911 End=7789694951852 Duration=109941
Task=72 Chunk=0 Start=7789694841886 End=7789694992356 Duration=150470
Task=72 Chunk=1 Start=7789694992383 End=7789695103116 Duration=110733
Task=73 Chunk=0 Start=7789694992361 End=7789695144176 Duration=151815
Task=73 Chunk=1 Start=7789695144193 End=7789695254477 Duration=110284
Task=74 Chunk=0 Start=7789695144182 End=7789695295060 Duration=150878
Task=74 Chunk=1 Start=7789695295079 End=7789695403926 Duration=108847
Task=75 Chunk=0 Start=7789695295072 End=7789695446715 Duration=151643
Task=75 Chunk=1 Start=7789695446755 End=7789695558824 Duration=112069
Task=76 Chunk=0 Start=7789695446731 End=7789695598289 Duration=151558
Task=76 Chunk=1 Start=7789695598320 End=7789695709451 Duration=111131
Task=77 Chunk=0 Start=7789695598293 End=7789695751695 Duration=153402
Task=77 Chunk=1 Start=7789695751733 End=7789695871793 Duration=120060
Task=78 Chunk=0 Start=7789695751718 End=7789695902452 Duration=150734
Task=78 Chunk=1 Start=7789695902478 End=7789696021166 Duration=118688
Task=79 Chunk=0 Start=7789695902456 End=7789696054705 Duration=152249
Task=79 Chunk=1 Start=7789696054720 End=7789696172152 Duration=117432
Task=80 Chunk=0 Start=7789696054715 End=7789696206067 Duration=151352
Task=80 Chunk=1 Start=7789696206107 End=7789696322338 Duration=116231
Task=81 Chunk=0 Start=7789696206072 End=7789696356664 Duration=150592
Task=81 Chunk=1 Start=7789696356688 End=7789696472964 Duration=116276
Task=82 Chunk=0 Start=7789696356682 End=7789696508555 Duration=151873
Task=82 Chunk=1 Start=7789696508591 End=7789696624523 Duration=115932
Task=83 Chunk=0 Start=7789696508558 End=7789696659456 Duration=150898
Task=83 Chunk=1 Start=7789696659486 End=7789696774772 Duration=115286
Task=84 Chunk=0 Start=7789696659457 End=7789696810937 Duration=151480
Task=84 Chunk=1 Start=7789696810967 End=7789696925701 Duration=114734
Task=85 Chunk=0 Start=7789696810954 End=7789696961739 Duration=150785
Task=85 Chunk=1 Start=7789696961766 End=7789697079023 Duration=117257
Task=86 Chunk=0 Start=7789696961747 End=7789697112710 Duration=150963
Task=86 Chunk=1 Start=7789697112750 End=7789697229771 Duration=117021
Task=87 Chunk=0 Start=7789697112711 End=7789697263439 Duration=150728
Task=87 Chunk=1 Start=7789697263463 End=7789697374316 Duration=110853
Task=88 Chunk=0 Start=7789697263458 End=7789697415135 Duration=151677
Task=88 Chunk=1 Start=7789697415156 End=7789697524756 Duration=109600
Task=89 Chunk=0 Start=7789697415139 End=7789697565858 Duration=150719
Task=89 Chunk=1 Start=7789697565897 End=7789697681141 Duration=115244
Task=90 Chunk=0 Start=7789697565873 End=7789697717576 Duration=151703
Task=90 Chunk=1 Start=7789697717598 End=7789697829038 Duration=111440
Task=91 Chunk=0 Start=7789697717594 End=7789697868888 Duration=151294
Task=91 Chunk=1 Start=7789697868922 End=7789697981187 Duration=112265
Task=92 Chunk=0 Start=7789697868893 End=7789698021537 Duration=152644
Task=92 Chunk=1 Start=7789698021571 End=7789698135573 Duration=114002
Task=93 Chunk=0 Start=7789698021563 End=7789698173169 Duration=151606
Task=93 Chunk=1 Start=7789698173183 End=7789698285582 Duration=112399
Task=94 Chunk=0 Start=7789698173173 End=7789698323966 Duration=150793
Task=94 Chunk=1 Start=7789698324008 End=7789698436944 Duration=112936
Task=95 Chunk=0 Start=7789698323982 End=7789698476160 Duration=152178
Task=95 Chunk=1 Start=7789698476193 End=7789698586916 Duration=110723
Task=96 Chunk=0 Start=7789698476167 End=7789698627098 Duration=150931
Task=96 Chunk=1 Start=7789698627121 End=7789698737820 Duration=110699
Task=97 Chunk=0 Start=7789698627102 End=7789698778967 Duration=151865
Task=97 Chunk=1 Start=7789698779002 End=7789698889918 Duration=110916
Task=98 Chunk=0 Start=7789698778977 End=7789698929355 Duration=150378
Task=98 Chunk=1 Start=7789698929383 End=7789699039869 Duration=110486
Task=99 Chunk=0 Start=7789698929360 End=7789699081059 Duration=151699
Task=99 Chunk=1 Start=7789699081071 End=7789699188362 Duration=107291
### Python End ###

--------------------------------
[2025-06-28 12:16:51.170] [info] Available Vulkan Layers:
[2025-06-28 12:16:51.170] [warning] Validation layer requested but not available, continuing without it...
[2025-06-28 12:16:51.173] [info] Using integrated GPU: Mali-G710
[2025-06-28 12:16:51.176] [info] VulkanDispatcher instance created.
[2025-06-28 12:16:51.358] [info] Total memory used: 40550404 bytes (38.67188 MB)
[2025-06-28 12:16:51.363] [info] Total memory used: 40550404 bytes (38.67188 MB)
[2025-06-28 12:16:51.390] [info] Total memory used: 40550404 bytes (38.67188 MB)
[2025-06-28 12:16:51.394] [info] Total memory used: 40550404 bytes (38.67188 MB)
[2025-06-28 12:16:51.398] [info] Total memory used: 40550404 bytes (38.67188 MB)
[2025-06-28 12:16:51.462] [info] Total memory used: 40550404 bytes (38.67188 MB)
[2025-06-28 12:16:51.466] [info] Total memory used: 40550404 bytes (38.67188 MB)
[2025-06-28 12:16:51.470] [info] Total memory used: 40550404 bytes (38.67188 MB)
[2025-06-28 12:16:51.474] [info] Total memory used: 40550404 bytes (38.67188 MB)
[2025-06-28 12:16:51.478] [info] Total memory used: 40550404 bytes (38.67188 MB)
[2025-06-28 12:16:51.543] [info] Total memory used: 40550404 bytes (38.67188 MB)
[2025-06-28 12:16:51.546] [info] Total memory used: 40550404 bytes (38.67188 MB)
[2025-06-28 12:16:51.550] [info] Total memory used: 40550404 bytes (38.67188 MB)
[2025-06-28 12:16:51.554] [info] Total memory used: 40550404 bytes (38.67188 MB)
[2025-06-28 12:16:51.557] [info] Total memory used: 40550404 bytes (38.67188 MB)
[2025-06-28 12:16:51.561] [info] Total memory used: 40550404 bytes (38.67188 MB)
### Python Begin ###
Schedule_UID=SCH-L3M4-G129-f2f5
Frequency=24576000 Hz
Task=0 Chunk=0 Start=7789709330967 End=7789709436665 Duration=105698
Task=0 Chunk=1 Start=7789709436679 End=7789709501285 Duration=64606
Task=1 Chunk=0 Start=7789709436680 End=7789709536620 Duration=99940
Task=1 Chunk=1 Start=7789709536640 End=7789709591931 Duration=55291
Task=2 Chunk=0 Start=7789709536638 End=7789709630545 Duration=93907
Task=2 Chunk=1 Start=7789709630564 End=7789709687020 Duration=56456
Task=3 Chunk=0 Start=7789709630558 End=7789709720136 Duration=89578
Task=3 Chunk=1 Start=7789709720162 End=7789709774026 Duration=53864
Task=4 Chunk=0 Start=7789709720154 End=7789709808704 Duration=88550
Task=4 Chunk=1 Start=7789709808720 End=7789709861419 Duration=52699
Task=5 Chunk=0 Start=7789709808715 End=7789709895619 Duration=86904
Task=5 Chunk=1 Start=7789709895635 End=7789709948013 Duration=52378
Task=6 Chunk=0 Start=7789709895630 End=7789709993294 Duration=97664
Task=6 Chunk=1 Start=7789709993307 End=7789710045724 Duration=52417
Task=7 Chunk=0 Start=7789709993308 End=7789710081464 Duration=88156
Task=7 Chunk=1 Start=7789710081482 End=7789710133721 Duration=52239
Task=8 Chunk=0 Start=7789710081477 End=7789710169527 Duration=88050
Task=8 Chunk=1 Start=7789710169545 End=7789710226760 Duration=57215
Task=9 Chunk=0 Start=7789710169543 End=7789710259316 Duration=89773
Task=9 Chunk=1 Start=7789710259340 End=7789710313347 Duration=54007
Task=10 Chunk=0 Start=7789710259334 End=7789710346715 Duration=87381
Task=10 Chunk=1 Start=7789710346730 End=7789710400446 Duration=53716
Task=11 Chunk=0 Start=7789710346725 End=7789710435137 Duration=88412
Task=11 Chunk=1 Start=7789710435173 End=7789710489005 Duration=53832
Task=12 Chunk=0 Start=7789710435165 End=7789710522158 Duration=86993
Task=12 Chunk=1 Start=7789710522176 End=7789710576000 Duration=53824
Task=13 Chunk=0 Start=7789710522172 End=7789710609139 Duration=86967
Task=13 Chunk=1 Start=7789710609174 End=7789710663511 Duration=54337
Task=14 Chunk=0 Start=7789710609167 End=7789710696287 Duration=87120
Task=14 Chunk=1 Start=7789710696299 End=7789710748503 Duration=52204
Task=15 Chunk=0 Start=7789710696299 End=7789710782988 Duration=86689
Task=15 Chunk=1 Start=7789710783009 End=7789710835421 Duration=52412
Task=16 Chunk=0 Start=7789710783006 End=7789710886402 Duration=103396
Task=16 Chunk=1 Start=7789710886418 End=7789710939367 Duration=52949
Task=17 Chunk=0 Start=7789710886420 End=7789710980986 Duration=94566
Task=17 Chunk=1 Start=7789710981001 End=7789711033669 Duration=52668
Task=18 Chunk=0 Start=7789710981002 End=7789711072753 Duration=91751
Task=18 Chunk=1 Start=7789711072764 End=7789711125191 Duration=52427
Task=19 Chunk=0 Start=7789711072765 End=7789711165280 Duration=92515
Task=19 Chunk=1 Start=7789711165293 End=7789711217702 Duration=52409
Task=20 Chunk=0 Start=7789711165288 End=7789711257613 Duration=92325
Task=20 Chunk=1 Start=7789711257632 End=7789711310545 Duration=52913
Task=21 Chunk=0 Start=7789711257629 End=7789711351331 Duration=93702
Task=21 Chunk=1 Start=7789711351340 End=7789711404419 Duration=53079
Task=22 Chunk=0 Start=7789711351341 End=7789711443645 Duration=92304
Task=22 Chunk=1 Start=7789711443664 End=7789711496108 Duration=52444
Task=23 Chunk=0 Start=7789711443657 End=7789711533800 Duration=90143
Task=23 Chunk=1 Start=7789711533808 End=7789711587984 Duration=54176
Task=24 Chunk=0 Start=7789711533810 End=7789711626233 Duration=92423
Task=24 Chunk=1 Start=7789711626252 End=7789711679721 Duration=53469
Task=25 Chunk=0 Start=7789711626246 End=7789711718558 Duration=92312
Task=25 Chunk=1 Start=7789711718573 End=7789711772401 Duration=53828
Task=26 Chunk=0 Start=7789711718571 End=7789711811074 Duration=92503
Task=26 Chunk=1 Start=7789711811089 End=7789711865189 Duration=54100
Task=27 Chunk=0 Start=7789711811088 End=7789711903566 Duration=92478
Task=27 Chunk=1 Start=7789711903578 End=7789711956907 Duration=53329
Task=28 Chunk=0 Start=7789711903579 End=7789711997339 Duration=93760
Task=28 Chunk=1 Start=7789711997344 End=7789712051227 Duration=53883
Task=29 Chunk=0 Start=7789711997344 End=7789712089608 Duration=92264
Task=29 Chunk=1 Start=7789712089622 End=7789712145238 Duration=55616
Task=30 Chunk=0 Start=7789712089621 End=7789712181940 Duration=92319
Task=30 Chunk=1 Start=7789712181956 End=7789712235760 Duration=53804
Task=31 Chunk=0 Start=7789712181952 End=7789712276071 Duration=94119
Task=31 Chunk=1 Start=7789712276093 End=7789712330496 Duration=54403
Task=32 Chunk=0 Start=7789712276090 End=7789712368542 Duration=92452
Task=32 Chunk=1 Start=7789712368563 End=7789712420706 Duration=52143
Task=33 Chunk=0 Start=7789712368561 End=7789712460584 Duration=92023
Task=33 Chunk=1 Start=7789712460603 End=7789712513203 Duration=52600
Task=34 Chunk=0 Start=7789712460605 End=7789712552329 Duration=91724
Task=34 Chunk=1 Start=7789712552346 End=7789712604703 Duration=52357
Task=35 Chunk=0 Start=7789712552339 End=7789712644813 Duration=92474
Task=35 Chunk=1 Start=7789712644833 End=7789712696945 Duration=52112
Task=36 Chunk=0 Start=7789712644830 End=7789712737435 Duration=92605
Task=36 Chunk=1 Start=7789712737446 End=7789712789598 Duration=52152
Task=37 Chunk=0 Start=7789712737443 End=7789712829457 Duration=92014
Task=37 Chunk=1 Start=7789712829477 End=7789712881121 Duration=51644
Task=38 Chunk=0 Start=7789712829474 End=7789712922554 Duration=93080
Task=38 Chunk=1 Start=7789712922574 End=7789712974322 Duration=51748
Task=39 Chunk=0 Start=7789712922567 End=7789713024960 Duration=102393
Task=39 Chunk=1 Start=7789713024975 End=7789713077372 Duration=52397
Task=40 Chunk=0 Start=7789713024978 End=7789713116940 Duration=91962
Task=40 Chunk=1 Start=7789713116953 End=7789713169234 Duration=52281
Task=41 Chunk=0 Start=7789713116954 End=7789713207735 Duration=90781
Task=41 Chunk=1 Start=7789713207747 End=7789713263352 Duration=55605
Task=42 Chunk=0 Start=7789713207755 End=7789713307857 Duration=100102
Task=42 Chunk=1 Start=7789713307872 End=7789713362313 Duration=54441
Task=43 Chunk=0 Start=7789713307869 End=7789713399514 Duration=91645
Task=43 Chunk=1 Start=7789713399536 End=7789713453160 Duration=53624
Task=44 Chunk=0 Start=7789713399531 End=7789713491061 Duration=91530
Task=44 Chunk=1 Start=7789713491078 End=7789713545206 Duration=54128
Task=45 Chunk=0 Start=7789713491074 End=7789713585676 Duration=94602
Task=45 Chunk=1 Start=7789713585692 End=7789713639485 Duration=53793
Task=46 Chunk=0 Start=7789713585688 End=7789713678082 Duration=92394
Task=46 Chunk=1 Start=7789713678099 End=7789713732769 Duration=54670
Task=47 Chunk=0 Start=7789713678095 End=7789713775428 Duration=97333
Task=47 Chunk=1 Start=7789713775439 End=7789713829491 Duration=54052
Task=48 Chunk=0 Start=7789713775443 End=7789713867475 Duration=92032
Task=48 Chunk=1 Start=7789713867500 End=7789713921153 Duration=53653
Task=49 Chunk=0 Start=7789713867498 End=7789713959812 Duration=92314
Task=49 Chunk=1 Start=7789713959826 End=7789714013230 Duration=53404
Task=50 Chunk=0 Start=7789713959826 End=7789714051533 Duration=91707
Task=50 Chunk=1 Start=7789714051545 End=7789714105308 Duration=53763
Task=51 Chunk=0 Start=7789714051543 End=7789714144702 Duration=93159
Task=51 Chunk=1 Start=7789714144721 End=7789714198185 Duration=53464
Task=52 Chunk=0 Start=7789714144715 End=7789714236535 Duration=91820
Task=52 Chunk=1 Start=7789714236559 End=7789714288193 Duration=51634
Task=53 Chunk=0 Start=7789714236554 End=7789714329024 Duration=92470
Task=53 Chunk=1 Start=7789714329042 End=7789714380902 Duration=51860
Task=54 Chunk=0 Start=7789714329036 End=7789714421565 Duration=92529
Task=54 Chunk=1 Start=7789714421574 End=7789714473945 Duration=52371
Task=55 Chunk=0 Start=7789714421574 End=7789714513643 Duration=92069
Task=55 Chunk=1 Start=7789714513650 End=7789714565776 Duration=52126
Task=56 Chunk=0 Start=7789714513651 End=7789714607188 Duration=93537
Task=56 Chunk=1 Start=7789714607201 End=7789714660178 Duration=52977
Task=57 Chunk=0 Start=7789714607204 End=7789714699393 Duration=92189
Task=57 Chunk=1 Start=7789714699418 End=7789714751921 Duration=52503
Task=58 Chunk=0 Start=7789714699414 End=7789714791432 Duration=92018
Task=58 Chunk=1 Start=7789714791449 End=7789714844422 Duration=52973
Task=59 Chunk=0 Start=7789714791446 End=7789714881165 Duration=89719
Task=59 Chunk=1 Start=7789714881183 End=7789714935134 Duration=53951
Task=60 Chunk=0 Start=7789714881179 End=7789714972772 Duration=91593
Task=60 Chunk=1 Start=7789714972789 End=7789715027627 Duration=54838
Task=61 Chunk=0 Start=7789714972788 End=7789715069147 Duration=96359
Task=61 Chunk=1 Start=7789715069156 End=7789715123528 Duration=54372
Task=62 Chunk=0 Start=7789715069156 End=7789715161372 Duration=92216
Task=62 Chunk=1 Start=7789715161392 End=7789715215123 Duration=53731
Task=63 Chunk=0 Start=7789715161384 End=7789715255053 Duration=93669
Task=63 Chunk=1 Start=7789715255064 End=7789715309079 Duration=54015
Task=64 Chunk=0 Start=7789715255067 End=7789715347505 Duration=92438
Task=64 Chunk=1 Start=7789715347525 End=7789715401010 Duration=53485
Task=65 Chunk=0 Start=7789715347521 End=7789715439862 Duration=92341
Task=65 Chunk=1 Start=7789715439872 End=7789715493309 Duration=53437
Task=66 Chunk=0 Start=7789715439870 End=7789715531678 Duration=91808
Task=66 Chunk=1 Start=7789715531696 End=7789715585747 Duration=54051
Task=67 Chunk=0 Start=7789715531694 End=7789715624357 Duration=92663
Task=67 Chunk=1 Start=7789715624378 End=7789715677339 Duration=52961
Task=68 Chunk=0 Start=7789715624372 End=7789715716704 Duration=92332
Task=68 Chunk=1 Start=7789715716725 End=7789715770087 Duration=53362
Task=69 Chunk=0 Start=7789715716717 End=7789715808609 Duration=91892
Task=69 Chunk=1 Start=7789715808632 End=7789715860559 Duration=51927
Task=70 Chunk=0 Start=7789715808625 End=7789715901380 Duration=92755
Task=70 Chunk=1 Start=7789715901393 End=7789715953627 Duration=52234
Task=71 Chunk=0 Start=7789715901390 End=7789715993587 Duration=92197
Task=71 Chunk=1 Start=7789715993604 End=7789716045917 Duration=52313
Task=72 Chunk=0 Start=7789715993603 End=7789716085869 Duration=92266
Task=72 Chunk=1 Start=7789716085887 End=7789716138176 Duration=52289
Task=73 Chunk=0 Start=7789716085884 End=7789716177716 Duration=91832
Task=73 Chunk=1 Start=7789716177727 End=7789716229550 Duration=51823
Task=74 Chunk=0 Start=7789716177728 End=7789716270431 Duration=92703
Task=74 Chunk=1 Start=7789716270465 End=7789716323420 Duration=52955
Task=75 Chunk=0 Start=7789716270461 End=7789716363621 Duration=93160
Task=75 Chunk=1 Start=7789716363635 End=7789716416814 Duration=53179
Task=76 Chunk=0 Start=7789716363630 End=7789716453945 Duration=90315
Task=76 Chunk=1 Start=7789716453959 End=7789716508596 Duration=54637
Task=77 Chunk=0 Start=7789716453957 End=7789716546185 Duration=92228
Task=77 Chunk=1 Start=7789716546198 End=7789716599843 Duration=53645
Task=78 Chunk=0 Start=7789716546198 End=7789716638618 Duration=92420
Task=78 Chunk=1 Start=7789716638630 End=7789716692478 Duration=53848
Task=79 Chunk=0 Start=7789716638630 End=7789716730625 Duration=91995
Task=79 Chunk=1 Start=7789716730644 End=7789716785099 Duration=54455
Task=80 Chunk=0 Start=7789716730641 End=7789716823543 Duration=92902
Task=80 Chunk=1 Start=7789716823556 End=7789716876816 Duration=53260
Task=81 Chunk=0 Start=7789716823560 End=7789716915348 Duration=91788
Task=81 Chunk=1 Start=7789716915360 End=7789716968598 Duration=53238
Task=82 Chunk=0 Start=7789716915364 End=7789717007063 Duration=91699
Task=82 Chunk=1 Start=7789717007084 End=7789717060880 Duration=53796
Task=83 Chunk=0 Start=7789717007079 End=7789717099581 Duration=92502
Task=83 Chunk=1 Start=7789717099617 End=7789717153132 Duration=53515
Task=84 Chunk=0 Start=7789717099610 End=7789717192598 Duration=92988
Task=84 Chunk=1 Start=7789717192618 End=7789717245827 Duration=53209
Task=85 Chunk=0 Start=7789717192611 End=7789717284750 Duration=92139
Task=85 Chunk=1 Start=7789717284765 End=7789717336877 Duration=52112
Task=86 Chunk=0 Start=7789717284759 End=7789717381340 Duration=96581
Task=86 Chunk=1 Start=7789717381356 End=7789717433979 Duration=52623
Task=87 Chunk=0 Start=7789717381354 End=7789717473516 Duration=92162
Task=87 Chunk=1 Start=7789717473531 End=7789717525646 Duration=52115
Task=88 Chunk=0 Start=7789717473533 End=7789717565055 Duration=91522
Task=88 Chunk=1 Start=7789717565071 End=7789717617051 Duration=51980
Task=89 Chunk=0 Start=7789717565069 End=7789717656872 Duration=91803
Task=89 Chunk=1 Start=7789717656898 End=7789717709085 Duration=52187
Task=90 Chunk=0 Start=7789717656902 End=7789717748763 Duration=91861
Task=90 Chunk=1 Start=7789717748796 End=7789717801307 Duration=52511
Task=91 Chunk=0 Start=7789717748794 End=7789717847993 Duration=99199
Task=91 Chunk=1 Start=7789717848008 End=7789717900861 Duration=52853
Task=92 Chunk=0 Start=7789717848008 End=7789717946297 Duration=98289
Task=92 Chunk=1 Start=7789717946309 End=7789717998839 Duration=52530
Task=93 Chunk=0 Start=7789717946309 End=7789718044724 Duration=98415
Task=93 Chunk=1 Start=7789718044745 End=7789718097385 Duration=52640
Task=94 Chunk=0 Start=7789718044745 End=7789718141825 Duration=97080
Task=94 Chunk=1 Start=7789718141844 End=7789718194112 Duration=52268
Task=95 Chunk=0 Start=7789718141841 End=7789718244098 Duration=102257
Task=95 Chunk=1 Start=7789718244112 End=7789718296146 Duration=52034
Task=96 Chunk=0 Start=7789718244112 End=7789718341347 Duration=97235
Task=96 Chunk=1 Start=7789718341362 End=7789718393597 Duration=52235
Task=97 Chunk=0 Start=7789718341366 End=7789718439909 Duration=98543
Task=97 Chunk=1 Start=7789718439930 End=7789718492230 Duration=52300
Task=98 Chunk=0 Start=7789718439929 End=7789718537802 Duration=97873
Task=98 Chunk=1 Start=7789718537819 End=7789718590004 Duration=52185
Task=99 Chunk=0 Start=7789718537816 End=7789718635758 Duration=97942
Task=99 Chunk=1 Start=7789718635768 End=7789718686866 Duration=51098
### Python End ###

--------------------------------
[2025-06-28 12:16:51.962] [info] Available Vulkan Layers:
[2025-06-28 12:16:51.962] [warning] Validation layer requested but not available, continuing without it...
[2025-06-28 12:16:51.966] [info] Using integrated GPU: Mali-G710
[2025-06-28 12:16:51.968] [info] VulkanDispatcher instance created.
[2025-06-28 12:16:52.075] [info] Total memory used: 40550404 bytes (38.67188 MB)
[2025-06-28 12:16:52.078] [info] Total memory used: 40550404 bytes (38.67188 MB)
[2025-06-28 12:16:52.147] [info] Total memory used: 40550404 bytes (38.67188 MB)
[2025-06-28 12:16:52.152] [info] Total memory used: 40550404 bytes (38.67188 MB)
[2025-06-28 12:16:52.156] [info] Total memory used: 40550404 bytes (38.67188 MB)
[2025-06-28 12:16:52.209] [info] Total memory used: 40550404 bytes (38.67188 MB)
[2025-06-28 12:16:52.212] [info] Total memory used: 40550404 bytes (38.67188 MB)
[2025-06-28 12:16:52.216] [info] Total memory used: 40550404 bytes (38.67188 MB)
[2025-06-28 12:16:52.219] [info] Total memory used: 40550404 bytes (38.67188 MB)
[2025-06-28 12:16:52.223] [info] Total memory used: 40550404 bytes (38.67188 MB)
[2025-06-28 12:16:52.293] [info] Total memory used: 40550404 bytes (38.67188 MB)
[2025-06-28 12:16:52.297] [info] Total memory used: 40550404 bytes (38.67188 MB)
[2025-06-28 12:16:52.301] [info] Total memory used: 40550404 bytes (38.67188 MB)
[2025-06-28 12:16:52.304] [info] Total memory used: 40550404 bytes (38.67188 MB)
[2025-06-28 12:16:52.308] [info] Total memory used: 40550404 bytes (38.67188 MB)
[2025-06-28 12:16:52.312] [info] Total memory used: 40550404 bytes (38.67188 MB)
### Python Begin ###
Schedule_UID=SCH-B6L1-G172-abb0
Frequency=24576000 Hz
Task=0 Chunk=0 Start=7789727778723 End=7789728121597 Duration=342874
Task=0 Chunk=1 Start=7789728121644 End=7789728131655 Duration=10011
Task=1 Chunk=0 Start=7789728121634 End=7789728344143 Duration=222509
Task=1 Chunk=1 Start=7789728344173 End=7789728344902 Duration=729
Task=2 Chunk=0 Start=7789728344144 End=7789728506191 Duration=162047
Task=2 Chunk=1 Start=7789728506214 End=7789728506871 Duration=657
Task=3 Chunk=0 Start=7789728506192 End=7789728666903 Duration=160711
Task=3 Chunk=1 Start=7789728666932 End=7789728667219 Duration=287
Task=4 Chunk=0 Start=7789728666904 End=7789728834787 Duration=167883
Task=4 Chunk=1 Start=7789728834819 End=7789728835026 Duration=207
Task=5 Chunk=0 Start=7789728834789 End=7789728996015 Duration=161226
Task=5 Chunk=1 Start=7789728996060 End=7789728996325 Duration=265
Task=6 Chunk=0 Start=7789728996031 End=7789729156994 Duration=160963
Task=6 Chunk=1 Start=7789729157032 End=7789729157275 Duration=243
Task=7 Chunk=0 Start=7789729157011 End=7789729318224 Duration=161213
Task=7 Chunk=1 Start=7789729318272 End=7789729318635 Duration=363
Task=8 Chunk=0 Start=7789729318225 End=7789729482336 Duration=164111
Task=8 Chunk=1 Start=7789729482359 End=7789729482647 Duration=288
Task=9 Chunk=0 Start=7789729482350 End=7789729643344 Duration=160994
Task=9 Chunk=1 Start=7789729643382 End=7789729643613 Duration=231
Task=10 Chunk=0 Start=7789729643358 End=7789729803563 Duration=160205
Task=10 Chunk=1 Start=7789729803609 End=7789729803840 Duration=231
Task=11 Chunk=0 Start=7789729803584 End=7789729964167 Duration=160583
Task=11 Chunk=1 Start=7789729964189 End=7789729964454 Duration=265
Task=12 Chunk=0 Start=7789729964168 End=7789730124641 Duration=160473
Task=12 Chunk=1 Start=7789730124689 End=7789730124882 Duration=193
Task=13 Chunk=0 Start=7789730124642 End=7789730284470 Duration=159828
Task=13 Chunk=1 Start=7789730284501 End=7789730284716 Duration=215
Task=14 Chunk=0 Start=7789730284470 End=7789730445513 Duration=161043
Task=14 Chunk=1 Start=7789730445562 End=7789730445783 Duration=221
Task=15 Chunk=0 Start=7789730445513 End=7789730605633 Duration=160120
Task=15 Chunk=1 Start=7789730605671 End=7789730605880 Duration=209
Task=16 Chunk=0 Start=7789730605634 End=7789730766279 Duration=160645
Task=16 Chunk=1 Start=7789730766308 End=7789730766566 Duration=258
Task=17 Chunk=0 Start=7789730766280 End=7789730926826 Duration=160546
Task=17 Chunk=1 Start=7789730926861 End=7789730927081 Duration=220
Task=18 Chunk=0 Start=7789730926826 End=7789731086941 Duration=160115
Task=18 Chunk=1 Start=7789731086972 End=7789731087216 Duration=244
Task=19 Chunk=0 Start=7789731086941 End=7789731247606 Duration=160665
Task=19 Chunk=1 Start=7789731247637 End=7789731247865 Duration=228
Task=20 Chunk=0 Start=7789731247606 End=7789731407980 Duration=160374
Task=20 Chunk=1 Start=7789731408020 End=7789731408237 Duration=217
Task=21 Chunk=0 Start=7789731407981 End=7789731567916 Duration=159935
Task=21 Chunk=1 Start=7789731567942 End=7789731568207 Duration=265
Task=22 Chunk=0 Start=7789731567917 End=7789731728631 Duration=160714
Task=22 Chunk=1 Start=7789731728670 End=7789731728919 Duration=249
Task=23 Chunk=0 Start=7789731728631 End=7789731888081 Duration=159450
Task=23 Chunk=1 Start=7789731888113 End=7789731888364 Duration=251
Task=24 Chunk=0 Start=7789731888081 End=7789732048386 Duration=160305
Task=24 Chunk=1 Start=7789732048420 End=7789732048644 Duration=224
Task=25 Chunk=0 Start=7789732048389 End=7789732208835 Duration=160446
Task=25 Chunk=1 Start=7789732208880 End=7789732209314 Duration=434
Task=26 Chunk=0 Start=7789732208836 End=7789732368350 Duration=159514
Task=26 Chunk=1 Start=7789732368386 End=7789732368610 Duration=224
Task=27 Chunk=0 Start=7789732368351 End=7789732528560 Duration=160209
Task=27 Chunk=1 Start=7789732528591 End=7789732528803 Duration=212
Task=28 Chunk=0 Start=7789732528561 End=7789732688532 Duration=159971
Task=28 Chunk=1 Start=7789732688566 End=7789732688795 Duration=229
Task=29 Chunk=0 Start=7789732688535 End=7789732848899 Duration=160364
Task=29 Chunk=1 Start=7789732848948 End=7789732849174 Duration=226
Task=30 Chunk=0 Start=7789732848902 End=7789733008979 Duration=160077
Task=30 Chunk=1 Start=7789733009013 End=7789733009237 Duration=224
Task=31 Chunk=0 Start=7789733008979 End=7789733169435 Duration=160456
Task=31 Chunk=1 Start=7789733169462 End=7789733169668 Duration=206
Task=32 Chunk=0 Start=7789733169435 End=7789733329244 Duration=159809
Task=32 Chunk=1 Start=7789733329271 End=7789733329523 Duration=252
Task=33 Chunk=0 Start=7789733329245 End=7789733489887 Duration=160642
Task=33 Chunk=1 Start=7789733489926 End=7789733490135 Duration=209
Task=34 Chunk=0 Start=7789733489888 End=7789733649311 Duration=159423
Task=34 Chunk=1 Start=7789733649335 End=7789733649542 Duration=207
Task=35 Chunk=0 Start=7789733649312 End=7789733809457 Duration=160145
Task=35 Chunk=1 Start=7789733809495 End=7789733809703 Duration=208
Task=36 Chunk=0 Start=7789733809458 End=7789733969793 Duration=160335
Task=36 Chunk=1 Start=7789733969821 End=7789733970060 Duration=239
Task=37 Chunk=0 Start=7789733969793 End=7789734129570 Duration=159777
Task=37 Chunk=1 Start=7789734129621 End=7789734129862 Duration=241
Task=38 Chunk=0 Start=7789734129588 End=7789734289700 Duration=160112
Task=38 Chunk=1 Start=7789734289744 End=7789734289968 Duration=224
Task=39 Chunk=0 Start=7789734289700 End=7789734449891 Duration=160191
Task=39 Chunk=1 Start=7789734449933 End=7789734450142 Duration=209
Task=40 Chunk=0 Start=7789734449891 End=7789734609856 Duration=159965
Task=40 Chunk=1 Start=7789734609892 End=7789734610124 Duration=232
Task=41 Chunk=0 Start=7789734609857 End=7789734769989 Duration=160132
Task=41 Chunk=1 Start=7789734770015 End=7789734770273 Duration=258
Task=42 Chunk=0 Start=7789734769989 End=7789734929999 Duration=160010
Task=42 Chunk=1 Start=7789734930026 End=7789734930250 Duration=224
Task=43 Chunk=0 Start=7789734929999 End=7789735090243 Duration=160244
Task=43 Chunk=1 Start=7789735090278 End=7789735090546 Duration=268
Task=44 Chunk=0 Start=7789735090244 End=7789735251319 Duration=161075
Task=44 Chunk=1 Start=7789735251351 End=7789735251592 Duration=241
Task=45 Chunk=0 Start=7789735251320 End=7789735410941 Duration=159621
Task=45 Chunk=1 Start=7789735410984 End=7789735411193 Duration=209
Task=46 Chunk=0 Start=7789735410941 End=7789735571630 Duration=160689
Task=46 Chunk=1 Start=7789735571671 End=7789735571900 Duration=229
Task=47 Chunk=0 Start=7789735571634 End=7789735733530 Duration=161896
Task=47 Chunk=1 Start=7789735733560 End=7789735733820 Duration=260
Task=48 Chunk=0 Start=7789735733537 End=7789735893505 Duration=159968
Task=48 Chunk=1 Start=7789735893540 End=7789735893738 Duration=198
Task=49 Chunk=0 Start=7789735893508 End=7789736053635 Duration=160127
Task=49 Chunk=1 Start=7789736053678 End=7789736053903 Duration=225
Task=50 Chunk=0 Start=7789736053638 End=7789736213097 Duration=159459
Task=50 Chunk=1 Start=7789736213132 End=7789736213373 Duration=241
Task=51 Chunk=0 Start=7789736213097 End=7789736373704 Duration=160607
Task=51 Chunk=1 Start=7789736373747 End=7789736374000 Duration=253
Task=52 Chunk=0 Start=7789736373705 End=7789736535144 Duration=161439
Task=52 Chunk=1 Start=7789736535173 End=7789736535429 Duration=256
Task=53 Chunk=0 Start=7789736535144 End=7789736694845 Duration=159701
Task=53 Chunk=1 Start=7789736694893 End=7789736695135 Duration=242
Task=54 Chunk=0 Start=7789736694846 End=7789736856028 Duration=161182
Task=54 Chunk=1 Start=7789736856064 End=7789736856297 Duration=233
Task=55 Chunk=0 Start=7789736856028 End=7789737016544 Duration=160516
Task=55 Chunk=1 Start=7789737016589 End=7789737016818 Duration=229
Task=56 Chunk=0 Start=7789737016545 End=7789737176424 Duration=159879
Task=56 Chunk=1 Start=7789737176466 End=7789737176711 Duration=245
Task=57 Chunk=0 Start=7789737176424 End=7789737336838 Duration=160414
Task=57 Chunk=1 Start=7789737336888 End=7789737337125 Duration=237
Task=58 Chunk=0 Start=7789737336838 End=7789737498547 Duration=161709
Task=58 Chunk=1 Start=7789737498578 End=7789737498805 Duration=227
Task=59 Chunk=0 Start=7789737498547 End=7789737658729 Duration=160182
Task=59 Chunk=1 Start=7789737658749 End=7789737658986 Duration=237
Task=60 Chunk=0 Start=7789737658729 End=7789737819365 Duration=160636
Task=60 Chunk=1 Start=7789737819385 End=7789737819653 Duration=268
Task=61 Chunk=0 Start=7789737819368 End=7789737979513 Duration=160145
Task=61 Chunk=1 Start=7789737979537 End=7789737979778 Duration=241
Task=62 Chunk=0 Start=7789737979514 End=7789738140071 Duration=160557
Task=62 Chunk=1 Start=7789738140118 End=7789738140343 Duration=225
Task=63 Chunk=0 Start=7789738140072 End=7789738300312 Duration=160240
Task=63 Chunk=1 Start=7789738300332 End=7789738300528 Duration=196
Task=64 Chunk=0 Start=7789738300313 End=7789738460451 Duration=160138
Task=64 Chunk=1 Start=7789738460467 End=7789738460697 Duration=230
Task=65 Chunk=0 Start=7789738460452 End=7789738620526 Duration=160074
Task=65 Chunk=1 Start=7789738620567 End=7789738620815 Duration=248
Task=66 Chunk=0 Start=7789738620527 End=7789738780959 Duration=160432
Task=66 Chunk=1 Start=7789738780991 End=7789738781235 Duration=244
Task=67 Chunk=0 Start=7789738780960 End=7789738940685 Duration=159725
Task=67 Chunk=1 Start=7789738940730 End=7789738940948 Duration=218
Task=68 Chunk=0 Start=7789738940685 End=7789739101659 Duration=160974
Task=68 Chunk=1 Start=7789739101684 End=7789739102119 Duration=435
Task=69 Chunk=0 Start=7789739101659 End=7789739262478 Duration=160819
Task=69 Chunk=1 Start=7789739262506 End=7789739262757 Duration=251
Task=70 Chunk=0 Start=7789739262478 End=7789739422183 Duration=159705
Task=70 Chunk=1 Start=7789739422205 End=7789739422433 Duration=228
Task=71 Chunk=0 Start=7789739422183 End=7789739582495 Duration=160312
Task=71 Chunk=1 Start=7789739582539 End=7789739582775 Duration=236
Task=72 Chunk=0 Start=7789739582496 End=7789739741961 Duration=159465
Task=72 Chunk=1 Start=7789739742007 End=7789739742175 Duration=168
Task=73 Chunk=0 Start=7789739741962 End=7789739902223 Duration=160261
Task=73 Chunk=1 Start=7789739902264 End=7789739902499 Duration=235
Task=74 Chunk=0 Start=7789739902224 End=7789740062488 Duration=160264
Task=74 Chunk=1 Start=7789740062507 End=7789740062728 Duration=221
Task=75 Chunk=0 Start=7789740062489 End=7789740222238 Duration=159749
Task=75 Chunk=1 Start=7789740222269 End=7789740222470 Duration=201
Task=76 Chunk=0 Start=7789740222238 End=7789740382938 Duration=160700
Task=76 Chunk=1 Start=7789740382962 End=7789740383189 Duration=227
Task=77 Chunk=0 Start=7789740382938 End=7789740543693 Duration=160755
Task=77 Chunk=1 Start=7789740543727 End=7789740543950 Duration=223
Task=78 Chunk=0 Start=7789740543693 End=7789740703172 Duration=159479
Task=78 Chunk=1 Start=7789740703209 End=7789740703383 Duration=174
Task=79 Chunk=0 Start=7789740703173 End=7789740863372 Duration=160199
Task=79 Chunk=1 Start=7789740863419 End=7789740863646 Duration=227
Task=80 Chunk=0 Start=7789740863372 End=7789741022916 Duration=159544
Task=80 Chunk=1 Start=7789741022953 End=7789741023158 Duration=205
Task=81 Chunk=0 Start=7789741022917 End=7789741183032 Duration=160115
Task=81 Chunk=1 Start=7789741183057 End=7789741183283 Duration=226
Task=82 Chunk=0 Start=7789741183033 End=7789741343358 Duration=160325
Task=82 Chunk=1 Start=7789741343384 End=7789741343590 Duration=206
Task=83 Chunk=0 Start=7789741343361 End=7789741502602 Duration=159241
Task=83 Chunk=1 Start=7789741502622 End=7789741502866 Duration=244
Task=84 Chunk=0 Start=7789741502606 End=7789741662497 Duration=159891
Task=84 Chunk=1 Start=7789741662524 End=7789741662741 Duration=217
Task=85 Chunk=0 Start=7789741662498 End=7789741822680 Duration=160182
Task=85 Chunk=1 Start=7789741822715 End=7789741822968 Duration=253
Task=86 Chunk=0 Start=7789741822681 End=7789741982364 Duration=159683
Task=86 Chunk=1 Start=7789741982380 End=7789741982563 Duration=183
Task=87 Chunk=0 Start=7789741982365 End=7789742142365 Duration=160000
Task=87 Chunk=1 Start=7789742142395 End=7789742142622 Duration=227
Task=88 Chunk=0 Start=7789742142366 End=7789742302068 Duration=159702
Task=88 Chunk=1 Start=7789742302100 End=7789742302320 Duration=220
Task=89 Chunk=0 Start=7789742302069 End=7789742462649 Duration=160580
Task=89 Chunk=1 Start=7789742462687 End=7789742462945 Duration=258
Task=90 Chunk=0 Start=7789742462650 End=7789742623240 Duration=160590
Task=90 Chunk=1 Start=7789742623270 End=7789742623490 Duration=220
Task=91 Chunk=0 Start=7789742623240 End=7789742782801 Duration=159561
Task=91 Chunk=1 Start=7789742782825 End=7789742783079 Duration=254
Task=92 Chunk=0 Start=7789742782802 End=7789742943409 Duration=160607
Task=92 Chunk=1 Start=7789742943438 End=7789742943690 Duration=252
Task=93 Chunk=0 Start=7789742943410 End=7789743103618 Duration=160208
Task=93 Chunk=1 Start=7789743103637 End=7789743103843 Duration=206
Task=94 Chunk=0 Start=7789743103619 End=7789743263245 Duration=159626
Task=94 Chunk=1 Start=7789743263272 End=7789743263496 Duration=224
Task=95 Chunk=0 Start=7789743263246 End=7789743423363 Duration=160117
Task=95 Chunk=1 Start=7789743423393 End=7789743423644 Duration=251
Task=96 Chunk=0 Start=7789743423364 End=7789743582743 Duration=159379
Task=96 Chunk=1 Start=7789743582782 End=7789743583012 Duration=230
Task=97 Chunk=0 Start=7789743582743 End=7789743742671 Duration=159928
Task=97 Chunk=1 Start=7789743742719 End=7789743742963 Duration=244
Task=98 Chunk=0 Start=7789743742672 End=7789743902537 Duration=159865
Task=98 Chunk=1 Start=7789743902596 End=7789743902843 Duration=247
Task=99 Chunk=0 Start=7789743902540 End=7789744062691 Duration=160151
Task=99 Chunk=1 Start=7789744062727 End=7789744063325 Duration=598
### Python End ###

--------------------------------
[2025-06-28 12:16:52.997] [info] Available Vulkan Layers:
[2025-06-28 12:16:52.997] [warning] Validation layer requested but not available, continuing without it...
[2025-06-28 12:16:53.001] [info] Using integrated GPU: Mali-G710
[2025-06-28 12:16:53.003] [info] VulkanDispatcher instance created.
[2025-06-28 12:16:53.157] [info] Total memory used: 40550404 bytes (38.67188 MB)
[2025-06-28 12:16:53.160] [info] Total memory used: 40550404 bytes (38.67188 MB)
[2025-06-28 12:16:53.199] [info] Total memory used: 40550404 bytes (38.67188 MB)
[2025-06-28 12:16:53.203] [info] Total memory used: 40550404 bytes (38.67188 MB)
[2025-06-28 12:16:53.207] [info] Total memory used: 40550404 bytes (38.67188 MB)
[2025-06-28 12:16:53.282] [info] Total memory used: 40550404 bytes (38.67188 MB)
[2025-06-28 12:16:53.287] [info] Total memory used: 40550404 bytes (38.67188 MB)
[2025-06-28 12:16:53.292] [info] Total memory used: 40550404 bytes (38.67188 MB)
[2025-06-28 12:16:53.296] [info] Total memory used: 40550404 bytes (38.67188 MB)
[2025-06-28 12:16:53.300] [info] Total memory used: 40550404 bytes (38.67188 MB)
[2025-06-28 12:16:53.351] [info] Total memory used: 40550404 bytes (38.67188 MB)
[2025-06-28 12:16:53.355] [info] Total memory used: 40550404 bytes (38.67188 MB)
[2025-06-28 12:16:53.359] [info] Total memory used: 40550404 bytes (38.67188 MB)
[2025-06-28 12:16:53.362] [info] Total memory used: 40550404 bytes (38.67188 MB)
[2025-06-28 12:16:53.366] [info] Total memory used: 40550404 bytes (38.67188 MB)
[2025-06-28 12:16:53.370] [info] Total memory used: 40550404 bytes (38.67188 MB)
### Python Begin ###
Schedule_UID=SCH-M5L2-G195-456d
Frequency=24576000 Hz
Task=0 Chunk=0 Start=7789753782428 End=7789754120041 Duration=337613
Task=0 Chunk=1 Start=7789754218529 End=7789754335667 Duration=117138
Task=1 Chunk=0 Start=7789754120059 End=7789754287106 Duration=167047
Task=1 Chunk=1 Start=7789754335722 End=7789754435409 Duration=99687
Task=2 Chunk=0 Start=7789754287132 End=7789754444711 Duration=157579
Task=2 Chunk=1 Start=7789754444734 End=7789754546419 Duration=101685
Task=3 Chunk=0 Start=7789754444715 End=7789754608776 Duration=164061
Task=3 Chunk=1 Start=7789754608810 End=7789754710083 Duration=101273
Task=4 Chunk=0 Start=7789754608782 End=7789754772104 Duration=163322
Task=4 Chunk=1 Start=7789754772126 End=7789754871864 Duration=99738
Task=5 Chunk=0 Start=7789754772124 End=7789754930635 Duration=158511
Task=5 Chunk=1 Start=7789754930684 End=7789755034359 Duration=103675
Task=6 Chunk=0 Start=7789754930636 End=7789755094857 Duration=164221
Task=6 Chunk=1 Start=7789755094888 End=7789755194352 Duration=99464
Task=7 Chunk=0 Start=7789755094866 End=7789755250258 Duration=155392
Task=7 Chunk=1 Start=7789755250283 End=7789755349563 Duration=99280
Task=8 Chunk=0 Start=7789755250267 End=7789755406320 Duration=156053
Task=8 Chunk=1 Start=7789755406350 End=7789755506944 Duration=100594
Task=9 Chunk=0 Start=7789755406335 End=7789755560857 Duration=154522
Task=9 Chunk=1 Start=7789755560917 End=7789755660452 Duration=99535
Task=10 Chunk=0 Start=7789755560889 End=7789755717034 Duration=156145
Task=10 Chunk=1 Start=7789755717062 End=7789755821122 Duration=104060
Task=11 Chunk=0 Start=7789755717052 End=7789755872196 Duration=155144
Task=11 Chunk=1 Start=7789755872231 End=7789755972325 Duration=100094
Task=12 Chunk=0 Start=7789755872215 End=7789756028743 Duration=156528
Task=12 Chunk=1 Start=7789756028782 End=7789756127675 Duration=98893
Task=13 Chunk=0 Start=7789756028776 End=7789756184475 Duration=155699
Task=13 Chunk=1 Start=7789756184520 End=7789756283915 Duration=99395
Task=14 Chunk=0 Start=7789756184478 End=7789756339858 Duration=155380
Task=14 Chunk=1 Start=7789756339909 End=7789756442026 Duration=102117
Task=15 Chunk=0 Start=7789756339880 End=7789756495824 Duration=155944
Task=15 Chunk=1 Start=7789756495883 End=7789756597789 Duration=101906
Task=16 Chunk=0 Start=7789756495853 End=7789756651285 Duration=155432
Task=16 Chunk=1 Start=7789756651323 End=7789756751696 Duration=100373
Task=17 Chunk=0 Start=7789756651318 End=7789756807575 Duration=156257
Task=17 Chunk=1 Start=7789756807602 End=7789756914590 Duration=106988
Task=18 Chunk=0 Start=7789756807579 End=7789756964145 Duration=156566
Task=18 Chunk=1 Start=7789756964166 End=7789757065485 Duration=101319
Task=19 Chunk=0 Start=7789756964157 End=7789757120613 Duration=156456
Task=19 Chunk=1 Start=7789757120635 End=7789757221066 Duration=100431
Task=20 Chunk=0 Start=7789757120618 End=7789757276675 Duration=156057
Task=20 Chunk=1 Start=7789757276710 End=7789757381440 Duration=104730
Task=21 Chunk=0 Start=7789757276693 End=7789757432026 Duration=155333
Task=21 Chunk=1 Start=7789757432076 End=7789757532356 Duration=100280
Task=22 Chunk=0 Start=7789757432044 End=7789757587895 Duration=155851
Task=22 Chunk=1 Start=7789757587924 End=7789757688391 Duration=100467
Task=23 Chunk=0 Start=7789757587912 End=7789757744438 Duration=156526
Task=23 Chunk=1 Start=7789757744461 End=7789757847381 Duration=102920
Task=24 Chunk=0 Start=7789757744439 End=7789757899862 Duration=155423
Task=24 Chunk=1 Start=7789757899881 End=7789758000536 Duration=100655
Task=25 Chunk=0 Start=7789757899877 End=7789758056176 Duration=156299
Task=25 Chunk=1 Start=7789758056209 End=7789758159759 Duration=103550
Task=26 Chunk=0 Start=7789758056177 End=7789758211671 Duration=155494
Task=26 Chunk=1 Start=7789758211704 End=7789758312125 Duration=100421
Task=27 Chunk=0 Start=7789758211688 End=7789758368064 Duration=156376
Task=27 Chunk=1 Start=7789758368095 End=7789758469746 Duration=101651
Task=28 Chunk=0 Start=7789758368082 End=7789758523436 Duration=155354
Task=28 Chunk=1 Start=7789758523490 End=7789758624811 Duration=101321
Task=29 Chunk=0 Start=7789758523468 End=7789758680032 Duration=156564
Task=29 Chunk=1 Start=7789758680052 End=7789758785027 Duration=104975
Task=30 Chunk=0 Start=7789758680038 End=7789758836272 Duration=156234
Task=30 Chunk=1 Start=7789758836338 End=7789758937504 Duration=101166
Task=31 Chunk=0 Start=7789758836309 End=7789758991655 Duration=155346
Task=31 Chunk=1 Start=7789758991695 End=7789759093050 Duration=101355
Task=32 Chunk=0 Start=7789758991655 End=7789759148223 Duration=156568
Task=32 Chunk=1 Start=7789759148270 End=7789759252107 Duration=103837
Task=33 Chunk=0 Start=7789759148257 End=7789759303554 Duration=155297
Task=33 Chunk=1 Start=7789759303581 End=7789759403960 Duration=100379
Task=34 Chunk=0 Start=7789759303555 End=7789759460322 Duration=156767
Task=34 Chunk=1 Start=7789759460348 End=7789759560453 Duration=100105
Task=35 Chunk=0 Start=7789759460333 End=7789759615609 Duration=155276
Task=35 Chunk=1 Start=7789759615636 End=7789759719191 Duration=103555
Task=36 Chunk=0 Start=7789759615622 End=7789759771265 Duration=155643
Task=36 Chunk=1 Start=7789759771296 End=7789759871145 Duration=99849
Task=37 Chunk=0 Start=7789759771274 End=7789759927785 Duration=156511
Task=37 Chunk=1 Start=7789759927833 End=7789760028784 Duration=100951
Task=38 Chunk=0 Start=7789759927793 End=7789760082711 Duration=154918
Task=38 Chunk=1 Start=7789760082748 End=7789760182966 Duration=100218
Task=39 Chunk=0 Start=7789760082728 End=7789760238483 Duration=155755
Task=39 Chunk=1 Start=7789760238506 End=7789760339640 Duration=101134
Task=40 Chunk=0 Start=7789760238484 End=7789760393894 Duration=155410
Task=40 Chunk=1 Start=7789760393924 End=7789760499186 Duration=105262
Task=41 Chunk=0 Start=7789760393912 End=7789760550517 Duration=156605
Task=41 Chunk=1 Start=7789760550557 End=7789760651059 Duration=100502
Task=42 Chunk=0 Start=7789760550541 End=7789760707110 Duration=156569
Task=42 Chunk=1 Start=7789760707151 End=7789760808043 Duration=100892
Task=43 Chunk=0 Start=7789760707134 End=7789760862068 Duration=154934
Task=43 Chunk=1 Start=7789760862114 End=7789760963113 Duration=100999
Task=44 Chunk=0 Start=7789760862101 End=7789761019119 Duration=157018
Task=44 Chunk=1 Start=7789761019131 End=7789761122550 Duration=103419
Task=45 Chunk=0 Start=7789761019127 End=7789761174376 Duration=155249
Task=45 Chunk=1 Start=7789761174419 End=7789761275319 Duration=100900
Task=46 Chunk=0 Start=7789761174399 End=7789761331317 Duration=156918
Task=46 Chunk=1 Start=7789761331356 End=7789761431973 Duration=100617
Task=47 Chunk=0 Start=7789761331339 End=7789761487943 Duration=156604
Task=47 Chunk=1 Start=7789761487976 End=7789761591358 Duration=103382
Task=48 Chunk=0 Start=7789761487957 End=7789761643484 Duration=155527
Task=48 Chunk=1 Start=7789761643528 End=7789761746227 Duration=102699
Task=49 Chunk=0 Start=7789761643516 End=7789761799884 Duration=156368
Task=49 Chunk=1 Start=7789761799907 End=7789761900321 Duration=100414
Task=50 Chunk=0 Start=7789761799887 End=7789761954831 Duration=154944
Task=50 Chunk=1 Start=7789761954879 End=7789762057903 Duration=103024
Task=51 Chunk=0 Start=7789761954853 End=7789762111467 Duration=156614
Task=51 Chunk=1 Start=7789762111495 End=7789762210966 Duration=99471
Task=52 Chunk=0 Start=7789762111475 End=7789762267676 Duration=156201
Task=52 Chunk=1 Start=7789762267727 End=7789762369082 Duration=101355
Task=53 Chunk=0 Start=7789762267699 End=7789762423381 Duration=155682
Task=53 Chunk=1 Start=7789762423423 End=7789762526521 Duration=103098
Task=54 Chunk=0 Start=7789762423389 End=7789762580466 Duration=157077
Task=54 Chunk=1 Start=7789762580492 End=7789762682098 Duration=101606
Task=55 Chunk=0 Start=7789762580481 End=7789762736069 Duration=155588
Task=55 Chunk=1 Start=7789762736119 End=7789762839169 Duration=103050
Task=56 Chunk=0 Start=7789762736089 End=7789762892294 Duration=156205
Task=56 Chunk=1 Start=7789762892319 End=7789762997356 Duration=105037
Task=57 Chunk=0 Start=7789762892304 End=7789763048144 Duration=155840
Task=57 Chunk=1 Start=7789763048168 End=7789763150636 Duration=102468
Task=58 Chunk=0 Start=7789763048147 End=7789763204177 Duration=156030
Task=58 Chunk=1 Start=7789763204220 End=7789763305008 Duration=100788
Task=59 Chunk=0 Start=7789763204203 End=7789763361156 Duration=156953
Task=59 Chunk=1 Start=7789763361181 End=7789763463676 Duration=102495
Task=60 Chunk=0 Start=7789763361162 End=7789763516176 Duration=155014
Task=60 Chunk=1 Start=7789763516223 End=7789763618508 Duration=102285
Task=61 Chunk=0 Start=7789763516194 End=7789763673074 Duration=156880
Task=61 Chunk=1 Start=7789763673112 End=7789763774517 Duration=101405
Task=62 Chunk=0 Start=7789763673104 End=7789763828425 Duration=155321
Task=62 Chunk=1 Start=7789763828460 End=7789763932718 Duration=104258
Task=63 Chunk=0 Start=7789763828441 End=7789763985885 Duration=157444
Task=63 Chunk=1 Start=7789763985918 End=7789764086544 Duration=100626
Task=64 Chunk=0 Start=7789763985888 End=7789764142742 Duration=156854
Task=64 Chunk=1 Start=7789764142775 End=7789764241787 Duration=99012
Task=65 Chunk=0 Start=7789764142761 End=7789764297551 Duration=154790
Task=65 Chunk=1 Start=7789764297599 End=7789764400646 Duration=103047
Task=66 Chunk=0 Start=7789764297570 End=7789764453039 Duration=155469
Task=66 Chunk=1 Start=7789764453093 End=7789764553003 Duration=99910
Task=67 Chunk=0 Start=7789764453073 End=7789764608388 Duration=155315
Task=67 Chunk=1 Start=7789764608439 End=7789764708671 Duration=100232
Task=68 Chunk=0 Start=7789764608404 End=7789764764821 Duration=156417
Task=68 Chunk=1 Start=7789764764834 End=7789764865727 Duration=100893
Task=69 Chunk=0 Start=7789764764830 End=7789764920901 Duration=156071
Task=69 Chunk=1 Start=7789764920961 End=7789765022072 Duration=101111
Task=70 Chunk=0 Start=7789764920921 End=7789765076497 Duration=155576
Task=70 Chunk=1 Start=7789765076546 End=7789765179667 Duration=103121
Task=71 Chunk=0 Start=7789765076525 End=7789765232478 Duration=155953
Task=71 Chunk=1 Start=7789765232510 End=7789765333210 Duration=100700
Task=72 Chunk=0 Start=7789765232497 End=7789765388437 Duration=155940
Task=72 Chunk=1 Start=7789765388477 End=7789765489892 Duration=101415
Task=73 Chunk=0 Start=7789765388455 End=7789765544568 Duration=156113
Task=73 Chunk=1 Start=7789765544606 End=7789765645665 Duration=101059
Task=74 Chunk=0 Start=7789765544579 End=7789765700156 Duration=155577
Task=74 Chunk=1 Start=7789765700194 End=7789765804563 Duration=104369
Task=75 Chunk=0 Start=7789765700176 End=7789765856535 Duration=156359
Task=75 Chunk=1 Start=7789765856557 End=7789765957623 Duration=101066
Task=76 Chunk=0 Start=7789765856539 End=7789766012899 Duration=156360
Task=76 Chunk=1 Start=7789766012944 End=7789766113915 Duration=100971
Task=77 Chunk=0 Start=7789766012923 End=7789766168265 Duration=155342
Task=77 Chunk=1 Start=7789766168298 End=7789766272189 Duration=103891
Task=78 Chunk=0 Start=7789766168293 End=7789766325419 Duration=157126
Task=78 Chunk=1 Start=7789766325463 End=7789766426008 Duration=100545
Task=79 Chunk=0 Start=7789766325424 End=7789766481057 Duration=155633
Task=79 Chunk=1 Start=7789766481094 End=7789766582443 Duration=101349
Task=80 Chunk=0 Start=7789766481058 End=7789766637640 Duration=156582
Task=80 Chunk=1 Start=7789766637693 End=7789766740559 Duration=102866
Task=81 Chunk=0 Start=7789766637664 End=7789766793986 Duration=156322
Task=81 Chunk=1 Start=7789766794023 End=7789766894318 Duration=100295
Task=82 Chunk=0 Start=7789766793986 End=7789766949317 Duration=155331
Task=82 Chunk=1 Start=7789766949360 End=7789767049672 Duration=100312
Task=83 Chunk=0 Start=7789766949345 End=7789767105765 Duration=156420
Task=83 Chunk=1 Start=7789767105803 End=7789767205713 Duration=99910
Task=84 Chunk=0 Start=7789767105775 End=7789767260935 Duration=155160
Task=84 Chunk=1 Start=7789767260966 End=7789767361338 Duration=100372
Task=85 Chunk=0 Start=7789767260959 End=7789767417499 Duration=156540
Task=85 Chunk=1 Start=7789767417525 End=7789767520742 Duration=103217
Task=86 Chunk=0 Start=7789767417519 End=7789767573974 Duration=156455
Task=86 Chunk=1 Start=7789767574014 End=7789767675683 Duration=101669
Task=87 Chunk=0 Start=7789767573986 End=7789767729334 Duration=155348
Task=87 Chunk=1 Start=7789767729384 End=7789767829771 Duration=100387
Task=88 Chunk=0 Start=7789767729337 End=7789767885399 Duration=156062
Task=88 Chunk=1 Start=7789767885419 End=7789767986315 Duration=100896
Task=89 Chunk=0 Start=7789767885417 End=7789768041313 Duration=155896
Task=89 Chunk=1 Start=7789768041359 End=7789768147124 Duration=105765
Task=90 Chunk=0 Start=7789768041314 End=7789768197652 Duration=156338
Task=90 Chunk=1 Start=7789768197683 End=7789768299852 Duration=102169
Task=91 Chunk=0 Start=7789768197660 End=7789768353270 Duration=155610
Task=91 Chunk=1 Start=7789768353298 End=7789768456097 Duration=102799
Task=92 Chunk=0 Start=7789768353285 End=7789768509970 Duration=156685
Task=92 Chunk=1 Start=7789768510023 End=7789768613046 Duration=103023
Task=93 Chunk=0 Start=7789768510006 End=7789768667193 Duration=157187
Task=93 Chunk=1 Start=7789768667224 End=7789768767954 Duration=100730
Task=94 Chunk=0 Start=7789768667198 End=7789768822791 Duration=155593
Task=94 Chunk=1 Start=7789768822819 End=7789768923309 Duration=100490
Task=95 Chunk=0 Start=7789768822812 End=7789768979121 Duration=156309
Task=95 Chunk=1 Start=7789768979153 End=7789769082369 Duration=103216
Task=96 Chunk=0 Start=7789768979142 End=7789769134023 Duration=154881
Task=96 Chunk=1 Start=7789769134080 End=7789769234137 Duration=100057
Task=97 Chunk=0 Start=7789769134055 End=7789769291065 Duration=157010
Task=97 Chunk=1 Start=7789769291101 End=7789769390848 Duration=99747
Task=98 Chunk=0 Start=7789769291095 End=7789769447477 Duration=156382
Task=98 Chunk=1 Start=7789769447511 End=7789769558455 Duration=110944
Task=99 Chunk=0 Start=7789769447507 End=7789769604132 Duration=156625
Task=99 Chunk=1 Start=7789769604179 End=7789769702391 Duration=98212
### Python End ###

--------------------------------
[2025-06-28 12:16:54.039] [info] Available Vulkan Layers:
[2025-06-28 12:16:54.039] [warning] Validation layer requested but not available, continuing without it...
[2025-06-28 12:16:54.043] [info] Using integrated GPU: Mali-G710
[2025-06-28 12:16:54.046] [info] VulkanDispatcher instance created.
[2025-06-28 12:16:54.170] [info] Total memory used: 40550404 bytes (38.67188 MB)
[2025-06-28 12:16:54.173] [info] Total memory used: 40550404 bytes (38.67188 MB)
[2025-06-28 12:16:54.211] [info] Total memory used: 40550404 bytes (38.67188 MB)
[2025-06-28 12:16:54.214] [info] Total memory used: 40550404 bytes (38.67188 MB)
[2025-06-28 12:16:54.218] [info] Total memory used: 40550404 bytes (38.67188 MB)
[2025-06-28 12:16:54.287] [info] Total memory used: 40550404 bytes (38.67188 MB)
[2025-06-28 12:16:54.291] [info] Total memory used: 40550404 bytes (38.67188 MB)
[2025-06-28 12:16:54.295] [info] Total memory used: 40550404 bytes (38.67188 MB)
[2025-06-28 12:16:54.298] [info] Total memory used: 40550404 bytes (38.67188 MB)
[2025-06-28 12:16:54.302] [info] Total memory used: 40550404 bytes (38.67188 MB)
[2025-06-28 12:16:54.352] [info] Total memory used: 40550404 bytes (38.67188 MB)
[2025-06-28 12:16:54.356] [info] Total memory used: 40550404 bytes (38.67188 MB)
[2025-06-28 12:16:54.360] [info] Total memory used: 40550404 bytes (38.67188 MB)
[2025-06-28 12:16:54.364] [info] Total memory used: 40550404 bytes (38.67188 MB)
[2025-06-28 12:16:54.368] [info] Total memory used: 40550404 bytes (38.67188 MB)
[2025-06-28 12:16:54.372] [info] Total memory used: 40550404 bytes (38.67188 MB)
### Python Begin ###
Schedule_UID=SCH-M3G1B3-G197-5451
Frequency=24576000 Hz
Task=0 Chunk=0 Start=7789778401025 End=7789778453372 Duration=52347
Task=0 Chunk=1 Start=7789779030412 End=7789779030419 Duration=7
Task=0 Chunk=2 Start=7789779030438 End=7789779107537 Duration=77099
Task=1 Chunk=0 Start=7789778453379 End=7789778477305 Duration=23926
Task=1 Chunk=2 Start=7789779107538 End=7789779154973 Duration=47435
Task=2 Chunk=0 Start=7789778477307 End=7789778504525 Duration=27218
Task=2 Chunk=2 Start=7789779154974 End=7789779204230 Duration=49256
Task=3 Chunk=0 Start=7789778504532 End=7789778544457 Duration=39925
Task=3 Chunk=1 Start=7789779030428 End=7789779030429 Duration=1
Task=3 Chunk=2 Start=7789779204230 End=7789779250912 Duration=46682
Task=4 Chunk=0 Start=7789778544459 End=7789778568343 Duration=23884
Task=4 Chunk=1 Start=7789779030429 End=7789779030430 Duration=1
Task=4 Chunk=2 Start=7789779250913 End=7789779299460 Duration=48547
Task=5 Chunk=0 Start=7789778568349 End=7789778624588 Duration=56239
Task=5 Chunk=1 Start=7789779030430 End=7789779030431 Duration=1
Task=5 Chunk=2 Start=7789779299460 End=7789779345337 Duration=45877
Task=6 Chunk=0 Start=7789778624590 End=7789778648525 Duration=23935
Task=6 Chunk=1 Start=7789779030431 End=7789779030432 Duration=1
Task=6 Chunk=2 Start=7789779345338 End=7789779392960 Duration=47622
Task=7 Chunk=0 Start=7789778648534 End=7789778724185 Duration=75651
Task=7 Chunk=1 Start=7789779030432 End=7789779030433 Duration=1
Task=7 Chunk=2 Start=7789779392962 End=7789779439953 Duration=46991
Task=8 Chunk=0 Start=7789778724201 End=7789778748217 Duration=24016
Task=8 Chunk=1 Start=7789779030433 End=7789779030434 Duration=1
Task=8 Chunk=2 Start=7789779439953 End=7789779487607 Duration=47654
Task=9 Chunk=0 Start=7789778748228 End=7789778771695 Duration=23467
Task=9 Chunk=1 Start=7789779030438 End=7789779030439 Duration=1
Task=9 Chunk=2 Start=7789779487611 End=7789779534822 Duration=47211
Task=10 Chunk=0 Start=7789778771700 End=7789778795965 Duration=24265
Task=10 Chunk=1 Start=7789779030439 End=7789779030440 Duration=1
Task=10 Chunk=2 Start=7789779534823 End=7789779582437 Duration=47614
Task=11 Chunk=0 Start=7789778795982 End=7789778934099 Duration=138117
Task=11 Chunk=1 Start=7789779030440 End=7789779030441 Duration=1
Task=11 Chunk=2 Start=7789779582437 End=7789779629140 Duration=46703
Task=12 Chunk=0 Start=7789778934100 End=7789778957095 Duration=22995
Task=12 Chunk=1 Start=7789779030441 End=7789779030442 Duration=1
Task=12 Chunk=2 Start=7789779629141 End=7789779676468 Duration=47327
Task=13 Chunk=0 Start=7789778957098 End=7789778981655 Duration=24557
Task=13 Chunk=2 Start=7789779676469 End=7789779722198 Duration=45729
Task=14 Chunk=0 Start=7789778981657 End=7789779004986 Duration=23329
Task=14 Chunk=1 Start=7789779030444 End=7789779030445 Duration=1
Task=14 Chunk=2 Start=7789779722198 End=7789779769506 Duration=47308
Task=15 Chunk=0 Start=7789779107607 End=7789779131899 Duration=24292
Task=15 Chunk=1 Start=7789779132664 End=7789779132681 Duration=17
Task=15 Chunk=2 Start=7789779769507 End=7789779815648 Duration=46141
Task=16 Chunk=0 Start=7789779155036 End=7789779181118 Duration=26082
Task=16 Chunk=1 Start=7789779181848 End=7789779181870 Duration=22
Task=16 Chunk=2 Start=7789779815649 End=7789779862842 Duration=47193
Task=17 Chunk=0 Start=7789779204303 End=7789779228514 Duration=24211
Task=17 Chunk=1 Start=7789779230200 End=7789779230206 Duration=6
Task=17 Chunk=2 Start=7789779862842 End=7789779909329 Duration=46487
Task=18 Chunk=0 Start=7789779253843 End=7789779280112 Duration=26269
Task=18 Chunk=1 Start=7789779280646 End=7789779280669 Duration=23
Task=18 Chunk=2 Start=7789779909329 End=7789779954359 Duration=45030
Task=19 Chunk=0 Start=7789779305372 End=7789779335258 Duration=29886
Task=19 Chunk=1 Start=7789779335611 End=7789779335638 Duration=27
Task=19 Chunk=2 Start=7789779954360 End=7789780001238 Duration=46878
Task=20 Chunk=0 Start=7789779353549 End=7789779378716 Duration=25167
Task=20 Chunk=1 Start=7789779381792 End=7789779381826 Duration=34
Task=20 Chunk=2 Start=7789780001239 End=7789780047088 Duration=45849
Task=21 Chunk=0 Start=7789779392978 End=7789779416751 Duration=23773
Task=21 Chunk=1 Start=7789779416783 End=7789779416784 Duration=1
Task=21 Chunk=2 Start=7789780047088 End=7789780094118 Duration=47030
Task=22 Chunk=0 Start=7789779439961 End=7789779463774 Duration=23813
Task=22 Chunk=1 Start=7789779463799 End=7789779463800 Duration=1
Task=22 Chunk=2 Start=7789780094119 End=7789780139702 Duration=45583
Task=23 Chunk=0 Start=7789779487662 End=7789779511579 Duration=23917
Task=23 Chunk=1 Start=7789779512909 End=7789779512916 Duration=7
Task=23 Chunk=2 Start=7789780139702 End=7789780187117 Duration=47415
Task=24 Chunk=0 Start=7789779534855 End=7789779559060 Duration=24205
Task=24 Chunk=1 Start=7789779559673 End=7789779559699 Duration=26
Task=24 Chunk=2 Start=7789780187118 End=7789780233561 Duration=46443
Task=25 Chunk=0 Start=7789779583980 End=7789779608196 Duration=24216
Task=25 Chunk=1 Start=7789779608885 End=7789779608907 Duration=22
Task=25 Chunk=2 Start=7789780233561 End=7789780280207 Duration=46646
Task=26 Chunk=0 Start=7789779632778 End=7789779656925 Duration=24147
Task=26 Chunk=1 Start=7789779657679 End=7789779657703 Duration=24
Task=26 Chunk=2 Start=7789780280208 End=7789780325779 Duration=45571
Task=27 Chunk=0 Start=7789779682587 End=7789779706357 Duration=23770
Task=27 Chunk=1 Start=7789779706387 End=7789779706427 Duration=40
Task=27 Chunk=2 Start=7789780325780 End=7789780372515 Duration=46735
Task=28 Chunk=0 Start=7789779722205 End=7789779745979 Duration=23774
Task=28 Chunk=1 Start=7789779745993 End=7789779745994 Duration=1
Task=28 Chunk=2 Start=7789780372516 End=7789780418119 Duration=45603
Task=29 Chunk=0 Start=7789779769526 End=7789779793407 Duration=23881
Task=29 Chunk=1 Start=7789779794369 End=7789779794388 Duration=19
Task=29 Chunk=2 Start=7789780418120 End=7789780465027 Duration=46907
Task=30 Chunk=0 Start=7789779815717 End=7789779839519 Duration=23802
Task=30 Chunk=1 Start=7789779840034 End=7789779840063 Duration=29
Task=30 Chunk=2 Start=7789780465028 End=7789780510443 Duration=45415
Task=31 Chunk=0 Start=7789779863925 End=7789779887936 Duration=24011
Task=31 Chunk=1 Start=7789779887970 End=7789779888000 Duration=30
Task=31 Chunk=2 Start=7789780510444 End=7789780557717 Duration=47273
Task=32 Chunk=0 Start=7789779909343 End=7789779933025 Duration=23682
Task=32 Chunk=1 Start=7789779933052 End=7789779933053 Duration=1
Task=32 Chunk=2 Start=7789780557718 End=7789780603042 Duration=45324
Task=33 Chunk=0 Start=7789779954371 End=7789779980298 Duration=25927
Task=33 Chunk=1 Start=7789779980326 End=7789779980346 Duration=20
Task=33 Chunk=2 Start=7789780603043 End=7789780649360 Duration=46317
Task=34 Chunk=0 Start=7789780001253 End=7789780025099 Duration=23846
Task=34 Chunk=1 Start=7789780025114 End=7789780025115 Duration=1
Task=34 Chunk=2 Start=7789780649363 End=7789780693425 Duration=44062
Task=35 Chunk=0 Start=7789780047098 End=7789780072800 Duration=25702
Task=35 Chunk=1 Start=7789780073029 End=7789780073049 Duration=20
Task=35 Chunk=2 Start=7789780693425 End=7789780737256 Duration=43831
Task=36 Chunk=0 Start=7789780094157 End=7789780118005 Duration=23848
Task=36 Chunk=1 Start=7789780118453 End=7789780118472 Duration=19
Task=36 Chunk=2 Start=7789780737257 End=7789780782305 Duration=45048
Task=37 Chunk=0 Start=7789780139717 End=7789780165072 Duration=25355
Task=37 Chunk=1 Start=7789780165099 End=7789780165134 Duration=35
Task=37 Chunk=2 Start=7789780782305 End=7789780826764 Duration=44459
Task=38 Chunk=0 Start=7789780187131 End=7789780210731 Duration=23600
Task=38 Chunk=1 Start=7789780210747 End=7789780210748 Duration=1
Task=38 Chunk=2 Start=7789780826764 End=7789780872370 Duration=45606
Task=39 Chunk=0 Start=7789780233572 End=7789780258543 Duration=24971
Task=39 Chunk=1 Start=7789780258564 End=7789780258569 Duration=5
Task=39 Chunk=2 Start=7789780872370 End=7789780916622 Duration=44252
Task=40 Chunk=0 Start=7789780280224 End=7789780303982 Duration=23758
Task=40 Chunk=1 Start=7789780304014 End=7789780304019 Duration=5
Task=40 Chunk=2 Start=7789780916623 End=7789780961819 Duration=45196
Task=41 Chunk=0 Start=7789780325786 End=7789780349321 Duration=23535
Task=41 Chunk=1 Start=7789780349346 End=7789780349347 Duration=1
Task=41 Chunk=2 Start=7789780961819 End=7789781006023 Duration=44204
Task=42 Chunk=0 Start=7789780372550 End=7789780396381 Duration=23831
Task=42 Chunk=1 Start=7789780396790 End=7789780396815 Duration=25
Task=42 Chunk=2 Start=7789781006024 End=7789781051034 Duration=45010
Task=43 Chunk=0 Start=7789780418133 End=7789780442007 Duration=23874
Task=43 Chunk=1 Start=7789780442424 End=7789780442458 Duration=34
Task=43 Chunk=2 Start=7789781051034 End=7789781095560 Duration=44526
Task=44 Chunk=0 Start=7789780465804 End=7789780489486 Duration=23682
Task=44 Chunk=1 Start=7789780490021 End=7789780490051 Duration=30
Task=44 Chunk=2 Start=7789781095561 End=7789781140444 Duration=44883
Task=45 Chunk=0 Start=7789780513454 End=7789780537232 Duration=23778
Task=45 Chunk=1 Start=7789780537770 End=7789780537801 Duration=31
Task=45 Chunk=2 Start=7789781140445 End=7789781185358 Duration=44913
Task=46 Chunk=0 Start=7789780562531 End=7789780586302 Duration=23771
Task=46 Chunk=1 Start=7789780586966 End=7789780586987 Duration=21
Task=46 Chunk=2 Start=7789781185359 End=7789781230094 Duration=44735
Task=47 Chunk=0 Start=7789780610386 End=7789780634094 Duration=23708
Task=47 Chunk=1 Start=7789780635779 End=7789780635787 Duration=8
Task=47 Chunk=2 Start=7789781230094 End=7789781275512 Duration=45418
Task=48 Chunk=0 Start=7789780660335 End=7789780708220 Duration=47885
Task=48 Chunk=1 Start=7789780708236 End=7789780708240 Duration=4
Task=48 Chunk=2 Start=7789781275512 End=7789781320242 Duration=44730
Task=49 Chunk=0 Start=7789780708228 End=7789780756452 Duration=48224
Task=49 Chunk=1 Start=7789780756467 End=7789780756468 Duration=1
Task=49 Chunk=2 Start=7789781320243 End=7789781365644 Duration=45401
Task=50 Chunk=0 Start=7789780756453 End=7789780804223 Duration=47770
Task=50 Chunk=2 Start=7789781365645 End=7789781409692 Duration=44047
Task=51 Chunk=0 Start=7789780804224 End=7789780855071 Duration=50847
Task=51 Chunk=1 Start=7789780855085 End=7789780855086 Duration=1
Task=51 Chunk=2 Start=7789781409692 End=7789781454054 Duration=44362
Task=52 Chunk=0 Start=7789780855075 End=7789780903251 Duration=48176
Task=52 Chunk=1 Start=7789780903265 End=7789780903266 Duration=1
Task=52 Chunk=2 Start=7789781454055 End=7789781498889 Duration=44834
Task=53 Chunk=0 Start=7789780903252 End=7789780952855 Duration=49603
Task=53 Chunk=2 Start=7789781498890 End=7789781545133 Duration=46243
Task=54 Chunk=0 Start=7789780952859 End=7789781000523 Duration=47664
Task=54 Chunk=1 Start=7789781000541 End=7789781000542 Duration=1
Task=54 Chunk=2 Start=7789781545134 End=7789781590778 Duration=45644
Task=55 Chunk=0 Start=7789781000528 End=7789781049227 Duration=48699
Task=55 Chunk=1 Start=7789781049245 End=7789781049246 Duration=1
Task=55 Chunk=2 Start=7789781590779 End=7789781636321 Duration=45542
Task=56 Chunk=0 Start=7789781049230 End=7789781097142 Duration=47912
Task=56 Chunk=1 Start=7789781097167 End=7789781097168 Duration=1
Task=56 Chunk=2 Start=7789781636321 End=7789781680847 Duration=44526
Task=57 Chunk=0 Start=7789781097144 End=7789781145162 Duration=48018
Task=57 Chunk=1 Start=7789781145177 End=7789781145178 Duration=1
Task=57 Chunk=2 Start=7789781680848 End=7789781724909 Duration=44061
Task=58 Chunk=0 Start=7789781145165 End=7789781193364 Duration=48199
Task=58 Chunk=1 Start=7789781193386 End=7789781193387 Duration=1
Task=58 Chunk=2 Start=7789781724910 End=7789781770315 Duration=45405
Task=59 Chunk=0 Start=7789781193369 End=7789781240902 Duration=47533
Task=59 Chunk=1 Start=7789781240916 End=7789781240917 Duration=1
Task=59 Chunk=2 Start=7789781770316 End=7789781815510 Duration=45194
Task=60 Chunk=0 Start=7789781240913 End=7789781288865 Duration=47952
Task=60 Chunk=2 Start=7789781815510 End=7789781861249 Duration=45739
Task=61 Chunk=0 Start=7789781288866 End=7789781337478 Duration=48612
Task=61 Chunk=1 Start=7789781337500 End=7789781337501 Duration=1
Task=61 Chunk=2 Start=7789781861249 End=7789781906411 Duration=45162
Task=62 Chunk=0 Start=7789781337480 End=7789781385312 Duration=47832
Task=62 Chunk=2 Start=7789781906411 End=7789781951437 Duration=45026
Task=63 Chunk=0 Start=7789781385313 End=7789781432818 Duration=47505
Task=63 Chunk=2 Start=7789781951437 End=7789781995679 Duration=44242
Task=64 Chunk=0 Start=7789781432821 End=7789781484811 Duration=51990
Task=64 Chunk=1 Start=7789781484830 End=7789781484837 Duration=7
Task=64 Chunk=2 Start=7789781995679 End=7789782041170 Duration=45491
Task=65 Chunk=0 Start=7789781484814 End=7789781533377 Duration=48563
Task=65 Chunk=1 Start=7789781543535 End=7789781543571 Duration=36
Task=65 Chunk=2 Start=7789782041170 End=7789782084977 Duration=43807
Task=66 Chunk=0 Start=7789781533378 End=7789781580429 Duration=47051
Task=66 Chunk=1 Start=7789781580455 End=7789781580457 Duration=2
Task=66 Chunk=2 Start=7789782084978 End=7789782129836 Duration=44858
Task=67 Chunk=0 Start=7789781580430 End=7789781627750 Duration=47320
Task=67 Chunk=1 Start=7789781627789 End=7789781627790 Duration=1
Task=67 Chunk=2 Start=7789782129836 End=7789782173799 Duration=43963
Task=68 Chunk=0 Start=7789781627751 End=7789781675858 Duration=48107
Task=68 Chunk=1 Start=7789781675875 End=7789781675887 Duration=12
Task=68 Chunk=2 Start=7789782173799 End=7789782217681 Duration=43882
Task=69 Chunk=0 Start=7789781675864 End=7789781722959 Duration=47095
Task=69 Chunk=1 Start=7789781722987 End=7789781722994 Duration=7
Task=69 Chunk=2 Start=7789782217682 End=7789782264605 Duration=46923
Task=70 Chunk=0 Start=7789781722960 End=7789781771635 Duration=48675
Task=70 Chunk=1 Start=7789781771662 End=7789781771663 Duration=1
Task=70 Chunk=2 Start=7789782264605 End=7789782309909 Duration=45304
Task=71 Chunk=0 Start=7789781771653 End=7789781818661 Duration=47008
Task=71 Chunk=1 Start=7789781818676 End=7789781818677 Duration=1
Task=71 Chunk=2 Start=7789782309910 End=7789782356377 Duration=46467
Task=72 Chunk=0 Start=7789781818662 End=7789781867309 Duration=48647
Task=72 Chunk=1 Start=7789781867339 End=7789781867345 Duration=6
Task=72 Chunk=2 Start=7789782356377 End=7789782401469 Duration=45092
Task=73 Chunk=0 Start=7789781867311 End=7789781915615 Duration=48304
Task=73 Chunk=1 Start=7789781915649 End=7789781915650 Duration=1
Task=73 Chunk=2 Start=7789782401470 End=7789782448175 Duration=46705
Task=74 Chunk=0 Start=7789781915617 End=7789781963566 Duration=47949
Task=74 Chunk=1 Start=7789781963583 End=7789781963585 Duration=2
Task=74 Chunk=2 Start=7789782448176 End=7789782493536 Duration=45360
Task=75 Chunk=0 Start=7789781963566 End=7789782010746 Duration=47180
Task=75 Chunk=1 Start=7789782010787 End=7789782010792 Duration=5
Task=75 Chunk=2 Start=7789782493536 End=7789782539694 Duration=46158
Task=76 Chunk=0 Start=7789782010747 End=7789782060969 Duration=50222
Task=76 Chunk=1 Start=7789782060985 End=7789782060986 Duration=1
Task=76 Chunk=2 Start=7789782539695 End=7789782585408 Duration=45713
Task=77 Chunk=0 Start=7789782060970 End=7789782108371 Duration=47401
Task=77 Chunk=1 Start=7789782108388 End=7789782108389 Duration=1
Task=77 Chunk=2 Start=7789782585409 End=7789782631687 Duration=46278
Task=78 Chunk=0 Start=7789782108372 End=7789782159278 Duration=50906
Task=78 Chunk=1 Start=7789782159309 End=7789782159310 Duration=1
Task=78 Chunk=2 Start=7789782631688 End=7789782677584 Duration=45896
Task=79 Chunk=0 Start=7789782159289 End=7789782206675 Duration=47386
Task=79 Chunk=1 Start=7789782206716 End=7789782206717 Duration=1
Task=79 Chunk=2 Start=7789782677584 End=7789782723568 Duration=45984
Task=80 Chunk=0 Start=7789782206675 End=7789782237222 Duration=30547
Task=80 Chunk=1 Start=7789782237244 End=7789782237246 Duration=2
Task=80 Chunk=2 Start=7789782723568 End=7789782768893 Duration=45325
Task=81 Chunk=0 Start=7789782237222 End=7789782260575 Duration=23353
Task=81 Chunk=1 Start=7789782260606 End=7789782260607 Duration=1
Task=81 Chunk=2 Start=7789782768894 End=7789782814903 Duration=46009
Task=82 Chunk=0 Start=7789782260576 End=7789782284057 Duration=23481
Task=82 Chunk=1 Start=7789782284068 End=7789782284069 Duration=1
Task=82 Chunk=2 Start=7789782814903 End=7789782860308 Duration=45405
Task=83 Chunk=0 Start=7789782284058 End=7789782307620 Duration=23562
Task=83 Chunk=1 Start=7789782307659 End=7789782307660 Duration=1
Task=83 Chunk=2 Start=7789782860308 End=7789782905930 Duration=45622
Task=84 Chunk=0 Start=7789782307620 End=7789782331998 Duration=24378
Task=84 Chunk=1 Start=7789782332021 End=7789782332023 Duration=2
Task=84 Chunk=2 Start=7789782905931 End=7789782952639 Duration=46708
Task=85 Chunk=0 Start=7789782331998 End=7789782355490 Duration=23492
Task=85 Chunk=1 Start=7789782355515 End=7789782355516 Duration=1
Task=85 Chunk=2 Start=7789782952640 End=7789782998371 Duration=45731
Task=86 Chunk=0 Start=7789782356396 End=7789782379787 Duration=23391
Task=86 Chunk=1 Start=7789782379814 End=7789782379815 Duration=1
Task=86 Chunk=2 Start=7789782998372 End=7789783042923 Duration=44551
Task=87 Chunk=0 Start=7789782401488 End=7789782426481 Duration=24993
Task=87 Chunk=1 Start=7789782426524 End=7789782426531 Duration=7
Task=87 Chunk=2 Start=7789783042924 End=7789783086409 Duration=43485
Task=88 Chunk=0 Start=7789782448193 End=7789782471957 Duration=23764
Task=88 Chunk=1 Start=7789782471972 End=7789782471973 Duration=1
Task=88 Chunk=2 Start=7789783086409 End=7789783130764 Duration=44355
Task=89 Chunk=0 Start=7789782493555 End=7789782518013 Duration=24458
Task=89 Chunk=1 Start=7789782518034 End=7789782518039 Duration=5
Task=89 Chunk=2 Start=7789783130767 End=7789783174308 Duration=43541
Task=90 Chunk=0 Start=7789782539711 End=7789782563418 Duration=23707
Task=90 Chunk=1 Start=7789782563450 End=7789782563451 Duration=1
Task=90 Chunk=2 Start=7789783174309 End=7789783219061 Duration=44752
Task=91 Chunk=0 Start=7789782585420 End=7789782609009 Duration=23589
Task=91 Chunk=1 Start=7789782609031 End=7789782609032 Duration=1
Task=91 Chunk=2 Start=7789783219061 End=7789783262975 Duration=43914
Task=92 Chunk=0 Start=7789782631702 End=7789782655647 Duration=23945
Task=92 Chunk=1 Start=7789782655661 End=7789782655662 Duration=1
Task=92 Chunk=2 Start=7789783262976 End=7789783307372 Duration=44396
Task=93 Chunk=0 Start=7789782677597 End=7789782701724 Duration=24127
Task=93 Chunk=1 Start=7789782701770 End=7789782701771 Duration=1
Task=93 Chunk=2 Start=7789783307372 End=7789783351335 Duration=43963
Task=94 Chunk=0 Start=7789782723576 End=7789782747416 Duration=23840
Task=94 Chunk=1 Start=7789782747450 End=7789782747452 Duration=2
Task=94 Chunk=2 Start=7789783351336 End=7789783394815 Duration=43479
Task=95 Chunk=0 Start=7789782768907 End=7789782792671 Duration=23764
Task=95 Chunk=1 Start=7789782792711 End=7789782792712 Duration=1
Task=95 Chunk=2 Start=7789783394816 End=7789783438999 Duration=44183
Task=96 Chunk=0 Start=7789782814912 End=7789782838765 Duration=23853
Task=96 Chunk=1 Start=7789782838787 End=7789782838792 Duration=5
Task=96 Chunk=2 Start=7789783439000 End=7789783482624 Duration=43624
Task=97 Chunk=0 Start=7789782860328 End=7789782883795 Duration=23467
Task=97 Chunk=1 Start=7789782883826 End=7789782883831 Duration=5
Task=97 Chunk=2 Start=7789783482629 End=7789783527118 Duration=44489
Task=98 Chunk=0 Start=7789782905950 End=7789782932415 Duration=26465
Task=98 Chunk=1 Start=7789782932443 End=7789782932444 Duration=1
Task=98 Chunk=2 Start=7789783527119 End=7789783570845 Duration=43726
Task=99 Chunk=0 Start=7789782952655 End=7789782976377 Duration=23722
Task=99 Chunk=1 Start=7789782976393 End=7789782976394 Duration=1
Task=99 Chunk=2 Start=7789783570846 End=7789783615298 Duration=44452
### Python End ###

--------------------------------
[2025-06-28 12:16:54.605] [info] Available Vulkan Layers:
[2025-06-28 12:16:54.605] [warning] Validation layer requested but not available, continuing without it...
[2025-06-28 12:16:54.608] [info] Using integrated GPU: Mali-G710
[2025-06-28 12:16:54.611] [info] VulkanDispatcher instance created.
[2025-06-28 12:16:54.768] [info] Total memory used: 40550404 bytes (38.67188 MB)
[2025-06-28 12:16:54.772] [info] Total memory used: 40550404 bytes (38.67188 MB)
[2025-06-28 12:16:54.813] [info] Total memory used: 40550404 bytes (38.67188 MB)
[2025-06-28 12:16:54.818] [info] Total memory used: 40550404 bytes (38.67188 MB)
[2025-06-28 12:16:54.822] [info] Total memory used: 40550404 bytes (38.67188 MB)
[2025-06-28 12:16:54.895] [info] Total memory used: 40550404 bytes (38.67188 MB)
[2025-06-28 12:16:54.898] [info] Total memory used: 40550404 bytes (38.67188 MB)
[2025-06-28 12:16:54.902] [info] Total memory used: 40550404 bytes (38.67188 MB)
[2025-06-28 12:16:54.906] [info] Total memory used: 40550404 bytes (38.67188 MB)
[2025-06-28 12:16:54.909] [info] Total memory used: 40550404 bytes (38.67188 MB)
[2025-06-28 12:16:54.959] [info] Total memory used: 40550404 bytes (38.67188 MB)
[2025-06-28 12:16:54.963] [info] Total memory used: 40550404 bytes (38.67188 MB)
[2025-06-28 12:16:54.966] [info] Total memory used: 40550404 bytes (38.67188 MB)
[2025-06-28 12:16:54.970] [info] Total memory used: 40550404 bytes (38.67188 MB)
[2025-06-28 12:16:54.998] [info] Total memory used: 40550404 bytes (38.67188 MB)
[2025-06-28 12:16:55.003] [info] Total memory used: 40550404 bytes (38.67188 MB)
### Python Begin ###
Schedule_UID=SCH-L2B2G3-G200-463a
Frequency=24576000 Hz
Task=0 Chunk=0 Start=7789793914759 End=7789794001036 Duration=86277
Task=0 Chunk=1 Start=7789794001049 End=7789794212148 Duration=211099
Task=0 Chunk=2 Start=7789794279671 End=7789794422579 Duration=142908
Task=1 Chunk=0 Start=7789794001045 End=7789794076224 Duration=75179
Task=1 Chunk=1 Start=7789794212157 End=7789794362076 Duration=149919
Task=1 Chunk=2 Start=7789794422588 End=7789794471140 Duration=48552
Task=2 Chunk=0 Start=7789794076252 End=7789794156225 Duration=79973
Task=2 Chunk=1 Start=7789794362092 End=7789794492384 Duration=130292
Task=2 Chunk=2 Start=7789794492397 End=7789794538856 Duration=46459
Task=3 Chunk=0 Start=7789794156243 End=7789794231609 Duration=75366
Task=3 Chunk=1 Start=7789794492386 End=7789794621004 Duration=128618
Task=3 Chunk=2 Start=7789794621013 End=7789794663595 Duration=42582
Task=4 Chunk=0 Start=7789794231622 End=7789794304986 Duration=73364
Task=4 Chunk=1 Start=7789794621004 End=7789794748825 Duration=127821
Task=4 Chunk=2 Start=7789794748842 End=7789794791830 Duration=42988
Task=5 Chunk=0 Start=7789794305008 End=7789794389865 Duration=84857
Task=5 Chunk=1 Start=7789794748831 End=7789794877274 Duration=128443
Task=5 Chunk=2 Start=7789794877287 End=7789794919360 Duration=42073
Task=6 Chunk=0 Start=7789794389899 End=7789794473045 Duration=83146
Task=6 Chunk=1 Start=7789794877277 End=7789795005803 Duration=128526
Task=6 Chunk=2 Start=7789795005812 End=7789795047661 Duration=41849
Task=7 Chunk=0 Start=7789794473058 End=7789794533779 Duration=60721
Task=7 Chunk=1 Start=7789795005803 End=7789795133226 Duration=127423
Task=7 Chunk=2 Start=7789795133238 End=7789795175734 Duration=42496
Task=8 Chunk=0 Start=7789794533789 End=7789794589589 Duration=55800
Task=8 Chunk=1 Start=7789795133227 End=7789795260722 Duration=127495
Task=8 Chunk=2 Start=7789795260742 End=7789795302708 Duration=41966
Task=9 Chunk=0 Start=7789794589599 End=7789794647003 Duration=57404
Task=9 Chunk=1 Start=7789795260736 End=7789795389315 Duration=128579
Task=9 Chunk=2 Start=7789795389326 End=7789795432447 Duration=43121
Task=10 Chunk=0 Start=7789794647027 End=7789794707641 Duration=60614
Task=10 Chunk=1 Start=7789795389315 End=7789795517691 Duration=128376
Task=10 Chunk=2 Start=7789795517717 End=7789795559956 Duration=42239
Task=11 Chunk=0 Start=7789794707648 End=7789794763726 Duration=56078
Task=11 Chunk=1 Start=7789795517692 End=7789795644957 Duration=127265
Task=11 Chunk=2 Start=7789795644972 End=7789795686931 Duration=41959
Task=12 Chunk=0 Start=7789794763735 End=7789794825289 Duration=61554
Task=12 Chunk=1 Start=7789795644958 End=7789795772157 Duration=127199
Task=12 Chunk=2 Start=7789795772169 End=7789795814234 Duration=42065
Task=13 Chunk=0 Start=7789794825302 End=7789794881076 Duration=55774
Task=13 Chunk=1 Start=7789795772163 End=7789795899913 Duration=127750
Task=13 Chunk=2 Start=7789795899930 End=7789795941750 Duration=41820
Task=14 Chunk=0 Start=7789794881090 End=7789794940677 Duration=59587
Task=14 Chunk=1 Start=7789795899914 End=7789796027616 Duration=127702
Task=14 Chunk=2 Start=7789796027625 End=7789796069446 Duration=41821
Task=15 Chunk=0 Start=7789794940688 End=7789794996885 Duration=56197
Task=15 Chunk=1 Start=7789796027617 End=7789796154490 Duration=126873
Task=15 Chunk=2 Start=7789796154495 End=7789796196460 Duration=41965
Task=16 Chunk=0 Start=7789794996899 End=7789795057922 Duration=61023
Task=16 Chunk=1 Start=7789796154492 End=7789796282207 Duration=127715
Task=16 Chunk=2 Start=7789796282222 End=7789796324490 Duration=42268
Task=17 Chunk=0 Start=7789795057934 End=7789795115952 Duration=58018
Task=17 Chunk=1 Start=7789796282207 End=7789796409123 Duration=126916
Task=17 Chunk=2 Start=7789796409134 End=7789796451798 Duration=42664
Task=18 Chunk=0 Start=7789795115968 End=7789795171889 Duration=55921
Task=18 Chunk=1 Start=7789796409123 End=7789796535907 Duration=126784
Task=18 Chunk=2 Start=7789796535919 End=7789796577798 Duration=41879
Task=19 Chunk=0 Start=7789795171901 End=7789795231252 Duration=59351
Task=19 Chunk=1 Start=7789796535907 End=7789796663153 Duration=127246
Task=19 Chunk=2 Start=7789796663162 End=7789796705517 Duration=42355
Task=20 Chunk=0 Start=7789795231272 End=7789795287477 Duration=56205
Task=20 Chunk=1 Start=7789796663154 End=7789796790834 Duration=127680
Task=20 Chunk=2 Start=7789796790848 End=7789796832887 Duration=42039
Task=21 Chunk=0 Start=7789795287487 End=7789795347343 Duration=59856
Task=21 Chunk=1 Start=7789796790834 End=7789796917981 Duration=127147
Task=21 Chunk=2 Start=7789796917995 End=7789796960010 Duration=42015
Task=22 Chunk=0 Start=7789795347353 End=7789795405422 Duration=58069
Task=22 Chunk=1 Start=7789796917984 End=7789797044740 Duration=126756
Task=22 Chunk=2 Start=7789797044754 End=7789797086460 Duration=41706
Task=23 Chunk=0 Start=7789795405430 End=7789795464373 Duration=58943
Task=23 Chunk=1 Start=7789797044740 End=7789797172201 Duration=127461
Task=23 Chunk=2 Start=7789797172223 End=7789797214100 Duration=41877
Task=24 Chunk=0 Start=7789795464381 End=7789795522622 Duration=58241
Task=24 Chunk=1 Start=7789797172202 End=7789797298739 Duration=126537
Task=24 Chunk=2 Start=7789797298744 End=7789797340665 Duration=41921
Task=25 Chunk=0 Start=7789795559972 End=7789795617427 Duration=57455
Task=25 Chunk=1 Start=7789797298742 End=7789797426349 Duration=127607
Task=25 Chunk=2 Start=7789797426363 End=7789797467451 Duration=41088
Task=26 Chunk=0 Start=7789795686960 End=7789795744259 Duration=57299
Task=26 Chunk=1 Start=7789797426352 End=7789797552844 Duration=126492
Task=26 Chunk=2 Start=7789797552858 End=7789797595839 Duration=42981
Task=27 Chunk=0 Start=7789795814271 End=7789795870204 Duration=55933
Task=27 Chunk=1 Start=7789797552844 End=7789797680663 Duration=127819
Task=27 Chunk=2 Start=7789797680670 End=7789797722137 Duration=41467
Task=28 Chunk=0 Start=7789795941759 End=7789795998806 Duration=57047
Task=28 Chunk=1 Start=7789797680663 End=7789797807008 Duration=126345
Task=28 Chunk=2 Start=7789797807015 End=7789797848845 Duration=41830
Task=29 Chunk=0 Start=7789796069566 End=7789796126502 Duration=56936
Task=29 Chunk=1 Start=7789797807008 End=7789797933864 Duration=126856
Task=29 Chunk=2 Start=7789797933868 End=7789797975043 Duration=41175
Task=30 Chunk=0 Start=7789796196487 End=7789796252999 Duration=56512
Task=30 Chunk=1 Start=7789797933865 End=7789798061300 Duration=127435
Task=30 Chunk=2 Start=7789798061315 End=7789798103531 Duration=42216
Task=31 Chunk=0 Start=7789796324506 End=7789796382156 Duration=57650
Task=31 Chunk=1 Start=7789798061313 End=7789798188133 Duration=126820
Task=31 Chunk=2 Start=7789798188149 End=7789798230451 Duration=42302
Task=32 Chunk=0 Start=7789796451811 End=7789796509261 Duration=57450
Task=32 Chunk=1 Start=7789798188134 End=7789798314963 Duration=126829
Task=32 Chunk=2 Start=7789798314983 End=7789798356721 Duration=41738
Task=33 Chunk=0 Start=7789796579160 End=7789796635725 Duration=56565
Task=33 Chunk=1 Start=7789798314964 End=7789798442347 Duration=127383
Task=33 Chunk=2 Start=7789798442354 End=7789798484119 Duration=41765
Task=34 Chunk=0 Start=7789796705526 End=7789796762006 Duration=56480
Task=34 Chunk=1 Start=7789798442347 End=7789798569119 Duration=126772
Task=34 Chunk=2 Start=7789798569133 End=7789798610511 Duration=41378
Task=35 Chunk=0 Start=7789796832926 End=7789796891780 Duration=58854
Task=35 Chunk=1 Start=7789798569119 End=7789798695706 Duration=126587
Task=35 Chunk=2 Start=7789798695718 End=7789798742800 Duration=47082
Task=36 Chunk=0 Start=7789796960022 End=7789797017238 Duration=57216
Task=36 Chunk=1 Start=7789798695706 End=7789798822301 Duration=126595
Task=36 Chunk=2 Start=7789798822308 End=7789798864092 Duration=41784
Task=37 Chunk=0 Start=7789797086591 End=7789797142723 Duration=56132
Task=37 Chunk=1 Start=7789798822302 End=7789798949714 Duration=127412
Task=37 Chunk=2 Start=7789798949729 End=7789798991701 Duration=41972
Task=38 Chunk=0 Start=7789797214132 End=7789797271979 Duration=57847
Task=38 Chunk=1 Start=7789798949714 End=7789799076673 Duration=126959
Task=38 Chunk=2 Start=7789799076685 End=7789799118991 Duration=42306
Task=39 Chunk=0 Start=7789797340914 End=7789797398702 Duration=57788
Task=39 Chunk=1 Start=7789799076681 End=7789799203223 Duration=126542
Task=39 Chunk=2 Start=7789799203231 End=7789799244936 Duration=41705
Task=40 Chunk=0 Start=7789797467473 End=7789797523500 Duration=56027
Task=40 Chunk=1 Start=7789799203224 End=7789799330322 Duration=127098
Task=40 Chunk=2 Start=7789799330331 End=7789799372991 Duration=42660
Task=41 Chunk=0 Start=7789797595859 End=7789797652195 Duration=56336
Task=41 Chunk=1 Start=7789799330329 End=7789799457176 Duration=126847
Task=41 Chunk=2 Start=7789799457186 End=7789799499248 Duration=42062
Task=42 Chunk=0 Start=7789797722423 End=7789797779723 Duration=57300
Task=42 Chunk=1 Start=7789799457176 End=7789799583595 Duration=126419
Task=42 Chunk=2 Start=7789799583605 End=7789799629248 Duration=45643
Task=43 Chunk=0 Start=7789797848867 End=7789797906098 Duration=57231
Task=43 Chunk=1 Start=7789799583596 End=7789799710254 Duration=126658
Task=43 Chunk=2 Start=7789799710270 End=7789799751854 Duration=41584
Task=44 Chunk=0 Start=7789797975057 End=7789798032372 Duration=57315
Task=44 Chunk=1 Start=7789799710255 End=7789799837614 Duration=127359
Task=44 Chunk=2 Start=7789799837621 End=7789799879357 Duration=41736
Task=45 Chunk=0 Start=7789798103605 End=7789798161710 Duration=58105
Task=45 Chunk=1 Start=7789799837618 End=7789799964335 Duration=126717
Task=45 Chunk=2 Start=7789799964349 End=7789800006251 Duration=41902
Task=46 Chunk=0 Start=7789798232591 End=7789798290752 Duration=58161
Task=46 Chunk=1 Start=7789799964339 End=7789800091496 Duration=127157
Task=46 Chunk=2 Start=7789800091503 End=7789800133481 Duration=41978
Task=47 Chunk=0 Start=7789798356733 End=7789798412953 Duration=56220
Task=47 Chunk=1 Start=7789800091496 End=7789800218799 Duration=127303
Task=47 Chunk=2 Start=7789800218807 End=7789800260638 Duration=41831
Task=48 Chunk=0 Start=7789798484149 End=7789798541563 Duration=57414
Task=48 Chunk=1 Start=7789800218800 End=7789800345720 Duration=126920
Task=48 Chunk=2 Start=7789800345729 End=7789800388256 Duration=42527
Task=49 Chunk=0 Start=7789798610547 End=7789798667777 Duration=57230
Task=49 Chunk=1 Start=7789800345723 End=7789800472249 Duration=126526
Task=49 Chunk=2 Start=7789800472265 End=7789800514078 Duration=41813
Task=50 Chunk=0 Start=7789798742836 End=7789798799875 Duration=57039
Task=50 Chunk=1 Start=7789800472252 End=7789800598610 Duration=126358
Task=50 Chunk=2 Start=7789800598619 End=7789800640887 Duration=42268
Task=51 Chunk=0 Start=7789798864115 End=7789798920486 Duration=56371
Task=51 Chunk=1 Start=7789800598614 End=7789800725953 Duration=127339
Task=51 Chunk=2 Start=7789800725971 End=7789800767492 Duration=41521
Task=52 Chunk=0 Start=7789798991739 End=7789799049538 Duration=57799
Task=52 Chunk=1 Start=7789800725954 End=7789800852352 Duration=126398
Task=52 Chunk=2 Start=7789800852359 End=7789800894914 Duration=42555
Task=53 Chunk=0 Start=7789799119014 End=7789799176141 Duration=57127
Task=53 Chunk=1 Start=7789800852353 End=7789800978961 Duration=126608
Task=53 Chunk=2 Start=7789800978973 End=7789801020749 Duration=41776
Task=54 Chunk=0 Start=7789799244955 End=7789799302761 Duration=57806
Task=54 Chunk=1 Start=7789800978961 End=7789801106174 Duration=127213
Task=54 Chunk=2 Start=7789801106186 End=7789801147794 Duration=41608
Task=55 Chunk=0 Start=7789799373021 End=7789799430560 Duration=57539
Task=55 Chunk=1 Start=7789801106175 End=7789801232725 Duration=126550
Task=55 Chunk=2 Start=7789801232735 End=7789801274249 Duration=41514
Task=56 Chunk=0 Start=7789799499280 End=7789799556571 Duration=57291
Task=56 Chunk=1 Start=7789801232725 End=7789801359405 Duration=126680
Task=56 Chunk=2 Start=7789801359423 End=7789801400857 Duration=41434
Task=57 Chunk=0 Start=7789799629259 End=7789799685228 Duration=55969
Task=57 Chunk=1 Start=7789801359406 End=7789801485617 Duration=126211
Task=57 Chunk=2 Start=7789801485632 End=7789801530464 Duration=44832
Task=58 Chunk=0 Start=7789799751869 End=7789799807686 Duration=55817
Task=58 Chunk=1 Start=7789801485618 End=7789801612993 Duration=127375
Task=58 Chunk=2 Start=7789801613003 End=7789801654465 Duration=41462
Task=59 Chunk=0 Start=7789799879364 End=7789799936697 Duration=57333
Task=59 Chunk=1 Start=7789801612994 End=7789801739534 Duration=126540
Task=59 Chunk=2 Start=7789801739546 End=7789801781068 Duration=41522
Task=60 Chunk=0 Start=7789800006319 End=7789800064452 Duration=58133
Task=60 Chunk=1 Start=7789801739535 End=7789801865974 Duration=126439
Task=60 Chunk=2 Start=7789801865988 End=7789801907508 Duration=41520
Task=61 Chunk=0 Start=7789800133520 End=7789800190417 Duration=56897
Task=61 Chunk=1 Start=7789801865974 End=7789801993161 Duration=127187
Task=61 Chunk=2 Start=7789801993173 End=7789802034873 Duration=41700
Task=62 Chunk=0 Start=7789800260661 End=7789800318161 Duration=57500
Task=62 Chunk=1 Start=7789801993165 End=7789802120115 Duration=126950
Task=62 Chunk=2 Start=7789802120128 End=7789802161730 Duration=41602
Task=63 Chunk=0 Start=7789800388280 End=7789800445807 Duration=57527
Task=63 Chunk=1 Start=7789802120116 End=7789802246994 Duration=126878
Task=63 Chunk=2 Start=7789802247005 End=7789802292674 Duration=45669
Task=64 Chunk=0 Start=7789800514119 End=7789800571832 Duration=57713
Task=64 Chunk=1 Start=7789802246999 End=7789802374462 Duration=127463
Task=64 Chunk=2 Start=7789802374479 End=7789802416484 Duration=42005
Task=65 Chunk=0 Start=7789800640918 End=7789800697275 Duration=56357
Task=65 Chunk=1 Start=7789802374463 End=7789802505122 Duration=130659
Task=65 Chunk=2 Start=7789802505135 End=7789802547142 Duration=42007
Task=66 Chunk=0 Start=7789800767524 End=7789800824878 Duration=57354
Task=66 Chunk=1 Start=7789802505122 End=7789802635998 Duration=130876
Task=66 Chunk=2 Start=7789802636012 End=7789802677774 Duration=41762
Task=67 Chunk=0 Start=7789800894953 End=7789800952272 Duration=57319
Task=67 Chunk=1 Start=7789802636001 End=7789802766973 Duration=130972
Task=67 Chunk=2 Start=7789802766992 End=7789802808790 Duration=41798
Task=68 Chunk=0 Start=7789801020776 End=7789801076834 Duration=56058
Task=68 Chunk=1 Start=7789802766976 End=7789802897126 Duration=130150
Task=68 Chunk=2 Start=7789802897137 End=7789802938989 Duration=41852
Task=69 Chunk=0 Start=7789801147820 End=7789801205225 Duration=57405
Task=69 Chunk=1 Start=7789802897127 End=7789803027442 Duration=130315
Task=69 Chunk=2 Start=7789803027459 End=7789803069318 Duration=41859
Task=70 Chunk=0 Start=7789801274277 End=7789801331540 Duration=57263
Task=70 Chunk=1 Start=7789803027443 End=7789803157369 Duration=129926
Task=70 Chunk=2 Start=7789803157375 End=7789803200086 Duration=42711
Task=71 Chunk=0 Start=7789801400887 End=7789801457246 Duration=56359
Task=71 Chunk=1 Start=7789803157369 End=7789803288440 Duration=131071
Task=71 Chunk=2 Start=7789803288451 End=7789803330615 Duration=42164
Task=72 Chunk=0 Start=7789801530487 End=7789801588011 Duration=57524
Task=72 Chunk=1 Start=7789803288441 End=7789803418926 Duration=130485
Task=72 Chunk=2 Start=7789803418941 End=7789803460283 Duration=41342
Task=73 Chunk=0 Start=7789801654498 End=7789801712662 Duration=58164
Task=73 Chunk=1 Start=7789803418926 End=7789803549072 Duration=130146
Task=73 Chunk=2 Start=7789803549087 End=7789803593184 Duration=44097
Task=74 Chunk=0 Start=7789801781076 End=7789801838754 Duration=57678
Task=74 Chunk=1 Start=7789803549073 End=7789803680513 Duration=131440
Task=74 Chunk=2 Start=7789803680524 End=7789803722043 Duration=41519
Task=75 Chunk=0 Start=7789801907531 End=7789801964140 Duration=56609
Task=75 Chunk=1 Start=7789803680513 End=7789803810800 Duration=130287
Task=75 Chunk=2 Start=7789803810821 End=7789803852360 Duration=41539
Task=76 Chunk=0 Start=7789802035137 End=7789802092794 Duration=57657
Task=76 Chunk=1 Start=7789803810804 End=7789803941853 Duration=131049
Task=76 Chunk=2 Start=7789803941874 End=7789803984518 Duration=42644
Task=77 Chunk=0 Start=7789802162057 End=7789802220022 Duration=57965
Task=77 Chunk=1 Start=7789803941861 End=7789804072912 Duration=131051
Task=77 Chunk=2 Start=7789804072920 End=7789804114168 Duration=41248
Task=78 Chunk=0 Start=7789802292696 End=7789802349280 Duration=56584
Task=78 Chunk=1 Start=7789804072912 End=7789804203725 Duration=130813
Task=78 Chunk=2 Start=7789804203740 End=7789804245169 Duration=41429
Task=79 Chunk=0 Start=7789802416512 End=7789802473622 Duration=57110
Task=79 Chunk=1 Start=7789804203731 End=7789804334054 Duration=130323
Task=79 Chunk=2 Start=7789804334061 End=7789804377888 Duration=43827
Task=80 Chunk=0 Start=7789802547170 End=7789802605269 Duration=58099
Task=80 Chunk=1 Start=7789804334057 End=7789804465416 Duration=131359
Task=80 Chunk=2 Start=7789804465434 End=7789804507048 Duration=41614
Task=81 Chunk=0 Start=7789802677808 End=7789802734725 Duration=56917
Task=81 Chunk=1 Start=7789804465416 End=7789804595827 Duration=130411
Task=81 Chunk=2 Start=7789804595841 End=7789804637632 Duration=41791
Task=82 Chunk=0 Start=7789802808818 End=7789802866539 Duration=57721
Task=82 Chunk=1 Start=7789804595827 End=7789804726492 Duration=130665
Task=82 Chunk=2 Start=7789804726507 End=7789804770809 Duration=44302
Task=83 Chunk=0 Start=7789802939031 End=7789802996706 Duration=57675
Task=83 Chunk=1 Start=7789804726493 End=7789804857281 Duration=130788
Task=83 Chunk=2 Start=7789804857295 End=7789804898523 Duration=41228
Task=84 Chunk=0 Start=7789803069342 End=7789803125788 Duration=56446
Task=84 Chunk=1 Start=7789804857281 End=7789804987583 Duration=130302
Task=84 Chunk=2 Start=7789804987588 End=7789805029015 Duration=41427
Task=85 Chunk=0 Start=7789803200118 End=7789803256654 Duration=56536
Task=85 Chunk=1 Start=7789804987584 End=7789805118157 Duration=130573
Task=85 Chunk=2 Start=7789805118180 End=7789805162851 Duration=44671
Task=86 Chunk=0 Start=7789803330630 End=7789803389668 Duration=59038
Task=86 Chunk=1 Start=7789805118168 End=7789805258208 Duration=140040
Task=86 Chunk=2 Start=7789805258226 End=7789805301026 Duration=42800
Task=87 Chunk=0 Start=7789803460295 End=7789803516499 Duration=56204
Task=87 Chunk=1 Start=7789805258209 End=7789805396918 Duration=138709
Task=87 Chunk=2 Start=7789805396930 End=7789805451932 Duration=55002
Task=88 Chunk=0 Start=7789803593202 End=7789803649512 Duration=56310
Task=88 Chunk=1 Start=7789805396923 End=7789805536308 Duration=139385
Task=88 Chunk=2 Start=7789805536317 End=7789805577028 Duration=40711
Task=89 Chunk=0 Start=7789803722060 End=7789803780487 Duration=58427
Task=89 Chunk=1 Start=7789805536312 End=7789805675446 Duration=139134
Task=89 Chunk=2 Start=7789805675458 End=7789805718286 Duration=42828
Task=90 Chunk=0 Start=7789803852386 End=7789803910926 Duration=58540
Task=90 Chunk=1 Start=7789805675449 End=7789805814964 Duration=139515
Task=90 Chunk=2 Start=7789805814981 End=7789805857821 Duration=42840
Task=91 Chunk=0 Start=7789803984527 End=7789804041426 Duration=56899
Task=91 Chunk=1 Start=7789805814971 End=7789805953884 Duration=138913
Task=91 Chunk=2 Start=7789805953900 End=7789805996645 Duration=42745
Task=92 Chunk=0 Start=7789804114384 End=7789804172332 Duration=57948
Task=92 Chunk=1 Start=7789805953887 End=7789806092792 Duration=138905
Task=92 Chunk=2 Start=7789806092812 End=7789806135641 Duration=42829
Task=93 Chunk=0 Start=7789804245177 End=7789804301812 Duration=56635
Task=93 Chunk=1 Start=7789806092797 End=7789806233033 Duration=140236
Task=93 Chunk=2 Start=7789806233043 End=7789806276026 Duration=42983
Task=94 Chunk=0 Start=7789804377927 End=7789804434191 Duration=56264
Task=94 Chunk=1 Start=7789806233036 End=7789806372082 Duration=139046
Task=94 Chunk=2 Start=7789806372089 End=7789806411926 Duration=39837
Task=95 Chunk=0 Start=7789804507078 End=7789804564666 Duration=57588
Task=95 Chunk=1 Start=7789806372082 End=7789806512230 Duration=140148
Task=95 Chunk=2 Start=7789806512234 End=7789806552784 Duration=40550
Task=96 Chunk=0 Start=7789804637655 End=7789804693993 Duration=56338
Task=96 Chunk=1 Start=7789806512230 End=7789806651348 Duration=139118
Task=96 Chunk=2 Start=7789806651363 End=7789806692651 Duration=41288
Task=97 Chunk=0 Start=7789804770820 End=7789804827426 Duration=56606
Task=97 Chunk=1 Start=7789806651352 End=7789806790241 Duration=138889
Task=97 Chunk=2 Start=7789806790253 End=7789806832158 Duration=41905
Task=98 Chunk=0 Start=7789804898535 End=7789804956485 Duration=57950
Task=98 Chunk=1 Start=7789806790243 End=7789806930065 Duration=139822
Task=98 Chunk=2 Start=7789806930088 End=7789806973459 Duration=43371
Task=99 Chunk=0 Start=7789805029029 End=7789805085736 Duration=56707
Task=99 Chunk=1 Start=7789806930075 End=7789807069132 Duration=139057
Task=99 Chunk=2 Start=7789807069141 End=7789807111955 Duration=42814
### Python End ###

--------------------------------
[2025-06-28 12:16:55.562] [info] Available Vulkan Layers:
[2025-06-28 12:16:55.562] [warning] Validation layer requested but not available, continuing without it...
[2025-06-28 12:16:55.564] [info] Using integrated GPU: Mali-G710
[2025-06-28 12:16:55.566] [info] VulkanDispatcher instance created.
[2025-06-28 12:16:55.739] [info] Total memory used: 40550404 bytes (38.67188 MB)
[2025-06-28 12:16:55.743] [info] Total memory used: 40550404 bytes (38.67188 MB)
[2025-06-28 12:16:55.820] [info] Total memory used: 40550404 bytes (38.67188 MB)
[2025-06-28 12:16:55.825] [info] Total memory used: 40550404 bytes (38.67188 MB)
[2025-06-28 12:16:55.830] [info] Total memory used: 40550404 bytes (38.67188 MB)
[2025-06-28 12:16:55.882] [info] Total memory used: 40550404 bytes (38.67188 MB)
[2025-06-28 12:16:55.886] [info] Total memory used: 40550404 bytes (38.67188 MB)
[2025-06-28 12:16:55.890] [info] Total memory used: 40550404 bytes (38.67188 MB)
[2025-06-28 12:16:55.893] [info] Total memory used: 40550404 bytes (38.67188 MB)
[2025-06-28 12:16:55.897] [info] Total memory used: 40550404 bytes (38.67188 MB)
[2025-06-28 12:16:55.963] [info] Total memory used: 40550404 bytes (38.67188 MB)
[2025-06-28 12:16:55.967] [info] Total memory used: 40550404 bytes (38.67188 MB)
[2025-06-28 12:16:55.971] [info] Total memory used: 40550404 bytes (38.67188 MB)
[2025-06-28 12:16:55.974] [info] Total memory used: 40550404 bytes (38.67188 MB)
[2025-06-28 12:16:55.978] [info] Total memory used: 40550404 bytes (38.67188 MB)
[2025-06-28 12:16:55.982] [info] Total memory used: 40550404 bytes (38.67188 MB)
### Python Begin ###
Schedule_UID=SCH-L2B5-G209-1c11
Frequency=24576000 Hz
Task=0 Chunk=0 Start=7789817964190 End=7789818037643 Duration=73453
Task=0 Chunk=1 Start=7789818037675 End=7789818252432 Duration=214757
Task=1 Chunk=0 Start=7789818037655 End=7789818096523 Duration=58868
Task=1 Chunk=1 Start=7789818252461 End=7789818442003 Duration=189542
Task=2 Chunk=0 Start=7789818096548 End=7789818157794 Duration=61246
Task=2 Chunk=1 Start=7789818442019 End=7789818624788 Duration=182769
Task=3 Chunk=0 Start=7789818157817 End=7789818221221 Duration=63404
Task=3 Chunk=1 Start=7789818624794 End=7789818804512 Duration=179718
Task=4 Chunk=0 Start=7789818221304 End=7789818281025 Duration=59721
Task=4 Chunk=1 Start=7789818804531 End=7789818981664 Duration=177133
Task=5 Chunk=0 Start=7789818281039 End=7789818340523 Duration=59484
Task=5 Chunk=1 Start=7789818981665 End=7789819160387 Duration=178722
Task=6 Chunk=0 Start=7789818340537 End=7789818398472 Duration=57935
Task=6 Chunk=1 Start=7789819160391 End=7789819338615 Duration=178224
Task=7 Chunk=0 Start=7789818398503 End=7789818455774 Duration=57271
Task=7 Chunk=1 Start=7789819338616 End=7789819517454 Duration=178838
Task=8 Chunk=0 Start=7789818455786 End=7789818514048 Duration=58262
Task=8 Chunk=1 Start=7789819517454 End=7789819695919 Duration=178465
Task=9 Chunk=0 Start=7789818514059 End=7789818569910 Duration=55851
Task=9 Chunk=1 Start=7789819695919 End=7789819874537 Duration=178618
Task=10 Chunk=0 Start=7789818569938 End=7789818629125 Duration=59187
Task=10 Chunk=1 Start=7789819874537 End=7789820051600 Duration=177063
Task=11 Chunk=0 Start=7789818629135 End=7789818684579 Duration=55444
Task=11 Chunk=1 Start=7789820051601 End=7789820230010 Duration=178409
Task=12 Chunk=0 Start=7789818684583 End=7789818742555 Duration=57972
Task=12 Chunk=1 Start=7789820230010 End=7789820407947 Duration=177937
Task=13 Chunk=0 Start=7789818742578 End=7789818801048 Duration=58470
Task=13 Chunk=1 Start=7789820407948 End=7789820586106 Duration=178158
Task=14 Chunk=0 Start=7789818801078 End=7789818857472 Duration=56394
Task=14 Chunk=1 Start=7789820586106 End=7789820764030 Duration=177924
Task=15 Chunk=0 Start=7789818857481 End=7789818914983 Duration=57502
Task=15 Chunk=1 Start=7789820764030 End=7789820941052 Duration=177022
Task=16 Chunk=0 Start=7789818914995 End=7789818972055 Duration=57060
Task=16 Chunk=1 Start=7789820941052 End=7789821118405 Duration=177353
Task=17 Chunk=0 Start=7789818972083 End=7789819032038 Duration=59955
Task=17 Chunk=1 Start=7789821118411 End=7789821296296 Duration=177885
Task=18 Chunk=0 Start=7789819032056 End=7789819089826 Duration=57770
Task=18 Chunk=1 Start=7789821296297 End=7789821474186 Duration=177889
Task=19 Chunk=0 Start=7789819089853 End=7789819146714 Duration=56861
Task=19 Chunk=1 Start=7789821474187 End=7789821650681 Duration=176494
Task=20 Chunk=0 Start=7789819160410 End=7789819218319 Duration=57909
Task=20 Chunk=1 Start=7789821650684 End=7789821827952 Duration=177268
Task=21 Chunk=0 Start=7789819338658 End=7789819396221 Duration=57563
Task=21 Chunk=1 Start=7789821827953 End=7789822005702 Duration=177749
Task=22 Chunk=0 Start=7789819517484 End=7789819573404 Duration=55920
Task=22 Chunk=1 Start=7789822005703 End=7789822182984 Duration=177281
Task=23 Chunk=0 Start=7789819695957 End=7789819751776 Duration=55819
Task=23 Chunk=1 Start=7789822182984 End=7789822360577 Duration=177593
Task=24 Chunk=0 Start=7789819874557 End=7789819930225 Duration=55668
Task=24 Chunk=1 Start=7789822360581 End=7789822537429 Duration=176848
Task=25 Chunk=0 Start=7789820051619 End=7789820111254 Duration=59635
Task=25 Chunk=1 Start=7789822537432 End=7789822714004 Duration=176572
Task=26 Chunk=0 Start=7789820230064 End=7789820287254 Duration=57190
Task=26 Chunk=1 Start=7789822714007 End=7789822891593 Duration=177586
Task=27 Chunk=0 Start=7789820407977 End=7789820465283 Duration=57306
Task=27 Chunk=1 Start=7789822891597 End=7789823068540 Duration=176943
Task=28 Chunk=0 Start=7789820586139 End=7789820642021 Duration=55882
Task=28 Chunk=1 Start=7789823068541 End=7789823246836 Duration=178295
Task=29 Chunk=0 Start=7789820764061 End=7789820820093 Duration=56032
Task=29 Chunk=1 Start=7789823246839 End=7789823424266 Duration=177427
Task=30 Chunk=0 Start=7789820941087 End=7789820998878 Duration=57791
Task=30 Chunk=1 Start=7789823424266 End=7789823601475 Duration=177209
Task=31 Chunk=0 Start=7789821118443 End=7789821176577 Duration=58134
Task=31 Chunk=1 Start=7789823601475 End=7789823778818 Duration=177343
Task=32 Chunk=0 Start=7789821296327 End=7789821353970 Duration=57643
Task=32 Chunk=1 Start=7789823778818 End=7789823956969 Duration=178151
Task=33 Chunk=0 Start=7789821474219 End=7789821530410 Duration=56191
Task=33 Chunk=1 Start=7789823956970 End=7789824134140 Duration=177170
Task=34 Chunk=0 Start=7789821650736 End=7789821707328 Duration=56592
Task=34 Chunk=1 Start=7789824134140 End=7789824310715 Duration=176575
Task=35 Chunk=0 Start=7789821828001 End=7789821885682 Duration=57681
Task=35 Chunk=1 Start=7789824310718 End=7789824486855 Duration=176137
Task=36 Chunk=0 Start=7789822005735 End=7789822063593 Duration=57858
Task=36 Chunk=1 Start=7789824486855 End=7789824669227 Duration=182372
Task=37 Chunk=0 Start=7789822183026 End=7789822240131 Duration=57105
Task=37 Chunk=1 Start=7789824669228 End=7789824851345 Duration=182117
Task=38 Chunk=0 Start=7789822360612 End=7789822416577 Duration=55965
Task=38 Chunk=1 Start=7789824851346 End=7789825034104 Duration=182758
Task=39 Chunk=0 Start=7789822537453 End=7789822593329 Duration=55876
Task=39 Chunk=1 Start=7789825034105 End=7789825216751 Duration=182646
Task=40 Chunk=0 Start=7789822714029 End=7789822771412 Duration=57383
Task=40 Chunk=1 Start=7789825216752 End=7789825398956 Duration=182204
Task=41 Chunk=0 Start=7789822891621 End=7789822949022 Duration=57401
Task=41 Chunk=1 Start=7789825398960 End=7789825581659 Duration=182699
Task=42 Chunk=0 Start=7789823068564 End=7789823126971 Duration=58407
Task=42 Chunk=1 Start=7789825581659 End=7789825762722 Duration=181063
Task=43 Chunk=0 Start=7789823246865 End=7789823303027 Duration=56162
Task=43 Chunk=1 Start=7789825762725 End=7789825950136 Duration=187411
Task=44 Chunk=0 Start=7789823424312 End=7789823480201 Duration=55889
Task=44 Chunk=1 Start=7789825950137 End=7789826145112 Duration=194975
Task=45 Chunk=0 Start=7789823601489 End=7789823659197 Duration=57708
Task=45 Chunk=1 Start=7789826145113 End=7789826340231 Duration=195118
Task=46 Chunk=0 Start=7789823778852 End=7789823847395 Duration=68543
Task=46 Chunk=1 Start=7789826340232 End=7789826535263 Duration=195031
Task=47 Chunk=0 Start=7789823957009 End=7789824014721 Duration=57712
Task=47 Chunk=1 Start=7789826535263 End=7789826731088 Duration=195825
Task=48 Chunk=0 Start=7789824134176 End=7789824190174 Duration=55998
Task=48 Chunk=1 Start=7789826731089 End=7789826926131 Duration=195042
Task=49 Chunk=0 Start=7789824310760 End=7789824367103 Duration=56343
Task=49 Chunk=1 Start=7789826926133 End=7789827120520 Duration=194387
Task=50 Chunk=0 Start=7789824486899 End=7789824544110 Duration=57211
Task=50 Chunk=1 Start=7789827120543 End=7789827315053 Duration=194510
Task=51 Chunk=0 Start=7789824669267 End=7789824726879 Duration=57612
Task=51 Chunk=1 Start=7789827315067 End=7789827501603 Duration=186536
Task=52 Chunk=0 Start=7789824851384 End=7789824908979 Duration=57595
Task=52 Chunk=1 Start=7789827501607 End=7789827685412 Duration=183805
Task=53 Chunk=0 Start=7789825034143 End=7789825091274 Duration=57131
Task=53 Chunk=1 Start=7789827685416 End=7789827868348 Duration=182932
Task=54 Chunk=0 Start=7789825216759 End=7789825273030 Duration=56271
Task=54 Chunk=1 Start=7789827868349 End=7789828050835 Duration=182486
Task=55 Chunk=0 Start=7789825398998 End=7789825455093 Duration=56095
Task=55 Chunk=1 Start=7789828050836 End=7789828233064 Duration=182228
Task=56 Chunk=0 Start=7789825581708 End=7789825637771 Duration=56063
Task=56 Chunk=1 Start=7789828233064 End=7789828414081 Duration=181017
Task=57 Chunk=0 Start=7789825762757 End=7789825820450 Duration=57693
Task=57 Chunk=1 Start=7789828414081 End=7789828596673 Duration=182592
Task=58 Chunk=0 Start=7789825950156 End=7789826007230 Duration=57074
Task=58 Chunk=1 Start=7789828596673 End=7789828788747 Duration=192074
Task=59 Chunk=0 Start=7789826145148 End=7789826202657 Duration=57509
Task=59 Chunk=1 Start=7789828788747 End=7789828983397 Duration=194650
Task=60 Chunk=0 Start=7789826340268 End=7789826398227 Duration=57959
Task=60 Chunk=1 Start=7789828983398 End=7789829178702 Duration=195304
Task=61 Chunk=0 Start=7789826535282 End=7789826593444 Duration=58162
Task=61 Chunk=1 Start=7789829178702 End=7789829374031 Duration=195329
Task=62 Chunk=0 Start=7789826731115 End=7789826789829 Duration=58714
Task=62 Chunk=1 Start=7789829374031 End=7789829569568 Duration=195537
Task=63 Chunk=0 Start=7789826926157 End=7789826983864 Duration=57707
Task=63 Chunk=1 Start=7789829569569 End=7789829765226 Duration=195657
Task=64 Chunk=0 Start=7789827120549 End=7789827178172 Duration=57623
Task=64 Chunk=1 Start=7789829765226 End=7789829959457 Duration=194231
Task=65 Chunk=0 Start=7789827315080 End=7789827372763 Duration=57683
Task=65 Chunk=1 Start=7789829959458 End=7789830155005 Duration=195547
Task=66 Chunk=0 Start=7789827501649 End=7789827559911 Duration=58262
Task=66 Chunk=1 Start=7789830155006 End=7789830350713 Duration=195707
Task=67 Chunk=0 Start=7789827685450 End=7789827742912 Duration=57462
Task=67 Chunk=1 Start=7789830350713 End=7789830545709 Duration=194996
Task=68 Chunk=0 Start=7789827868386 End=7789827924296 Duration=55910
Task=68 Chunk=1 Start=7789830545710 End=7789830740041 Duration=194331
Task=69 Chunk=0 Start=7789828050851 End=7789828107368 Duration=56517
Task=69 Chunk=1 Start=7789830740042 End=7789830934636 Duration=194594
Task=70 Chunk=0 Start=7789828233129 End=7789828289343 Duration=56214
Task=70 Chunk=1 Start=7789830934636 End=7789831129129 Duration=194493
Task=71 Chunk=0 Start=7789828414113 End=7789828471365 Duration=57252
Task=71 Chunk=1 Start=7789831129130 End=7789831322874 Duration=193744
Task=72 Chunk=0 Start=7789828596720 End=7789828654331 Duration=57611
Task=72 Chunk=1 Start=7789831322874 End=7789831516905 Duration=194031
Task=73 Chunk=0 Start=7789828788773 End=7789828846189 Duration=57416
Task=73 Chunk=1 Start=7789831516905 End=7789831711272 Duration=194367
Task=74 Chunk=0 Start=7789828983434 End=7789829041159 Duration=57725
Task=74 Chunk=1 Start=7789831711272 End=7789831905250 Duration=193978
Task=75 Chunk=0 Start=7789829178746 End=7789829236755 Duration=58009
Task=75 Chunk=1 Start=7789831905251 End=7789832101371 Duration=196120
Task=76 Chunk=0 Start=7789829374068 End=7789829432692 Duration=58624
Task=76 Chunk=1 Start=7789832101374 End=7789832296477 Duration=195103
Task=77 Chunk=0 Start=7789829569604 End=7789829628637 Duration=59033
Task=77 Chunk=1 Start=7789832296478 End=7789832491057 Duration=194579
Task=78 Chunk=0 Start=7789829765272 End=7789829822925 Duration=57653
Task=78 Chunk=1 Start=7789832491058 End=7789832686011 Duration=194953
Task=79 Chunk=0 Start=7789829959517 End=7789830017076 Duration=57559
Task=79 Chunk=1 Start=7789832686012 End=7789832879969 Duration=193957
Task=80 Chunk=0 Start=7789830155035 End=7789830212692 Duration=57657
Task=80 Chunk=1 Start=7789832879969 End=7789833074855 Duration=194886
Task=81 Chunk=0 Start=7789830350738 End=7789830408958 Duration=58220
Task=81 Chunk=1 Start=7789833074859 End=7789833269987 Duration=195128
Task=82 Chunk=0 Start=7789830545734 End=7789830603351 Duration=57617
Task=82 Chunk=1 Start=7789833269987 End=7789833466118 Duration=196131
Task=83 Chunk=0 Start=7789830740085 End=7789830797497 Duration=57412
Task=83 Chunk=1 Start=7789833466119 End=7789833661174 Duration=195055
Task=84 Chunk=0 Start=7789830934675 End=7789830992340 Duration=57665
Task=84 Chunk=1 Start=7789833661178 End=7789833856462 Duration=195284
Task=85 Chunk=0 Start=7789831129151 End=7789831186833 Duration=57682
Task=85 Chunk=1 Start=7789833856463 End=7789834052329 Duration=195866
Task=86 Chunk=0 Start=7789831322898 End=7789831380238 Duration=57340
Task=86 Chunk=1 Start=7789834052355 End=7789834246337 Duration=193982
Task=87 Chunk=0 Start=7789831516940 End=7789831574415 Duration=57475
Task=87 Chunk=1 Start=7789834246377 End=7789834439961 Duration=193584
Task=88 Chunk=0 Start=7789831711290 End=7789831768581 Duration=57291
Task=88 Chunk=1 Start=7789834439967 End=7789834634022 Duration=194055
Task=89 Chunk=0 Start=7789831905297 End=7789831961157 Duration=55860
Task=89 Chunk=1 Start=7789834634022 End=7789834829226 Duration=195204
Task=90 Chunk=0 Start=7789832101399 End=7789832157906 Duration=56507
Task=90 Chunk=1 Start=7789834829230 End=7789835023907 Duration=194677
Task=91 Chunk=0 Start=7789832296510 End=7789832352945 Duration=56435
Task=91 Chunk=1 Start=7789835023908 End=7789835218777 Duration=194869
Task=92 Chunk=0 Start=7789832491086 End=7789832547936 Duration=56850
Task=92 Chunk=1 Start=7789835218781 End=7789835413085 Duration=194304
Task=93 Chunk=0 Start=7789832686040 End=7789832742373 Duration=56333
Task=93 Chunk=1 Start=7789835413090 End=7789835606881 Duration=193791
Task=94 Chunk=0 Start=7789832880003 End=7789832936001 Duration=55998
Task=94 Chunk=1 Start=7789835606882 End=7789835800619 Duration=193737
Task=95 Chunk=0 Start=7789833074906 End=7789833131023 Duration=56117
Task=95 Chunk=1 Start=7789835800620 End=7789835994843 Duration=194223
Task=96 Chunk=0 Start=7789833270014 End=7789833326788 Duration=56774
Task=96 Chunk=1 Start=7789835994844 End=7789836189898 Duration=195054
Task=97 Chunk=0 Start=7789833466159 End=7789833522664 Duration=56505
Task=97 Chunk=1 Start=7789836189902 End=7789836383745 Duration=193843
Task=98 Chunk=0 Start=7789833661199 End=7789833717026 Duration=55827
Task=98 Chunk=1 Start=7789836383746 End=7789836578551 Duration=194805
Task=99 Chunk=0 Start=7789833856496 End=7789833913095 Duration=56599
Task=99 Chunk=1 Start=7789836578556 End=7789836772477 Duration=193921
### Python End ###

--------------------------------
[2025-06-28 12:16:56.827] [info] Available Vulkan Layers:
[2025-06-28 12:16:56.827] [warning] Validation layer requested but not available, continuing without it...
[2025-06-28 12:16:56.831] [info] Using integrated GPU: Mali-G710
[2025-06-28 12:16:56.834] [info] VulkanDispatcher instance created.
[2025-06-28 12:16:56.984] [info] Total memory used: 40550404 bytes (38.67188 MB)
[2025-06-28 12:16:56.989] [info] Total memory used: 40550404 bytes (38.67188 MB)
[2025-06-28 12:16:57.016] [info] Total memory used: 40550404 bytes (38.67188 MB)
[2025-06-28 12:16:57.020] [info] Total memory used: 40550404 bytes (38.67188 MB)
[2025-06-28 12:16:57.024] [info] Total memory used: 40550404 bytes (38.67188 MB)
[2025-06-28 12:16:57.122] [info] Total memory used: 40550404 bytes (38.67188 MB)
[2025-06-28 12:16:57.127] [info] Total memory used: 40550404 bytes (38.67188 MB)
[2025-06-28 12:16:57.132] [info] Total memory used: 40550404 bytes (38.67188 MB)
[2025-06-28 12:16:57.136] [info] Total memory used: 40550404 bytes (38.67188 MB)
[2025-06-28 12:16:57.139] [info] Total memory used: 40550404 bytes (38.67188 MB)
[2025-06-28 12:16:57.191] [info] Total memory used: 40550404 bytes (38.67188 MB)
[2025-06-28 12:16:57.194] [info] Total memory used: 40550404 bytes (38.67188 MB)
[2025-06-28 12:16:57.198] [info] Total memory used: 40550404 bytes (38.67188 MB)
[2025-06-28 12:16:57.202] [info] Total memory used: 40550404 bytes (38.67188 MB)
[2025-06-28 12:16:57.206] [info] Total memory used: 40550404 bytes (38.67188 MB)
[2025-06-28 12:16:57.209] [info] Total memory used: 40550404 bytes (38.67188 MB)
### Python Begin ###
Schedule_UID=SCH-L2G5-G217-b828
Frequency=24576000 Hz
Task=0 Chunk=0 Start=7789848141292 End=7789848232483 Duration=91191
Task=0 Chunk=1 Start=7789848232515 End=7789848958519 Duration=726004
Task=1 Chunk=0 Start=7789848232512 End=7789848302653 Duration=70141
Task=1 Chunk=1 Start=7789848958544 End=7789849108415 Duration=149871
Task=2 Chunk=0 Start=7789848302706 End=7789848363497 Duration=60791
Task=2 Chunk=1 Start=7789849108452 End=7789849250781 Duration=142329
Task=3 Chunk=0 Start=7789848363551 End=7789848426098 Duration=62547
Task=3 Chunk=1 Start=7789849250810 End=7789849395035 Duration=144225
Task=4 Chunk=0 Start=7789848426130 End=7789848495604 Duration=69474
Task=4 Chunk=1 Start=7789849395049 End=7789849570129 Duration=175080
Task=5 Chunk=0 Start=7789848495661 End=7789848555616 Duration=59955
Task=5 Chunk=1 Start=7789849570155 End=7789849727535 Duration=157380
Task=6 Chunk=0 Start=7789848555671 End=7789848617454 Duration=61783
Task=6 Chunk=1 Start=7789849727557 End=7789849885729 Duration=158172
Task=7 Chunk=0 Start=7789848617522 End=7789848678484 Duration=60962
Task=7 Chunk=1 Start=7789849885733 End=7789850047572 Duration=161839
Task=8 Chunk=0 Start=7789848678561 End=7789848737190 Duration=58629
Task=8 Chunk=1 Start=7789850047591 End=7789850214136 Duration=166545
Task=9 Chunk=0 Start=7789848737226 End=7789848795972 Duration=58746
Task=9 Chunk=1 Start=7789850214160 End=7789850373900 Duration=159740
Task=10 Chunk=0 Start=7789848795990 End=7789848855861 Duration=59871
Task=10 Chunk=1 Start=7789850373923 End=7789850534462 Duration=160539
Task=11 Chunk=0 Start=7789848855880 End=7789848914819 Duration=58939
Task=11 Chunk=1 Start=7789850534488 End=7789850712681 Duration=178193
Task=12 Chunk=0 Start=7789848914835 End=7789848973848 Duration=59013
Task=12 Chunk=1 Start=7789850712700 End=7789850888996 Duration=176296
Task=13 Chunk=0 Start=7789848973856 End=7789849030922 Duration=57066
Task=13 Chunk=1 Start=7789850889022 End=7789851051674 Duration=162652
Task=14 Chunk=0 Start=7789849030948 End=7789849089093 Duration=58145
Task=14 Chunk=1 Start=7789851051697 End=7789851217251 Duration=165554
Task=15 Chunk=0 Start=7789849089121 End=7789849150153 Duration=61032
Task=15 Chunk=1 Start=7789851217266 End=7789851359389 Duration=142123
Task=16 Chunk=0 Start=7789849150172 End=7789849209005 Duration=58833
Task=16 Chunk=1 Start=7789851359399 End=7789851500004 Duration=140605
Task=17 Chunk=0 Start=7789849250814 End=7789849310133 Duration=59319
Task=17 Chunk=1 Start=7789851500019 End=7789851649179 Duration=149160
Task=18 Chunk=0 Start=7789849395053 End=7789849451879 Duration=56826
Task=18 Chunk=1 Start=7789851649190 End=7789851789497 Duration=140307
Task=19 Chunk=0 Start=7789849570179 End=7789849632787 Duration=62608
Task=19 Chunk=1 Start=7789851789500 End=7789851927381 Duration=137881
Task=20 Chunk=0 Start=7789849727582 End=7789849790121 Duration=62539
Task=20 Chunk=1 Start=7789851927395 End=7789852081874 Duration=154479
Task=21 Chunk=0 Start=7789849885796 End=7789849946273 Duration=60477
Task=21 Chunk=1 Start=7789852081901 End=7789852226550 Duration=144649
Task=22 Chunk=0 Start=7789850047616 End=7789850111198 Duration=63582
Task=22 Chunk=1 Start=7789852226575 End=7789852382723 Duration=156148
Task=23 Chunk=0 Start=7789850214181 End=7789850275904 Duration=61723
Task=23 Chunk=1 Start=7789852382740 End=7789852540529 Duration=157789
Task=24 Chunk=0 Start=7789850373946 End=7789850434016 Duration=60070
Task=24 Chunk=1 Start=7789852540550 End=7789852695336 Duration=154786
Task=25 Chunk=0 Start=7789850534498 End=7789850597085 Duration=62587
Task=25 Chunk=1 Start=7789852695365 End=7789852854272 Duration=158907
Task=26 Chunk=0 Start=7789850712715 End=7789850778425 Duration=65710
Task=26 Chunk=1 Start=7789852854296 End=7789853011125 Duration=156829
Task=27 Chunk=0 Start=7789850889037 End=7789850953439 Duration=64402
Task=27 Chunk=1 Start=7789853011147 End=7789853167940 Duration=156793
Task=28 Chunk=0 Start=7789851051708 End=7789851114591 Duration=62883
Task=28 Chunk=1 Start=7789853167964 End=7789853324596 Duration=156632
Task=29 Chunk=0 Start=7789851217279 End=7789851281961 Duration=64682
Task=29 Chunk=1 Start=7789853324600 End=7789853479970 Duration=155370
Task=30 Chunk=0 Start=7789851359406 End=7789851423325 Duration=63919
Task=30 Chunk=1 Start=7789853479971 End=7789853635454 Duration=155483
Task=31 Chunk=0 Start=7789851500024 End=7789851565471 Duration=65447
Task=31 Chunk=1 Start=7789853635456 End=7789853792279 Duration=156823
Task=32 Chunk=0 Start=7789851649206 End=7789851711085 Duration=61879
Task=32 Chunk=1 Start=7789853792302 End=7789853950624 Duration=158322
Task=33 Chunk=0 Start=7789851789515 End=7789851847783 Duration=58268
Task=33 Chunk=1 Start=7789853950645 End=7789854116904 Duration=166259
Task=34 Chunk=0 Start=7789851927405 End=7789851984855 Duration=57450
Task=34 Chunk=1 Start=7789854116932 End=7789854273263 Duration=156331
Task=35 Chunk=0 Start=7789852081922 End=7789852140264 Duration=58342
Task=35 Chunk=1 Start=7789854273284 End=7789854434100 Duration=160816
Task=36 Chunk=0 Start=7789852226578 End=7789852284179 Duration=57601
Task=36 Chunk=1 Start=7789854434124 End=7789854592023 Duration=157899
Task=37 Chunk=0 Start=7789852382743 End=7789852441420 Duration=58677
Task=37 Chunk=1 Start=7789854592042 End=7789854748632 Duration=156590
Task=38 Chunk=0 Start=7789852540552 End=7789852598302 Duration=57750
Task=38 Chunk=1 Start=7789854748636 End=7789854908848 Duration=160212
Task=39 Chunk=0 Start=7789852695377 End=7789852753744 Duration=58367
Task=39 Chunk=1 Start=7789854908869 End=7789855066427 Duration=157558
Task=40 Chunk=0 Start=7789852854300 End=7789852914171 Duration=59871
Task=40 Chunk=1 Start=7789855066445 End=7789855227826 Duration=161381
Task=41 Chunk=0 Start=7789853011170 End=7789853069593 Duration=58423
Task=41 Chunk=1 Start=7789855227854 End=7789855398563 Duration=170709
Task=42 Chunk=0 Start=7789853167970 End=7789853227695 Duration=59725
Task=42 Chunk=1 Start=7789855398592 End=7789855561881 Duration=163289
Task=43 Chunk=0 Start=7789853324642 End=7789853382182 Duration=57540
Task=43 Chunk=1 Start=7789855561906 End=7789855736747 Duration=174841
Task=44 Chunk=0 Start=7789853480015 End=7789853538541 Duration=58526
Task=44 Chunk=1 Start=7789855736761 End=7789855905468 Duration=168707
Task=45 Chunk=0 Start=7789853635497 End=7789853694783 Duration=59286
Task=45 Chunk=1 Start=7789855905485 End=7789856068539 Duration=163054
Task=46 Chunk=0 Start=7789853792317 End=7789853850771 Duration=58454
Task=46 Chunk=1 Start=7789856068543 End=7789856246372 Duration=177829
Task=47 Chunk=0 Start=7789853950650 End=7789854009191 Duration=58541
Task=47 Chunk=1 Start=7789856246396 End=7789856413804 Duration=167408
Task=48 Chunk=0 Start=7789854116946 End=7789854175210 Duration=58264
Task=48 Chunk=1 Start=7789856413834 End=7789856579983 Duration=166149
Task=49 Chunk=0 Start=7789854273306 End=7789854334891 Duration=61585
Task=49 Chunk=1 Start=7789856580002 End=7789856744833 Duration=164831
Task=50 Chunk=0 Start=7789854434139 End=7789854496168 Duration=62029
Task=50 Chunk=1 Start=7789856744867 End=7789856899879 Duration=155012
Task=51 Chunk=0 Start=7789854592068 End=7789854652753 Duration=60685
Task=51 Chunk=1 Start=7789856899902 End=7789857058587 Duration=158685
Task=52 Chunk=0 Start=7789854748680 End=7789854810608 Duration=61928
Task=52 Chunk=1 Start=7789857058612 End=7789857216199 Duration=157587
Task=53 Chunk=0 Start=7789854908873 End=7789854971034 Duration=62161
Task=53 Chunk=1 Start=7789857216203 End=7789857374343 Duration=158140
Task=54 Chunk=0 Start=7789855066457 End=7789855127100 Duration=60643
Task=54 Chunk=1 Start=7789857374363 End=7789857529543 Duration=155180
Task=55 Chunk=0 Start=7789855227870 End=7789855290685 Duration=62815
Task=55 Chunk=1 Start=7789857529567 End=7789857690633 Duration=161066
Task=56 Chunk=0 Start=7789855398605 End=7789855463745 Duration=65140
Task=56 Chunk=1 Start=7789857690659 End=7789857856822 Duration=166163
Task=57 Chunk=0 Start=7789855561909 End=7789855624570 Duration=62661
Task=57 Chunk=1 Start=7789857856855 End=7789858009685 Duration=152830
Task=58 Chunk=0 Start=7789855736776 End=7789855801081 Duration=64305
Task=58 Chunk=1 Start=7789858009708 End=7789858166001 Duration=156293
Task=59 Chunk=0 Start=7789855905518 End=7789855969547 Duration=64029
Task=59 Chunk=1 Start=7789858166015 End=7789858319524 Duration=153509
Task=60 Chunk=0 Start=7789856068568 End=7789856131673 Duration=63105
Task=60 Chunk=1 Start=7789858319556 End=7789858485019 Duration=165463
Task=61 Chunk=0 Start=7789856246403 End=7789856309832 Duration=63429
Task=61 Chunk=1 Start=7789858485073 End=7789858648033 Duration=162960
Task=62 Chunk=0 Start=7789856413848 End=7789856477761 Duration=63913
Task=62 Chunk=1 Start=7789858648059 End=7789858810859 Duration=162800
Task=63 Chunk=0 Start=7789856580008 End=7789856641106 Duration=61098
Task=63 Chunk=1 Start=7789858810880 End=7789858978852 Duration=167972
Task=64 Chunk=0 Start=7789856744876 End=7789856802609 Duration=57733
Task=64 Chunk=1 Start=7789858978878 End=7789859152009 Duration=173131
Task=65 Chunk=0 Start=7789856899911 End=7789856958446 Duration=58535
Task=65 Chunk=1 Start=7789859152048 End=7789859311195 Duration=159147
Task=66 Chunk=0 Start=7789857058633 End=7789857116725 Duration=58092
Task=66 Chunk=1 Start=7789859311220 End=7789859472737 Duration=161517
Task=67 Chunk=0 Start=7789857216245 End=7789857274554 Duration=58309
Task=67 Chunk=1 Start=7789859472740 End=7789859634641 Duration=161901
Task=68 Chunk=0 Start=7789857374368 End=7789857432754 Duration=58386
Task=68 Chunk=1 Start=7789859634664 End=7789859793347 Duration=158683
Task=69 Chunk=0 Start=7789857529571 End=7789857587598 Duration=58027
Task=69 Chunk=1 Start=7789859793371 End=7789859965807 Duration=172436
Task=70 Chunk=0 Start=7789857690674 End=7789857749375 Duration=58701
Task=70 Chunk=1 Start=7789859965845 End=7789860132872 Duration=167027
Task=71 Chunk=0 Start=7789857856867 End=7789857916541 Duration=59674
Task=71 Chunk=1 Start=7789860132896 End=7789860295794 Duration=162898
Task=72 Chunk=0 Start=7789858009723 End=7789858068021 Duration=58298
Task=72 Chunk=1 Start=7789860295833 End=7789860460416 Duration=164583
Task=73 Chunk=0 Start=7789858166038 End=7789858225404 Duration=59366
Task=73 Chunk=1 Start=7789860460450 End=7789860628688 Duration=168238
Task=74 Chunk=0 Start=7789858319568 End=7789858376852 Duration=57284
Task=74 Chunk=1 Start=7789860628723 End=7789860795622 Duration=166899
Task=75 Chunk=0 Start=7789858485077 End=7789858544452 Duration=59375
Task=75 Chunk=1 Start=7789860795645 End=7789860959423 Duration=163778
Task=76 Chunk=0 Start=7789858648073 End=7789858708012 Duration=59939
Task=76 Chunk=1 Start=7789860959444 End=7789861121001 Duration=161557
Task=77 Chunk=0 Start=7789858810889 End=7789858871021 Duration=60132
Task=77 Chunk=1 Start=7789861121025 End=7789861276316 Duration=155291
Task=78 Chunk=0 Start=7789858978894 End=7789859040915 Duration=62021
Task=78 Chunk=1 Start=7789861276340 End=7789861430186 Duration=153846
Task=79 Chunk=0 Start=7789859152061 End=7789859214122 Duration=62061
Task=79 Chunk=1 Start=7789861430214 End=7789861588906 Duration=158692
Task=80 Chunk=0 Start=7789859311227 End=7789859373838 Duration=62611
Task=80 Chunk=1 Start=7789861588927 End=7789861742589 Duration=153662
Task=81 Chunk=0 Start=7789859472786 End=7789859534411 Duration=61625
Task=81 Chunk=1 Start=7789861742605 End=7789861902564 Duration=159959
Task=82 Chunk=0 Start=7789859634674 End=7789859696854 Duration=62180
Task=82 Chunk=1 Start=7789861902589 End=7789862056140 Duration=153551
Task=83 Chunk=0 Start=7789859793399 End=7789859853767 Duration=60368
Task=83 Chunk=1 Start=7789862056162 End=7789862221601 Duration=165439
Task=84 Chunk=0 Start=7789859965864 End=7789860030054 Duration=64190
Task=84 Chunk=1 Start=7789862221632 End=7789862396345 Duration=174713
Task=85 Chunk=0 Start=7789860132913 End=7789860197253 Duration=64340
Task=85 Chunk=1 Start=7789862396370 End=7789862549596 Duration=153226
Task=86 Chunk=0 Start=7789860295837 End=7789860359181 Duration=63344
Task=86 Chunk=1 Start=7789862549605 End=7789862706058 Duration=156453
Task=87 Chunk=0 Start=7789860460454 End=7789860524368 Duration=63914
Task=87 Chunk=1 Start=7789862706063 End=7789862861865 Duration=155802
Task=88 Chunk=0 Start=7789860628747 End=7789860693054 Duration=64307
Task=88 Chunk=1 Start=7789862861870 End=7789863024047 Duration=162177
Task=89 Chunk=0 Start=7789860795666 End=7789860858159 Duration=62493
Task=89 Chunk=1 Start=7789863024062 End=7789863184299 Duration=160237
Task=90 Chunk=0 Start=7789860959447 End=7789861024506 Duration=65059
Task=90 Chunk=1 Start=7789863184303 End=7789863343625 Duration=159322
Task=91 Chunk=0 Start=7789861121042 End=7789861180725 Duration=59683
Task=91 Chunk=1 Start=7789863343630 End=7789863509262 Duration=165632
Task=92 Chunk=0 Start=7789861276363 End=7789861333953 Duration=57590
Task=92 Chunk=1 Start=7789863509294 End=7789863672956 Duration=163662
Task=93 Chunk=0 Start=7789861430223 End=7789861489468 Duration=59245
Task=93 Chunk=1 Start=7789863672960 End=7789863832776 Duration=159816
Task=94 Chunk=0 Start=7789861588947 End=7789861646441 Duration=57494
Task=94 Chunk=1 Start=7789863832780 End=7789863992130 Duration=159350
Task=95 Chunk=0 Start=7789861742626 End=7789861801515 Duration=58889
Task=95 Chunk=1 Start=7789863992134 End=7789864153932 Duration=161798
Task=96 Chunk=0 Start=7789861902597 End=7789861961459 Duration=58862
Task=96 Chunk=1 Start=7789864153936 End=7789864313513 Duration=159577
Task=97 Chunk=0 Start=7789862056187 End=7789862113481 Duration=57294
Task=97 Chunk=1 Start=7789864313516 End=7789864485475 Duration=171959
Task=98 Chunk=0 Start=7789862221651 End=7789862280229 Duration=58578
Task=98 Chunk=1 Start=7789864485479 End=7789864651379 Duration=165900
Task=99 Chunk=0 Start=7789862396392 End=7789862454586 Duration=58194
Task=99 Chunk=1 Start=7789864651384 End=7789864814699 Duration=163315
### Python End ###

--------------------------------
[2025-06-28 12:16:57.913] [info] Available Vulkan Layers:
[2025-06-28 12:16:57.913] [warning] Validation layer requested but not available, continuing without it...
[2025-06-28 12:16:57.917] [info] Using integrated GPU: Mali-G710
[2025-06-28 12:16:57.920] [info] VulkanDispatcher instance created.
[2025-06-28 12:16:58.120] [info] Total memory used: 40550404 bytes (38.67188 MB)
[2025-06-28 12:16:58.125] [info] Total memory used: 40550404 bytes (38.67188 MB)
[2025-06-28 12:16:58.167] [info] Total memory used: 40550404 bytes (38.67188 MB)
[2025-06-28 12:16:58.170] [info] Total memory used: 40550404 bytes (38.67188 MB)
[2025-06-28 12:16:58.174] [info] Total memory used: 40550404 bytes (38.67188 MB)
[2025-06-28 12:16:58.249] [info] Total memory used: 40550404 bytes (38.67188 MB)
[2025-06-28 12:16:58.254] [info] Total memory used: 40550404 bytes (38.67188 MB)
[2025-06-28 12:16:58.258] [info] Total memory used: 40550404 bytes (38.67188 MB)
[2025-06-28 12:16:58.261] [info] Total memory used: 40550404 bytes (38.67188 MB)
[2025-06-28 12:16:58.265] [info] Total memory used: 40550404 bytes (38.67188 MB)
[2025-06-28 12:16:58.316] [info] Total memory used: 40550404 bytes (38.67188 MB)
[2025-06-28 12:16:58.320] [info] Total memory used: 40550404 bytes (38.67188 MB)
[2025-06-28 12:16:58.323] [info] Total memory used: 40550404 bytes (38.67188 MB)
[2025-06-28 12:16:58.327] [info] Total memory used: 40550404 bytes (38.67188 MB)
[2025-06-28 12:16:58.331] [info] Total memory used: 40550404 bytes (38.67188 MB)
[2025-06-28 12:16:58.335] [info] Total memory used: 40550404 bytes (38.67188 MB)
### Python Begin ###
Schedule_UID=SCH-M2L1G1B3-G221-65c0
Frequency=24576000 Hz
Task=0 Chunk=0 Start=7789875800627 End=7789875837193 Duration=36566
Task=0 Chunk=1 Start=7789875837200 End=7789875864645 Duration=27445
Task=0 Chunk=2 Start=7789875917835 End=7789875917858 Duration=23
Task=0 Chunk=3 Start=7789875917867 End=7789876322016 Duration=404149
Task=1 Chunk=0 Start=7789875837198 End=7789875854916 Duration=17718
Task=1 Chunk=1 Start=7789875864649 End=7789875865091 Duration=442
Task=1 Chunk=3 Start=7789876322030 End=7789876369893 Duration=47863
Task=2 Chunk=0 Start=7789875854917 End=7789875872408 Duration=17491
Task=2 Chunk=1 Start=7789875872416 End=7789875872747 Duration=331
Task=2 Chunk=3 Start=7789876369894 End=7789876505034 Duration=135140
Task=3 Chunk=0 Start=7789875872409 End=7789875889864 Duration=17455
Task=3 Chunk=1 Start=7789875889895 End=7789875890251 Duration=356
Task=3 Chunk=2 Start=7789875917866 End=7789875917867 Duration=1
Task=3 Chunk=3 Start=7789876505035 End=7789876595645 Duration=90610
Task=4 Chunk=0 Start=7789875889865 End=7789875908517 Duration=18652
Task=4 Chunk=1 Start=7789875908533 End=7789875909004 Duration=471
Task=4 Chunk=3 Start=7789876595646 End=7789876652867 Duration=57221
Task=5 Chunk=0 Start=7789875908519 End=7789875926145 Duration=17626
Task=5 Chunk=1 Start=7789875926163 End=7789875926534 Duration=371
Task=5 Chunk=3 Start=7789876652871 End=7789876708992 Duration=56121
Task=6 Chunk=0 Start=7789875926147 End=7789875945083 Duration=18936
Task=6 Chunk=1 Start=7789875945164 End=7789875945740 Duration=576
Task=6 Chunk=2 Start=7789876300221 End=7789876300252 Duration=31
Task=6 Chunk=3 Start=7789876708992 End=7789876754169 Duration=45177
Task=7 Chunk=0 Start=7789875945084 End=7789875963173 Duration=18089
Task=7 Chunk=1 Start=7789875963197 End=7789875963546 Duration=349
Task=7 Chunk=2 Start=7789876300252 End=7789876300253 Duration=1
Task=7 Chunk=3 Start=7789876754170 End=7789876801333 Duration=47163
Task=8 Chunk=0 Start=7789875963179 End=7789875981323 Duration=18144
Task=8 Chunk=1 Start=7789875981332 End=7789875981737 Duration=405
Task=8 Chunk=2 Start=7789876300253 End=7789876300254 Duration=1
Task=8 Chunk=3 Start=7789876801343 End=7789876850548 Duration=49205
Task=9 Chunk=0 Start=7789875981325 End=7789875999045 Duration=17720
Task=9 Chunk=1 Start=7789875999071 End=7789875999458 Duration=387
Task=9 Chunk=3 Start=7789876850548 End=7789876897443 Duration=46895
Task=10 Chunk=0 Start=7789875999046 End=7789876021145 Duration=22099
Task=10 Chunk=1 Start=7789876021170 End=7789876021686 Duration=516
Task=10 Chunk=2 Start=7789876300256 End=7789876300260 Duration=4
Task=10 Chunk=3 Start=7789876897447 End=7789876944016 Duration=46569
Task=11 Chunk=0 Start=7789876021153 End=7789876038877 Duration=17724
Task=11 Chunk=1 Start=7789876038903 End=7789876039259 Duration=356
Task=11 Chunk=2 Start=7789876300260 End=7789876300261 Duration=1
Task=11 Chunk=3 Start=7789876944023 End=7789876990439 Duration=46416
Task=12 Chunk=0 Start=7789876038877 End=7789876056874 Duration=17997
Task=12 Chunk=1 Start=7789876056903 End=7789876057258 Duration=355
Task=12 Chunk=3 Start=7789876990440 End=7789877036102 Duration=45662
Task=13 Chunk=0 Start=7789876056876 End=7789876074823 Duration=17947
Task=13 Chunk=1 Start=7789876074847 End=7789876075196 Duration=349
Task=13 Chunk=3 Start=7789877036102 End=7789877082007 Duration=45905
Task=14 Chunk=0 Start=7789876074829 End=7789876092766 Duration=17937
Task=14 Chunk=1 Start=7789876092785 End=7789876093202 Duration=417
Task=14 Chunk=2 Start=7789876300264 End=7789876300265 Duration=1
Task=14 Chunk=3 Start=7789877082008 End=7789877128768 Duration=46760
Task=15 Chunk=0 Start=7789876322036 End=7789876340625 Duration=18589
Task=15 Chunk=1 Start=7789876340654 End=7789876341272 Duration=618
Task=15 Chunk=2 Start=7789876370136 End=7789876370142 Duration=6
Task=15 Chunk=3 Start=7789877128776 End=7789877174225 Duration=45449
Task=16 Chunk=0 Start=7789876369903 End=7789876387592 Duration=17689
Task=16 Chunk=1 Start=7789876387612 End=7789876387975 Duration=363
Task=16 Chunk=2 Start=7789876387987 End=7789876387988 Duration=1
Task=16 Chunk=3 Start=7789877174238 End=7789877221344 Duration=47106
Task=17 Chunk=0 Start=7789876505047 End=7789876523249 Duration=18202
Task=17 Chunk=1 Start=7789876523261 End=7789876523802 Duration=541
Task=17 Chunk=3 Start=7789877221349 End=7789877266930 Duration=45581
Task=18 Chunk=0 Start=7789876595658 End=7789876614323 Duration=18665
Task=18 Chunk=1 Start=7789876614345 End=7789876614835 Duration=490
Task=18 Chunk=2 Start=7789876614853 End=7789876614871 Duration=18
Task=18 Chunk=3 Start=7789877266933 End=7789877313036 Duration=46103
Task=19 Chunk=0 Start=7789876652876 End=7789876670605 Duration=17729
Task=19 Chunk=1 Start=7789876670797 End=7789876671413 Duration=616
Task=19 Chunk=2 Start=7789876671443 End=7789876671444 Duration=1
Task=19 Chunk=3 Start=7789877313037 End=7789877357788 Duration=44751
Task=20 Chunk=0 Start=7789876709002 End=7789876726961 Duration=17959
Task=20 Chunk=1 Start=7789876726973 End=7789876727596 Duration=623
Task=20 Chunk=2 Start=7789876727626 End=7789876727628 Duration=2
Task=20 Chunk=3 Start=7789877357789 End=7789877404360 Duration=46571
Task=21 Chunk=0 Start=7789876754186 End=7789876772276 Duration=18090
Task=21 Chunk=1 Start=7789876772286 End=7789876772696 Duration=410
Task=21 Chunk=2 Start=7789876772707 End=7789876772708 Duration=1
Task=21 Chunk=3 Start=7789877404361 End=7789877448964 Duration=44603
Task=22 Chunk=0 Start=7789876801347 End=7789876819273 Duration=17926
Task=22 Chunk=1 Start=7789876819289 End=7789876819892 Duration=603
Task=22 Chunk=2 Start=7789876819916 End=7789876819921 Duration=5
Task=22 Chunk=3 Start=7789877448967 End=7789877506432 Duration=57465
Task=23 Chunk=0 Start=7789876850563 End=7789876868429 Duration=17866
Task=23 Chunk=1 Start=7789876868455 End=7789876868931 Duration=476
Task=23 Chunk=2 Start=7789876868941 End=7789876868942 Duration=1
Task=23 Chunk=3 Start=7789877506433 End=7789877551318 Duration=44885
Task=24 Chunk=0 Start=7789876897465 End=7789876915513 Duration=18048
Task=24 Chunk=1 Start=7789876915542 End=7789876916018 Duration=476
Task=24 Chunk=2 Start=7789876916032 End=7789876916035 Duration=3
Task=24 Chunk=3 Start=7789877551326 End=7789877597330 Duration=46004
Task=25 Chunk=0 Start=7789876944029 End=7789876961982 Duration=17953
Task=25 Chunk=1 Start=7789876961990 End=7789876962404 Duration=414
Task=25 Chunk=2 Start=7789876962417 End=7789876962418 Duration=1
Task=25 Chunk=3 Start=7789877597332 End=7789877643154 Duration=45822
Task=26 Chunk=0 Start=7789876990447 End=7789877008318 Duration=17871
Task=26 Chunk=1 Start=7789877008335 End=7789877008808 Duration=473
Task=26 Chunk=2 Start=7789877008821 End=7789877008822 Duration=1
Task=26 Chunk=3 Start=7789877643159 End=7789877688712 Duration=45553
Task=27 Chunk=0 Start=7789877036109 End=7789877054185 Duration=18076
Task=27 Chunk=1 Start=7789877054194 End=7789877054570 Duration=376
Task=27 Chunk=2 Start=7789877054576 End=7789877054577 Duration=1
Task=27 Chunk=3 Start=7789877688712 End=7789877733711 Duration=44999
Task=28 Chunk=0 Start=7789877082020 End=7789877101187 Duration=19167
Task=28 Chunk=1 Start=7789877101210 End=7789877101711 Duration=501
Task=28 Chunk=2 Start=7789877101733 End=7789877101734 Duration=1
Task=28 Chunk=3 Start=7789877733715 End=7789877791088 Duration=57373
Task=29 Chunk=0 Start=7789877128790 End=7789877146867 Duration=18077
Task=29 Chunk=1 Start=7789877146901 End=7789877147260 Duration=359
Task=29 Chunk=2 Start=7789877147271 End=7789877147272 Duration=1
Task=29 Chunk=3 Start=7789877791089 End=7789877836303 Duration=45214
Task=30 Chunk=0 Start=7789877174251 End=7789877194043 Duration=19792
Task=30 Chunk=1 Start=7789877194067 End=7789877194648 Duration=581
Task=30 Chunk=2 Start=7789877194676 End=7789877194677 Duration=1
Task=30 Chunk=3 Start=7789877836310 End=7789877882453 Duration=46143
Task=31 Chunk=0 Start=7789877221352 End=7789877239468 Duration=18116
Task=31 Chunk=1 Start=7789877239475 End=7789877239833 Duration=358
Task=31 Chunk=2 Start=7789877239858 End=7789877239859 Duration=1
Task=31 Chunk=3 Start=7789877882454 End=7789877927967 Duration=45513
Task=32 Chunk=0 Start=7789877266943 End=7789877286335 Duration=19392
Task=32 Chunk=1 Start=7789877286371 End=7789877286849 Duration=478
Task=32 Chunk=2 Start=7789877286860 End=7789877286865 Duration=5
Task=32 Chunk=3 Start=7789877927970 End=7789877974568 Duration=46598
Task=33 Chunk=0 Start=7789877313047 End=7789877331084 Duration=18037
Task=33 Chunk=1 Start=7789877331107 End=7789877331522 Duration=415
Task=33 Chunk=2 Start=7789877331553 End=7789877331554 Duration=1
Task=33 Chunk=3 Start=7789877974569 End=7789878019537 Duration=44968
Task=34 Chunk=0 Start=7789877357795 End=7789877375871 Duration=18076
Task=34 Chunk=1 Start=7789877375896 End=7789877376240 Duration=344
Task=34 Chunk=2 Start=7789877376266 End=7789877376268 Duration=2
Task=34 Chunk=3 Start=7789878019538 End=7789878064602 Duration=45064
Task=35 Chunk=0 Start=7789877404378 End=7789877422362 Duration=17984
Task=35 Chunk=1 Start=7789877422381 End=7789877422890 Duration=509
Task=35 Chunk=2 Start=7789877422920 End=7789877422921 Duration=1
Task=35 Chunk=3 Start=7789878064606 End=7789878121774 Duration=57168
Task=36 Chunk=0 Start=7789877448977 End=7789877466852 Duration=17875
Task=36 Chunk=1 Start=7789877466869 End=7789877467237 Duration=368
Task=36 Chunk=2 Start=7789877467245 End=7789877467246 Duration=1
Task=36 Chunk=3 Start=7789878121785 End=7789878167393 Duration=45608
Task=37 Chunk=0 Start=7789877506446 End=7789877524491 Duration=18045
Task=37 Chunk=1 Start=7789877524523 End=7789877525121 Duration=598
Task=37 Chunk=2 Start=7789877525138 End=7789877525142 Duration=4
Task=37 Chunk=3 Start=7789878167395 End=7789878211930 Duration=44535
Task=38 Chunk=0 Start=7789877551331 End=7789877569214 Duration=17883
Task=38 Chunk=1 Start=7789877569240 End=7789877569607 Duration=367
Task=38 Chunk=2 Start=7789877569628 End=7789877569629 Duration=1
Task=38 Chunk=3 Start=7789878211930 End=7789878256937 Duration=45007
Task=39 Chunk=0 Start=7789877597345 End=7789877615254 Duration=17909
Task=39 Chunk=1 Start=7789877615278 End=7789877616007 Duration=729
Task=39 Chunk=2 Start=7789877616016 End=7789877616017 Duration=1
Task=39 Chunk=3 Start=7789878256938 End=7789878303205 Duration=46267
Task=40 Chunk=0 Start=7789877643165 End=7789877661259 Duration=18094
Task=40 Chunk=1 Start=7789877661287 End=7789877661721 Duration=434
Task=40 Chunk=2 Start=7789877661754 End=7789877661755 Duration=1
Task=40 Chunk=3 Start=7789878303208 End=7789878348987 Duration=45779
Task=41 Chunk=0 Start=7789877688723 End=7789877706601 Duration=17878
Task=41 Chunk=1 Start=7789877706634 End=7789877707256 Duration=622
Task=41 Chunk=2 Start=7789877707275 End=7789877707278 Duration=3
Task=41 Chunk=3 Start=7789878348993 End=7789878406543 Duration=57550
Task=42 Chunk=0 Start=7789877733725 End=7789877751791 Duration=18066
Task=42 Chunk=1 Start=7789877751802 End=7789877752179 Duration=377
Task=42 Chunk=2 Start=7789877752193 End=7789877752195 Duration=2
Task=42 Chunk=3 Start=7789878406545 End=7789878452377 Duration=45832
Task=43 Chunk=0 Start=7789877791103 End=7789877809291 Duration=18188
Task=43 Chunk=1 Start=7789877809311 End=7789877809955 Duration=644
Task=43 Chunk=2 Start=7789877809977 End=7789877809979 Duration=2
Task=43 Chunk=3 Start=7789878452378 End=7789878498329 Duration=45951
Task=44 Chunk=0 Start=7789877836316 End=7789877854053 Duration=17737
Task=44 Chunk=1 Start=7789877854073 End=7789877854458 Duration=385
Task=44 Chunk=2 Start=7789877854469 End=7789877854470 Duration=1
Task=44 Chunk=3 Start=7789878498333 End=7789878543011 Duration=44678
Task=45 Chunk=0 Start=7789877882470 End=7789877901546 Duration=19076
Task=45 Chunk=1 Start=7789877901580 End=7789877902028 Duration=448
Task=45 Chunk=2 Start=7789877902049 End=7789877902050 Duration=1
Task=45 Chunk=3 Start=7789878543019 End=7789878588657 Duration=45638
Task=46 Chunk=0 Start=7789877927980 End=7789877945964 Duration=17984
Task=46 Chunk=1 Start=7789877945998 End=7789877946631 Duration=633
Task=46 Chunk=2 Start=7789877946660 End=7789877946661 Duration=1
Task=46 Chunk=3 Start=7789878588657 End=7789878633668 Duration=45011
Task=47 Chunk=0 Start=7789877974579 End=7789877992620 Duration=18041
Task=47 Chunk=1 Start=7789877992628 End=7789877993149 Duration=521
Task=47 Chunk=2 Start=7789877993173 End=7789877993174 Duration=1
Task=47 Chunk=3 Start=7789878633681 End=7789878679499 Duration=45818
Task=48 Chunk=0 Start=7789878019548 End=7789878037506 Duration=17958
Task=48 Chunk=1 Start=7789878037527 End=7789878037913 Duration=386
Task=48 Chunk=2 Start=7789878037917 End=7789878037919 Duration=2
Task=48 Chunk=3 Start=7789878679500 End=7789878856394 Duration=176894
Task=49 Chunk=0 Start=7789878064612 End=7789878083946 Duration=19334
Task=49 Chunk=1 Start=7789878083959 End=7789878084503 Duration=544
Task=49 Chunk=2 Start=7789878084529 End=7789878084532 Duration=3
Task=49 Chunk=3 Start=7789878856394 End=7789878945131 Duration=88737
Task=50 Chunk=0 Start=7789878121793 End=7789878139745 Duration=17952
Task=50 Chunk=1 Start=7789878139775 End=7789878140142 Duration=367
Task=50 Chunk=2 Start=7789878140169 End=7789878140170 Duration=1
Task=50 Chunk=3 Start=7789878945131 End=7789879035867 Duration=90736
Task=51 Chunk=0 Start=7789878167405 End=7789878185463 Duration=18058
Task=51 Chunk=1 Start=7789878185494 End=7789878185992 Duration=498
Task=51 Chunk=2 Start=7789878186003 End=7789878186004 Duration=1
Task=51 Chunk=3 Start=7789879035875 End=7789879103316 Duration=67441
Task=52 Chunk=0 Start=7789878211950 End=7789878230025 Duration=18075
Task=52 Chunk=1 Start=7789878230056 End=7789878230446 Duration=390
Task=52 Chunk=2 Start=7789878230468 End=7789878230469 Duration=1
Task=52 Chunk=3 Start=7789879103317 End=7789879150642 Duration=47325
Task=53 Chunk=0 Start=7789878256954 End=7789878275889 Duration=18935
Task=53 Chunk=1 Start=7789878275922 End=7789878276395 Duration=473
Task=53 Chunk=2 Start=7789878276404 End=7789878276413 Duration=9
Task=53 Chunk=3 Start=7789879150643 End=7789879195985 Duration=45342
Task=54 Chunk=0 Start=7789878303230 End=7789878321263 Duration=18033
Task=54 Chunk=1 Start=7789878321272 End=7789878321607 Duration=335
Task=54 Chunk=2 Start=7789878321612 End=7789878321613 Duration=1
Task=54 Chunk=3 Start=7789879195988 End=7789879241047 Duration=45059
Task=55 Chunk=0 Start=7789878349006 End=7789878368170 Duration=19164
Task=55 Chunk=1 Start=7789878368211 End=7789878368650 Duration=439
Task=55 Chunk=2 Start=7789878368664 End=7789878368668 Duration=4
Task=55 Chunk=3 Start=7789879241048 End=7789879289066 Duration=48018
Task=56 Chunk=0 Start=7789878406562 End=7789878424608 Duration=18046
Task=56 Chunk=1 Start=7789878424624 End=7789878425029 Duration=405
Task=56 Chunk=2 Start=7789878425042 End=7789878425043 Duration=1
Task=56 Chunk=3 Start=7789879289066 End=7789879334224 Duration=45158
Task=57 Chunk=0 Start=7789878452386 End=7789878471513 Duration=19127
Task=57 Chunk=1 Start=7789878471527 End=7789878471984 Duration=457
Task=57 Chunk=2 Start=7789878471990 End=7789878471991 Duration=1
Task=57 Chunk=3 Start=7789879334225 End=7789879380688 Duration=46463
Task=58 Chunk=0 Start=7789878498347 End=7789878516329 Duration=17982
Task=58 Chunk=1 Start=7789878516345 End=7789878516767 Duration=422
Task=58 Chunk=2 Start=7789878516795 End=7789878516796 Duration=1
Task=58 Chunk=3 Start=7789879380689 End=7789879426477 Duration=45788
Task=59 Chunk=0 Start=7789878543031 End=7789878561966 Duration=18935
Task=59 Chunk=1 Start=7789878561995 End=7789878562437 Duration=442
Task=59 Chunk=2 Start=7789878562467 End=7789878562468 Duration=1
Task=59 Chunk=3 Start=7789879426479 End=7789879472610 Duration=46131
Task=60 Chunk=0 Start=7789878588678 End=7789878606884 Duration=18206
Task=60 Chunk=1 Start=7789878606899 End=7789878607233 Duration=334
Task=60 Chunk=2 Start=7789878607242 End=7789878607243 Duration=1
Task=60 Chunk=3 Start=7789879472612 End=7789879517807 Duration=45195
Task=61 Chunk=0 Start=7789878633692 End=7789878651688 Duration=17996
Task=61 Chunk=1 Start=7789878651716 End=7789878652069 Duration=353
Task=61 Chunk=2 Start=7789878652079 End=7789878652080 Duration=1
Task=61 Chunk=3 Start=7789879517809 End=7789879564111 Duration=46302
Task=62 Chunk=0 Start=7789878679512 End=7789878697624 Duration=18112
Task=62 Chunk=1 Start=7789878697654 End=7789878698027 Duration=373
Task=62 Chunk=2 Start=7789878698051 End=7789878698071 Duration=20
Task=62 Chunk=3 Start=7789879564112 End=7789879609754 Duration=45642
Task=63 Chunk=0 Start=7789878856420 End=7789878874391 Duration=17971
Task=63 Chunk=1 Start=7789878874399 End=7789878875020 Duration=621
Task=63 Chunk=2 Start=7789878875041 End=7789878875060 Duration=19
Task=63 Chunk=3 Start=7789879609755 End=7789879655394 Duration=45639
Task=64 Chunk=0 Start=7789878945143 End=7789878964339 Duration=19196
Task=64 Chunk=1 Start=7789878964352 End=7789878964972 Duration=620
Task=64 Chunk=2 Start=7789878964990 End=7789878964991 Duration=1
Task=64 Chunk=3 Start=7789879655396 End=7789879700196 Duration=44800
Task=65 Chunk=0 Start=7789879035885 End=7789879054855 Duration=18970
Task=65 Chunk=1 Start=7789879054862 End=7789879055275 Duration=413
Task=65 Chunk=2 Start=7789879055280 End=7789879055282 Duration=2
Task=65 Chunk=3 Start=7789879700199 End=7789879747312 Duration=47113
Task=66 Chunk=0 Start=7789879103323 End=7789879121675 Duration=18352
Task=66 Chunk=1 Start=7789879121682 End=7789879122129 Duration=447
Task=66 Chunk=2 Start=7789879122141 End=7789879122144 Duration=3
Task=66 Chunk=3 Start=7789879747313 End=7789879792391 Duration=45078
Task=67 Chunk=0 Start=7789879150662 End=7789879168789 Duration=18127
Task=67 Chunk=1 Start=7789879168825 End=7789879169283 Duration=458
Task=67 Chunk=2 Start=7789879169310 End=7789879169311 Duration=1
Task=67 Chunk=3 Start=7789879792392 End=7789879838546 Duration=46154
Task=68 Chunk=0 Start=7789879195991 End=7789879214038 Duration=18047
Task=68 Chunk=1 Start=7789879214048 End=7789879214513 Duration=465
Task=68 Chunk=2 Start=7789879214532 End=7789879214533 Duration=1
Task=68 Chunk=3 Start=7789879838547 End=7789879883985 Duration=45438
Task=69 Chunk=0 Start=7789879241054 End=7789879260279 Duration=19225
Task=69 Chunk=1 Start=7789879260302 End=7789879260743 Duration=441
Task=69 Chunk=2 Start=7789879260758 End=7789879260760 Duration=2
Task=69 Chunk=3 Start=7789879883986 End=7789879928763 Duration=44777
Task=70 Chunk=0 Start=7789879289075 End=7789879307380 Duration=18305
Task=70 Chunk=1 Start=7789879307402 End=7789879307828 Duration=426
Task=70 Chunk=2 Start=7789879307841 End=7789879307843 Duration=2
Task=70 Chunk=3 Start=7789879928764 End=7789879976040 Duration=47276
Task=71 Chunk=0 Start=7789879334240 End=7789879353361 Duration=19121
Task=71 Chunk=1 Start=7789879353387 End=7789879353895 Duration=508
Task=71 Chunk=2 Start=7789879353902 End=7789879353904 Duration=2
Task=71 Chunk=3 Start=7789879976041 End=7789880021544 Duration=45503
Task=72 Chunk=0 Start=7789879380702 End=7789879398892 Duration=18190
Task=72 Chunk=1 Start=7789879398901 End=7789879399275 Duration=374
Task=72 Chunk=2 Start=7789879399298 End=7789879399300 Duration=2
Task=72 Chunk=3 Start=7789880021544 End=7789880067310 Duration=45766
Task=73 Chunk=0 Start=7789879426494 End=7789879445917 Duration=19423
Task=73 Chunk=1 Start=7789879445934 End=7789879446420 Duration=486
Task=73 Chunk=2 Start=7789879446435 End=7789879446436 Duration=1
Task=73 Chunk=3 Start=7789880067310 End=7789880112675 Duration=45365
Task=74 Chunk=0 Start=7789879472629 End=7789879490677 Duration=18048
Task=74 Chunk=1 Start=7789879490707 End=7789879491104 Duration=397
Task=74 Chunk=2 Start=7789879491120 End=7789879491121 Duration=1
Task=74 Chunk=3 Start=7789880112675 End=7789880158908 Duration=46233
Task=75 Chunk=0 Start=7789879517816 End=7789879536144 Duration=18328
Task=75 Chunk=1 Start=7789879536176 End=7789879536533 Duration=357
Task=75 Chunk=2 Start=7789879536553 End=7789879536554 Duration=1
Task=75 Chunk=3 Start=7789880158908 End=7789880203808 Duration=44900
Task=76 Chunk=0 Start=7789879564117 End=7789879582405 Duration=18288
Task=76 Chunk=1 Start=7789879582431 End=7789879582857 Duration=426
Task=76 Chunk=2 Start=7789879582877 End=7789879582885 Duration=8
Task=76 Chunk=3 Start=7789880203809 End=7789880249461 Duration=45652
Task=77 Chunk=0 Start=7789879609760 End=7789879628216 Duration=18456
Task=77 Chunk=1 Start=7789879628241 End=7789879628580 Duration=339
Task=77 Chunk=2 Start=7789879628585 End=7789879628586 Duration=1
Task=77 Chunk=3 Start=7789880249463 End=7789880294528 Duration=45065
Task=78 Chunk=0 Start=7789879655407 End=7789879673377 Duration=17970
Task=78 Chunk=1 Start=7789879673413 End=7789879673852 Duration=439
Task=78 Chunk=2 Start=7789879673876 End=7789879673886 Duration=10
Task=78 Chunk=3 Start=7789880294529 End=7789880340290 Duration=45761
Task=79 Chunk=0 Start=7789879700207 End=7789879718259 Duration=18052
Task=79 Chunk=1 Start=7789879718284 End=7789879718641 Duration=357
Task=79 Chunk=2 Start=7789879718657 End=7789879718658 Duration=1
Task=79 Chunk=3 Start=7789880340290 End=7789880385299 Duration=45009
Task=80 Chunk=0 Start=7789879747330 End=7789879765421 Duration=18091
Task=80 Chunk=1 Start=7789879765446 End=7789879765903 Duration=457
Task=80 Chunk=2 Start=7789879765924 End=7789879765932 Duration=8
Task=80 Chunk=3 Start=7789880385300 End=7789880431348 Duration=46048
Task=81 Chunk=0 Start=7789879792413 End=7789879810220 Duration=17807
Task=81 Chunk=1 Start=7789879810251 End=7789879810588 Duration=337
Task=81 Chunk=2 Start=7789879810619 End=7789879810621 Duration=2
Task=81 Chunk=3 Start=7789880431348 End=7789880476568 Duration=45220
Task=82 Chunk=0 Start=7789879838561 End=7789879856709 Duration=18148
Task=82 Chunk=1 Start=7789879856723 End=7789879857148 Duration=425
Task=82 Chunk=2 Start=7789879857178 End=7789879857186 Duration=8
Task=82 Chunk=3 Start=7789880476568 End=7789880521689 Duration=45121
Task=83 Chunk=0 Start=7789879884004 End=7789879902026 Duration=18022
Task=83 Chunk=1 Start=7789879902054 End=7789879902412 Duration=358
Task=83 Chunk=2 Start=7789879902438 End=7789879902439 Duration=1
Task=83 Chunk=3 Start=7789880521690 End=7789880567722 Duration=46032
Task=84 Chunk=0 Start=7789879928770 End=7789879948073 Duration=19303
Task=84 Chunk=1 Start=7789879948087 End=7789879948631 Duration=544
Task=84 Chunk=2 Start=7789879948656 End=7789879948657 Duration=1
Task=84 Chunk=3 Start=7789880567723 End=7789880612795 Duration=45072
Task=85 Chunk=0 Start=7789879976049 End=7789879994326 Duration=18277
Task=85 Chunk=1 Start=7789879994352 End=7789879994775 Duration=423
Task=85 Chunk=2 Start=7789879994781 End=7789879994782 Duration=1
Task=85 Chunk=3 Start=7789880612796 End=7789880660377 Duration=47581
Task=86 Chunk=0 Start=7789880021556 End=7789880040812 Duration=19256
Task=86 Chunk=1 Start=7789880040829 End=7789880041273 Duration=444
Task=86 Chunk=2 Start=7789880041278 End=7789880041279 Duration=1
Task=86 Chunk=3 Start=7789880660378 End=7789880704206 Duration=43828
Task=87 Chunk=0 Start=7789880067330 End=7789880085397 Duration=18067
Task=87 Chunk=1 Start=7789880085423 End=7789880085812 Duration=389
Task=87 Chunk=2 Start=7789880085837 End=7789880085838 Duration=1
Task=87 Chunk=3 Start=7789880704207 End=7789880749182 Duration=44975
Task=88 Chunk=0 Start=7789880112688 End=7789880130739 Duration=18051
Task=88 Chunk=1 Start=7789880130751 End=7789880132497 Duration=1746
Task=88 Chunk=2 Start=7789880133497 End=7789880133504 Duration=7
Task=88 Chunk=3 Start=7789880749183 End=7789880792842 Duration=43659
Task=89 Chunk=0 Start=7789880158933 End=7789880176876 Duration=17943
Task=89 Chunk=1 Start=7789880176904 End=7789880177340 Duration=436
Task=89 Chunk=2 Start=7789880177361 End=7789880177366 Duration=5
Task=89 Chunk=3 Start=7789880792843 End=7789880837068 Duration=44225
Task=90 Chunk=0 Start=7789880203824 End=7789880221779 Duration=17955
Task=90 Chunk=1 Start=7789880221809 End=7789880222200 Duration=391
Task=90 Chunk=2 Start=7789880222219 End=7789880222221 Duration=2
Task=90 Chunk=3 Start=7789880837069 End=7789880880616 Duration=43547
Task=91 Chunk=0 Start=7789880249469 End=7789880267487 Duration=18018
Task=91 Chunk=1 Start=7789880267504 End=7789880267996 Duration=492
Task=91 Chunk=2 Start=7789880268026 End=7789880268031 Duration=5
Task=91 Chunk=3 Start=7789880880617 End=7789880925215 Duration=44598
Task=92 Chunk=0 Start=7789880294534 End=7789880312623 Duration=18089
Task=92 Chunk=1 Start=7789880312652 End=7789880313084 Duration=432
Task=92 Chunk=2 Start=7789880313089 End=7789880313090 Duration=1
Task=92 Chunk=3 Start=7789880925216 End=7789880969033 Duration=43817
Task=93 Chunk=0 Start=7789880340302 End=7789880358298 Duration=17996
Task=93 Chunk=1 Start=7789880358312 End=7789880358893 Duration=581
Task=93 Chunk=2 Start=7789880358910 End=7789880358913 Duration=3
Task=93 Chunk=3 Start=7789880969034 End=7789881012348 Duration=43314
Task=94 Chunk=0 Start=7789880385319 End=7789880404086 Duration=18767
Task=94 Chunk=1 Start=7789880404096 End=7789880404623 Duration=527
Task=94 Chunk=2 Start=7789880404656 End=7789880404657 Duration=1
Task=94 Chunk=3 Start=7789881012349 End=7789881056499 Duration=44150
Task=95 Chunk=0 Start=7789880431362 End=7789880449470 Duration=18108
Task=95 Chunk=1 Start=7789880449482 End=7789880450392 Duration=910
Task=95 Chunk=2 Start=7789880450417 End=7789880450425 Duration=8
Task=95 Chunk=3 Start=7789881056503 End=7789881100203 Duration=43700
Task=96 Chunk=0 Start=7789880476580 End=7789880494739 Duration=18159
Task=96 Chunk=1 Start=7789880494770 End=7789880495281 Duration=511
Task=96 Chunk=2 Start=7789880495302 End=7789880495304 Duration=2
Task=96 Chunk=3 Start=7789881100204 End=7789881144632 Duration=44428
Task=97 Chunk=0 Start=7789880521706 End=7789880541305 Duration=19599
Task=97 Chunk=1 Start=7789880541343 End=7789880541938 Duration=595
Task=97 Chunk=2 Start=7789880541956 End=7789880541957 Duration=1
Task=97 Chunk=3 Start=7789881144637 End=7789881188418 Duration=43781
Task=98 Chunk=0 Start=7789880567730 End=7789880585956 Duration=18226
Task=98 Chunk=1 Start=7789880585972 End=7789880586417 Duration=445
Task=98 Chunk=2 Start=7789880586436 End=7789880586437 Duration=1
Task=98 Chunk=3 Start=7789881188421 End=7789881232785 Duration=44364
Task=99 Chunk=0 Start=7789880612807 End=7789880632148 Duration=19341
Task=99 Chunk=1 Start=7789880632170 End=7789880632646 Duration=476
Task=99 Chunk=2 Start=7789880632674 End=7789880632680 Duration=6
Task=99 Chunk=3 Start=7789881232790 End=7789881276142 Duration=43352
### Python End ###

--------------------------------
[2025-06-28 12:16:58.579] [info] Available Vulkan Layers:
[2025-06-28 12:16:58.579] [warning] Validation layer requested but not available, continuing without it...
[2025-06-28 12:16:58.582] [info] Using integrated GPU: Mali-G710
[2025-06-28 12:16:58.584] [info] VulkanDispatcher instance created.
[2025-06-28 12:16:58.740] [info] Total memory used: 40550404 bytes (38.67188 MB)
[2025-06-28 12:16:58.744] [info] Total memory used: 40550404 bytes (38.67188 MB)
[2025-06-28 12:16:58.779] [info] Total memory used: 40550404 bytes (38.67188 MB)
[2025-06-28 12:16:58.783] [info] Total memory used: 40550404 bytes (38.67188 MB)
[2025-06-28 12:16:58.787] [info] Total memory used: 40550404 bytes (38.67188 MB)
[2025-06-28 12:16:58.856] [info] Total memory used: 40550404 bytes (38.67188 MB)
[2025-06-28 12:16:58.859] [info] Total memory used: 40550404 bytes (38.67188 MB)
[2025-06-28 12:16:58.863] [info] Total memory used: 40550404 bytes (38.67188 MB)
[2025-06-28 12:16:58.867] [info] Total memory used: 40550404 bytes (38.67188 MB)
[2025-06-28 12:16:58.870] [info] Total memory used: 40550404 bytes (38.67188 MB)
[2025-06-28 12:16:58.920] [info] Total memory used: 40550404 bytes (38.67188 MB)
[2025-06-28 12:16:58.924] [info] Total memory used: 40550404 bytes (38.67188 MB)
[2025-06-28 12:16:58.927] [info] Total memory used: 40550404 bytes (38.67188 MB)
[2025-06-28 12:16:58.931] [info] Total memory used: 40550404 bytes (38.67188 MB)
[2025-06-28 12:16:58.935] [info] Total memory used: 40550404 bytes (38.67188 MB)
[2025-06-28 12:16:58.939] [info] Total memory used: 40550404 bytes (38.67188 MB)
### Python Begin ###
Schedule_UID=SCH-M3G1L2B1-G223-9e73
Frequency=24576000 Hz
Task=0 Chunk=0 Start=7789891147400 End=7789891204903 Duration=57503
Task=0 Chunk=1 Start=7789891204936 End=7789891204956 Duration=20
Task=0 Chunk=2 Start=7789891204979 End=7789891228226 Duration=23247
Task=0 Chunk=3 Start=7789891244533 End=7789891250252 Duration=5719
Task=1 Chunk=0 Start=7789891204909 End=7789891258844 Duration=53935
Task=1 Chunk=1 Start=7789891287159 End=7789891287187 Duration=28
Task=1 Chunk=2 Start=7789891287196 End=7789891303729 Duration=16533
Task=1 Chunk=3 Start=7789891303754 End=7789891304074 Duration=320
Task=2 Chunk=0 Start=7789891258847 End=7789891282278 Duration=23431
Task=2 Chunk=1 Start=7789891287190 End=7789891287193 Duration=3
Task=2 Chunk=2 Start=7789891303745 End=7789891320414 Duration=16669
Task=2 Chunk=3 Start=7789891320424 End=7789891320482 Duration=58
Task=3 Chunk=0 Start=7789891282279 End=7789891307644 Duration=25365
Task=3 Chunk=1 Start=7789891320765 End=7789891320801 Duration=36
Task=3 Chunk=2 Start=7789891320824 End=7789891336702 Duration=15878
Task=3 Chunk=3 Start=7789891336710 End=7789891336753 Duration=43
Task=4 Chunk=0 Start=7789891307645 End=7789891333470 Duration=25825
Task=4 Chunk=1 Start=7789891338436 End=7789891338458 Duration=22
Task=4 Chunk=2 Start=7789891344626 End=7789891360642 Duration=16016
Task=4 Chunk=3 Start=7789891360654 End=7789891360711 Duration=57
Task=5 Chunk=0 Start=7789891333471 End=7789891360626 Duration=27155
Task=5 Chunk=1 Start=7789891361042 End=7789891361085 Duration=43
Task=5 Chunk=2 Start=7789891361111 End=7789891388098 Duration=26987
Task=5 Chunk=3 Start=7789891388111 End=7789891388158 Duration=47
Task=6 Chunk=0 Start=7789891360627 End=7789891384560 Duration=23933
Task=6 Chunk=1 Start=7789891388503 End=7789891388519 Duration=16
Task=6 Chunk=2 Start=7789891388549 End=7789891417341 Duration=28792
Task=6 Chunk=3 Start=7789891417347 End=7789891417396 Duration=49
Task=7 Chunk=0 Start=7789891384562 End=7789891408797 Duration=24235
Task=7 Chunk=1 Start=7789891417743 End=7789891417765 Duration=22
Task=7 Chunk=2 Start=7789891417789 End=7789891448093 Duration=30304
Task=7 Chunk=3 Start=7789891448104 End=7789891448156 Duration=52
Task=8 Chunk=0 Start=7789891408798 End=7789891433749 Duration=24951
Task=8 Chunk=1 Start=7789891448481 End=7789891448488 Duration=7
Task=8 Chunk=2 Start=7789891448517 End=7789891477745 Duration=29228
Task=8 Chunk=3 Start=7789891477766 End=7789891477817 Duration=51
Task=9 Chunk=0 Start=7789891433750 End=7789891459563 Duration=25813
Task=9 Chunk=1 Start=7789891459610 End=7789891459611 Duration=1
Task=9 Chunk=2 Start=7789891477759 End=7789891507216 Duration=29457
Task=9 Chunk=3 Start=7789891507229 End=7789891507283 Duration=54
Task=10 Chunk=0 Start=7789891459565 End=7789891484364 Duration=24799
Task=10 Chunk=1 Start=7789891484384 End=7789891484405 Duration=21
Task=10 Chunk=2 Start=7789891507222 End=7789891538493 Duration=31271
Task=10 Chunk=3 Start=7789891538500 End=7789891538672 Duration=172
Task=11 Chunk=0 Start=7789891484365 End=7789891508713 Duration=24348
Task=11 Chunk=1 Start=7789891508725 End=7789891508746 Duration=21
Task=11 Chunk=2 Start=7789891538498 End=7789891554382 Duration=15884
Task=11 Chunk=3 Start=7789891554395 End=7789891554483 Duration=88
Task=12 Chunk=0 Start=7789891508714 End=7789891532632 Duration=23918
Task=12 Chunk=1 Start=7789891535582 End=7789891535610 Duration=28
Task=12 Chunk=2 Start=7789891554388 End=7789891570098 Duration=15710
Task=12 Chunk=3 Start=7789891570112 End=7789891570194 Duration=82
Task=13 Chunk=0 Start=7789891532632 End=7789891562675 Duration=30043
Task=13 Chunk=1 Start=7789891562694 End=7789891562695 Duration=1
Task=13 Chunk=2 Start=7789891570106 End=7789891585379 Duration=15273
Task=13 Chunk=3 Start=7789891585390 End=7789891585459 Duration=69
Task=14 Chunk=0 Start=7789891562684 End=7789891586746 Duration=24062
Task=14 Chunk=2 Start=7789891586817 End=7789891601935 Duration=15118
Task=14 Chunk=3 Start=7789891601941 End=7789891602018 Duration=77
Task=15 Chunk=0 Start=7789891586750 End=7789891609933 Duration=23183
Task=15 Chunk=1 Start=7789891609948 End=7789891609949 Duration=1
Task=15 Chunk=2 Start=7789891609961 End=7789891625852 Duration=15891
Task=15 Chunk=3 Start=7789891625857 End=7789891625956 Duration=99
Task=16 Chunk=0 Start=7789891609936 End=7789891633849 Duration=23913
Task=16 Chunk=1 Start=7789891633908 End=7789891633909 Duration=1
Task=16 Chunk=2 Start=7789891633922 End=7789891649600 Duration=15678
Task=16 Chunk=3 Start=7789891649606 End=7789891649664 Duration=58
Task=17 Chunk=0 Start=7789891633849 End=7789891657052 Duration=23203
Task=17 Chunk=1 Start=7789891657132 End=7789891657133 Duration=1
Task=17 Chunk=2 Start=7789891657139 End=7789891672694 Duration=15555
Task=17 Chunk=3 Start=7789891672702 End=7789891672760 Duration=58
Task=18 Chunk=0 Start=7789891657052 End=7789891680101 Duration=23049
Task=18 Chunk=1 Start=7789891680171 End=7789891680172 Duration=1
Task=18 Chunk=2 Start=7789891680185 End=7789891695469 Duration=15284
Task=18 Chunk=3 Start=7789891695480 End=7789891695556 Duration=76
Task=19 Chunk=0 Start=7789891680103 End=7789891703247 Duration=23144
Task=19 Chunk=2 Start=7789891703313 End=7789891718711 Duration=15398
Task=19 Chunk=3 Start=7789891718725 End=7789891718831 Duration=106
Task=20 Chunk=0 Start=7789891703248 End=7789891726440 Duration=23192
Task=20 Chunk=1 Start=7789891726477 End=7789891726478 Duration=1
Task=20 Chunk=2 Start=7789891726501 End=7789891743343 Duration=16842
Task=20 Chunk=3 Start=7789891743349 End=7789891743396 Duration=47
Task=21 Chunk=0 Start=7789891726443 End=7789891754047 Duration=27604
Task=21 Chunk=2 Start=7789891754107 End=7789891769503 Duration=15396
Task=21 Chunk=3 Start=7789891769514 End=7789891769600 Duration=86
Task=22 Chunk=0 Start=7789891754047 End=7789891777370 Duration=23323
Task=22 Chunk=1 Start=7789891777401 End=7789891777402 Duration=1
Task=22 Chunk=2 Start=7789891777432 End=7789891792844 Duration=15412
Task=22 Chunk=3 Start=7789891792852 End=7789891792959 Duration=107
Task=23 Chunk=0 Start=7789891777371 End=7789891800470 Duration=23099
Task=23 Chunk=2 Start=7789891800492 End=7789891816200 Duration=15708
Task=23 Chunk=3 Start=7789891816206 End=7789891816309 Duration=103
Task=24 Chunk=0 Start=7789891800470 End=7789891824603 Duration=24133
Task=24 Chunk=1 Start=7789891824641 End=7789891824642 Duration=1
Task=24 Chunk=2 Start=7789891824650 End=7789891841214 Duration=16564
Task=24 Chunk=3 Start=7789891841228 End=7789891841285 Duration=57
Task=25 Chunk=0 Start=7789891824604 End=7789891848993 Duration=24389
Task=25 Chunk=2 Start=7789891849043 End=7789891864373 Duration=15330
Task=25 Chunk=3 Start=7789891864385 End=7789891864490 Duration=105
Task=26 Chunk=0 Start=7789891848994 End=7789891872089 Duration=23095
Task=26 Chunk=1 Start=7789891872112 End=7789891872113 Duration=1
Task=26 Chunk=2 Start=7789891872128 End=7789891887563 Duration=15435
Task=26 Chunk=3 Start=7789891887572 End=7789891887660 Duration=88
Task=27 Chunk=0 Start=7789891872089 End=7789891895145 Duration=23056
Task=27 Chunk=1 Start=7789891895161 End=7789891895162 Duration=1
Task=27 Chunk=2 Start=7789891895173 End=7789891910427 Duration=15254
Task=27 Chunk=3 Start=7789891910433 End=7789891910519 Duration=86
Task=28 Chunk=0 Start=7789891895146 End=7789891918177 Duration=23031
Task=28 Chunk=1 Start=7789891918189 End=7789891918190 Duration=1
Task=28 Chunk=2 Start=7789891918214 End=7789891935599 Duration=17385
Task=28 Chunk=3 Start=7789891935607 End=7789891935654 Duration=47
Task=29 Chunk=0 Start=7789891918177 End=7789891942256 Duration=24079
Task=29 Chunk=1 Start=7789891942465 End=7789891942472 Duration=7
Task=29 Chunk=2 Start=7789891942492 End=7789891957685 Duration=15193
Task=29 Chunk=3 Start=7789891957698 End=7789891957743 Duration=45
Task=30 Chunk=0 Start=7789891942257 End=7789891965536 Duration=23279
Task=30 Chunk=1 Start=7789891965649 End=7789891965652 Duration=3
Task=30 Chunk=2 Start=7789891965666 End=7789891981505 Duration=15839
Task=30 Chunk=3 Start=7789891981519 End=7789891981563 Duration=44
Task=31 Chunk=0 Start=7789891965537 End=7789891988706 Duration=23169
Task=31 Chunk=1 Start=7789891988740 End=7789891988744 Duration=4
Task=31 Chunk=2 Start=7789891988775 End=7789892008118 Duration=19343
Task=31 Chunk=3 Start=7789892008128 End=7789892008173 Duration=45
Task=32 Chunk=0 Start=7789891988707 End=7789892023083 Duration=34376
Task=32 Chunk=1 Start=7789892023261 End=7789892023266 Duration=5
Task=32 Chunk=2 Start=7789892023272 End=7789892040273 Duration=17001
Task=32 Chunk=3 Start=7789892040287 End=7789892040334 Duration=47
Task=33 Chunk=0 Start=7789892023091 End=7789892047042 Duration=23951
Task=33 Chunk=1 Start=7789892047088 End=7789892047098 Duration=10
Task=33 Chunk=2 Start=7789892047127 End=7789892062506 Duration=15379
Task=33 Chunk=3 Start=7789892062515 End=7789892062562 Duration=47
Task=34 Chunk=0 Start=7789892047045 End=7789892070298 Duration=23253
Task=34 Chunk=1 Start=7789892070333 End=7789892070337 Duration=4
Task=34 Chunk=2 Start=7789892070343 End=7789892085712 Duration=15369
Task=34 Chunk=3 Start=7789892085723 End=7789892085768 Duration=45
Task=35 Chunk=0 Start=7789892070299 End=7789892093402 Duration=23103
Task=35 Chunk=1 Start=7789892093415 End=7789892093424 Duration=9
Task=35 Chunk=2 Start=7789892093437 End=7789892115605 Duration=22168
Task=35 Chunk=3 Start=7789892115620 End=7789892115671 Duration=51
Task=36 Chunk=0 Start=7789892093403 End=7789892116416 Duration=23013
Task=36 Chunk=1 Start=7789892116443 End=7789892116446 Duration=3
Task=36 Chunk=2 Start=7789892116456 End=7789892146141 Duration=29685
Task=36 Chunk=3 Start=7789892146156 End=7789892146207 Duration=51
Task=37 Chunk=0 Start=7789892116418 End=7789892141301 Duration=24883
Task=37 Chunk=1 Start=7789892146559 End=7789892146564 Duration=5
Task=37 Chunk=2 Start=7789892146574 End=7789892175612 Duration=29038
Task=37 Chunk=3 Start=7789892175622 End=7789892175672 Duration=50
Task=38 Chunk=0 Start=7789892141302 End=7789892164873 Duration=23571
Task=38 Chunk=1 Start=7789892175992 End=7789892175995 Duration=3
Task=38 Chunk=2 Start=7789892176019 End=7789892205160 Duration=29141
Task=38 Chunk=3 Start=7789892205172 End=7789892205219 Duration=47
Task=39 Chunk=0 Start=7789892164874 End=7789892188318 Duration=23444
Task=39 Chunk=1 Start=7789892188357 End=7789892188359 Duration=2
Task=39 Chunk=2 Start=7789892205166 End=7789892236102 Duration=30936
Task=39 Chunk=3 Start=7789892236112 End=7789892236159 Duration=47
Task=40 Chunk=0 Start=7789892188319 End=7789892211566 Duration=23247
Task=40 Chunk=1 Start=7789892211589 End=7789892211592 Duration=3
Task=40 Chunk=2 Start=7789892236111 End=7789892265477 Duration=29366
Task=40 Chunk=3 Start=7789892265488 End=7789892265534 Duration=46
Task=41 Chunk=0 Start=7789892211569 End=7789892235417 Duration=23848
Task=41 Chunk=1 Start=7789892236829 End=7789892236840 Duration=11
Task=41 Chunk=2 Start=7789892265484 End=7789892294773 Duration=29289
Task=41 Chunk=3 Start=7789892294783 End=7789892294826 Duration=43
Task=42 Chunk=0 Start=7789892235417 End=7789892258372 Duration=22955
Task=42 Chunk=1 Start=7789892265972 End=7789892265979 Duration=7
Task=42 Chunk=2 Start=7789892294778 End=7789892325407 Duration=30629
Task=42 Chunk=3 Start=7789892325421 End=7789892325471 Duration=50
Task=43 Chunk=0 Start=7789892258372 End=7789892281785 Duration=23413
Task=43 Chunk=1 Start=7789892295149 End=7789892295153 Duration=4
Task=43 Chunk=2 Start=7789892325414 End=7789892354632 Duration=29218
Task=43 Chunk=3 Start=7789892354646 End=7789892354692 Duration=46
Task=44 Chunk=0 Start=7789892281785 End=7789892307295 Duration=25510
Task=44 Chunk=1 Start=7789892307320 End=7789892307321 Duration=1
Task=44 Chunk=2 Start=7789892354642 End=7789892383644 Duration=29002
Task=44 Chunk=3 Start=7789892383659 End=7789892383706 Duration=47
Task=45 Chunk=0 Start=7789892307305 End=7789892331841 Duration=24536
Task=45 Chunk=1 Start=7789892331849 End=7789892331855 Duration=6
Task=45 Chunk=2 Start=7789892383652 End=7789892412922 Duration=29270
Task=45 Chunk=3 Start=7789892412931 End=7789892412976 Duration=45
Task=46 Chunk=0 Start=7789892331846 End=7789892354946 Duration=23100
Task=46 Chunk=1 Start=7789892355095 End=7789892355105 Duration=10
Task=46 Chunk=2 Start=7789892412927 End=7789892445062 Duration=32135
Task=46 Chunk=3 Start=7789892445074 End=7789892445124 Duration=50
Task=47 Chunk=0 Start=7789892354949 End=7789892377920 Duration=22971
Task=47 Chunk=1 Start=7789892384087 End=7789892384090 Duration=3
Task=47 Chunk=2 Start=7789892445069 End=7789892475724 Duration=30655
Task=47 Chunk=3 Start=7789892475739 End=7789892475784 Duration=45
Task=48 Chunk=0 Start=7789892377925 End=7789892401432 Duration=23507
Task=48 Chunk=1 Start=7789892414333 End=7789892414337 Duration=4
Task=48 Chunk=2 Start=7789892475731 End=7789892505578 Duration=29847
Task=48 Chunk=3 Start=7789892505588 End=7789892505634 Duration=46
Task=49 Chunk=0 Start=7789892401440 End=7789892432119 Duration=30679
Task=49 Chunk=1 Start=7789892432142 End=7789892432143 Duration=1
Task=49 Chunk=2 Start=7789892505583 End=7789892536880 Duration=31297
Task=49 Chunk=3 Start=7789892536893 End=7789892536943 Duration=50
Task=50 Chunk=0 Start=7789892432122 End=7789892455801 Duration=23679
Task=50 Chunk=1 Start=7789892455817 End=7789892455818 Duration=1
Task=50 Chunk=2 Start=7789892536887 End=7789892567018 Duration=30131
Task=50 Chunk=3 Start=7789892567028 End=7789892567075 Duration=47
Task=51 Chunk=0 Start=7789892455804 End=7789892479063 Duration=23259
Task=51 Chunk=1 Start=7789892479096 End=7789892479097 Duration=1
Task=51 Chunk=2 Start=7789892567023 End=7789892597328 Duration=30305
Task=51 Chunk=3 Start=7789892597339 End=7789892597385 Duration=46
Task=52 Chunk=0 Start=7789892479064 End=7789892502084 Duration=23020
Task=52 Chunk=1 Start=7789892502122 End=7789892502123 Duration=1
Task=52 Chunk=2 Start=7789892597334 End=7789892628759 Duration=31425
Task=52 Chunk=3 Start=7789892628768 End=7789892628815 Duration=47
Task=53 Chunk=0 Start=7789892502093 End=7789892526417 Duration=24324
Task=53 Chunk=1 Start=7789892526453 End=7789892526454 Duration=1
Task=53 Chunk=2 Start=7789892628764 End=7789892659613 Duration=30849
Task=53 Chunk=3 Start=7789892659624 End=7789892659669 Duration=45
Task=54 Chunk=0 Start=7789892526420 End=7789892549790 Duration=23370
Task=54 Chunk=1 Start=7789892549819 End=7789892549820 Duration=1
Task=54 Chunk=2 Start=7789892659620 End=7789892689655 Duration=30035
Task=54 Chunk=3 Start=7789892689669 End=7789892689714 Duration=45
Task=55 Chunk=0 Start=7789892549792 End=7789892572830 Duration=23038
Task=55 Chunk=1 Start=7789892572845 End=7789892572846 Duration=1
Task=55 Chunk=2 Start=7789892689663 End=7789892722152 Duration=32489
Task=55 Chunk=3 Start=7789892722160 End=7789892722207 Duration=47
Task=56 Chunk=0 Start=7789892572836 End=7789892595754 Duration=22918
Task=56 Chunk=1 Start=7789892595786 End=7789892595788 Duration=2
Task=56 Chunk=2 Start=7789892722157 End=7789892752559 Duration=30402
Task=56 Chunk=3 Start=7789892752565 End=7789892752612 Duration=47
Task=57 Chunk=0 Start=7789892595757 End=7789892619680 Duration=23923
Task=57 Chunk=1 Start=7789892619711 End=7789892619712 Duration=1
Task=57 Chunk=2 Start=7789892752565 End=7789892782736 Duration=30171
Task=57 Chunk=3 Start=7789892782746 End=7789892782793 Duration=47
Task=58 Chunk=0 Start=7789892619683 End=7789892643097 Duration=23414
Task=58 Chunk=1 Start=7789892643131 End=7789892643133 Duration=2
Task=58 Chunk=2 Start=7789892782741 End=7789892818818 Duration=36077
Task=58 Chunk=3 Start=7789892818831 End=7789892818881 Duration=50
Task=59 Chunk=0 Start=7789892643098 End=7789892666006 Duration=22908
Task=59 Chunk=1 Start=7789892666045 End=7789892666046 Duration=1
Task=59 Chunk=2 Start=7789892818829 End=7789892855496 Duration=36667
Task=59 Chunk=3 Start=7789892855505 End=7789892855551 Duration=46
Task=60 Chunk=0 Start=7789892666012 End=7789892689102 Duration=23090
Task=60 Chunk=1 Start=7789892689126 End=7789892689127 Duration=1
Task=60 Chunk=2 Start=7789892855501 End=7789892892624 Duration=37123
Task=60 Chunk=3 Start=7789892892642 End=7789892892686 Duration=44
Task=61 Chunk=0 Start=7789892689106 End=7789892712029 Duration=22923
Task=61 Chunk=1 Start=7789892712067 End=7789892712068 Duration=1
Task=61 Chunk=2 Start=7789892892638 End=7789892931808 Duration=39170
Task=61 Chunk=3 Start=7789892931823 End=7789892931873 Duration=50
Task=62 Chunk=0 Start=7789892712032 End=7789892736513 Duration=24481
Task=62 Chunk=1 Start=7789892736530 End=7789892736535 Duration=5
Task=62 Chunk=2 Start=7789892931819 End=7789892968531 Duration=36712
Task=62 Chunk=3 Start=7789892968539 End=7789892968588 Duration=49
Task=63 Chunk=0 Start=7789892736517 End=7789892759701 Duration=23184
Task=63 Chunk=1 Start=7789892759711 End=7789892759712 Duration=1
Task=63 Chunk=2 Start=7789892968540 End=7789893004614 Duration=36074
Task=63 Chunk=3 Start=7789893004621 End=7789893004667 Duration=46
Task=64 Chunk=0 Start=7789892759702 End=7789892782528 Duration=22826
Task=64 Chunk=1 Start=7789892782549 End=7789892782550 Duration=1
Task=64 Chunk=2 Start=7789893004619 End=7789893042465 Duration=37846
Task=64 Chunk=3 Start=7789893042470 End=7789893042520 Duration=50
Task=65 Chunk=0 Start=7789892782532 End=7789892805434 Duration=22902
Task=65 Chunk=1 Start=7789892805446 End=7789892805447 Duration=1
Task=65 Chunk=2 Start=7789893042471 End=7789893078482 Duration=36011
Task=65 Chunk=3 Start=7789893078491 End=7789893078537 Duration=46
Task=66 Chunk=0 Start=7789892805434 End=7789892830413 Duration=24979
Task=66 Chunk=1 Start=7789892830441 End=7789892830444 Duration=3
Task=66 Chunk=2 Start=7789893078490 End=7789893116257 Duration=37767
Task=66 Chunk=3 Start=7789893116271 End=7789893126085 Duration=9814
Task=67 Chunk=0 Start=7789892830414 End=7789892853587 Duration=23173
Task=67 Chunk=1 Start=7789892853598 End=7789892853600 Duration=2
Task=67 Chunk=2 Start=7789893116265 End=7789893152656 Duration=36391
Task=67 Chunk=3 Start=7789893152664 End=7789893152722 Duration=58
Task=68 Chunk=0 Start=7789892853587 End=7789892877127 Duration=23540
Task=68 Chunk=1 Start=7789892877148 End=7789892877149 Duration=1
Task=68 Chunk=2 Start=7789893152664 End=7789893189507 Duration=36843
Task=68 Chunk=3 Start=7789893189517 End=7789893189578 Duration=61
Task=69 Chunk=0 Start=7789892877134 End=7789892900485 Duration=23351
Task=69 Chunk=1 Start=7789892900517 End=7789892900518 Duration=1
Task=69 Chunk=2 Start=7789893189513 End=7789893227189 Duration=37676
Task=69 Chunk=3 Start=7789893227203 End=7789893227260 Duration=57
Task=70 Chunk=0 Start=7789892900486 End=7789892924689 Duration=24203
Task=70 Chunk=1 Start=7789892924708 End=7789892924710 Duration=2
Task=70 Chunk=2 Start=7789893227198 End=7789893263253 Duration=36055
Task=70 Chunk=3 Start=7789893263262 End=7789893263307 Duration=45
Task=71 Chunk=0 Start=7789892924690 End=7789892948856 Duration=24166
Task=71 Chunk=1 Start=7789892948891 End=7789892948892 Duration=1
Task=71 Chunk=2 Start=7789893263258 End=7789893299065 Duration=35807
Task=71 Chunk=3 Start=7789893299081 End=7789893299152 Duration=71
Task=72 Chunk=0 Start=7789892948857 End=7789892971826 Duration=22969
Task=72 Chunk=1 Start=7789892971843 End=7789892971844 Duration=1
Task=72 Chunk=2 Start=7789893299076 End=7789893336320 Duration=37244
Task=72 Chunk=3 Start=7789893336330 End=7789893336383 Duration=53
Task=73 Chunk=0 Start=7789892971827 End=7789892994856 Duration=23029
Task=73 Chunk=1 Start=7789892994862 End=7789892994863 Duration=1
Task=73 Chunk=2 Start=7789893336331 End=7789893372314 Duration=35983
Task=73 Chunk=3 Start=7789893372319 End=7789893372366 Duration=47
Task=74 Chunk=0 Start=7789892994857 End=7789893019118 Duration=24261
Task=74 Chunk=1 Start=7789893019141 End=7789893019143 Duration=2
Task=74 Chunk=2 Start=7789893372323 End=7789893409978 Duration=37655
Task=74 Chunk=3 Start=7789893409983 End=7789893410031 Duration=48
Task=75 Chunk=0 Start=7789893019119 End=7789893042310 Duration=23191
Task=75 Chunk=1 Start=7789893042332 End=7789893042334 Duration=2
Task=75 Chunk=2 Start=7789893409987 End=7789893446816 Duration=36829
Task=75 Chunk=3 Start=7789893446833 End=7789893446880 Duration=47
Task=76 Chunk=0 Start=7789893042313 End=7789893065977 Duration=23664
Task=76 Chunk=1 Start=7789893066001 End=7789893066002 Duration=1
Task=76 Chunk=2 Start=7789893446826 End=7789893482979 Duration=36153
Task=76 Chunk=3 Start=7789893482987 End=7789893483033 Duration=46
Task=77 Chunk=0 Start=7789893065978 End=7789893090154 Duration=24176
Task=77 Chunk=1 Start=7789893090186 End=7789893090188 Duration=2
Task=77 Chunk=2 Start=7789893482984 End=7789893529801 Duration=46817
Task=77 Chunk=3 Start=7789893529823 End=7789893529874 Duration=51
Task=78 Chunk=0 Start=7789893090157 End=7789893114670 Duration=24513
Task=78 Chunk=1 Start=7789893114675 End=7789893114684 Duration=9
Task=78 Chunk=2 Start=7789893529817 End=7789894388307 Duration=858490
Task=78 Chunk=3 Start=7789894388328 End=7789894388561 Duration=233
Task=79 Chunk=0 Start=7789893114670 End=7789893138819 Duration=24149
Task=79 Chunk=1 Start=7789893138831 End=7789893138837 Duration=6
Task=79 Chunk=2 Start=7789894388335 End=7789894497531 Duration=109196
Task=79 Chunk=3 Start=7789894497542 End=7789894497614 Duration=72
Task=80 Chunk=0 Start=7789893138820 End=7789893167617 Duration=28797
Task=80 Chunk=1 Start=7789893167644 End=7789893167655 Duration=11
Task=80 Chunk=2 Start=7789894497545 End=7789894529442 Duration=31897
Task=80 Chunk=3 Start=7789894529452 End=7789894529506 Duration=54
Task=81 Chunk=0 Start=7789893167627 End=7789893195249 Duration=27622
Task=81 Chunk=1 Start=7789893195265 End=7789893195266 Duration=1
Task=81 Chunk=2 Start=7789894529449 End=7789894561286 Duration=31837
Task=81 Chunk=3 Start=7789894561302 End=7789894561354 Duration=52
Task=82 Chunk=0 Start=7789893195259 End=7789893221520 Duration=26261
Task=82 Chunk=1 Start=7789893221548 End=7789893221552 Duration=4
Task=82 Chunk=2 Start=7789894561292 End=7789894594454 Duration=33162
Task=82 Chunk=3 Start=7789894594468 End=7789894594604 Duration=136
Task=83 Chunk=0 Start=7789893221522 End=7789893250146 Duration=28624
Task=83 Chunk=1 Start=7789893250190 End=7789893250191 Duration=1
Task=83 Chunk=2 Start=7789894594462 End=7789894626711 Duration=32249
Task=83 Chunk=3 Start=7789894626722 End=7789894626775 Duration=53
Task=84 Chunk=0 Start=7789893250156 End=7789893332260 Duration=82104
Task=84 Chunk=1 Start=7789893332283 End=7789893332285 Duration=2
Task=84 Chunk=2 Start=7789894626720 End=7789894658289 Duration=31569
Task=84 Chunk=3 Start=7789894658298 End=7789894658350 Duration=52
Task=85 Chunk=0 Start=7789893332273 End=7789893358826 Duration=26553
Task=85 Chunk=1 Start=7789893358868 End=7789893358870 Duration=2
Task=85 Chunk=2 Start=7789894658294 End=7789894691637 Duration=33343
Task=85 Chunk=3 Start=7789894691645 End=7789894691702 Duration=57
Task=86 Chunk=0 Start=7789893358833 End=7789893387564 Duration=28731
Task=86 Chunk=1 Start=7789893387610 End=7789893387611 Duration=1
Task=86 Chunk=2 Start=7789894691646 End=7789894707997 Duration=16351
Task=86 Chunk=3 Start=7789894708009 End=7789894708088 Duration=79
Task=87 Chunk=0 Start=7789893387576 End=7789893415959 Duration=28383
Task=87 Chunk=1 Start=7789893416002 End=7789893416004 Duration=2
Task=87 Chunk=2 Start=7789894708002 End=7789894724969 Duration=16967
Task=87 Chunk=3 Start=7789894724982 End=7789894725068 Duration=86
Task=88 Chunk=0 Start=7789893415968 End=7789893441614 Duration=25646
Task=88 Chunk=1 Start=7789893441662 End=7789893441663 Duration=1
Task=88 Chunk=2 Start=7789894724977 End=7789894740951 Duration=15974
Task=88 Chunk=3 Start=7789894740957 End=7789894741032 Duration=75
Task=89 Chunk=0 Start=7789893441622 End=7789893563735 Duration=122113
Task=89 Chunk=1 Start=7789893563779 End=7789893563782 Duration=3
Task=89 Chunk=2 Start=7789894740955 End=7789894757010 Duration=16055
Task=89 Chunk=3 Start=7789894757027 End=7789894757091 Duration=64
Task=90 Chunk=0 Start=7789893563740 End=7789893627671 Duration=63931
Task=90 Chunk=1 Start=7789893627695 End=7789893627705 Duration=10
Task=90 Chunk=2 Start=7789894757018 End=7789894773731 Duration=16713
Task=90 Chunk=3 Start=7789894773738 End=7789894773810 Duration=72
Task=91 Chunk=0 Start=7789893627674 End=7789893659997 Duration=32323
Task=91 Chunk=1 Start=7789893660014 End=7789893660015 Duration=1
Task=91 Chunk=2 Start=7789894773738 End=7789894792155 Duration=18417
Task=91 Chunk=3 Start=7789894792164 End=7789894792271 Duration=107
Task=92 Chunk=0 Start=7789893660000 End=7789893695412 Duration=35412
Task=92 Chunk=1 Start=7789893695435 End=7789893695437 Duration=2
Task=92 Chunk=2 Start=7789894792162 End=7789894808491 Duration=16329
Task=92 Chunk=3 Start=7789894808500 End=7789894808573 Duration=73
Task=93 Chunk=0 Start=7789894388571 End=7789894413543 Duration=24972
Task=93 Chunk=1 Start=7789894413561 End=7789894413582 Duration=21
Task=93 Chunk=2 Start=7789894808499 End=7789894824631 Duration=16132
Task=93 Chunk=3 Start=7789894824641 End=7789894824718 Duration=77
Task=94 Chunk=0 Start=7789894497623 End=7789894522339 Duration=24716
Task=94 Chunk=1 Start=7789894522345 End=7789894522356 Duration=11
Task=94 Chunk=2 Start=7789894824641 End=7789894840683 Duration=16042
Task=94 Chunk=3 Start=7789894840692 End=7789894840755 Duration=63
Task=95 Chunk=0 Start=7789894529519 End=7789894553350 Duration=23831
Task=95 Chunk=1 Start=7789894553384 End=7789894553386 Duration=2
Task=95 Chunk=2 Start=7789894840689 End=7789894856588 Duration=15899
Task=95 Chunk=3 Start=7789894856597 End=7789894856659 Duration=62
Task=96 Chunk=0 Start=7789894561358 End=7789894590395 Duration=29037
Task=96 Chunk=1 Start=7789894590416 End=7789894590418 Duration=2
Task=96 Chunk=2 Start=7789894856592 End=7789894872663 Duration=16071
Task=96 Chunk=3 Start=7789894872674 End=7789894872739 Duration=65
Task=97 Chunk=0 Start=7789894594613 End=7789894618590 Duration=23977
Task=97 Chunk=1 Start=7789894618623 End=7789894618624 Duration=1
Task=97 Chunk=2 Start=7789894872667 End=7789894890409 Duration=17742
Task=97 Chunk=3 Start=7789894890422 End=7789894890510 Duration=88
Task=98 Chunk=0 Start=7789894626788 End=7789894650766 Duration=23978
Task=98 Chunk=1 Start=7789894650791 End=7789894650792 Duration=1
Task=98 Chunk=2 Start=7789894890415 End=7789894906906 Duration=16491
Task=98 Chunk=3 Start=7789894906922 End=7789894906992 Duration=70
Task=99 Chunk=0 Start=7789894658361 End=7789894685662 Duration=27301
Task=99 Chunk=1 Start=7789894685676 End=7789894685677 Duration=1
Task=99 Chunk=2 Start=7789894906911 End=7789894922853 Duration=15942
Task=99 Chunk=3 Start=7789894922863 End=7789894922918 Duration=55
### Python End ###

--------------------------------
[2025-06-28 12:16:59.135] [info] Available Vulkan Layers:
[2025-06-28 12:16:59.136] [warning] Validation layer requested but not available, continuing without it...
[2025-06-28 12:16:59.138] [info] Using integrated GPU: Mali-G710
[2025-06-28 12:16:59.140] [info] VulkanDispatcher instance created.
[2025-06-28 12:16:59.321] [info] Total memory used: 40550404 bytes (38.67188 MB)
[2025-06-28 12:16:59.326] [info] Total memory used: 40550404 bytes (38.67188 MB)
[2025-06-28 12:16:59.396] [info] Total memory used: 40550404 bytes (38.67188 MB)
[2025-06-28 12:16:59.402] [info] Total memory used: 40550404 bytes (38.67188 MB)
[2025-06-28 12:16:59.406] [info] Total memory used: 40550404 bytes (38.67188 MB)
[2025-06-28 12:16:59.465] [info] Total memory used: 40550404 bytes (38.67188 MB)
[2025-06-28 12:16:59.469] [info] Total memory used: 40550404 bytes (38.67188 MB)
[2025-06-28 12:16:59.473] [info] Total memory used: 40550404 bytes (38.67188 MB)
[2025-06-28 12:16:59.478] [info] Total memory used: 40550404 bytes (38.67188 MB)
[2025-06-28 12:16:59.482] [info] Total memory used: 40550404 bytes (38.67188 MB)
[2025-06-28 12:16:59.555] [info] Total memory used: 40550404 bytes (38.67188 MB)
[2025-06-28 12:16:59.559] [info] Total memory used: 40550404 bytes (38.67188 MB)
[2025-06-28 12:16:59.563] [info] Total memory used: 40550404 bytes (38.67188 MB)
[2025-06-28 12:16:59.568] [info] Total memory used: 40550404 bytes (38.67188 MB)
[2025-06-28 12:16:59.572] [info] Total memory used: 40550404 bytes (38.67188 MB)
[2025-06-28 12:16:59.577] [info] Total memory used: 40550404 bytes (38.67188 MB)
### Python Begin ###
Schedule_UID=SCH-L2G2M3-G231-c7b1
Frequency=24576000 Hz
Task=0 Chunk=0 Start=7789906315902 End=7789906432020 Duration=116118
Task=0 Chunk=1 Start=7789906432036 End=7789906576823 Duration=144787
Task=0 Chunk=2 Start=7789906576836 End=7789906636397 Duration=59561
Task=1 Chunk=0 Start=7789906432028 End=7789906545715 Duration=113687
Task=1 Chunk=1 Start=7789906576832 End=7789906668294 Duration=91462
Task=1 Chunk=2 Start=7789906668322 End=7789906719214 Duration=50892
Task=2 Chunk=0 Start=7789906545725 End=7789906631772 Duration=86047
Task=2 Chunk=1 Start=7789906668316 End=7789906741552 Duration=73236
Task=2 Chunk=2 Start=7789906741568 End=7789906791509 Duration=49941
Task=3 Chunk=0 Start=7789906631814 End=7789906698050 Duration=66236
Task=3 Chunk=1 Start=7789906741564 End=7789906811598 Duration=70034
Task=3 Chunk=2 Start=7789906811608 End=7789906860167 Duration=48559
Task=4 Chunk=0 Start=7789906698078 End=7789906761159 Duration=63081
Task=4 Chunk=1 Start=7789906811598 End=7789906880878 Duration=69280
Task=4 Chunk=2 Start=7789906880893 End=7789906929383 Duration=48490
Task=5 Chunk=0 Start=7789906761176 End=7789906826378 Duration=65202
Task=5 Chunk=1 Start=7789906880879 End=7789906950726 Duration=69847
Task=5 Chunk=2 Start=7789906950737 End=7789907001202 Duration=50465
Task=6 Chunk=0 Start=7789906826392 End=7789906889934 Duration=63542
Task=6 Chunk=1 Start=7789906950727 End=7789907023448 Duration=72721
Task=6 Chunk=2 Start=7789907023459 End=7789907073276 Duration=49817
Task=7 Chunk=0 Start=7789906889942 End=7789906952634 Duration=62692
Task=7 Chunk=1 Start=7789907023450 End=7789907093730 Duration=70280
Task=7 Chunk=2 Start=7789907093741 End=7789907141731 Duration=47990
Task=8 Chunk=0 Start=7789906952658 End=7789907015193 Duration=62535
Task=8 Chunk=1 Start=7789907093731 End=7789907164464 Duration=70733
Task=8 Chunk=2 Start=7789907165285 End=7789907213748 Duration=48463
Task=9 Chunk=0 Start=7789907015208 End=7789907079594 Duration=64386
Task=9 Chunk=1 Start=7789907164467 End=7789907234653 Duration=70186
Task=9 Chunk=2 Start=7789907234661 End=7789907284488 Duration=49827
Task=10 Chunk=0 Start=7789907079604 End=7789907141254 Duration=61650
Task=10 Chunk=1 Start=7789907234654 End=7789907305219 Duration=70565
Task=10 Chunk=2 Start=7789907305233 End=7789907354339 Duration=49106
Task=11 Chunk=0 Start=7789907141265 End=7789907205416 Duration=64151
Task=11 Chunk=1 Start=7789907305219 End=7789907375258 Duration=70039
Task=11 Chunk=2 Start=7789907375271 End=7789907424003 Duration=48732
Task=12 Chunk=0 Start=7789907205444 End=7789907270046 Duration=64602
Task=12 Chunk=1 Start=7789907375259 End=7789907444893 Duration=69634
Task=12 Chunk=2 Start=7789907444897 End=7789907494839 Duration=49942
Task=13 Chunk=0 Start=7789907270083 End=7789907334480 Duration=64397
Task=13 Chunk=1 Start=7789907444894 End=7789907504662 Duration=59768
Task=13 Chunk=2 Start=7789907504673 End=7789907553418 Duration=48745
Task=14 Chunk=0 Start=7789907334508 End=7789907399481 Duration=64973
Task=14 Chunk=1 Start=7789907504663 End=7789907561416 Duration=56753
Task=14 Chunk=2 Start=7789907561421 End=7789907610023 Duration=48602
Task=15 Chunk=0 Start=7789907399504 End=7789907466738 Duration=67234
Task=15 Chunk=1 Start=7789907561420 End=7789907618794 Duration=57374
Task=15 Chunk=2 Start=7789907618797 End=7789907668359 Duration=49562
Task=16 Chunk=0 Start=7789907466750 End=7789907531365 Duration=64615
Task=16 Chunk=1 Start=7789907618794 End=7789907675715 Duration=56921
Task=16 Chunk=2 Start=7789907675728 End=7789907724562 Duration=48834
Task=17 Chunk=0 Start=7789907531384 End=7789907596804 Duration=65420
Task=17 Chunk=1 Start=7789907675721 End=7789907733501 Duration=57780
Task=17 Chunk=2 Start=7789907733508 End=7789907782898 Duration=49390
Task=18 Chunk=0 Start=7789907596834 End=7789907662039 Duration=65205
Task=18 Chunk=1 Start=7789907733502 End=7789907791475 Duration=57973
Task=18 Chunk=2 Start=7789907791480 End=7789907839860 Duration=48380
Task=19 Chunk=0 Start=7789907662081 End=7789907724570 Duration=62489
Task=19 Chunk=1 Start=7789907791476 End=7789907849111 Duration=57635
Task=19 Chunk=2 Start=7789907849121 End=7789907898475 Duration=49354
Task=20 Chunk=0 Start=7789907724584 End=7789907791565 Duration=66981
Task=20 Chunk=1 Start=7789907849112 End=7789907906334 Duration=57222
Task=20 Chunk=2 Start=7789907906340 End=7789907956342 Duration=50002
Task=21 Chunk=0 Start=7789907791575 End=7789907855623 Duration=64048
Task=21 Chunk=1 Start=7789907906340 End=7789907961875 Duration=55535
Task=21 Chunk=2 Start=7789907961889 End=7789908010875 Duration=48986
Task=22 Chunk=0 Start=7789907855635 End=7789907919103 Duration=63468
Task=22 Chunk=1 Start=7789907961876 End=7789908011750 Duration=49874
Task=22 Chunk=2 Start=7789908011763 End=7789908061270 Duration=49507
Task=23 Chunk=0 Start=7789907919129 End=7789907984014 Duration=64885
Task=23 Chunk=1 Start=7789908011751 End=7789908060691 Duration=48940
Task=23 Chunk=2 Start=7789908061271 End=7789908109577 Duration=48306
Task=24 Chunk=0 Start=7789907984043 End=7789908047525 Duration=63482
Task=24 Chunk=1 Start=7789908060692 End=7789908110096 Duration=49404
Task=24 Chunk=2 Start=7789908110105 End=7789908159130 Duration=49025
Task=25 Chunk=0 Start=7789908047541 End=7789908114195 Duration=66654
Task=25 Chunk=1 Start=7789908114245 End=7789908163436 Duration=49191
Task=25 Chunk=2 Start=7789908163448 End=7789908212260 Duration=48812
Task=26 Chunk=0 Start=7789908114210 End=7789908179613 Duration=65403
Task=26 Chunk=1 Start=7789908179632 End=7789908228695 Duration=49063
Task=26 Chunk=2 Start=7789908228709 End=7789908277739 Duration=49030
Task=27 Chunk=0 Start=7789908179630 End=7789908242231 Duration=62601
Task=27 Chunk=1 Start=7789908242286 End=7789908291637 Duration=49351
Task=27 Chunk=2 Start=7789908291648 End=7789908339531 Duration=47883
Task=28 Chunk=0 Start=7789908242248 End=7789908307370 Duration=65122
Task=28 Chunk=1 Start=7789908307422 End=7789908356313 Duration=48891
Task=28 Chunk=2 Start=7789908356322 End=7789908404455 Duration=48133
Task=29 Chunk=0 Start=7789908307392 End=7789908371789 Duration=64397
Task=29 Chunk=1 Start=7789908371830 End=7789908421117 Duration=49287
Task=29 Chunk=2 Start=7789908421128 End=7789908470396 Duration=49268
Task=30 Chunk=0 Start=7789908371804 End=7789908435237 Duration=63433
Task=30 Chunk=1 Start=7789908435257 End=7789908484333 Duration=49076
Task=30 Chunk=2 Start=7789908484346 End=7789908532524 Duration=48178
Task=31 Chunk=0 Start=7789908435257 End=7789908500636 Duration=65379
Task=31 Chunk=1 Start=7789908500695 End=7789908549654 Duration=48959
Task=31 Chunk=2 Start=7789908549663 End=7789908598558 Duration=48895
Task=32 Chunk=0 Start=7789908500667 End=7789908566335 Duration=65668
Task=32 Chunk=1 Start=7789908566377 End=7789908615537 Duration=49160
Task=32 Chunk=2 Start=7789908615548 End=7789908664885 Duration=49337
Task=33 Chunk=0 Start=7789908566352 End=7789908628733 Duration=62381
Task=33 Chunk=1 Start=7789908628768 End=7789908678185 Duration=49417
Task=33 Chunk=2 Start=7789908678193 End=7789908726387 Duration=48194
Task=34 Chunk=0 Start=7789908628749 End=7789908693455 Duration=64706
Task=34 Chunk=1 Start=7789908693485 End=7789908742212 Duration=48727
Task=34 Chunk=2 Start=7789908742221 End=7789908790607 Duration=48386
Task=35 Chunk=0 Start=7789908693472 End=7789908758242 Duration=64770
Task=35 Chunk=1 Start=7789908758289 End=7789908807062 Duration=48773
Task=35 Chunk=2 Start=7789908807073 End=7789908856242 Duration=49169
Task=36 Chunk=0 Start=7789908758253 End=7789908822474 Duration=64221
Task=36 Chunk=1 Start=7789908822492 End=7789908872372 Duration=49880
Task=36 Chunk=2 Start=7789908872383 End=7789908921065 Duration=48682
Task=37 Chunk=0 Start=7789908822488 End=7789908887646 Duration=65158
Task=37 Chunk=1 Start=7789908887696 End=7789908936671 Duration=48975
Task=37 Chunk=2 Start=7789908936679 End=7789908985406 Duration=48727
Task=38 Chunk=0 Start=7789908887666 End=7789908952111 Duration=64445
Task=38 Chunk=1 Start=7789908952133 End=7789909001020 Duration=48887
Task=38 Chunk=2 Start=7789909001038 End=7789909050744 Duration=49706
Task=39 Chunk=0 Start=7789908952123 End=7789909015545 Duration=63422
Task=39 Chunk=1 Start=7789909015578 End=7789909064719 Duration=49141
Task=39 Chunk=2 Start=7789909064730 End=7789909112628 Duration=47898
Task=40 Chunk=0 Start=7789909015558 End=7789909079704 Duration=64146
Task=40 Chunk=1 Start=7789909079750 End=7789909128612 Duration=48862
Task=40 Chunk=2 Start=7789909128621 End=7789909178340 Duration=49719
Task=41 Chunk=0 Start=7789909079717 End=7789909144319 Duration=64602
Task=41 Chunk=1 Start=7789909144359 End=7789909193370 Duration=49011
Task=41 Chunk=2 Start=7789909193379 End=7789909242428 Duration=49049
Task=42 Chunk=0 Start=7789909144334 End=7789909207460 Duration=63126
Task=42 Chunk=1 Start=7789909207491 End=7789909256185 Duration=48694
Task=42 Chunk=2 Start=7789909256197 End=7789909304208 Duration=48011
Task=43 Chunk=0 Start=7789909207484 End=7789909271746 Duration=64262
Task=43 Chunk=1 Start=7789909271781 End=7789909320686 Duration=48905
Task=43 Chunk=2 Start=7789909320699 End=7789909369668 Duration=48969
Task=44 Chunk=0 Start=7789909271768 End=7789909336102 Duration=64334
Task=44 Chunk=1 Start=7789909336131 End=7789909385425 Duration=49294
Task=44 Chunk=2 Start=7789909385435 End=7789909435602 Duration=50167
Task=45 Chunk=0 Start=7789909336122 End=7789909399616 Duration=63494
Task=45 Chunk=1 Start=7789909399660 End=7789909448305 Duration=48645
Task=45 Chunk=2 Start=7789909448314 End=7789909496401 Duration=48087
Task=46 Chunk=0 Start=7789909399631 End=7789909464205 Duration=64574
Task=46 Chunk=1 Start=7789909464235 End=7789909513208 Duration=48973
Task=46 Chunk=2 Start=7789909513215 End=7789909563301 Duration=50086
Task=47 Chunk=0 Start=7789909464211 End=7789909529444 Duration=65233
Task=47 Chunk=1 Start=7789909529504 End=7789909579187 Duration=49683
Task=47 Chunk=2 Start=7789909579202 End=7789909629002 Duration=49800
Task=48 Chunk=0 Start=7789909529466 End=7789909591927 Duration=62461
Task=48 Chunk=1 Start=7789909591972 End=7789909640593 Duration=48621
Task=48 Chunk=2 Start=7789909640608 End=7789909688690 Duration=48082
Task=49 Chunk=0 Start=7789909591942 End=7789909656713 Duration=64771
Task=49 Chunk=1 Start=7789909656747 End=7789909706206 Duration=49459
Task=49 Chunk=2 Start=7789909706212 End=7789909756172 Duration=49960
Task=50 Chunk=0 Start=7789909656735 End=7789909721847 Duration=65112
Task=50 Chunk=1 Start=7789909721907 End=7789909771961 Duration=50054
Task=50 Chunk=2 Start=7789909771967 End=7789909821461 Duration=49494
Task=51 Chunk=0 Start=7789909721882 End=7789909784859 Duration=62977
Task=51 Chunk=1 Start=7789909784894 End=7789909833953 Duration=49059
Task=51 Chunk=2 Start=7789909833966 End=7789909882716 Duration=48750
Task=52 Chunk=0 Start=7789909784867 End=7789909849545 Duration=64678
Task=52 Chunk=1 Start=7789909849603 End=7789909898981 Duration=49378
Task=52 Chunk=2 Start=7789909898993 End=7789909948622 Duration=49629
Task=53 Chunk=0 Start=7789909849565 End=7789909912166 Duration=62601
Task=53 Chunk=1 Start=7789909912198 End=7789909961251 Duration=49053
Task=53 Chunk=2 Start=7789909961257 End=7789910009209 Duration=47952
Task=54 Chunk=0 Start=7789909912187 End=7789909976444 Duration=64257
Task=54 Chunk=1 Start=7789909976471 End=7789910025581 Duration=49110
Task=54 Chunk=2 Start=7789910025589 End=7789910073441 Duration=47852
Task=55 Chunk=0 Start=7789909976459 End=7789910040491 Duration=64032
Task=55 Chunk=1 Start=7789910040540 End=7789910090235 Duration=49695
Task=55 Chunk=2 Start=7789910090248 End=7789910140039 Duration=49791
Task=56 Chunk=0 Start=7789910040504 End=7789910104278 Duration=63774
Task=56 Chunk=1 Start=7789910104305 End=7789910152953 Duration=48648
Task=56 Chunk=2 Start=7789910152960 End=7789910201260 Duration=48300
Task=57 Chunk=0 Start=7789910104299 End=7789910169473 Duration=65174
Task=57 Chunk=1 Start=7789910169495 End=7789910217308 Duration=47813
Task=57 Chunk=2 Start=7789910217319 End=7789910265659 Duration=48340
Task=58 Chunk=0 Start=7789910169482 End=7789910233510 Duration=64028
Task=58 Chunk=1 Start=7789910233524 End=7789910281767 Duration=48243
Task=58 Chunk=2 Start=7789910281773 End=7789910331466 Duration=49693
Task=59 Chunk=0 Start=7789910233523 End=7789910296566 Duration=63043
Task=59 Chunk=1 Start=7789910296582 End=7789910344613 Duration=48031
Task=59 Chunk=2 Start=7789910344616 End=7789910392417 Duration=47801
Task=60 Chunk=0 Start=7789910296584 End=7789910364874 Duration=68290
Task=60 Chunk=1 Start=7789910364899 End=7789910413755 Duration=48856
Task=60 Chunk=2 Start=7789910413761 End=7789910462360 Duration=48599
Task=61 Chunk=0 Start=7789910364896 End=7789910429316 Duration=64420
Task=61 Chunk=1 Start=7789910429349 End=7789910478402 Duration=49053
Task=61 Chunk=2 Start=7789910478412 End=7789910528208 Duration=49796
Task=62 Chunk=0 Start=7789910429335 End=7789910492603 Duration=63268
Task=62 Chunk=1 Start=7789910492627 End=7789910541924 Duration=49297
Task=62 Chunk=2 Start=7789910541931 End=7789910590200 Duration=48269
Task=63 Chunk=0 Start=7789910492611 End=7789910557131 Duration=64520
Task=63 Chunk=1 Start=7789910557170 End=7789910607764 Duration=50594
Task=63 Chunk=2 Start=7789910607777 End=7789910656028 Duration=48251
Task=64 Chunk=0 Start=7789910557148 End=7789910620684 Duration=63536
Task=64 Chunk=1 Start=7789910620737 End=7789910669946 Duration=49209
Task=64 Chunk=2 Start=7789910669954 End=7789910719199 Duration=49245
Task=65 Chunk=0 Start=7789910620705 End=7789910683783 Duration=63078
Task=65 Chunk=1 Start=7789910683814 End=7789910733369 Duration=49555
Task=65 Chunk=2 Start=7789910733377 End=7789910781539 Duration=48162
Task=66 Chunk=0 Start=7789910683795 End=7789910749048 Duration=65253
Task=66 Chunk=1 Start=7789910749073 End=7789910798625 Duration=49552
Task=66 Chunk=2 Start=7789910798635 End=7789910848226 Duration=49591
Task=67 Chunk=0 Start=7789910749074 End=7789910813313 Duration=64239
Task=67 Chunk=1 Start=7789910813367 End=7789910863016 Duration=49649
Task=67 Chunk=2 Start=7789910863023 End=7789910913047 Duration=50024
Task=68 Chunk=0 Start=7789910813330 End=7789910876979 Duration=63649
Task=68 Chunk=1 Start=7789910877007 End=7789910926127 Duration=49120
Task=68 Chunk=2 Start=7789910926146 End=7789910974353 Duration=48207
Task=69 Chunk=0 Start=7789910876990 End=7789910940973 Duration=63983
Task=69 Chunk=1 Start=7789910941025 End=7789910990261 Duration=49236
Task=69 Chunk=2 Start=7789910990268 End=7789911038938 Duration=48670
Task=70 Chunk=0 Start=7789910940988 End=7789911005068 Duration=64080
Task=70 Chunk=1 Start=7789911005096 End=7789911053968 Duration=48872
Task=70 Chunk=2 Start=7789911053977 End=7789911103681 Duration=49704
Task=71 Chunk=0 Start=7789911005085 End=7789911068024 Duration=62939
Task=71 Chunk=1 Start=7789911068054 End=7789911116780 Duration=48726
Task=71 Chunk=2 Start=7789911116791 End=7789911164656 Duration=47865
Task=72 Chunk=0 Start=7789911068040 End=7789911132734 Duration=64694
Task=72 Chunk=1 Start=7789911132778 End=7789911181698 Duration=48920
Task=72 Chunk=2 Start=7789911181706 End=7789911230913 Duration=49207
Task=73 Chunk=0 Start=7789911132759 End=7789911197123 Duration=64364
Task=73 Chunk=1 Start=7789911197210 End=7789911246708 Duration=49498
Task=73 Chunk=2 Start=7789911246721 End=7789911295567 Duration=48846
Task=74 Chunk=0 Start=7789911197141 End=7789911259720 Duration=62579
Task=74 Chunk=1 Start=7789911259741 End=7789911308812 Duration=49071
Task=74 Chunk=2 Start=7789911308818 End=7789911357109 Duration=48291
Task=75 Chunk=0 Start=7789911259735 End=7789911324676 Duration=64941
Task=75 Chunk=1 Start=7789911324699 End=7789911373934 Duration=49235
Task=75 Chunk=2 Start=7789911373943 End=7789911424011 Duration=50068
Task=76 Chunk=0 Start=7789911324696 End=7789911388251 Duration=63555
Task=76 Chunk=1 Start=7789911388281 End=7789911437558 Duration=49277
Task=76 Chunk=2 Start=7789911437568 End=7789911486426 Duration=48858
Task=77 Chunk=0 Start=7789911388261 End=7789911453871 Duration=65610
Task=77 Chunk=1 Start=7789911453914 End=7789911502682 Duration=48768
Task=77 Chunk=2 Start=7789911502695 End=7789911550847 Duration=48152
Task=78 Chunk=0 Start=7789911453887 End=7789911517643 Duration=63756
Task=78 Chunk=1 Start=7789911517684 End=7789911566864 Duration=49180
Task=78 Chunk=2 Start=7789911566871 End=7789911616060 Duration=49189
Task=79 Chunk=0 Start=7789911517663 End=7789911580387 Duration=62724
Task=79 Chunk=1 Start=7789911580427 End=7789911629412 Duration=48985
Task=79 Chunk=2 Start=7789911629421 End=7789911677476 Duration=48055
Task=80 Chunk=0 Start=7789911580403 End=7789911644984 Duration=64581
Task=80 Chunk=1 Start=7789911645002 End=7789911693816 Duration=48814
Task=80 Chunk=2 Start=7789911693827 End=7789911741986 Duration=48159
Task=81 Chunk=0 Start=7789911645001 End=7789911709216 Duration=64215
Task=81 Chunk=1 Start=7789911709260 End=7789911758898 Duration=49638
Task=81 Chunk=2 Start=7789911758910 End=7789911808470 Duration=49560
Task=82 Chunk=0 Start=7789911709238 End=7789911772092 Duration=62854
Task=82 Chunk=1 Start=7789911772130 End=7789911821315 Duration=49185
Task=82 Chunk=2 Start=7789911821322 End=7789911869187 Duration=47865
Task=83 Chunk=0 Start=7789911772119 End=7789911836884 Duration=64765
Task=83 Chunk=1 Start=7789911836939 End=7789911885897 Duration=48958
Task=83 Chunk=2 Start=7789911885910 End=7789911934113 Duration=48203
Task=84 Chunk=0 Start=7789911836904 End=7789911900585 Duration=63681
Task=84 Chunk=1 Start=7789911900607 End=7789911950109 Duration=49502
Task=84 Chunk=2 Start=7789911950115 End=7789911999365 Duration=49250
Task=85 Chunk=0 Start=7789911900601 End=7789911963152 Duration=62551
Task=85 Chunk=1 Start=7789911963166 End=7789912011866 Duration=48700
Task=85 Chunk=2 Start=7789912011876 End=7789912060473 Duration=48597
Task=86 Chunk=0 Start=7789911963169 End=7789912027378 Duration=64209
Task=86 Chunk=1 Start=7789912027426 End=7789912076125 Duration=48699
Task=86 Chunk=2 Start=7789912076132 End=7789912125248 Duration=49116
Task=87 Chunk=0 Start=7789912027398 End=7789912091685 Duration=64287
Task=87 Chunk=1 Start=7789912091710 End=7789912141203 Duration=49493
Task=87 Chunk=2 Start=7789912141209 End=7789912190263 Duration=49054
Task=88 Chunk=0 Start=7789912091704 End=7789912154639 Duration=62935
Task=88 Chunk=1 Start=7789912154679 End=7789912203702 Duration=49023
Task=88 Chunk=2 Start=7789912203712 End=7789912251799 Duration=48087
Task=89 Chunk=0 Start=7789912154662 End=7789912218683 Duration=64021
Task=89 Chunk=1 Start=7789912218727 End=7789912268061 Duration=49334
Task=89 Chunk=2 Start=7789912268074 End=7789912316866 Duration=48792
Task=90 Chunk=0 Start=7789912218710 End=7789912284141 Duration=65431
Task=90 Chunk=1 Start=7789912284187 End=7789912333667 Duration=49480
Task=90 Chunk=2 Start=7789912333681 End=7789912383791 Duration=50110
Task=91 Chunk=0 Start=7789912284157 End=7789912347875 Duration=63718
Task=91 Chunk=1 Start=7789912347907 End=7789912397093 Duration=49186
Task=91 Chunk=2 Start=7789912397111 End=7789912446137 Duration=49026
Task=92 Chunk=0 Start=7789912347880 End=7789912412299 Duration=64419
Task=92 Chunk=1 Start=7789912412336 End=7789912461138 Duration=48802
Task=92 Chunk=2 Start=7789912461148 End=7789912510385 Duration=49237
Task=93 Chunk=0 Start=7789912412324 End=7789912476301 Duration=63977
Task=93 Chunk=1 Start=7789912476321 End=7789912525525 Duration=49204
Task=93 Chunk=2 Start=7789912525539 End=7789912575041 Duration=49502
Task=94 Chunk=0 Start=7789912476315 End=7789912539212 Duration=62897
Task=94 Chunk=1 Start=7789912539238 End=7789912588063 Duration=48825
Task=94 Chunk=2 Start=7789912588070 End=7789912636336 Duration=48266
Task=95 Chunk=0 Start=7789912539227 End=7789912603569 Duration=64342
Task=95 Chunk=1 Start=7789912603615 End=7789912652524 Duration=48909
Task=95 Chunk=2 Start=7789912652536 End=7789912701914 Duration=49378
Task=96 Chunk=0 Start=7789912603601 End=7789912666261 Duration=62660
Task=96 Chunk=1 Start=7789912666294 End=7789912715514 Duration=49220
Task=96 Chunk=2 Start=7789912715527 End=7789912763980 Duration=48453
Task=97 Chunk=0 Start=7789912666295 End=7789912731058 Duration=64763
Task=97 Chunk=1 Start=7789912731110 End=7789912779980 Duration=48870
Task=97 Chunk=2 Start=7789912779992 End=7789912828169 Duration=48177
Task=98 Chunk=0 Start=7789912731086 End=7789912794835 Duration=63749
Task=98 Chunk=1 Start=7789912794893 End=7789912844477 Duration=49584
Task=98 Chunk=2 Start=7789912844491 End=7789912894151 Duration=49660
Task=99 Chunk=0 Start=7789912794860 End=7789912857984 Duration=63124
Task=99 Chunk=1 Start=7789912858016 End=7789912909400 Duration=51384
Task=99 Chunk=2 Start=7789912909405 End=7789912956979 Duration=47574
### Python End ###

--------------------------------
[2025-06-28 12:16:59.868] [info] Available Vulkan Layers:
[2025-06-28 12:16:59.868] [warning] Validation layer requested but not available, continuing without it...
[2025-06-28 12:16:59.870] [info] Using integrated GPU: Mali-G710
[2025-06-28 12:16:59.872] [info] VulkanDispatcher instance created.
[2025-06-28 12:17:00.021] [info] Total memory used: 40550404 bytes (38.67188 MB)
[2025-06-28 12:17:00.025] [info] Total memory used: 40550404 bytes (38.67188 MB)
[2025-06-28 12:17:00.065] [info] Total memory used: 40550404 bytes (38.67188 MB)
[2025-06-28 12:17:00.069] [info] Total memory used: 40550404 bytes (38.67188 MB)
[2025-06-28 12:17:00.073] [info] Total memory used: 40550404 bytes (38.67188 MB)
[2025-06-28 12:17:00.160] [info] Total memory used: 40550404 bytes (38.67188 MB)
[2025-06-28 12:17:00.165] [info] Total memory used: 40550404 bytes (38.67188 MB)
[2025-06-28 12:17:00.170] [info] Total memory used: 40550404 bytes (38.67188 MB)
[2025-06-28 12:17:00.174] [info] Total memory used: 40550404 bytes (38.67188 MB)
[2025-06-28 12:17:00.178] [info] Total memory used: 40550404 bytes (38.67188 MB)
[2025-06-28 12:17:00.234] [info] Total memory used: 40550404 bytes (38.67188 MB)
[2025-06-28 12:17:00.238] [info] Total memory used: 40550404 bytes (38.67188 MB)
[2025-06-28 12:17:00.242] [info] Total memory used: 40550404 bytes (38.67188 MB)
[2025-06-28 12:17:00.246] [info] Total memory used: 40550404 bytes (38.67188 MB)
[2025-06-28 12:17:00.250] [info] Total memory used: 40550404 bytes (38.67188 MB)
[2025-06-28 12:17:00.254] [info] Total memory used: 40550404 bytes (38.67188 MB)
### Python Begin ###
Schedule_UID=SCH-B3G1L2M1-G232-cd22
Frequency=24576000 Hz
Task=0 Chunk=0 Start=7789923595335 End=7789923637693 Duration=42358
Task=0 Chunk=1 Start=7789923692432 End=7789923692439 Duration=7
Task=0 Chunk=2 Start=7789923693086 End=7789923767720 Duration=74634
Task=0 Chunk=3 Start=7789923767740 End=7789923785161 Duration=17421
Task=1 Chunk=0 Start=7789923637701 End=7789923663883 Duration=26182
Task=1 Chunk=1 Start=7789923692440 End=7789923692441 Duration=1
Task=1 Chunk=2 Start=7789923767736 End=7789923803901 Duration=36165
Task=1 Chunk=3 Start=7789923803912 End=7789923804151 Duration=239
Task=2 Chunk=0 Start=7789923663887 End=7789923695902 Duration=32015
Task=2 Chunk=1 Start=7789923702089 End=7789923702091 Duration=2
Task=2 Chunk=2 Start=7789923803911 End=7789923836648 Duration=32737
Task=2 Chunk=3 Start=7789923836671 End=7789923836771 Duration=100
Task=3 Chunk=0 Start=7789923695903 End=7789923722375 Duration=26472
Task=3 Chunk=1 Start=7789923749066 End=7789923749073 Duration=7
Task=3 Chunk=2 Start=7789923836664 End=7789923869476 Duration=32812
Task=3 Chunk=3 Start=7789923869489 End=7789923869544 Duration=55
Task=4 Chunk=0 Start=7789923722376 End=7789923791070 Duration=68694
Task=4 Chunk=1 Start=7789923797061 End=7789923797062 Duration=1
Task=4 Chunk=2 Start=7789923869488 End=7789923901703 Duration=32215
Task=4 Chunk=3 Start=7789923901716 End=7789923901803 Duration=87
Task=5 Chunk=0 Start=7789923791071 End=7789923823591 Duration=32520
Task=5 Chunk=1 Start=7789923887563 End=7789923887572 Duration=9
Task=5 Chunk=2 Start=7789923901710 End=7789923917904 Duration=16194
Task=5 Chunk=3 Start=7789923917915 End=7789923917976 Duration=61
Task=6 Chunk=0 Start=7789923823594 End=7789923849874 Duration=26280
Task=6 Chunk=1 Start=7789923887572 End=7789923887576 Duration=4
Task=6 Chunk=2 Start=7789923917908 End=7789923933825 Duration=15917
Task=6 Chunk=3 Start=7789923933833 End=7789923933894 Duration=61
Task=7 Chunk=0 Start=7789923849880 End=7789923877670 Duration=27790
Task=7 Chunk=2 Start=7789923933829 End=7789923949822 Duration=15993
Task=7 Chunk=3 Start=7789923949834 End=7789923949882 Duration=48
Task=8 Chunk=0 Start=7789923877671 End=7789924008183 Duration=130512
Task=8 Chunk=1 Start=7789924034091 End=7789924034092 Duration=1
Task=8 Chunk=2 Start=7789924034107 End=7789924050457 Duration=16350
Task=8 Chunk=3 Start=7789924050466 End=7789924050537 Duration=71
Task=9 Chunk=0 Start=7789924008184 End=7789924061390 Duration=53206
Task=9 Chunk=1 Start=7789924088119 End=7789924088124 Duration=5
Task=9 Chunk=2 Start=7789924088157 End=7789924104535 Duration=16378
Task=9 Chunk=3 Start=7789924104552 End=7789924104612 Duration=60
Task=10 Chunk=0 Start=7789924061390 End=7789924114940 Duration=53550
Task=10 Chunk=1 Start=7789924177369 End=7789924177375 Duration=6
Task=10 Chunk=2 Start=7789924177398 End=7789924193986 Duration=16588
Task=10 Chunk=3 Start=7789924193992 End=7789924194090 Duration=98
Task=11 Chunk=0 Start=7789924114943 End=7789924140511 Duration=25568
Task=11 Chunk=2 Start=7789924193990 End=7789924210390 Duration=16400
Task=11 Chunk=3 Start=7789924210396 End=7789924210461 Duration=65
Task=12 Chunk=0 Start=7789924140511 End=7789924166171 Duration=25660
Task=12 Chunk=1 Start=7789924177385 End=7789924177386 Duration=1
Task=12 Chunk=2 Start=7789924210394 End=7789924226680 Duration=16286
Task=12 Chunk=3 Start=7789924226697 End=7789924226749 Duration=52
Task=13 Chunk=0 Start=7789924166171 End=7789924255006 Duration=88835
Task=13 Chunk=1 Start=7789924261366 End=7789924261371 Duration=5
Task=13 Chunk=2 Start=7789924261390 End=7789924278889 Duration=17499
Task=13 Chunk=3 Start=7789924278901 End=7789924278954 Duration=53
Task=14 Chunk=0 Start=7789924255007 End=7789924306928 Duration=51921
Task=14 Chunk=1 Start=7789924313194 End=7789924313196 Duration=2
Task=14 Chunk=2 Start=7789924313229 End=7789924332122 Duration=18893
Task=14 Chunk=3 Start=7789924335642 End=7789924335760 Duration=118
Task=15 Chunk=0 Start=7789924306928 End=7789924359124 Duration=52196
Task=15 Chunk=1 Start=7789924365356 End=7789924365358 Duration=2
Task=15 Chunk=2 Start=7789924365377 End=7789924383160 Duration=17783
Task=15 Chunk=3 Start=7789924383172 End=7789924383248 Duration=76
Task=16 Chunk=0 Start=7789924359125 End=7789924412414 Duration=53289
Task=16 Chunk=1 Start=7789924418682 End=7789924418686 Duration=4
Task=16 Chunk=2 Start=7789924418721 End=7789924435695 Duration=16974
Task=16 Chunk=3 Start=7789924435710 End=7789924435765 Duration=55
Task=17 Chunk=0 Start=7789924412414 End=7789924465273 Duration=52859
Task=17 Chunk=1 Start=7789924467053 End=7789924467062 Duration=9
Task=17 Chunk=2 Start=7789924467086 End=7789924483701 Duration=16615
Task=17 Chunk=3 Start=7789924483712 End=7789924483826 Duration=114
Task=18 Chunk=0 Start=7789924465277 End=7789924495113 Duration=29836
Task=18 Chunk=1 Start=7789924495201 End=7789924495202 Duration=1
Task=18 Chunk=2 Start=7789924495228 End=7789924511598 Duration=16370
Task=18 Chunk=3 Start=7789924511611 End=7789924511670 Duration=59
Task=19 Chunk=0 Start=7789924495114 End=7789924520974 Duration=25860
Task=19 Chunk=2 Start=7789924521149 End=7789924537251 Duration=16102
Task=19 Chunk=3 Start=7789924537258 End=7789924537323 Duration=65
Task=20 Chunk=0 Start=7789924520982 End=7789924550806 Duration=29824
Task=20 Chunk=1 Start=7789924550820 End=7789924550821 Duration=1
Task=20 Chunk=2 Start=7789924550850 End=7789924568582 Duration=17732
Task=20 Chunk=3 Start=7789924568597 End=7789924568707 Duration=110
Task=21 Chunk=0 Start=7789924550809 End=7789924583470 Duration=32661
Task=21 Chunk=1 Start=7789924583556 End=7789924583560 Duration=4
Task=21 Chunk=2 Start=7789924583590 End=7789924599786 Duration=16196
Task=21 Chunk=3 Start=7789924599795 End=7789924599848 Duration=53
Task=22 Chunk=0 Start=7789924583470 End=7789924615374 Duration=31904
Task=22 Chunk=1 Start=7789924615467 End=7789924615468 Duration=1
Task=22 Chunk=2 Start=7789924615490 End=7789924631632 Duration=16142
Task=22 Chunk=3 Start=7789924631654 End=7789924631707 Duration=53
Task=23 Chunk=0 Start=7789924615374 End=7789924647749 Duration=32375
Task=23 Chunk=1 Start=7789924647784 End=7789924647785 Duration=1
Task=23 Chunk=2 Start=7789924647818 End=7789924666026 Duration=18208
Task=23 Chunk=3 Start=7789924666037 End=7789924666100 Duration=63
Task=24 Chunk=0 Start=7789924647750 End=7789924682569 Duration=34819
Task=24 Chunk=1 Start=7789924682655 End=7789924682656 Duration=1
Task=24 Chunk=2 Start=7789924682673 End=7789924698914 Duration=16241
Task=24 Chunk=3 Start=7789924698921 End=7789924698970 Duration=49
Task=25 Chunk=0 Start=7789924682570 End=7789924714336 Duration=31766
Task=25 Chunk=1 Start=7789924714363 End=7789924714364 Duration=1
Task=25 Chunk=2 Start=7789924714396 End=7789924730724 Duration=16328
Task=25 Chunk=3 Start=7789924730740 End=7789924730787 Duration=47
Task=26 Chunk=0 Start=7789924714342 End=7789924746155 Duration=31813
Task=26 Chunk=2 Start=7789924746298 End=7789924764634 Duration=18336
Task=26 Chunk=3 Start=7789924764651 End=7789924764830 Duration=179
Task=27 Chunk=0 Start=7789924746156 End=7789924781883 Duration=35727
Task=27 Chunk=1 Start=7789924781966 End=7789924781967 Duration=1
Task=27 Chunk=2 Start=7789924781983 End=7789924798404 Duration=16421
Task=27 Chunk=3 Start=7789924798416 End=7789924798476 Duration=60
Task=28 Chunk=0 Start=7789924781889 End=7789924813904 Duration=32015
Task=28 Chunk=1 Start=7789924813993 End=7789924813994 Duration=1
Task=28 Chunk=2 Start=7789924814006 End=7789924830307 Duration=16301
Task=28 Chunk=3 Start=7789924830320 End=7789924830378 Duration=58
Task=29 Chunk=0 Start=7789924813904 End=7789924845734 Duration=31830
Task=29 Chunk=1 Start=7789924845867 End=7789924845868 Duration=1
Task=29 Chunk=2 Start=7789924845902 End=7789924863704 Duration=17802
Task=29 Chunk=3 Start=7789924863715 End=7789924863776 Duration=61
Task=30 Chunk=0 Start=7789924845735 End=7789924878419 Duration=32684
Task=30 Chunk=1 Start=7789924878507 End=7789924878508 Duration=1
Task=30 Chunk=2 Start=7789924878524 End=7789924894899 Duration=16375
Task=30 Chunk=3 Start=7789924894909 End=7789924894955 Duration=46
Task=31 Chunk=0 Start=7789924878420 End=7789924910615 Duration=32195
Task=31 Chunk=1 Start=7789924910652 End=7789924910653 Duration=1
Task=31 Chunk=2 Start=7789924910673 End=7789924927749 Duration=17076
Task=31 Chunk=3 Start=7789924927755 End=7789924927814 Duration=59
Task=32 Chunk=0 Start=7789924910616 End=7789924943188 Duration=32572
Task=32 Chunk=1 Start=7789924943290 End=7789924943291 Duration=1
Task=32 Chunk=2 Start=7789924943324 End=7789924961230 Duration=17906
Task=32 Chunk=3 Start=7789924961261 End=7789924961340 Duration=79
Task=33 Chunk=0 Start=7789924943188 End=7789924975862 Duration=32674
Task=33 Chunk=2 Start=7789924975927 End=7789924992504 Duration=16577
Task=33 Chunk=3 Start=7789924992511 End=7789924992567 Duration=56
Task=34 Chunk=0 Start=7789924975865 End=7789925007603 Duration=31738
Task=34 Chunk=2 Start=7789925007712 End=7789925023998 Duration=16286
Task=34 Chunk=3 Start=7789925024003 End=7789925024074 Duration=71
Task=35 Chunk=0 Start=7789925007604 End=7789925039570 Duration=31966
Task=35 Chunk=1 Start=7789925039677 End=7789925039678 Duration=1
Task=35 Chunk=2 Start=7789925039699 End=7789925061059 Duration=21360
Task=35 Chunk=3 Start=7789925061066 End=7789925061135 Duration=69
Task=36 Chunk=0 Start=7789925039575 End=7789925072927 Duration=33352
Task=36 Chunk=1 Start=7789925072946 End=7789925072955 Duration=9
Task=36 Chunk=2 Start=7789925072964 End=7789925089308 Duration=16344
Task=36 Chunk=3 Start=7789925089317 End=7789925089378 Duration=61
Task=37 Chunk=0 Start=7789925072930 End=7789925104728 Duration=31798
Task=37 Chunk=1 Start=7789925104838 End=7789925104839 Duration=1
Task=37 Chunk=2 Start=7789925104862 End=7789925121135 Duration=16273
Task=37 Chunk=3 Start=7789925121144 End=7789925121193 Duration=49
Task=38 Chunk=0 Start=7789925104730 End=7789925136488 Duration=31758
Task=38 Chunk=1 Start=7789925136625 End=7789925136627 Duration=2
Task=38 Chunk=2 Start=7789925136649 End=7789925153109 Duration=16460
Task=38 Chunk=3 Start=7789925153119 End=7789925153168 Duration=49
Task=39 Chunk=0 Start=7789925136490 End=7789925169508 Duration=33018
Task=39 Chunk=1 Start=7789925169545 End=7789925169546 Duration=1
Task=39 Chunk=2 Start=7789925169587 End=7789925186069 Duration=16482
Task=39 Chunk=3 Start=7789925186078 End=7789925186132 Duration=54
Task=40 Chunk=0 Start=7789925169517 End=7789925201244 Duration=31727
Task=40 Chunk=1 Start=7789925201347 End=7789925201348 Duration=1
Task=40 Chunk=2 Start=7789925201364 End=7789925217855 Duration=16491
Task=40 Chunk=3 Start=7789925217871 End=7789925217918 Duration=47
Task=41 Chunk=0 Start=7789925201246 End=7789925233664 Duration=32418
Task=41 Chunk=1 Start=7789925233756 End=7789925233757 Duration=1
Task=41 Chunk=2 Start=7789925233783 End=7789925250189 Duration=16406
Task=41 Chunk=3 Start=7789925250195 End=7789925250246 Duration=51
Task=42 Chunk=0 Start=7789925233667 End=7789925266235 Duration=32568
Task=42 Chunk=1 Start=7789925266374 End=7789925266397 Duration=23
Task=42 Chunk=2 Start=7789925266416 End=7789925283015 Duration=16599
Task=42 Chunk=3 Start=7789925283025 End=7789925283096 Duration=71
Task=43 Chunk=0 Start=7789925266236 End=7789925292426 Duration=26190
Task=43 Chunk=1 Start=7789925292506 End=7789925292532 Duration=26
Task=43 Chunk=2 Start=7789925292566 End=7789925308956 Duration=16390
Task=43 Chunk=3 Start=7789925308961 End=7789925309026 Duration=65
Task=44 Chunk=0 Start=7789925292429 End=7789925318471 Duration=26042
Task=44 Chunk=1 Start=7789925318599 End=7789925318607 Duration=8
Task=44 Chunk=2 Start=7789925318625 End=7789925334949 Duration=16324
Task=44 Chunk=3 Start=7789925334973 End=7789925335027 Duration=54
Task=45 Chunk=0 Start=7789925318472 End=7789925344333 Duration=25861
Task=45 Chunk=1 Start=7789925344370 End=7789925344383 Duration=13
Task=45 Chunk=2 Start=7789925344390 End=7789925378752 Duration=34362
Task=45 Chunk=3 Start=7789925378759 End=7789925378858 Duration=99
Task=46 Chunk=0 Start=7789925344334 End=7789925371823 Duration=27489
Task=46 Chunk=1 Start=7789925371861 End=7789925371864 Duration=3
Task=46 Chunk=2 Start=7789925378760 End=7789925412042 Duration=33282
Task=46 Chunk=3 Start=7789925412054 End=7789925412112 Duration=58
Task=47 Chunk=0 Start=7789925371824 End=7789925398216 Duration=26392
Task=47 Chunk=1 Start=7789925398238 End=7789925398239 Duration=1
Task=47 Chunk=2 Start=7789925412047 End=7789925444783 Duration=32736
Task=47 Chunk=3 Start=7789925444802 End=7789925444867 Duration=65
Task=48 Chunk=0 Start=7789925398219 End=7789925424542 Duration=26323
Task=48 Chunk=1 Start=7789925424552 End=7789925424553 Duration=1
Task=48 Chunk=2 Start=7789925444797 End=7789925479661 Duration=34864
Task=48 Chunk=3 Start=7789925479681 End=7789925479746 Duration=65
Task=49 Chunk=0 Start=7789925424543 End=7789925451437 Duration=26894
Task=49 Chunk=1 Start=7789925451461 End=7789925451462 Duration=1
Task=49 Chunk=2 Start=7789925479681 End=7789925511769 Duration=32088
Task=49 Chunk=3 Start=7789925511776 End=7789925511826 Duration=50
Task=50 Chunk=0 Start=7789925451439 End=7789925477502 Duration=26063
Task=50 Chunk=1 Start=7789925477533 End=7789925477534 Duration=1
Task=50 Chunk=2 Start=7789925511776 End=7789925543977 Duration=32201
Task=50 Chunk=3 Start=7789925543985 End=7789925544042 Duration=57
Task=51 Chunk=0 Start=7789925477502 End=7789925503294 Duration=25792
Task=51 Chunk=1 Start=7789925503310 End=7789925503311 Duration=1
Task=51 Chunk=2 Start=7789925543985 End=7789925578635 Duration=34650
Task=51 Chunk=3 Start=7789925578640 End=7789925578820 Duration=180
Task=52 Chunk=0 Start=7789925503295 End=7789925529646 Duration=26351
Task=52 Chunk=1 Start=7789925529654 End=7789925529655 Duration=1
Task=52 Chunk=2 Start=7789925578641 End=7789925610785 Duration=32144
Task=52 Chunk=3 Start=7789925610806 End=7789925610859 Duration=53
Task=53 Chunk=0 Start=7789925529646 End=7789925556767 Duration=27121
Task=53 Chunk=1 Start=7789925556810 End=7789925556816 Duration=6
Task=53 Chunk=2 Start=7789925610803 End=7789925642899 Duration=32096
Task=53 Chunk=3 Start=7789925642913 End=7789925642977 Duration=64
Task=54 Chunk=0 Start=7789925556777 End=7789925582971 Duration=26194
Task=54 Chunk=1 Start=7789925582977 End=7789925582979 Duration=2
Task=54 Chunk=2 Start=7789925642907 End=7789925676472 Duration=33565
Task=54 Chunk=3 Start=7789925676491 End=7789925676570 Duration=79
Task=55 Chunk=0 Start=7789925582973 End=7789925609135 Duration=26162
Task=55 Chunk=1 Start=7789925609143 End=7789925609144 Duration=1
Task=55 Chunk=2 Start=7789925676489 End=7789925708571 Duration=32082
Task=55 Chunk=3 Start=7789925708581 End=7789925708632 Duration=51
Task=56 Chunk=0 Start=7789925609136 End=7789925634947 Duration=25811
Task=56 Chunk=1 Start=7789925634974 End=7789925634975 Duration=1
Task=56 Chunk=2 Start=7789925708578 End=7789925740473 Duration=31895
Task=56 Chunk=3 Start=7789925740487 End=7789925740538 Duration=51
Task=57 Chunk=0 Start=7789925634947 End=7789925676944 Duration=41997
Task=57 Chunk=1 Start=7789925676962 End=7789925676964 Duration=2
Task=57 Chunk=2 Start=7789925740481 End=7789925778843 Duration=38362
Task=57 Chunk=3 Start=7789925778850 End=7789925778951 Duration=101
Task=58 Chunk=0 Start=7789925676945 End=7789925703126 Duration=26181
Task=58 Chunk=1 Start=7789925703156 End=7789925703157 Duration=1
Task=58 Chunk=2 Start=7789925778850 End=7789925810846 Duration=31996
Task=58 Chunk=3 Start=7789925810861 End=7789925810919 Duration=58
Task=59 Chunk=0 Start=7789925703130 End=7789925729329 Duration=26199
Task=59 Chunk=1 Start=7789925729349 End=7789925729350 Duration=1
Task=59 Chunk=2 Start=7789925810859 End=7789925845562 Duration=34703
Task=59 Chunk=3 Start=7789925845568 End=7789925845626 Duration=58
Task=60 Chunk=0 Start=7789925729336 End=7789925756684 Duration=27348
Task=60 Chunk=1 Start=7789925756709 End=7789925756710 Duration=1
Task=60 Chunk=2 Start=7789925845567 End=7789925877712 Duration=32145
Task=60 Chunk=3 Start=7789925877725 End=7789925877823 Duration=98
Task=61 Chunk=0 Start=7789925756688 End=7789925782734 Duration=26046
Task=61 Chunk=1 Start=7789925782764 End=7789925782765 Duration=1
Task=61 Chunk=2 Start=7789925877719 End=7789925910761 Duration=33042
Task=61 Chunk=3 Start=7789925910776 End=7789925910832 Duration=56
Task=62 Chunk=0 Start=7789925782736 End=7789925808564 Duration=25828
Task=62 Chunk=1 Start=7789925808597 End=7789925808598 Duration=1
Task=62 Chunk=2 Start=7789925910768 End=7789925946009 Duration=35241
Task=62 Chunk=3 Start=7789925946030 End=7789925946103 Duration=73
Task=63 Chunk=0 Start=7789925808569 End=7789925834176 Duration=25607
Task=63 Chunk=1 Start=7789925834191 End=7789925834192 Duration=1
Task=63 Chunk=2 Start=7789925946023 End=7789925978288 Duration=32265
Task=63 Chunk=3 Start=7789925978299 End=7789925978347 Duration=48
Task=64 Chunk=0 Start=7789925834177 End=7789925862339 Duration=28162
Task=64 Chunk=1 Start=7789925862369 End=7789925862374 Duration=5
Task=64 Chunk=2 Start=7789925978300 End=7789926010390 Duration=32090
Task=64 Chunk=3 Start=7789926010411 End=7789926010460 Duration=49
Task=65 Chunk=0 Start=7789925862346 End=7789925888789 Duration=26443
Task=65 Chunk=1 Start=7789925888812 End=7789925888813 Duration=1
Task=65 Chunk=2 Start=7789926010411 End=7789926047895 Duration=37484
Task=65 Chunk=3 Start=7789926047915 End=7789926048067 Duration=152
Task=66 Chunk=0 Start=7789925888791 End=7789925914824 Duration=26033
Task=66 Chunk=1 Start=7789925914832 End=7789925914834 Duration=2
Task=66 Chunk=2 Start=7789926047914 End=7789926079510 Duration=31596
Task=66 Chunk=3 Start=7789926079518 End=7789926079582 Duration=64
Task=67 Chunk=0 Start=7789925914826 End=7789925941454 Duration=26628
Task=67 Chunk=1 Start=7789925941473 End=7789925941475 Duration=2
Task=67 Chunk=2 Start=7789926079513 End=7789926110778 Duration=31265
Task=67 Chunk=3 Start=7789926110789 End=7789926110864 Duration=75
Task=68 Chunk=0 Start=7789925941454 End=7789925967847 Duration=26393
Task=68 Chunk=1 Start=7789925967882 End=7789925967883 Duration=1
Task=68 Chunk=2 Start=7789926110785 End=7789926143629 Duration=32844
Task=68 Chunk=3 Start=7789926143640 End=7789926143747 Duration=107
Task=69 Chunk=0 Start=7789925967860 End=7789925994183 Duration=26323
Task=69 Chunk=1 Start=7789925994201 End=7789925994202 Duration=1
Task=69 Chunk=2 Start=7789926143633 End=7789926175349 Duration=31716
Task=69 Chunk=3 Start=7789926175362 End=7789926175434 Duration=72
Task=70 Chunk=0 Start=7789925994189 End=7789926020091 Duration=25902
Task=70 Chunk=1 Start=7789926020102 End=7789926020103 Duration=1
Task=70 Chunk=2 Start=7789926175357 End=7789926206903 Duration=31546
Task=70 Chunk=3 Start=7789926206915 End=7789926206967 Duration=52
Task=71 Chunk=0 Start=7789926020092 End=7789926256201 Duration=236109
Task=71 Chunk=1 Start=7789926256230 End=7789926256261 Duration=31
Task=71 Chunk=2 Start=7789926256285 End=7789926288263 Duration=31978
Task=71 Chunk=3 Start=7789926288277 End=7789926288356 Duration=79
Task=72 Chunk=0 Start=7789926256222 End=7789926294054 Duration=37832
Task=72 Chunk=1 Start=7789926294092 End=7789926294093 Duration=1
Task=72 Chunk=2 Start=7789926294104 End=7789926326097 Duration=31993
Task=72 Chunk=3 Start=7789926326111 End=7789926326168 Duration=57
Task=73 Chunk=0 Start=7789926294057 End=7789926341694 Duration=47637
Task=73 Chunk=1 Start=7789926341731 End=7789926341733 Duration=2
Task=73 Chunk=2 Start=7789926341755 End=7789926373580 Duration=31825
Task=73 Chunk=3 Start=7789926373591 End=7789926373665 Duration=74
Task=74 Chunk=0 Start=7789926341695 End=7789926392773 Duration=51078
Task=74 Chunk=1 Start=7789926392781 End=7789926392782 Duration=1
Task=74 Chunk=2 Start=7789926392814 End=7789926424629 Duration=31815
Task=74 Chunk=3 Start=7789926424637 End=7789926424690 Duration=53
Task=75 Chunk=0 Start=7789926392775 End=7789926444261 Duration=51486
Task=75 Chunk=1 Start=7789926444271 End=7789926444272 Duration=1
Task=75 Chunk=2 Start=7789926444302 End=7789926476204 Duration=31902
Task=75 Chunk=3 Start=7789926476214 End=7789926476271 Duration=57
Task=76 Chunk=0 Start=7789926444263 End=7789926488608 Duration=44345
Task=76 Chunk=1 Start=7789926488647 End=7789926488648 Duration=1
Task=76 Chunk=2 Start=7789926488677 End=7789926521298 Duration=32621
Task=76 Chunk=3 Start=7789926521314 End=7789926521367 Duration=53
Task=77 Chunk=0 Start=7789926488619 End=7789926515123 Duration=26504
Task=77 Chunk=1 Start=7789926515145 End=7789926515147 Duration=2
Task=77 Chunk=2 Start=7789926521309 End=7789926556203 Duration=34894
Task=77 Chunk=3 Start=7789926556216 End=7789926556291 Duration=75
Task=78 Chunk=0 Start=7789926515124 End=7789926542449 Duration=27325
Task=78 Chunk=1 Start=7789926542463 End=7789926542465 Duration=2
Task=78 Chunk=2 Start=7789926556213 End=7789926589168 Duration=32955
Task=78 Chunk=3 Start=7789926589180 End=7789926589258 Duration=78
Task=79 Chunk=0 Start=7789926542450 End=7789926569026 Duration=26576
Task=79 Chunk=1 Start=7789926569056 End=7789926569057 Duration=1
Task=79 Chunk=2 Start=7789926589179 End=7789926621466 Duration=32287
Task=79 Chunk=3 Start=7789926621478 End=7789926621539 Duration=61
Task=80 Chunk=0 Start=7789926569029 End=7789926595123 Duration=26094
Task=80 Chunk=1 Start=7789926595135 End=7789926595136 Duration=1
Task=80 Chunk=2 Start=7789926621476 End=7789926655326 Duration=33850
Task=80 Chunk=3 Start=7789926655336 End=7789926655398 Duration=62
Task=81 Chunk=0 Start=7789926595126 End=7789926621265 Duration=26139
Task=81 Chunk=1 Start=7789926621274 End=7789926621275 Duration=1
Task=81 Chunk=2 Start=7789926655331 End=7789926687594 Duration=32263
Task=81 Chunk=3 Start=7789926687603 End=7789926687651 Duration=48
Task=82 Chunk=0 Start=7789926621265 End=7789926647894 Duration=26629
Task=82 Chunk=1 Start=7789926647913 End=7789926647914 Duration=1
Task=82 Chunk=2 Start=7789926687599 End=7789926722124 Duration=34525
Task=82 Chunk=3 Start=7789926722137 End=7789926722193 Duration=56
Task=83 Chunk=0 Start=7789926647895 End=7789926674444 Duration=26549
Task=83 Chunk=1 Start=7789926674474 End=7789926674475 Duration=1
Task=83 Chunk=2 Start=7789926722131 End=7789926755957 Duration=33826
Task=83 Chunk=3 Start=7789926755976 End=7789926756060 Duration=84
Task=84 Chunk=0 Start=7789926674446 End=7789926701040 Duration=26594
Task=84 Chunk=1 Start=7789926701069 End=7789926701070 Duration=1
Task=84 Chunk=2 Start=7789926755968 End=7789926788273 Duration=32305
Task=84 Chunk=3 Start=7789926788285 End=7789926788378 Duration=93
Task=85 Chunk=0 Start=7789926701046 End=7789926728025 Duration=26979
Task=85 Chunk=1 Start=7789926728059 End=7789926728060 Duration=1
Task=85 Chunk=2 Start=7789926788280 End=7789926820898 Duration=32618
Task=85 Chunk=3 Start=7789926820912 End=7789926820964 Duration=52
Task=86 Chunk=0 Start=7789926728032 End=7789926754069 Duration=26037
Task=86 Chunk=1 Start=7789926754079 End=7789926754080 Duration=1
Task=86 Chunk=2 Start=7789926820905 End=7789926859030 Duration=38125
Task=86 Chunk=3 Start=7789926859043 End=7789926859169 Duration=126
Task=87 Chunk=0 Start=7789926754070 End=7789926779831 Duration=25761
Task=87 Chunk=1 Start=7789926779857 End=7789926779858 Duration=1
Task=87 Chunk=2 Start=7789926859037 End=7789926891247 Duration=32210
Task=87 Chunk=3 Start=7789926891255 End=7789926891304 Duration=49
Task=88 Chunk=0 Start=7789926779834 End=7789926806597 Duration=26763
Task=88 Chunk=1 Start=7789926806627 End=7789926806628 Duration=1
Task=88 Chunk=2 Start=7789926891255 End=7789926924500 Duration=33245
Task=88 Chunk=3 Start=7789926924506 End=7789926924560 Duration=54
Task=89 Chunk=0 Start=7789926806603 End=7789926833550 Duration=26947
Task=89 Chunk=1 Start=7789926833567 End=7789926833569 Duration=2
Task=89 Chunk=2 Start=7789926924506 End=7789926956721 Duration=32215
Task=89 Chunk=3 Start=7789926956735 End=7789926956788 Duration=53
Task=90 Chunk=0 Start=7789926833550 End=7789926860045 Duration=26495
Task=90 Chunk=1 Start=7789926860067 End=7789926860068 Duration=1
Task=90 Chunk=2 Start=7789926956730 End=7789926988827 Duration=32097
Task=90 Chunk=3 Start=7789926988843 End=7789926988898 Duration=55
Task=91 Chunk=0 Start=7789926860049 End=7789926886148 Duration=26099
Task=91 Chunk=1 Start=7789926886183 End=7789926886184 Duration=1
Task=91 Chunk=2 Start=7789926988836 End=7789927024007 Duration=35171
Task=91 Chunk=3 Start=7789927024016 End=7789927024079 Duration=63
Task=92 Chunk=0 Start=7789926886149 End=7789926912329 Duration=26180
Task=92 Chunk=1 Start=7789926912351 End=7789926912352 Duration=1
Task=92 Chunk=2 Start=7789927024014 End=7789927056247 Duration=32233
Task=92 Chunk=3 Start=7789927056262 End=7789927056311 Duration=49
Task=93 Chunk=0 Start=7789926912332 End=7789926939225 Duration=26893
Task=93 Chunk=1 Start=7789926939250 End=7789926939255 Duration=5
Task=93 Chunk=2 Start=7789927056256 End=7789927088704 Duration=32448
Task=93 Chunk=3 Start=7789927088717 End=7789927088766 Duration=49
Task=94 Chunk=0 Start=7789926939226 End=7789926965490 Duration=26264
Task=94 Chunk=1 Start=7789926965513 End=7789926965515 Duration=2
Task=94 Chunk=2 Start=7789927088714 End=7789927117702 Duration=28988
Task=94 Chunk=3 Start=7789927117715 End=7789927117782 Duration=67
Task=95 Chunk=0 Start=7789926965493 End=7789926991449 Duration=25956
Task=95 Chunk=1 Start=7789926991473 End=7789926991474 Duration=1
Task=95 Chunk=2 Start=7789927117707 End=7789927138566 Duration=20859
Task=95 Chunk=3 Start=7789927138578 End=7789927138684 Duration=106
Task=96 Chunk=0 Start=7789926991451 End=7789927017276 Duration=25825
Task=96 Chunk=1 Start=7789927017313 End=7789927017314 Duration=1
Task=96 Chunk=2 Start=7789927138572 End=7789927154593 Duration=16021
Task=96 Chunk=3 Start=7789927154606 End=7789927154682 Duration=76
Task=97 Chunk=0 Start=7789927017277 End=7789927044463 Duration=27186
Task=97 Chunk=1 Start=7789927044486 End=7789927044487 Duration=1
Task=97 Chunk=2 Start=7789927154597 End=7789927170807 Duration=16210
Task=97 Chunk=3 Start=7789927170819 End=7789927170882 Duration=63
Task=98 Chunk=0 Start=7789927044466 End=7789927070950 Duration=26484
Task=98 Chunk=1 Start=7789927070987 End=7789927070988 Duration=1
Task=98 Chunk=2 Start=7789927170814 End=7789927187076 Duration=16262
Task=98 Chunk=3 Start=7789927187101 End=7789927187170 Duration=69
Task=99 Chunk=0 Start=7789927070950 End=7789927096987 Duration=26037
Task=99 Chunk=1 Start=7789927097008 End=7789927097009 Duration=1
Task=99 Chunk=2 Start=7789927187097 End=7789927203470 Duration=16373
Task=99 Chunk=3 Start=7789927203480 End=7789927203529 Duration=49
### Python End ###

--------------------------------
[2025-06-28 12:17:00.450] [info] Available Vulkan Layers:
[2025-06-28 12:17:00.450] [warning] Validation layer requested but not available, continuing without it...
[2025-06-28 12:17:00.453] [info] Using integrated GPU: Mali-G710
[2025-06-28 12:17:00.455] [info] VulkanDispatcher instance created.
[2025-06-28 12:17:00.585] [info] Total memory used: 40550404 bytes (38.67188 MB)
[2025-06-28 12:17:00.588] [info] Total memory used: 40550404 bytes (38.67188 MB)
[2025-06-28 12:17:00.642] [info] Total memory used: 40550404 bytes (38.67188 MB)
[2025-06-28 12:17:00.647] [info] Total memory used: 40550404 bytes (38.67188 MB)
[2025-06-28 12:17:00.652] [info] Total memory used: 40550404 bytes (38.67188 MB)
[2025-06-28 12:17:00.710] [info] Total memory used: 40550404 bytes (38.67188 MB)
[2025-06-28 12:17:00.714] [info] Total memory used: 40550404 bytes (38.67188 MB)
[2025-06-28 12:17:00.718] [info] Total memory used: 40550404 bytes (38.67188 MB)
[2025-06-28 12:17:00.722] [info] Total memory used: 40550404 bytes (38.67188 MB)
[2025-06-28 12:17:00.726] [info] Total memory used: 40550404 bytes (38.67188 MB)
[2025-06-28 12:17:00.798] [info] Total memory used: 40550404 bytes (38.67188 MB)
[2025-06-28 12:17:00.802] [info] Total memory used: 40550404 bytes (38.67188 MB)
[2025-06-28 12:17:00.806] [info] Total memory used: 40550404 bytes (38.67188 MB)
[2025-06-28 12:17:00.810] [info] Total memory used: 40550404 bytes (38.67188 MB)
[2025-06-28 12:17:00.814] [info] Total memory used: 40550404 bytes (38.67188 MB)
[2025-06-28 12:17:00.818] [info] Total memory used: 40550404 bytes (38.67188 MB)
### Python Begin ###
Schedule_UID=SCH-B3G1M3-G232-427d
Frequency=24576000 Hz
Task=0 Chunk=0 Start=7789936830928 End=7789936869637 Duration=38709
Task=0 Chunk=1 Start=7789936869654 End=7789936869665 Duration=11
Task=0 Chunk=2 Start=7789936869670 End=7789937054656 Duration=184986
Task=1 Chunk=0 Start=7789936869646 End=7789936895769 Duration=26123
Task=1 Chunk=1 Start=7789936895779 End=7789936895780 Duration=1
Task=1 Chunk=2 Start=7789937054668 End=7789937156880 Duration=102212
Task=2 Chunk=0 Start=7789936895771 End=7789936921879 Duration=26108
Task=2 Chunk=1 Start=7789936921889 End=7789936921890 Duration=1
Task=2 Chunk=2 Start=7789937156892 End=7789937259449 Duration=102557
Task=3 Chunk=0 Start=7789936921887 End=7789936947775 Duration=25888
Task=3 Chunk=2 Start=7789937259455 End=7789937360572 Duration=101117
Task=4 Chunk=0 Start=7789936947776 End=7789936975226 Duration=27450
Task=4 Chunk=2 Start=7789937360574 End=7789937459491 Duration=98917
Task=5 Chunk=0 Start=7789936975241 End=7789937001519 Duration=26278
Task=5 Chunk=1 Start=7789937001530 End=7789937001531 Duration=1
Task=5 Chunk=2 Start=7789937459492 End=7789937557429 Duration=97937
Task=6 Chunk=0 Start=7789937001521 End=7789937027723 Duration=26202
Task=6 Chunk=1 Start=7789937027732 End=7789937027733 Duration=1
Task=6 Chunk=2 Start=7789937557430 End=7789937656978 Duration=99548
Task=7 Chunk=0 Start=7789937027724 End=7789937054687 Duration=26963
Task=7 Chunk=1 Start=7789937054697 End=7789937054698 Duration=1
Task=7 Chunk=2 Start=7789937656982 End=7789937756114 Duration=99132
Task=8 Chunk=0 Start=7789937054690 End=7789937081267 Duration=26577
Task=8 Chunk=1 Start=7789937081275 End=7789937081276 Duration=1
Task=8 Chunk=2 Start=7789937756114 End=7789937854230 Duration=98116
Task=9 Chunk=0 Start=7789937081268 End=7789937107523 Duration=26255
Task=9 Chunk=1 Start=7789937107533 End=7789937107534 Duration=1
Task=9 Chunk=2 Start=7789937854231 End=7789937952765 Duration=98534
Task=10 Chunk=0 Start=7789937107526 End=7789937134178 Duration=26652
Task=10 Chunk=2 Start=7789937952769 End=7789938053395 Duration=100626
Task=11 Chunk=0 Start=7789937134179 End=7789937162338 Duration=28159
Task=11 Chunk=2 Start=7789938053396 End=7789938151446 Duration=98050
Task=12 Chunk=0 Start=7789937162339 End=7789937188543 Duration=26204
Task=12 Chunk=1 Start=7789937188548 End=7789937188549 Duration=1
Task=12 Chunk=2 Start=7789938151447 End=7789938249267 Duration=97820
Task=13 Chunk=0 Start=7789937188547 End=7789937215751 Duration=27204
Task=13 Chunk=1 Start=7789937215765 End=7789937215766 Duration=1
Task=13 Chunk=2 Start=7789938249268 End=7789938347148 Duration=97880
Task=14 Chunk=0 Start=7789937215752 End=7789937241899 Duration=26147
Task=14 Chunk=1 Start=7789937241913 End=7789937241914 Duration=1
Task=14 Chunk=2 Start=7789938347148 End=7789938445477 Duration=98329
Task=15 Chunk=0 Start=7789937241900 End=7789937269781 Duration=27881
Task=15 Chunk=1 Start=7789937269794 End=7789937269795 Duration=1
Task=15 Chunk=2 Start=7789938445479 End=7789938544252 Duration=98773
Task=16 Chunk=0 Start=7789937269782 End=7789937296189 Duration=26407
Task=16 Chunk=2 Start=7789938544256 End=7789938643204 Duration=98948
Task=17 Chunk=0 Start=7789937296189 End=7789937322722 Duration=26533
Task=17 Chunk=1 Start=7789937322737 End=7789937322738 Duration=1
Task=17 Chunk=2 Start=7789938643205 End=7789938742522 Duration=99317
Task=18 Chunk=0 Start=7789937360591 End=7789937387074 Duration=26483
Task=18 Chunk=1 Start=7789937387090 End=7789937387091 Duration=1
Task=18 Chunk=2 Start=7789938742526 End=7789938839978 Duration=97452
Task=19 Chunk=0 Start=7789937459504 End=7789937485944 Duration=26440
Task=19 Chunk=1 Start=7789937485955 End=7789937485956 Duration=1
Task=19 Chunk=2 Start=7789938839986 End=7789938891830 Duration=51844
Task=20 Chunk=0 Start=7789937557448 End=7789937583839 Duration=26391
Task=20 Chunk=2 Start=7789938891831 End=7789938994800 Duration=102969
Task=21 Chunk=0 Start=7789937656999 End=7789937683477 Duration=26478
Task=21 Chunk=1 Start=7789937683481 End=7789937683482 Duration=1
Task=21 Chunk=2 Start=7789938994823 End=7789939144738 Duration=149915
Task=22 Chunk=0 Start=7789937756139 End=7789937782906 Duration=26767
Task=22 Chunk=2 Start=7789939144739 End=7789939243029 Duration=98290
Task=23 Chunk=0 Start=7789937854249 End=7789937880722 Duration=26473
Task=23 Chunk=2 Start=7789939243030 End=7789939340662 Duration=97632
Task=24 Chunk=0 Start=7789937952778 End=7789937979567 Duration=26789
Task=24 Chunk=2 Start=7789939340665 End=7789939439160 Duration=98495
Task=25 Chunk=0 Start=7789938053414 End=7789938079614 Duration=26200
Task=25 Chunk=2 Start=7789939439162 End=7789939538727 Duration=99565
Task=26 Chunk=0 Start=7789938151458 End=7789938177557 Duration=26099
Task=26 Chunk=1 Start=7789938177564 End=7789938177565 Duration=1
Task=26 Chunk=2 Start=7789939538728 End=7789939636313 Duration=97585
Task=27 Chunk=0 Start=7789938249279 End=7789938275451 Duration=26172
Task=27 Chunk=1 Start=7789938275469 End=7789938275476 Duration=7
Task=27 Chunk=2 Start=7789939636313 End=7789939734486 Duration=98173
Task=28 Chunk=0 Start=7789938347167 End=7789938373334 Duration=26167
Task=28 Chunk=2 Start=7789939734488 End=7789939831838 Duration=97350
Task=29 Chunk=0 Start=7789938445497 End=7789938471676 Duration=26179
Task=29 Chunk=2 Start=7789939831839 End=7789939934198 Duration=102359
Task=30 Chunk=0 Start=7789938544278 End=7789938570608 Duration=26330
Task=30 Chunk=2 Start=7789939934199 End=7789940036801 Duration=102602
Task=31 Chunk=0 Start=7789938643225 End=7789938669625 Duration=26400
Task=31 Chunk=2 Start=7789940036811 End=7789940103674 Duration=66863
Task=32 Chunk=0 Start=7789938742544 End=7789938768899 Duration=26355
Task=32 Chunk=1 Start=7789938768904 End=7789938768905 Duration=1
Task=32 Chunk=2 Start=7789940103681 End=7789940155111 Duration=51430
Task=33 Chunk=0 Start=7789938839988 End=7789938866793 Duration=26805
Task=33 Chunk=1 Start=7789938893201 End=7789938893236 Duration=35
Task=33 Chunk=2 Start=7789940155112 End=7789940207742 Duration=52630
Task=34 Chunk=0 Start=7789938891845 End=7789938946481 Duration=54636
Task=34 Chunk=1 Start=7789938995589 End=7789938995590 Duration=1
Task=34 Chunk=2 Start=7789940207742 End=7789940257071 Duration=49329
Task=35 Chunk=0 Start=7789938994824 End=7789939046021 Duration=51197
Task=35 Chunk=1 Start=7789939046036 End=7789939046037 Duration=1
Task=35 Chunk=2 Start=7789940257072 End=7789940307725 Duration=50653
Task=36 Chunk=0 Start=7789939144752 End=7789939171465 Duration=26713
Task=36 Chunk=1 Start=7789939171476 End=7789939171481 Duration=5
Task=36 Chunk=2 Start=7789940307726 End=7789940357590 Duration=49864
Task=37 Chunk=0 Start=7789939243056 End=7789939269547 Duration=26491
Task=37 Chunk=1 Start=7789939269565 End=7789939269566 Duration=1
Task=37 Chunk=2 Start=7789940357591 End=7789940408325 Duration=50734
Task=38 Chunk=0 Start=7789939340684 End=7789939367074 Duration=26390
Task=38 Chunk=1 Start=7789939367084 End=7789939367085 Duration=1
Task=38 Chunk=2 Start=7789940408326 End=7789940457707 Duration=49381
Task=39 Chunk=0 Start=7789939439184 End=7789939465565 Duration=26381
Task=39 Chunk=1 Start=7789939465576 End=7789939465580 Duration=4
Task=39 Chunk=2 Start=7789940457707 End=7789940508035 Duration=50328
Task=40 Chunk=0 Start=7789939538747 End=7789939565202 Duration=26455
Task=40 Chunk=1 Start=7789939565214 End=7789939565215 Duration=1
Task=40 Chunk=2 Start=7789940508036 End=7789940557796 Duration=49760
Task=41 Chunk=0 Start=7789939636329 End=7789939663109 Duration=26780
Task=41 Chunk=1 Start=7789939663113 End=7789939663114 Duration=1
Task=41 Chunk=2 Start=7789940557797 End=7789940608575 Duration=50778
Task=42 Chunk=0 Start=7789939734507 End=7789939761065 Duration=26558
Task=42 Chunk=1 Start=7789939761077 End=7789939761078 Duration=1
Task=42 Chunk=2 Start=7789940608575 End=7789940658534 Duration=49959
Task=43 Chunk=0 Start=7789939831857 End=7789939858858 Duration=27001
Task=43 Chunk=1 Start=7789939882949 End=7789939882980 Duration=31
Task=43 Chunk=2 Start=7789940658534 End=7789940709140 Duration=50606
Task=44 Chunk=0 Start=7789939934218 End=7789939961051 Duration=26833
Task=44 Chunk=1 Start=7789939984919 End=7789939984925 Duration=6
Task=44 Chunk=2 Start=7789940709140 End=7789940758935 Duration=49795
Task=45 Chunk=0 Start=7789940036823 End=7789940063988 Duration=27165
Task=45 Chunk=1 Start=7789940088021 End=7789940088025 Duration=4
Task=45 Chunk=2 Start=7789940758935 End=7789940809169 Duration=50234
Task=46 Chunk=0 Start=7789940103687 End=7789940130438 Duration=26751
Task=46 Chunk=1 Start=7789940130456 End=7789940130508 Duration=52
Task=46 Chunk=2 Start=7789940809169 End=7789940859395 Duration=50226
Task=47 Chunk=0 Start=7789940155125 End=7789940181665 Duration=26540
Task=47 Chunk=1 Start=7789940181693 End=7789940181694 Duration=1
Task=47 Chunk=2 Start=7789940859395 End=7789940911565 Duration=52170
Task=48 Chunk=0 Start=7789940207756 End=7789940234263 Duration=26507
Task=48 Chunk=1 Start=7789940234290 End=7789940234299 Duration=9
Task=48 Chunk=2 Start=7789940911566 End=7789940961649 Duration=50083
Task=49 Chunk=0 Start=7789940257086 End=7789940283621 Duration=26535
Task=49 Chunk=1 Start=7789940283652 End=7789940283654 Duration=2
Task=49 Chunk=2 Start=7789940961649 End=7789941012367 Duration=50718
Task=50 Chunk=0 Start=7789940307740 End=7789940334071 Duration=26331
Task=50 Chunk=1 Start=7789940334111 End=7789940334120 Duration=9
Task=50 Chunk=2 Start=7789941012368 End=7789941061779 Duration=49411
Task=51 Chunk=0 Start=7789940357606 End=7789940384268 Duration=26662
Task=51 Chunk=1 Start=7789940384298 End=7789940384299 Duration=1
Task=51 Chunk=2 Start=7789941061779 End=7789941113005 Duration=51226
Task=52 Chunk=0 Start=7789940408343 End=7789940435028 Duration=26685
Task=52 Chunk=1 Start=7789940435069 End=7789940435074 Duration=5
Task=52 Chunk=2 Start=7789941113005 End=7789941162719 Duration=49714
Task=53 Chunk=0 Start=7789940457727 End=7789940484351 Duration=26624
Task=53 Chunk=1 Start=7789940484389 End=7789940484391 Duration=2
Task=53 Chunk=2 Start=7789941162730 End=7789941214235 Duration=51505
Task=54 Chunk=0 Start=7789940508050 End=7789940534856 Duration=26806
Task=54 Chunk=1 Start=7789940534885 End=7789940534887 Duration=2
Task=54 Chunk=2 Start=7789941214236 End=7789941263986 Duration=49750
Task=55 Chunk=0 Start=7789940557816 End=7789940584404 Duration=26588
Task=55 Chunk=1 Start=7789940584439 End=7789940584440 Duration=1
Task=55 Chunk=2 Start=7789941263996 End=7789941314999 Duration=51003
Task=56 Chunk=0 Start=7789940608593 End=7789940635216 Duration=26623
Task=56 Chunk=1 Start=7789940635224 End=7789940635229 Duration=5
Task=56 Chunk=2 Start=7789941314999 End=7789941365004 Duration=50005
Task=57 Chunk=0 Start=7789940658554 End=7789940685037 Duration=26483
Task=57 Chunk=1 Start=7789940685052 End=7789940685053 Duration=1
Task=57 Chunk=2 Start=7789941365013 End=7789941415322 Duration=50309
Task=58 Chunk=0 Start=7789940709159 End=7789940735893 Duration=26734
Task=58 Chunk=1 Start=7789940735936 End=7789940735940 Duration=4
Task=58 Chunk=2 Start=7789941415322 End=7789941464803 Duration=49481
Task=59 Chunk=0 Start=7789940758951 End=7789940786273 Duration=27322
Task=59 Chunk=1 Start=7789940786299 End=7789940786300 Duration=1
Task=59 Chunk=2 Start=7789941464806 End=7789941515664 Duration=50858
Task=60 Chunk=0 Start=7789940809196 End=7789940835783 Duration=26587
Task=60 Chunk=1 Start=7789940835826 End=7789940835827 Duration=1
Task=60 Chunk=2 Start=7789941515666 End=7789941565161 Duration=49495
Task=61 Chunk=0 Start=7789940859420 End=7789940887953 Duration=28533
Task=61 Chunk=1 Start=7789940887974 End=7789940887975 Duration=1
Task=61 Chunk=2 Start=7789941565162 End=7789941616824 Duration=51662
Task=62 Chunk=0 Start=7789940911583 End=7789940938358 Duration=26775
Task=62 Chunk=1 Start=7789940938400 End=7789940938401 Duration=1
Task=62 Chunk=2 Start=7789941616824 End=7789941666809 Duration=49985
Task=63 Chunk=0 Start=7789940961664 End=7789940990233 Duration=28569
Task=63 Chunk=1 Start=7789940990266 End=7789940990267 Duration=1
Task=63 Chunk=2 Start=7789941666809 End=7789941717781 Duration=50972
Task=64 Chunk=0 Start=7789941012392 End=7789941039249 Duration=26857
Task=64 Chunk=1 Start=7789941039264 End=7789941039265 Duration=1
Task=64 Chunk=2 Start=7789941717782 End=7789941769822 Duration=52040
Task=65 Chunk=0 Start=7789941061799 End=7789941089124 Duration=27325
Task=65 Chunk=1 Start=7789941089163 End=7789941089165 Duration=2
Task=65 Chunk=2 Start=7789941769823 End=7789941819501 Duration=49678
Task=66 Chunk=0 Start=7789941113031 End=7789941139632 Duration=26601
Task=66 Chunk=1 Start=7789941139648 End=7789941139662 Duration=14
Task=66 Chunk=2 Start=7789941819502 End=7789941870897 Duration=51395
Task=67 Chunk=0 Start=7789941162749 End=7789941190933 Duration=28184
Task=67 Chunk=1 Start=7789941190974 End=7789941190998 Duration=24
Task=67 Chunk=2 Start=7789941870901 End=7789941920531 Duration=49630
Task=68 Chunk=0 Start=7789941214259 End=7789941240865 Duration=26606
Task=68 Chunk=1 Start=7789941240892 End=7789941240918 Duration=26
Task=68 Chunk=2 Start=7789941920532 End=7789941971277 Duration=50745
Task=69 Chunk=0 Start=7789941264012 End=7789941291887 Duration=27875
Task=69 Chunk=1 Start=7789941291924 End=7789941291933 Duration=9
Task=69 Chunk=2 Start=7789941971278 End=7789942021303 Duration=50025
Task=70 Chunk=0 Start=7789941315019 End=7789941341805 Duration=26786
Task=70 Chunk=1 Start=7789941341814 End=7789941341815 Duration=1
Task=70 Chunk=2 Start=7789942021304 End=7789942072563 Duration=51259
Task=71 Chunk=0 Start=7789941365020 End=7789941392602 Duration=27582
Task=71 Chunk=1 Start=7789941392636 End=7789941392641 Duration=5
Task=71 Chunk=2 Start=7789942072564 End=7789942122099 Duration=49535
Task=72 Chunk=0 Start=7789941415350 End=7789941442009 Duration=26659
Task=72 Chunk=1 Start=7789941442023 End=7789941442024 Duration=1
Task=72 Chunk=2 Start=7789942122100 End=7789942172224 Duration=50124
Task=73 Chunk=0 Start=7789941464829 End=7789941492981 Duration=28152
Task=73 Chunk=1 Start=7789941493025 End=7789941493029 Duration=4
Task=73 Chunk=2 Start=7789942172224 End=7789942222211 Duration=49987
Task=74 Chunk=0 Start=7789941515687 End=7789941541960 Duration=26273
Task=74 Chunk=1 Start=7789941541994 End=7789941541995 Duration=1
Task=74 Chunk=2 Start=7789942222217 End=7789942272473 Duration=50256
Task=75 Chunk=0 Start=7789941565184 End=7789941592698 Duration=27514
Task=75 Chunk=1 Start=7789941592738 End=7789941592740 Duration=2
Task=75 Chunk=2 Start=7789942272477 End=7789942322306 Duration=49829
Task=76 Chunk=0 Start=7789941616848 End=7789941643454 Duration=26606
Task=76 Chunk=1 Start=7789941643471 End=7789941643472 Duration=1
Task=76 Chunk=2 Start=7789942322307 End=7789942374272 Duration=51965
Task=77 Chunk=0 Start=7789941666834 End=7789941694671 Duration=27837
Task=77 Chunk=1 Start=7789941694696 End=7789941694703 Duration=7
Task=77 Chunk=2 Start=7789942374273 End=7789942423986 Duration=49713
Task=78 Chunk=0 Start=7789941717806 End=7789941744516 Duration=26710
Task=78 Chunk=1 Start=7789941744533 End=7789941744534 Duration=1
Task=78 Chunk=2 Start=7789942423986 End=7789942474581 Duration=50595
Task=79 Chunk=0 Start=7789941769843 End=7789941796777 Duration=26934
Task=79 Chunk=1 Start=7789941796810 End=7789941796814 Duration=4
Task=79 Chunk=2 Start=7789942474582 End=7789942524143 Duration=49561
Task=80 Chunk=0 Start=7789941819532 End=7789941845968 Duration=26436
Task=80 Chunk=1 Start=7789941845998 End=7789941845999 Duration=1
Task=80 Chunk=2 Start=7789942524149 End=7789942574329 Duration=50180
Task=81 Chunk=0 Start=7789941870923 End=7789941897862 Duration=26939
Task=81 Chunk=1 Start=7789941897870 End=7789941897872 Duration=2
Task=81 Chunk=2 Start=7789942574338 End=7789942624579 Duration=50241
Task=82 Chunk=0 Start=7789941920556 End=7789941947244 Duration=26688
Task=82 Chunk=1 Start=7789941947257 End=7789941947259 Duration=2
Task=82 Chunk=2 Start=7789942624579 End=7789942676844 Duration=52265
Task=83 Chunk=0 Start=7789941971290 End=7789941997916 Duration=26626
Task=83 Chunk=1 Start=7789941997948 End=7789941997949 Duration=1
Task=83 Chunk=2 Start=7789942676846 End=7789942726241 Duration=49395
Task=84 Chunk=0 Start=7789942021322 End=7789942048036 Duration=26714
Task=84 Chunk=1 Start=7789942048052 End=7789942048053 Duration=1
Task=84 Chunk=2 Start=7789942726242 End=7789942776802 Duration=50560
Task=85 Chunk=0 Start=7789942072576 End=7789942099676 Duration=27100
Task=85 Chunk=1 Start=7789942099703 End=7789942099704 Duration=1
Task=85 Chunk=2 Start=7789942776803 End=7789942827669 Duration=50866
Task=86 Chunk=0 Start=7789942122114 End=7789942148799 Duration=26685
Task=86 Chunk=1 Start=7789942148808 End=7789942148809 Duration=1
Task=86 Chunk=2 Start=7789942827673 End=7789942876194 Duration=48521
Task=87 Chunk=0 Start=7789942172236 End=7789942198835 Duration=26599
Task=87 Chunk=1 Start=7789942198866 End=7789942198867 Duration=1
Task=87 Chunk=2 Start=7789942876198 End=7789942923891 Duration=47693
Task=88 Chunk=0 Start=7789942222244 End=7789942248746 Duration=26502
Task=88 Chunk=1 Start=7789942248775 End=7789942248777 Duration=2
Task=88 Chunk=2 Start=7789942923893 End=7789942973085 Duration=49192
Task=89 Chunk=0 Start=7789942272498 End=7789942298977 Duration=26479
Task=89 Chunk=1 Start=7789942299012 End=7789942299013 Duration=1
Task=89 Chunk=2 Start=7789942973090 End=7789943020659 Duration=47569
Task=90 Chunk=0 Start=7789942322337 End=7789942348845 Duration=26508
Task=90 Chunk=1 Start=7789942348862 End=7789942348863 Duration=1
Task=90 Chunk=2 Start=7789943020664 End=7789943069565 Duration=48901
Task=91 Chunk=0 Start=7789942374298 End=7789942401017 Duration=26719
Task=91 Chunk=1 Start=7789942401053 End=7789942401054 Duration=1
Task=91 Chunk=2 Start=7789943069570 End=7789943117648 Duration=48078
Task=92 Chunk=0 Start=7789942424000 End=7789942450451 Duration=26451
Task=92 Chunk=1 Start=7789942450489 End=7789942450496 Duration=7
Task=92 Chunk=2 Start=7789943117661 End=7789943166698 Duration=49037
Task=93 Chunk=0 Start=7789942474597 End=7789942501281 Duration=26684
Task=93 Chunk=1 Start=7789942501301 End=7789942501309 Duration=8
Task=93 Chunk=2 Start=7789943166702 End=7789943214454 Duration=47752
Task=94 Chunk=0 Start=7789942524168 End=7789942550632 Duration=26464
Task=94 Chunk=1 Start=7789942550647 End=7789942550648 Duration=1
Task=94 Chunk=2 Start=7789943214455 End=7789943263453 Duration=48998
Task=95 Chunk=0 Start=7789942574347 End=7789942600854 Duration=26507
Task=95 Chunk=1 Start=7789942600875 End=7789942600879 Duration=4
Task=95 Chunk=2 Start=7789943263468 End=7789943310952 Duration=47484
Task=96 Chunk=0 Start=7789942624597 End=7789942651336 Duration=26739
Task=96 Chunk=1 Start=7789942651371 End=7789942651372 Duration=1
Task=96 Chunk=2 Start=7789943310953 End=7789943359751 Duration=48798
Task=97 Chunk=0 Start=7789942676870 End=7789942703521 Duration=26651
Task=97 Chunk=1 Start=7789942703554 End=7789942703558 Duration=4
Task=97 Chunk=2 Start=7789943359756 End=7789943407742 Duration=47986
Task=98 Chunk=0 Start=7789942726257 End=7789942753879 Duration=27622
Task=98 Chunk=1 Start=7789942753908 End=7789942753910 Duration=2
Task=98 Chunk=2 Start=7789943407743 End=7789943456315 Duration=48572
Task=99 Chunk=0 Start=7789942776830 End=7789942803794 Duration=26964
Task=99 Chunk=1 Start=7789942803812 End=7789942803813 Duration=1
Task=99 Chunk=2 Start=7789943456317 End=7789943504055 Duration=47738
### Python End ###

--------------------------------
[2025-06-28 12:17:01.112] [info] Available Vulkan Layers:
[2025-06-28 12:17:01.112] [warning] Validation layer requested but not available, continuing without it...
[2025-06-28 12:17:01.116] [info] Using integrated GPU: Mali-G710
[2025-06-28 12:17:01.119] [info] VulkanDispatcher instance created.
[2025-06-28 12:17:01.246] [info] Total memory used: 40550404 bytes (38.67188 MB)
[2025-06-28 12:17:01.250] [info] Total memory used: 40550404 bytes (38.67188 MB)
[2025-06-28 12:17:01.327] [info] Total memory used: 40550404 bytes (38.67188 MB)
[2025-06-28 12:17:01.331] [info] Total memory used: 40550404 bytes (38.67188 MB)
[2025-06-28 12:17:01.335] [info] Total memory used: 40550404 bytes (38.67188 MB)
[2025-06-28 12:17:01.394] [info] Total memory used: 40550404 bytes (38.67188 MB)
[2025-06-28 12:17:01.398] [info] Total memory used: 40550404 bytes (38.67188 MB)
[2025-06-28 12:17:01.402] [info] Total memory used: 40550404 bytes (38.67188 MB)
[2025-06-28 12:17:01.406] [info] Total memory used: 40550404 bytes (38.67188 MB)
[2025-06-28 12:17:01.410] [info] Total memory used: 40550404 bytes (38.67188 MB)
[2025-06-28 12:17:01.483] [info] Total memory used: 40550404 bytes (38.67188 MB)
[2025-06-28 12:17:01.487] [info] Total memory used: 40550404 bytes (38.67188 MB)
[2025-06-28 12:17:01.491] [info] Total memory used: 40550404 bytes (38.67188 MB)
[2025-06-28 12:17:01.495] [info] Total memory used: 40550404 bytes (38.67188 MB)
[2025-06-28 12:17:01.499] [info] Total memory used: 40550404 bytes (38.67188 MB)
[2025-06-28 12:17:01.503] [info] Total memory used: 40550404 bytes (38.67188 MB)
### Python Begin ###
Schedule_UID=SCH-M2G2B3-G242-1a58
Frequency=24576000 Hz
Task=0 Chunk=0 Start=7789953664677 End=7789953696577 Duration=31900
Task=0 Chunk=1 Start=7789953696589 End=7789953894054 Duration=197465
Task=0 Chunk=2 Start=7789953894117 End=7789954024471 Duration=130354
Task=1 Chunk=0 Start=7789953696589 End=7789953716759 Duration=20170
Task=1 Chunk=1 Start=7789953894079 End=7789954025205 Duration=131126
Task=1 Chunk=2 Start=7789954030372 End=7789954083691 Duration=53319
Task=2 Chunk=0 Start=7789953716767 End=7789953736094 Duration=19327
Task=2 Chunk=1 Start=7789954025207 End=7789954106204 Duration=80997
Task=2 Chunk=2 Start=7789954108834 End=7789954160685 Duration=51851
Task=3 Chunk=0 Start=7789953736095 End=7789953755211 Duration=19116
Task=3 Chunk=1 Start=7789954106206 End=7789954183600 Duration=77394
Task=3 Chunk=2 Start=7789954185778 End=7789954234857 Duration=49079
Task=4 Chunk=0 Start=7789953755212 End=7789953777434 Duration=22222
Task=4 Chunk=1 Start=7789954183600 End=7789954254984 Duration=71384
Task=4 Chunk=2 Start=7789954256354 End=7789954305360 Duration=49006
Task=5 Chunk=0 Start=7789953777441 End=7789953796613 Duration=19172
Task=5 Chunk=1 Start=7789954254985 End=7789954326298 Duration=71313
Task=5 Chunk=2 Start=7789954327744 End=7789954377568 Duration=49824
Task=6 Chunk=0 Start=7789953796614 End=7789953818302 Duration=21688
Task=6 Chunk=1 Start=7789954326299 End=7789954401180 Duration=74881
Task=6 Chunk=2 Start=7789954402806 End=7789954452842 Duration=50036
Task=7 Chunk=0 Start=7789953818307 End=7789953837537 Duration=19230
Task=7 Chunk=1 Start=7789954401180 End=7789954472643 Duration=71463
Task=7 Chunk=2 Start=7789954474230 End=7789954522570 Duration=48340
Task=8 Chunk=0 Start=7789953837537 End=7789953856664 Duration=19127
Task=8 Chunk=1 Start=7789954472644 End=7789954544689 Duration=72045
Task=8 Chunk=2 Start=7789954546241 End=7789954595760 Duration=49519
Task=9 Chunk=0 Start=7789953856666 End=7789953878053 Duration=21387
Task=9 Chunk=1 Start=7789954544689 End=7789954620578 Duration=75889
Task=9 Chunk=2 Start=7789954622329 End=7789954672066 Duration=49737
Task=10 Chunk=0 Start=7789953878058 End=7789953896830 Duration=18772
Task=10 Chunk=1 Start=7789954620578 End=7789954692112 Duration=71534
Task=10 Chunk=2 Start=7789954693704 End=7789954742668 Duration=48964
Task=11 Chunk=0 Start=7789953896831 End=7789953917935 Duration=21104
Task=11 Chunk=1 Start=7789954692113 End=7789954765181 Duration=73068
Task=11 Chunk=2 Start=7789954766739 End=7789954815035 Duration=48296
Task=12 Chunk=0 Start=7789953917938 End=7789953937199 Duration=19261
Task=12 Chunk=1 Start=7789954765182 End=7789954836465 Duration=71283
Task=12 Chunk=2 Start=7789954837847 End=7789954887291 Duration=49444
Task=13 Chunk=0 Start=7789953937201 End=7789953958494 Duration=21293
Task=13 Chunk=1 Start=7789954836465 End=7789954908950 Duration=72485
Task=13 Chunk=2 Start=7789954910601 End=7789954960510 Duration=49909
Task=14 Chunk=0 Start=7789953958504 End=7789953978917 Duration=20413
Task=14 Chunk=1 Start=7789954908951 End=7789954988397 Duration=79446
Task=14 Chunk=2 Start=7789954989854 End=7789955039388 Duration=49534
Task=15 Chunk=0 Start=7789954024499 End=7789954046254 Duration=21755
Task=15 Chunk=1 Start=7789954988398 End=7789955063769 Duration=75371
Task=15 Chunk=2 Start=7789955063785 End=7789955113230 Duration=49445
Task=16 Chunk=0 Start=7789954083708 End=7789954103243 Duration=19535
Task=16 Chunk=1 Start=7789955063777 End=7789955138232 Duration=74455
Task=16 Chunk=2 Start=7789955138251 End=7789955187761 Duration=49510
Task=17 Chunk=0 Start=7789954160699 End=7789954180141 Duration=19442
Task=17 Chunk=1 Start=7789955138242 End=7789955216069 Duration=77827
Task=17 Chunk=2 Start=7789955216085 End=7789955266367 Duration=50282
Task=18 Chunk=0 Start=7789954234871 End=7789954256128 Duration=21257
Task=18 Chunk=1 Start=7789955216081 End=7789955292519 Duration=76438
Task=18 Chunk=2 Start=7789955292534 End=7789955342123 Duration=49589
Task=19 Chunk=0 Start=7789954305371 End=7789954326421 Duration=21050
Task=19 Chunk=1 Start=7789955292520 End=7789955372061 Duration=79541
Task=19 Chunk=2 Start=7789955372082 End=7789955420133 Duration=48051
Task=20 Chunk=0 Start=7789954377581 End=7789954396499 Duration=18918
Task=20 Chunk=1 Start=7789955372077 End=7789955454512 Duration=82435
Task=20 Chunk=2 Start=7789955454526 End=7789955502351 Duration=47825
Task=21 Chunk=0 Start=7789954452854 End=7789954472600 Duration=19746
Task=21 Chunk=1 Start=7789955454524 End=7789955536512 Duration=81988
Task=21 Chunk=2 Start=7789955536530 End=7789955584856 Duration=48326
Task=22 Chunk=0 Start=7789954522589 End=7789954541390 Duration=18801
Task=22 Chunk=1 Start=7789955536524 End=7789955619364 Duration=82840
Task=22 Chunk=2 Start=7789955619380 End=7789955668760 Duration=49380
Task=23 Chunk=0 Start=7789954595791 End=7789954614667 Duration=18876
Task=23 Chunk=1 Start=7789955619378 End=7789955701417 Duration=82039
Task=23 Chunk=2 Start=7789955701437 End=7789955750103 Duration=48666
Task=24 Chunk=0 Start=7789954672086 End=7789954692265 Duration=20179
Task=24 Chunk=1 Start=7789955701427 End=7789955784943 Duration=83516
Task=24 Chunk=2 Start=7789955784971 End=7789955833354 Duration=48383
Task=25 Chunk=0 Start=7789954742678 End=7789954762435 Duration=19757
Task=25 Chunk=1 Start=7789955784961 End=7789955859290 Duration=74329
Task=25 Chunk=2 Start=7789955859317 End=7789955907235 Duration=47918
Task=26 Chunk=0 Start=7789954815052 End=7789954833742 Duration=18690
Task=26 Chunk=1 Start=7789955859315 End=7789955933162 Duration=73847
Task=26 Chunk=2 Start=7789955933177 End=7789955980786 Duration=47609
Task=27 Chunk=0 Start=7789955039497 End=7789955064239 Duration=24742
Task=27 Chunk=1 Start=7789955933167 End=7789956011008 Duration=77841
Task=27 Chunk=2 Start=7789956011021 End=7789956059423 Duration=48402
Task=28 Chunk=0 Start=7789955064244 End=7789955090250 Duration=26006
Task=28 Chunk=1 Start=7789956011009 End=7789956088658 Duration=77649
Task=28 Chunk=2 Start=7789956088663 End=7789956137473 Duration=48810
Task=29 Chunk=0 Start=7789955090251 End=7789955127697 Duration=37446
Task=29 Chunk=1 Start=7789956088659 End=7789956172928 Duration=84269
Task=29 Chunk=2 Start=7789956172946 End=7789956221911 Duration=48965
Task=30 Chunk=0 Start=7789955127698 End=7789955165958 Duration=38260
Task=30 Chunk=1 Start=7789956172942 End=7789956252727 Duration=79785
Task=30 Chunk=2 Start=7789956252746 End=7789956300690 Duration=47944
Task=31 Chunk=0 Start=7789955187809 End=7789955223918 Duration=36109
Task=31 Chunk=1 Start=7789956252737 End=7789956338359 Duration=85622
Task=31 Chunk=2 Start=7789956338378 End=7789956386633 Duration=48255
Task=32 Chunk=0 Start=7789955266405 End=7789955302035 Duration=35630
Task=32 Chunk=1 Start=7789956338374 End=7789956420280 Duration=81906
Task=32 Chunk=2 Start=7789956420305 End=7789956468236 Duration=47931
Task=33 Chunk=0 Start=7789955342182 End=7789955378949 Duration=36767
Task=33 Chunk=1 Start=7789956420296 End=7789956501142 Duration=80846
Task=33 Chunk=2 Start=7789956501154 End=7789956549749 Duration=48595
Task=34 Chunk=0 Start=7789955420157 End=7789955457371 Duration=37214
Task=34 Chunk=1 Start=7789956501154 End=7789956583833 Duration=82679
Task=34 Chunk=2 Start=7789956583851 End=7789956632581 Duration=48730
Task=35 Chunk=0 Start=7789955502405 End=7789955539201 Duration=36796
Task=35 Chunk=1 Start=7789956583851 End=7789956670589 Duration=86738
Task=35 Chunk=2 Start=7789956670617 End=7789956719293 Duration=48676
Task=36 Chunk=0 Start=7789955584866 End=7789955621320 Duration=36454
Task=36 Chunk=1 Start=7789956670611 End=7789956748534 Duration=77923
Task=36 Chunk=2 Start=7789956748554 End=7789956796522 Duration=47968
Task=37 Chunk=0 Start=7789955668835 End=7789955704681 Duration=35846
Task=37 Chunk=1 Start=7789956748555 End=7789956827827 Duration=79272
Task=37 Chunk=2 Start=7789956827841 End=7789956875726 Duration=47885
Task=38 Chunk=0 Start=7789955750174 End=7789955785768 Duration=35594
Task=38 Chunk=1 Start=7789956827839 End=7789956909056 Duration=81217
Task=38 Chunk=2 Start=7789956909081 End=7789956957149 Duration=48068
Task=39 Chunk=0 Start=7789955833367 End=7789955852265 Duration=18898
Task=39 Chunk=1 Start=7789956909073 End=7789956990066 Duration=80993
Task=39 Chunk=2 Start=7789956990093 End=7789957038896 Duration=48803
Task=40 Chunk=0 Start=7789955907241 End=7789955926634 Duration=19393
Task=40 Chunk=1 Start=7789956990085 End=7789957074175 Duration=84090
Task=40 Chunk=2 Start=7789957074197 End=7789957122936 Duration=48739
Task=41 Chunk=0 Start=7789955980799 End=7789955999268 Duration=18469
Task=41 Chunk=1 Start=7789957074196 End=7789957160275 Duration=86079
Task=41 Chunk=2 Start=7789957160295 End=7789957208779 Duration=48484
Task=42 Chunk=0 Start=7789956059435 End=7789956078347 Duration=18912
Task=42 Chunk=1 Start=7789957160294 End=7789957246347 Duration=86053
Task=42 Chunk=2 Start=7789957246366 End=7789957294461 Duration=48095
Task=43 Chunk=0 Start=7789956137488 End=7789956156407 Duration=18919
Task=43 Chunk=1 Start=7789957246360 End=7789957321485 Duration=75125
Task=43 Chunk=2 Start=7789957321508 End=7789957369689 Duration=48181
Task=44 Chunk=0 Start=7789956221930 End=7789956240379 Duration=18449
Task=44 Chunk=1 Start=7789957321501 End=7789957398713 Duration=77212
Task=44 Chunk=2 Start=7789957398725 End=7789957446344 Duration=47619
Task=45 Chunk=0 Start=7789956300706 End=7789956320210 Duration=19504
Task=45 Chunk=1 Start=7789957398721 End=7789957478518 Duration=79797
Task=45 Chunk=2 Start=7789957478539 End=7789957528089 Duration=49550
Task=46 Chunk=0 Start=7789956386653 End=7789956405069 Duration=18416
Task=46 Chunk=1 Start=7789957478532 End=7789957557110 Duration=78578
Task=46 Chunk=2 Start=7789957557124 End=7789957606670 Duration=49546
Task=47 Chunk=0 Start=7789956468255 End=7789956486781 Duration=18526
Task=47 Chunk=1 Start=7789957557124 End=7789957641306 Duration=84182
Task=47 Chunk=2 Start=7789957641333 End=7789957689145 Duration=47812
Task=48 Chunk=0 Start=7789956549763 End=7789956568216 Duration=18453
Task=48 Chunk=1 Start=7789957641326 End=7789957723364 Duration=82038
Task=48 Chunk=2 Start=7789957723384 End=7789957771031 Duration=47647
Task=49 Chunk=0 Start=7789956632594 End=7789956651159 Duration=18565
Task=49 Chunk=1 Start=7789957723383 End=7789957801799 Duration=78416
Task=49 Chunk=2 Start=7789957801813 End=7789957849655 Duration=47842
Task=50 Chunk=0 Start=7789956719305 End=7789956737833 Duration=18528
Task=50 Chunk=1 Start=7789957801815 End=7789957886536 Duration=84721
Task=50 Chunk=2 Start=7789957886547 End=7789957935042 Duration=48495
Task=51 Chunk=0 Start=7789956796539 End=7789956816115 Duration=19576
Task=51 Chunk=1 Start=7789957886547 End=7789957969669 Duration=83122
Task=51 Chunk=2 Start=7789957969687 End=7789958018261 Duration=48574
Task=52 Chunk=0 Start=7789956875734 End=7789956894208 Duration=18474
Task=52 Chunk=1 Start=7789957969680 End=7789958052645 Duration=82965
Task=52 Chunk=2 Start=7789958052665 End=7789958101520 Duration=48855
Task=53 Chunk=0 Start=7789956957163 End=7789956975949 Duration=18786
Task=53 Chunk=1 Start=7789958052660 End=7789958133788 Duration=81128
Task=53 Chunk=2 Start=7789958133811 End=7789958181835 Duration=48024
Task=54 Chunk=0 Start=7789957038902 End=7789957057873 Duration=18971
Task=54 Chunk=1 Start=7789958133807 End=7789958217991 Duration=84184
Task=54 Chunk=2 Start=7789958218011 End=7789958265533 Duration=47522
Task=55 Chunk=0 Start=7789957122948 End=7789957141656 Duration=18708
Task=55 Chunk=1 Start=7789958218007 End=7789958299406 Duration=81399
Task=55 Chunk=2 Start=7789958299427 End=7789958347137 Duration=47710
Task=56 Chunk=0 Start=7789957208795 End=7789957227537 Duration=18742
Task=56 Chunk=1 Start=7789958299427 End=7789958376335 Duration=76908
Task=56 Chunk=2 Start=7789958376347 End=7789958424977 Duration=48630
Task=57 Chunk=0 Start=7789957294475 End=7789957314168 Duration=19693
Task=57 Chunk=1 Start=7789958376345 End=7789958457329 Duration=80984
Task=57 Chunk=2 Start=7789958457361 End=7789958506025 Duration=48664
Task=58 Chunk=0 Start=7789957369707 End=7789957388415 Duration=18708
Task=58 Chunk=1 Start=7789958457358 End=7789958541259 Duration=83901
Task=58 Chunk=2 Start=7789958541280 End=7789958590058 Duration=48778
Task=59 Chunk=0 Start=7789957446367 End=7789957465159 Duration=18792
Task=59 Chunk=1 Start=7789958541272 End=7789958618405 Duration=77133
Task=59 Chunk=2 Start=7789958618427 End=7789958665952 Duration=47525
Task=60 Chunk=0 Start=7789957528102 End=7789957547092 Duration=18990
Task=60 Chunk=1 Start=7789958618421 End=7789958696733 Duration=78312
Task=60 Chunk=2 Start=7789958696739 End=7789958744567 Duration=47828
Task=61 Chunk=0 Start=7789957606686 End=7789957625464 Duration=18778
Task=61 Chunk=1 Start=7789958696740 End=7789958776431 Duration=79691
Task=61 Chunk=2 Start=7789958776440 End=7789958824866 Duration=48426
Task=62 Chunk=0 Start=7789957689155 End=7789957708793 Duration=19638
Task=62 Chunk=1 Start=7789958776438 End=7789958856193 Duration=79755
Task=62 Chunk=2 Start=7789958856205 End=7789958904925 Duration=48720
Task=63 Chunk=0 Start=7789957771039 End=7789957789669 Duration=18630
Task=63 Chunk=1 Start=7789958856200 End=7789958935784 Duration=79584
Task=63 Chunk=2 Start=7789958935805 End=7789958984473 Duration=48668
Task=64 Chunk=0 Start=7789957849681 End=7789957868395 Duration=18714
Task=64 Chunk=1 Start=7789958935799 End=7789959016920 Duration=81121
Task=64 Chunk=2 Start=7789959016951 End=7789959064613 Duration=47662
Task=65 Chunk=0 Start=7789957935054 End=7789957953469 Duration=18415
Task=65 Chunk=1 Start=7789959016945 End=7789959093701 Duration=76756
Task=65 Chunk=2 Start=7789959093716 End=7789959141146 Duration=47430
Task=66 Chunk=0 Start=7789958018275 End=7789958036636 Duration=18361
Task=66 Chunk=1 Start=7789959093716 End=7789959172332 Duration=78616
Task=66 Chunk=2 Start=7789959172347 End=7789959220249 Duration=47902
Task=67 Chunk=0 Start=7789958101532 End=7789958120029 Duration=18497
Task=67 Chunk=1 Start=7789959172349 End=7789959253742 Duration=81393
Task=67 Chunk=2 Start=7789959253761 End=7789959302602 Duration=48841
Task=68 Chunk=0 Start=7789958181860 End=7789958201510 Duration=19650
Task=68 Chunk=1 Start=7789959253757 End=7789959334762 Duration=81005
Task=68 Chunk=2 Start=7789959334787 End=7789959383831 Duration=49044
Task=69 Chunk=0 Start=7789958265550 End=7789958285012 Duration=19462
Task=69 Chunk=1 Start=7789959334780 End=7789959418645 Duration=83865
Task=69 Chunk=2 Start=7789959418665 End=7789959467251 Duration=48586
Task=70 Chunk=0 Start=7789958347150 End=7789958365927 Duration=18777
Task=70 Chunk=1 Start=7789959418659 End=7789959499190 Duration=80531
Task=70 Chunk=2 Start=7789959499213 End=7789959546759 Duration=47546
Task=71 Chunk=0 Start=7789958424983 End=7789958443731 Duration=18748
Task=71 Chunk=1 Start=7789959499208 End=7789959580823 Duration=81615
Task=71 Chunk=2 Start=7789959580849 End=7789959628429 Duration=47580
Task=72 Chunk=0 Start=7789958506043 End=7789958524839 Duration=18796
Task=72 Chunk=1 Start=7789959580847 End=7789959661234 Duration=80387
Task=72 Chunk=2 Start=7789959661244 End=7789959708957 Duration=47713
Task=73 Chunk=0 Start=7789958590079 End=7789958608883 Duration=18804
Task=73 Chunk=1 Start=7789959661246 End=7789959742600 Duration=81354
Task=73 Chunk=2 Start=7789959742626 End=7789959791470 Duration=48844
Task=74 Chunk=0 Start=7789958665967 End=7789958685561 Duration=19594
Task=74 Chunk=1 Start=7789959742620 End=7789959826854 Duration=84234
Task=74 Chunk=2 Start=7789959826876 End=7789959875165 Duration=48289
Task=75 Chunk=0 Start=7789958744579 End=7789958763418 Duration=18839
Task=75 Chunk=1 Start=7789959826871 End=7789959909497 Duration=82626
Task=75 Chunk=2 Start=7789959909518 End=7789959958135 Duration=48617
Task=76 Chunk=0 Start=7789958824885 End=7789958843633 Duration=18748
Task=76 Chunk=1 Start=7789959909516 End=7789959989038 Duration=79522
Task=76 Chunk=2 Start=7789959989053 End=7789960037103 Duration=48050
Task=77 Chunk=0 Start=7789958904944 End=7789958923720 Duration=18776
Task=77 Chunk=1 Start=7789959989053 End=7789960070615 Duration=81562
Task=77 Chunk=2 Start=7789960070635 End=7789960118548 Duration=47913
Task=78 Chunk=0 Start=7789958984490 End=7789959003281 Duration=18791
Task=78 Chunk=1 Start=7789960070635 End=7789960149136 Duration=78501
Task=78 Chunk=2 Start=7789960149157 End=7789960197863 Duration=48706
Task=79 Chunk=0 Start=7789959064622 End=7789959084284 Duration=19662
Task=79 Chunk=1 Start=7789960149150 End=7789960231520 Duration=82370
Task=79 Chunk=2 Start=7789960231540 End=7789960280149 Duration=48609
Task=80 Chunk=0 Start=7789959141152 End=7789959159873 Duration=18721
Task=80 Chunk=1 Start=7789960231535 End=7789960315408 Duration=83873
Task=80 Chunk=2 Start=7789960315431 End=7789960363820 Duration=48389
Task=81 Chunk=0 Start=7789959220272 End=7789959239085 Duration=18813
Task=81 Chunk=1 Start=7789960315423 End=7789960397824 Duration=82401
Task=81 Chunk=2 Start=7789960397841 End=7789960446594 Duration=48753
Task=82 Chunk=0 Start=7789959302615 End=7789959321278 Duration=18663
Task=82 Chunk=1 Start=7789960397836 End=7789960481160 Duration=83324
Task=82 Chunk=2 Start=7789960481178 End=7789960529077 Duration=47899
Task=83 Chunk=0 Start=7789959383849 End=7789959402592 Duration=18743
Task=83 Chunk=1 Start=7789960481175 End=7789960561110 Duration=79935
Task=83 Chunk=2 Start=7789960561121 End=7789960608961 Duration=47840
Task=84 Chunk=0 Start=7789959467259 End=7789959485964 Duration=18705
Task=84 Chunk=1 Start=7789960561121 End=7789960637216 Duration=76095
Task=84 Chunk=2 Start=7789960637232 End=7789960685891 Duration=48659
Task=85 Chunk=0 Start=7789959546767 End=7789959566305 Duration=19538
Task=85 Chunk=1 Start=7789960637231 End=7789960719419 Duration=82188
Task=85 Chunk=2 Start=7789960719436 End=7789960767764 Duration=48328
Task=86 Chunk=0 Start=7789959628444 End=7789959647182 Duration=18738
Task=86 Chunk=1 Start=7789960719431 End=7789960798398 Duration=78967
Task=86 Chunk=2 Start=7789960798412 End=7789960846785 Duration=48373
Task=87 Chunk=0 Start=7789959708966 End=7789959727754 Duration=18788
Task=87 Chunk=1 Start=7789960798412 End=7789960875901 Duration=77489
Task=87 Chunk=2 Start=7789960875924 End=7789960923458 Duration=47534
Task=88 Chunk=0 Start=7789959791481 End=7789959810268 Duration=18787
Task=88 Chunk=1 Start=7789960875919 End=7789960953967 Duration=78048
Task=88 Chunk=2 Start=7789960953982 End=7789961001928 Duration=47946
Task=89 Chunk=0 Start=7789959875174 End=7789959894005 Duration=18831
Task=89 Chunk=1 Start=7789960953980 End=7789961031231 Duration=77251
Task=89 Chunk=2 Start=7789961031258 End=7789961080014 Duration=48756
Task=90 Chunk=0 Start=7789959958142 End=7789959976998 Duration=18856
Task=90 Chunk=1 Start=7789961031249 End=7789961112474 Duration=81225
Task=90 Chunk=2 Start=7789961112488 End=7789961161537 Duration=49049
Task=91 Chunk=0 Start=7789960037113 End=7789960056702 Duration=19589
Task=91 Chunk=1 Start=7789961112487 End=7789961193801 Duration=81314
Task=91 Chunk=2 Start=7789961193818 End=7789961243212 Duration=49394
Task=92 Chunk=0 Start=7789960118550 End=7789960137304 Duration=18754
Task=92 Chunk=1 Start=7789961193811 End=7789961280350 Duration=86539
Task=92 Chunk=2 Start=7789961280365 End=7789961328183 Duration=47818
Task=93 Chunk=0 Start=7789960197871 End=7789960216491 Duration=18620
Task=93 Chunk=1 Start=7789961280365 End=7789961361457 Duration=81092
Task=93 Chunk=2 Start=7789961361472 End=7789961409227 Duration=47755
Task=94 Chunk=0 Start=7789960280161 End=7789960298930 Duration=18769
Task=94 Chunk=1 Start=7789961361473 End=7789961439136 Duration=77663
Task=94 Chunk=2 Start=7789961439150 End=7789961487022 Duration=47872
Task=95 Chunk=0 Start=7789960363825 End=7789960382609 Duration=18784
Task=95 Chunk=1 Start=7789961439149 End=7789961520092 Duration=80943
Task=95 Chunk=2 Start=7789961520108 End=7789961568510 Duration=48402
Task=96 Chunk=0 Start=7789960446609 End=7789960465341 Duration=18732
Task=96 Chunk=1 Start=7789961520105 End=7789961601514 Duration=81409
Task=96 Chunk=2 Start=7789961601537 End=7789961650602 Duration=49065
Task=97 Chunk=0 Start=7789960529082 End=7789960548910 Duration=19828
Task=97 Chunk=1 Start=7789961601535 End=7789961682459 Duration=80924
Task=97 Chunk=2 Start=7789961682474 End=7789961731017 Duration=48543
Task=98 Chunk=0 Start=7789960608980 End=7789960627886 Duration=18906
Task=98 Chunk=1 Start=7789961682476 End=7789961760695 Duration=78219
Task=98 Chunk=2 Start=7789961760721 End=7789961808152 Duration=47431
Task=99 Chunk=0 Start=7789960685901 End=7789960704726 Duration=18825
Task=99 Chunk=1 Start=7789961760712 End=7789961836857 Duration=76145
Task=99 Chunk=2 Start=7789961836876 End=7789961884775 Duration=47899
### Python End ###

--------------------------------
[2025-06-28 12:17:01.860] [info] Available Vulkan Layers:
[2025-06-28 12:17:01.860] [warning] Validation layer requested but not available, continuing without it...
[2025-06-28 12:17:01.863] [info] Using integrated GPU: Mali-G710
[2025-06-28 12:17:01.865] [info] VulkanDispatcher instance created.
[2025-06-28 12:17:01.988] [info] Total memory used: 40550404 bytes (38.67188 MB)
[2025-06-28 12:17:01.992] [info] Total memory used: 40550404 bytes (38.67188 MB)
[2025-06-28 12:17:02.034] [info] Total memory used: 40550404 bytes (38.67188 MB)
[2025-06-28 12:17:02.038] [info] Total memory used: 40550404 bytes (38.67188 MB)
[2025-06-28 12:17:02.042] [info] Total memory used: 40550404 bytes (38.67188 MB)
[2025-06-28 12:17:02.118] [info] Total memory used: 40550404 bytes (38.67188 MB)
[2025-06-28 12:17:02.123] [info] Total memory used: 40550404 bytes (38.67188 MB)
[2025-06-28 12:17:02.127] [info] Total memory used: 40550404 bytes (38.67188 MB)
[2025-06-28 12:17:02.131] [info] Total memory used: 40550404 bytes (38.67188 MB)
[2025-06-28 12:17:02.135] [info] Total memory used: 40550404 bytes (38.67188 MB)
[2025-06-28 12:17:02.190] [info] Total memory used: 40550404 bytes (38.67188 MB)
[2025-06-28 12:17:02.195] [info] Total memory used: 40550404 bytes (38.67188 MB)
[2025-06-28 12:17:02.199] [info] Total memory used: 40550404 bytes (38.67188 MB)
[2025-06-28 12:17:02.204] [info] Total memory used: 40550404 bytes (38.67188 MB)
[2025-06-28 12:17:02.208] [info] Total memory used: 40550404 bytes (38.67188 MB)
[2025-06-28 12:17:02.212] [info] Total memory used: 40550404 bytes (38.67188 MB)
### Python Begin ###
Schedule_UID=SCH-M2G2L2B1-G245-f87a
Frequency=24576000 Hz
Task=0 Chunk=0 Start=7789971500199 End=7789971543562 Duration=43363
Task=0 Chunk=1 Start=7789971543587 End=7789971730215 Duration=186628
Task=0 Chunk=2 Start=7789971730264 End=7789971773507 Duration=43243
Task=0 Chunk=3 Start=7789971773539 End=7789971850685 Duration=77146
Task=1 Chunk=0 Start=7789971543572 End=7789971572780 Duration=29208
Task=1 Chunk=1 Start=7789971730241 End=7789971807296 Duration=77055
Task=1 Chunk=2 Start=7789971807306 End=7789971840640 Duration=33334
Task=1 Chunk=3 Start=7789971850686 End=7789971850962 Duration=276
Task=2 Chunk=0 Start=7789971572785 End=7789971591417 Duration=18632
Task=2 Chunk=1 Start=7789971807301 End=7789971881054 Duration=73753
Task=2 Chunk=2 Start=7789971881073 End=7789971913318 Duration=32245
Task=2 Chunk=3 Start=7789971913358 End=7789971913509 Duration=151
Task=3 Chunk=0 Start=7789971591422 End=7789971609975 Duration=18553
Task=3 Chunk=1 Start=7789971881062 End=7789971956952 Duration=75890
Task=3 Chunk=2 Start=7789971956969 End=7789971988530 Duration=31561
Task=3 Chunk=3 Start=7789971988596 End=7789971988745 Duration=149
Task=4 Chunk=0 Start=7789971609977 End=7789971630198 Duration=20221
Task=4 Chunk=1 Start=7789971956961 End=7789972027894 Duration=70933
Task=4 Chunk=2 Start=7789972027917 End=7789972061025 Duration=33108
Task=4 Chunk=3 Start=7789972061040 End=7789972061174 Duration=134
Task=5 Chunk=0 Start=7789971630204 End=7789971649340 Duration=19136
Task=5 Chunk=1 Start=7789972027899 End=7789972099216 Duration=71317
Task=5 Chunk=2 Start=7789972099242 End=7789972119601 Duration=20359
Task=5 Chunk=3 Start=7789972119615 End=7789972119693 Duration=78
Task=6 Chunk=0 Start=7789971649346 End=7789971671843 Duration=22497
Task=6 Chunk=1 Start=7789972099222 End=7789972169889 Duration=70667
Task=6 Chunk=2 Start=7789972169896 End=7789972186039 Duration=16143
Task=6 Chunk=3 Start=7789972186052 End=7789972186152 Duration=100
Task=7 Chunk=0 Start=7789971671843 End=7789971691177 Duration=19334
Task=7 Chunk=1 Start=7789972169892 End=7789972240537 Duration=70645
Task=7 Chunk=2 Start=7789972240547 End=7789972261376 Duration=20829
Task=7 Chunk=3 Start=7789972261389 End=7789972261450 Duration=61
Task=8 Chunk=0 Start=7789971691178 End=7789971710459 Duration=19281
Task=8 Chunk=1 Start=7789972240538 End=7789972312355 Duration=71817
Task=8 Chunk=2 Start=7789972312366 End=7789972328475 Duration=16109
Task=8 Chunk=3 Start=7789972328488 End=7789972328545 Duration=57
Task=9 Chunk=0 Start=7789971710459 End=7789971731789 Duration=21330
Task=9 Chunk=1 Start=7789972312355 End=7789972382234 Duration=69879
Task=9 Chunk=2 Start=7789972382265 End=7789972405583 Duration=23318
Task=9 Chunk=3 Start=7789972405594 End=7789972405652 Duration=58
Task=10 Chunk=0 Start=7789971731792 End=7789971752764 Duration=20972
Task=10 Chunk=1 Start=7789972382234 End=7789972451502 Duration=69268
Task=10 Chunk=2 Start=7789972451894 End=7789972473815 Duration=21921
Task=10 Chunk=3 Start=7789972473829 End=7789972473888 Duration=59
Task=11 Chunk=0 Start=7789971752765 End=7789971772093 Duration=19328
Task=11 Chunk=1 Start=7789972451503 End=7789972521080 Duration=69577
Task=11 Chunk=2 Start=7789972521103 End=7789972538633 Duration=17530
Task=11 Chunk=3 Start=7789972538652 End=7789972538713 Duration=61
Task=12 Chunk=0 Start=7789971772103 End=7789971792287 Duration=20184
Task=12 Chunk=1 Start=7789972521080 End=7789972590397 Duration=69317
Task=12 Chunk=2 Start=7789972590408 End=7789972607537 Duration=17129
Task=12 Chunk=3 Start=7789972607549 End=7789972607610 Duration=61
Task=13 Chunk=0 Start=7789971792288 End=7789971814663 Duration=22375
Task=13 Chunk=1 Start=7789972590398 End=7789972648840 Duration=58442
Task=13 Chunk=2 Start=7789972648859 End=7789972665010 Duration=16151
Task=13 Chunk=3 Start=7789972665018 End=7789972665075 Duration=57
Task=14 Chunk=0 Start=7789971814665 End=7789971833850 Duration=19185
Task=14 Chunk=1 Start=7789972648841 End=7789972705826 Duration=56985
Task=14 Chunk=2 Start=7789972705831 End=7789972722221 Duration=16390
Task=14 Chunk=3 Start=7789972722230 End=7789972722276 Duration=46
Task=15 Chunk=0 Start=7789971850690 End=7789971869498 Duration=18808
Task=15 Chunk=1 Start=7789972705826 End=7789972762926 Duration=57100
Task=15 Chunk=2 Start=7789972762938 End=7789972779156 Duration=16218
Task=15 Chunk=3 Start=7789972779170 End=7789972779229 Duration=59
Task=16 Chunk=0 Start=7789971869501 End=7789971891227 Duration=21726
Task=16 Chunk=1 Start=7789972762927 End=7789972820252 Duration=57325
Task=16 Chunk=2 Start=7789972820261 End=7789972838050 Duration=17789
Task=16 Chunk=3 Start=7789972838058 End=7789972838117 Duration=59
Task=17 Chunk=0 Start=7789971913515 End=7789971931768 Duration=18253
Task=17 Chunk=1 Start=7789972820253 End=7789972877902 Duration=57649
Task=17 Chunk=2 Start=7789972877935 End=7789972895217 Duration=17282
Task=17 Chunk=3 Start=7789972895229 End=7789972895285 Duration=56
Task=18 Chunk=0 Start=7789971988757 End=7789972007034 Duration=18277
Task=18 Chunk=1 Start=7789972877903 End=7789972936146 Duration=58243
Task=18 Chunk=2 Start=7789972936160 End=7789972952810 Duration=16650
Task=18 Chunk=3 Start=7789972952818 End=7789972952882 Duration=64
Task=19 Chunk=0 Start=7789972061179 End=7789972079417 Duration=18238
Task=19 Chunk=1 Start=7789972936147 End=7789972994617 Duration=58470
Task=19 Chunk=2 Start=7789972994627 End=7789973011311 Duration=16684
Task=19 Chunk=3 Start=7789973011323 End=7789973011378 Duration=55
Task=20 Chunk=0 Start=7789972119696 End=7789972137798 Duration=18102
Task=20 Chunk=1 Start=7789972994617 End=7789973053625 Duration=59008
Task=20 Chunk=2 Start=7789973053636 End=7789973070150 Duration=16514
Task=20 Chunk=3 Start=7789973070163 End=7789973070221 Duration=58
Task=21 Chunk=0 Start=7789972186166 End=7789972204470 Duration=18304
Task=21 Chunk=1 Start=7789973053626 End=7789973109407 Duration=55781
Task=21 Chunk=2 Start=7789973109416 End=7789973125774 Duration=16358
Task=21 Chunk=3 Start=7789973125785 End=7789973126242 Duration=457
Task=22 Chunk=0 Start=7789972261460 End=7789972279694 Duration=18234
Task=22 Chunk=1 Start=7789973109407 End=7789973158402 Duration=48995
Task=22 Chunk=2 Start=7789973158426 End=7789973176785 Duration=18359
Task=22 Chunk=3 Start=7789973176790 End=7789973176843 Duration=53
Task=23 Chunk=0 Start=7789972328557 End=7789972347415 Duration=18858
Task=23 Chunk=1 Start=7789973158416 End=7789973209553 Duration=51137
Task=23 Chunk=2 Start=7789973209567 End=7789973227057 Duration=17490
Task=23 Chunk=3 Start=7789973227074 End=7789973227128 Duration=54
Task=24 Chunk=0 Start=7789972405661 End=7789972423943 Duration=18282
Task=24 Chunk=1 Start=7789973209560 End=7789973260145 Duration=50585
Task=24 Chunk=2 Start=7789973260172 End=7789973278356 Duration=18184
Task=24 Chunk=3 Start=7789973278372 End=7789973278423 Duration=51
Task=25 Chunk=0 Start=7789972473899 End=7789972492104 Duration=18205
Task=25 Chunk=1 Start=7789973260155 End=7789973310435 Duration=50280
Task=25 Chunk=2 Start=7789973310455 End=7789973331777 Duration=21322
Task=25 Chunk=3 Start=7789973331783 End=7789973331841 Duration=58
Task=26 Chunk=0 Start=7789972538718 End=7789972556855 Duration=18137
Task=26 Chunk=1 Start=7789973310444 End=7789973361020 Duration=50576
Task=26 Chunk=2 Start=7789973361038 End=7789973379576 Duration=18538
Task=26 Chunk=3 Start=7789973379584 End=7789973379635 Duration=51
Task=27 Chunk=0 Start=7789972607618 End=7789972625816 Duration=18198
Task=27 Chunk=1 Start=7789973361036 End=7789973411445 Duration=50409
Task=27 Chunk=2 Start=7789973411463 End=7789973431652 Duration=20189
Task=27 Chunk=3 Start=7789973431665 End=7789973431717 Duration=52
Task=28 Chunk=0 Start=7789972665080 End=7789972683293 Duration=18213
Task=28 Chunk=1 Start=7789973411457 End=7789973461794 Duration=50337
Task=28 Chunk=2 Start=7789973461813 End=7789973480191 Duration=18378
Task=28 Chunk=3 Start=7789973480205 End=7789973480259 Duration=54
Task=29 Chunk=0 Start=7789972722286 End=7789972741235 Duration=18949
Task=29 Chunk=1 Start=7789973461799 End=7789973512093 Duration=50294
Task=29 Chunk=2 Start=7789973512107 End=7789973532537 Duration=20430
Task=29 Chunk=3 Start=7789973532546 End=7789973532597 Duration=51
Task=30 Chunk=0 Start=7789972779239 End=7789972797504 Duration=18265
Task=30 Chunk=1 Start=7789973512103 End=7789973562386 Duration=50283
Task=30 Chunk=2 Start=7789973562423 End=7789973582195 Duration=19772
Task=30 Chunk=3 Start=7789973582213 End=7789973582262 Duration=49
Task=31 Chunk=0 Start=7789972838124 End=7789972856522 Duration=18398
Task=31 Chunk=1 Start=7789973562398 End=7789973612931 Duration=50533
Task=31 Chunk=2 Start=7789973613287 End=7789973634094 Duration=20807
Task=31 Chunk=3 Start=7789973634104 End=7789973634157 Duration=53
Task=32 Chunk=0 Start=7789972895293 End=7789972913672 Duration=18379
Task=32 Chunk=1 Start=7789973612931 End=7789973662453 Duration=49522
Task=32 Chunk=2 Start=7789973662490 End=7789973680792 Duration=18302
Task=32 Chunk=3 Start=7789973680805 End=7789973680855 Duration=50
Task=33 Chunk=0 Start=7789972952895 End=7789972971237 Duration=18342
Task=33 Chunk=1 Start=7789973662469 End=7789973713098 Duration=50629
Task=33 Chunk=2 Start=7789973713132 End=7789973731248 Duration=18116
Task=33 Chunk=3 Start=7789973731261 End=7789973731337 Duration=76
Task=34 Chunk=0 Start=7789973011383 End=7789973030485 Duration=19102
Task=34 Chunk=1 Start=7789973713105 End=7789973763273 Duration=50168
Task=34 Chunk=2 Start=7789973763311 End=7789973781046 Duration=17735
Task=34 Chunk=3 Start=7789973781055 End=7789973781115 Duration=60
Task=35 Chunk=0 Start=7789973070233 End=7789973088377 Duration=18144
Task=35 Chunk=1 Start=7789973763283 End=7789973813382 Duration=50099
Task=35 Chunk=2 Start=7789973813415 End=7789973832291 Duration=18876
Task=35 Chunk=3 Start=7789973832305 End=7789973832357 Duration=52
Task=36 Chunk=0 Start=7789973126483 End=7789973144822 Duration=18339
Task=36 Chunk=1 Start=7789973813394 End=7789973864107 Duration=50713
Task=36 Chunk=2 Start=7789973864119 End=7789973880239 Duration=16120
Task=36 Chunk=3 Start=7789973880245 End=7789973880305 Duration=60
Task=37 Chunk=0 Start=7789973176852 End=7789973195110 Duration=18258
Task=37 Chunk=1 Start=7789973864111 End=7789973915477 Duration=51366
Task=37 Chunk=2 Start=7789973915558 End=7789973933118 Duration=17560
Task=37 Chunk=3 Start=7789973933125 End=7789973933175 Duration=50
Task=38 Chunk=0 Start=7789973227137 End=7789973245370 Duration=18233
Task=38 Chunk=1 Start=7789973915489 End=7789974011443 Duration=95954
Task=38 Chunk=2 Start=7789974011678 End=7789974125791 Duration=114113
Task=38 Chunk=3 Start=7789974125799 End=7789974125891 Duration=92
Task=39 Chunk=0 Start=7789973278431 End=7789973296490 Duration=18059
Task=39 Chunk=1 Start=7789974011445 End=7789974060524 Duration=49079
Task=39 Chunk=2 Start=7789974125796 End=7789974142042 Duration=16246
Task=39 Chunk=3 Start=7789974142056 End=7789974142121 Duration=65
Task=40 Chunk=0 Start=7789973331845 End=7789973350145 Duration=18300
Task=40 Chunk=1 Start=7789974060524 End=7789974112699 Duration=52175
Task=40 Chunk=2 Start=7789974142048 End=7789974158304 Duration=16256
Task=40 Chunk=3 Start=7789974158316 End=7789974158377 Duration=61
Task=41 Chunk=0 Start=7789973379640 End=7789973397859 Duration=18219
Task=41 Chunk=1 Start=7789974112709 End=7789974162458 Duration=49749
Task=41 Chunk=2 Start=7789974162479 End=7789974178635 Duration=16156
Task=41 Chunk=3 Start=7789974178646 End=7789974178704 Duration=58
Task=42 Chunk=0 Start=7789973431726 End=7789973449946 Duration=18220
Task=42 Chunk=1 Start=7789974162463 End=7789974211140 Duration=48677
Task=42 Chunk=2 Start=7789974211172 End=7789974228810 Duration=17638
Task=42 Chunk=3 Start=7789974228825 End=7789974228879 Duration=54
Task=43 Chunk=0 Start=7789973480268 End=7789973498406 Duration=18138
Task=43 Chunk=1 Start=7789974211147 End=7789974260289 Duration=49142
Task=43 Chunk=2 Start=7789974260312 End=7789974276815 Duration=16503
Task=43 Chunk=3 Start=7789974276823 End=7789974276885 Duration=62
Task=44 Chunk=0 Start=7789973532601 End=7789973550715 Duration=18114
Task=44 Chunk=1 Start=7789974260290 End=7789974309392 Duration=49102
Task=44 Chunk=2 Start=7789974309410 End=7789974327007 Duration=17597
Task=44 Chunk=3 Start=7789974327013 End=7789974327068 Duration=55
Task=45 Chunk=0 Start=7789973582267 End=7789973600416 Duration=18149
Task=45 Chunk=1 Start=7789974309403 End=7789974358728 Duration=49325
Task=45 Chunk=2 Start=7789974358749 End=7789974376942 Duration=18193
Task=45 Chunk=3 Start=7789974376956 End=7789974377005 Duration=49
Task=46 Chunk=0 Start=7789973634170 End=7789973652448 Duration=18278
Task=46 Chunk=1 Start=7789974358735 End=7789974408945 Duration=50210
Task=46 Chunk=2 Start=7789974408980 End=7789974426830 Duration=17850
Task=46 Chunk=3 Start=7789974426840 End=7789974426894 Duration=54
Task=47 Chunk=0 Start=7789973680859 End=7789973699141 Duration=18282
Task=47 Chunk=1 Start=7789974408954 End=7789974458992 Duration=50038
Task=47 Chunk=2 Start=7789974459022 End=7789974477955 Duration=18933
Task=47 Chunk=3 Start=7789974477970 End=7789974478024 Duration=54
Task=48 Chunk=0 Start=7789973731345 End=7789973749637 Duration=18292
Task=48 Chunk=1 Start=7789974459002 End=7789974509483 Duration=50481
Task=48 Chunk=2 Start=7789974509526 End=7789974528398 Duration=18872
Task=48 Chunk=3 Start=7789974528408 End=7789974528466 Duration=58
Task=49 Chunk=0 Start=7789973781122 End=7789973799162 Duration=18040
Task=49 Chunk=1 Start=7789974509499 End=7789974560469 Duration=50970
Task=49 Chunk=2 Start=7789974560496 End=7789974577693 Duration=17197
Task=49 Chunk=3 Start=7789974577702 End=7789974577762 Duration=60
Task=50 Chunk=0 Start=7789973832365 End=7789973850607 Duration=18242
Task=50 Chunk=1 Start=7789974560477 End=7789974609833 Duration=49356
Task=50 Chunk=2 Start=7789974609850 End=7789974627790 Duration=17940
Task=50 Chunk=3 Start=7789974627797 End=7789974627842 Duration=45
Task=51 Chunk=0 Start=7789973880314 End=7789973898616 Duration=18302
Task=51 Chunk=1 Start=7789974609845 End=7789974660032 Duration=50187
Task=51 Chunk=2 Start=7789974660043 End=7789974676679 Duration=16636
Task=51 Chunk=3 Start=7789974676683 End=7789974676744 Duration=61
Task=52 Chunk=0 Start=7789973933181 End=7789973952038 Duration=18857
Task=52 Chunk=1 Start=7789974660033 End=7789974709228 Duration=49195
Task=52 Chunk=2 Start=7789974709263 End=7789974727137 Duration=17874
Task=52 Chunk=3 Start=7789974727141 End=7789974727196 Duration=55
Task=53 Chunk=0 Start=7789974125896 End=7789974410359 Duration=284463
Task=53 Chunk=1 Start=7789974709235 End=7789974758873 Duration=49638
Task=53 Chunk=2 Start=7789974758905 End=7789974777392 Duration=18487
Task=53 Chunk=3 Start=7789974777411 End=7789974777467 Duration=56
Task=54 Chunk=0 Start=7789974410365 End=7789974428639 Duration=18274
Task=54 Chunk=1 Start=7789974758879 End=7789974808894 Duration=50015
Task=54 Chunk=2 Start=7789974808915 End=7789974826581 Duration=17666
Task=54 Chunk=3 Start=7789974826597 End=7789974826654 Duration=57
Task=55 Chunk=0 Start=7789974428639 End=7789974446785 Duration=18146
Task=55 Chunk=1 Start=7789974808905 End=7789974858399 Duration=49494
Task=55 Chunk=2 Start=7789974858415 End=7789974876944 Duration=18529
Task=55 Chunk=3 Start=7789974876960 End=7789974877009 Duration=49
Task=56 Chunk=0 Start=7789974446786 End=7789974465574 Duration=18788
Task=56 Chunk=1 Start=7789974858408 End=7789974908092 Duration=49684
Task=56 Chunk=2 Start=7789974908118 End=7789974925640 Duration=17522
Task=56 Chunk=3 Start=7789974925646 End=7789974925698 Duration=52
Task=57 Chunk=0 Start=7789974465575 End=7789974483915 Duration=18340
Task=57 Chunk=1 Start=7789974908105 End=7789974957709 Duration=49604
Task=57 Chunk=2 Start=7789974957737 End=7789974976180 Duration=18443
Task=57 Chunk=3 Start=7789974976190 End=7789974976238 Duration=48
Task=58 Chunk=0 Start=7789974483916 End=7789974503120 Duration=19204
Task=58 Chunk=1 Start=7789974957719 End=7789975007652 Duration=49933
Task=58 Chunk=2 Start=7789975007675 End=7789975025267 Duration=17592
Task=58 Chunk=3 Start=7789975025278 End=7789975025334 Duration=56
Task=59 Chunk=0 Start=7789974503121 End=7789974522282 Duration=19161
Task=59 Chunk=1 Start=7789975007663 End=7789975057139 Duration=49476
Task=59 Chunk=2 Start=7789975057182 End=7789975075629 Duration=18447
Task=59 Chunk=3 Start=7789975075633 End=7789975075681 Duration=48
Task=60 Chunk=0 Start=7789974522283 End=7789974540691 Duration=18408
Task=60 Chunk=1 Start=7789975057153 End=7789975106691 Duration=49538
Task=60 Chunk=2 Start=7789975106701 End=7789975125074 Duration=18373
Task=60 Chunk=3 Start=7789975125085 End=7789975125136 Duration=51
Task=61 Chunk=0 Start=7789974540692 End=7789974558740 Duration=18048
Task=61 Chunk=1 Start=7789975106701 End=7789975156340 Duration=49639
Task=61 Chunk=2 Start=7789975156369 End=7789975173032 Duration=16663
Task=61 Chunk=3 Start=7789975173041 End=7789975173092 Duration=51
Task=62 Chunk=0 Start=7789974558740 End=7789974578134 Duration=19394
Task=62 Chunk=1 Start=7789975156341 End=7789975206082 Duration=49741
Task=62 Chunk=2 Start=7789975206101 End=7789975224295 Duration=18194
Task=62 Chunk=3 Start=7789975224303 End=7789975224354 Duration=51
Task=63 Chunk=0 Start=7789974578135 End=7789974596154 Duration=18019
Task=63 Chunk=1 Start=7789975206094 End=7789975255855 Duration=49761
Task=63 Chunk=2 Start=7789975255883 End=7789975274428 Duration=18545
Task=63 Chunk=3 Start=7789975274444 End=7789975274496 Duration=52
Task=64 Chunk=0 Start=7789974596156 End=7789974615652 Duration=19496
Task=64 Chunk=1 Start=7789975255865 End=7789975305345 Duration=49480
Task=64 Chunk=2 Start=7789975305362 End=7789975322958 Duration=17596
Task=64 Chunk=3 Start=7789975322964 End=7789975323015 Duration=51
Task=65 Chunk=0 Start=7789974627853 End=7789974645937 Duration=18084
Task=65 Chunk=1 Start=7789975305355 End=7789975354869 Duration=49514
Task=65 Chunk=2 Start=7789975354905 End=7789975373727 Duration=18822
Task=65 Chunk=3 Start=7789975373744 End=7789975373793 Duration=49
Task=66 Chunk=0 Start=7789974676754 End=7789974694929 Duration=18175
Task=66 Chunk=1 Start=7789975354875 End=7789975404050 Duration=49175
Task=66 Chunk=2 Start=7789975404078 End=7789975421700 Duration=17622
Task=66 Chunk=3 Start=7789975421705 End=7789975421762 Duration=57
Task=67 Chunk=0 Start=7789974727205 End=7789974745470 Duration=18265
Task=67 Chunk=1 Start=7789975404062 End=7789975453789 Duration=49727
Task=67 Chunk=2 Start=7789975453826 End=7789975472241 Duration=18415
Task=67 Chunk=3 Start=7789975472254 End=7789975472303 Duration=49
Task=68 Chunk=0 Start=7789974777470 End=7789974795682 Duration=18212
Task=68 Chunk=1 Start=7789975453802 End=7789975504183 Duration=50381
Task=68 Chunk=2 Start=7789975504213 End=7789975522487 Duration=18274
Task=68 Chunk=3 Start=7789975522498 End=7789975522551 Duration=53
Task=69 Chunk=0 Start=7789974826662 End=7789974845261 Duration=18599
Task=69 Chunk=1 Start=7789975504190 End=7789975553901 Duration=49711
Task=69 Chunk=2 Start=7789975553927 End=7789975569956 Duration=16029
Task=69 Chunk=3 Start=7789975569961 End=7789975570013 Duration=52
Task=70 Chunk=0 Start=7789974877016 End=7789974895164 Duration=18148
Task=70 Chunk=1 Start=7789975553902 End=7789975603328 Duration=49426
Task=70 Chunk=2 Start=7789975603359 End=7789975621125 Duration=17766
Task=70 Chunk=3 Start=7789975621138 End=7789975621193 Duration=55
Task=71 Chunk=0 Start=7789974925709 End=7789974943911 Duration=18202
Task=71 Chunk=1 Start=7789975603341 End=7789975653028 Duration=49687
Task=71 Chunk=2 Start=7789975653048 End=7789975671544 Duration=18496
Task=71 Chunk=3 Start=7789975671555 End=7789975671606 Duration=51
Task=72 Chunk=0 Start=7789974976245 End=7789974995241 Duration=18996
Task=72 Chunk=1 Start=7789975653040 End=7789975702496 Duration=49456
Task=72 Chunk=2 Start=7789975702536 End=7789975720148 Duration=17612
Task=72 Chunk=3 Start=7789975720159 End=7789975720216 Duration=57
Task=73 Chunk=0 Start=7789975025346 End=7789975043529 Duration=18183
Task=73 Chunk=1 Start=7789975702507 End=7789975751637 Duration=49130
Task=73 Chunk=2 Start=7789975751649 End=7789975770425 Duration=18776
Task=73 Chunk=3 Start=7789975770433 End=7789975770482 Duration=49
Task=74 Chunk=0 Start=7789975075688 End=7789975094719 Duration=19031
Task=74 Chunk=1 Start=7789975751646 End=7789975801458 Duration=49812
Task=74 Chunk=2 Start=7789975801487 End=7789975819209 Duration=17722
Task=74 Chunk=3 Start=7789975819216 End=7789975819258 Duration=42
Task=75 Chunk=0 Start=7789975125142 End=7789975143436 Duration=18294
Task=75 Chunk=1 Start=7789975801468 End=7789975850001 Duration=48533
Task=75 Chunk=2 Start=7789975850020 End=7789975867051 Duration=17031
Task=75 Chunk=3 Start=7789975867056 End=7789975867123 Duration=67
Task=76 Chunk=0 Start=7789975173103 End=7789975192234 Duration=19131
Task=76 Chunk=1 Start=7789975850002 End=7789975899019 Duration=49017
Task=76 Chunk=2 Start=7789975899056 End=7789975916779 Duration=17723
Task=76 Chunk=3 Start=7789975916799 End=7789975916854 Duration=55
Task=77 Chunk=0 Start=7789975224358 End=7789975242751 Duration=18393
Task=77 Chunk=1 Start=7789975899030 End=7789975948608 Duration=49578
Task=77 Chunk=2 Start=7789975948620 End=7789975967343 Duration=18723
Task=77 Chunk=3 Start=7789975967347 End=7789975967406 Duration=59
Task=78 Chunk=0 Start=7789975274507 End=7789975293524 Duration=19017
Task=78 Chunk=1 Start=7789975948618 End=7789975998175 Duration=49557
Task=78 Chunk=2 Start=7789975998190 End=7789976015777 Duration=17587
Task=78 Chunk=3 Start=7789976015794 End=7789976015849 Duration=55
Task=79 Chunk=0 Start=7789975323021 End=7789975341226 Duration=18205
Task=79 Chunk=1 Start=7789975998189 End=7789976048188 Duration=49999
Task=79 Chunk=2 Start=7789976048205 End=7789976064828 Duration=16623
Task=79 Chunk=3 Start=7789976064844 End=7789976064900 Duration=56
Task=80 Chunk=0 Start=7789975373800 End=7789975392760 Duration=18960
Task=80 Chunk=1 Start=7789976048190 End=7789976096625 Duration=48435
Task=80 Chunk=2 Start=7789976096640 End=7789976114510 Duration=17870
Task=80 Chunk=3 Start=7789976114526 End=7789976114582 Duration=56
Task=81 Chunk=0 Start=7789975421767 End=7789975439959 Duration=18192
Task=81 Chunk=1 Start=7789976096634 End=7789976147272 Duration=50638
Task=81 Chunk=2 Start=7789976147297 End=7789976163416 Duration=16119
Task=81 Chunk=3 Start=7789976163430 End=7789976163483 Duration=53
Task=82 Chunk=0 Start=7789975472312 End=7789975491239 Duration=18927
Task=82 Chunk=1 Start=7789976147272 End=7789976196866 Duration=49594
Task=82 Chunk=2 Start=7789976196881 End=7789976214543 Duration=17662
Task=82 Chunk=3 Start=7789976214557 End=7789976214610 Duration=53
Task=83 Chunk=0 Start=7789975522562 End=7789975540854 Duration=18292
Task=83 Chunk=1 Start=7789976196879 End=7789976245896 Duration=49017
Task=83 Chunk=2 Start=7789976249012 End=7789976265230 Duration=16218
Task=83 Chunk=3 Start=7789976265238 End=7789976265304 Duration=66
Task=84 Chunk=0 Start=7789975570018 End=7789975588853 Duration=18835
Task=84 Chunk=1 Start=7789976245901 End=7789976295879 Duration=49978
Task=84 Chunk=2 Start=7789976295915 End=7789976313519 Duration=17604
Task=84 Chunk=3 Start=7789976313531 End=7789976313596 Duration=65
Task=85 Chunk=0 Start=7789975621201 End=7789975639394 Duration=18193
Task=85 Chunk=1 Start=7789976295891 End=7789976344698 Duration=48807
Task=85 Chunk=2 Start=7789976344732 End=7789976363011 Duration=18279
Task=85 Chunk=3 Start=7789976363021 End=7789976363066 Duration=45
Task=86 Chunk=0 Start=7789975671613 End=7789975690463 Duration=18850
Task=86 Chunk=1 Start=7789976344704 End=7789976396885 Duration=52181
Task=86 Chunk=2 Start=7789976396921 End=7789976413113 Duration=16192
Task=86 Chunk=3 Start=7789976413130 End=7789976413190 Duration=60
Task=87 Chunk=0 Start=7789975720223 End=7789975738498 Duration=18275
Task=87 Chunk=1 Start=7789976396891 End=7789976444754 Duration=47863
Task=87 Chunk=2 Start=7789976444780 End=7789976460863 Duration=16083
Task=87 Chunk=3 Start=7789976460871 End=7789976460933 Duration=62
Task=88 Chunk=0 Start=7789975770489 End=7789975789347 Duration=18858
Task=88 Chunk=1 Start=7789976444756 End=7789976492574 Duration=47818
Task=88 Chunk=2 Start=7789976492603 End=7789976508746 Duration=16143
Task=88 Chunk=3 Start=7789976508759 End=7789976508812 Duration=53
Task=89 Chunk=0 Start=7789975819269 End=7789975837378 Duration=18109
Task=89 Chunk=1 Start=7789976492578 End=7789976540522 Duration=47944
Task=89 Chunk=2 Start=7789976540555 End=7789976556590 Duration=16035
Task=89 Chunk=3 Start=7789976556597 End=7789976556650 Duration=53
Task=90 Chunk=0 Start=7789975867131 End=7789975886213 Duration=19082
Task=90 Chunk=1 Start=7789976540525 End=7789976588276 Duration=47751
Task=90 Chunk=2 Start=7789976588308 End=7789976604559 Duration=16251
Task=90 Chunk=3 Start=7789976604572 End=7789976604630 Duration=58
Task=91 Chunk=0 Start=7789975916864 End=7789975935136 Duration=18272
Task=91 Chunk=1 Start=7789976588282 End=7789976635778 Duration=47496
Task=91 Chunk=2 Start=7789976635813 End=7789976652383 Duration=16570
Task=91 Chunk=3 Start=7789976652390 End=7789976652442 Duration=52
Task=92 Chunk=0 Start=7789975967417 End=7789975986717 Duration=19300
Task=92 Chunk=1 Start=7789976635782 End=7789976683468 Duration=47686
Task=92 Chunk=2 Start=7789976683476 End=7789976699978 Duration=16502
Task=92 Chunk=3 Start=7789976699983 End=7789976700038 Duration=55
Task=93 Chunk=0 Start=7789976015860 End=7789976034283 Duration=18423
Task=93 Chunk=1 Start=7789976683471 End=7789976731056 Duration=47585
Task=93 Chunk=2 Start=7789976731075 End=7789976747204 Duration=16129
Task=93 Chunk=3 Start=7789976747210 End=7789976747262 Duration=52
Task=94 Chunk=0 Start=7789976064908 End=7789976083835 Duration=18927
Task=94 Chunk=1 Start=7789976731060 End=7789976778373 Duration=47313
Task=94 Chunk=2 Start=7789976778392 End=7789976794537 Duration=16145
Task=94 Chunk=3 Start=7789976794545 End=7789976794603 Duration=58
Task=95 Chunk=0 Start=7789976114587 End=7789976132761 Duration=18174
Task=95 Chunk=1 Start=7789976778379 End=7789976825633 Duration=47254
Task=95 Chunk=2 Start=7789976825648 End=7789976842047 Duration=16399
Task=95 Chunk=3 Start=7789976842054 End=7789976842105 Duration=51
Task=96 Chunk=0 Start=7789976163492 End=7789976182505 Duration=19013
Task=96 Chunk=1 Start=7789976825635 End=7789976963091 Duration=137456
Task=96 Chunk=2 Start=7789976963113 End=7789976979735 Duration=16622
Task=96 Chunk=3 Start=7789976979739 End=7789976979811 Duration=72
Task=97 Chunk=0 Start=7789976214621 End=7789976232732 Duration=18111
Task=97 Chunk=1 Start=7789976963093 End=7789977012791 Duration=49698
Task=97 Chunk=2 Start=7789977012825 End=7789977029734 Duration=16909
Task=97 Chunk=3 Start=7789977029744 End=7789977029793 Duration=49
Task=98 Chunk=0 Start=7789976265316 End=7789976284412 Duration=19096
Task=98 Chunk=1 Start=7789977012796 End=7789977059438 Duration=46642
Task=98 Chunk=2 Start=7789977059470 End=7789977075903 Duration=16433
Task=98 Chunk=3 Start=7789977075916 End=7789977075972 Duration=56
Task=99 Chunk=0 Start=7789976313600 End=7789976331827 Duration=18227
Task=99 Chunk=1 Start=7789977059443 End=7789977101972 Duration=42529
Task=99 Chunk=2 Start=7789977101991 End=7789977118570 Duration=16579
Task=99 Chunk=3 Start=7789977118581 End=7789977118636 Duration=55
### Python End ###

--------------------------------
[2025-06-28 12:17:02.541] [info] Available Vulkan Layers:
[2025-06-28 12:17:02.541] [warning] Validation layer requested but not available, continuing without it...
[2025-06-28 12:17:02.545] [info] Using integrated GPU: Mali-G710
[2025-06-28 12:17:02.548] [info] VulkanDispatcher instance created.
[2025-06-28 12:17:02.676] [info] Total memory used: 40550404 bytes (38.67188 MB)
[2025-06-28 12:17:02.680] [info] Total memory used: 40550404 bytes (38.67188 MB)
[2025-06-28 12:17:02.722] [info] Total memory used: 40550404 bytes (38.67188 MB)
[2025-06-28 12:17:02.726] [info] Total memory used: 40550404 bytes (38.67188 MB)
[2025-06-28 12:17:02.730] [info] Total memory used: 40550404 bytes (38.67188 MB)
[2025-06-28 12:17:02.804] [info] Total memory used: 40550404 bytes (38.67188 MB)
[2025-06-28 12:17:02.808] [info] Total memory used: 40550404 bytes (38.67188 MB)
[2025-06-28 12:17:02.813] [info] Total memory used: 40550404 bytes (38.67188 MB)
[2025-06-28 12:17:02.817] [info] Total memory used: 40550404 bytes (38.67188 MB)
[2025-06-28 12:17:02.821] [info] Total memory used: 40550404 bytes (38.67188 MB)
[2025-06-28 12:17:02.877] [info] Total memory used: 40550404 bytes (38.67188 MB)
[2025-06-28 12:17:02.881] [info] Total memory used: 40550404 bytes (38.67188 MB)
[2025-06-28 12:17:02.885] [info] Total memory used: 40550404 bytes (38.67188 MB)
[2025-06-28 12:17:02.890] [info] Total memory used: 40550404 bytes (38.67188 MB)
[2025-06-28 12:17:02.894] [info] Total memory used: 40550404 bytes (38.67188 MB)
[2025-06-28 12:17:02.899] [info] Total memory used: 40550404 bytes (38.67188 MB)
### Python Begin ###
Schedule_UID=SCH-B2L1G1M3-G254-56be
Frequency=24576000 Hz
Task=0 Chunk=0 Start=7789988128704 End=7789988206624 Duration=77920
Task=0 Chunk=1 Start=7789988206671 End=7789988272914 Duration=66243
Task=0 Chunk=2 Start=7789988273414 End=7789988273429 Duration=15
Task=0 Chunk=3 Start=7789988278202 End=7789988343318 Duration=65116
Task=1 Chunk=0 Start=7789988206626 End=7789988244854 Duration=38228
Task=1 Chunk=1 Start=7789988272924 End=7789988273224 Duration=300
Task=1 Chunk=2 Start=7789988273434 End=7789988273436 Duration=2
Task=1 Chunk=3 Start=7789988343320 End=7789988401421 Duration=58101
Task=2 Chunk=0 Start=7789988244855 End=7789988284820 Duration=39965
Task=2 Chunk=1 Start=7789988284993 End=7789988285219 Duration=226
Task=2 Chunk=2 Start=7789988285368 End=7789988285370 Duration=2
Task=2 Chunk=3 Start=7789988401422 End=7789988454592 Duration=53170
Task=3 Chunk=0 Start=7789988284822 End=7789988324001 Duration=39179
Task=3 Chunk=1 Start=7789988324009 End=7789988324455 Duration=446
Task=3 Chunk=2 Start=7789988324581 End=7789988324583 Duration=2
Task=3 Chunk=3 Start=7789988454595 End=7789988506518 Duration=51923
Task=4 Chunk=0 Start=7789988324003 End=7789988366280 Duration=42277
Task=4 Chunk=1 Start=7789988366367 End=7789988366878 Duration=511
Task=4 Chunk=2 Start=7789988367010 End=7789988367012 Duration=2
Task=4 Chunk=3 Start=7789988506518 End=7789988555468 Duration=48950
Task=5 Chunk=0 Start=7789988366281 End=7789988406113 Duration=39832
Task=5 Chunk=1 Start=7789988406316 End=7789988406496 Duration=180
Task=5 Chunk=2 Start=7789988406667 End=7789988406669 Duration=2
Task=5 Chunk=3 Start=7789988555469 End=7789988605944 Duration=50475
Task=6 Chunk=0 Start=7789988406113 End=7789988446978 Duration=40865
Task=6 Chunk=1 Start=7789988447047 End=7789988447495 Duration=448
Task=6 Chunk=2 Start=7789988447631 End=7789988447632 Duration=1
Task=6 Chunk=3 Start=7789988605946 End=7789988654881 Duration=48935
Task=7 Chunk=0 Start=7789988446979 End=7789988552772 Duration=105793
Task=7 Chunk=1 Start=7789988552800 End=7789988553140 Duration=340
Task=7 Chunk=2 Start=7789988558915 End=7789988558940 Duration=25
Task=7 Chunk=3 Start=7789988654895 End=7789988705300 Duration=50405
Task=8 Chunk=0 Start=7789988552787 End=7789988580154 Duration=27367
Task=8 Chunk=1 Start=7789988580175 End=7789988580838 Duration=663
Task=8 Chunk=2 Start=7789988580851 End=7789988580889 Duration=38
Task=8 Chunk=3 Start=7789988705301 End=7789988755206 Duration=49905
Task=9 Chunk=0 Start=7789988580155 End=7789988606962 Duration=26807
Task=9 Chunk=1 Start=7789988606980 End=7789988607440 Duration=460
Task=9 Chunk=2 Start=7789988607468 End=7789988607469 Duration=1
Task=9 Chunk=3 Start=7789988755207 End=7789988807150 Duration=51943
Task=10 Chunk=0 Start=7789988606962 End=7789988647161 Duration=40199
Task=10 Chunk=1 Start=7789988647853 End=7789988648393 Duration=540
Task=10 Chunk=2 Start=7789988648427 End=7789988648428 Duration=1
Task=10 Chunk=3 Start=7789988807150 End=7789988856886 Duration=49736
Task=11 Chunk=0 Start=7789988647162 End=7789988673843 Duration=26681
Task=11 Chunk=1 Start=7789988673870 End=7789988674305 Duration=435
Task=11 Chunk=2 Start=7789988674313 End=7789988674314 Duration=1
Task=11 Chunk=3 Start=7789988856886 End=7789988906656 Duration=49770
Task=12 Chunk=0 Start=7789988673843 End=7789988694621 Duration=20778
Task=12 Chunk=1 Start=7789988694643 End=7789988695034 Duration=391
Task=12 Chunk=2 Start=7789988695056 End=7789988695057 Duration=1
Task=12 Chunk=3 Start=7789988906658 End=7789988956506 Duration=49848
Task=13 Chunk=0 Start=7789988694622 End=7789988714820 Duration=20198
Task=13 Chunk=1 Start=7789988714826 End=7789988715285 Duration=459
Task=13 Chunk=2 Start=7789988715299 End=7789988715300 Duration=1
Task=13 Chunk=3 Start=7789988956506 End=7789989005066 Duration=48560
Task=14 Chunk=0 Start=7789988714820 End=7789988735012 Duration=20192
Task=14 Chunk=1 Start=7789988735027 End=7789988735390 Duration=363
Task=14 Chunk=2 Start=7789988735400 End=7789988735401 Duration=1
Task=14 Chunk=3 Start=7789989005066 End=7789989055387 Duration=50321
Task=15 Chunk=0 Start=7789988735013 End=7789988755699 Duration=20686
Task=15 Chunk=1 Start=7789988755719 End=7789988756100 Duration=381
Task=15 Chunk=2 Start=7789988756116 End=7789988756117 Duration=1
Task=15 Chunk=3 Start=7789989055388 End=7789989104841 Duration=49453
Task=16 Chunk=0 Start=7789988755702 End=7789988781484 Duration=25782
Task=16 Chunk=1 Start=7789988781504 End=7789988781957 Duration=453
Task=16 Chunk=2 Start=7789988781970 End=7789988781972 Duration=2
Task=16 Chunk=3 Start=7789989104842 End=7789989155529 Duration=50687
Task=17 Chunk=0 Start=7789988781485 End=7789988801752 Duration=20267
Task=17 Chunk=1 Start=7789988801784 End=7789988802147 Duration=363
Task=17 Chunk=2 Start=7789988802162 End=7789988802163 Duration=1
Task=17 Chunk=3 Start=7789989155530 End=7789989204473 Duration=48943
Task=18 Chunk=0 Start=7789988801753 End=7789988821627 Duration=19874
Task=18 Chunk=1 Start=7789988821657 End=7789988822039 Duration=382
Task=18 Chunk=2 Start=7789988822051 End=7789988822052 Duration=1
Task=18 Chunk=3 Start=7789989204473 End=7789989254650 Duration=50177
Task=19 Chunk=0 Start=7789988821628 End=7789988841697 Duration=20069
Task=19 Chunk=1 Start=7789988841724 End=7789988842125 Duration=401
Task=19 Chunk=2 Start=7789988842150 End=7789988842151 Duration=1
Task=19 Chunk=3 Start=7789989254650 End=7789989303706 Duration=49056
Task=20 Chunk=0 Start=7789988841697 End=7789988865586 Duration=23889
Task=20 Chunk=1 Start=7789988865598 End=7789988866106 Duration=508
Task=20 Chunk=2 Start=7789988866133 End=7789988866134 Duration=1
Task=20 Chunk=3 Start=7789989303715 End=7789989353356 Duration=49641
Task=21 Chunk=0 Start=7789988865587 End=7789988885600 Duration=20013
Task=21 Chunk=1 Start=7789988885622 End=7789988886040 Duration=418
Task=21 Chunk=2 Start=7789988886049 End=7789988886050 Duration=1
Task=21 Chunk=3 Start=7789989353357 End=7789989402134 Duration=48777
Task=22 Chunk=0 Start=7789988885600 End=7789988905548 Duration=19948
Task=22 Chunk=1 Start=7789988905587 End=7789988905965 Duration=378
Task=22 Chunk=2 Start=7789988905979 End=7789988905980 Duration=1
Task=22 Chunk=3 Start=7789989402134 End=7789989451681 Duration=49547
Task=23 Chunk=0 Start=7789988905549 End=7789988926484 Duration=20935
Task=23 Chunk=1 Start=7789988926500 End=7789988927038 Duration=538
Task=23 Chunk=2 Start=7789988927066 End=7789988927067 Duration=1
Task=23 Chunk=3 Start=7789989451681 End=7789989500463 Duration=48782
Task=24 Chunk=0 Start=7789988926484 End=7789988946706 Duration=20222
Task=24 Chunk=1 Start=7789988946735 End=7789988947158 Duration=423
Task=24 Chunk=2 Start=7789988947164 End=7789988947165 Duration=1
Task=24 Chunk=3 Start=7789989500464 End=7789989550385 Duration=49921
Task=25 Chunk=0 Start=7789988946706 End=7789988967649 Duration=20943
Task=25 Chunk=1 Start=7789988967680 End=7789988968111 Duration=431
Task=25 Chunk=2 Start=7789988968119 End=7789988968129 Duration=10
Task=25 Chunk=3 Start=7789989550395 End=7789989599222 Duration=48827
Task=26 Chunk=0 Start=7789988967650 End=7789988987846 Duration=20196
Task=26 Chunk=1 Start=7789988987878 End=7789988988238 Duration=360
Task=26 Chunk=2 Start=7789988988256 End=7789988988257 Duration=1
Task=26 Chunk=3 Start=7789989599233 End=7789989651255 Duration=52022
Task=27 Chunk=0 Start=7789988987847 End=7789989009357 Duration=21510
Task=27 Chunk=1 Start=7789989009372 End=7789989009789 Duration=417
Task=27 Chunk=2 Start=7789989009798 End=7789989009799 Duration=1
Task=27 Chunk=3 Start=7789989651256 End=7789989700270 Duration=49014
Task=28 Chunk=0 Start=7789989009357 End=7789989029281 Duration=19924
Task=28 Chunk=1 Start=7789989029305 End=7789989029714 Duration=409
Task=28 Chunk=2 Start=7789989029745 End=7789989029746 Duration=1
Task=28 Chunk=3 Start=7789989700272 End=7789989749967 Duration=49695
Task=29 Chunk=0 Start=7789989055535 End=7789989077331 Duration=21796
Task=29 Chunk=1 Start=7789989077362 End=7789989077863 Duration=501
Task=29 Chunk=2 Start=7789989077885 End=7789989077902 Duration=17
Task=29 Chunk=3 Start=7789989749968 End=7789989798788 Duration=48820
Task=30 Chunk=0 Start=7789989104919 End=7789989141673 Duration=36754
Task=30 Chunk=1 Start=7789989141714 End=7789989142113 Duration=399
Task=30 Chunk=2 Start=7789989142179 End=7789989142197 Duration=18
Task=30 Chunk=3 Start=7789989798791 End=7789989848844 Duration=50053
Task=31 Chunk=0 Start=7789989155616 End=7789989197047 Duration=41431
Task=31 Chunk=1 Start=7789989197071 End=7789989197732 Duration=661
Task=31 Chunk=2 Start=7789989197745 End=7789989197767 Duration=22
Task=31 Chunk=3 Start=7789989848856 End=7789989898179 Duration=49323
Task=32 Chunk=0 Start=7789989204521 End=7789989224779 Duration=20258
Task=32 Chunk=1 Start=7789989224804 End=7789989225189 Duration=385
Task=32 Chunk=2 Start=7789989225457 End=7789989225468 Duration=11
Task=32 Chunk=3 Start=7789989898180 End=7789989948362 Duration=50182
Task=33 Chunk=0 Start=7789989254751 End=7789989295627 Duration=40876
Task=33 Chunk=1 Start=7789989295645 End=7789989296135 Duration=490
Task=33 Chunk=2 Start=7789989296200 End=7789989296216 Duration=16
Task=33 Chunk=3 Start=7789989948362 End=7789989997626 Duration=49264
Task=34 Chunk=0 Start=7789989303725 End=7789989344066 Duration=40341
Task=34 Chunk=1 Start=7789989344094 End=7789989344554 Duration=460
Task=34 Chunk=2 Start=7789989344601 End=7789989344611 Duration=10
Task=34 Chunk=3 Start=7789989997626 End=7789990047215 Duration=49589
Task=35 Chunk=0 Start=7789989353383 End=7789989373749 Duration=20366
Task=35 Chunk=1 Start=7789989373780 End=7789989374280 Duration=500
Task=35 Chunk=2 Start=7789989374294 End=7789989374298 Duration=4
Task=35 Chunk=3 Start=7789990047217 End=7789990095712 Duration=48495
Task=36 Chunk=0 Start=7789989402168 End=7789989428728 Duration=26560
Task=36 Chunk=1 Start=7789989428745 End=7789989429112 Duration=367
Task=36 Chunk=3 Start=7789990095713 End=7789990145450 Duration=49737
Task=37 Chunk=0 Start=7789989451754 End=7789989491845 Duration=40091
Task=37 Chunk=1 Start=7789989491883 End=7789989492437 Duration=554
Task=37 Chunk=2 Start=7789989492452 End=7789989492466 Duration=14
Task=37 Chunk=3 Start=7789990145451 End=7789990194003 Duration=48552
Task=38 Chunk=0 Start=7789989500557 End=7789989541476 Duration=40919
Task=38 Chunk=1 Start=7789989541487 End=7789989541936 Duration=449
Task=38 Chunk=2 Start=7789989541990 End=7789989541997 Duration=7
Task=38 Chunk=3 Start=7789990194006 End=7789990243945 Duration=49939
Task=39 Chunk=0 Start=7789989550402 End=7789989591014 Duration=40612
Task=39 Chunk=1 Start=7789989591050 End=7789989591572 Duration=522
Task=39 Chunk=2 Start=7789989591636 End=7789989591652 Duration=16
Task=39 Chunk=3 Start=7789990243945 End=7789990293327 Duration=49382
Task=40 Chunk=0 Start=7789989599281 End=7789989639643 Duration=40362
Task=40 Chunk=1 Start=7789989639662 End=7789989640104 Duration=442
Task=40 Chunk=2 Start=7789989640160 End=7789989640185 Duration=25
Task=40 Chunk=3 Start=7789990293333 End=7789990343364 Duration=50031
Task=41 Chunk=0 Start=7789989651281 End=7789989671609 Duration=20328
Task=41 Chunk=1 Start=7789989671628 End=7789989672079 Duration=451
Task=41 Chunk=2 Start=7789989672109 End=7789989672147 Duration=38
Task=41 Chunk=3 Start=7789990343364 End=7789990392865 Duration=49501
Task=42 Chunk=0 Start=7789989700279 End=7789989720531 Duration=20252
Task=42 Chunk=1 Start=7789989720548 End=7789989720902 Duration=354
Task=42 Chunk=2 Start=7789989720923 End=7789989720924 Duration=1
Task=42 Chunk=3 Start=7789990392865 End=7789990442924 Duration=50059
Task=43 Chunk=0 Start=7789989749977 End=7789989770336 Duration=20359
Task=43 Chunk=1 Start=7789989770360 End=7789989770904 Duration=544
Task=43 Chunk=2 Start=7789989770922 End=7789989770926 Duration=4
Task=43 Chunk=3 Start=7789990442925 End=7789990491951 Duration=49026
Task=44 Chunk=0 Start=7789989798809 End=7789989819035 Duration=20226
Task=44 Chunk=1 Start=7789989819073 End=7789989819549 Duration=476
Task=44 Chunk=2 Start=7789989819584 End=7789989819585 Duration=1
Task=44 Chunk=3 Start=7789990491952 End=7789990541978 Duration=50026
Task=45 Chunk=0 Start=7789989848872 End=7789989869361 Duration=20489
Task=45 Chunk=1 Start=7789989869388 End=7789989869886 Duration=498
Task=45 Chunk=2 Start=7789989869907 End=7789989869911 Duration=4
Task=45 Chunk=3 Start=7789990541978 End=7789990592036 Duration=50058
Task=46 Chunk=0 Start=7789989898194 End=7789989918415 Duration=20221
Task=46 Chunk=1 Start=7789989918427 End=7789989918820 Duration=393
Task=46 Chunk=2 Start=7789989918836 End=7789989918841 Duration=5
Task=46 Chunk=3 Start=7789990592036 End=7789990641538 Duration=49502
Task=47 Chunk=0 Start=7789989948377 End=7789989968948 Duration=20571
Task=47 Chunk=1 Start=7789989968967 End=7789989969462 Duration=495
Task=47 Chunk=2 Start=7789989969470 End=7789989969481 Duration=11
Task=47 Chunk=3 Start=7789990641538 End=7789990689549 Duration=48011
Task=48 Chunk=0 Start=7789989997643 End=7789990017932 Duration=20289
Task=48 Chunk=1 Start=7789990017964 End=7789990018363 Duration=399
Task=48 Chunk=2 Start=7789990018386 End=7789990018387 Duration=1
Task=48 Chunk=3 Start=7789990689550 End=7789990739866 Duration=50316
Task=49 Chunk=0 Start=7789990047230 End=7789990067562 Duration=20332
Task=49 Chunk=1 Start=7789990067598 End=7789990068173 Duration=575
Task=49 Chunk=2 Start=7789990068195 End=7789990068196 Duration=1
Task=49 Chunk=3 Start=7789990739868 End=7789990788224 Duration=48356
Task=50 Chunk=0 Start=7789990095740 End=7789990115956 Duration=20216
Task=50 Chunk=1 Start=7789990115984 End=7789990116474 Duration=490
Task=50 Chunk=2 Start=7789990116491 End=7789990116492 Duration=1
Task=50 Chunk=3 Start=7789990788226 End=7789990837882 Duration=49656
Task=51 Chunk=0 Start=7789990145470 End=7789990165795 Duration=20325
Task=51 Chunk=1 Start=7789990165820 End=7789990166403 Duration=583
Task=51 Chunk=2 Start=7789990166428 End=7789990166431 Duration=3
Task=51 Chunk=3 Start=7789990837883 End=7789990886833 Duration=48950
Task=52 Chunk=0 Start=7789990194025 End=7789990214202 Duration=20177
Task=52 Chunk=1 Start=7789990214212 End=7789990214622 Duration=410
Task=52 Chunk=2 Start=7789990214640 End=7789990214641 Duration=1
Task=52 Chunk=3 Start=7789990886836 End=7789990936510 Duration=49674
Task=53 Chunk=0 Start=7789990243974 End=7789990264464 Duration=20490
Task=53 Chunk=1 Start=7789990264503 End=7789990265060 Duration=557
Task=53 Chunk=2 Start=7789990265083 End=7789990265086 Duration=3
Task=53 Chunk=3 Start=7789990936511 End=7789990985752 Duration=49241
Task=54 Chunk=0 Start=7789990293345 End=7789990313793 Duration=20448
Task=54 Chunk=1 Start=7789990313832 End=7789990314289 Duration=457
Task=54 Chunk=2 Start=7789990314315 End=7789990314316 Duration=1
Task=54 Chunk=3 Start=7789990985755 End=7789991035745 Duration=49990
Task=55 Chunk=0 Start=7789990343386 End=7789990363666 Duration=20280
Task=55 Chunk=1 Start=7789990363707 End=7789990364193 Duration=486
Task=55 Chunk=2 Start=7789990364209 End=7789990364216 Duration=7
Task=55 Chunk=3 Start=7789991035745 End=7789991084928 Duration=49183
Task=56 Chunk=0 Start=7789990392878 End=7789990413436 Duration=20558
Task=56 Chunk=1 Start=7789990413447 End=7789990413867 Duration=420
Task=56 Chunk=2 Start=7789990413901 End=7789990413902 Duration=1
Task=56 Chunk=3 Start=7789991084928 End=7789991135713 Duration=50785
Task=57 Chunk=0 Start=7789990442937 End=7789990463174 Duration=20237
Task=57 Chunk=1 Start=7789990463200 End=7789990463741 Duration=541
Task=57 Chunk=2 Start=7789990463774 End=7789990463776 Duration=2
Task=57 Chunk=3 Start=7789991135713 End=7789991184177 Duration=48464
Task=58 Chunk=0 Start=7789990491974 End=7789990512140 Duration=20166
Task=58 Chunk=1 Start=7789990512148 End=7789990512547 Duration=399
Task=58 Chunk=2 Start=7789990512580 End=7789990512581 Duration=1
Task=58 Chunk=3 Start=7789991184178 End=7789991233668 Duration=49490
Task=59 Chunk=0 Start=7789990541999 End=7789990562658 Duration=20659
Task=59 Chunk=1 Start=7789990562697 End=7789990563308 Duration=611
Task=59 Chunk=2 Start=7789990563332 End=7789990563333 Duration=1
Task=59 Chunk=3 Start=7789991233674 End=7789991282604 Duration=48930
Task=60 Chunk=0 Start=7789990686647 End=7789990707562 Duration=20915
Task=60 Chunk=1 Start=7789990707581 End=7789990708430 Duration=849
Task=60 Chunk=2 Start=7789990708457 End=7789990708475 Duration=18
Task=60 Chunk=3 Start=7789991282611 End=7789991332707 Duration=50096
Task=61 Chunk=0 Start=7789990707564 End=7789990728586 Duration=21022
Task=61 Chunk=1 Start=7789990728608 End=7789990729142 Duration=534
Task=61 Chunk=2 Start=7789990729171 End=7789990729180 Duration=9
Task=61 Chunk=3 Start=7789991332707 End=7789991382581 Duration=49874
Task=62 Chunk=0 Start=7789990728587 End=7789990748722 Duration=20135
Task=62 Chunk=1 Start=7789990748727 End=7789990749214 Duration=487
Task=62 Chunk=2 Start=7789990749247 End=7789990749248 Duration=1
Task=62 Chunk=3 Start=7789991382581 End=7789991433010 Duration=50429
Task=63 Chunk=0 Start=7789990748722 End=7789990768722 Duration=20000
Task=63 Chunk=1 Start=7789990768730 End=7789990769173 Duration=443
Task=63 Chunk=2 Start=7789990769183 End=7789990769184 Duration=1
Task=63 Chunk=3 Start=7789991433010 End=7789991482015 Duration=49005
Task=64 Chunk=0 Start=7789990788233 End=7789990808301 Duration=20068
Task=64 Chunk=1 Start=7789990808322 End=7789990808763 Duration=441
Task=64 Chunk=2 Start=7789990808791 End=7789990808792 Duration=1
Task=64 Chunk=3 Start=7789991482015 End=7789991532140 Duration=50125
Task=65 Chunk=0 Start=7789990837897 End=7789990858177 Duration=20280
Task=65 Chunk=1 Start=7789990858195 End=7789990858790 Duration=595
Task=65 Chunk=2 Start=7789990858818 End=7789990858819 Duration=1
Task=65 Chunk=3 Start=7789991532141 End=7789991581164 Duration=49023
Task=66 Chunk=0 Start=7789990886850 End=7789990907142 Duration=20292
Task=66 Chunk=1 Start=7789990907167 End=7789990907531 Duration=364
Task=66 Chunk=2 Start=7789990907563 End=7789990907565 Duration=2
Task=66 Chunk=3 Start=7789991581164 End=7789991630883 Duration=49719
Task=67 Chunk=0 Start=7789990936527 End=7789990956997 Duration=20470
Task=67 Chunk=1 Start=7789990957024 End=7789990957499 Duration=475
Task=67 Chunk=2 Start=7789990957527 End=7789990957528 Duration=1
Task=67 Chunk=3 Start=7789991630884 End=7789991679308 Duration=48424
Task=68 Chunk=0 Start=7789990985763 End=7789991006039 Duration=20276
Task=68 Chunk=1 Start=7789991006065 End=7789991006494 Duration=429
Task=68 Chunk=2 Start=7789991006513 End=7789991006514 Duration=1
Task=68 Chunk=3 Start=7789991679309 End=7789991729729 Duration=50420
Task=69 Chunk=0 Start=7789991035751 End=7789991055996 Duration=20245
Task=69 Chunk=1 Start=7789991056020 End=7789991056561 Duration=541
Task=69 Chunk=2 Start=7789991056567 End=7789991056568 Duration=1
Task=69 Chunk=3 Start=7789991729730 End=7789991778648 Duration=48918
Task=70 Chunk=0 Start=7789991084941 End=7789991105052 Duration=20111
Task=70 Chunk=1 Start=7789991105067 End=7789991105492 Duration=425
Task=70 Chunk=2 Start=7789991105523 End=7789991105524 Duration=1
Task=70 Chunk=3 Start=7789991778662 End=7789991828536 Duration=49874
Task=71 Chunk=0 Start=7789991135731 End=7789991156170 Duration=20439
Task=71 Chunk=1 Start=7789991156199 End=7789991156722 Duration=523
Task=71 Chunk=2 Start=7789991156756 End=7789991156757 Duration=1
Task=71 Chunk=3 Start=7789991828537 End=7789991877910 Duration=49373
Task=72 Chunk=0 Start=7789991184193 End=7789991204341 Duration=20148
Task=72 Chunk=1 Start=7789991204358 End=7789991204715 Duration=357
Task=72 Chunk=2 Start=7789991204724 End=7789991204725 Duration=1
Task=72 Chunk=3 Start=7789991877911 End=7789991928228 Duration=50317
Task=73 Chunk=0 Start=7789991233692 End=7789991253964 Duration=20272
Task=73 Chunk=1 Start=7789991253978 End=7789991254380 Duration=402
Task=73 Chunk=2 Start=7789991254388 End=7789991254392 Duration=4
Task=73 Chunk=3 Start=7789991928229 End=7789991977191 Duration=48962
Task=74 Chunk=0 Start=7789991282624 End=7789991302899 Duration=20275
Task=74 Chunk=1 Start=7789991302907 End=7789991303284 Duration=377
Task=74 Chunk=2 Start=7789991303295 End=7789991303296 Duration=1
Task=74 Chunk=3 Start=7789991977192 End=7789992027049 Duration=49857
Task=75 Chunk=0 Start=7789991332716 End=7789991353084 Duration=20368
Task=75 Chunk=1 Start=7789991353121 End=7789991353604 Duration=483
Task=75 Chunk=2 Start=7789991353639 End=7789991353644 Duration=5
Task=75 Chunk=3 Start=7789992027050 End=7789992076071 Duration=49021
Task=76 Chunk=0 Start=7789991382594 End=7789991402960 Duration=20366
Task=76 Chunk=1 Start=7789991402971 End=7789991403411 Duration=440
Task=76 Chunk=2 Start=7789991403445 End=7789991403446 Duration=1
Task=76 Chunk=3 Start=7789992076075 End=7789992126653 Duration=50578
Task=77 Chunk=0 Start=7789991433023 End=7789991453476 Duration=20453
Task=77 Chunk=1 Start=7789991453492 End=7789991453992 Duration=500
Task=77 Chunk=2 Start=7789991454024 End=7789991454029 Duration=5
Task=77 Chunk=3 Start=7789992126654 End=7789992175912 Duration=49258
Task=78 Chunk=0 Start=7789991482028 End=7789991502280 Duration=20252
Task=78 Chunk=1 Start=7789991502309 End=7789991502703 Duration=394
Task=78 Chunk=2 Start=7789991502728 End=7789991502729 Duration=1
Task=78 Chunk=3 Start=7789992175913 End=7789992226761 Duration=50848
Task=79 Chunk=0 Start=7789991532147 End=7789991552507 Duration=20360
Task=79 Chunk=1 Start=7789991552543 End=7789991553183 Duration=640
Task=79 Chunk=2 Start=7789991553210 End=7789991553211 Duration=1
Task=79 Chunk=3 Start=7789992226762 End=7789992275872 Duration=49110
Task=80 Chunk=0 Start=7789991581178 End=7789991601401 Duration=20223
Task=80 Chunk=1 Start=7789991601415 End=7789991601831 Duration=416
Task=80 Chunk=2 Start=7789991601844 End=7789991601845 Duration=1
Task=80 Chunk=3 Start=7789992275872 End=7789992325723 Duration=49851
Task=81 Chunk=0 Start=7789991630901 End=7789991652221 Duration=21320
Task=81 Chunk=1 Start=7789991652255 End=7789991652847 Duration=592
Task=81 Chunk=2 Start=7789991652884 End=7789991652887 Duration=3
Task=81 Chunk=3 Start=7789992325739 End=7789992374480 Duration=48741
Task=82 Chunk=0 Start=7789991679321 End=7789991699507 Duration=20186
Task=82 Chunk=1 Start=7789991699543 End=7789991699959 Duration=416
Task=82 Chunk=2 Start=7789991699979 End=7789991699980 Duration=1
Task=82 Chunk=3 Start=7789992374482 End=7789992424428 Duration=49946
Task=83 Chunk=0 Start=7789991729743 End=7789991749963 Duration=20220
Task=83 Chunk=1 Start=7789991750007 End=7789991750472 Duration=465
Task=83 Chunk=2 Start=7789991750489 End=7789991750490 Duration=1
Task=83 Chunk=3 Start=7789992424438 End=7789992473180 Duration=48742
Task=84 Chunk=0 Start=7789991778682 End=7789991799259 Duration=20577
Task=84 Chunk=1 Start=7789991799283 End=7789991799762 Duration=479
Task=84 Chunk=2 Start=7789991799775 End=7789991799777 Duration=2
Task=84 Chunk=3 Start=7789992473186 End=7789992523429 Duration=50243
Task=85 Chunk=0 Start=7789991828557 End=7789991848803 Duration=20246
Task=85 Chunk=1 Start=7789991848825 End=7789991849344 Duration=519
Task=85 Chunk=2 Start=7789991849362 End=7789991849367 Duration=5
Task=85 Chunk=3 Start=7789992523430 End=7789992572637 Duration=49207
Task=86 Chunk=0 Start=7789991877928 End=7789991898198 Duration=20270
Task=86 Chunk=1 Start=7789991898230 End=7789991898676 Duration=446
Task=86 Chunk=2 Start=7789991898685 End=7789991898687 Duration=2
Task=86 Chunk=3 Start=7789992572638 End=7789992621515 Duration=48877
Task=87 Chunk=0 Start=7789991928248 End=7789991948535 Duration=20287
Task=87 Chunk=1 Start=7789991948559 End=7789991949203 Duration=644
Task=87 Chunk=2 Start=7789991949225 End=7789991949226 Duration=1
Task=87 Chunk=3 Start=7789992621531 End=7789992668803 Duration=47272
Task=88 Chunk=0 Start=7789991977213 End=7789991997385 Duration=20172
Task=88 Chunk=1 Start=7789991997400 End=7789991997796 Duration=396
Task=88 Chunk=2 Start=7789991997826 End=7789991997827 Duration=1
Task=88 Chunk=3 Start=7789992668804 End=7789992717292 Duration=48488
Task=89 Chunk=0 Start=7789992027065 End=7789992047621 Duration=20556
Task=89 Chunk=1 Start=7789992047628 End=7789992048125 Duration=497
Task=89 Chunk=2 Start=7789992048161 End=7789992048162 Duration=1
Task=89 Chunk=3 Start=7789992717306 End=7789992764787 Duration=47481
Task=90 Chunk=0 Start=7789992076087 End=7789992096331 Duration=20244
Task=90 Chunk=1 Start=7789992096340 End=7789992096792 Duration=452
Task=90 Chunk=2 Start=7789992096806 End=7789992096808 Duration=2
Task=90 Chunk=3 Start=7789992764787 End=7789992813316 Duration=48529
Task=91 Chunk=0 Start=7789992126677 End=7789992147110 Duration=20433
Task=91 Chunk=1 Start=7789992147145 End=7789992147796 Duration=651
Task=91 Chunk=2 Start=7789992147814 End=7789992147823 Duration=9
Task=91 Chunk=3 Start=7789992813325 End=7789992861971 Duration=48646
Task=92 Chunk=0 Start=7789992175924 End=7789992196253 Duration=20329
Task=92 Chunk=1 Start=7789992196267 End=7789992196788 Duration=521
Task=92 Chunk=2 Start=7789992196800 End=7789992196801 Duration=1
Task=92 Chunk=3 Start=7789992861979 End=7789992910629 Duration=48650
Task=93 Chunk=0 Start=7789992226782 End=7789992247089 Duration=20307
Task=93 Chunk=1 Start=7789992247102 End=7789992247694 Duration=592
Task=93 Chunk=2 Start=7789992247720 End=7789992247727 Duration=7
Task=93 Chunk=3 Start=7789992910633 End=7789992958483 Duration=47850
Task=94 Chunk=0 Start=7789992275891 End=7789992297715 Duration=21824
Task=94 Chunk=1 Start=7789992297750 End=7789992298247 Duration=497
Task=94 Chunk=2 Start=7789992298253 End=7789992298254 Duration=1
Task=94 Chunk=3 Start=7789992958484 End=7789993006876 Duration=48392
Task=95 Chunk=0 Start=7789992325747 End=7789992346211 Duration=20464
Task=95 Chunk=1 Start=7789992346238 End=7789992346756 Duration=518
Task=95 Chunk=2 Start=7789992346787 End=7789992346788 Duration=1
Task=95 Chunk=3 Start=7789993006877 End=7789993054324 Duration=47447
Task=96 Chunk=0 Start=7789992374499 End=7789992395870 Duration=21371
Task=96 Chunk=1 Start=7789992395889 End=7789992396491 Duration=602
Task=96 Chunk=2 Start=7789992396528 End=7789992396529 Duration=1
Task=96 Chunk=3 Start=7789993054324 End=7789993102591 Duration=48267
Task=97 Chunk=0 Start=7789992424453 End=7789992444743 Duration=20290
Task=97 Chunk=1 Start=7789992444760 End=7789992445272 Duration=512
Task=97 Chunk=2 Start=7789992445303 End=7789992445305 Duration=2
Task=97 Chunk=3 Start=7789993102591 End=7789993149956 Duration=47365
Task=98 Chunk=0 Start=7789992473198 End=7789992495197 Duration=21999
Task=98 Chunk=1 Start=7789992495233 End=7789992495735 Duration=502
Task=98 Chunk=2 Start=7789992495752 End=7789992495756 Duration=4
Task=98 Chunk=3 Start=7789993149961 End=7789993198586 Duration=48625
Task=99 Chunk=0 Start=7789992523446 End=7789992543770 Duration=20324
Task=99 Chunk=1 Start=7789992543792 End=7789992544252 Duration=460
Task=99 Chunk=2 Start=7789992544288 End=7789992544289 Duration=1
Task=99 Chunk=3 Start=7789993198587 End=7789993246381 Duration=47794
### Python End ###

--------------------------------
[2025-06-28 12:17:03.134] [info] Available Vulkan Layers:
[2025-06-28 12:17:03.134] [warning] Validation layer requested but not available, continuing without it...
[2025-06-28 12:17:03.136] [info] Using integrated GPU: Mali-G710
[2025-06-28 12:17:03.139] [info] VulkanDispatcher instance created.
[2025-06-28 12:17:03.333] [info] Total memory used: 40550404 bytes (38.67188 MB)
[2025-06-28 12:17:03.337] [info] Total memory used: 40550404 bytes (38.67188 MB)
[2025-06-28 12:17:03.363] [info] Total memory used: 40550404 bytes (38.67188 MB)
[2025-06-28 12:17:03.367] [info] Total memory used: 40550404 bytes (38.67188 MB)
[2025-06-28 12:17:03.372] [info] Total memory used: 40550404 bytes (38.67188 MB)
[2025-06-28 12:17:03.471] [info] Total memory used: 40550404 bytes (38.67188 MB)
[2025-06-28 12:17:03.477] [info] Total memory used: 40550404 bytes (38.67188 MB)
[2025-06-28 12:17:03.481] [info] Total memory used: 40550404 bytes (38.67188 MB)
[2025-06-28 12:17:03.485] [info] Total memory used: 40550404 bytes (38.67188 MB)
[2025-06-28 12:17:03.489] [info] Total memory used: 40550404 bytes (38.67188 MB)
[2025-06-28 12:17:03.547] [info] Total memory used: 40550404 bytes (38.67188 MB)
[2025-06-28 12:17:03.551] [info] Total memory used: 40550404 bytes (38.67188 MB)
[2025-06-28 12:17:03.555] [info] Total memory used: 40550404 bytes (38.67188 MB)
[2025-06-28 12:17:03.559] [info] Total memory used: 40550404 bytes (38.67188 MB)
[2025-06-28 12:17:03.564] [info] Total memory used: 40550404 bytes (38.67188 MB)
[2025-06-28 12:17:03.568] [info] Total memory used: 40550404 bytes (38.67188 MB)
### Python Begin ###
Schedule_UID=SCH-L2G2B3-G255-4e76
Frequency=24576000 Hz
Task=0 Chunk=0 Start=7790004757684 End=7790004921378 Duration=163694
Task=0 Chunk=1 Start=7790004921390 End=7790005094735 Duration=173345
Task=0 Chunk=2 Start=7790005094760 End=7790005233088 Duration=138328
Task=1 Chunk=0 Start=7790004921392 End=7790005027035 Duration=105643
Task=1 Chunk=1 Start=7790005094749 End=7790005180844 Duration=86095
Task=1 Chunk=2 Start=7790005233123 End=7790005290147 Duration=57024
Task=2 Chunk=0 Start=7790005027046 End=7790005121068 Duration=94022
Task=2 Chunk=1 Start=7790005180848 End=7790005267075 Duration=86227
Task=2 Chunk=2 Start=7790005290147 End=7790005341080 Duration=50933
Task=3 Chunk=0 Start=7790005121087 End=7790005200370 Duration=79283
Task=3 Chunk=1 Start=7790005267124 End=7790005353798 Duration=86674
Task=3 Chunk=2 Start=7790005353827 End=7790005406595 Duration=52768
Task=4 Chunk=0 Start=7790005200388 End=7790005283187 Duration=82799
Task=4 Chunk=1 Start=7790005353819 End=7790005435942 Duration=82123
Task=4 Chunk=2 Start=7790005435971 End=7790005489096 Duration=53125
Task=5 Chunk=0 Start=7790005283210 End=7790005362473 Duration=79263
Task=5 Chunk=1 Start=7790005435969 End=7790005516299 Duration=80330
Task=5 Chunk=2 Start=7790005516323 End=7790005577398 Duration=61075
Task=6 Chunk=0 Start=7790005362482 End=7790005443925 Duration=81443
Task=6 Chunk=1 Start=7790005516326 End=7790005598727 Duration=82401
Task=6 Chunk=2 Start=7790005598774 End=7790005649556 Duration=50782
Task=7 Chunk=0 Start=7790005443935 End=7790005526315 Duration=82380
Task=7 Chunk=1 Start=7790005598767 End=7790005677334 Duration=78567
Task=7 Chunk=2 Start=7790005677362 End=7790005727322 Duration=49960
Task=8 Chunk=0 Start=7790005526322 End=7790005607498 Duration=81176
Task=8 Chunk=1 Start=7790005677362 End=7790005767538 Duration=90176
Task=8 Chunk=2 Start=7790005767571 End=7790005817523 Duration=49952
Task=9 Chunk=0 Start=7790005607506 End=7790005687053 Duration=79547
Task=9 Chunk=1 Start=7790005767563 End=7790005857115 Duration=89552
Task=9 Chunk=2 Start=7790005857141 End=7790005909162 Duration=52021
Task=10 Chunk=0 Start=7790005687059 End=7790005748920 Duration=61861
Task=10 Chunk=1 Start=7790005857141 End=7790005951300 Duration=94159
Task=10 Chunk=2 Start=7790005951349 End=7790006001644 Duration=50295
Task=11 Chunk=0 Start=7790005748926 End=7790005815097 Duration=66171
Task=11 Chunk=1 Start=7790005951311 End=7790006051209 Duration=99898
Task=11 Chunk=2 Start=7790006051263 End=7790006101909 Duration=50646
Task=12 Chunk=0 Start=7790005815146 End=7790005878903 Duration=63757
Task=12 Chunk=1 Start=7790006051256 End=7790006143246 Duration=91990
Task=12 Chunk=2 Start=7790006143279 End=7790006193879 Duration=50600
Task=13 Chunk=0 Start=7790005878915 End=7790005940486 Duration=61571
Task=13 Chunk=1 Start=7790006143273 End=7790006224367 Duration=81094
Task=13 Chunk=2 Start=7790006224388 End=7790006274832 Duration=50444
Task=14 Chunk=0 Start=7790005940501 End=7790006004677 Duration=64176
Task=14 Chunk=1 Start=7790006224389 End=7790006305550 Duration=81161
Task=14 Chunk=2 Start=7790006305578 End=7790006357229 Duration=51651
Task=15 Chunk=0 Start=7790006004686 End=7790006067765 Duration=63079
Task=15 Chunk=1 Start=7790006305573 End=7790006384994 Duration=79421
Task=15 Chunk=2 Start=7790006385022 End=7790006433538 Duration=48516
Task=16 Chunk=0 Start=7790006067781 End=7790006129843 Duration=62062
Task=16 Chunk=1 Start=7790006385020 End=7790006459355 Duration=74335
Task=16 Chunk=2 Start=7790006459385 End=7790006507767 Duration=48382
Task=17 Chunk=0 Start=7790006129853 End=7790006192312 Duration=62459
Task=17 Chunk=1 Start=7790006459385 End=7790006533439 Duration=74054
Task=17 Chunk=2 Start=7790006533455 End=7790006582690 Duration=49235
Task=18 Chunk=0 Start=7790006192337 End=7790006253824 Duration=61487
Task=18 Chunk=1 Start=7790006533451 End=7790006614302 Duration=80851
Task=18 Chunk=2 Start=7790006614337 End=7790006663950 Duration=49613
Task=19 Chunk=0 Start=7790006253860 End=7790006317432 Duration=63572
Task=19 Chunk=1 Start=7790006614330 End=7790006695676 Duration=81346
Task=19 Chunk=2 Start=7790006695699 End=7790006743657 Duration=47958
Task=20 Chunk=0 Start=7790006317449 End=7790006381322 Duration=63873
Task=20 Chunk=1 Start=7790006695699 End=7790006776908 Duration=81209
Task=20 Chunk=2 Start=7790006776935 End=7790006825026 Duration=48091
Task=21 Chunk=0 Start=7790006381336 End=7790006441808 Duration=60472
Task=21 Chunk=1 Start=7790006776934 End=7790006853529 Duration=76595
Task=21 Chunk=2 Start=7790006853551 End=7790006901748 Duration=48197
Task=22 Chunk=0 Start=7790006441819 End=7790006504567 Duration=62748
Task=22 Chunk=1 Start=7790006853546 End=7790006930054 Duration=76508
Task=22 Chunk=2 Start=7790006930083 End=7790006979663 Duration=49580
Task=23 Chunk=0 Start=7790006504582 End=7790006567446 Duration=62864
Task=23 Chunk=1 Start=7790006930083 End=7790007005968 Duration=75885
Task=23 Chunk=2 Start=7790007005984 End=7790007055077 Duration=49093
Task=24 Chunk=0 Start=7790006567463 End=7790006628646 Duration=61183
Task=24 Chunk=1 Start=7790007005972 End=7790007079345 Duration=73373
Task=24 Chunk=2 Start=7790007079373 End=7790007128718 Duration=49345
Task=25 Chunk=0 Start=7790006628663 End=7790006690783 Duration=62120
Task=25 Chunk=1 Start=7790007079360 End=7790007152271 Duration=72911
Task=25 Chunk=2 Start=7790007152289 End=7790007201080 Duration=48791
Task=26 Chunk=0 Start=7790006690792 End=7790006752891 Duration=62099
Task=26 Chunk=1 Start=7790007152275 End=7790007245324 Duration=93049
Task=26 Chunk=2 Start=7790007245344 End=7790007295135 Duration=49791
Task=27 Chunk=0 Start=7790006752898 End=7790006813117 Duration=60219
Task=27 Chunk=1 Start=7790007245334 End=7790007317945 Duration=72611
Task=27 Chunk=2 Start=7790007317974 End=7790007367752 Duration=49778
Task=28 Chunk=0 Start=7790006813142 End=7790006877266 Duration=64124
Task=28 Chunk=1 Start=7790007317965 End=7790007399658 Duration=81693
Task=28 Chunk=2 Start=7790007399691 End=7790007448884 Duration=49193
Task=29 Chunk=0 Start=7790006877284 End=7790006938025 Duration=60741
Task=29 Chunk=1 Start=7790007399689 End=7790007476559 Duration=76870
Task=29 Chunk=2 Start=7790007476581 End=7790007524865 Duration=48284
Task=30 Chunk=0 Start=7790006938033 End=7790007000732 Duration=62699
Task=30 Chunk=1 Start=7790007476569 End=7790007551793 Duration=75224
Task=30 Chunk=2 Start=7790007551810 End=7790007600264 Duration=48454
Task=31 Chunk=0 Start=7790007000742 End=7790007064895 Duration=64153
Task=31 Chunk=1 Start=7790007551808 End=7790007625769 Duration=73961
Task=31 Chunk=2 Start=7790007625787 End=7790007675170 Duration=49383
Task=32 Chunk=0 Start=7790007064921 End=7790007128475 Duration=63554
Task=32 Chunk=1 Start=7790007625786 End=7790007698711 Duration=72925
Task=32 Chunk=2 Start=7790007698721 End=7790007747842 Duration=49121
Task=33 Chunk=0 Start=7790007128496 End=7790007190457 Duration=61961
Task=33 Chunk=1 Start=7790007698720 End=7790007780745 Duration=82025
Task=33 Chunk=2 Start=7790007780791 End=7790007830533 Duration=49742
Task=34 Chunk=0 Start=7790007190478 End=7790007252867 Duration=62389
Task=34 Chunk=1 Start=7790007780785 End=7790007857211 Duration=76426
Task=34 Chunk=2 Start=7790007857236 End=7790007905162 Duration=47926
Task=35 Chunk=0 Start=7790007252876 End=7790007313291 Duration=60415
Task=35 Chunk=1 Start=7790007857236 End=7790007932854 Duration=75618
Task=35 Chunk=2 Start=7790007932872 End=7790007981090 Duration=48218
Task=36 Chunk=0 Start=7790007313319 End=7790007378799 Duration=65480
Task=36 Chunk=1 Start=7790007932871 End=7790008006912 Duration=74041
Task=36 Chunk=2 Start=7790008006925 End=7790008056018 Duration=49093
Task=37 Chunk=0 Start=7790007378814 End=7790007444914 Duration=66100
Task=37 Chunk=1 Start=7790008006925 End=7790008080526 Duration=73601
Task=37 Chunk=2 Start=7790008080538 End=7790008129629 Duration=49091
Task=38 Chunk=0 Start=7790007444954 End=7790007507284 Duration=62330
Task=38 Chunk=1 Start=7790008080530 End=7790008156005 Duration=75475
Task=38 Chunk=2 Start=7790008156022 End=7790008204264 Duration=48242
Task=39 Chunk=0 Start=7790007507299 End=7790007570537 Duration=63238
Task=39 Chunk=1 Start=7790008156023 End=7790008231459 Duration=75436
Task=39 Chunk=2 Start=7790008231472 End=7790008280790 Duration=49318
Task=40 Chunk=0 Start=7790007570564 End=7790007632347 Duration=61783
Task=40 Chunk=1 Start=7790008231466 End=7790008305964 Duration=74498
Task=40 Chunk=2 Start=7790008305972 End=7790008355151 Duration=49179
Task=41 Chunk=0 Start=7790007632356 End=7790007693300 Duration=60944
Task=41 Chunk=1 Start=7790008305973 End=7790008380830 Duration=74857
Task=41 Chunk=2 Start=7790008380853 End=7790008430527 Duration=49674
Task=42 Chunk=0 Start=7790007693307 End=7790007757388 Duration=64081
Task=42 Chunk=1 Start=7790008380842 End=7790008454978 Duration=74136
Task=42 Chunk=2 Start=7790008455000 End=7790008503178 Duration=48178
Task=43 Chunk=0 Start=7790007757395 End=7790007819264 Duration=61869
Task=43 Chunk=1 Start=7790008454995 End=7790008529558 Duration=74563
Task=43 Chunk=2 Start=7790008529577 End=7790008577761 Duration=48184
Task=44 Chunk=0 Start=7790007819301 End=7790007894389 Duration=75088
Task=44 Chunk=1 Start=7790008529569 End=7790008603933 Duration=74364
Task=44 Chunk=2 Start=7790008603949 End=7790008653051 Duration=49102
Task=45 Chunk=0 Start=7790007894405 End=7790007959125 Duration=64720
Task=45 Chunk=1 Start=7790008603942 End=7790008679689 Duration=75747
Task=45 Chunk=2 Start=7790008679714 End=7790008729190 Duration=49476
Task=46 Chunk=0 Start=7790007959150 End=7790008020300 Duration=61150
Task=46 Chunk=1 Start=7790008679703 End=7790008753669 Duration=73966
Task=46 Chunk=2 Start=7790008753688 End=7790008801472 Duration=47784
Task=47 Chunk=0 Start=7790008020314 End=7790008084170 Duration=63856
Task=47 Chunk=1 Start=7790008753679 End=7790008826765 Duration=73086
Task=47 Chunk=2 Start=7790008826775 End=7790008874871 Duration=48096
Task=48 Chunk=0 Start=7790008084181 End=7790008149432 Duration=65251
Task=48 Chunk=1 Start=7790008826772 End=7790008900519 Duration=73747
Task=48 Chunk=2 Start=7790008900540 End=7790008949329 Duration=48789
Task=49 Chunk=0 Start=7790008149440 End=7790008210706 Duration=61266
Task=49 Chunk=1 Start=7790008900522 End=7790008975985 Duration=75463
Task=49 Chunk=2 Start=7790008976002 End=7790009025193 Duration=49191
Task=50 Chunk=0 Start=7790008210718 End=7790008272740 Duration=62022
Task=50 Chunk=1 Start=7790008975991 End=7790009059182 Duration=83191
Task=50 Chunk=2 Start=7790009059211 End=7790009107996 Duration=48785
Task=51 Chunk=0 Start=7790008272778 End=7790008335948 Duration=63170
Task=51 Chunk=1 Start=7790009059208 End=7790009135217 Duration=76009
Task=51 Chunk=2 Start=7790009135236 End=7790009183595 Duration=48359
Task=52 Chunk=0 Start=7790008335975 End=7790008397308 Duration=61333
Task=52 Chunk=1 Start=7790009135233 End=7790009211301 Duration=76068
Task=52 Chunk=2 Start=7790009211317 End=7790009259737 Duration=48420
Task=53 Chunk=0 Start=7790008397324 End=7790008461581 Duration=64257
Task=53 Chunk=1 Start=7790009211317 End=7790009286674 Duration=75357
Task=53 Chunk=2 Start=7790009286688 End=7790009335913 Duration=49225
Task=54 Chunk=0 Start=7790008461599 End=7790008523764 Duration=62165
Task=54 Chunk=1 Start=7790009286683 End=7790009370890 Duration=84207
Task=54 Chunk=2 Start=7790009370924 End=7790009421036 Duration=50112
Task=55 Chunk=0 Start=7790008523789 End=7790008585874 Duration=62085
Task=55 Chunk=1 Start=7790009370920 End=7790009454818 Duration=83898
Task=55 Chunk=2 Start=7790009454854 End=7790009503764 Duration=48910
Task=56 Chunk=0 Start=7790008585892 End=7790008648563 Duration=62671
Task=56 Chunk=1 Start=7790009454848 End=7790009530730 Duration=75882
Task=56 Chunk=2 Start=7790009530746 End=7790009579310 Duration=48564
Task=57 Chunk=0 Start=7790008648584 End=7790008709962 Duration=61378
Task=57 Chunk=1 Start=7790009530740 End=7790009606353 Duration=75613
Task=57 Chunk=2 Start=7790009606379 End=7790009654405 Duration=48026
Task=58 Chunk=0 Start=7790008709973 End=7790008772569 Duration=62596
Task=58 Chunk=1 Start=7790009606377 End=7790009680224 Duration=73847
Task=58 Chunk=2 Start=7790009680238 End=7790009728913 Duration=48675
Task=59 Chunk=0 Start=7790008772587 End=7790008834519 Duration=61932
Task=59 Chunk=1 Start=7790009680237 End=7790009755257 Duration=75020
Task=59 Chunk=2 Start=7790009755295 End=7790009803989 Duration=48694
Task=60 Chunk=0 Start=7790008834535 End=7790008897105 Duration=62570
Task=60 Chunk=1 Start=7790009755292 End=7790009829713 Duration=74421
Task=60 Chunk=2 Start=7790009829727 End=7790009878163 Duration=48436
Task=61 Chunk=0 Start=7790008897113 End=7790008961939 Duration=64826
Task=61 Chunk=1 Start=7790009829728 End=7790009903262 Duration=73534
Task=61 Chunk=2 Start=7790009903284 End=7790009951228 Duration=47944
Task=62 Chunk=0 Start=7790008961958 End=7790009026691 Duration=64733
Task=62 Chunk=1 Start=7790009903266 End=7790009976479 Duration=73213
Task=62 Chunk=2 Start=7790009976493 End=7790010025141 Duration=48648
Task=63 Chunk=0 Start=7790009026707 End=7790009087420 Duration=60713
Task=63 Chunk=1 Start=7790009976482 End=7790010050396 Duration=73914
Task=63 Chunk=2 Start=7790010050409 End=7790010099584 Duration=49175
Task=64 Chunk=0 Start=7790009087442 End=7790009149857 Duration=62415
Task=64 Chunk=1 Start=7790010050405 End=7790010123995 Duration=73590
Task=64 Chunk=2 Start=7790010124007 End=7790010172036 Duration=48029
Task=65 Chunk=0 Start=7790009149873 End=7790009211818 Duration=61945
Task=65 Chunk=1 Start=7790010124000 End=7790010196863 Duration=72863
Task=65 Chunk=2 Start=7790010196881 End=7790010244901 Duration=48020
Task=66 Chunk=0 Start=7790009211827 End=7790009272916 Duration=61089
Task=66 Chunk=1 Start=7790010196881 End=7790010270117 Duration=73236
Task=66 Chunk=2 Start=7790010270140 End=7790010319048 Duration=48908
Task=67 Chunk=0 Start=7790009272923 End=7790009337194 Duration=64271
Task=67 Chunk=1 Start=7790010270134 End=7790010351200 Duration=81066
Task=67 Chunk=2 Start=7790010351234 End=7790010399729 Duration=48495
Task=68 Chunk=0 Start=7790009337216 End=7790009398212 Duration=60996
Task=68 Chunk=1 Start=7790010351229 End=7790010433391 Duration=82162
Task=68 Chunk=2 Start=7790010433420 End=7790010481224 Duration=47804
Task=69 Chunk=0 Start=7790009421072 End=7790009481529 Duration=60457
Task=69 Chunk=1 Start=7790010433414 End=7790010514557 Duration=81143
Task=69 Chunk=2 Start=7790010514587 End=7790010563837 Duration=49250
Task=70 Chunk=0 Start=7790009503793 End=7790009564006 Duration=60213
Task=70 Chunk=1 Start=7790010514583 End=7790010595643 Duration=81060
Task=70 Chunk=2 Start=7790010595676 End=7790010643740 Duration=48064
Task=71 Chunk=0 Start=7790009579331 End=7790009641078 Duration=61747
Task=71 Chunk=1 Start=7790010595670 End=7790010669738 Duration=74068
Task=71 Chunk=2 Start=7790010669755 End=7790010718826 Duration=49071
Task=72 Chunk=0 Start=7790009654423 End=7790009716511 Duration=62088
Task=72 Chunk=1 Start=7790010669753 End=7790010750761 Duration=81008
Task=72 Chunk=2 Start=7790010750793 End=7790010799838 Duration=49045
Task=73 Chunk=0 Start=7790009728944 End=7790009789151 Duration=60207
Task=73 Chunk=1 Start=7790010750786 End=7790010825089 Duration=74303
Task=73 Chunk=2 Start=7790010825110 End=7790010873142 Duration=48032
Task=74 Chunk=0 Start=7790009804008 End=7790009863774 Duration=59766
Task=74 Chunk=1 Start=7790010825107 End=7790010898788 Duration=73681
Task=74 Chunk=2 Start=7790010898821 End=7790010946657 Duration=47836
Task=75 Chunk=0 Start=7790009878192 End=7790009942314 Duration=64122
Task=75 Chunk=1 Start=7790010898814 End=7790010972264 Duration=73450
Task=75 Chunk=2 Start=7790010972280 End=7790011021607 Duration=49327
Task=76 Chunk=0 Start=7790009951243 End=7790010013274 Duration=62031
Task=76 Chunk=1 Start=7790010972276 End=7790011049285 Duration=77009
Task=76 Chunk=2 Start=7790011049318 End=7790011098526 Duration=49208
Task=77 Chunk=0 Start=7790010025180 End=7790010085370 Duration=60190
Task=77 Chunk=1 Start=7790011049317 End=7790011123122 Duration=73805
Task=77 Chunk=2 Start=7790011123144 End=7790011171742 Duration=48598
Task=78 Chunk=0 Start=7790010099620 End=7790010159835 Duration=60215
Task=78 Chunk=1 Start=7790011123144 End=7790011197055 Duration=73911
Task=78 Chunk=2 Start=7790011197072 End=7790011245167 Duration=48095
Task=79 Chunk=0 Start=7790010172049 End=7790010233732 Duration=61683
Task=79 Chunk=1 Start=7790011197057 End=7790011274257 Duration=77200
Task=79 Chunk=2 Start=7790011274285 End=7790011321898 Duration=47613
Task=80 Chunk=0 Start=7790010244933 End=7790010306845 Duration=61912
Task=80 Chunk=1 Start=7790011274261 End=7790011355955 Duration=81694
Task=80 Chunk=2 Start=7790011355994 End=7790011404692 Duration=48698
Task=81 Chunk=0 Start=7790010319071 End=7790010380052 Duration=60981
Task=81 Chunk=1 Start=7790011355994 End=7790011439713 Duration=83719
Task=81 Chunk=2 Start=7790011439753 End=7790011488704 Duration=48951
Task=82 Chunk=0 Start=7790010399761 End=7790010460580 Duration=60819
Task=82 Chunk=1 Start=7790011439748 End=7790011513961 Duration=74213
Task=82 Chunk=2 Start=7790011513980 End=7790011561866 Duration=47886
Task=83 Chunk=0 Start=7790010481235 End=7790010547772 Duration=66537
Task=83 Chunk=1 Start=7790011513979 End=7790011595117 Duration=81138
Task=83 Chunk=2 Start=7790011595141 End=7790011643111 Duration=47970
Task=84 Chunk=0 Start=7790010563869 End=7790010625817 Duration=61948
Task=84 Chunk=1 Start=7790011595142 End=7790011677341 Duration=82199
Task=84 Chunk=2 Start=7790011677375 End=7790011726808 Duration=49433
Task=85 Chunk=0 Start=7790010643755 End=7790010705474 Duration=61719
Task=85 Chunk=1 Start=7790011677369 End=7790011751563 Duration=74194
Task=85 Chunk=2 Start=7790011751582 End=7790011800339 Duration=48757
Task=86 Chunk=0 Start=7790010718858 End=7790010781214 Duration=62356
Task=86 Chunk=1 Start=7790011751580 End=7790011832004 Duration=80424
Task=86 Chunk=2 Start=7790011832031 End=7790011880995 Duration=48964
Task=87 Chunk=0 Start=7790010799853 End=7790010859949 Duration=60096
Task=87 Chunk=1 Start=7790011832028 End=7790011907387 Duration=75359
Task=87 Chunk=2 Start=7790011907431 End=7790011955337 Duration=47906
Task=88 Chunk=0 Start=7790010873187 End=7790010934673 Duration=61486
Task=88 Chunk=1 Start=7790011907424 End=7790011981256 Duration=73832
Task=88 Chunk=2 Start=7790011981286 End=7790012029195 Duration=47909
Task=89 Chunk=0 Start=7790010946691 End=7790011008172 Duration=61481
Task=89 Chunk=1 Start=7790011981261 End=7790012056977 Duration=75716
Task=89 Chunk=2 Start=7790012057005 End=7790012104570 Duration=47565
Task=90 Chunk=0 Start=7790011021634 End=7790011084348 Duration=62714
Task=90 Chunk=1 Start=7790012056998 End=7790012137824 Duration=80826
Task=90 Chunk=2 Start=7790012137846 End=7790012186539 Duration=48693
Task=91 Chunk=0 Start=7790011098543 End=7790011159502 Duration=60959
Task=91 Chunk=1 Start=7790012137839 End=7790012210404 Duration=72565
Task=91 Chunk=2 Start=7790012210432 End=7790012259525 Duration=49093
Task=92 Chunk=0 Start=7790011171752 End=7790011231890 Duration=60138
Task=92 Chunk=1 Start=7790012210428 End=7790012283627 Duration=73199
Task=92 Chunk=2 Start=7790012283643 End=7790012331494 Duration=47851
Task=93 Chunk=0 Start=7790011245178 End=7790011307184 Duration=62006
Task=93 Chunk=1 Start=7790012283641 End=7790012356262 Duration=72621
Task=93 Chunk=2 Start=7790012356276 End=7790012404342 Duration=48066
Task=94 Chunk=0 Start=7790011321931 End=7790011385123 Duration=63192
Task=94 Chunk=1 Start=7790012356275 End=7790012429192 Duration=72917
Task=94 Chunk=2 Start=7790012429207 End=7790012477673 Duration=48466
Task=95 Chunk=0 Start=7790011404714 End=7790011467118 Duration=62404
Task=95 Chunk=1 Start=7790012429196 End=7790012501503 Duration=72307
Task=95 Chunk=2 Start=7790012501522 End=7790012550701 Duration=49179
Task=96 Chunk=0 Start=7790011488739 End=7790011548995 Duration=60256
Task=96 Chunk=1 Start=7790012501517 End=7790012573969 Duration=72452
Task=96 Chunk=2 Start=7790012574002 End=7790012621752 Duration=47750
Task=97 Chunk=0 Start=7790011561890 End=7790011624134 Duration=62244
Task=97 Chunk=1 Start=7790012573994 End=7790012656890 Duration=82896
Task=97 Chunk=2 Start=7790012656911 End=7790012704533 Duration=47622
Task=98 Chunk=0 Start=7790011643132 End=7790011705494 Duration=62362
Task=98 Chunk=1 Start=7790012656906 End=7790012728825 Duration=71919
Task=98 Chunk=2 Start=7790012728853 End=7790012777077 Duration=48224
Task=99 Chunk=0 Start=7790011726847 End=7790011788687 Duration=61840
Task=99 Chunk=1 Start=7790012728850 End=7790012802076 Duration=73226
Task=99 Chunk=2 Start=7790012802093 End=7790012851999 Duration=49906
### Python End ###

--------------------------------
[2025-06-28 12:17:03.935] [info] Available Vulkan Layers:
[2025-06-28 12:17:03.935] [warning] Validation layer requested but not available, continuing without it...
[2025-06-28 12:17:03.937] [info] Using integrated GPU: Mali-G710
[2025-06-28 12:17:03.939] [info] VulkanDispatcher instance created.
[2025-06-28 12:17:04.106] [info] Total memory used: 40550404 bytes (38.67188 MB)
[2025-06-28 12:17:04.110] [info] Total memory used: 40550404 bytes (38.67188 MB)
[2025-06-28 12:17:04.135] [info] Total memory used: 40550404 bytes (38.67188 MB)
[2025-06-28 12:17:04.139] [info] Total memory used: 40550404 bytes (38.67188 MB)
[2025-06-28 12:17:04.144] [info] Total memory used: 40550404 bytes (38.67188 MB)
[2025-06-28 12:17:04.239] [info] Total memory used: 40550404 bytes (38.67188 MB)
[2025-06-28 12:17:04.244] [info] Total memory used: 40550404 bytes (38.67188 MB)
[2025-06-28 12:17:04.248] [info] Total memory used: 40550404 bytes (38.67188 MB)
[2025-06-28 12:17:04.252] [info] Total memory used: 40550404 bytes (38.67188 MB)
[2025-06-28 12:17:04.256] [info] Total memory used: 40550404 bytes (38.67188 MB)
[2025-06-28 12:17:04.312] [info] Total memory used: 40550404 bytes (38.67188 MB)
[2025-06-28 12:17:04.316] [info] Total memory used: 40550404 bytes (38.67188 MB)
[2025-06-28 12:17:04.320] [info] Total memory used: 40550404 bytes (38.67188 MB)
[2025-06-28 12:17:04.324] [info] Total memory used: 40550404 bytes (38.67188 MB)
[2025-06-28 12:17:04.328] [info] Total memory used: 40550404 bytes (38.67188 MB)
[2025-06-28 12:17:04.333] [info] Total memory used: 40550404 bytes (38.67188 MB)
### Python Begin ###
Schedule_UID=SCH-L2B2M3-G257-fe7f
Frequency=24576000 Hz
Task=0 Chunk=0 Start=7790023551608 End=7790023623621 Duration=72013
Task=0 Chunk=1 Start=7790023639023 End=7790023796299 Duration=157276
Task=0 Chunk=2 Start=7790023796437 End=7790023872033 Duration=75596
Task=1 Chunk=0 Start=7790023623637 End=7790023686109 Duration=62472
Task=1 Chunk=1 Start=7790023796315 End=7790023939802 Duration=143487
Task=1 Chunk=2 Start=7790023939821 End=7790023994931 Duration=55110
Task=2 Chunk=0 Start=7790023686126 End=7790023749015 Duration=62889
Task=2 Chunk=1 Start=7790023939804 End=7790024101523 Duration=161719
Task=2 Chunk=2 Start=7790024101538 End=7790024151753 Duration=50215
Task=3 Chunk=0 Start=7790023749044 End=7790023815498 Duration=66454
Task=3 Chunk=1 Start=7790024101524 End=7790024242460 Duration=140936
Task=3 Chunk=2 Start=7790024242469 End=7790024295090 Duration=52621
Task=4 Chunk=0 Start=7790023815517 End=7790023882297 Duration=66780
Task=4 Chunk=1 Start=7790024242460 End=7790024383910 Duration=141450
Task=4 Chunk=2 Start=7790024383921 End=7790024433174 Duration=49253
Task=5 Chunk=0 Start=7790023882315 End=7790023943168 Duration=60853
Task=5 Chunk=1 Start=7790024383914 End=7790024525115 Duration=141201
Task=5 Chunk=2 Start=7790024525124 End=7790024589435 Duration=64311
Task=6 Chunk=0 Start=7790023943201 End=7790024009232 Duration=66031
Task=6 Chunk=1 Start=7790024525115 End=7790024666950 Duration=141835
Task=6 Chunk=2 Start=7790024666967 End=7790024715650 Duration=48683
Task=7 Chunk=0 Start=7790024009239 End=7790024072319 Duration=63080
Task=7 Chunk=1 Start=7790024666951 End=7790024807905 Duration=140954
Task=7 Chunk=2 Start=7790024807927 End=7790024860495 Duration=52568
Task=8 Chunk=0 Start=7790024072330 End=7790024134328 Duration=61998
Task=8 Chunk=1 Start=7790024807906 End=7790024949914 Duration=142008
Task=8 Chunk=2 Start=7790024949925 End=7790024998610 Duration=48685
Task=9 Chunk=0 Start=7790024134358 End=7790024198289 Duration=63931
Task=9 Chunk=1 Start=7790024949914 End=7790025091115 Duration=141201
Task=9 Chunk=2 Start=7790025091137 End=7790025140454 Duration=49317
Task=10 Chunk=0 Start=7790024198303 End=7790024260128 Duration=61825
Task=10 Chunk=1 Start=7790025091116 End=7790025232572 Duration=141456
Task=10 Chunk=2 Start=7790025232593 End=7790025280905 Duration=48312
Task=11 Chunk=0 Start=7790024260156 End=7790024320997 Duration=60841
Task=11 Chunk=1 Start=7790025232573 End=7790025372963 Duration=140390
Task=11 Chunk=2 Start=7790025372980 End=7790025420982 Duration=48002
Task=12 Chunk=0 Start=7790024321009 End=7790024384233 Duration=63224
Task=12 Chunk=1 Start=7790025372974 End=7790025513190 Duration=140216
Task=12 Chunk=2 Start=7790025513201 End=7790025562666 Duration=49465
Task=13 Chunk=0 Start=7790024384245 End=7790024448016 Duration=63771
Task=13 Chunk=1 Start=7790025513191 End=7790025654603 Duration=141412
Task=13 Chunk=2 Start=7790025654610 End=7790025702557 Duration=47947
Task=14 Chunk=0 Start=7790024448031 End=7790024507488 Duration=59457
Task=14 Chunk=1 Start=7790025654603 End=7790025794882 Duration=140279
Task=14 Chunk=2 Start=7790025794894 End=7790025844276 Duration=49382
Task=15 Chunk=0 Start=7790024507494 End=7790024576864 Duration=69370
Task=15 Chunk=1 Start=7790025794882 End=7790025936427 Duration=141545
Task=15 Chunk=2 Start=7790025936442 End=7790025984588 Duration=48146
Task=16 Chunk=0 Start=7790024576896 End=7790024639815 Duration=62919
Task=16 Chunk=1 Start=7790025936428 End=7790026077404 Duration=140976
Task=16 Chunk=2 Start=7790026077422 End=7790026126415 Duration=48993
Task=17 Chunk=0 Start=7790024639831 End=7790024703083 Duration=63252
Task=17 Chunk=1 Start=7790026077405 End=7790026217696 Duration=140291
Task=17 Chunk=2 Start=7790026217705 End=7790026265522 Duration=47817
Task=18 Chunk=0 Start=7790024703105 End=7790024765156 Duration=62051
Task=18 Chunk=1 Start=7790026217697 End=7790026357732 Duration=140035
Task=18 Chunk=2 Start=7790026357736 End=7790026405676 Duration=47940
Task=19 Chunk=0 Start=7790024765164 End=7790024825711 Duration=60547
Task=19 Chunk=1 Start=7790026357733 End=7790026497772 Duration=140039
Task=19 Chunk=2 Start=7790026497789 End=7790026547051 Duration=49262
Task=20 Chunk=0 Start=7790024825742 End=7790024889025 Duration=63283
Task=20 Chunk=1 Start=7790026497773 End=7790026639111 Duration=141338
Task=20 Chunk=2 Start=7790026639130 End=7790026687750 Duration=48620
Task=21 Chunk=0 Start=7790024889036 End=7790024951761 Duration=62725
Task=21 Chunk=1 Start=7790026639112 End=7790026781361 Duration=142249
Task=21 Chunk=2 Start=7790026781370 End=7790026830623 Duration=49253
Task=22 Chunk=0 Start=7790024951768 End=7790025012983 Duration=61215
Task=22 Chunk=1 Start=7790026781362 End=7790026922031 Duration=140669
Task=22 Chunk=2 Start=7790026922043 End=7790026969893 Duration=47850
Task=23 Chunk=0 Start=7790025012993 End=7790025074018 Duration=61025
Task=23 Chunk=1 Start=7790026922032 End=7790027062865 Duration=140833
Task=23 Chunk=2 Start=7790027062878 End=7790027111817 Duration=48939
Task=24 Chunk=0 Start=7790025140483 End=7790025200014 Duration=59531
Task=24 Chunk=1 Start=7790027062865 End=7790027203336 Duration=140471
Task=24 Chunk=2 Start=7790027203351 End=7790027251484 Duration=48133
Task=25 Chunk=0 Start=7790025280934 End=7790025341996 Duration=61062
Task=25 Chunk=1 Start=7790027203336 End=7790027343627 Duration=140291
Task=25 Chunk=2 Start=7790027343636 End=7790027393005 Duration=49369
Task=26 Chunk=0 Start=7790025421019 End=7790025481996 Duration=60977
Task=26 Chunk=1 Start=7790027343627 End=7790027483073 Duration=139446
Task=26 Chunk=2 Start=7790027483085 End=7790027531935 Duration=48850
Task=27 Chunk=0 Start=7790025562693 End=7790025628281 Duration=65588
Task=27 Chunk=1 Start=7790027483074 End=7790027624367 Duration=141293
Task=27 Chunk=2 Start=7790027624390 End=7790027672611 Duration=48221
Task=28 Chunk=0 Start=7790025702600 End=7790025763831 Duration=61231
Task=28 Chunk=1 Start=7790027624368 End=7790027764287 Duration=139919
Task=28 Chunk=2 Start=7790027764304 End=7790027813150 Duration=48846
Task=29 Chunk=0 Start=7790025844298 End=7790025903850 Duration=59552
Task=29 Chunk=1 Start=7790027764288 End=7790027904996 Duration=140708
Task=29 Chunk=2 Start=7790027905003 End=7790027952909 Duration=47906
Task=30 Chunk=0 Start=7790025984625 End=7790026460284 Duration=475659
Task=30 Chunk=1 Start=7790027904996 End=7790028045133 Duration=140137
Task=30 Chunk=2 Start=7790028045147 End=7790028094294 Duration=49147
Task=31 Chunk=0 Start=7790026460300 End=7790026524001 Duration=63701
Task=31 Chunk=1 Start=7790028045134 End=7790028186029 Duration=140895
Task=31 Chunk=2 Start=7790028186046 End=7790028234205 Duration=48159
Task=32 Chunk=0 Start=7790026524014 End=7790026584644 Duration=60630
Task=32 Chunk=1 Start=7790028186030 End=7790028325534 Duration=139504
Task=32 Chunk=2 Start=7790028325544 End=7790028374132 Duration=48588
Task=33 Chunk=0 Start=7790026584651 End=7790026645955 Duration=61304
Task=33 Chunk=1 Start=7790028325534 End=7790028464894 Duration=139360
Task=33 Chunk=2 Start=7790028464913 End=7790028514261 Duration=49348
Task=34 Chunk=0 Start=7790026645983 End=7790026710900 Duration=64917
Task=34 Chunk=1 Start=7790028464895 End=7790028605747 Duration=140852
Task=34 Chunk=2 Start=7790028605759 End=7790028653788 Duration=48029
Task=35 Chunk=0 Start=7790026710912 End=7790026770669 Duration=59757
Task=35 Chunk=1 Start=7790028605748 End=7790028745110 Duration=139362
Task=35 Chunk=2 Start=7790028745119 End=7790028794478 Duration=49359
Task=36 Chunk=0 Start=7790026830644 End=7790026890049 Duration=59405
Task=36 Chunk=1 Start=7790028745111 End=7790028885687 Duration=140576
Task=36 Chunk=2 Start=7790028885705 End=7790028933711 Duration=48006
Task=37 Chunk=0 Start=7790026969925 End=7790027033342 Duration=63417
Task=37 Chunk=1 Start=7790028885688 End=7790029025737 Duration=140049
Task=37 Chunk=2 Start=7790029025745 End=7790029076334 Duration=50589
Task=38 Chunk=0 Start=7790027111836 End=7790027171237 Duration=59401
Task=38 Chunk=1 Start=7790029025737 End=7790029166593 Duration=140856
Task=38 Chunk=2 Start=7790029166602 End=7790029214519 Duration=47917
Task=39 Chunk=0 Start=7790027251518 End=7790027315313 Duration=63795
Task=39 Chunk=1 Start=7790029166594 End=7790029307170 Duration=140576
Task=39 Chunk=2 Start=7790029307179 End=7790029355060 Duration=47881
Task=40 Chunk=0 Start=7790027394963 End=7790027454413 Duration=59450
Task=40 Chunk=1 Start=7790029307171 End=7790029447514 Duration=140343
Task=40 Chunk=2 Start=7790029447537 End=7790029496595 Duration=49058
Task=41 Chunk=0 Start=7790027531986 End=7790027595131 Duration=63145
Task=41 Chunk=1 Start=7790029447515 End=7790029587454 Duration=139939
Task=41 Chunk=2 Start=7790029587463 End=7790029635299 Duration=47836
Task=42 Chunk=0 Start=7790027672626 End=7790027733892 Duration=61266
Task=42 Chunk=1 Start=7790029587455 End=7790029727813 Duration=140358
Task=42 Chunk=2 Start=7790029727828 End=7790029776873 Duration=49045
Task=43 Chunk=0 Start=7790027813173 End=7790027872899 Duration=59726
Task=43 Chunk=1 Start=7790029727814 End=7790029867776 Duration=139962
Task=43 Chunk=2 Start=7790029867791 End=7790029915525 Duration=47734
Task=44 Chunk=0 Start=7790027952955 End=7790028014401 Duration=61446
Task=44 Chunk=1 Start=7790029867776 End=7790030008174 Duration=140398
Task=44 Chunk=2 Start=7790030008192 End=7790030057135 Duration=48943
Task=45 Chunk=0 Start=7790028094325 End=7790028154519 Duration=60194
Task=45 Chunk=1 Start=7790030008175 End=7790030148749 Duration=140574
Task=45 Chunk=2 Start=7790030148760 End=7790030197132 Duration=48372
Task=46 Chunk=0 Start=7790028234238 End=7790028295848 Duration=61610
Task=46 Chunk=1 Start=7790030148750 End=7790030288997 Duration=140247
Task=46 Chunk=2 Start=7790030289011 End=7790030337283 Duration=48272
Task=47 Chunk=0 Start=7790028378206 End=7790028439373 Duration=61167
Task=47 Chunk=1 Start=7790030288998 End=7790030428440 Duration=139442
Task=47 Chunk=2 Start=7790030428453 End=7790030477163 Duration=48710
Task=48 Chunk=0 Start=7790028514305 End=7790028575473 Duration=61168
Task=48 Chunk=1 Start=7790030428441 End=7790030568705 Duration=140264
Task=48 Chunk=2 Start=7790030568728 End=7790030616900 Duration=48172
Task=49 Chunk=0 Start=7790028653824 End=7790028717725 Duration=63901
Task=49 Chunk=1 Start=7790030568706 End=7790030708003 Duration=139297
Task=49 Chunk=2 Start=7790030708011 End=7790030756845 Duration=48834
Task=50 Chunk=0 Start=7790028794499 End=7790028854105 Duration=59606
Task=50 Chunk=1 Start=7790030708004 End=7790030848347 Duration=140343
Task=50 Chunk=2 Start=7790030848356 End=7790030896412 Duration=48056
Task=51 Chunk=0 Start=7790028933734 End=7790028994961 Duration=61227
Task=51 Chunk=1 Start=7790030848347 End=7790030988044 Duration=139697
Task=51 Chunk=2 Start=7790030988056 End=7790031036658 Duration=48602
Task=52 Chunk=0 Start=7790029076371 End=7790029135869 Duration=59498
Task=52 Chunk=1 Start=7790030988045 End=7790031129148 Duration=141103
Task=52 Chunk=2 Start=7790031129165 End=7790031177053 Duration=47888
Task=53 Chunk=0 Start=7790029214544 End=7790029275633 Duration=61089
Task=53 Chunk=1 Start=7790031129156 End=7790031269261 Duration=140105
Task=53 Chunk=2 Start=7790031269268 End=7790031317273 Duration=48005
Task=54 Chunk=0 Start=7790029355087 End=7790029417728 Duration=62641
Task=54 Chunk=1 Start=7790031269261 End=7790031408937 Duration=139676
Task=54 Chunk=2 Start=7790031408948 End=7790031460114 Duration=51166
Task=55 Chunk=0 Start=7790029496619 End=7790029557674 Duration=61055
Task=55 Chunk=1 Start=7790031408937 End=7790031549699 Duration=140762
Task=55 Chunk=2 Start=7790031549707 End=7790031597579 Duration=47872
Task=56 Chunk=0 Start=7790029635331 End=7790029698423 Duration=63092
Task=56 Chunk=1 Start=7790031549700 End=7790031689442 Duration=139742
Task=56 Chunk=2 Start=7790031689452 End=7790031738305 Duration=48853
Task=57 Chunk=0 Start=7790029776892 End=7790029836466 Duration=59574
Task=57 Chunk=1 Start=7790031689443 End=7790031830224 Duration=140781
Task=57 Chunk=2 Start=7790031830242 End=7790031878139 Duration=47897
Task=58 Chunk=0 Start=7790029915563 End=7790029978655 Duration=63092
Task=58 Chunk=1 Start=7790031830225 End=7790031970181 Duration=139956
Task=58 Chunk=2 Start=7790031970197 End=7790032019237 Duration=49040
Task=59 Chunk=0 Start=7790030057173 End=7790030116632 Duration=59459
Task=59 Chunk=1 Start=7790031970182 End=7790032110678 Duration=140496
Task=59 Chunk=2 Start=7790032110685 End=7790032158620 Duration=47935
Task=60 Chunk=0 Start=7790030197174 End=7790030260486 Duration=63312
Task=60 Chunk=1 Start=7790032110679 End=7790032250874 Duration=140195
Task=60 Chunk=2 Start=7790032250894 End=7790032299130 Duration=48236
Task=61 Chunk=0 Start=7790030337316 End=7790030403129 Duration=65813
Task=61 Chunk=1 Start=7790032250875 End=7790032390553 Duration=139678
Task=61 Chunk=2 Start=7790032390564 End=7790032439755 Duration=49191
Task=62 Chunk=0 Start=7790030477179 End=7790030540533 Duration=63354
Task=62 Chunk=1 Start=7790032390554 End=7790032531064 Duration=140510
Task=62 Chunk=2 Start=7790032531084 End=7790032578958 Duration=47874
Task=63 Chunk=0 Start=7790030616922 End=7790030678444 Duration=61522
Task=63 Chunk=1 Start=7790032531064 End=7790032670486 Duration=139422
Task=63 Chunk=2 Start=7790032670500 End=7790032720797 Duration=50297
Task=64 Chunk=0 Start=7790030756880 End=7790030821031 Duration=64151
Task=64 Chunk=1 Start=7790032670487 End=7790032811162 Duration=140675
Task=64 Chunk=2 Start=7790032811175 End=7790032859368 Duration=48193
Task=65 Chunk=0 Start=7790030896437 End=7790030957395 Duration=60958
Task=65 Chunk=1 Start=7790032811169 End=7790032950672 Duration=139503
Task=65 Chunk=2 Start=7790032950681 End=7790033000325 Duration=49644
Task=66 Chunk=0 Start=7790031036676 End=7790031096094 Duration=59418
Task=66 Chunk=1 Start=7790032950673 End=7790033090573 Duration=139900
Task=66 Chunk=2 Start=7790033090588 End=7790033139493 Duration=48905
Task=67 Chunk=0 Start=7790031177103 End=7790031238266 Duration=61163
Task=67 Chunk=1 Start=7790033090573 End=7790033231000 Duration=140427
Task=67 Chunk=2 Start=7790033231025 End=7790033278805 Duration=47780
Task=68 Chunk=0 Start=7790031317303 End=7790031381162 Duration=63859
Task=68 Chunk=1 Start=7790033231000 End=7790033370920 Duration=139920
Task=68 Chunk=2 Start=7790033370938 End=7790033419796 Duration=48858
Task=69 Chunk=0 Start=7790031460145 End=7790031527441 Duration=67296
Task=69 Chunk=1 Start=7790033370921 End=7790033511431 Duration=140510
Task=69 Chunk=2 Start=7790033511449 End=7790033559315 Duration=47866
Task=70 Chunk=0 Start=7790031597620 End=7790031667899 Duration=70279
Task=70 Chunk=1 Start=7790033511432 End=7790033651204 Duration=139772
Task=70 Chunk=2 Start=7790033651217 End=7790033700189 Duration=48972
Task=71 Chunk=0 Start=7790031738343 End=7790031806267 Duration=67924
Task=71 Chunk=1 Start=7790033651205 End=7790033791252 Duration=140047
Task=71 Chunk=2 Start=7790033791261 End=7790033839117 Duration=47856
Task=72 Chunk=0 Start=7790031878161 End=7790031947818 Duration=69657
Task=72 Chunk=1 Start=7790033791252 End=7790033931476 Duration=140224
Task=72 Chunk=2 Start=7790033931485 End=7790033980490 Duration=49005
Task=73 Chunk=0 Start=7790032019252 End=7790032087116 Duration=67864
Task=73 Chunk=1 Start=7790033931476 End=7790034070653 Duration=139177
Task=73 Chunk=2 Start=7790034070666 End=7790034119661 Duration=48995
Task=74 Chunk=0 Start=7790032158668 End=7790032227972 Duration=69304
Task=74 Chunk=1 Start=7790034070654 End=7790034211658 Duration=141004
Task=74 Chunk=2 Start=7790034211671 End=7790034259244 Duration=47573
Task=75 Chunk=0 Start=7790032299165 End=7790032370849 Duration=71684
Task=75 Chunk=1 Start=7790034211659 End=7790034351797 Duration=140138
Task=75 Chunk=2 Start=7790034351818 End=7790034401181 Duration=49363
Task=76 Chunk=0 Start=7790032439807 End=7790032509517 Duration=69710
Task=76 Chunk=1 Start=7790034351797 End=7790034492167 Duration=140370
Task=76 Chunk=2 Start=7790034492178 End=7790034540452 Duration=48274
Task=77 Chunk=0 Start=7790032578992 End=7790032650220 Duration=71228
Task=77 Chunk=1 Start=7790034492169 End=7790034631493 Duration=139324
Task=77 Chunk=2 Start=7790034631509 End=7790034680674 Duration=49165
Task=78 Chunk=0 Start=7790032720821 End=7790032788479 Duration=67658
Task=78 Chunk=1 Start=7790034631503 End=7790034772252 Duration=140749
Task=78 Chunk=2 Start=7790034772256 End=7790034820325 Duration=48069
Task=79 Chunk=0 Start=7790032859413 End=7790032930783 Duration=71370
Task=79 Chunk=1 Start=7790034772253 End=7790034911584 Duration=139331
Task=79 Chunk=2 Start=7790034911598 End=7790034960860 Duration=49262
Task=80 Chunk=0 Start=7790033000876 End=7790033060849 Duration=59973
Task=80 Chunk=1 Start=7790034911585 End=7790035051287 Duration=139702
Task=80 Chunk=2 Start=7790035051303 End=7790035100155 Duration=48852
Task=81 Chunk=0 Start=7790033139536 End=7790033202095 Duration=62559
Task=81 Chunk=1 Start=7790035051288 End=7790035191233 Duration=139945
Task=81 Chunk=2 Start=7790035191256 End=7790035239161 Duration=47905
Task=82 Chunk=0 Start=7790033278826 End=7790033340643 Duration=61817
Task=82 Chunk=1 Start=7790035191234 End=7790035330924 Duration=139690
Task=82 Chunk=2 Start=7790035330947 End=7790035379547 Duration=48600
Task=83 Chunk=0 Start=7790033419804 End=7790033479220 Duration=59416
Task=83 Chunk=1 Start=7790035330925 End=7790035471624 Duration=140699
Task=83 Chunk=2 Start=7790035471634 End=7790035519521 Duration=47887
Task=84 Chunk=0 Start=7790033559359 End=7790033621860 Duration=62501
Task=84 Chunk=1 Start=7790035471625 End=7790035612196 Duration=140571
Task=84 Chunk=2 Start=7790035612203 End=7790035661043 Duration=48840
Task=85 Chunk=0 Start=7790033700211 End=7790033759561 Duration=59350
Task=85 Chunk=1 Start=7790035612197 End=7790035751992 Duration=139795
Task=85 Chunk=2 Start=7790035752001 End=7790035800235 Duration=48234
Task=86 Chunk=0 Start=7790033839159 End=7790033901875 Duration=62716
Task=86 Chunk=1 Start=7790035751992 End=7790035892629 Duration=140637
Task=86 Chunk=2 Start=7790035892637 End=7790035940171 Duration=47534
Task=87 Chunk=0 Start=7790033983048 End=7790034042745 Duration=59697
Task=87 Chunk=1 Start=7790035892630 End=7790036032083 Duration=139453
Task=87 Chunk=2 Start=7790036032088 End=7790036080815 Duration=48727
Task=88 Chunk=0 Start=7790034119694 End=7790034183214 Duration=63520
Task=88 Chunk=1 Start=7790036032084 End=7790036172424 Duration=140340
Task=88 Chunk=2 Start=7790036172444 End=7790036220102 Duration=47658
Task=89 Chunk=0 Start=7790034259266 End=7790034333042 Duration=73776
Task=89 Chunk=1 Start=7790036172425 End=7790036311872 Duration=139447
Task=89 Chunk=2 Start=7790036311877 End=7790036360223 Duration=48346
Task=90 Chunk=0 Start=7790034401194 End=7790034470915 Duration=69721
Task=90 Chunk=1 Start=7790036311873 End=7790036452610 Duration=140737
Task=90 Chunk=2 Start=7790036452636 End=7790036500902 Duration=48266
Task=91 Chunk=0 Start=7790034540492 End=7790034615403 Duration=74911
Task=91 Chunk=1 Start=7790036452611 End=7790036591684 Duration=139073
Task=91 Chunk=2 Start=7790036591695 End=7790036640367 Duration=48672
Task=92 Chunk=0 Start=7790034680715 End=7790034748455 Duration=67740
Task=92 Chunk=1 Start=7790036591685 End=7790036732339 Duration=140654
Task=92 Chunk=2 Start=7790036732344 End=7790036780077 Duration=47733
Task=93 Chunk=0 Start=7790034820356 End=7790034890692 Duration=70336
Task=93 Chunk=1 Start=7790036732339 End=7790036871721 Duration=139382
Task=93 Chunk=2 Start=7790036871731 End=7790036919460 Duration=47729
Task=94 Chunk=0 Start=7790034962165 End=7790035029820 Duration=67655
Task=94 Chunk=1 Start=7790036871722 End=7790037010792 Duration=139070
Task=94 Chunk=2 Start=7790037010799 End=7790037059826 Duration=49027
Task=95 Chunk=0 Start=7790035100196 End=7790035169293 Duration=69097
Task=95 Chunk=1 Start=7790037010792 End=7790037151451 Duration=140659
Task=95 Chunk=2 Start=7790037151460 End=7790037199267 Duration=47807
Task=96 Chunk=0 Start=7790035239180 End=7790035309900 Duration=70720
Task=96 Chunk=1 Start=7790037151451 End=7790037290759 Duration=139308
Task=96 Chunk=2 Start=7790037290784 End=7790037339778 Duration=48994
Task=97 Chunk=0 Start=7790035379570 End=7790035447048 Duration=67478
Task=97 Chunk=1 Start=7790037290760 End=7790037431316 Duration=140556
Task=97 Chunk=2 Start=7790037431327 End=7790037479304 Duration=47977
Task=98 Chunk=0 Start=7790035519559 End=7790035590628 Duration=71069
Task=98 Chunk=1 Start=7790037431320 End=7790037570696 Duration=139376
Task=98 Chunk=2 Start=7790037570704 End=7790037619677 Duration=48973
Task=99 Chunk=0 Start=7790035661068 End=7790035728963 Duration=67895
Task=99 Chunk=1 Start=7790037570697 End=7790037710473 Duration=139776
Task=99 Chunk=2 Start=7790037710479 End=7790037759031 Duration=48552
### Python End ###

--------------------------------
[2025-06-28 12:17:04.985] [info] Available Vulkan Layers:
[2025-06-28 12:17:04.985] [warning] Validation layer requested but not available, continuing without it...
[2025-06-28 12:17:04.988] [info] Using integrated GPU: Mali-G710
[2025-06-28 12:17:04.991] [info] VulkanDispatcher instance created.
[2025-06-28 12:17:05.122] [info] Total memory used: 40550404 bytes (38.67188 MB)
[2025-06-28 12:17:05.126] [info] Total memory used: 40550404 bytes (38.67188 MB)
[2025-06-28 12:17:05.164] [info] Total memory used: 40550404 bytes (38.67188 MB)
[2025-06-28 12:17:05.169] [info] Total memory used: 40550404 bytes (38.67188 MB)
[2025-06-28 12:17:05.173] [info] Total memory used: 40550404 bytes (38.67188 MB)
[2025-06-28 12:17:05.246] [info] Total memory used: 40550404 bytes (38.67188 MB)
[2025-06-28 12:17:05.251] [info] Total memory used: 40550404 bytes (38.67188 MB)
[2025-06-28 12:17:05.255] [info] Total memory used: 40550404 bytes (38.67188 MB)
[2025-06-28 12:17:05.259] [info] Total memory used: 40550404 bytes (38.67188 MB)
[2025-06-28 12:17:05.263] [info] Total memory used: 40550404 bytes (38.67188 MB)
[2025-06-28 12:17:05.318] [info] Total memory used: 40550404 bytes (38.67188 MB)
[2025-06-28 12:17:05.322] [info] Total memory used: 40550404 bytes (38.67188 MB)
[2025-06-28 12:17:05.327] [info] Total memory used: 40550404 bytes (38.67188 MB)
[2025-06-28 12:17:05.331] [info] Total memory used: 40550404 bytes (38.67188 MB)
[2025-06-28 12:17:05.336] [info] Total memory used: 40550404 bytes (38.67188 MB)
[2025-06-28 12:17:05.341] [info] Total memory used: 40550404 bytes (38.67188 MB)
### Python Begin ###
Schedule_UID=SCH-M3B1G3-G271-8397
Frequency=24576000 Hz
Task=0 Chunk=0 Start=7790048190105 End=7790048260124 Duration=70019
Task=0 Chunk=1 Start=7790048260149 End=7790048275254 Duration=15105
Task=0 Chunk=2 Start=7790048275267 End=7790048437083 Duration=161816
Task=1 Chunk=0 Start=7790048260139 End=7790048286874 Duration=26735
Task=1 Chunk=1 Start=7790048286888 End=7790048287150 Duration=262
Task=1 Chunk=2 Start=7790048437107 End=7790048500710 Duration=63603
Task=2 Chunk=0 Start=7790048286875 End=7790048312389 Duration=25514
Task=2 Chunk=1 Start=7790048312405 End=7790048312478 Duration=73
Task=2 Chunk=2 Start=7790048500711 End=7790048546002 Duration=45291
Task=3 Chunk=0 Start=7790048312391 End=7790048340805 Duration=28414
Task=3 Chunk=1 Start=7790048340824 End=7790048340891 Duration=67
Task=3 Chunk=2 Start=7790048546003 End=7790048591544 Duration=45541
Task=4 Chunk=0 Start=7790048340817 End=7790048367182 Duration=26365
Task=4 Chunk=1 Start=7790048367195 End=7790048367248 Duration=53
Task=4 Chunk=2 Start=7790048591545 End=7790048635920 Duration=44375
Task=5 Chunk=0 Start=7790048367185 End=7790048392180 Duration=24995
Task=5 Chunk=1 Start=7790048392195 End=7790048392265 Duration=70
Task=5 Chunk=2 Start=7790048635920 End=7790048677872 Duration=41952
Task=6 Chunk=0 Start=7790048392183 End=7790048421908 Duration=29725
Task=6 Chunk=1 Start=7790048421925 End=7790048422093 Duration=168
Task=6 Chunk=2 Start=7790048677873 End=7790048718674 Duration=40801
Task=7 Chunk=0 Start=7790048421911 End=7790048450147 Duration=28236
Task=7 Chunk=1 Start=7790048450166 End=7790048450290 Duration=124
Task=7 Chunk=2 Start=7790048718675 End=7790048761396 Duration=42721
Task=8 Chunk=0 Start=7790048450157 End=7790048475545 Duration=25388
Task=8 Chunk=1 Start=7790048475562 End=7790048475628 Duration=66
Task=8 Chunk=2 Start=7790048761397 End=7790048802968 Duration=41571
Task=9 Chunk=0 Start=7790048475549 End=7790048500182 Duration=24633
Task=9 Chunk=1 Start=7790048509889 End=7790048510154 Duration=265
Task=9 Chunk=2 Start=7790048802969 End=7790048843854 Duration=40885
Task=10 Chunk=0 Start=7790048500184 End=7790048526066 Duration=25882
Task=10 Chunk=1 Start=7790048526098 End=7790048526166 Duration=68
Task=10 Chunk=2 Start=7790048843855 End=7790048885105 Duration=41250
Task=11 Chunk=0 Start=7790048526072 End=7790048551246 Duration=25174
Task=11 Chunk=1 Start=7790048554814 End=7790048555031 Duration=217
Task=11 Chunk=2 Start=7790048885108 End=7790048925940 Duration=40832
Task=12 Chunk=0 Start=7790048551248 End=7790048576181 Duration=24933
Task=12 Chunk=1 Start=7790048576201 End=7790048576324 Duration=123
Task=12 Chunk=2 Start=7790048925947 End=7790048966623 Duration=40676
Task=13 Chunk=0 Start=7790048576183 End=7790048601007 Duration=24824
Task=13 Chunk=1 Start=7790048601017 End=7790048601174 Duration=157
Task=13 Chunk=2 Start=7790048966624 End=7790049006896 Duration=40272
Task=14 Chunk=0 Start=7790048601009 End=7790048626657 Duration=25648
Task=14 Chunk=1 Start=7790048626674 End=7790048626741 Duration=67
Task=14 Chunk=2 Start=7790049006896 End=7790049052600 Duration=45704
Task=15 Chunk=0 Start=7790048626658 End=7790048651606 Duration=24948
Task=15 Chunk=1 Start=7790048651637 End=7790048651781 Duration=144
Task=15 Chunk=2 Start=7790049052601 End=7790049094338 Duration=41737
Task=16 Chunk=0 Start=7790048651606 End=7790048677077 Duration=25471
Task=16 Chunk=1 Start=7790048685647 End=7790048685779 Duration=132
Task=16 Chunk=2 Start=7790049094339 End=7790049136440 Duration=42101
Task=17 Chunk=0 Start=7790048677079 End=7790048702054 Duration=24975
Task=17 Chunk=1 Start=7790048702078 End=7790048702130 Duration=52
Task=17 Chunk=2 Start=7790049136440 End=7790049178130 Duration=41690
Task=18 Chunk=0 Start=7790048702055 End=7790048728477 Duration=26422
Task=18 Chunk=1 Start=7790048728491 End=7790048728630 Duration=139
Task=18 Chunk=2 Start=7790049178131 End=7790049219572 Duration=41441
Task=19 Chunk=0 Start=7790048728489 End=7790048753352 Duration=24863
Task=19 Chunk=1 Start=7790048753366 End=7790048753434 Duration=68
Task=19 Chunk=2 Start=7790049219573 End=7790049260938 Duration=41365
Task=20 Chunk=0 Start=7790048753354 End=7790048778387 Duration=25033
Task=20 Chunk=1 Start=7790048778400 End=7790048778662 Duration=262
Task=20 Chunk=2 Start=7790049260939 End=7790049302204 Duration=41265
Task=21 Chunk=0 Start=7790048778391 End=7790048803502 Duration=25111
Task=21 Chunk=1 Start=7790048810937 End=7790048811083 Duration=146
Task=21 Chunk=2 Start=7790049302205 End=7790049343913 Duration=41708
Task=22 Chunk=0 Start=7790048803505 End=7790048829469 Duration=25964
Task=22 Chunk=1 Start=7790048829502 End=7790048829599 Duration=97
Task=22 Chunk=2 Start=7790049343913 End=7790049385737 Duration=41824
Task=23 Chunk=0 Start=7790048829480 End=7790048854151 Duration=24671
Task=23 Chunk=1 Start=7790048854170 End=7790048854291 Duration=121
Task=23 Chunk=2 Start=7790049385741 End=7790049427473 Duration=41732
Task=24 Chunk=0 Start=7790048854155 End=7790048879195 Duration=25040
Task=24 Chunk=1 Start=7790048879211 End=7790048879267 Duration=56
Task=24 Chunk=2 Start=7790049427474 End=7790049469219 Duration=41745
Task=25 Chunk=0 Start=7790048885116 End=7790048909987 Duration=24871
Task=25 Chunk=1 Start=7790048910013 End=7790048910148 Duration=135
Task=25 Chunk=2 Start=7790049469220 End=7790049514580 Duration=45360
Task=26 Chunk=0 Start=7790048925955 End=7790048951450 Duration=25495
Task=26 Chunk=1 Start=7790048951463 End=7790048951612 Duration=149
Task=26 Chunk=2 Start=7790049514581 End=7790049559533 Duration=44952
Task=27 Chunk=0 Start=7790048966629 End=7790048991537 Duration=24908
Task=27 Chunk=1 Start=7790048991561 End=7790048991741 Duration=180
Task=27 Chunk=2 Start=7790049559533 End=7790049604259 Duration=44726
Task=28 Chunk=0 Start=7790049006904 End=7790049032819 Duration=25915
Task=28 Chunk=1 Start=7790049032837 End=7790049032985 Duration=148
Task=28 Chunk=2 Start=7790049604260 End=7790049649221 Duration=44961
Task=29 Chunk=0 Start=7790049052610 End=7790049077449 Duration=24839
Task=29 Chunk=1 Start=7790049077468 End=7790049077645 Duration=177
Task=29 Chunk=2 Start=7790049649248 End=7790049707524 Duration=58276
Task=30 Chunk=0 Start=7790049094351 End=7790049120096 Duration=25745
Task=30 Chunk=1 Start=7790049120126 End=7790049120350 Duration=224
Task=30 Chunk=2 Start=7790049707533 End=7790049762730 Duration=55197
Task=31 Chunk=0 Start=7790049136451 End=7790049162233 Duration=25782
Task=31 Chunk=1 Start=7790049162249 End=7790049162377 Duration=128
Task=31 Chunk=2 Start=7790049762745 End=7790049815574 Duration=52829
Task=32 Chunk=0 Start=7790049178137 End=7790049203141 Duration=25004
Task=32 Chunk=1 Start=7790049203161 End=7790049203310 Duration=149
Task=32 Chunk=2 Start=7790049815592 End=7790049866910 Duration=51318
Task=33 Chunk=0 Start=7790049219587 End=7790049244675 Duration=25088
Task=33 Chunk=1 Start=7790049244694 End=7790049244863 Duration=169
Task=33 Chunk=2 Start=7790049866920 End=7790049918245 Duration=51325
Task=34 Chunk=0 Start=7790049260947 End=7790049285813 Duration=24866
Task=34 Chunk=1 Start=7790049285821 End=7790049285993 Duration=172
Task=34 Chunk=2 Start=7790049918259 End=7790049969812 Duration=51553
Task=35 Chunk=0 Start=7790049302215 End=7790049327974 Duration=25759
Task=35 Chunk=1 Start=7790049327992 End=7790049328147 Duration=155
Task=35 Chunk=2 Start=7790049969823 End=7790050023734 Duration=53911
Task=36 Chunk=0 Start=7790049343922 End=7790049369208 Duration=25286
Task=36 Chunk=1 Start=7790049369245 End=7790049369388 Duration=143
Task=36 Chunk=2 Start=7790050023748 End=7790050075198 Duration=51450
Task=37 Chunk=0 Start=7790049385749 End=7790049411706 Duration=25957
Task=37 Chunk=1 Start=7790049411715 End=7790049411926 Duration=211
Task=37 Chunk=2 Start=7790050075209 End=7790050129358 Duration=54149
Task=38 Chunk=0 Start=7790049427483 End=7790049452621 Duration=25138
Task=38 Chunk=1 Start=7790049452632 End=7790049452840 Duration=208
Task=38 Chunk=2 Start=7790050129375 End=7790050180518 Duration=51143
Task=39 Chunk=0 Start=7790049469226 End=7790049494236 Duration=25010
Task=39 Chunk=1 Start=7790049494250 End=7790049494402 Duration=152
Task=39 Chunk=2 Start=7790050180537 End=7790050236244 Duration=55707
Task=40 Chunk=0 Start=7790049514592 End=7790049539882 Duration=25290
Task=40 Chunk=1 Start=7790049539901 End=7790049540057 Duration=156
Task=40 Chunk=2 Start=7790050236253 End=7790050289469 Duration=53216
Task=41 Chunk=0 Start=7790049559539 End=7790049584576 Duration=25037
Task=41 Chunk=1 Start=7790049584602 End=7790049584742 Duration=140
Task=41 Chunk=2 Start=7790050289476 End=7790050342295 Duration=52819
Task=42 Chunk=0 Start=7790049604267 End=7790049630295 Duration=26028
Task=42 Chunk=1 Start=7790049630314 End=7790049630517 Duration=203
Task=42 Chunk=2 Start=7790050342309 End=7790050397604 Duration=55295
Task=43 Chunk=0 Start=7790049649252 End=7790049673216 Duration=23964
Task=43 Chunk=1 Start=7790049673225 End=7790049673281 Duration=56
Task=43 Chunk=2 Start=7790050397619 End=7790050448736 Duration=51117
Task=44 Chunk=0 Start=7790049707540 End=7790049731762 Duration=24222
Task=44 Chunk=1 Start=7790049731773 End=7790049731826 Duration=53
Task=44 Chunk=2 Start=7790050448746 End=7790050503066 Duration=54320
Task=45 Chunk=0 Start=7790049762751 End=7790049786698 Duration=23947
Task=45 Chunk=1 Start=7790049786713 End=7790049786765 Duration=52
Task=45 Chunk=2 Start=7790050503084 End=7790050557435 Duration=54351
Task=46 Chunk=0 Start=7790049815593 End=7790049840171 Duration=24578
Task=46 Chunk=1 Start=7790049840192 End=7790049840251 Duration=59
Task=46 Chunk=2 Start=7790050557443 End=7790050615905 Duration=58462
Task=47 Chunk=0 Start=7790049866925 End=7790049890786 Duration=23861
Task=47 Chunk=1 Start=7790049890792 End=7790049890843 Duration=51
Task=47 Chunk=2 Start=7790050615926 End=7790050673230 Duration=57304
Task=48 Chunk=0 Start=7790049918263 End=7790049942349 Duration=24086
Task=48 Chunk=1 Start=7790049942370 End=7790049942423 Duration=53
Task=48 Chunk=2 Start=7790050673246 End=7790050725834 Duration=52588
Task=49 Chunk=0 Start=7790049969830 End=7790049993784 Duration=23954
Task=49 Chunk=1 Start=7790049993794 End=7790049993846 Duration=52
Task=49 Chunk=2 Start=7790050725842 End=7790050776774 Duration=50932
Task=50 Chunk=0 Start=7790050023750 End=7790050047569 Duration=23819
Task=50 Chunk=1 Start=7790050047581 End=7790050047634 Duration=53
Task=50 Chunk=2 Start=7790050776785 End=7790050829860 Duration=53075
Task=51 Chunk=0 Start=7790050075213 End=7790050099892 Duration=24679
Task=51 Chunk=1 Start=7790050099904 End=7790050099963 Duration=59
Task=51 Chunk=2 Start=7790050829875 End=7790050881329 Duration=51454
Task=52 Chunk=0 Start=7790050129375 End=7790050153237 Duration=23862
Task=52 Chunk=1 Start=7790050153247 End=7790050153298 Duration=51
Task=52 Chunk=2 Start=7790050881339 End=7790050934421 Duration=53082
Task=53 Chunk=0 Start=7790050180542 End=7790050205265 Duration=24723
Task=53 Chunk=1 Start=7790050205278 End=7790050205347 Duration=69
Task=53 Chunk=2 Start=7790050934432 End=7790050987395 Duration=52963
Task=54 Chunk=0 Start=7790050236257 End=7790050260433 Duration=24176
Task=54 Chunk=1 Start=7790050260445 End=7790050260500 Duration=55
Task=54 Chunk=2 Start=7790050987407 End=7790051039886 Duration=52479
Task=55 Chunk=0 Start=7790050289478 End=7790050314150 Duration=24672
Task=55 Chunk=1 Start=7790050314163 End=7790050314224 Duration=61
Task=55 Chunk=2 Start=7790051039898 End=7790051091222 Duration=51324
Task=56 Chunk=0 Start=7790050342315 End=7790050366523 Duration=24208
Task=56 Chunk=1 Start=7790050366537 End=7790050366592 Duration=55
Task=56 Chunk=2 Start=7790051091243 End=7790051146292 Duration=55049
Task=57 Chunk=0 Start=7790050397624 End=7790050421500 Duration=23876
Task=57 Chunk=1 Start=7790050421507 End=7790050421560 Duration=53
Task=57 Chunk=2 Start=7790051146304 End=7790051201103 Duration=54799
Task=58 Chunk=0 Start=7790050448749 End=7790050472609 Duration=23860
Task=58 Chunk=1 Start=7790050472630 End=7790050472682 Duration=52
Task=58 Chunk=2 Start=7790051201118 End=7790051257854 Duration=56736
Task=59 Chunk=0 Start=7790050503084 End=7790050527046 Duration=23962
Task=59 Chunk=1 Start=7790050527055 End=7790050527108 Duration=53
Task=59 Chunk=2 Start=7790051257878 End=7790051317530 Duration=59652
Task=60 Chunk=0 Start=7790050557449 End=7790050581330 Duration=23881
Task=60 Chunk=1 Start=7790050581341 End=7790050581394 Duration=53
Task=60 Chunk=2 Start=7790051317548 End=7790051374815 Duration=57267
Task=61 Chunk=0 Start=7790050615933 End=7790050640689 Duration=24756
Task=61 Chunk=1 Start=7790050640706 End=7790050640770 Duration=64
Task=61 Chunk=2 Start=7790051374829 End=7790051434067 Duration=59238
Task=62 Chunk=0 Start=7790050673247 End=7790050698050 Duration=24803
Task=62 Chunk=1 Start=7790050698073 End=7790050698156 Duration=83
Task=62 Chunk=2 Start=7790051434077 End=7790051491088 Duration=57011
Task=63 Chunk=0 Start=7790050725842 End=7790050749862 Duration=24020
Task=63 Chunk=1 Start=7790050749871 End=7790050749924 Duration=53
Task=63 Chunk=2 Start=7790051491098 End=7790051549659 Duration=58561
Task=64 Chunk=0 Start=7790050776789 End=7790050801585 Duration=24796
Task=64 Chunk=1 Start=7790050801602 End=7790050801671 Duration=69
Task=64 Chunk=2 Start=7790051549673 End=7790051612269 Duration=62596
Task=65 Chunk=0 Start=7790050829880 End=7790050853839 Duration=23959
Task=65 Chunk=1 Start=7790050853851 End=7790050853903 Duration=52
Task=65 Chunk=2 Start=7790051612282 End=7790051669938 Duration=57656
Task=66 Chunk=0 Start=7790050881342 End=7790050906162 Duration=24820
Task=66 Chunk=1 Start=7790050906177 End=7790050906233 Duration=56
Task=66 Chunk=2 Start=7790051669952 End=7790051731762 Duration=61810
Task=67 Chunk=0 Start=7790050934437 End=7790050958354 Duration=23917
Task=67 Chunk=1 Start=7790050958360 End=7790050958412 Duration=52
Task=67 Chunk=2 Start=7790051731780 End=7790051788707 Duration=56927
Task=68 Chunk=0 Start=7790050987414 End=7790051011457 Duration=24043
Task=68 Chunk=1 Start=7790051011471 End=7790051011532 Duration=61
Task=68 Chunk=2 Start=7790051788716 End=7790051847675 Duration=58959
Task=69 Chunk=0 Start=7790051039902 End=7790051064053 Duration=24151
Task=69 Chunk=1 Start=7790051064063 End=7790051064117 Duration=54
Task=69 Chunk=2 Start=7790051847690 End=7790051910520 Duration=62830
Task=70 Chunk=0 Start=7790051091246 End=7790051115086 Duration=23840
Task=70 Chunk=1 Start=7790051115091 End=7790051115144 Duration=53
Task=70 Chunk=2 Start=7790051910540 End=7790051967913 Duration=57373
Task=71 Chunk=0 Start=7790051146303 End=7790051170181 Duration=23878
Task=71 Chunk=1 Start=7790051170190 End=7790051170244 Duration=54
Task=71 Chunk=2 Start=7790051967925 End=7790052024953 Duration=57028
Task=72 Chunk=0 Start=7790051201117 End=7790051225181 Duration=24064
Task=72 Chunk=1 Start=7790051225189 End=7790051225243 Duration=54
Task=72 Chunk=2 Start=7790052024967 End=7790052082869 Duration=57902
Task=73 Chunk=0 Start=7790051257881 End=7790051282701 Duration=24820
Task=73 Chunk=1 Start=7790051282713 End=7790051282769 Duration=56
Task=73 Chunk=2 Start=7790052082884 End=7790052139813 Duration=56929
Task=74 Chunk=0 Start=7790051317553 End=7790051341657 Duration=24104
Task=74 Chunk=1 Start=7790051341667 End=7790051341724 Duration=57
Task=74 Chunk=2 Start=7790052139831 End=7790052199744 Duration=59913
Task=75 Chunk=0 Start=7790051374836 End=7790051399845 Duration=25009
Task=75 Chunk=1 Start=7790051399859 End=7790051399916 Duration=57
Task=75 Chunk=2 Start=7790052199758 End=7790052256813 Duration=57055
Task=76 Chunk=0 Start=7790051434081 End=7790051458686 Duration=24605
Task=76 Chunk=1 Start=7790051458698 End=7790051458750 Duration=52
Task=76 Chunk=2 Start=7790052256829 End=7790052316200 Duration=59371
Task=77 Chunk=0 Start=7790051491100 End=7790051515227 Duration=24127
Task=77 Chunk=1 Start=7790051515239 End=7790051515294 Duration=55
Task=77 Chunk=2 Start=7790052316216 End=7790052373558 Duration=57342
Task=78 Chunk=0 Start=7790051549679 End=7790051574631 Duration=24952
Task=78 Chunk=1 Start=7790051574644 End=7790051574699 Duration=55
Task=78 Chunk=2 Start=7790052373572 End=7790052430658 Duration=57086
Task=79 Chunk=0 Start=7790051612282 End=7790051636421 Duration=24139
Task=79 Chunk=1 Start=7790051636430 End=7790051636485 Duration=55
Task=79 Chunk=2 Start=7790052430675 End=7790052491787 Duration=61112
Task=80 Chunk=0 Start=7790051669959 End=7790051694766 Duration=24807
Task=80 Chunk=1 Start=7790051694786 End=7790051694845 Duration=59
Task=80 Chunk=2 Start=7790052491803 End=7790052549041 Duration=57238
Task=81 Chunk=0 Start=7790051731779 End=7790051755839 Duration=24060
Task=81 Chunk=1 Start=7790051755851 End=7790051755905 Duration=54
Task=81 Chunk=2 Start=7790052549059 End=7790052607680 Duration=58621
Task=82 Chunk=0 Start=7790051788721 End=7790051812671 Duration=23950
Task=82 Chunk=1 Start=7790051812689 End=7790051812737 Duration=48
Task=82 Chunk=2 Start=7790052607701 End=7790052664592 Duration=56891
Task=83 Chunk=0 Start=7790051847692 End=7790051872474 Duration=24782
Task=83 Chunk=1 Start=7790051872483 End=7790051872537 Duration=54
Task=83 Chunk=2 Start=7790052664613 End=7790052721843 Duration=57230
Task=84 Chunk=0 Start=7790051910546 End=7790051934690 Duration=24144
Task=84 Chunk=1 Start=7790051934704 End=7790051934757 Duration=53
Task=84 Chunk=2 Start=7790052721859 End=7790052779423 Duration=57564
Task=85 Chunk=0 Start=7790051967923 End=7790051992007 Duration=24084
Task=85 Chunk=1 Start=7790051992020 End=7790051992074 Duration=54
Task=85 Chunk=2 Start=7790052779441 End=7790052836971 Duration=57530
Task=86 Chunk=0 Start=7790052024973 End=7790052049335 Duration=24362
Task=86 Chunk=1 Start=7790052049350 End=7790052049402 Duration=52
Task=86 Chunk=2 Start=7790052836993 End=7790052895783 Duration=58790
Task=87 Chunk=0 Start=7790052082887 End=7790052106966 Duration=24079
Task=87 Chunk=1 Start=7790052106980 End=7790052107035 Duration=55
Task=87 Chunk=2 Start=7790052895796 End=7790052952226 Duration=56430
Task=88 Chunk=0 Start=7790052139833 End=7790052164782 Duration=24949
Task=88 Chunk=1 Start=7790052164789 End=7790052164844 Duration=55
Task=88 Chunk=2 Start=7790052952234 End=7790053009025 Duration=56791
Task=89 Chunk=0 Start=7790052199764 End=7790052223850 Duration=24086
Task=89 Chunk=1 Start=7790052223862 End=7790052223917 Duration=55
Task=89 Chunk=2 Start=7790053009037 End=7790053065814 Duration=56777
Task=90 Chunk=0 Start=7790052256828 End=7790052281901 Duration=25073
Task=90 Chunk=1 Start=7790052281913 End=7790052281967 Duration=54
Task=90 Chunk=2 Start=7790053065841 End=7790053122581 Duration=56740
Task=91 Chunk=0 Start=7790052316220 End=7790052340528 Duration=24308
Task=91 Chunk=1 Start=7790052340536 End=7790052340588 Duration=52
Task=91 Chunk=2 Start=7790053122599 End=7790053180848 Duration=58249
Task=92 Chunk=0 Start=7790052373574 End=7790052397644 Duration=24070
Task=92 Chunk=1 Start=7790052397660 End=7790052397723 Duration=63
Task=92 Chunk=2 Start=7790053180872 End=7790053237545 Duration=56673
Task=93 Chunk=0 Start=7790052430678 End=7790052454805 Duration=24127
Task=93 Chunk=1 Start=7790052454820 End=7790052454875 Duration=55
Task=93 Chunk=2 Start=7790053237555 End=7790053295344 Duration=57789
Task=94 Chunk=0 Start=7790052491802 End=7790052515894 Duration=24092
Task=94 Chunk=1 Start=7790052515910 End=7790052515956 Duration=46
Task=94 Chunk=2 Start=7790053295351 End=7790053352931 Duration=57580
Task=95 Chunk=0 Start=7790052549058 End=7790052573855 Duration=24797
Task=95 Chunk=1 Start=7790052573861 End=7790052573905 Duration=44
Task=95 Chunk=2 Start=7790053352947 End=7790053411638 Duration=58691
Task=96 Chunk=0 Start=7790052607698 End=7790052631901 Duration=24203
Task=96 Chunk=1 Start=7790052631916 End=7790052631972 Duration=56
Task=96 Chunk=2 Start=7790053411656 End=7790053469549 Duration=57893
Task=97 Chunk=0 Start=7790052664619 End=7790052688378 Duration=23759
Task=97 Chunk=1 Start=7790052688389 End=7790052688450 Duration=61
Task=97 Chunk=2 Start=7790053469556 End=7790053527103 Duration=57547
Task=98 Chunk=0 Start=7790052721858 End=7790052745837 Duration=23979
Task=98 Chunk=1 Start=7790052745842 End=7790052745899 Duration=57
Task=98 Chunk=2 Start=7790053527122 End=7790053586763 Duration=59641
Task=99 Chunk=0 Start=7790052779447 End=7790052803555 Duration=24108
Task=99 Chunk=1 Start=7790052803567 End=7790052803623 Duration=56
Task=99 Chunk=2 Start=7790053586778 End=7790053644833 Duration=58055
### Python End ###

--------------------------------
[2025-06-28 12:17:05.597] [info] Available Vulkan Layers:
[2025-06-28 12:17:05.597] [warning] Validation layer requested but not available, continuing without it...
[2025-06-28 12:17:05.600] [info] Using integrated GPU: Mali-G710
[2025-06-28 12:17:05.602] [info] VulkanDispatcher instance created.
[2025-06-28 12:17:05.720] [info] Total memory used: 40550404 bytes (38.67188 MB)
[2025-06-28 12:17:05.724] [info] Total memory used: 40550404 bytes (38.67188 MB)
[2025-06-28 12:17:05.775] [info] Total memory used: 40550404 bytes (38.67188 MB)
[2025-06-28 12:17:05.779] [info] Total memory used: 40550404 bytes (38.67188 MB)
[2025-06-28 12:17:05.784] [info] Total memory used: 40550404 bytes (38.67188 MB)
[2025-06-28 12:17:05.840] [info] Total memory used: 40550404 bytes (38.67188 MB)
[2025-06-28 12:17:05.845] [info] Total memory used: 40550404 bytes (38.67188 MB)
[2025-06-28 12:17:05.849] [info] Total memory used: 40550404 bytes (38.67188 MB)
[2025-06-28 12:17:05.853] [info] Total memory used: 40550404 bytes (38.67188 MB)
[2025-06-28 12:17:05.857] [info] Total memory used: 40550404 bytes (38.67188 MB)
[2025-06-28 12:17:05.929] [info] Total memory used: 40550404 bytes (38.67188 MB)
[2025-06-28 12:17:05.934] [info] Total memory used: 40550404 bytes (38.67188 MB)
[2025-06-28 12:17:05.938] [info] Total memory used: 40550404 bytes (38.67188 MB)
[2025-06-28 12:17:05.942] [info] Total memory used: 40550404 bytes (38.67188 MB)
[2025-06-28 12:17:05.946] [info] Total memory used: 40550404 bytes (38.67188 MB)
[2025-06-28 12:17:05.951] [info] Total memory used: 40550404 bytes (38.67188 MB)
### Python Begin ###
Schedule_UID=SCH-L1M2G1B3-G272-460f
Frequency=24576000 Hz
Task=0 Chunk=0 Start=7790063024380 End=7790063033258 Duration=8878
Task=0 Chunk=1 Start=7790063033295 End=7790063113830 Duration=80535
Task=0 Chunk=2 Start=7790063113846 End=7790063113862 Duration=16
Task=0 Chunk=3 Start=7790063113865 End=7790063170089 Duration=56224
Task=1 Chunk=0 Start=7790063033263 End=7790063034223 Duration=960
Task=1 Chunk=1 Start=7790063113836 End=7790063129824 Duration=15988
Task=1 Chunk=2 Start=7790063129829 End=7790063129831 Duration=2
Task=1 Chunk=3 Start=7790063170100 End=7790063221469 Duration=51369
Task=2 Chunk=0 Start=7790063034227 End=7790063035242 Duration=1015
Task=2 Chunk=1 Start=7790063129825 End=7790063141848 Duration=12023
Task=2 Chunk=2 Start=7790063141857 End=7790063141858 Duration=1
Task=2 Chunk=3 Start=7790063221470 End=7790063272037 Duration=50567
Task=3 Chunk=0 Start=7790063035243 End=7790063035679 Duration=436
Task=3 Chunk=1 Start=7790063141849 End=7790063153906 Duration=12057
Task=3 Chunk=3 Start=7790063272040 End=7790063321845 Duration=49805
Task=4 Chunk=0 Start=7790063035680 End=7790063036048 Duration=368
Task=4 Chunk=1 Start=7790063153907 End=7790063165976 Duration=12069
Task=4 Chunk=3 Start=7790063321846 End=7790063371495 Duration=49649
Task=5 Chunk=0 Start=7790063036049 End=7790063036413 Duration=364
Task=5 Chunk=1 Start=7790063165977 End=7790063178980 Duration=13003
Task=5 Chunk=2 Start=7790063178995 End=7790063178996 Duration=1
Task=5 Chunk=3 Start=7790063371496 End=7790063419974 Duration=48478
Task=6 Chunk=0 Start=7790063036414 End=7790063036780 Duration=366
Task=6 Chunk=1 Start=7790063178981 End=7790063191073 Duration=12092
Task=6 Chunk=3 Start=7790063419976 End=7790063469894 Duration=49918
Task=7 Chunk=0 Start=7790063036781 End=7790063037146 Duration=365
Task=7 Chunk=1 Start=7790063191074 End=7790063203172 Duration=12098
Task=7 Chunk=3 Start=7790063469896 End=7790063518677 Duration=48781
Task=8 Chunk=0 Start=7790063037147 End=7790063037541 Duration=394
Task=8 Chunk=1 Start=7790063203173 End=7790063215170 Duration=11997
Task=8 Chunk=2 Start=7790063215180 End=7790063215181 Duration=1
Task=8 Chunk=3 Start=7790063518682 End=7790063568177 Duration=49495
Task=9 Chunk=0 Start=7790063037543 End=7790063037906 Duration=363
Task=9 Chunk=1 Start=7790063215171 End=7790063227152 Duration=11981
Task=9 Chunk=3 Start=7790063568178 End=7790063616577 Duration=48399
Task=10 Chunk=0 Start=7790063037907 End=7790063038269 Duration=362
Task=10 Chunk=1 Start=7790063227152 End=7790063239219 Duration=12067
Task=10 Chunk=2 Start=7790063239229 End=7790063239230 Duration=1
Task=10 Chunk=3 Start=7790063616582 End=7790063666029 Duration=49447
Task=11 Chunk=0 Start=7790063038270 End=7790063038632 Duration=362
Task=11 Chunk=1 Start=7790063239219 End=7790063251489 Duration=12270
Task=11 Chunk=2 Start=7790063251501 End=7790063251502 Duration=1
Task=11 Chunk=3 Start=7790063666030 End=7790063714566 Duration=48536
Task=12 Chunk=0 Start=7790063038633 End=7790063039060 Duration=427
Task=12 Chunk=1 Start=7790063251490 End=7790063263481 Duration=11991
Task=12 Chunk=2 Start=7790063263493 End=7790063263494 Duration=1
Task=12 Chunk=3 Start=7790063714570 End=7790063763802 Duration=49232
Task=13 Chunk=0 Start=7790063039061 End=7790063039422 Duration=361
Task=13 Chunk=1 Start=7790063263482 End=7790063276819 Duration=13337
Task=13 Chunk=2 Start=7790063276828 End=7790063276833 Duration=5
Task=13 Chunk=3 Start=7790063763803 End=7790063812369 Duration=48566
Task=14 Chunk=0 Start=7790063039424 End=7790063039788 Duration=364
Task=14 Chunk=1 Start=7790063276822 End=7790063289003 Duration=12181
Task=14 Chunk=2 Start=7790063289016 End=7790063289017 Duration=1
Task=14 Chunk=3 Start=7790063812371 End=7790063862408 Duration=50037
Task=15 Chunk=0 Start=7790063170116 End=7790063170804 Duration=688
Task=15 Chunk=1 Start=7790063289003 End=7790063301163 Duration=12160
Task=15 Chunk=2 Start=7790063301177 End=7790063301178 Duration=1
Task=15 Chunk=3 Start=7790063862408 End=7790063910285 Duration=47877
Task=16 Chunk=0 Start=7790063221484 End=7790063222005 Duration=521
Task=16 Chunk=1 Start=7790063301164 End=7790063313122 Duration=11958
Task=16 Chunk=2 Start=7790063313131 End=7790063313132 Duration=1
Task=16 Chunk=3 Start=7790063910287 End=7790063959788 Duration=49501
Task=17 Chunk=0 Start=7790063272073 End=7790063272950 Duration=877
Task=17 Chunk=1 Start=7790063313123 End=7790063325570 Duration=12447
Task=17 Chunk=2 Start=7790063325577 End=7790063325578 Duration=1
Task=17 Chunk=3 Start=7790063959791 End=7790064007751 Duration=47960
Task=18 Chunk=0 Start=7790063321852 End=7790063322206 Duration=354
Task=18 Chunk=1 Start=7790063325571 End=7790063337843 Duration=12272
Task=18 Chunk=3 Start=7790064007754 End=7790064058308 Duration=50554
Task=19 Chunk=0 Start=7790063374037 End=7790063374359 Duration=322
Task=19 Chunk=1 Start=7790063374384 End=7790063386466 Duration=12082
Task=19 Chunk=2 Start=7790063386480 End=7790063386481 Duration=1
Task=19 Chunk=3 Start=7790064058312 End=7790064106945 Duration=48633
Task=20 Chunk=0 Start=7790063419984 End=7790063420180 Duration=196
Task=20 Chunk=1 Start=7790063420252 End=7790063432347 Duration=12095
Task=20 Chunk=2 Start=7790063432363 End=7790063432364 Duration=1
Task=20 Chunk=3 Start=7790064106945 End=7790064154794 Duration=47849
Task=21 Chunk=0 Start=7790063469909 End=7790063470177 Duration=268
Task=21 Chunk=1 Start=7790063470253 End=7790063482329 Duration=12076
Task=21 Chunk=2 Start=7790063482342 End=7790063482343 Duration=1
Task=21 Chunk=3 Start=7790064154796 End=7790064229164 Duration=74368
Task=22 Chunk=0 Start=7790063518701 End=7790063518883 Duration=182
Task=22 Chunk=1 Start=7790063518929 End=7790063530892 Duration=11963
Task=22 Chunk=3 Start=7790064229167 End=7790064325696 Duration=96529
Task=23 Chunk=0 Start=7790063568212 End=7790063568456 Duration=244
Task=23 Chunk=1 Start=7790063568523 End=7790063580522 Duration=11999
Task=23 Chunk=3 Start=7790064325697 End=7790064375205 Duration=49508
Task=24 Chunk=0 Start=7790063616608 End=7790063616808 Duration=200
Task=24 Chunk=1 Start=7790063616871 End=7790063628956 Duration=12085
Task=24 Chunk=3 Start=7790064375213 End=7790064469309 Duration=94096
Task=25 Chunk=0 Start=7790063666050 End=7790063666294 Duration=244
Task=25 Chunk=1 Start=7790063666331 End=7790063678408 Duration=12077
Task=25 Chunk=2 Start=7790063678419 End=7790063678423 Duration=4
Task=25 Chunk=3 Start=7790064469310 End=7790064517290 Duration=47980
Task=26 Chunk=0 Start=7790063714591 End=7790063714743 Duration=152
Task=26 Chunk=1 Start=7790063714769 End=7790063726841 Duration=12072
Task=26 Chunk=3 Start=7790064517297 End=7790064565715 Duration=48418
Task=27 Chunk=0 Start=7790063766604 End=7790063766941 Duration=337
Task=27 Chunk=1 Start=7790063766970 End=7790063779046 Duration=12076
Task=27 Chunk=2 Start=7790063779056 End=7790063779057 Duration=1
Task=27 Chunk=3 Start=7790064565716 End=7790064613816 Duration=48100
Task=28 Chunk=0 Start=7790063812378 End=7790063812583 Duration=205
Task=28 Chunk=1 Start=7790063812647 End=7790063824926 Duration=12279
Task=28 Chunk=3 Start=7790064613820 End=7790064662334 Duration=48514
Task=29 Chunk=0 Start=7790063862428 End=7790063862726 Duration=298
Task=29 Chunk=1 Start=7790063862804 End=7790063874999 Duration=12195
Task=29 Chunk=2 Start=7790063875022 End=7790063875023 Duration=1
Task=29 Chunk=3 Start=7790064662335 End=7790064710568 Duration=48233
Task=30 Chunk=0 Start=7790063910319 End=7790063910730 Duration=411
Task=30 Chunk=1 Start=7790063910775 End=7790063923084 Duration=12309
Task=30 Chunk=3 Start=7790064710570 End=7790064759488 Duration=48918
Task=31 Chunk=0 Start=7790063959895 End=7790063963839 Duration=3944
Task=31 Chunk=1 Start=7790063963861 End=7790063975907 Duration=12046
Task=31 Chunk=2 Start=7790063975921 End=7790063975922 Duration=1
Task=31 Chunk=3 Start=7790064759488 End=7790064807621 Duration=48133
Task=32 Chunk=0 Start=7790064007783 End=7790064008059 Duration=276
Task=32 Chunk=1 Start=7790064008113 End=7790064020270 Duration=12157
Task=32 Chunk=3 Start=7790064807625 End=7790064856268 Duration=48643
Task=33 Chunk=0 Start=7790064061256 End=7790064061733 Duration=477
Task=33 Chunk=1 Start=7790064061790 End=7790064074116 Duration=12326
Task=33 Chunk=2 Start=7790064157656 End=7790064157677 Duration=21
Task=33 Chunk=3 Start=7790064856269 End=7790064904204 Duration=47935
Task=34 Chunk=0 Start=7790064106968 End=7790064107167 Duration=199
Task=34 Chunk=1 Start=7790064107207 End=7790064119363 Duration=12156
Task=34 Chunk=3 Start=7790064904208 End=7790064952890 Duration=48682
Task=35 Chunk=0 Start=7790064154826 End=7790064154997 Duration=171
Task=35 Chunk=1 Start=7790064155039 End=7790064168471 Duration=13432
Task=35 Chunk=2 Start=7790064205905 End=7790064205910 Duration=5
Task=35 Chunk=3 Start=7790064952890 End=7790065000659 Duration=47769
Task=36 Chunk=0 Start=7790064229181 End=7790064229452 Duration=271
Task=36 Chunk=1 Start=7790064229491 End=7790064241552 Duration=12061
Task=36 Chunk=2 Start=7790064278111 End=7790064278112 Duration=1
Task=36 Chunk=3 Start=7790065000661 End=7790065049503 Duration=48842
Task=37 Chunk=0 Start=7790064325716 End=7790064325952 Duration=236
Task=37 Chunk=1 Start=7790064326017 End=7790064338059 Duration=12042
Task=37 Chunk=2 Start=7790064353411 End=7790064353424 Duration=13
Task=37 Chunk=3 Start=7790065049509 End=7790065097372 Duration=47863
Task=38 Chunk=0 Start=7790064375225 End=7790064375438 Duration=213
Task=38 Chunk=1 Start=7790064375447 End=7790064387589 Duration=12142
Task=38 Chunk=2 Start=7790064423109 End=7790064423110 Duration=1
Task=38 Chunk=3 Start=7790065097384 End=7790065146393 Duration=49009
Task=39 Chunk=0 Start=7790064469324 End=7790064469564 Duration=240
Task=39 Chunk=1 Start=7790064469618 End=7790064481716 Duration=12098
Task=39 Chunk=2 Start=7790064509455 End=7790064509469 Duration=14
Task=39 Chunk=3 Start=7790065146393 End=7790065194101 Duration=47708
Task=40 Chunk=0 Start=7790064517304 End=7790064517481 Duration=177
Task=40 Chunk=1 Start=7790064517510 End=7790064529442 Duration=11932
Task=40 Chunk=2 Start=7790064529464 End=7790064529465 Duration=1
Task=40 Chunk=3 Start=7790065194101 End=7790065242972 Duration=48871
Task=41 Chunk=0 Start=7790064565730 End=7790064565941 Duration=211
Task=41 Chunk=1 Start=7790064565999 End=7790064578121 Duration=12122
Task=41 Chunk=3 Start=7790065242973 End=7790065290726 Duration=47753
Task=42 Chunk=0 Start=7790064613826 End=7790064614017 Duration=191
Task=42 Chunk=1 Start=7790064614095 End=7790064626180 Duration=12085
Task=42 Chunk=3 Start=7790065290733 End=7790065339476 Duration=48743
Task=43 Chunk=0 Start=7790064662352 End=7790064662582 Duration=230
Task=43 Chunk=1 Start=7790064662654 End=7790064674767 Duration=12113
Task=43 Chunk=3 Start=7790065339477 End=7790065387609 Duration=48132
Task=44 Chunk=0 Start=7790064710580 End=7790064710775 Duration=195
Task=44 Chunk=1 Start=7790064710797 End=7790064722905 Duration=12108
Task=44 Chunk=3 Start=7790065387612 End=7790065436713 Duration=49101
Task=45 Chunk=0 Start=7790064759520 End=7790064759752 Duration=232
Task=45 Chunk=1 Start=7790064759808 End=7790064771875 Duration=12067
Task=45 Chunk=2 Start=7790064771883 End=7790064771884 Duration=1
Task=45 Chunk=3 Start=7790065436713 End=7790065484748 Duration=48035
Task=46 Chunk=0 Start=7790064807629 End=7790064807812 Duration=183
Task=46 Chunk=1 Start=7790064807852 End=7790064820027 Duration=12175
Task=46 Chunk=2 Start=7790064820040 End=7790064820041 Duration=1
Task=46 Chunk=3 Start=7790065484755 End=7790065533804 Duration=49049
Task=47 Chunk=0 Start=7790064856276 End=7790064856619 Duration=343
Task=47 Chunk=1 Start=7790064856663 End=7790064868787 Duration=12124
Task=47 Chunk=2 Start=7790064868797 End=7790064868798 Duration=1
Task=47 Chunk=3 Start=7790065533807 End=7790065581529 Duration=47722
Task=48 Chunk=0 Start=7790064904220 End=7790064904427 Duration=207
Task=48 Chunk=1 Start=7790064904481 End=7790064916475 Duration=11994
Task=48 Chunk=3 Start=7790065581532 End=7790065629205 Duration=47673
Task=49 Chunk=0 Start=7790064952900 End=7790064953141 Duration=241
Task=49 Chunk=1 Start=7790064953194 End=7790064965178 Duration=11984
Task=49 Chunk=3 Start=7790065629214 End=7790065678377 Duration=49163
Task=50 Chunk=0 Start=7790065000669 End=7790065000837 Duration=168
Task=50 Chunk=1 Start=7790065000883 End=7790065012972 Duration=12089
Task=50 Chunk=3 Start=7790065678377 End=7790065725973 Duration=47596
Task=51 Chunk=0 Start=7790065049525 End=7790065049823 Duration=298
Task=51 Chunk=1 Start=7790065049848 End=7790065062152 Duration=12304
Task=51 Chunk=3 Start=7790065725977 End=7790065775208 Duration=49231
Task=52 Chunk=0 Start=7790065097408 End=7790065097602 Duration=194
Task=52 Chunk=1 Start=7790065097631 End=7790065109679 Duration=12048
Task=52 Chunk=2 Start=7790065109694 End=7790065109695 Duration=1
Task=52 Chunk=3 Start=7790065775216 End=7790065823383 Duration=48167
Task=53 Chunk=0 Start=7790065146428 End=7790065146638 Duration=210
Task=53 Chunk=1 Start=7790065146676 End=7790065158817 Duration=12141
Task=53 Chunk=3 Start=7790065823387 End=7790065872295 Duration=48908
Task=54 Chunk=0 Start=7790065194129 End=7790065194311 Duration=182
Task=54 Chunk=1 Start=7790065194329 End=7790065206344 Duration=12015
Task=54 Chunk=2 Start=7790065206356 End=7790065206357 Duration=1
Task=54 Chunk=3 Start=7790065872301 End=7790065920232 Duration=47931
Task=55 Chunk=0 Start=7790065243005 End=7790065243414 Duration=409
Task=55 Chunk=1 Start=7790065243460 End=7790065255505 Duration=12045
Task=55 Chunk=2 Start=7790065255521 End=7790065255522 Duration=1
Task=55 Chunk=3 Start=7790065920234 End=7790065969064 Duration=48830
Task=56 Chunk=0 Start=7790065290753 End=7790065290943 Duration=190
Task=56 Chunk=1 Start=7790065290982 End=7790065303060 Duration=12078
Task=56 Chunk=2 Start=7790065303067 End=7790065303068 Duration=1
Task=56 Chunk=3 Start=7790065969064 End=7790066017039 Duration=47975
Task=57 Chunk=0 Start=7790065339487 End=7790065339927 Duration=440
Task=57 Chunk=1 Start=7790065339988 End=7790065352084 Duration=12096
Task=57 Chunk=2 Start=7790065352097 End=7790065352098 Duration=1
Task=57 Chunk=3 Start=7790066017046 End=7790066065749 Duration=48703
Task=58 Chunk=0 Start=7790065387623 End=7790065387844 Duration=221
Task=58 Chunk=1 Start=7790065387880 End=7790065400071 Duration=12191
Task=58 Chunk=2 Start=7790065400090 End=7790065400091 Duration=1
Task=58 Chunk=3 Start=7790066065751 End=7790066113402 Duration=47651
Task=59 Chunk=0 Start=7790065436746 End=7790065436953 Duration=207
Task=59 Chunk=1 Start=7790065437033 End=7790065449206 Duration=12173
Task=59 Chunk=3 Start=7790066113412 End=7790066161974 Duration=48562
Task=60 Chunk=0 Start=7790065484781 End=7790065484975 Duration=194
Task=60 Chunk=1 Start=7790065485017 End=7790065497090 Duration=12073
Task=60 Chunk=2 Start=7790065497100 End=7790065497101 Duration=1
Task=60 Chunk=3 Start=7790066161975 End=7790066209448 Duration=47473
Task=61 Chunk=0 Start=7790065533818 End=7790065534053 Duration=235
Task=61 Chunk=1 Start=7790065534113 End=7790065546318 Duration=12205
Task=61 Chunk=2 Start=7790065546333 End=7790065546334 Duration=1
Task=61 Chunk=3 Start=7790066209449 End=7790066258454 Duration=49005
Task=62 Chunk=0 Start=7790065581550 End=7790065581723 Duration=173
Task=62 Chunk=1 Start=7790065581737 End=7790065593800 Duration=12063
Task=62 Chunk=3 Start=7790066258455 End=7790066312712 Duration=54257
Task=63 Chunk=0 Start=7790065629240 End=7790065629400 Duration=160
Task=63 Chunk=1 Start=7790065629446 End=7790065642584 Duration=13138
Task=63 Chunk=3 Start=7790066312712 End=7790066369822 Duration=57110
Task=64 Chunk=0 Start=7790065678402 End=7790065678632 Duration=230
Task=64 Chunk=1 Start=7790065678669 End=7790065690791 Duration=12122
Task=64 Chunk=3 Start=7790066369823 End=7790066426577 Duration=56754
Task=65 Chunk=0 Start=7790065726011 End=7790065726165 Duration=154
Task=65 Chunk=1 Start=7790065726229 End=7790065739895 Duration=13666
Task=65 Chunk=3 Start=7790066426578 End=7790066482075 Duration=55497
Task=66 Chunk=0 Start=7790065775238 End=7790065777775 Duration=2537
Task=66 Chunk=1 Start=7790065777800 End=7790065789805 Duration=12005
Task=66 Chunk=2 Start=7790065789816 End=7790065789817 Duration=1
Task=66 Chunk=3 Start=7790066482076 End=7790066539198 Duration=57122
Task=67 Chunk=0 Start=7790065823417 End=7790065823638 Duration=221
Task=67 Chunk=1 Start=7790065823711 End=7790065836807 Duration=13096
Task=67 Chunk=2 Start=7790065836827 End=7790065836828 Duration=1
Task=67 Chunk=3 Start=7790066539203 End=7790066596583 Duration=57380
Task=68 Chunk=0 Start=7790065872317 End=7790065872626 Duration=309
Task=68 Chunk=1 Start=7790065872665 End=7790065884751 Duration=12086
Task=68 Chunk=3 Start=7790066596584 End=7790066655255 Duration=58671
Task=69 Chunk=0 Start=7790065920241 End=7790065980724 Duration=60483
Task=69 Chunk=1 Start=7790065980781 End=7790065992878 Duration=12097
Task=69 Chunk=2 Start=7790065992893 End=7790065992897 Duration=4
Task=69 Chunk=3 Start=7790066655255 End=7790066712309 Duration=57054
Task=70 Chunk=0 Start=7790065980728 End=7790065980960 Duration=232
Task=70 Chunk=1 Start=7790065992886 End=7790066004790 Duration=11904
Task=70 Chunk=3 Start=7790066712309 End=7790066768259 Duration=55950
Task=71 Chunk=0 Start=7790066017052 End=7790066017264 Duration=212
Task=71 Chunk=1 Start=7790066017293 End=7790066030361 Duration=13068
Task=71 Chunk=3 Start=7790066768259 End=7790066825614 Duration=57355
Task=72 Chunk=0 Start=7790066065782 End=7790066500733 Duration=434951
Task=72 Chunk=1 Start=7790066500832 End=7790066513460 Duration=12628
Task=72 Chunk=3 Start=7790066825627 End=7790066883275 Duration=57648
Task=73 Chunk=0 Start=7790066500753 End=7790066501418 Duration=665
Task=73 Chunk=1 Start=7790066513461 End=7790066526842 Duration=13381
Task=73 Chunk=3 Start=7790066883282 End=7790066941855 Duration=58573
Task=74 Chunk=0 Start=7790066501423 End=7790066501647 Duration=224
Task=74 Chunk=1 Start=7790066526843 End=7790066539421 Duration=12578
Task=74 Chunk=3 Start=7790066941856 End=7790066998777 Duration=56921
Task=75 Chunk=0 Start=7790066501649 End=7790066504339 Duration=2690
Task=75 Chunk=1 Start=7790066539421 End=7790066552546 Duration=13125
Task=75 Chunk=3 Start=7790066998778 End=7790067057246 Duration=58468
Task=76 Chunk=0 Start=7790066504341 End=7790066504562 Duration=221
Task=76 Chunk=1 Start=7790066552547 End=7790066565536 Duration=12989
Task=76 Chunk=2 Start=7790066565549 End=7790066565550 Duration=1
Task=76 Chunk=3 Start=7790067057247 End=7790067117731 Duration=60484
Task=77 Chunk=0 Start=7790066504563 End=7790066504797 Duration=234
Task=77 Chunk=1 Start=7790066565536 End=7790066578390 Duration=12854
Task=77 Chunk=3 Start=7790067117731 End=7790067174960 Duration=57229
Task=78 Chunk=0 Start=7790066504798 End=7790066506620 Duration=1822
Task=78 Chunk=1 Start=7790066578390 End=7790066591204 Duration=12814
Task=78 Chunk=3 Start=7790067174961 End=7790067246999 Duration=72038
Task=79 Chunk=0 Start=7790066506622 End=7790066506863 Duration=241
Task=79 Chunk=1 Start=7790066591205 End=7790066604241 Duration=13036
Task=79 Chunk=2 Start=7790066604252 End=7790066604253 Duration=1
Task=79 Chunk=3 Start=7790067247000 End=7790067310608 Duration=63608
Task=80 Chunk=0 Start=7790066506865 End=7790066507048 Duration=183
Task=80 Chunk=1 Start=7790066604242 End=7790066618327 Duration=14085
Task=80 Chunk=2 Start=7790066618338 End=7790066618339 Duration=1
Task=80 Chunk=3 Start=7790067310609 End=7790067368151 Duration=57542
Task=81 Chunk=0 Start=7790066539974 End=7790066540550 Duration=576
Task=81 Chunk=1 Start=7790066618327 End=7790066631292 Duration=12965
Task=81 Chunk=3 Start=7790067368155 End=7790067431320 Duration=63165
Task=82 Chunk=0 Start=7790066610348 End=7790066617175 Duration=6827
Task=82 Chunk=1 Start=7790066631292 End=7790066644291 Duration=12999
Task=82 Chunk=2 Start=7790066644305 End=7790066644306 Duration=1
Task=82 Chunk=3 Start=7790067431321 End=7790067487989 Duration=56668
Task=83 Chunk=0 Start=7790066972287 End=7790067355724 Duration=383437
Task=83 Chunk=1 Start=7790067355741 End=7790067369142 Duration=13401
Task=83 Chunk=2 Start=7790067369150 End=7790067369172 Duration=22
Task=83 Chunk=3 Start=7790067487992 End=7790067545355 Duration=57363
Task=84 Chunk=0 Start=7790067355742 End=7790067356349 Duration=607
Task=84 Chunk=1 Start=7790067369143 End=7790067382283 Duration=13140
Task=84 Chunk=2 Start=7790067382301 End=7790067382302 Duration=1
Task=84 Chunk=3 Start=7790067545356 End=7790067603535 Duration=58179
Task=85 Chunk=0 Start=7790067356353 End=7790067356581 Duration=228
Task=85 Chunk=1 Start=7790067382284 End=7790067395359 Duration=13075
Task=85 Chunk=3 Start=7790067603544 End=7790067662633 Duration=59089
Task=86 Chunk=0 Start=7790067356582 End=7790067356781 Duration=199
Task=86 Chunk=1 Start=7790067395360 End=7790067406943 Duration=11583
Task=86 Chunk=2 Start=7790067407219 End=7790067407230 Duration=11
Task=86 Chunk=3 Start=7790067662634 End=7790067720329 Duration=57695
Task=87 Chunk=0 Start=7790067356782 End=7790067356965 Duration=183
Task=87 Chunk=1 Start=7790067406944 End=7790067413717 Duration=6773
Task=87 Chunk=3 Start=7790067720330 End=7790067776798 Duration=56468
Task=88 Chunk=0 Start=7790067356971 End=7790067357154 Duration=183
Task=88 Chunk=1 Start=7790067413718 End=7790067420563 Duration=6845
Task=88 Chunk=2 Start=7790067420682 End=7790067420689 Duration=7
Task=88 Chunk=3 Start=7790067776802 End=7790067834023 Duration=57221
Task=89 Chunk=0 Start=7790067357157 End=7790067357335 Duration=178
Task=89 Chunk=1 Start=7790067420564 End=7790067427138 Duration=6574
Task=89 Chunk=2 Start=7790067427227 End=7790067427229 Duration=2
Task=89 Chunk=3 Start=7790067834027 End=7790067890347 Duration=56320
Task=90 Chunk=0 Start=7790067357337 End=7790067357515 Duration=178
Task=90 Chunk=1 Start=7790067427139 End=7790067433914 Duration=6775
Task=90 Chunk=2 Start=7790067434100 End=7790067434102 Duration=2
Task=90 Chunk=3 Start=7790067890348 End=7790067947253 Duration=56905
Task=91 Chunk=0 Start=7790067357517 End=7790067357702 Duration=185
Task=91 Chunk=1 Start=7790067433915 End=7790067446260 Duration=12345
Task=91 Chunk=2 Start=7790067446492 End=7790067446493 Duration=1
Task=91 Chunk=3 Start=7790067947259 End=7790068004887 Duration=57628
Task=92 Chunk=0 Start=7790067357703 End=7790067357880 Duration=177
Task=92 Chunk=1 Start=7790067446261 End=7790067458432 Duration=12171
Task=92 Chunk=3 Start=7790068004893 End=7790068061619 Duration=56726
Task=93 Chunk=0 Start=7790067357882 End=7790067358058 Duration=176
Task=93 Chunk=1 Start=7790067458433 End=7790067470561 Duration=12128
Task=93 Chunk=2 Start=7790067470691 End=7790067470692 Duration=1
Task=93 Chunk=3 Start=7790068061620 End=7790068119141 Duration=57521
Task=94 Chunk=0 Start=7790067358060 End=7790067358248 Duration=188
Task=94 Chunk=1 Start=7790067470562 End=7790067482676 Duration=12114
Task=94 Chunk=2 Start=7790067482863 End=7790067482864 Duration=1
Task=94 Chunk=3 Start=7790068119141 End=7790068175058 Duration=55917
Task=95 Chunk=0 Start=7790067368164 End=7790067368359 Duration=195
Task=95 Chunk=1 Start=7790067482676 End=7790067494792 Duration=12116
Task=95 Chunk=2 Start=7790067494928 End=7790067494935 Duration=7
Task=95 Chunk=3 Start=7790068175059 End=7790068231414 Duration=56355
Task=96 Chunk=0 Start=7790067431337 End=7790067431727 Duration=390
Task=96 Chunk=1 Start=7790067494792 End=7790067508043 Duration=13251
Task=96 Chunk=2 Start=7790067508142 End=7790067508147 Duration=5
Task=96 Chunk=3 Start=7790068231415 End=7790068288136 Duration=56721
Task=97 Chunk=0 Start=7790067488001 End=7790067488265 Duration=264
Task=97 Chunk=1 Start=7790067508043 End=7790067520321 Duration=12278
Task=97 Chunk=2 Start=7790067520503 End=7790067520504 Duration=1
Task=97 Chunk=3 Start=7790068288137 End=7790068344002 Duration=55865
Task=98 Chunk=0 Start=7790067545401 End=7790067545673 Duration=272
Task=98 Chunk=1 Start=7790067545688 End=7790067553206 Duration=7518
Task=98 Chunk=2 Start=7790067553336 End=7790067553337 Duration=1
Task=98 Chunk=3 Start=7790068344002 End=7790068400871 Duration=56869
Task=99 Chunk=0 Start=7790067603555 End=7790067603863 Duration=308
Task=99 Chunk=1 Start=7790067603867 End=7790067611820 Duration=7953
Task=99 Chunk=2 Start=7790067611969 End=7790067611971 Duration=2
Task=99 Chunk=3 Start=7790068400871 End=7790068456999 Duration=56128
### Python End ###

--------------------------------
[2025-06-28 12:17:06.195] [info] Available Vulkan Layers:
[2025-06-28 12:17:06.195] [warning] Validation layer requested but not available, continuing without it...
[2025-06-28 12:17:06.198] [info] Using integrated GPU: Mali-G710
[2025-06-28 12:17:06.201] [info] VulkanDispatcher instance created.
[2025-06-28 12:17:06.369] [info] Total memory used: 40550404 bytes (38.67188 MB)
[2025-06-28 12:17:06.373] [info] Total memory used: 40550404 bytes (38.67188 MB)
[2025-06-28 12:17:06.403] [info] Total memory used: 40550404 bytes (38.67188 MB)
[2025-06-28 12:17:06.407] [info] Total memory used: 40550404 bytes (38.67188 MB)
[2025-06-28 12:17:06.412] [info] Total memory used: 40550404 bytes (38.67188 MB)
[2025-06-28 12:17:06.500] [info] Total memory used: 40550404 bytes (38.67188 MB)
[2025-06-28 12:17:06.506] [info] Total memory used: 40550404 bytes (38.67188 MB)
[2025-06-28 12:17:06.510] [info] Total memory used: 40550404 bytes (38.67188 MB)
[2025-06-28 12:17:06.515] [info] Total memory used: 40550404 bytes (38.67188 MB)
[2025-06-28 12:17:06.520] [info] Total memory used: 40550404 bytes (38.67188 MB)
[2025-06-28 12:17:06.578] [info] Total memory used: 40550404 bytes (38.67188 MB)
[2025-06-28 12:17:06.583] [info] Total memory used: 40550404 bytes (38.67188 MB)
[2025-06-28 12:17:06.587] [info] Total memory used: 40550404 bytes (38.67188 MB)
[2025-06-28 12:17:06.592] [info] Total memory used: 40550404 bytes (38.67188 MB)
[2025-06-28 12:17:06.597] [info] Total memory used: 40550404 bytes (38.67188 MB)
[2025-06-28 12:17:06.602] [info] Total memory used: 40550404 bytes (38.67188 MB)
### Python Begin ###
Schedule_UID=SCH-L2M2G3-G272-0307
Frequency=24576000 Hz
Task=0 Chunk=0 Start=7790079221650 End=7790079416424 Duration=194774
Task=0 Chunk=1 Start=7790079416718 End=7790079663428 Duration=246710
Task=0 Chunk=2 Start=7790079703964 End=7790079840760 Duration=136796
Task=1 Chunk=0 Start=7790079416455 End=7790079489050 Duration=72595
Task=1 Chunk=1 Start=7790079663431 End=7790079807590 Duration=144159
Task=1 Chunk=2 Start=7790079840764 End=7790079885328 Duration=44564
Task=2 Chunk=0 Start=7790079489068 End=7790079559783 Duration=70715
Task=2 Chunk=1 Start=7790079807600 End=7790079948134 Duration=140534
Task=2 Chunk=2 Start=7790079948147 End=7790079990695 Duration=42548
Task=3 Chunk=0 Start=7790079559794 End=7790079630455 Duration=70661
Task=3 Chunk=1 Start=7790079948137 End=7790080089314 Duration=141177
Task=3 Chunk=2 Start=7790080089335 End=7790080132552 Duration=43217
Task=4 Chunk=0 Start=7790079630467 End=7790079701387 Duration=70920
Task=4 Chunk=1 Start=7790080089325 End=7790080236299 Duration=146974
Task=4 Chunk=2 Start=7790080236317 End=7790080281104 Duration=44787
Task=5 Chunk=0 Start=7790079701413 End=7790079771234 Duration=69821
Task=5 Chunk=1 Start=7790080236299 End=7790080380282 Duration=143983
Task=5 Chunk=2 Start=7790080380310 End=7790080423990 Duration=43680
Task=6 Chunk=0 Start=7790079771251 End=7790079850460 Duration=79209
Task=6 Chunk=1 Start=7790080380301 End=7790080525763 Duration=145462
Task=6 Chunk=2 Start=7790080525783 End=7790080569043 Duration=43260
Task=7 Chunk=0 Start=7790079850480 End=7790079921906 Duration=71426
Task=7 Chunk=1 Start=7790080525777 End=7790080672181 Duration=146404
Task=7 Chunk=2 Start=7790080672202 End=7790080715326 Duration=43124
Task=8 Chunk=0 Start=7790079921921 End=7790079993203 Duration=71282
Task=8 Chunk=1 Start=7790080672185 End=7790080814811 Duration=142626
Task=8 Chunk=2 Start=7790080814834 End=7790080858248 Duration=43414
Task=9 Chunk=0 Start=7790079993218 End=7790080060972 Duration=67754
Task=9 Chunk=1 Start=7790080814827 End=7790080954550 Duration=139723
Task=9 Chunk=2 Start=7790080954557 End=7790080997709 Duration=43152
Task=10 Chunk=0 Start=7790080060980 End=7790080130615 Duration=69635
Task=10 Chunk=1 Start=7790080954552 End=7790081096583 Duration=142031
Task=10 Chunk=2 Start=7790081096603 End=7790081139471 Duration=42868
Task=11 Chunk=0 Start=7790080130631 End=7790080201489 Duration=70858
Task=11 Chunk=1 Start=7790081096585 End=7790081236109 Duration=139524
Task=11 Chunk=2 Start=7790081236126 End=7790081278281 Duration=42155
Task=12 Chunk=0 Start=7790080201496 End=7790080269126 Duration=67630
Task=12 Chunk=1 Start=7790081236117 End=7790081375994 Duration=139877
Task=12 Chunk=2 Start=7790081376014 End=7790081418212 Duration=42198
Task=13 Chunk=0 Start=7790080269136 End=7790080341887 Duration=72751
Task=13 Chunk=1 Start=7790081376004 End=7790081515204 Duration=139200
Task=13 Chunk=2 Start=7790081515221 End=7790081558095 Duration=42874
Task=14 Chunk=0 Start=7790080341895 End=7790080412178 Duration=70283
Task=14 Chunk=1 Start=7790081515210 End=7790081655115 Duration=139905
Task=14 Chunk=2 Start=7790081655126 End=7790081698482 Duration=43356
Task=15 Chunk=0 Start=7790080412188 End=7790080487584 Duration=75396
Task=15 Chunk=1 Start=7790081655117 End=7790081793514 Duration=138397
Task=15 Chunk=2 Start=7790081793523 End=7790081835687 Duration=42164
Task=16 Chunk=0 Start=7790080487605 End=7790080556139 Duration=68534
Task=16 Chunk=1 Start=7790081793515 End=7790081932026 Duration=138511
Task=16 Chunk=2 Start=7790081932035 End=7790081979093 Duration=47058
Task=17 Chunk=0 Start=7790080556148 End=7790080628417 Duration=72269
Task=17 Chunk=1 Start=7790081932031 End=7790082071632 Duration=139601
Task=17 Chunk=2 Start=7790082071652 End=7790082114024 Duration=42372
Task=18 Chunk=0 Start=7790080628423 End=7790080698116 Duration=69693
Task=18 Chunk=1 Start=7790082071635 End=7790082209965 Duration=138330
Task=18 Chunk=2 Start=7790082209979 End=7790082252692 Duration=42713
Task=19 Chunk=0 Start=7790080698138 End=7790080770671 Duration=72533
Task=19 Chunk=1 Start=7790082209966 End=7790082350923 Duration=140957
Task=19 Chunk=2 Start=7790082350938 End=7790082393729 Duration=42791
Task=20 Chunk=0 Start=7790080770682 End=7790080838651 Duration=67969
Task=20 Chunk=1 Start=7790082350925 End=7790082489792 Duration=138867
Task=20 Chunk=2 Start=7790082489810 End=7790082532392 Duration=42582
Task=21 Chunk=0 Start=7790080838657 End=7790080912232 Duration=73575
Task=21 Chunk=1 Start=7790082489795 End=7790082628110 Duration=138315
Task=21 Chunk=2 Start=7790082628120 End=7790082670836 Duration=42716
Task=22 Chunk=0 Start=7790080912259 End=7790080981937 Duration=69678
Task=22 Chunk=1 Start=7790082628112 End=7790082770892 Duration=142780
Task=22 Chunk=2 Start=7790082770904 End=7790082813078 Duration=42174
Task=23 Chunk=0 Start=7790080981960 End=7790081052963 Duration=71003
Task=23 Chunk=1 Start=7790082770893 End=7790082909461 Duration=138568
Task=23 Chunk=2 Start=7790082909478 End=7790082952138 Duration=42660
Task=24 Chunk=0 Start=7790081052981 End=7790081122627 Duration=69646
Task=24 Chunk=1 Start=7790082909467 End=7790083048857 Duration=139390
Task=24 Chunk=2 Start=7790083048878 End=7790083091592 Duration=42714
Task=25 Chunk=0 Start=7790081139760 End=7790081208702 Duration=68942
Task=25 Chunk=1 Start=7790083048860 End=7790083187616 Duration=138756
Task=25 Chunk=2 Start=7790083187637 End=7790083229778 Duration=42141
Task=26 Chunk=0 Start=7790081278325 End=7790081345984 Duration=67659
Task=26 Chunk=1 Start=7790083187628 End=7790083326920 Duration=139292
Task=26 Chunk=2 Start=7790083327942 End=7790083370090 Duration=42148
Task=27 Chunk=0 Start=7790081418247 End=7790081487264 Duration=69017
Task=27 Chunk=1 Start=7790083326921 End=7790083465138 Duration=138217
Task=27 Chunk=2 Start=7790083465153 End=7790083507352 Duration=42199
Task=28 Chunk=0 Start=7790081558861 End=7790081626359 Duration=67498
Task=28 Chunk=1 Start=7790083465139 End=7790083603888 Duration=138749
Task=28 Chunk=2 Start=7790083603905 End=7790083646345 Duration=42440
Task=29 Chunk=0 Start=7790081698712 End=7790081767731 Duration=69019
Task=29 Chunk=1 Start=7790083603893 End=7790083742755 Duration=138862
Task=29 Chunk=2 Start=7790083742762 End=7790083785840 Duration=43078
Task=30 Chunk=0 Start=7790081835714 End=7790081904854 Duration=69140
Task=30 Chunk=1 Start=7790083742757 End=7790083881264 Duration=138507
Task=30 Chunk=2 Start=7790083881274 End=7790083923512 Duration=42238
Task=31 Chunk=0 Start=7790081979110 End=7790082048475 Duration=69365
Task=31 Chunk=1 Start=7790083881264 End=7790084020424 Duration=139160
Task=31 Chunk=2 Start=7790084020438 End=7790084062637 Duration=42199
Task=32 Chunk=0 Start=7790082114056 End=7790082183630 Duration=69574
Task=32 Chunk=1 Start=7790084020428 End=7790084158775 Duration=138347
Task=32 Chunk=2 Start=7790084158787 End=7790084201144 Duration=42357
Task=33 Chunk=0 Start=7790082252708 End=7790082321680 Duration=68972
Task=33 Chunk=1 Start=7790084158775 End=7790084297282 Duration=138507
Task=33 Chunk=2 Start=7790084297292 End=7790084339967 Duration=42675
Task=34 Chunk=0 Start=7790082393775 End=7790082463458 Duration=69683
Task=34 Chunk=1 Start=7790084297283 End=7790084437141 Duration=139858
Task=34 Chunk=2 Start=7790084437152 End=7790084479822 Duration=42670
Task=35 Chunk=0 Start=7790082532719 End=7790082604881 Duration=72162
Task=35 Chunk=1 Start=7790084437142 End=7790084575609 Duration=138467
Task=35 Chunk=2 Start=7790084575629 End=7790084618170 Duration=42541
Task=36 Chunk=0 Start=7790082670850 End=7790082739639 Duration=68789
Task=36 Chunk=1 Start=7790084575609 End=7790084715043 Duration=139434
Task=36 Chunk=2 Start=7790084715062 End=7790084756992 Duration=41930
Task=37 Chunk=0 Start=7790082813424 End=7790082882577 Duration=69153
Task=37 Chunk=1 Start=7790084715051 End=7790084857438 Duration=142387
Task=37 Chunk=2 Start=7790084857444 End=7790084900170 Duration=42726
Task=38 Chunk=0 Start=7790082952185 End=7790083020160 Duration=67975
Task=38 Chunk=1 Start=7790084857439 End=7790084996691 Duration=139252
Task=38 Chunk=2 Start=7790084997048 End=7790085039161 Duration=42113
Task=39 Chunk=0 Start=7790083091968 End=7790083161162 Duration=69194
Task=39 Chunk=1 Start=7790084996696 End=7790085134824 Duration=138128
Task=39 Chunk=2 Start=7790085134841 End=7790085175998 Duration=41157
Task=40 Chunk=0 Start=7790083229807 End=7790083297361 Duration=67554
Task=40 Chunk=1 Start=7790085134825 End=7790085272929 Duration=138104
Task=40 Chunk=2 Start=7790085272941 End=7790085319184 Duration=46243
Task=41 Chunk=0 Start=7790083370466 End=7790083439421 Duration=68955
Task=41 Chunk=1 Start=7790085272941 End=7790085412190 Duration=139249
Task=41 Chunk=2 Start=7790085412206 End=7790085453175 Duration=40969
Task=42 Chunk=0 Start=7790083507369 End=7790083576324 Duration=68955
Task=42 Chunk=1 Start=7790085412191 End=7790085550830 Duration=138639
Task=42 Chunk=2 Start=7790085550856 End=7790085592628 Duration=41772
Task=43 Chunk=0 Start=7790083646372 End=7790083713904 Duration=67532
Task=43 Chunk=1 Start=7790085550830 End=7790085691008 Duration=140178
Task=43 Chunk=2 Start=7790085691019 End=7790085732584 Duration=41565
Task=44 Chunk=0 Start=7790083785869 End=7790083854643 Duration=68774
Task=44 Chunk=1 Start=7790085691013 End=7790085830646 Duration=139633
Task=44 Chunk=2 Start=7790085830653 End=7790085872095 Duration=41442
Task=45 Chunk=0 Start=7790083923840 End=7790083991742 Duration=67902
Task=45 Chunk=1 Start=7790085830646 End=7790085968847 Duration=138201
Task=45 Chunk=2 Start=7790085968857 End=7790086010266 Duration=41409
Task=46 Chunk=0 Start=7790084062667 End=7790084131899 Duration=69232
Task=46 Chunk=1 Start=7790085968850 End=7790086108069 Duration=139219
Task=46 Chunk=2 Start=7790086108076 End=7790086149872 Duration=41796
Task=47 Chunk=0 Start=7790084201578 End=7790084270979 Duration=69401
Task=47 Chunk=1 Start=7790086108070 End=7790086246283 Duration=138213
Task=47 Chunk=2 Start=7790086246294 End=7790086287497 Duration=41203
Task=48 Chunk=0 Start=7790084339985 End=7790084409429 Duration=69444
Task=48 Chunk=1 Start=7790086246293 End=7790086385672 Duration=139379
Task=48 Chunk=2 Start=7790086385681 End=7790086427809 Duration=42128
Task=49 Chunk=0 Start=7790084480169 End=7790084550576 Duration=70407
Task=49 Chunk=1 Start=7790086385674 End=7790086523999 Duration=138325
Task=49 Chunk=2 Start=7790086524017 End=7790086566216 Duration=42199
Task=50 Chunk=0 Start=7790084618227 End=7790084686225 Duration=67998
Task=50 Chunk=1 Start=7790086523999 End=7790086662606 Duration=138607
Task=50 Chunk=2 Start=7790086662616 End=7790086704776 Duration=42160
Task=51 Chunk=0 Start=7790084757340 End=7790084826448 Duration=69108
Task=51 Chunk=1 Start=7790086662607 End=7790086801658 Duration=139051
Task=51 Chunk=2 Start=7790086801684 End=7790086843845 Duration=42161
Task=52 Chunk=0 Start=7790084900181 End=7790084967717 Duration=67536
Task=52 Chunk=1 Start=7790086801659 End=7790086943726 Duration=142067
Task=52 Chunk=2 Start=7790086943745 End=7790086985591 Duration=41846
Task=53 Chunk=0 Start=7790085039493 End=7790085108466 Duration=68973
Task=53 Chunk=1 Start=7790086943738 End=7790087082984 Duration=139246
Task=53 Chunk=2 Start=7790087082993 End=7790087124711 Duration=41718
Task=54 Chunk=0 Start=7790085176057 End=7790085244873 Duration=68816
Task=54 Chunk=1 Start=7790087082985 End=7790087221128 Duration=138143
Task=54 Chunk=2 Start=7790087221144 End=7790087262765 Duration=41621
Task=55 Chunk=0 Start=7790085319212 End=7790085386645 Duration=67433
Task=55 Chunk=1 Start=7790087221143 End=7790087360025 Duration=138882
Task=55 Chunk=2 Start=7790087360042 End=7790087401492 Duration=41450
Task=56 Chunk=0 Start=7790085453500 End=7790085522654 Duration=69154
Task=56 Chunk=1 Start=7790087360026 End=7790087498442 Duration=138416
Task=56 Chunk=2 Start=7790087498458 End=7790087540341 Duration=41883
Task=57 Chunk=0 Start=7790085592648 End=7790085660640 Duration=67992
Task=57 Chunk=1 Start=7790087498443 End=7790087636539 Duration=138096
Task=57 Chunk=2 Start=7790087636555 End=7790087677748 Duration=41193
Task=58 Chunk=0 Start=7790085732625 End=7790085802055 Duration=69430
Task=58 Chunk=1 Start=7790087636541 End=7790087775584 Duration=139043
Task=58 Chunk=2 Start=7790087775608 End=7790087817242 Duration=41634
Task=59 Chunk=0 Start=7790085872417 End=7790085941033 Duration=68616
Task=59 Chunk=1 Start=7790087775596 End=7790087913812 Duration=138216
Task=59 Chunk=2 Start=7790087913829 End=7790087954959 Duration=41130
Task=60 Chunk=0 Start=7790086010303 End=7790086079618 Duration=69315
Task=60 Chunk=1 Start=7790087913813 End=7790088052397 Duration=138584
Task=60 Chunk=2 Start=7790088052410 End=7790088093822 Duration=41412
Task=61 Chunk=0 Start=7790086149911 End=7790086219390 Duration=69479
Task=61 Chunk=1 Start=7790088052398 End=7790088190665 Duration=138267
Task=61 Chunk=2 Start=7790088190683 End=7790088232389 Duration=41706
Task=62 Chunk=0 Start=7790086287527 End=7790086354907 Duration=67380
Task=62 Chunk=1 Start=7790088190666 End=7790088329027 Duration=138361
Task=62 Chunk=2 Start=7790088329044 End=7790088370516 Duration=41472
Task=63 Chunk=0 Start=7790086428159 End=7790086497559 Duration=69400
Task=63 Chunk=1 Start=7790088329028 End=7790088468056 Duration=139028
Task=63 Chunk=2 Start=7790088468070 End=7790088509789 Duration=41719
Task=64 Chunk=0 Start=7790086566352 End=7790086636208 Duration=69856
Task=64 Chunk=1 Start=7790088468057 End=7790088606352 Duration=138295
Task=64 Chunk=2 Start=7790088606881 End=7790088648383 Duration=41502
Task=65 Chunk=0 Start=7790086705238 End=7790086774386 Duration=69148
Task=65 Chunk=1 Start=7790088606357 End=7790088745545 Duration=139188
Task=65 Chunk=2 Start=7790088745573 End=7790088787509 Duration=41936
Task=66 Chunk=0 Start=7790086843920 End=7790086913586 Duration=69666
Task=66 Chunk=1 Start=7790088745545 End=7790088884379 Duration=138834
Task=66 Chunk=2 Start=7790088884388 End=7790088926161 Duration=41773
Task=67 Chunk=0 Start=7790086986091 End=7790087053631 Duration=67540
Task=67 Chunk=1 Start=7790088884380 End=7790089026214 Duration=141834
Task=67 Chunk=2 Start=7790089026227 End=7790089070607 Duration=44380
Task=68 Chunk=0 Start=7790087124720 End=7790087194805 Duration=70085
Task=68 Chunk=1 Start=7790089026214 End=7790089165320 Duration=139106
Task=68 Chunk=2 Start=7790089165329 End=7790089207180 Duration=41851
Task=69 Chunk=0 Start=7790087262928 End=7790087330457 Duration=67529
Task=69 Chunk=1 Start=7790089165325 End=7790089303921 Duration=138596
Task=69 Chunk=2 Start=7790089303930 End=7790089345744 Duration=41814
Task=70 Chunk=0 Start=7790087401569 End=7790087470352 Duration=68783
Task=70 Chunk=1 Start=7790089303922 End=7790089442802 Duration=138880
Task=70 Chunk=2 Start=7790089442820 End=7790089484966 Duration=42146
Task=71 Chunk=0 Start=7790087540775 End=7790087609885 Duration=69110
Task=71 Chunk=1 Start=7790089442819 End=7790089581428 Duration=138609
Task=71 Chunk=2 Start=7790089581441 End=7790089623688 Duration=42247
Task=72 Chunk=0 Start=7790087677769 End=7790087745543 Duration=67774
Task=72 Chunk=1 Start=7790089581428 End=7790089721085 Duration=139657
Task=72 Chunk=2 Start=7790089721097 End=7790089762895 Duration=41798
Task=73 Chunk=0 Start=7790087817591 End=7790087886401 Duration=68810
Task=73 Chunk=1 Start=7790089721092 End=7790089860499 Duration=139407
Task=73 Chunk=2 Start=7790089860511 End=7790089902314 Duration=41803
Task=74 Chunk=0 Start=7790087954994 End=7790088022356 Duration=67362
Task=74 Chunk=1 Start=7790089860509 End=7790089999367 Duration=138858
Task=74 Chunk=2 Start=7790089999374 End=7790090041198 Duration=41824
Task=75 Chunk=0 Start=7790088094265 End=7790088163872 Duration=69607
Task=75 Chunk=1 Start=7790089999368 End=7790090138311 Duration=138943
Task=75 Chunk=2 Start=7790090138325 End=7790090179947 Duration=41622
Task=76 Chunk=0 Start=7790088232429 End=7790088301523 Duration=69094
Task=76 Chunk=1 Start=7790090138317 End=7790090276668 Duration=138351
Task=76 Chunk=2 Start=7790090276676 End=7790090317890 Duration=41214
Task=77 Chunk=0 Start=7790088370974 End=7790088440032 Duration=69058
Task=77 Chunk=1 Start=7790090276675 End=7790090415743 Duration=139068
Task=77 Chunk=2 Start=7790090415766 End=7790090457688 Duration=41922
Task=78 Chunk=0 Start=7790088509862 End=7790088578707 Duration=68845
Task=78 Chunk=1 Start=7790090415760 End=7790090553971 Duration=138211
Task=78 Chunk=2 Start=7790090553984 End=7790090595259 Duration=41275
Task=79 Chunk=0 Start=7790088648839 End=7790088717321 Duration=68482
Task=79 Chunk=1 Start=7790090553972 End=7790090692469 Duration=138497
Task=79 Chunk=2 Start=7790090692474 End=7790090737611 Duration=45137
Task=80 Chunk=0 Start=7790088787538 End=7790088856802 Duration=69264
Task=80 Chunk=1 Start=7790090692470 End=7790090832235 Duration=139765
Task=80 Chunk=2 Start=7790090832263 End=7790090874688 Duration=42425
Task=81 Chunk=0 Start=7790088926696 End=7790088999687 Duration=72991
Task=81 Chunk=1 Start=7790090832236 End=7790090971944 Duration=139708
Task=81 Chunk=2 Start=7790090971959 End=7790091014458 Duration=42499
Task=82 Chunk=0 Start=7790089070643 End=7790089139674 Duration=69031
Task=82 Chunk=1 Start=7790090971948 End=7790091115350 Duration=143402
Task=82 Chunk=2 Start=7790091115364 End=7790091157377 Duration=42013
Task=83 Chunk=0 Start=7790089207653 End=7790089276309 Duration=68656
Task=83 Chunk=1 Start=7790091115358 End=7790091253838 Duration=138480
Task=83 Chunk=2 Start=7790091253842 End=7790091300129 Duration=46287
Task=84 Chunk=0 Start=7790089345750 End=7790089413308 Duration=67558
Task=84 Chunk=1 Start=7790091253839 End=7790091393077 Duration=139238
Task=84 Chunk=2 Start=7790091393084 End=7790091436097 Duration=43013
Task=85 Chunk=0 Start=7790089485479 End=7790089556761 Duration=71282
Task=85 Chunk=1 Start=7790091393078 End=7790091531517 Duration=138439
Task=85 Chunk=2 Start=7790091531531 End=7790091576327 Duration=44796
Task=86 Chunk=0 Start=7790089623765 End=7790089692750 Duration=68985
Task=86 Chunk=1 Start=7790091531518 End=7790091669814 Duration=138296
Task=86 Chunk=2 Start=7790091669819 End=7790091713676 Duration=43857
Task=87 Chunk=0 Start=7790089763439 End=7790089832739 Duration=69300
Task=87 Chunk=1 Start=7790091669815 End=7790091809567 Duration=139752
Task=87 Chunk=2 Start=7790091809579 End=7790091853596 Duration=44017
Task=88 Chunk=0 Start=7790089902405 End=7790089971227 Duration=68822
Task=88 Chunk=1 Start=7790091809573 End=7790091948204 Duration=138631
Task=88 Chunk=2 Start=7790091948221 End=7790091991774 Duration=43553
Task=89 Chunk=0 Start=7790090041593 End=7790090110505 Duration=68912
Task=89 Chunk=1 Start=7790091948220 End=7790092087250 Duration=139030
Task=89 Chunk=2 Start=7790092087261 End=7790092130681 Duration=43420
Task=90 Chunk=0 Start=7790090179984 End=7790090249272 Duration=69288
Task=90 Chunk=1 Start=7790092087250 End=7790092225661 Duration=138411
Task=90 Chunk=2 Start=7790092225680 End=7790092269382 Duration=43702
Task=91 Chunk=0 Start=7790090318384 End=7790090386235 Duration=67851
Task=91 Chunk=1 Start=7790092225662 End=7790092363836 Duration=138174
Task=91 Chunk=2 Start=7790092363844 End=7790092408213 Duration=44369
Task=92 Chunk=0 Start=7790090457762 End=7790090526897 Duration=69135
Task=92 Chunk=1 Start=7790092363837 End=7790092502744 Duration=138907
Task=92 Chunk=2 Start=7790092502751 End=7790092546424 Duration=43673
Task=93 Chunk=0 Start=7790090595703 End=7790090664396 Duration=68693
Task=93 Chunk=1 Start=7790092502745 End=7790092640733 Duration=137988
Task=93 Chunk=2 Start=7790092640748 End=7790092684149 Duration=43401
Task=94 Chunk=0 Start=7790090737644 End=7790090808226 Duration=70582
Task=94 Chunk=1 Start=7790092640738 End=7790092779851 Duration=139113
Task=94 Chunk=2 Start=7790092779861 End=7790092823187 Duration=43326
Task=95 Chunk=0 Start=7790090875254 End=7790090945273 Duration=70019
Task=95 Chunk=1 Start=7790092779853 End=7790092917977 Duration=138124
Task=95 Chunk=2 Start=7790092917999 End=7790092961475 Duration=43476
Task=96 Chunk=0 Start=7790091014479 End=7790091082134 Duration=67655
Task=96 Chunk=1 Start=7790092917978 End=7790093056234 Duration=138256
Task=96 Chunk=2 Start=7790093056250 End=7790093100401 Duration=44151
Task=97 Chunk=0 Start=7790091157952 End=7790091226811 Duration=68859
Task=97 Chunk=1 Start=7790093056234 End=7790093198625 Duration=142391
Task=97 Chunk=2 Start=7790093198636 End=7790093242157 Duration=43521
Task=98 Chunk=0 Start=7790091300163 End=7790091367690 Duration=67527
Task=98 Chunk=1 Start=7790093198625 End=7790093337071 Duration=138446
Task=98 Chunk=2 Start=7790093337085 End=7790093381351 Duration=44266
Task=99 Chunk=0 Start=7790091436514 End=7790091505661 Duration=69147
Task=99 Chunk=1 Start=7790093337078 End=7790093475735 Duration=138657
Task=99 Chunk=2 Start=7790093475750 End=7790093520081 Duration=44331
### Python End ###

--------------------------------
[2025-06-28 12:17:07.262] [info] Available Vulkan Layers:
[2025-06-28 12:17:07.262] [warning] Validation layer requested but not available, continuing without it...
[2025-06-28 12:17:07.267] [info] Using integrated GPU: Mali-G710
[2025-06-28 12:17:07.270] [info] VulkanDispatcher instance created.
[2025-06-28 12:17:07.423] [info] Total memory used: 40550404 bytes (38.67188 MB)
[2025-06-28 12:17:07.427] [info] Total memory used: 40550404 bytes (38.67188 MB)
[2025-06-28 12:17:07.467] [info] Total memory used: 40550404 bytes (38.67188 MB)
[2025-06-28 12:17:07.472] [info] Total memory used: 40550404 bytes (38.67188 MB)
[2025-06-28 12:17:07.476] [info] Total memory used: 40550404 bytes (38.67188 MB)
[2025-06-28 12:17:07.558] [info] Total memory used: 40550404 bytes (38.67188 MB)
[2025-06-28 12:17:07.562] [info] Total memory used: 40550404 bytes (38.67188 MB)
[2025-06-28 12:17:07.567] [info] Total memory used: 40550404 bytes (38.67188 MB)
[2025-06-28 12:17:07.571] [info] Total memory used: 40550404 bytes (38.67188 MB)
[2025-06-28 12:17:07.576] [info] Total memory used: 40550404 bytes (38.67188 MB)
[2025-06-28 12:17:07.634] [info] Total memory used: 40550404 bytes (38.67188 MB)
[2025-06-28 12:17:07.639] [info] Total memory used: 40550404 bytes (38.67188 MB)
[2025-06-28 12:17:07.644] [info] Total memory used: 40550404 bytes (38.67188 MB)
[2025-06-28 12:17:07.649] [info] Total memory used: 40550404 bytes (38.67188 MB)
[2025-06-28 12:17:07.653] [info] Total memory used: 40550404 bytes (38.67188 MB)
[2025-06-28 12:17:07.659] [info] Total memory used: 40550404 bytes (38.67188 MB)
### Python Begin ###
Schedule_UID=SCH-B2G2L2M1-G275-bd6e
Frequency=24576000 Hz
Task=0 Chunk=0 Start=7790105064764 End=7790105183323 Duration=118559
Task=0 Chunk=1 Start=7790105183353 End=7790105348141 Duration=164788
Task=0 Chunk=2 Start=7790105348173 End=7790105390479 Duration=42306
Task=0 Chunk=3 Start=7790105390490 End=7790105448043 Duration=57553
Task=1 Chunk=0 Start=7790105183326 End=7790105228212 Duration=44886
Task=1 Chunk=1 Start=7790105348163 End=7790105427491 Duration=79328
Task=1 Chunk=2 Start=7790105427532 End=7790105448817 Duration=21285
Task=1 Chunk=3 Start=7790105448833 End=7790105449057 Duration=224
Task=2 Chunk=0 Start=7790105228213 End=7790105273542 Duration=45329
Task=2 Chunk=1 Start=7790105427498 End=7790105503901 Duration=76403
Task=2 Chunk=2 Start=7790105503939 End=7790105522486 Duration=18547
Task=2 Chunk=3 Start=7790105522496 End=7790105522557 Duration=61
Task=3 Chunk=0 Start=7790105273542 End=7790105317868 Duration=44326
Task=3 Chunk=1 Start=7790105503909 End=7790105576744 Duration=72835
Task=3 Chunk=2 Start=7790105576759 End=7790105595923 Duration=19164
Task=3 Chunk=3 Start=7790105595932 End=7790105596006 Duration=74
Task=4 Chunk=0 Start=7790105317869 End=7790105363849 Duration=45980
Task=4 Chunk=1 Start=7790105576745 End=7790105650494 Duration=73749
Task=4 Chunk=2 Start=7790105650523 End=7790105669940 Duration=19417
Task=4 Chunk=3 Start=7790105669956 End=7790105670028 Duration=72
Task=5 Chunk=0 Start=7790105363850 End=7790105408110 Duration=44260
Task=5 Chunk=1 Start=7790105650495 End=7790105724903 Duration=74408
Task=5 Chunk=2 Start=7790105724930 End=7790105745340 Duration=20410
Task=5 Chunk=3 Start=7790105745346 End=7790105745411 Duration=65
Task=6 Chunk=0 Start=7790105408112 End=7790105454477 Duration=46365
Task=6 Chunk=1 Start=7790105724903 End=7790105800187 Duration=75284
Task=6 Chunk=2 Start=7790105800220 End=7790105823904 Duration=23684
Task=6 Chunk=3 Start=7790105823912 End=7790105823964 Duration=52
Task=7 Chunk=0 Start=7790105454481 End=7790105499151 Duration=44670
Task=7 Chunk=1 Start=7790105800199 End=7790105876273 Duration=76074
Task=7 Chunk=2 Start=7790105876312 End=7790105894706 Duration=18394
Task=7 Chunk=3 Start=7790105894718 End=7790105894806 Duration=88
Task=8 Chunk=0 Start=7790105499152 End=7790105542624 Duration=43472
Task=8 Chunk=1 Start=7790105876295 End=7790105950094 Duration=73799
Task=8 Chunk=2 Start=7790105950130 End=7790105971015 Duration=20885
Task=8 Chunk=3 Start=7790105971029 End=7790105971094 Duration=65
Task=9 Chunk=0 Start=7790105542624 End=7790105566058 Duration=23434
Task=9 Chunk=1 Start=7790105950111 End=7790106023841 Duration=73730
Task=9 Chunk=2 Start=7790106023861 End=7790106047544 Duration=23683
Task=9 Chunk=3 Start=7790106047553 End=7790106047614 Duration=61
Task=10 Chunk=0 Start=7790105566060 End=7790105592512 Duration=26452
Task=10 Chunk=1 Start=7790106023850 End=7790106098803 Duration=74953
Task=10 Chunk=2 Start=7790106098818 End=7790106119777 Duration=20959
Task=10 Chunk=3 Start=7790106119785 End=7790106119840 Duration=55
Task=11 Chunk=0 Start=7790105592512 End=7790105615833 Duration=23321
Task=11 Chunk=1 Start=7790106098814 End=7790106173252 Duration=74438
Task=11 Chunk=2 Start=7790106173278 End=7790106199587 Duration=26309
Task=11 Chunk=3 Start=7790106199602 End=7790106199660 Duration=58
Task=12 Chunk=0 Start=7790105615838 End=7790105638461 Duration=22623
Task=12 Chunk=1 Start=7790106173270 End=7790106245480 Duration=72210
Task=12 Chunk=2 Start=7790106245494 End=7790106266272 Duration=20778
Task=12 Chunk=3 Start=7790106266283 End=7790106266349 Duration=66
Task=13 Chunk=0 Start=7790105638465 End=7790105666780 Duration=28315
Task=13 Chunk=1 Start=7790106245493 End=7790106318559 Duration=73066
Task=13 Chunk=2 Start=7790106318576 End=7790106344446 Duration=25870
Task=13 Chunk=3 Start=7790106344459 End=7790106344514 Duration=55
Task=14 Chunk=0 Start=7790105666781 End=7790105690350 Duration=23569
Task=14 Chunk=1 Start=7790106318566 End=7790106391005 Duration=72439
Task=14 Chunk=2 Start=7790106391069 End=7790106412312 Duration=21243
Task=14 Chunk=3 Start=7790106412322 End=7790106412386 Duration=64
Task=15 Chunk=0 Start=7790105690350 End=7790105713690 Duration=23340
Task=15 Chunk=1 Start=7790106391037 End=7790106464418 Duration=73381
Task=15 Chunk=2 Start=7790106464432 End=7790106485650 Duration=21218
Task=15 Chunk=3 Start=7790106485667 End=7790106485728 Duration=61
Task=16 Chunk=0 Start=7790105713702 End=7790105740824 Duration=27122
Task=16 Chunk=1 Start=7790106464432 End=7790106537291 Duration=72859
Task=16 Chunk=2 Start=7790106537305 End=7790106558485 Duration=21180
Task=16 Chunk=3 Start=7790106558502 End=7790106558567 Duration=65
Task=17 Chunk=0 Start=7790105740825 End=7790105764345 Duration=23520
Task=17 Chunk=1 Start=7790106537304 End=7790106611061 Duration=73757
Task=17 Chunk=2 Start=7790106611096 End=7790106633944 Duration=22848
Task=17 Chunk=3 Start=7790106633962 End=7790106634020 Duration=58
Task=18 Chunk=0 Start=7790105764346 End=7790105787239 Duration=22893
Task=18 Chunk=1 Start=7790106611071 End=7790106685070 Duration=73999
Task=18 Chunk=2 Start=7790106685088 End=7790106706203 Duration=21115
Task=18 Chunk=3 Start=7790106706209 End=7790106706260 Duration=51
Task=19 Chunk=0 Start=7790105787239 End=7790105810996 Duration=23757
Task=19 Chunk=1 Start=7790106685082 End=7790106758280 Duration=73198
Task=19 Chunk=2 Start=7790106758326 End=7790106779693 Duration=21367
Task=19 Chunk=3 Start=7790106779701 End=7790106779771 Duration=70
Task=20 Chunk=0 Start=7790105810997 End=7790105834221 Duration=23224
Task=20 Chunk=1 Start=7790106758300 End=7790106831249 Duration=72949
Task=20 Chunk=2 Start=7790106831269 End=7790106851955 Duration=20686
Task=20 Chunk=3 Start=7790106851961 End=7790106852018 Duration=57
Task=21 Chunk=0 Start=7790105834225 End=7790105857843 Duration=23618
Task=21 Chunk=1 Start=7790106831261 End=7790106904821 Duration=73560
Task=21 Chunk=2 Start=7790106904839 End=7790106933543 Duration=28704
Task=21 Chunk=3 Start=7790106933559 End=7790106933660 Duration=101
Task=22 Chunk=0 Start=7790105894816 End=7790105917710 Duration=22894
Task=22 Chunk=1 Start=7790106904833 End=7790106979050 Duration=74217
Task=22 Chunk=2 Start=7790106979096 End=7790107000040 Duration=20944
Task=22 Chunk=3 Start=7790107000048 End=7790107000120 Duration=72
Task=23 Chunk=0 Start=7790105971100 End=7790105993947 Duration=22847
Task=23 Chunk=1 Start=7790106979065 End=7790107053267 Duration=74202
Task=23 Chunk=2 Start=7790107053301 End=7790107074441 Duration=21140
Task=23 Chunk=3 Start=7790107074453 End=7790107074520 Duration=67
Task=24 Chunk=0 Start=7790106047623 End=7790106070850 Duration=23227
Task=24 Chunk=1 Start=7790107053278 End=7790107126278 Duration=73000
Task=24 Chunk=2 Start=7790107126296 End=7790107147181 Duration=20885
Task=24 Chunk=3 Start=7790107147193 End=7790107147265 Duration=72
Task=25 Chunk=0 Start=7790106119852 End=7790106143315 Duration=23463
Task=25 Chunk=1 Start=7790107126292 End=7790107199406 Duration=73114
Task=25 Chunk=2 Start=7790107199442 End=7790107222558 Duration=23116
Task=25 Chunk=3 Start=7790107222569 End=7790107222629 Duration=60
Task=26 Chunk=0 Start=7790106199674 End=7790106222525 Duration=22851
Task=26 Chunk=1 Start=7790107199419 End=7790107261301 Duration=61882
Task=26 Chunk=2 Start=7790107261345 End=7790107282283 Duration=20938
Task=26 Chunk=3 Start=7790107282298 End=7790107282363 Duration=65
Task=27 Chunk=0 Start=7790106266358 End=7790106289236 Duration=22878
Task=27 Chunk=1 Start=7790107261314 End=7790107321957 Duration=60643
Task=27 Chunk=2 Start=7790107321977 End=7790107342890 Duration=20913
Task=27 Chunk=3 Start=7790107342900 End=7790107342968 Duration=68
Task=28 Chunk=0 Start=7790106344529 End=7790106367417 Duration=22888
Task=28 Chunk=1 Start=7790107321969 End=7790107383397 Duration=61428
Task=28 Chunk=2 Start=7790107383419 End=7790107405187 Duration=21768
Task=28 Chunk=3 Start=7790107405202 End=7790107405253 Duration=51
Task=29 Chunk=0 Start=7790106412399 End=7790106435897 Duration=23498
Task=29 Chunk=1 Start=7790107383404 End=7790107444831 Duration=61427
Task=29 Chunk=2 Start=7790107444873 End=7790107466119 Duration=21246
Task=29 Chunk=3 Start=7790107466126 End=7790107466186 Duration=60
Task=30 Chunk=0 Start=7790106485735 End=7790106508808 Duration=23073
Task=30 Chunk=1 Start=7790107444843 End=7790107506284 Duration=61441
Task=30 Chunk=2 Start=7790107511742 End=7790107531079 Duration=19337
Task=30 Chunk=3 Start=7790107531088 End=7790107606752 Duration=75664
Task=31 Chunk=0 Start=7790106558580 End=7790106581520 Duration=22940
Task=31 Chunk=1 Start=7790107506302 End=7790107569254 Duration=62952
Task=31 Chunk=2 Start=7790107569267 End=7790107588293 Duration=19026
Task=31 Chunk=3 Start=7790107606757 End=7790107606977 Duration=220
Task=32 Chunk=0 Start=7790106634025 End=7790106656915 Duration=22890
Task=32 Chunk=1 Start=7790107569254 End=7790107629069 Duration=59815
Task=32 Chunk=2 Start=7790107629108 End=7790107649701 Duration=20593
Task=32 Chunk=3 Start=7790107649717 End=7790107649840 Duration=123
Task=33 Chunk=0 Start=7790106706268 End=7790106729907 Duration=23639
Task=33 Chunk=1 Start=7790107629081 End=7790107690002 Duration=60921
Task=33 Chunk=2 Start=7790107690043 End=7790107714371 Duration=24328
Task=33 Chunk=3 Start=7790107714390 End=7790107714496 Duration=106
Task=34 Chunk=0 Start=7790106779775 End=7790106802845 Duration=23070
Task=34 Chunk=1 Start=7790107690011 End=7790107751415 Duration=61404
Task=34 Chunk=2 Start=7790107751439 End=7790107772369 Duration=20930
Task=34 Chunk=3 Start=7790107772377 End=7790107772438 Duration=61
Task=35 Chunk=0 Start=7790106852025 End=7790106874894 Duration=22869
Task=35 Chunk=1 Start=7790107751426 End=7790107811663 Duration=60237
Task=35 Chunk=2 Start=7790107811701 End=7790107832363 Duration=20662
Task=35 Chunk=3 Start=7790107832379 End=7790107832443 Duration=64
Task=36 Chunk=0 Start=7790106933674 End=7790106956688 Duration=23014
Task=36 Chunk=1 Start=7790107811677 End=7790107872788 Duration=61111
Task=36 Chunk=2 Start=7790107872873 End=7790107893272 Duration=20399
Task=36 Chunk=3 Start=7790107893286 End=7790107893340 Duration=54
Task=37 Chunk=0 Start=7790107000134 End=7790107023695 Duration=23561
Task=37 Chunk=1 Start=7790107872801 End=7790107932282 Duration=59481
Task=37 Chunk=2 Start=7790107932312 End=7790107951302 Duration=18990
Task=37 Chunk=3 Start=7790107951307 End=7790107951365 Duration=58
Task=38 Chunk=0 Start=7790107074531 End=7790107097375 Duration=22844
Task=38 Chunk=1 Start=7790107932290 End=7790107991174 Duration=58884
Task=38 Chunk=2 Start=7790107993981 End=7790108029979 Duration=35998
Task=38 Chunk=3 Start=7790108029995 End=7790108030053 Duration=58
Task=39 Chunk=0 Start=7790107147280 End=7790107170352 Duration=23072
Task=39 Chunk=1 Start=7790107991180 End=7790108051135 Duration=59955
Task=39 Chunk=2 Start=7790108051151 End=7790108071969 Duration=20818
Task=39 Chunk=3 Start=7790108071981 End=7790108072048 Duration=67
Task=40 Chunk=0 Start=7790107222637 End=7790107245530 Duration=22893
Task=40 Chunk=1 Start=7790108051146 End=7790108111473 Duration=60327
Task=40 Chunk=2 Start=7790108111499 End=7790108132924 Duration=21425
Task=40 Chunk=3 Start=7790108132942 End=7790108132998 Duration=56
Task=41 Chunk=0 Start=7790107282373 End=7790107305194 Duration=22821
Task=41 Chunk=1 Start=7790108111486 End=7790108174220 Duration=62734
Task=41 Chunk=2 Start=7790108178109 End=7790108198067 Duration=19958
Task=41 Chunk=3 Start=7790108198083 End=7790108198141 Duration=58
Task=42 Chunk=0 Start=7790107342973 End=7790107365867 Duration=22894
Task=42 Chunk=1 Start=7790108174226 End=7790108236227 Duration=62001
Task=42 Chunk=2 Start=7790108236268 End=7790108257246 Duration=20978
Task=42 Chunk=3 Start=7790108257259 End=7790108257311 Duration=52
Task=43 Chunk=0 Start=7790107405267 End=7790107429067 Duration=23800
Task=43 Chunk=1 Start=7790108236235 End=7790108298393 Duration=62158
Task=43 Chunk=2 Start=7790108299198 End=7790108320403 Duration=21205
Task=43 Chunk=3 Start=7790108320416 End=7790108320485 Duration=69
Task=44 Chunk=0 Start=7790107466195 End=7790107488975 Duration=22780
Task=44 Chunk=1 Start=7790108298403 End=7790108359506 Duration=61103
Task=44 Chunk=2 Start=7790108359523 End=7790108380454 Duration=20931
Task=44 Chunk=3 Start=7790108380465 End=7790108380529 Duration=64
Task=45 Chunk=0 Start=7790107606766 End=7790107630418 Duration=23652
Task=45 Chunk=1 Start=7790108359519 End=7790108420245 Duration=60726
Task=45 Chunk=2 Start=7790108420270 End=7790108439576 Duration=19306
Task=45 Chunk=3 Start=7790108439590 End=7790108439647 Duration=57
Task=46 Chunk=0 Start=7790107630427 End=7790107653554 Duration=23127
Task=46 Chunk=1 Start=7790108420249 End=7790108480427 Duration=60178
Task=46 Chunk=2 Start=7790108483397 End=7790108503193 Duration=19796
Task=46 Chunk=3 Start=7790108503203 End=7790108503251 Duration=48
Task=47 Chunk=0 Start=7790107653558 End=7790107676298 Duration=22740
Task=47 Chunk=1 Start=7790108480433 End=7790108540926 Duration=60493
Task=47 Chunk=2 Start=7790108540968 End=7790108561844 Duration=20876
Task=47 Chunk=3 Start=7790108561859 End=7790108561912 Duration=53
Task=48 Chunk=0 Start=7790107714500 End=7790107737554 Duration=23054
Task=48 Chunk=1 Start=7790108540940 End=7790108601119 Duration=60179
Task=48 Chunk=2 Start=7790108601150 End=7790108620169 Duration=19019
Task=48 Chunk=3 Start=7790108620177 End=7790108620235 Duration=58
Task=49 Chunk=0 Start=7790107772449 End=7790107795109 Duration=22660
Task=49 Chunk=1 Start=7790108601121 End=7790108659749 Duration=58628
Task=49 Chunk=2 Start=7790108662725 End=7790108682141 Duration=19416
Task=49 Chunk=3 Start=7790108682149 End=7790108682281 Duration=132
Task=50 Chunk=0 Start=7790107832451 End=7790107855255 Duration=22804
Task=50 Chunk=1 Start=7790108659755 End=7790108719809 Duration=60054
Task=50 Chunk=2 Start=7790108719844 End=7790108740646 Duration=20802
Task=50 Chunk=3 Start=7790108740663 End=7790108740733 Duration=70
Task=51 Chunk=0 Start=7790107893354 End=7790107916649 Duration=23295
Task=51 Chunk=1 Start=7790108719819 End=7790108779209 Duration=59390
Task=51 Chunk=2 Start=7790108783068 End=7790108803212 Duration=20144
Task=51 Chunk=3 Start=7790108803222 End=7790108803290 Duration=68
Task=52 Chunk=0 Start=7790107951375 End=7790107974197 Duration=22822
Task=52 Chunk=1 Start=7790108779225 End=7790108840608 Duration=61383
Task=52 Chunk=2 Start=7790108840652 End=7790108862091 Duration=21439
Task=52 Chunk=3 Start=7790108862110 End=7790108862163 Duration=53
Task=53 Chunk=0 Start=7790108030065 End=7790108053374 Duration=23309
Task=53 Chunk=1 Start=7790108840620 End=7790108901502 Duration=60882
Task=53 Chunk=2 Start=7790108901530 End=7790108928862 Duration=27332
Task=53 Chunk=3 Start=7790108928869 End=7790108928940 Duration=71
Task=54 Chunk=0 Start=7790108072064 End=7790108095053 Duration=22989
Task=54 Chunk=1 Start=7790108901517 End=7790108962328 Duration=60811
Task=54 Chunk=2 Start=7790108965716 End=7790108985851 Duration=20135
Task=54 Chunk=3 Start=7790108985863 End=7790108985924 Duration=61
Task=55 Chunk=0 Start=7790108133007 End=7790108155914 Duration=22907
Task=55 Chunk=1 Start=7790108962335 End=7790109022827 Duration=60492
Task=55 Chunk=2 Start=7790109022862 End=7790109044119 Duration=21257
Task=55 Chunk=3 Start=7790109044133 End=7790109044189 Duration=56
Task=56 Chunk=0 Start=7790108198151 End=7790108221048 Duration=22897
Task=56 Chunk=1 Start=7790109022838 End=7790109083144 Duration=60306
Task=56 Chunk=2 Start=7790109086947 End=7790109105487 Duration=18540
Task=56 Chunk=3 Start=7790109105503 End=7790109105624 Duration=121
Task=57 Chunk=0 Start=7790108257323 End=7790108280131 Duration=22808
Task=57 Chunk=1 Start=7790109083167 End=7790109143164 Duration=59997
Task=57 Chunk=2 Start=7790109146566 End=7790109166726 Duration=20160
Task=57 Chunk=3 Start=7790109166734 End=7790109166803 Duration=69
Task=58 Chunk=0 Start=7790108320494 End=7790108343621 Duration=23127
Task=58 Chunk=1 Start=7790109143174 End=7790109203944 Duration=60770
Task=58 Chunk=2 Start=7790109203983 End=7790109224933 Duration=20950
Task=58 Chunk=3 Start=7790109224946 End=7790109225007 Duration=61
Task=59 Chunk=0 Start=7790108380543 End=7790108404119 Duration=23576
Task=59 Chunk=1 Start=7790109203952 End=7790109263556 Duration=59604
Task=59 Chunk=2 Start=7790109266970 End=7790109291592 Duration=24622
Task=59 Chunk=3 Start=7790109291598 End=7790109291690 Duration=92
Task=60 Chunk=0 Start=7790108439662 End=7790108462763 Duration=23101
Task=60 Chunk=1 Start=7790109263562 End=7790109324837 Duration=61275
Task=60 Chunk=2 Start=7790109324860 End=7790109346203 Duration=21343
Task=60 Chunk=3 Start=7790109346208 End=7790109346265 Duration=57
Task=61 Chunk=0 Start=7790108503261 End=7790108526169 Duration=22908
Task=61 Chunk=1 Start=7790109324846 End=7790109385971 Duration=61125
Task=61 Chunk=2 Start=7790109389391 End=7790109408124 Duration=18733
Task=61 Chunk=3 Start=7790109408143 End=7790109408201 Duration=58
Task=62 Chunk=0 Start=7790108561917 End=7790108584661 Duration=22744
Task=62 Chunk=1 Start=7790109385978 End=7790109445408 Duration=59430
Task=62 Chunk=2 Start=7790109445449 End=7790109464510 Duration=19061
Task=62 Chunk=3 Start=7790109464519 End=7790109464744 Duration=225
Task=63 Chunk=0 Start=7790108620240 End=7790108643353 Duration=23113
Task=63 Chunk=1 Start=7790109445410 End=7790109506079 Duration=60669
Task=63 Chunk=2 Start=7790109506103 End=7790109526988 Duration=20885
Task=63 Chunk=3 Start=7790109527000 End=7790109527071 Duration=71
Task=64 Chunk=0 Start=7790108682297 End=7790108705992 Duration=23695
Task=64 Chunk=1 Start=7790109506093 End=7790109566309 Duration=60216
Task=64 Chunk=2 Start=7790109566661 End=7790109586533 Duration=19872
Task=64 Chunk=3 Start=7790109586553 End=7790109586614 Duration=61
Task=65 Chunk=0 Start=7790108740741 End=7790108763658 Duration=22917
Task=65 Chunk=1 Start=7790109566311 End=7790109626361 Duration=60050
Task=65 Chunk=2 Start=7790109626374 End=7790109647660 Duration=21286
Task=65 Chunk=3 Start=7790109647669 End=7790109647723 Duration=54
Task=66 Chunk=0 Start=7790108803296 End=7790108826285 Duration=22989
Task=66 Chunk=1 Start=7790109626370 End=7790109686164 Duration=59794
Task=66 Chunk=2 Start=7790109686193 End=7790109705217 Duration=19024
Task=66 Chunk=3 Start=7790109705232 End=7790109705292 Duration=60
Task=67 Chunk=0 Start=7790108862173 End=7790108886214 Duration=24041
Task=67 Chunk=1 Start=7790109686165 End=7790109745277 Duration=59112
Task=67 Chunk=2 Start=7790109748406 End=7790109766841 Duration=18435
Task=67 Chunk=3 Start=7790109766853 End=7790109766935 Duration=82
Task=68 Chunk=0 Start=7790108928952 End=7790108951909 Duration=22957
Task=68 Chunk=1 Start=7790109745283 End=7790109805994 Duration=60711
Task=68 Chunk=2 Start=7790109806026 End=7790109826773 Duration=20747
Task=68 Chunk=3 Start=7790109826784 End=7790109826854 Duration=70
Task=69 Chunk=0 Start=7790108985928 End=7790109009051 Duration=23123
Task=69 Chunk=1 Start=7790109806005 End=7790109865731 Duration=59726
Task=69 Chunk=2 Start=7790109870213 End=7790109888846 Duration=18633
Task=69 Chunk=3 Start=7790109888858 End=7790109888920 Duration=62
Task=70 Chunk=0 Start=7790109044203 End=7790109067208 Duration=23005
Task=70 Chunk=1 Start=7790109865737 End=7790109928720 Duration=62983
Task=70 Chunk=2 Start=7790109928751 End=7790109949960 Duration=21209
Task=70 Chunk=3 Start=7790109949975 End=7790109950028 Duration=53
Task=71 Chunk=0 Start=7790109105633 End=7790109128891 Duration=23258
Task=71 Chunk=1 Start=7790109928739 End=7790109990772 Duration=62033
Task=71 Chunk=2 Start=7790109990797 End=7790110011646 Duration=20849
Task=71 Chunk=3 Start=7790110011660 End=7790110011715 Duration=55
Task=72 Chunk=0 Start=7790109166814 End=7790109190325 Duration=23511
Task=72 Chunk=1 Start=7790109990786 End=7790110051009 Duration=60223
Task=72 Chunk=2 Start=7790110054223 End=7790110077892 Duration=23669
Task=72 Chunk=3 Start=7790110077908 End=7790110077990 Duration=82
Task=73 Chunk=0 Start=7790109225015 End=7790109248057 Duration=23042
Task=73 Chunk=1 Start=7790110051020 End=7790110112039 Duration=61019
Task=73 Chunk=2 Start=7790110112073 End=7790110133722 Duration=21649
Task=73 Chunk=3 Start=7790110133731 End=7790110133788 Duration=57
Task=74 Chunk=0 Start=7790109291705 End=7790109314694 Duration=22989
Task=74 Chunk=1 Start=7790110112049 End=7790110172502 Duration=60453
Task=74 Chunk=2 Start=7790110172542 End=7790110191564 Duration=19022
Task=74 Chunk=3 Start=7790110191579 End=7790110191686 Duration=107
Task=75 Chunk=0 Start=7790109346279 End=7790109369268 Duration=22989
Task=75 Chunk=1 Start=7790110172509 End=7790110231542 Duration=59033
Task=75 Chunk=2 Start=7790110234666 End=7790110253902 Duration=19236
Task=75 Chunk=3 Start=7790110253918 End=7790110253977 Duration=59
Task=76 Chunk=0 Start=7790109408205 End=7790109431265 Duration=23060
Task=76 Chunk=1 Start=7790110231547 End=7790110292062 Duration=60515
Task=76 Chunk=2 Start=7790110292088 End=7790110312919 Duration=20831
Task=76 Chunk=3 Start=7790110312935 End=7790110312995 Duration=60
Task=77 Chunk=0 Start=7790109464758 End=7790109488505 Duration=23747
Task=77 Chunk=1 Start=7790110292077 End=7790110352182 Duration=60105
Task=77 Chunk=2 Start=7790110355441 End=7790110376163 Duration=20722
Task=77 Chunk=3 Start=7790110376178 End=7790110376273 Duration=95
Task=78 Chunk=0 Start=7790109527075 End=7790109550133 Duration=23058
Task=78 Chunk=1 Start=7790110352187 End=7790110413156 Duration=60969
Task=78 Chunk=2 Start=7790110413177 End=7790110434165 Duration=20988
Task=78 Chunk=3 Start=7790110434174 End=7790110434227 Duration=53
Task=79 Chunk=0 Start=7790109586621 End=7790109609524 Duration=22903
Task=79 Chunk=1 Start=7790110413164 End=7790110472837 Duration=59673
Task=79 Chunk=2 Start=7790110472867 End=7790110492214 Duration=19347
Task=79 Chunk=3 Start=7790110492226 End=7790110492308 Duration=82
Task=80 Chunk=0 Start=7790109647730 End=7790109671928 Duration=24198
Task=80 Chunk=1 Start=7790110472838 End=7790110532557 Duration=59719
Task=80 Chunk=2 Start=7790110532706 End=7790110551196 Duration=18490
Task=80 Chunk=3 Start=7790110551203 End=7790110551293 Duration=90
Task=81 Chunk=0 Start=7790109705298 End=7790109728226 Duration=22928
Task=81 Chunk=1 Start=7790110532558 End=7790110592277 Duration=59719
Task=81 Chunk=2 Start=7790110592296 End=7790110612654 Duration=20358
Task=81 Chunk=3 Start=7790110612667 End=7790110612744 Duration=77
Task=82 Chunk=0 Start=7790109766940 End=7790109790794 Duration=23854
Task=82 Chunk=1 Start=7790110592290 End=7790110651356 Duration=59066
Task=82 Chunk=2 Start=7790110660426 End=7790110678910 Duration=18484
Task=82 Chunk=3 Start=7790110678926 End=7790110679047 Duration=121
Task=83 Chunk=0 Start=7790109826863 End=7790109849870 Duration=23007
Task=83 Chunk=1 Start=7790110651363 End=7790110713894 Duration=62531
Task=83 Chunk=2 Start=7790110713912 End=7790110735718 Duration=21806
Task=83 Chunk=3 Start=7790110735728 End=7790110735791 Duration=63
Task=84 Chunk=0 Start=7790109888925 End=7790109912139 Duration=23214
Task=84 Chunk=1 Start=7790110713909 End=7790110775024 Duration=61115
Task=84 Chunk=2 Start=7790110775067 End=7790110795807 Duration=20740
Task=84 Chunk=3 Start=7790110795817 End=7790110795899 Duration=82
Task=85 Chunk=0 Start=7790109950035 End=7790109973757 Duration=23722
Task=85 Chunk=1 Start=7790110775037 End=7790110839248 Duration=64211
Task=85 Chunk=2 Start=7790110839272 End=7790110859223 Duration=19951
Task=85 Chunk=3 Start=7790110859232 End=7790110859361 Duration=129
Task=86 Chunk=0 Start=7790110011724 End=7790110034521 Duration=22797
Task=86 Chunk=1 Start=7790110839254 End=7790110897221 Duration=57967
Task=86 Chunk=2 Start=7790110897256 End=7790110915726 Duration=18470
Task=86 Chunk=3 Start=7790110915736 End=7790110915811 Duration=75
Task=87 Chunk=0 Start=7790110077996 End=7790110101023 Duration=23027
Task=87 Chunk=1 Start=7790110897221 End=7790110954020 Duration=56799
Task=87 Chunk=2 Start=7790110954054 End=7790110972529 Duration=18475
Task=87 Chunk=3 Start=7790110972537 End=7790110972603 Duration=66
Task=88 Chunk=0 Start=7790110133803 End=7790110157596 Duration=23793
Task=88 Chunk=1 Start=7790110954021 End=7790111011582 Duration=57561
Task=88 Chunk=2 Start=7790111011590 End=7790111029933 Duration=18343
Task=88 Chunk=3 Start=7790111029941 End=7790111029992 Duration=51
Task=89 Chunk=0 Start=7790110191700 End=7790110214526 Duration=22826
Task=89 Chunk=1 Start=7790111011582 End=7790111068846 Duration=57264
Task=89 Chunk=2 Start=7790111068858 End=7790111087234 Duration=18376
Task=89 Chunk=3 Start=7790111087256 End=7790111087326 Duration=70
Task=90 Chunk=0 Start=7790110253991 End=7790110277622 Duration=23631
Task=90 Chunk=1 Start=7790111068846 End=7790111125948 Duration=57102
Task=90 Chunk=2 Start=7790111125987 End=7790111147656 Duration=21669
Task=90 Chunk=3 Start=7790111147667 End=7790111147735 Duration=68
Task=91 Chunk=0 Start=7790110313008 End=7790110336122 Duration=23114
Task=91 Chunk=1 Start=7790111125951 End=7790111183498 Duration=57547
Task=91 Chunk=2 Start=7790111183511 End=7790111202053 Duration=18542
Task=91 Chunk=3 Start=7790111202059 End=7790111202111 Duration=52
Task=92 Chunk=0 Start=7790110376289 End=7790110399321 Duration=23032
Task=92 Chunk=1 Start=7790111183498 End=7790111240383 Duration=56885
Task=92 Chunk=2 Start=7790111240420 End=7790111262095 Duration=21675
Task=92 Chunk=3 Start=7790111262103 End=7790111262208 Duration=105
Task=93 Chunk=0 Start=7790110434231 End=7790110458441 Duration=24210
Task=93 Chunk=1 Start=7790111240384 End=7790111299421 Duration=59037
Task=93 Chunk=2 Start=7790111299449 End=7790111318647 Duration=19198
Task=93 Chunk=3 Start=7790111318653 End=7790111318722 Duration=69
Task=94 Chunk=0 Start=7790110492319 End=7790110515253 Duration=22934
Task=94 Chunk=1 Start=7790111299421 End=7790111358442 Duration=59021
Task=94 Chunk=2 Start=7790111358464 End=7790111377474 Duration=19010
Task=94 Chunk=3 Start=7790111377483 End=7790111377537 Duration=54
Task=95 Chunk=0 Start=7790110551300 End=7790110575007 Duration=23707
Task=95 Chunk=1 Start=7790111358443 End=7790111417248 Duration=58805
Task=95 Chunk=2 Start=7790111417285 End=7790111436368 Duration=19083
Task=95 Chunk=3 Start=7790111436390 End=7790111436442 Duration=52
Task=96 Chunk=0 Start=7790110612757 End=7790110635682 Duration=22925
Task=96 Chunk=1 Start=7790111417248 End=7790111476677 Duration=59429
Task=96 Chunk=2 Start=7790111476716 End=7790111495879 Duration=19163
Task=96 Chunk=3 Start=7790111495893 End=7790111495952 Duration=59
Task=97 Chunk=0 Start=7790110679059 End=7790110701872 Duration=22813
Task=97 Chunk=1 Start=7790111476678 End=7790111535237 Duration=58559
Task=97 Chunk=2 Start=7790111535267 End=7790111555684 Duration=20417
Task=97 Chunk=3 Start=7790111555695 End=7790111555764 Duration=69
Task=98 Chunk=0 Start=7790110735804 End=7790110759590 Duration=23786
Task=98 Chunk=1 Start=7790111535238 End=7790111594210 Duration=58972
Task=98 Chunk=2 Start=7790111594244 End=7790111613369 Duration=19125
Task=98 Chunk=3 Start=7790111613379 End=7790111613431 Duration=52
Task=99 Chunk=0 Start=7790110795911 End=7790110819198 Duration=23287
Task=99 Chunk=1 Start=7790111594211 End=7790111649075 Duration=54864
Task=99 Chunk=2 Start=7790111649106 End=7790111668520 Duration=19414
Task=99 Chunk=3 Start=7790111668527 End=7790111668616 Duration=89
### Python End ###
