
Running only on specified device: 9b034f1b
Deploying and running 'bm-gen-logs-cifar-sparse-vk' on device: 9b034f1b
build/android/arm64-v8a/release/bm-gen-logs-cifar-sparse-vk: 1 file pushed, 0 skipped. 475.2 MB/s (6985936 bytes in 0.014s)
[2025-06-26 18:29:44.219] [info] Pinable Lit cores: 0 1 2 
[2025-06-26 18:29:44.220] [info] Pinable Med cores: 3 4 
[2025-06-26 18:29:44.220] [info] Pinable Big cores: 5 6 7 
[2025-06-26 18:29:44.220] [info] Pinable Sup cores: 
[2025-06-26 18:29:45.432] [info] Fetching JSON from URL: http://192.168.1.12:8080/9b034f1b/cifar-sparse/vk/schedules.json
[2025-06-26 18:29:45.494] [info] Loaded 30 valid schedules from JSON
[2025-06-26 18:29:45.495] [info] Loaded 30 schedules
--------------------------------
Schedule 0 [UID: SCH-L9-G000-8b86]:
  Chunk 0 [OMP/Little]: 1, 2, 3, 4, 5, 6, 7, 8, 9
--------------------------------
Schedule 1 [UID: SCH-M9-G000-871e]:
  Chunk 0 [OMP/Medium]: 1, 2, 3, 4, 5, 6, 7, 8, 9
--------------------------------
Schedule 2 [UID: SCH-B9-G000-4567]:
  Chunk 0 [OMP/Big   ]: 1, 2, 3, 4, 5, 6, 7, 8, 9
--------------------------------
Schedule 3 [UID: SCH-G9-G000-dcdc]:
  Chunk 0 [Vulkan    ]: 1, 2, 3, 4, 5, 6, 7, 8, 9
--------------------------------
Schedule 4 [UID: SCH-G4M5-G065-8eec]:
  Chunk 0 [Vulkan    ]: 1, 2, 3, 4
  Chunk 1 [OMP/Medium]: 5, 6, 7, 8, 9
--------------------------------
Schedule 5 [UID: SCH-B3M6-G070-a9f9]:
  Chunk 0 [OMP/Big   ]: 1, 2, 3
  Chunk 1 [OMP/Medium]: 4, 5, 6, 7, 8, 9
--------------------------------
Schedule 6 [UID: SCH-M1G3B5-G078-6bde]:
  Chunk 0 [OMP/Medium]: 1
  Chunk 1 [Vulkan    ]: 2, 3, 4
  Chunk 2 [OMP/Big   ]: 5, 6, 7, 8, 9
--------------------------------
Schedule 7 [UID: SCH-G3M1B5-G086-85d2]:
  Chunk 0 [Vulkan    ]: 1, 2, 3
  Chunk 1 [OMP/Medium]: 4
  Chunk 2 [OMP/Big   ]: 5, 6, 7, 8, 9
--------------------------------
Schedule 8 [UID: SCH-L1M8-G096-9b99]:
  Chunk 0 [OMP/Little]: 1
  Chunk 1 [OMP/Medium]: 2, 3, 4, 5, 6, 7, 8, 9
--------------------------------
Schedule 9 [UID: SCH-G3B4L2-G145-4035]:
  Chunk 0 [Vulkan    ]: 1, 2, 3
  Chunk 1 [OMP/Big   ]: 4, 5, 6, 7
  Chunk 2 [OMP/Little]: 8, 9
--------------------------------
Schedule 10 [UID: SCH-G3B2M4-G158-2f9f]:
  Chunk 0 [Vulkan    ]: 1, 2, 3
  Chunk 1 [OMP/Big   ]: 4, 5
  Chunk 2 [OMP/Medium]: 6, 7, 8, 9
--------------------------------
Schedule 11 [UID: SCH-G3B3M3-G183-d54c]:
  Chunk 0 [Vulkan    ]: 1, 2, 3
  Chunk 1 [OMP/Big   ]: 4, 5, 6
  Chunk 2 [OMP/Medium]: 7, 8, 9
--------------------------------
Schedule 12 [UID: SCH-M1G4B4-G212-9bda]:
  Chunk 0 [OMP/Medium]: 1
  Chunk 1 [Vulkan    ]: 2, 3, 4, 5
  Chunk 2 [OMP/Big   ]: 6, 7, 8, 9
--------------------------------
Schedule 13 [UID: SCH-G4B5-G235-8bda]:
  Chunk 0 [Vulkan    ]: 1, 2, 3, 4
  Chunk 1 [OMP/Big   ]: 5, 6, 7, 8, 9
--------------------------------
Schedule 14 [UID: SCH-G4L1M4-G239-e03d]:
  Chunk 0 [Vulkan    ]: 1, 2, 3, 4
  Chunk 1 [OMP/Little]: 5
  Chunk 2 [OMP/Medium]: 6, 7, 8, 9
--------------------------------
Schedule 15 [UID: SCH-G5M4-G269-6c89]:
  Chunk 0 [Vulkan    ]: 1, 2, 3, 4, 5
  Chunk 1 [OMP/Medium]: 6, 7, 8, 9
--------------------------------
Schedule 16 [UID: SCH-G2B2M3L2-G318-72cb]:
  Chunk 0 [Vulkan    ]: 1, 2
  Chunk 1 [OMP/Big   ]: 3, 4
  Chunk 2 [OMP/Medium]: 5, 6, 7
  Chunk 3 [OMP/Little]: 8, 9
--------------------------------
Schedule 17 [UID: SCH-B1G4M4-G331-98fe]:
  Chunk 0 [OMP/Big   ]: 1
  Chunk 1 [Vulkan    ]: 2, 3, 4, 5
  Chunk 2 [OMP/Medium]: 6, 7, 8, 9
--------------------------------
Schedule 18 [UID: SCH-G2B3M4-G354-eeac]:
  Chunk 0 [Vulkan    ]: 1, 2
  Chunk 1 [OMP/Big   ]: 3, 4, 5
  Chunk 2 [OMP/Medium]: 6, 7, 8, 9
--------------------------------
Schedule 19 [UID: SCH-G3B1M3L2-G354-c866]:
  Chunk 0 [Vulkan    ]: 1, 2, 3
  Chunk 1 [OMP/Big   ]: 4
  Chunk 2 [OMP/Medium]: 5, 6, 7
  Chunk 3 [OMP/Little]: 8, 9
--------------------------------
Schedule 20 [UID: SCH-G4M3L2-G354-15af]:
  Chunk 0 [Vulkan    ]: 1, 2, 3, 4
  Chunk 1 [OMP/Medium]: 5, 6, 7
  Chunk 2 [OMP/Little]: 8, 9
--------------------------------
Schedule 21 [UID: SCH-M1B1G5L2-G370-54ac]:
  Chunk 0 [OMP/Medium]: 1
  Chunk 1 [OMP/Big   ]: 2
  Chunk 2 [Vulkan    ]: 3, 4, 5, 6, 7
  Chunk 3 [OMP/Little]: 8, 9
--------------------------------
Schedule 22 [UID: SCH-M1B1G7-G370-a8d3]:
  Chunk 0 [OMP/Medium]: 1
  Chunk 1 [OMP/Big   ]: 2
  Chunk 2 [Vulkan    ]: 3, 4, 5, 6, 7, 8, 9
--------------------------------
Schedule 23 [UID: SCH-B1G3M3L2-G384-17bc]:
  Chunk 0 [OMP/Big   ]: 1
  Chunk 1 [Vulkan    ]: 2, 3, 4
  Chunk 2 [OMP/Medium]: 5, 6, 7
  Chunk 3 [OMP/Little]: 8, 9
--------------------------------
Schedule 24 [UID: SCH-B2M4L3-G389-1d4e]:
  Chunk 0 [OMP/Big   ]: 1, 2
  Chunk 1 [OMP/Medium]: 3, 4, 5, 6
  Chunk 2 [OMP/Little]: 7, 8, 9
--------------------------------
Schedule 25 [UID: SCH-B2L1M6-G390-c681]:
  Chunk 0 [OMP/Big   ]: 1, 2
  Chunk 1 [OMP/Little]: 3
  Chunk 2 [OMP/Medium]: 4, 5, 6, 7, 8, 9
--------------------------------
Schedule 26 [UID: SCH-G3M2B4-G422-ed03]:
  Chunk 0 [Vulkan    ]: 1, 2, 3
  Chunk 1 [OMP/Medium]: 4, 5
  Chunk 2 [OMP/Big   ]: 6, 7, 8, 9
--------------------------------
Schedule 27 [UID: SCH-M1G6L2-G423-4f8f]:
  Chunk 0 [OMP/Medium]: 1
  Chunk 1 [Vulkan    ]: 2, 3, 4, 5, 6, 7
  Chunk 2 [OMP/Little]: 8, 9
--------------------------------
Schedule 28 [UID: SCH-G3B6-G425-55dd]:
  Chunk 0 [Vulkan    ]: 1, 2, 3
  Chunk 1 [OMP/Big   ]: 4, 5, 6, 7, 8, 9
--------------------------------
Schedule 29 [UID: SCH-M1G3B3L2-G437-9909]:
  Chunk 0 [OMP/Medium]: 1
  Chunk 1 [Vulkan    ]: 2, 3, 4
  Chunk 2 [OMP/Big   ]: 5, 6, 7
  Chunk 3 [OMP/Little]: 8, 9
[2025-06-26 18:29:45.506] [info] Running 30/30 schedules

--------------------------------
[2025-06-26 18:29:45.506] [info] Available Vulkan Layers:
[2025-06-26 18:29:45.507] [warning] Validation layer requested but not available, continuing without it...
[2025-06-26 18:29:45.511] [info] Using integrated GPU: Adreno (TM) 740
### Python Begin ###
Schedule_UID=SCH-L9-G000-8b86
Frequency=19200000 Hz
Task=0 Chunk=0 Start=3228437071980 End=3228439459075 Duration=2387095
Task=1 Chunk=0 Start=3228439459122 End=3228441609743 Duration=2150621
Task=2 Chunk=0 Start=3228441609752 End=3228443733472 Duration=2123720
Task=3 Chunk=0 Start=3228443733494 End=3228445880850 Duration=2147356
Task=4 Chunk=0 Start=3228445880864 End=3228448004847 Duration=2123983
Task=5 Chunk=0 Start=3228448004866 End=3228450181068 Duration=2176202
Task=6 Chunk=0 Start=3228450181081 End=3228452352063 Duration=2170982
Task=7 Chunk=0 Start=3228452352085 End=3228454484234 Duration=2132149
Task=8 Chunk=0 Start=3228454484258 End=3228456608010 Duration=2123752
Task=9 Chunk=0 Start=3228456608034 End=3228458736070 Duration=2128036
Task=10 Chunk=0 Start=3228458736082 End=3228460889571 Duration=2153489
Task=11 Chunk=0 Start=3228460889595 End=3228463027379 Duration=2137784
Task=12 Chunk=0 Start=3228463027396 End=3228465193548 Duration=2166152
Task=13 Chunk=0 Start=3228465193580 End=3228467343727 Duration=2150147
Task=14 Chunk=0 Start=3228467343743 End=3228469516707 Duration=2172964
Task=15 Chunk=0 Start=3228469516720 End=3228471678521 Duration=2161801
Task=16 Chunk=0 Start=3228471678541 End=3228473832238 Duration=2153697
Task=17 Chunk=0 Start=3228473832255 End=3228475973901 Duration=2141646
Task=18 Chunk=0 Start=3228475973928 End=3228478117779 Duration=2143851
Task=19 Chunk=0 Start=3228478117791 End=3228480262537 Duration=2144746
Task=20 Chunk=0 Start=3228480262568 End=3228482405805 Duration=2143237
Task=21 Chunk=0 Start=3228482405820 End=3228484542347 Duration=2136527
Task=22 Chunk=0 Start=3228484542369 End=3228486704184 Duration=2161815
Task=23 Chunk=0 Start=3228486704206 End=3228488858700 Duration=2154494
Task=24 Chunk=0 Start=3228488858724 End=3228490997027 Duration=2138303
Task=25 Chunk=0 Start=3228490997047 End=3228493149119 Duration=2152072
Task=26 Chunk=0 Start=3228493149137 End=3228495287459 Duration=2138322
Task=27 Chunk=0 Start=3228495287481 End=3228497432561 Duration=2145080
Task=28 Chunk=0 Start=3228497432574 End=3228499567268 Duration=2134694
Task=29 Chunk=0 Start=3228499567284 End=3228501701058 Duration=2133774
Task=30 Chunk=0 Start=3228501701072 End=3228503827474 Duration=2126402
Task=31 Chunk=0 Start=3228503827490 End=3228505958718 Duration=2131228
Task=32 Chunk=0 Start=3228505958738 End=3228508114548 Duration=2155810
Task=33 Chunk=0 Start=3228508114581 End=3228510297643 Duration=2183062
Task=34 Chunk=0 Start=3228510297657 End=3228512458869 Duration=2161212
Task=35 Chunk=0 Start=3228512458901 End=3228514589518 Duration=2130617
Task=36 Chunk=0 Start=3228514589546 End=3228516729910 Duration=2140364
Task=37 Chunk=0 Start=3228516729940 End=3228518903138 Duration=2173198
Task=38 Chunk=0 Start=3228518903165 End=3228521294239 Duration=2391074
Task=39 Chunk=0 Start=3228521294269 End=3228523453397 Duration=2159128
Task=40 Chunk=0 Start=3228523453422 End=3228525628459 Duration=2175037
Task=41 Chunk=0 Start=3228525628488 End=3228527799505 Duration=2171017
Task=42 Chunk=0 Start=3228527799523 End=3228529933969 Duration=2134446
Task=43 Chunk=0 Start=3228529933993 End=3228532080450 Duration=2146457
Task=44 Chunk=0 Start=3228532080467 End=3228534237597 Duration=2157130
Task=45 Chunk=0 Start=3228534237617 End=3228536393308 Duration=2155691
Task=46 Chunk=0 Start=3228536393324 End=3228538550470 Duration=2157146
Task=47 Chunk=0 Start=3228538550481 End=3228540772082 Duration=2221601
Task=48 Chunk=0 Start=3228540772135 End=3228542928392 Duration=2156257
Task=49 Chunk=0 Start=3228542928417 End=3228545100950 Duration=2172533
Task=50 Chunk=0 Start=3228545100976 End=3228547259674 Duration=2158698
Task=51 Chunk=0 Start=3228547259687 End=3228549394144 Duration=2134457
Task=52 Chunk=0 Start=3228549394159 End=3228551524361 Duration=2130202
Task=53 Chunk=0 Start=3228551524373 End=3228553669662 Duration=2145289
Task=54 Chunk=0 Start=3228553669674 End=3228555804637 Duration=2134963
Task=55 Chunk=0 Start=3228555804660 End=3228557948706 Duration=2144046
Task=56 Chunk=0 Start=3228557948722 End=3228560100420 Duration=2151698
Task=57 Chunk=0 Start=3228560100459 End=3228562248475 Duration=2148016
Task=58 Chunk=0 Start=3228562248505 End=3228564409709 Duration=2161204
Task=59 Chunk=0 Start=3228564409725 End=3228566569713 Duration=2159988
Task=60 Chunk=0 Start=3228566569724 End=3228568709544 Duration=2139820
Task=61 Chunk=0 Start=3228568709564 End=3228570843579 Duration=2134015
Task=62 Chunk=0 Start=3228570843590 End=3228572997926 Duration=2154336
Task=63 Chunk=0 Start=3228572997946 End=3228575136039 Duration=2138093
Task=64 Chunk=0 Start=3228575136065 End=3228577272941 Duration=2136876
Task=65 Chunk=0 Start=3228577272959 End=3228579403485 Duration=2130526
Task=66 Chunk=0 Start=3228579403497 End=3228581531179 Duration=2127682
Task=67 Chunk=0 Start=3228581531205 End=3228583682394 Duration=2151189
Task=68 Chunk=0 Start=3228583682407 End=3228585896156 Duration=2213749
Task=69 Chunk=0 Start=3228585896173 End=3228588045298 Duration=2149125
Task=70 Chunk=0 Start=3228588045315 End=3228590209182 Duration=2163867
Task=71 Chunk=0 Start=3228590209197 End=3228592347509 Duration=2138312
Task=72 Chunk=0 Start=3228592347539 End=3228594499496 Duration=2151957
Task=73 Chunk=0 Start=3228594499515 End=3228596645376 Duration=2145861
Task=74 Chunk=0 Start=3228596645393 End=3228598775108 Duration=2129715
Task=75 Chunk=0 Start=3228598775121 End=3228600914423 Duration=2139302
Task=76 Chunk=0 Start=3228600914440 End=3228603620607 Duration=2706167
Task=77 Chunk=0 Start=3228603620619 End=3228607617194 Duration=3996575
Task=78 Chunk=0 Start=3228607617216 End=3228609863323 Duration=2246107
Task=79 Chunk=0 Start=3228609863353 End=3228612000452 Duration=2137099
Task=80 Chunk=0 Start=3228612000476 End=3228614143832 Duration=2143356
Task=81 Chunk=0 Start=3228614143859 End=3228616279296 Duration=2135437
Task=82 Chunk=0 Start=3228616279328 End=3228618583053 Duration=2303725
Task=83 Chunk=0 Start=3228618583074 End=3228620847211 Duration=2264137
Task=84 Chunk=0 Start=3228620847241 End=3228623007746 Duration=2160505
Task=85 Chunk=0 Start=3228623007788 End=3228625160072 Duration=2152284
Task=86 Chunk=0 Start=3228625160098 End=3228627294531 Duration=2134433
Task=87 Chunk=0 Start=3228627294554 End=3228629454672 Duration=2160118
Task=88 Chunk=0 Start=3228629454709 End=3228631609642 Duration=2154933
Task=89 Chunk=0 Start=3228631609660 End=3228633748779 Duration=2139119
Task=90 Chunk=0 Start=3228633748804 End=3228635880578 Duration=2131774
Task=91 Chunk=0 Start=3228635880612 End=3228638023337 Duration=2142725
Task=92 Chunk=0 Start=3228638023363 End=3228640160704 Duration=2137341
Task=93 Chunk=0 Start=3228640160721 End=3228642321475 Duration=2160754
Task=94 Chunk=0 Start=3228642321491 End=3228644485973 Duration=2164482
Task=95 Chunk=0 Start=3228644485990 End=3228646634838 Duration=2148848
Task=96 Chunk=0 Start=3228646634863 End=3228648792494 Duration=2157631
Task=97 Chunk=0 Start=3228648792516 End=3228650943008 Duration=2150492
Task=98 Chunk=0 Start=3228650943032 End=3228653083134 Duration=2140102
Task=99 Chunk=0 Start=3228653083156 End=3228655219423 Duration=2136267
### Python End ###

--------------------------------
[2025-06-26 18:29:57.792] [info] Available Vulkan Layers:
[2025-06-26 18:29:57.792] [warning] Validation layer requested but not available, continuing without it...
[2025-06-26 18:29:57.795] [info] Using integrated GPU: Adreno (TM) 740
### Python Begin ###
Schedule_UID=SCH-M9-G000-871e
Frequency=19200000 Hz
Task=0 Chunk=0 Start=3228672542910 End=3228673474563 Duration=931653
Task=1 Chunk=0 Start=3228673474574 End=3228674220505 Duration=745931
Task=2 Chunk=0 Start=3228674220520 End=3228674969640 Duration=749120
Task=3 Chunk=0 Start=3228674969642 End=3228675714269 Duration=744627
Task=4 Chunk=0 Start=3228675714273 End=3228676460451 Duration=746178
Task=5 Chunk=0 Start=3228676460453 End=3228677204061 Duration=743608
Task=6 Chunk=0 Start=3228677204067 End=3228677961813 Duration=757746
Task=7 Chunk=0 Start=3228677961814 End=3228678713172 Duration=751358
Task=8 Chunk=0 Start=3228678713177 End=3228679459386 Duration=746209
Task=9 Chunk=0 Start=3228679459392 End=3228680204649 Duration=745257
Task=10 Chunk=0 Start=3228680204656 End=3228680947729 Duration=743073
Task=11 Chunk=0 Start=3228680947736 End=3228681715955 Duration=768219
Task=12 Chunk=0 Start=3228681715956 End=3228682459819 Duration=743863
Task=13 Chunk=0 Start=3228682459825 End=3228683205719 Duration=745894
Task=14 Chunk=0 Start=3228683205720 End=3228683954748 Duration=749028
Task=15 Chunk=0 Start=3228683954752 End=3228684700026 Duration=745274
Task=16 Chunk=0 Start=3228684700030 End=3228685442147 Duration=742117
Task=17 Chunk=0 Start=3228685442149 End=3228686188409 Duration=746260
Task=18 Chunk=0 Start=3228686188409 End=3228686944052 Duration=755643
Task=19 Chunk=0 Start=3228686944053 End=3228687707808 Duration=763755
Task=20 Chunk=0 Start=3228687707809 End=3228688465567 Duration=757758
Task=21 Chunk=0 Start=3228688465568 End=3228689216764 Duration=751196
Task=22 Chunk=0 Start=3228689216766 End=3228689967411 Duration=750645
Task=23 Chunk=0 Start=3228689967417 End=3228690715681 Duration=748264
Task=24 Chunk=0 Start=3228690715686 End=3228691471559 Duration=755873
Task=25 Chunk=0 Start=3228691471560 End=3228692217101 Duration=745541
Task=26 Chunk=0 Start=3228692217102 End=3228692963050 Duration=745948
Task=27 Chunk=0 Start=3228692963057 End=3228693720248 Duration=757191
Task=28 Chunk=0 Start=3228693720253 End=3228694466255 Duration=746002
Task=29 Chunk=0 Start=3228694466259 End=3228695209861 Duration=743602
Task=30 Chunk=0 Start=3228695209866 End=3228695954688 Duration=744822
Task=31 Chunk=0 Start=3228695954695 End=3228696709251 Duration=754556
Task=32 Chunk=0 Start=3228696709254 End=3228697454087 Duration=744833
Task=33 Chunk=0 Start=3228697454093 End=3228698204150 Duration=750057
Task=34 Chunk=0 Start=3228698204157 End=3228698958886 Duration=754729
Task=35 Chunk=0 Start=3228698958893 End=3228699705532 Duration=746639
Task=36 Chunk=0 Start=3228699705533 End=3228700450835 Duration=745302
Task=37 Chunk=0 Start=3228700450840 End=3228701203051 Duration=752211
Task=38 Chunk=0 Start=3228701203052 End=3228702012643 Duration=809591
Task=39 Chunk=0 Start=3228702012654 End=3228702765727 Duration=753073
Task=40 Chunk=0 Start=3228702765729 End=3228703507903 Duration=742174
Task=41 Chunk=0 Start=3228703507914 End=3228704251272 Duration=743358
Task=42 Chunk=0 Start=3228704251273 End=3228704997771 Duration=746498
Task=43 Chunk=0 Start=3228704997772 End=3228705754958 Duration=757186
Task=44 Chunk=0 Start=3228705754962 End=3228706504526 Duration=749564
Task=45 Chunk=0 Start=3228706504531 End=3228707249288 Duration=744757
Task=46 Chunk=0 Start=3228707249289 End=3228707997296 Duration=748007
Task=47 Chunk=0 Start=3228707997296 End=3228708738125 Duration=740829
Task=48 Chunk=0 Start=3228708738131 End=3228709498437 Duration=760306
Task=49 Chunk=0 Start=3228709498437 End=3228710243457 Duration=745020
Task=50 Chunk=0 Start=3228710243465 End=3228710992972 Duration=749507
Task=51 Chunk=0 Start=3228710992978 End=3228711737781 Duration=744803
Task=52 Chunk=0 Start=3228711737787 End=3228712488465 Duration=750678
Task=53 Chunk=0 Start=3228712488470 End=3228713247147 Duration=758677
Task=54 Chunk=0 Start=3228713247149 End=3228713991753 Duration=744604
Task=55 Chunk=0 Start=3228713991760 End=3228714738413 Duration=746653
Task=56 Chunk=0 Start=3228714738414 End=3228715497276 Duration=758862
Task=57 Chunk=0 Start=3228715497277 End=3228716271685 Duration=774408
Task=58 Chunk=0 Start=3228716271691 End=3228717015893 Duration=744202
Task=59 Chunk=0 Start=3228717015902 End=3228717764710 Duration=748808
Task=60 Chunk=0 Start=3228717764711 End=3228718510154 Duration=745443
Task=61 Chunk=0 Start=3228718510161 End=3228719253226 Duration=743065
Task=62 Chunk=0 Start=3228719253230 End=3228719998062 Duration=744832
Task=63 Chunk=0 Start=3228719998063 End=3228720747077 Duration=749014
Task=64 Chunk=0 Start=3228720747082 End=3228721511151 Duration=764069
Task=65 Chunk=0 Start=3228721511158 End=3228722256637 Duration=745479
Task=66 Chunk=0 Start=3228722256642 End=3228723001679 Duration=745037
Task=67 Chunk=0 Start=3228723001683 End=3228723747768 Duration=746085
Task=68 Chunk=0 Start=3228723747774 End=3228724493350 Duration=745576
Task=69 Chunk=0 Start=3228724493352 End=3228725237534 Duration=744182
Task=70 Chunk=0 Start=3228725237540 End=3228725981804 Duration=744264
Task=71 Chunk=0 Start=3228725981805 End=3228726726469 Duration=744664
Task=72 Chunk=0 Start=3228726726470 End=3228727469402 Duration=742932
Task=73 Chunk=0 Start=3228727469403 End=3228728217739 Duration=748336
Task=74 Chunk=0 Start=3228728217740 End=3228728972413 Duration=754673
Task=75 Chunk=0 Start=3228728972416 End=3228729720384 Duration=747968
Task=76 Chunk=0 Start=3228729720384 End=3228730465589 Duration=745205
Task=77 Chunk=0 Start=3228730465590 End=3228731218700 Duration=753110
Task=78 Chunk=0 Start=3228731218702 End=3228731982154 Duration=763452
Task=79 Chunk=0 Start=3228731982155 End=3228732740627 Duration=758472
Task=80 Chunk=0 Start=3228732740628 End=3228733506048 Duration=765420
Task=81 Chunk=0 Start=3228733506055 End=3228734268423 Duration=762368
Task=82 Chunk=0 Start=3228734268424 End=3228735010945 Duration=742521
Task=83 Chunk=0 Start=3228735010951 End=3228735755142 Duration=744191
Task=84 Chunk=0 Start=3228735755146 End=3228736503394 Duration=748248
Task=85 Chunk=0 Start=3228736503400 End=3228737249520 Duration=746120
Task=86 Chunk=0 Start=3228737249520 End=3228737996521 Duration=747001
Task=87 Chunk=0 Start=3228737996526 End=3228738743503 Duration=746977
Task=88 Chunk=0 Start=3228738743507 End=3228739497411 Duration=753904
Task=89 Chunk=0 Start=3228739497413 End=3228740270964 Duration=773551
Task=90 Chunk=0 Start=3228740270970 End=3228741015651 Duration=744681
Task=91 Chunk=0 Start=3228741015656 End=3228741761475 Duration=745819
Task=92 Chunk=0 Start=3228741761476 End=3228742504942 Duration=743466
Task=93 Chunk=0 Start=3228742504943 End=3228743253046 Duration=748103
Task=94 Chunk=0 Start=3228743253051 End=3228744000110 Duration=747059
Task=95 Chunk=0 Start=3228744000117 End=3228744745852 Duration=745735
Task=96 Chunk=0 Start=3228744745857 End=3228745502957 Duration=757100
Task=97 Chunk=0 Start=3228745502964 End=3228746247618 Duration=744654
Task=98 Chunk=0 Start=3228746247623 End=3228747002022 Duration=754399
Task=99 Chunk=0 Start=3228747002028 End=3228747743559 Duration=741531
### Python End ###

--------------------------------
[2025-06-26 18:30:02.583] [info] Available Vulkan Layers:
[2025-06-26 18:30:02.583] [warning] Validation layer requested but not available, continuing without it...
[2025-06-26 18:30:02.586] [info] Using integrated GPU: Adreno (TM) 740
### Python Begin ###
Schedule_UID=SCH-B9-G000-4567
Frequency=19200000 Hz
Task=0 Chunk=0 Start=3228764492355 End=3228766320950 Duration=1828595
Task=1 Chunk=0 Start=3228766320989 End=3228767534325 Duration=1213336
Task=2 Chunk=0 Start=3228767534332 End=3228768145414 Duration=611082
Task=3 Chunk=0 Start=3228768145419 End=3228768649893 Duration=504474
Task=4 Chunk=0 Start=3228768649894 End=3228769153704 Duration=503810
Task=5 Chunk=0 Start=3228769153706 End=3228769652631 Duration=498925
Task=6 Chunk=0 Start=3228769652632 End=3228770150537 Duration=497905
Task=7 Chunk=0 Start=3228770150537 End=3228770655164 Duration=504627
Task=8 Chunk=0 Start=3228770655165 End=3228771154664 Duration=499499
Task=9 Chunk=0 Start=3228771154664 End=3228771650272 Duration=495608
Task=10 Chunk=0 Start=3228771650273 End=3228772148344 Duration=498071
Task=11 Chunk=0 Start=3228772148345 End=3228772647817 Duration=499472
Task=12 Chunk=0 Start=3228772647818 End=3228773145514 Duration=497696
Task=13 Chunk=0 Start=3228773145515 End=3228773647316 Duration=501801
Task=14 Chunk=0 Start=3228773647316 End=3228774147143 Duration=499827
Task=15 Chunk=0 Start=3228774147144 End=3228774646838 Duration=499694
Task=16 Chunk=0 Start=3228774646839 End=3228775147416 Duration=500577
Task=17 Chunk=0 Start=3228775147419 End=3228775646069 Duration=498650
Task=18 Chunk=0 Start=3228775646070 End=3228776144340 Duration=498270
Task=19 Chunk=0 Start=3228776144341 End=3228776644281 Duration=499940
Task=20 Chunk=0 Start=3228776644281 End=3228777142898 Duration=498617
Task=21 Chunk=0 Start=3228777142898 End=3228777645537 Duration=502639
Task=22 Chunk=0 Start=3228777645537 End=3228778144910 Duration=499373
Task=23 Chunk=0 Start=3228778144911 End=3228778644179 Duration=499268
Task=24 Chunk=0 Start=3228778644180 End=3228779144880 Duration=500700
Task=25 Chunk=0 Start=3228779144881 End=3228779641166 Duration=496285
Task=26 Chunk=0 Start=3228779641170 End=3228780140470 Duration=499300
Task=27 Chunk=0 Start=3228780140471 End=3228780636887 Duration=496416
Task=28 Chunk=0 Start=3228780636888 End=3228781137871 Duration=500983
Task=29 Chunk=0 Start=3228781137871 End=3228781636873 Duration=499002
Task=30 Chunk=0 Start=3228781636874 End=3228782145780 Duration=508906
Task=31 Chunk=0 Start=3228782145785 End=3228782649753 Duration=503968
Task=32 Chunk=0 Start=3228782649753 End=3228783145652 Duration=495899
Task=33 Chunk=0 Start=3228783145653 End=3228783644575 Duration=498922
Task=34 Chunk=0 Start=3228783644576 End=3228784144168 Duration=499592
Task=35 Chunk=0 Start=3228784144169 End=3228784644908 Duration=500739
Task=36 Chunk=0 Start=3228784644912 End=3228785144687 Duration=499775
Task=37 Chunk=0 Start=3228785144698 End=3228785647324 Duration=502626
Task=38 Chunk=0 Start=3228785647326 End=3228786147809 Duration=500483
Task=39 Chunk=0 Start=3228786147820 End=3228786650642 Duration=502822
Task=40 Chunk=0 Start=3228786650645 End=3228787151781 Duration=501136
Task=41 Chunk=0 Start=3228787151784 End=3228787650108 Duration=498324
Task=42 Chunk=0 Start=3228787650109 End=3228788151883 Duration=501774
Task=43 Chunk=0 Start=3228788151884 End=3228788650729 Duration=498845
Task=44 Chunk=0 Start=3228788650730 End=3228789153051 Duration=502321
Task=45 Chunk=0 Start=3228789153052 End=3228789654572 Duration=501520
Task=46 Chunk=0 Start=3228789654572 End=3228790152289 Duration=497717
Task=47 Chunk=0 Start=3228790152295 End=3228790653738 Duration=501443
Task=48 Chunk=0 Start=3228790653739 End=3228791154949 Duration=501210
Task=49 Chunk=0 Start=3228791154950 End=3228791654608 Duration=499658
Task=50 Chunk=0 Start=3228791654609 End=3228792155121 Duration=500512
Task=51 Chunk=0 Start=3228792155125 End=3228792656684 Duration=501559
Task=52 Chunk=0 Start=3228792656685 End=3228793157003 Duration=500318
Task=53 Chunk=0 Start=3228793157003 End=3228793655277 Duration=498274
Task=54 Chunk=0 Start=3228793655277 End=3228794157383 Duration=502106
Task=55 Chunk=0 Start=3228794157384 End=3228794661043 Duration=503659
Task=56 Chunk=0 Start=3228794661044 End=3228795161452 Duration=500408
Task=57 Chunk=0 Start=3228795161453 End=3228795664249 Duration=502796
Task=58 Chunk=0 Start=3228795664250 End=3228796164417 Duration=500167
Task=59 Chunk=0 Start=3228796164418 End=3228796665322 Duration=500904
Task=60 Chunk=0 Start=3228796665323 End=3228797165815 Duration=500492
Task=61 Chunk=0 Start=3228797165816 End=3228797666961 Duration=501145
Task=62 Chunk=0 Start=3228797666961 End=3228798166518 Duration=499557
Task=63 Chunk=0 Start=3228798166521 End=3228798666856 Duration=500335
Task=64 Chunk=0 Start=3228798666857 End=3228799168361 Duration=501504
Task=65 Chunk=0 Start=3228799168364 End=3228799669316 Duration=500952
Task=66 Chunk=0 Start=3228799669317 End=3228800171625 Duration=502308
Task=67 Chunk=0 Start=3228800171628 End=3228800671974 Duration=500346
Task=68 Chunk=0 Start=3228800671980 End=3228801172225 Duration=500245
Task=69 Chunk=0 Start=3228801172225 End=3228801672792 Duration=500567
Task=70 Chunk=0 Start=3228801672795 End=3228802174702 Duration=501907
Task=71 Chunk=0 Start=3228802174703 End=3228802675438 Duration=500735
Task=72 Chunk=0 Start=3228802675439 End=3228803180804 Duration=505365
Task=73 Chunk=0 Start=3228803180805 End=3228803679157 Duration=498352
Task=74 Chunk=0 Start=3228803679158 End=3228804177673 Duration=498515
Task=75 Chunk=0 Start=3228804177678 End=3228804676714 Duration=499036
Task=76 Chunk=0 Start=3228804676715 End=3228805177329 Duration=500614
Task=77 Chunk=0 Start=3228805177330 End=3228805677240 Duration=499910
Task=78 Chunk=0 Start=3228805677240 End=3228806174054 Duration=496814
Task=79 Chunk=0 Start=3228806174055 End=3228806672005 Duration=497950
Task=80 Chunk=0 Start=3228806672006 End=3228807169504 Duration=497498
Task=81 Chunk=0 Start=3228807169505 End=3228807668417 Duration=498912
Task=82 Chunk=0 Start=3228807668421 End=3228808168375 Duration=499954
Task=83 Chunk=0 Start=3228808168376 End=3228808667134 Duration=498758
Task=84 Chunk=0 Start=3228808667135 End=3228809162802 Duration=495667
Task=85 Chunk=0 Start=3228809162803 End=3228809663791 Duration=500988
Task=86 Chunk=0 Start=3228809663792 End=3228810165720 Duration=501928
Task=87 Chunk=0 Start=3228810165721 End=3228810666504 Duration=500783
Task=88 Chunk=0 Start=3228810666505 End=3228811163681 Duration=497176
Task=89 Chunk=0 Start=3228811163682 End=3228811664167 Duration=500485
Task=90 Chunk=0 Start=3228811664168 End=3228812165973 Duration=501805
Task=91 Chunk=0 Start=3228812165974 End=3228812668624 Duration=502650
Task=92 Chunk=0 Start=3228812668625 End=3228813169624 Duration=500999
Task=93 Chunk=0 Start=3228813169625 End=3228813670207 Duration=500582
Task=94 Chunk=0 Start=3228813670208 End=3228814169871 Duration=499663
Task=95 Chunk=0 Start=3228814169871 End=3228814669349 Duration=499478
Task=96 Chunk=0 Start=3228814669362 End=3228815167590 Duration=498228
Task=97 Chunk=0 Start=3228815167594 End=3228815669312 Duration=501718
Task=98 Chunk=0 Start=3228815669315 End=3228816169230 Duration=499915
Task=99 Chunk=0 Start=3228816169232 End=3228816669536 Duration=500304
### Python End ###

--------------------------------
[2025-06-26 18:30:06.167] [info] Available Vulkan Layers:
[2025-06-26 18:30:06.167] [warning] Validation layer requested but not available, continuing without it...
[2025-06-26 18:30:06.170] [info] Using integrated GPU: Adreno (TM) 740
### Python Begin ###
Schedule_UID=SCH-G9-G000-dcdc
Frequency=19200000 Hz
Task=0 Chunk=0 Start=3228833171584 End=3228833696028 Duration=524444
Task=1 Chunk=0 Start=3228833696048 End=3228834007195 Duration=311147
Task=2 Chunk=0 Start=3228834007221 End=3228834338237 Duration=331016
Task=3 Chunk=0 Start=3228834338243 End=3228834737064 Duration=398821
Task=4 Chunk=0 Start=3228834737077 End=3228835130033 Duration=392956
Task=5 Chunk=0 Start=3228835130043 End=3228835569342 Duration=439299
Task=6 Chunk=0 Start=3228835569350 End=3228836022479 Duration=453129
Task=7 Chunk=0 Start=3228836022496 End=3228836480816 Duration=458320
Task=8 Chunk=0 Start=3228836480825 End=3228836929747 Duration=448922
Task=9 Chunk=0 Start=3228836929758 End=3228837360351 Duration=430593
Task=10 Chunk=0 Start=3228837360360 End=3228837807266 Duration=446906
Task=11 Chunk=0 Start=3228837807275 End=3228838248241 Duration=440966
Task=12 Chunk=0 Start=3228838248256 End=3228838690706 Duration=442450
Task=13 Chunk=0 Start=3228838690720 End=3228839130197 Duration=439477
Task=14 Chunk=0 Start=3228839130213 End=3228839559221 Duration=429008
Task=15 Chunk=0 Start=3228839559231 End=3228840064310 Duration=505079
Task=16 Chunk=0 Start=3228840064323 End=3228840512850 Duration=448527
Task=17 Chunk=0 Start=3228840512868 End=3228840951545 Duration=438677
Task=18 Chunk=0 Start=3228840951558 End=3228841367017 Duration=415459
Task=19 Chunk=0 Start=3228841367030 End=3228841825953 Duration=458923
Task=20 Chunk=0 Start=3228841825962 End=3228842270159 Duration=444197
Task=21 Chunk=0 Start=3228842270174 End=3228842728572 Duration=458398
Task=22 Chunk=0 Start=3228842728578 End=3228843194422 Duration=465844
Task=23 Chunk=0 Start=3228843194430 End=3228843658795 Duration=464365
Task=24 Chunk=0 Start=3228843658808 End=3228844100579 Duration=441771
Task=25 Chunk=0 Start=3228844100594 End=3228844546335 Duration=445741
Task=26 Chunk=0 Start=3228844546341 End=3228844965248 Duration=418907
Task=27 Chunk=0 Start=3228844965267 End=3228845414302 Duration=449035
Task=28 Chunk=0 Start=3228845414316 End=3228845840697 Duration=426381
Task=29 Chunk=0 Start=3228845840707 End=3228846269451 Duration=428744
Task=30 Chunk=0 Start=3228846269465 End=3228846734134 Duration=464669
Task=31 Chunk=0 Start=3228846734145 End=3228847189863 Duration=455718
Task=32 Chunk=0 Start=3228847189880 End=3228847644868 Duration=454988
Task=33 Chunk=0 Start=3228847644878 End=3228848083551 Duration=438673
Task=34 Chunk=0 Start=3228848083561 End=3228848504018 Duration=420457
Task=35 Chunk=0 Start=3228848504032 End=3228848973521 Duration=469489
Task=36 Chunk=0 Start=3228848973532 End=3228849422621 Duration=449089
Task=37 Chunk=0 Start=3228849422634 End=3228849869563 Duration=446929
Task=38 Chunk=0 Start=3228849869578 End=3228850309478 Duration=439900
Task=39 Chunk=0 Start=3228850309487 End=3228850726252 Duration=416765
Task=40 Chunk=0 Start=3228850726262 End=3228851187143 Duration=460881
Task=41 Chunk=0 Start=3228851187153 End=3228851624328 Duration=437175
Task=42 Chunk=0 Start=3228851624334 End=3228852053337 Duration=429003
Task=43 Chunk=0 Start=3228852053361 End=3228852500718 Duration=447357
Task=44 Chunk=0 Start=3228852500731 End=3228852947659 Duration=446928
Task=45 Chunk=0 Start=3228852947671 End=3228853394782 Duration=447111
Task=46 Chunk=0 Start=3228853394798 End=3228853831667 Duration=436869
Task=47 Chunk=0 Start=3228853831681 End=3228854283390 Duration=451709
Task=48 Chunk=0 Start=3228854283401 End=3228854717704 Duration=434303
Task=49 Chunk=0 Start=3228854717717 End=3228855172064 Duration=454347
Task=50 Chunk=0 Start=3228855172075 End=3228855636200 Duration=464125
Task=51 Chunk=0 Start=3228855636209 End=3228856092314 Duration=456105
Task=52 Chunk=0 Start=3228856092328 End=3228856554842 Duration=462514
Task=53 Chunk=0 Start=3228856554852 End=3228856995638 Duration=440786
Task=54 Chunk=0 Start=3228856995645 End=3228857439323 Duration=443678
Task=55 Chunk=0 Start=3228857439333 End=3228857873448 Duration=434115
Task=56 Chunk=0 Start=3228857873463 End=3228858323846 Duration=450383
Task=57 Chunk=0 Start=3228858323858 End=3228858760355 Duration=436497
Task=58 Chunk=0 Start=3228858760365 End=3228859176023 Duration=415658
Task=59 Chunk=0 Start=3228859176037 End=3228859650449 Duration=474412
Task=60 Chunk=0 Start=3228859650457 End=3228860089858 Duration=439401
Task=61 Chunk=0 Start=3228860089871 End=3228860530728 Duration=440857
Task=62 Chunk=0 Start=3228860530740 End=3228860970327 Duration=439587
Task=63 Chunk=0 Start=3228860970337 End=3228861400850 Duration=430513
Task=64 Chunk=0 Start=3228861400867 End=3228861836068 Duration=435201
Task=65 Chunk=0 Start=3228861836075 End=3228862271884 Duration=435809
Task=66 Chunk=0 Start=3228862271900 End=3228862702713 Duration=430813
Task=67 Chunk=0 Start=3228862702723 End=3228863184212 Duration=481489
Task=68 Chunk=0 Start=3228863184220 End=3228863620652 Duration=436432
Task=69 Chunk=0 Start=3228863620665 End=3228864058343 Duration=437678
Task=70 Chunk=0 Start=3228864058357 End=3228864507272 Duration=448915
Task=71 Chunk=0 Start=3228864507288 End=3228864935099 Duration=427811
Task=72 Chunk=0 Start=3228864935113 End=3228865369138 Duration=434025
Task=73 Chunk=0 Start=3228865369147 End=3228865803069 Duration=433922
Task=74 Chunk=0 Start=3228865803079 End=3228866236767 Duration=433688
Task=75 Chunk=0 Start=3228866236777 End=3228866696885 Duration=460108
Task=76 Chunk=0 Start=3228866696899 End=3228867161892 Duration=464993
Task=77 Chunk=0 Start=3228867161904 End=3228867628720 Duration=466816
Task=78 Chunk=0 Start=3228867628732 End=3228868080182 Duration=451450
Task=79 Chunk=0 Start=3228868080192 End=3228868517124 Duration=436932
Task=80 Chunk=0 Start=3228868517135 End=3228868959114 Duration=441979
Task=81 Chunk=0 Start=3228868959129 End=3228869495806 Duration=536677
Task=82 Chunk=0 Start=3228869495820 End=3228869949267 Duration=453447
Task=83 Chunk=0 Start=3228869949278 End=3228870379145 Duration=429867
Task=84 Chunk=0 Start=3228870379153 End=3228870831406 Duration=452253
Task=85 Chunk=0 Start=3228870831414 End=3228871274666 Duration=443252
Task=86 Chunk=0 Start=3228871274676 End=3228871693604 Duration=418928
Task=87 Chunk=0 Start=3228871693617 End=3228872145515 Duration=451898
Task=88 Chunk=0 Start=3228872145524 End=3228872587847 Duration=442323
Task=89 Chunk=0 Start=3228872587857 End=3228873040825 Duration=452968
Task=90 Chunk=0 Start=3228873040835 End=3228873468122 Duration=427287
Task=91 Chunk=0 Start=3228873468132 End=3228873910785 Duration=442653
Task=92 Chunk=0 Start=3228873910794 End=3228874318806 Duration=408012
Task=93 Chunk=0 Start=3228874318824 End=3228874761147 Duration=442323
Task=94 Chunk=0 Start=3228874761156 End=3228875189733 Duration=428577
Task=95 Chunk=0 Start=3228875189749 End=3228875606625 Duration=416876
Task=96 Chunk=0 Start=3228875606635 End=3228876040840 Duration=434205
Task=97 Chunk=0 Start=3228876040849 End=3228876471200 Duration=430351
Task=98 Chunk=0 Start=3228876471209 End=3228876920081 Duration=448872
Task=99 Chunk=0 Start=3228876920091 End=3228877375753 Duration=455662
### Python End ###

--------------------------------
[2025-06-26 18:30:09.375] [info] Available Vulkan Layers:
[2025-06-26 18:30:09.375] [warning] Validation layer requested but not available, continuing without it...
[2025-06-26 18:30:09.378] [info] Using integrated GPU: Adreno (TM) 740
### Python Begin ###
Schedule_UID=SCH-G4M5-G065-8eec
Frequency=19200000 Hz
Task=0 Chunk=0 Start=3228894951864 End=3228895318130 Duration=366266
Task=0 Chunk=1 Start=3228895318138 End=3228895508128 Duration=189990
Task=1 Chunk=0 Start=3228895318133 End=3228895473283 Duration=155150
Task=1 Chunk=1 Start=3228895508139 End=3228895675366 Duration=167227
Task=2 Chunk=0 Start=3228895473284 End=3228895641219 Duration=167935
Task=2 Chunk=1 Start=3228895675367 End=3228895846978 Duration=171611
Task=3 Chunk=0 Start=3228895641242 End=3228895799530 Duration=158288
Task=3 Chunk=1 Start=3228895846979 End=3228896013766 Duration=166787
Task=4 Chunk=0 Start=3228895799539 End=3228895970529 Duration=170990
Task=4 Chunk=1 Start=3228896013768 End=3228896179884 Duration=166116
Task=5 Chunk=0 Start=3228895970554 End=3228896137880 Duration=167326
Task=5 Chunk=1 Start=3228896179885 End=3228896349018 Duration=169133
Task=6 Chunk=0 Start=3228896137887 End=3228896317942 Duration=180055
Task=6 Chunk=1 Start=3228896349019 End=3228896518215 Duration=169196
Task=7 Chunk=0 Start=3228896317955 End=3228896488196 Duration=170241
Task=7 Chunk=1 Start=3228896518216 End=3228896684081 Duration=165865
Task=8 Chunk=0 Start=3228896488215 End=3228896657441 Duration=169226
Task=8 Chunk=1 Start=3228896684083 End=3228896852317 Duration=168234
Task=9 Chunk=0 Start=3228896657463 End=3228896830833 Duration=173370
Task=9 Chunk=1 Start=3228896852318 End=3228897018760 Duration=166442
Task=10 Chunk=0 Start=3228896830852 End=3228897001429 Duration=170577
Task=10 Chunk=1 Start=3228897018761 End=3228897184283 Duration=165522
Task=11 Chunk=0 Start=3228897001441 End=3228897177625 Duration=176184
Task=11 Chunk=1 Start=3228897184284 End=3228897354694 Duration=170410
Task=12 Chunk=0 Start=3228897177635 End=3228897336497 Duration=158862
Task=12 Chunk=1 Start=3228897354695 End=3228897526781 Duration=172086
Task=13 Chunk=0 Start=3228897336522 End=3228897542523 Duration=206001
Task=13 Chunk=1 Start=3228897542549 End=3228897707685 Duration=165136
Task=14 Chunk=0 Start=3228897542542 End=3228897711814 Duration=169272
Task=14 Chunk=1 Start=3228897711843 End=3228897877463 Duration=165620
Task=15 Chunk=0 Start=3228897711831 End=3228897899234 Duration=187403
Task=15 Chunk=1 Start=3228897899253 End=3228898066376 Duration=167123
Task=16 Chunk=0 Start=3228897899261 End=3228898064538 Duration=165277
Task=16 Chunk=1 Start=3228898066379 End=3228898233919 Duration=167540
Task=17 Chunk=0 Start=3228898064567 End=3228898227537 Duration=162970
Task=17 Chunk=1 Start=3228898233920 End=3228898399674 Duration=165754
Task=18 Chunk=0 Start=3228898227553 End=3228898411909 Duration=184356
Task=18 Chunk=1 Start=3228898411922 End=3228898579285 Duration=167363
Task=19 Chunk=0 Start=3228898411921 End=3228898584600 Duration=172679
Task=19 Chunk=1 Start=3228898584628 End=3228898751949 Duration=167321
Task=20 Chunk=0 Start=3228898584613 End=3228898752930 Duration=168317
Task=20 Chunk=1 Start=3228898752953 End=3228898921543 Duration=168590
Task=21 Chunk=0 Start=3228898752943 End=3228898913429 Duration=160486
Task=21 Chunk=1 Start=3228898921546 End=3228899088504 Duration=166958
Task=22 Chunk=0 Start=3228898913451 End=3228899117208 Duration=203757
Task=22 Chunk=1 Start=3228899117243 End=3228899283145 Duration=165902
Task=23 Chunk=0 Start=3228899117225 End=3228899278290 Duration=161065
Task=23 Chunk=1 Start=3228899283147 End=3228899448658 Duration=165511
Task=24 Chunk=0 Start=3228899278311 End=3228899446499 Duration=168188
Task=24 Chunk=1 Start=3228899448658 End=3228899621200 Duration=172542
Task=25 Chunk=0 Start=3228899446523 End=3228899639404 Duration=192881
Task=25 Chunk=1 Start=3228899639431 End=3228899807258 Duration=167827
Task=26 Chunk=0 Start=3228899639423 End=3228899807464 Duration=168041
Task=26 Chunk=1 Start=3228899807493 End=3228899977583 Duration=170090
Task=27 Chunk=0 Start=3228899807478 End=3228899968409 Duration=160931
Task=27 Chunk=1 Start=3228899977585 End=3228900149741 Duration=172156
Task=28 Chunk=0 Start=3228899968434 End=3228900136546 Duration=168112
Task=28 Chunk=1 Start=3228900149743 End=3228900315230 Duration=165487
Task=29 Chunk=0 Start=3228900136557 End=3228900310552 Duration=173995
Task=29 Chunk=1 Start=3228900315231 End=3228900481094 Duration=165863
Task=30 Chunk=0 Start=3228900310563 End=3228900496058 Duration=185495
Task=30 Chunk=1 Start=3228900496074 End=3228900662992 Duration=166918
Task=31 Chunk=0 Start=3228900496070 End=3228900668083 Duration=172013
Task=31 Chunk=1 Start=3228900668113 End=3228900835641 Duration=167528
Task=32 Chunk=0 Start=3228900668104 End=3228900846879 Duration=178775
Task=32 Chunk=1 Start=3228900846893 End=3228901012631 Duration=165738
Task=33 Chunk=0 Start=3228900846895 End=3228901015424 Duration=168529
Task=33 Chunk=1 Start=3228901015435 End=3228901183061 Duration=167626
Task=34 Chunk=0 Start=3228901015440 End=3228901196024 Duration=180584
Task=34 Chunk=1 Start=3228901196054 End=3228901366439 Duration=170385
Task=35 Chunk=0 Start=3228901196038 End=3228901359752 Duration=163714
Task=35 Chunk=1 Start=3228901366440 End=3228901542081 Duration=175641
Task=36 Chunk=0 Start=3228901359768 End=3228901537243 Duration=177475
Task=36 Chunk=1 Start=3228901542089 End=3228901709760 Duration=167671
Task=37 Chunk=0 Start=3228901537259 End=3228901701285 Duration=164026
Task=37 Chunk=1 Start=3228901709761 End=3228901876349 Duration=166588
Task=38 Chunk=0 Start=3228901701299 End=3228901885655 Duration=184356
Task=38 Chunk=1 Start=3228901885674 End=3228902064970 Duration=179296
Task=39 Chunk=0 Start=3228901885664 End=3228902051844 Duration=166180
Task=39 Chunk=1 Start=3228902064971 End=3228902232214 Duration=167243
Task=40 Chunk=0 Start=3228902051870 End=3228902224139 Duration=172269
Task=40 Chunk=1 Start=3228902232216 End=3228902398446 Duration=166230
Task=41 Chunk=0 Start=3228902224160 End=3228902394419 Duration=170259
Task=41 Chunk=1 Start=3228902398449 End=3228902566809 Duration=168360
Task=42 Chunk=0 Start=3228902394424 End=3228902571181 Duration=176757
Task=42 Chunk=1 Start=3228902571212 End=3228902738867 Duration=167655
Task=43 Chunk=0 Start=3228902571194 End=3228902736704 Duration=165510
Task=43 Chunk=1 Start=3228902738885 End=3228902906377 Duration=167492
Task=44 Chunk=0 Start=3228902736727 End=3228902914788 Duration=178061
Task=44 Chunk=1 Start=3228902914810 End=3228903082117 Duration=167307
Task=45 Chunk=0 Start=3228902914808 End=3228903068486 Duration=153678
Task=45 Chunk=1 Start=3228903082117 End=3228903248003 Duration=165886
Task=46 Chunk=0 Start=3228903068498 End=3228903225430 Duration=156932
Task=46 Chunk=1 Start=3228903248003 End=3228903413096 Duration=165093
Task=47 Chunk=0 Start=3228903225438 End=3228903366323 Duration=140885
Task=47 Chunk=1 Start=3228903413097 End=3228903578608 Duration=165511
Task=48 Chunk=0 Start=3228903366333 End=3228903509354 Duration=143021
Task=48 Chunk=1 Start=3228903578609 End=3228903743684 Duration=165075
Task=49 Chunk=0 Start=3228903509367 End=3228903648968 Duration=139601
Task=49 Chunk=1 Start=3228903743684 End=3228903912349 Duration=168665
Task=50 Chunk=0 Start=3228903648980 End=3228903817374 Duration=168394
Task=50 Chunk=1 Start=3228903912350 End=3228904079894 Duration=167544
Task=51 Chunk=0 Start=3228903817387 End=3228903997030 Duration=179643
Task=51 Chunk=1 Start=3228904079896 End=3228904248858 Duration=168962
Task=52 Chunk=0 Start=3228903997044 End=3228904196835 Duration=199791
Task=52 Chunk=1 Start=3228904248878 End=3228904415043 Duration=166165
Task=53 Chunk=0 Start=3228904196849 End=3228904355594 Duration=158745
Task=53 Chunk=1 Start=3228904415045 End=3228904582243 Duration=167198
Task=54 Chunk=0 Start=3228904355607 End=3228904527046 Duration=171439
Task=54 Chunk=1 Start=3228904582244 End=3228904750347 Duration=168103
Task=55 Chunk=0 Start=3228904527053 End=3228904705466 Duration=178413
Task=55 Chunk=1 Start=3228904750348 End=3228904917879 Duration=167531
Task=56 Chunk=0 Start=3228904705480 End=3228904876715 Duration=171235
Task=56 Chunk=1 Start=3228904917880 End=3228905083390 Duration=165510
Task=57 Chunk=0 Start=3228904876732 End=3228905043446 Duration=166714
Task=57 Chunk=1 Start=3228905083423 End=3228905250305 Duration=166882
Task=58 Chunk=0 Start=3228905043469 End=3228905219072 Duration=175603
Task=58 Chunk=1 Start=3228905250307 End=3228905426410 Duration=176103
Task=59 Chunk=0 Start=3228905219088 End=3228905382588 Duration=163500
Task=59 Chunk=1 Start=3228905426411 End=3228905591652 Duration=165241
Task=60 Chunk=0 Start=3228905382599 End=3228905582952 Duration=200353
Task=60 Chunk=1 Start=3228905591653 End=3228905816673 Duration=225020
Task=61 Chunk=0 Start=3228905582961 End=3228905743499 Duration=160538
Task=61 Chunk=1 Start=3228905816680 End=3228905984487 Duration=167807
Task=62 Chunk=0 Start=3228905743515 End=3228905899935 Duration=156420
Task=62 Chunk=1 Start=3228905984491 End=3228906150159 Duration=165668
Task=63 Chunk=0 Start=3228905899947 End=3228906076857 Duration=176910
Task=63 Chunk=1 Start=3228906150163 End=3228906317702 Duration=167539
Task=64 Chunk=0 Start=3228906076868 End=3228906262398 Duration=185530
Task=64 Chunk=1 Start=3228906317703 End=3228906483400 Duration=165697
Task=65 Chunk=0 Start=3228906262413 End=3228906428384 Duration=165971
Task=65 Chunk=1 Start=3228906483400 End=3228906649834 Duration=166434
Task=66 Chunk=0 Start=3228906428393 End=3228906590701 Duration=162308
Task=66 Chunk=1 Start=3228906649836 End=3228906817186 Duration=167350
Task=67 Chunk=0 Start=3228906590711 End=3228906761448 Duration=170737
Task=67 Chunk=1 Start=3228906817188 End=3228906983148 Duration=165960
Task=68 Chunk=0 Start=3228906761458 End=3228906946505 Duration=185047
Task=68 Chunk=1 Start=3228906983149 End=3228907149889 Duration=166740
Task=69 Chunk=0 Start=3228906946519 End=3228907112104 Duration=165585
Task=69 Chunk=1 Start=3228907149891 End=3228907317585 Duration=167694
Task=70 Chunk=0 Start=3228907112110 End=3228907275510 Duration=163400
Task=70 Chunk=1 Start=3228907317587 End=3228907485295 Duration=167708
Task=71 Chunk=0 Start=3228907275523 End=3228907456409 Duration=180886
Task=71 Chunk=1 Start=3228907485296 End=3228907656188 Duration=170892
Task=72 Chunk=0 Start=3228907456434 End=3228907625518 Duration=169084
Task=72 Chunk=1 Start=3228907656190 End=3228907829460 Duration=173270
Task=73 Chunk=0 Start=3228907625535 End=3228907794631 Duration=169096
Task=73 Chunk=1 Start=3228907829469 End=3228907996740 Duration=167271
Task=74 Chunk=0 Start=3228907794642 End=3228907957339 Duration=162697
Task=74 Chunk=1 Start=3228907996741 End=3228908162764 Duration=166023
Task=75 Chunk=0 Start=3228907957351 End=3228908116139 Duration=158788
Task=75 Chunk=1 Start=3228908162765 End=3228908329019 Duration=166254
Task=76 Chunk=0 Start=3228908116145 End=3228908289425 Duration=173280
Task=76 Chunk=1 Start=3228908329020 End=3228908497612 Duration=168592
Task=77 Chunk=0 Start=3228908289437 End=3228908487850 Duration=198413
Task=77 Chunk=1 Start=3228908497614 End=3228908663138 Duration=165524
Task=78 Chunk=0 Start=3228908487866 End=3228908660575 Duration=172709
Task=78 Chunk=1 Start=3228908663139 End=3228908829166 Duration=166027
Task=79 Chunk=0 Start=3228908660595 End=3228908830521 Duration=169926
Task=79 Chunk=1 Start=3228908830538 End=3228908995700 Duration=165162
Task=80 Chunk=0 Start=3228908830540 End=3228908999672 Duration=169132
Task=80 Chunk=1 Start=3228908999686 End=3228909165894 Duration=166208
Task=81 Chunk=0 Start=3228908999687 End=3228909179623 Duration=179936
Task=81 Chunk=1 Start=3228909179642 End=3228909344973 Duration=165331
Task=82 Chunk=0 Start=3228909179642 End=3228909341248 Duration=161606
Task=82 Chunk=1 Start=3228909344977 End=3228909510898 Duration=165921
Task=83 Chunk=0 Start=3228909341269 End=3228909519849 Duration=178580
Task=83 Chunk=1 Start=3228909519865 End=3228909693410 Duration=173545
Task=84 Chunk=0 Start=3228909519861 End=3228909691812 Duration=171951
Task=84 Chunk=1 Start=3228909693417 End=3228909858387 Duration=164970
Task=85 Chunk=0 Start=3228909691835 End=3228909866047 Duration=174212
Task=85 Chunk=1 Start=3228909866065 End=3228910032191 Duration=166126
Task=86 Chunk=0 Start=3228909866062 End=3228910033672 Duration=167610
Task=86 Chunk=1 Start=3228910033701 End=3228910200299 Duration=166598
Task=87 Chunk=0 Start=3228910033684 End=3228910198236 Duration=164552
Task=87 Chunk=1 Start=3228910200302 End=3228910368232 Duration=167930
Task=88 Chunk=0 Start=3228910198250 End=3228910354458 Duration=156208
Task=88 Chunk=1 Start=3228910368234 End=3228910533587 Duration=165353
Task=89 Chunk=0 Start=3228910354475 End=3228910536602 Duration=182127
Task=89 Chunk=1 Start=3228910536633 End=3228910703409 Duration=166776
Task=90 Chunk=0 Start=3228910536617 End=3228910724854 Duration=188237
Task=90 Chunk=1 Start=3228910724870 End=3228910893987 Duration=169117
Task=91 Chunk=0 Start=3228910724866 End=3228910890745 Duration=165879
Task=91 Chunk=1 Start=3228910893992 End=3228911060598 Duration=166606
Task=92 Chunk=0 Start=3228910890768 End=3228911065941 Duration=175173
Task=92 Chunk=1 Start=3228911065954 End=3228911231265 Duration=165311
Task=93 Chunk=0 Start=3228911065952 End=3228911256444 Duration=190492
Task=93 Chunk=1 Start=3228911256479 End=3228911422437 Duration=165958
Task=94 Chunk=0 Start=3228911256462 End=3228911415549 Duration=159087
Task=94 Chunk=1 Start=3228911422437 End=3228911591018 Duration=168581
Task=95 Chunk=0 Start=3228911415560 End=3228911578452 Duration=162892
Task=95 Chunk=1 Start=3228911591054 End=3228911759493 Duration=168439
Task=96 Chunk=0 Start=3228911578463 End=3228911756111 Duration=177648
Task=96 Chunk=1 Start=3228911759499 End=3228911926762 Duration=167263
Task=97 Chunk=0 Start=3228911756129 End=3228911926219 Duration=170090
Task=97 Chunk=1 Start=3228911926762 End=3228912095009 Duration=168247
Task=98 Chunk=0 Start=3228911926231 End=3228912106657 Duration=180426
Task=98 Chunk=1 Start=3228912106681 End=3228912280893 Duration=174212
Task=99 Chunk=0 Start=3228912106678 End=3228912284965 Duration=178287
Task=99 Chunk=1 Start=3228912284999 End=3228912450835 Duration=165836
### Python End ###

--------------------------------
[2025-06-26 18:30:11.164] [info] Available Vulkan Layers:
[2025-06-26 18:30:11.164] [warning] Validation layer requested but not available, continuing without it...
[2025-06-26 18:30:11.167] [info] Using integrated GPU: Adreno (TM) 740
### Python Begin ###
Schedule_UID=SCH-B3M6-G070-a9f9
Frequency=19200000 Hz
Task=0 Chunk=0 Start=3228929160565 End=3228929572955 Duration=412390
Task=0 Chunk=1 Start=3228929572967 End=3228929786070 Duration=213103
Task=1 Chunk=0 Start=3228929572958 End=3228929822945 Duration=249987
Task=1 Chunk=1 Start=3228929822955 End=3228930039231 Duration=216276
Task=2 Chunk=0 Start=3228929822946 End=3228930072209 Duration=249263
Task=2 Chunk=1 Start=3228930072219 End=3228930277302 Duration=205083
Task=3 Chunk=0 Start=3228930072211 End=3228930323413 Duration=251202
Task=3 Chunk=1 Start=3228930323422 End=3228930530333 Duration=206911
Task=4 Chunk=0 Start=3228930323414 End=3228930576502 Duration=253088
Task=4 Chunk=1 Start=3228930576533 End=3228930780056 Duration=203523
Task=5 Chunk=0 Start=3228930576505 End=3228930827845 Duration=251340
Task=5 Chunk=1 Start=3228930827858 End=3228931034502 Duration=206644
Task=6 Chunk=0 Start=3228930827846 End=3228931080715 Duration=252869
Task=6 Chunk=1 Start=3228931080729 End=3228931285945 Duration=205216
Task=7 Chunk=0 Start=3228931080716 End=3228931332553 Duration=251837
Task=7 Chunk=1 Start=3228931332575 End=3228931537253 Duration=204678
Task=8 Chunk=0 Start=3228931332556 End=3228931583890 Duration=251334
Task=8 Chunk=1 Start=3228931583908 End=3228931789372 Duration=205464
Task=9 Chunk=0 Start=3228931583891 End=3228931835644 Duration=251753
Task=9 Chunk=1 Start=3228931835653 End=3228932039934 Duration=204281
Task=10 Chunk=0 Start=3228931835645 End=3228932086196 Duration=250551
Task=10 Chunk=1 Start=3228932086214 End=3228932291390 Duration=205176
Task=11 Chunk=0 Start=3228932086197 End=3228932338343 Duration=252146
Task=11 Chunk=1 Start=3228932338351 End=3228932543337 Duration=204986
Task=12 Chunk=0 Start=3228932338344 End=3228932589752 Duration=251408
Task=12 Chunk=1 Start=3228932589767 End=3228932794306 Duration=204539
Task=13 Chunk=0 Start=3228932589753 End=3228932841047 Duration=251294
Task=13 Chunk=1 Start=3228932841064 End=3228933046580 Duration=205516
Task=14 Chunk=0 Start=3228932841049 End=3228933092049 Duration=251000
Task=14 Chunk=1 Start=3228933092057 End=3228933296755 Duration=204698
Task=15 Chunk=0 Start=3228933092050 End=3228933343252 Duration=251202
Task=15 Chunk=1 Start=3228933343261 End=3228933546599 Duration=203338
Task=16 Chunk=0 Start=3228933343253 End=3228933594872 Duration=251619
Task=16 Chunk=1 Start=3228933594893 End=3228933801383 Duration=206490
Task=17 Chunk=0 Start=3228933594873 End=3228933847687 Duration=252814
Task=17 Chunk=1 Start=3228933847703 End=3228934052372 Duration=204669
Task=18 Chunk=0 Start=3228933847688 End=3228934101080 Duration=253392
Task=18 Chunk=1 Start=3228934101101 End=3228934304892 Duration=203791
Task=19 Chunk=0 Start=3228934101082 End=3228934352110 Duration=251028
Task=19 Chunk=1 Start=3228934352125 End=3228934557611 Duration=205486
Task=20 Chunk=0 Start=3228934352112 End=3228934603791 Duration=251679
Task=20 Chunk=1 Start=3228934603814 End=3228934807295 Duration=203481
Task=21 Chunk=0 Start=3228934603794 End=3228934854475 Duration=250681
Task=21 Chunk=1 Start=3228934854492 End=3228935060786 Duration=206294
Task=22 Chunk=0 Start=3228934854475 End=3228935107801 Duration=253326
Task=22 Chunk=1 Start=3228935107821 End=3228935312596 Duration=204775
Task=23 Chunk=0 Start=3228935107802 End=3228935360266 Duration=252464
Task=23 Chunk=1 Start=3228935360294 End=3228935565780 Duration=205486
Task=24 Chunk=0 Start=3228935360267 End=3228935611614 Duration=251347
Task=24 Chunk=1 Start=3228935611628 End=3228935816892 Duration=205264
Task=25 Chunk=0 Start=3228935611615 End=3228935863667 Duration=252052
Task=25 Chunk=1 Start=3228935863697 End=3228936068325 Duration=204628
Task=26 Chunk=0 Start=3228935863669 End=3228936116434 Duration=252765
Task=26 Chunk=1 Start=3228936116452 End=3228936320229 Duration=203777
Task=27 Chunk=0 Start=3228936116434 End=3228936368194 Duration=251760
Task=27 Chunk=1 Start=3228936368207 End=3228936573718 Duration=205511
Task=28 Chunk=0 Start=3228936368195 End=3228936620040 Duration=251845
Task=28 Chunk=1 Start=3228936620052 End=3228936824367 Duration=204315
Task=29 Chunk=0 Start=3228936620041 End=3228936872210 Duration=252169
Task=29 Chunk=1 Start=3228936872219 End=3228937076280 Duration=204061
Task=30 Chunk=0 Start=3228936872211 End=3228937123463 Duration=251252
Task=30 Chunk=1 Start=3228937123474 End=3228937329513 Duration=206039
Task=31 Chunk=0 Start=3228937123464 End=3228937376200 Duration=252736
Task=31 Chunk=1 Start=3228937376209 End=3228937580662 Duration=204453
Task=32 Chunk=0 Start=3228937376201 End=3228937628199 Duration=251998
Task=32 Chunk=1 Start=3228937628216 End=3228937831731 Duration=203515
Task=33 Chunk=0 Start=3228937628200 End=3228937880996 Duration=252796
Task=33 Chunk=1 Start=3228937881012 End=3228938085910 Duration=204898
Task=34 Chunk=0 Start=3228937880997 End=3228938132355 Duration=251358
Task=34 Chunk=1 Start=3228938132376 End=3228938336360 Duration=203984
Task=35 Chunk=0 Start=3228938132356 End=3228938382893 Duration=250537
Task=35 Chunk=1 Start=3228938382917 End=3228938588797 Duration=205880
Task=36 Chunk=0 Start=3228938382898 End=3228938635042 Duration=252144
Task=36 Chunk=1 Start=3228938635056 End=3228938838658 Duration=203602
Task=37 Chunk=0 Start=3228938635044 End=3228938886762 Duration=251718
Task=37 Chunk=1 Start=3228938886789 End=3228939090604 Duration=203815
Task=38 Chunk=0 Start=3228938886762 End=3228939138038 Duration=251276
Task=38 Chunk=1 Start=3228939138052 End=3228939342997 Duration=204945
Task=39 Chunk=0 Start=3228939138039 End=3228939390416 Duration=252377
Task=39 Chunk=1 Start=3228939390442 End=3228939594198 Duration=203756
Task=40 Chunk=0 Start=3228939390417 End=3228939643949 Duration=253532
Task=40 Chunk=1 Start=3228939643969 End=3228939848009 Duration=204040
Task=41 Chunk=0 Start=3228939643950 End=3228939895726 Duration=251776
Task=41 Chunk=1 Start=3228939895735 End=3228940102142 Duration=206407
Task=42 Chunk=0 Start=3228939895727 End=3228940148401 Duration=252674
Task=42 Chunk=1 Start=3228940148421 End=3228940353113 Duration=204692
Task=43 Chunk=0 Start=3228940148404 End=3228940400598 Duration=252194
Task=43 Chunk=1 Start=3228940400618 End=3228940605274 Duration=204656
Task=44 Chunk=0 Start=3228940400599 End=3228940651709 Duration=251110
Task=44 Chunk=1 Start=3228940651730 End=3228940858471 Duration=206741
Task=45 Chunk=0 Start=3228940651710 End=3228940904626 Duration=252916
Task=45 Chunk=1 Start=3228940904640 End=3228941108932 Duration=204292
Task=46 Chunk=0 Start=3228940904628 End=3228941157108 Duration=252480
Task=46 Chunk=1 Start=3228941157116 End=3228941361748 Duration=204632
Task=47 Chunk=0 Start=3228941157109 End=3228941410494 Duration=253385
Task=47 Chunk=1 Start=3228941410502 End=3228941613637 Duration=203135
Task=48 Chunk=0 Start=3228941410497 End=3228941662437 Duration=251940
Task=48 Chunk=1 Start=3228941662457 End=3228941866201 Duration=203744
Task=49 Chunk=0 Start=3228941662438 End=3228941913592 Duration=251154
Task=49 Chunk=1 Start=3228941913608 End=3228942119236 Duration=205628
Task=50 Chunk=0 Start=3228941913593 End=3228942165833 Duration=252240
Task=50 Chunk=1 Start=3228942165843 End=3228942373210 Duration=207367
Task=51 Chunk=0 Start=3228942165834 End=3228942418221 Duration=252387
Task=51 Chunk=1 Start=3228942418230 End=3228942623564 Duration=205334
Task=52 Chunk=0 Start=3228942418221 End=3228942669378 Duration=251157
Task=52 Chunk=1 Start=3228942669402 End=3228942879490 Duration=210088
Task=53 Chunk=0 Start=3228942669379 End=3228942924565 Duration=255186
Task=53 Chunk=1 Start=3228942924578 End=3228943128713 Duration=204135
Task=54 Chunk=0 Start=3228942924565 End=3228943177048 Duration=252483
Task=54 Chunk=1 Start=3228943177063 End=3228943380805 Duration=203742
Task=55 Chunk=0 Start=3228943177049 End=3228943428131 Duration=251082
Task=55 Chunk=1 Start=3228943428161 End=3228943635298 Duration=207137
Task=56 Chunk=0 Start=3228943428131 End=3228943682638 Duration=254507
Task=56 Chunk=1 Start=3228943682648 End=3228943887801 Duration=205153
Task=57 Chunk=0 Start=3228943682639 End=3228943934359 Duration=251720
Task=57 Chunk=1 Start=3228943934372 End=3228944138596 Duration=204224
Task=58 Chunk=0 Start=3228943934360 End=3228944186808 Duration=252448
Task=58 Chunk=1 Start=3228944186817 End=3228944392951 Duration=206134
Task=59 Chunk=0 Start=3228944186809 End=3228944440983 Duration=254174
Task=59 Chunk=1 Start=3228944440993 End=3228944646109 Duration=205116
Task=60 Chunk=0 Start=3228944440984 End=3228944693049 Duration=252065
Task=60 Chunk=1 Start=3228944693062 End=3228944897187 Duration=204125
Task=61 Chunk=0 Start=3228944693050 End=3228944944911 Duration=251861
Task=61 Chunk=1 Start=3228944944934 End=3228945148853 Duration=203919
Task=62 Chunk=0 Start=3228944944912 End=3228945195198 Duration=250286
Task=62 Chunk=1 Start=3228945195221 End=3228945398725 Duration=203504
Task=63 Chunk=0 Start=3228945195201 End=3228945444539 Duration=249338
Task=63 Chunk=1 Start=3228945444559 End=3228945650244 Duration=205685
Task=64 Chunk=0 Start=3228945444540 End=3228945696394 Duration=251854
Task=64 Chunk=1 Start=3228945696415 End=3228945900740 Duration=204325
Task=65 Chunk=0 Start=3228945696395 End=3228945949069 Duration=252674
Task=65 Chunk=1 Start=3228945949086 End=3228946152951 Duration=203865
Task=66 Chunk=0 Start=3228945949072 End=3228946200199 Duration=251127
Task=66 Chunk=1 Start=3228946200220 End=3228946405617 Duration=205397
Task=67 Chunk=0 Start=3228946200200 End=3228946452031 Duration=251831
Task=67 Chunk=1 Start=3228946452059 End=3228946657222 Duration=205163
Task=68 Chunk=0 Start=3228946452032 End=3228946703763 Duration=251731
Task=68 Chunk=1 Start=3228946703772 End=3228946907286 Duration=203514
Task=69 Chunk=0 Start=3228946703765 End=3228946955235 Duration=251470
Task=69 Chunk=1 Start=3228946955255 End=3228947161982 Duration=206727
Task=70 Chunk=0 Start=3228946955239 End=3228947207303 Duration=252064
Task=70 Chunk=1 Start=3228947207323 End=3228947411852 Duration=204529
Task=71 Chunk=0 Start=3228947207305 End=3228947459346 Duration=252041
Task=71 Chunk=1 Start=3228947459362 End=3228947663589 Duration=204227
Task=72 Chunk=0 Start=3228947459347 End=3228947710453 Duration=251106
Task=72 Chunk=1 Start=3228947710466 End=3228947915255 Duration=204789
Task=73 Chunk=0 Start=3228947710454 End=3228947962285 Duration=251831
Task=73 Chunk=1 Start=3228947962305 End=3228948166775 Duration=204470
Task=74 Chunk=0 Start=3228947962288 End=3228948213992 Duration=251704
Task=74 Chunk=1 Start=3228948214009 End=3228948418974 Duration=204965
Task=75 Chunk=0 Start=3228948213993 End=3228948466410 Duration=252417
Task=75 Chunk=1 Start=3228948466428 End=3228948671992 Duration=205564
Task=76 Chunk=0 Start=3228948466411 End=3228948718547 Duration=252136
Task=76 Chunk=1 Start=3228948718569 End=3228948922687 Duration=204118
Task=77 Chunk=0 Start=3228948718549 End=3228948969338 Duration=250789
Task=77 Chunk=1 Start=3228948969352 End=3228949177593 Duration=208241
Task=78 Chunk=0 Start=3228948969339 End=3228949222135 Duration=252796
Task=78 Chunk=1 Start=3228949222143 End=3228949434327 Duration=212184
Task=79 Chunk=0 Start=3228949222136 End=3228949474278 Duration=252142
Task=79 Chunk=1 Start=3228949474311 End=3228949677064 Duration=202753
Task=80 Chunk=0 Start=3228949474279 End=3228949725973 Duration=251694
Task=80 Chunk=1 Start=3228949725998 End=3228949931474 Duration=205476
Task=81 Chunk=0 Start=3228949725974 End=3228949977625 Duration=251651
Task=81 Chunk=1 Start=3228949977641 End=3228950181730 Duration=204089
Task=82 Chunk=0 Start=3228949977627 End=3228950230211 Duration=252584
Task=82 Chunk=1 Start=3228950230233 End=3228950435076 Duration=204843
Task=83 Chunk=0 Start=3228950230215 End=3228950482946 Duration=252731
Task=83 Chunk=1 Start=3228950482962 End=3228950689815 Duration=206853
Task=84 Chunk=0 Start=3228950482949 End=3228950735628 Duration=252679
Task=84 Chunk=1 Start=3228950735651 End=3228950940320 Duration=204669
Task=85 Chunk=0 Start=3228950735629 End=3228950987873 Duration=252244
Task=85 Chunk=1 Start=3228950987895 End=3228951192839 Duration=204944
Task=86 Chunk=0 Start=3228950987874 End=3228951239439 Duration=251565
Task=86 Chunk=1 Start=3228951239468 End=3228951449084 Duration=209616
Task=87 Chunk=0 Start=3228951239440 End=3228951494482 Duration=255042
Task=87 Chunk=1 Start=3228951494493 End=3228951699387 Duration=204894
Task=88 Chunk=0 Start=3228951494483 End=3228951747155 Duration=252672
Task=88 Chunk=1 Start=3228951747178 End=3228951952745 Duration=205567
Task=89 Chunk=0 Start=3228951747156 End=3228951999136 Duration=251980
Task=89 Chunk=1 Start=3228951999157 End=3228952204514 Duration=205357
Task=90 Chunk=0 Start=3228951999137 End=3228952251395 Duration=252258
Task=90 Chunk=1 Start=3228952251409 End=3228952454776 Duration=203367
Task=91 Chunk=0 Start=3228952251395 End=3228952501856 Duration=250461
Task=91 Chunk=1 Start=3228952501860 End=3228952707999 Duration=206139
Task=92 Chunk=0 Start=3228952501856 End=3228952755028 Duration=253172
Task=92 Chunk=1 Start=3228952755046 End=3228952959566 Duration=204520
Task=93 Chunk=0 Start=3228952755029 End=3228953007786 Duration=252757
Task=93 Chunk=1 Start=3228953007806 End=3228953211097 Duration=203291
Task=94 Chunk=0 Start=3228953007789 End=3228953258284 Duration=250495
Task=94 Chunk=1 Start=3228953258308 End=3228953466370 Duration=208062
Task=95 Chunk=0 Start=3228953258285 End=3228953512644 Duration=254359
Task=95 Chunk=1 Start=3228953512671 End=3228953717362 Duration=204691
Task=96 Chunk=0 Start=3228953512645 End=3228953765062 Duration=252417
Task=96 Chunk=1 Start=3228953765086 End=3228953968847 Duration=203761
Task=97 Chunk=0 Start=3228953765063 End=3228954016705 Duration=251642
Task=97 Chunk=1 Start=3228954016728 End=3228954223473 Duration=206745
Task=98 Chunk=0 Start=3228954016706 End=3228954269597 Duration=252891
Task=98 Chunk=1 Start=3228954269624 End=3228954474244 Duration=204620
Task=99 Chunk=0 Start=3228954269602 End=3228954521814 Duration=252212
Task=99 Chunk=1 Start=3228954521835 End=3228954725610 Duration=203775
### Python End ###

--------------------------------
[2025-06-26 18:30:13.375] [info] Available Vulkan Layers:
[2025-06-26 18:30:13.375] [warning] Validation layer requested but not available, continuing without it...
[2025-06-26 18:30:13.379] [info] Using integrated GPU: Adreno (TM) 740
### Python Begin ###
Schedule_UID=SCH-M1G3B5-G078-6bde
Frequency=19200000 Hz
Task=0 Chunk=0 Start=3228971635637 End=3228971660490 Duration=24853
Task=0 Chunk=1 Start=3228971660639 End=3228971945624 Duration=284985
Task=0 Chunk=2 Start=3228971945744 End=3228972255754 Duration=310010
Task=1 Chunk=0 Start=3228971660495 End=3228971660670 Duration=175
Task=1 Chunk=1 Start=3228971945629 End=3228972035235 Duration=89606
Task=1 Chunk=2 Start=3228972255757 End=3228972485487 Duration=229730
Task=2 Chunk=0 Start=3228971660671 End=3228971660739 Duration=68
Task=2 Chunk=1 Start=3228972035247 End=3228972120632 Duration=85385
Task=2 Chunk=2 Start=3228972485489 End=3228972714267 Duration=228778
Task=3 Chunk=0 Start=3228971660740 End=3228971660793 Duration=53
Task=3 Chunk=1 Start=3228972120638 End=3228972207992 Duration=87354
Task=3 Chunk=2 Start=3228972714267 End=3228972943786 Duration=229519
Task=4 Chunk=0 Start=3228971660794 End=3228971660844 Duration=50
Task=4 Chunk=1 Start=3228972208002 End=3228972302735 Duration=94733
Task=4 Chunk=2 Start=3228972943789 End=3228973171377 Duration=227588
Task=5 Chunk=0 Start=3228971660845 End=3228971660896 Duration=51
Task=5 Chunk=1 Start=3228972302743 End=3228972393874 Duration=91131
Task=5 Chunk=2 Start=3228973171379 End=3228973399521 Duration=228142
Task=6 Chunk=0 Start=3228971660897 End=3228971660952 Duration=55
Task=6 Chunk=1 Start=3228972393877 End=3228972487074 Duration=93197
Task=6 Chunk=2 Start=3228973399522 End=3228973627808 Duration=228286
Task=7 Chunk=0 Start=3228971660953 End=3228971661003 Duration=50
Task=7 Chunk=1 Start=3228972487085 End=3228972580544 Duration=93459
Task=7 Chunk=2 Start=3228973627809 End=3228973855618 Duration=227809
Task=8 Chunk=0 Start=3228971661004 End=3228971661055 Duration=51
Task=8 Chunk=1 Start=3228972580553 End=3228972672447 Duration=91894
Task=8 Chunk=2 Start=3228973855619 End=3228974083639 Duration=228020
Task=9 Chunk=0 Start=3228971661056 End=3228971661106 Duration=50
Task=9 Chunk=1 Start=3228972672458 End=3228972774581 Duration=102123
Task=9 Chunk=2 Start=3228974083640 End=3228974312188 Duration=228548
Task=10 Chunk=0 Start=3228971661107 End=3228971661156 Duration=49
Task=10 Chunk=1 Start=3228972774590 End=3228972924098 Duration=149508
Task=10 Chunk=2 Start=3228974312189 End=3228974539981 Duration=227792
Task=11 Chunk=0 Start=3228971661157 End=3228971661210 Duration=53
Task=11 Chunk=1 Start=3228972924110 End=3228973018954 Duration=94844
Task=11 Chunk=2 Start=3228974539982 End=3228974766056 Duration=226074
Task=12 Chunk=0 Start=3228971661211 End=3228971661267 Duration=56
Task=12 Chunk=1 Start=3228973018964 End=3228973112467 Duration=93503
Task=12 Chunk=2 Start=3228974766057 End=3228974994777 Duration=228720
Task=13 Chunk=0 Start=3228971661267 End=3228971661318 Duration=51
Task=13 Chunk=1 Start=3228973112477 End=3228973206388 Duration=93911
Task=13 Chunk=2 Start=3228974994780 End=3228975223041 Duration=228261
Task=14 Chunk=0 Start=3228971661319 End=3228971661370 Duration=51
Task=14 Chunk=1 Start=3228973206397 End=3228973301360 Duration=94963
Task=14 Chunk=2 Start=3228975223042 End=3228975451006 Duration=227964
Task=15 Chunk=0 Start=3228972255766 End=3228972255901 Duration=135
Task=15 Chunk=1 Start=3228973301366 End=3228973390365 Duration=88999
Task=15 Chunk=2 Start=3228975451007 End=3228975678910 Duration=227903
Task=16 Chunk=0 Start=3228972485510 End=3228972485607 Duration=97
Task=16 Chunk=1 Start=3228973390370 End=3228973479785 Duration=89415
Task=16 Chunk=2 Start=3228975678912 End=3228975906415 Duration=227503
Task=17 Chunk=0 Start=3228972714286 End=3228972714415 Duration=129
Task=17 Chunk=1 Start=3228973479795 End=3228973575258 Duration=95463
Task=17 Chunk=2 Start=3228975906416 End=3228976135532 Duration=229116
Task=18 Chunk=0 Start=3228972943804 End=3228972943890 Duration=86
Task=18 Chunk=1 Start=3228973575263 End=3228973669519 Duration=94256
Task=18 Chunk=2 Start=3228976135533 End=3228976364270 Duration=228737
Task=19 Chunk=0 Start=3228973171393 End=3228973171473 Duration=80
Task=19 Chunk=1 Start=3228973669531 End=3228973761653 Duration=92122
Task=19 Chunk=2 Start=3228976364271 End=3228976590823 Duration=226552
Task=20 Chunk=0 Start=3228973399539 End=3228973399616 Duration=77
Task=20 Chunk=1 Start=3228973761666 End=3228973851720 Duration=90054
Task=20 Chunk=2 Start=3228976590824 End=3228976817306 Duration=226482
Task=21 Chunk=0 Start=3228973627830 End=3228973627907 Duration=77
Task=21 Chunk=1 Start=3228973851730 End=3228973941101 Duration=89371
Task=21 Chunk=2 Start=3228976817308 End=3228977014502 Duration=197194
Task=22 Chunk=0 Start=3228973855632 End=3228973855706 Duration=74
Task=22 Chunk=1 Start=3228973941111 End=3228974064255 Duration=123144
Task=22 Chunk=2 Start=3228977014503 End=3228977129877 Duration=115374
Task=23 Chunk=0 Start=3228974083654 End=3228974083746 Duration=92
Task=23 Chunk=1 Start=3228974083856 End=3228974175324 Duration=91468
Task=23 Chunk=2 Start=3228977129878 End=3228977243642 Duration=113764
Task=24 Chunk=0 Start=3228974312197 End=3228974312276 Duration=79
Task=24 Chunk=1 Start=3228974312379 End=3228974404357 Duration=91978
Task=24 Chunk=2 Start=3228977243644 End=3228977358585 Duration=114941
Task=25 Chunk=0 Start=3228974539997 End=3228974540079 Duration=82
Task=25 Chunk=1 Start=3228974541565 End=3228974635019 Duration=93454
Task=25 Chunk=2 Start=3228977358585 End=3228977472713 Duration=114128
Task=26 Chunk=0 Start=3228974766069 End=3228974766149 Duration=80
Task=26 Chunk=1 Start=3228974766241 End=3228974858818 Duration=92577
Task=26 Chunk=2 Start=3228977472714 End=3228977587101 Duration=114387
Task=27 Chunk=0 Start=3228974994787 End=3228974994884 Duration=97
Task=27 Chunk=1 Start=3228974994962 End=3228975087563 Duration=92601
Task=27 Chunk=2 Start=3228977587102 End=3228977701766 Duration=114664
Task=28 Chunk=0 Start=3228975223049 End=3228975223119 Duration=70
Task=28 Chunk=1 Start=3228975223151 End=3228975313805 Duration=90654
Task=28 Chunk=2 Start=3228977701767 End=3228977818427 Duration=116660
Task=29 Chunk=0 Start=3228975451028 End=3228975451103 Duration=75
Task=29 Chunk=1 Start=3228975451137 End=3228975542257 Duration=91120
Task=29 Chunk=2 Start=3228977818427 End=3228977932458 Duration=114031
Task=30 Chunk=0 Start=3228975678920 End=3228975679001 Duration=81
Task=30 Chunk=1 Start=3228975679155 End=3228975771190 Duration=92035
Task=30 Chunk=2 Start=3228977932460 End=3228978047825 Duration=115365
Task=31 Chunk=0 Start=3228975906428 End=3228975906501 Duration=73
Task=31 Chunk=1 Start=3228975906558 End=3228976000819 Duration=94261
Task=31 Chunk=2 Start=3228978047826 End=3228978162888 Duration=115062
Task=32 Chunk=0 Start=3228976135546 End=3228976135619 Duration=73
Task=32 Chunk=1 Start=3228976135639 End=3228976227890 Duration=92251
Task=32 Chunk=2 Start=3228978162889 End=3228978280428 Duration=117539
Task=33 Chunk=0 Start=3228976364287 End=3228976364367 Duration=80
Task=33 Chunk=1 Start=3228976364423 End=3228976457582 Duration=93159
Task=33 Chunk=2 Start=3228978280429 End=3228978394271 Duration=113842
Task=34 Chunk=0 Start=3228976590842 End=3228976590935 Duration=93
Task=34 Chunk=1 Start=3228976590949 End=3228976690269 Duration=99320
Task=34 Chunk=2 Start=3228978394271 End=3228978509729 Duration=115458
Task=35 Chunk=0 Start=3228976817320 End=3228976817400 Duration=80
Task=35 Chunk=1 Start=3228976817509 End=3228976910730 Duration=93221
Task=35 Chunk=2 Start=3228978509730 End=3228978624065 Duration=114335
Task=36 Chunk=0 Start=3228977014510 End=3228977014584 Duration=74
Task=36 Chunk=1 Start=3228977014623 End=3228977111407 Duration=96784
Task=36 Chunk=2 Start=3228978624066 End=3228978740039 Duration=115973
Task=37 Chunk=0 Start=3228977129898 End=3228977129970 Duration=72
Task=37 Chunk=1 Start=3228977130086 End=3228977223708 Duration=93622
Task=37 Chunk=2 Start=3228978740040 End=3228978854147 Duration=114107
Task=38 Chunk=0 Start=3228977243648 End=3228977243702 Duration=54
Task=38 Chunk=1 Start=3228977243769 End=3228977337898 Duration=94129
Task=38 Chunk=2 Start=3228978854148 End=3228978969312 Duration=115164
Task=39 Chunk=0 Start=3228977358598 End=3228977358668 Duration=70
Task=39 Chunk=1 Start=3228977358722 End=3228977451014 Duration=92292
Task=39 Chunk=2 Start=3228978969313 End=3228979083041 Duration=113728
Task=40 Chunk=0 Start=3228977472727 End=3228977472794 Duration=67
Task=40 Chunk=1 Start=3228977472949 End=3228977564965 Duration=92016
Task=40 Chunk=2 Start=3228979083044 End=3228979197667 Duration=114623
Task=41 Chunk=0 Start=3228977587124 End=3228977587190 Duration=66
Task=41 Chunk=1 Start=3228977587297 End=3228977679181 Duration=91884
Task=41 Chunk=2 Start=3228979197668 End=3228979311859 Duration=114191
Task=42 Chunk=0 Start=3228977701778 End=3228977701846 Duration=68
Task=42 Chunk=1 Start=3228977701900 End=3228977796169 Duration=94269
Task=42 Chunk=2 Start=3228979311859 End=3228979428479 Duration=116620
Task=43 Chunk=0 Start=3228977818448 End=3228977818507 Duration=59
Task=43 Chunk=1 Start=3228977818598 End=3228977928444 Duration=109846
Task=43 Chunk=2 Start=3228979428480 End=3228979543373 Duration=114893
Task=44 Chunk=0 Start=3228977932475 End=3228977932538 Duration=63
Task=44 Chunk=1 Start=3228977937595 End=3228978040039 Duration=102444
Task=44 Chunk=2 Start=3228979543374 End=3228979657768 Duration=114394
Task=45 Chunk=0 Start=3228978047849 End=3228978047914 Duration=65
Task=45 Chunk=1 Start=3228978048036 End=3228978142469 Duration=94433
Task=45 Chunk=2 Start=3228979657769 End=3228979771910 Duration=114141
Task=46 Chunk=0 Start=3228978162901 End=3228978162953 Duration=52
Task=46 Chunk=1 Start=3228978163086 End=3228978260617 Duration=97531
Task=46 Chunk=2 Start=3228979771911 End=3228979885882 Duration=113971
Task=47 Chunk=0 Start=3228978280443 End=3228978280511 Duration=68
Task=47 Chunk=1 Start=3228978280597 End=3228978388610 Duration=108013
Task=47 Chunk=2 Start=3228979885883 End=3228980002055 Duration=116172
Task=48 Chunk=0 Start=3228978394291 End=3228978394354 Duration=63
Task=48 Chunk=1 Start=3228978394476 End=3228978489215 Duration=94739
Task=48 Chunk=2 Start=3228980002065 End=3228980116929 Duration=114864
Task=49 Chunk=0 Start=3228978509734 End=3228978509812 Duration=78
Task=49 Chunk=1 Start=3228978509962 End=3228978611639 Duration=101677
Task=49 Chunk=2 Start=3228980116930 End=3228980232756 Duration=115826
Task=50 Chunk=0 Start=3228978624096 End=3228978624151 Duration=55
Task=50 Chunk=1 Start=3228978624257 End=3228978719026 Duration=94769
Task=50 Chunk=2 Start=3228980232756 End=3228980347627 Duration=114871
Task=51 Chunk=0 Start=3228978740049 End=3228978740122 Duration=73
Task=51 Chunk=1 Start=3228978740133 End=3228978843270 Duration=103137
Task=51 Chunk=2 Start=3228980347627 End=3228980463506 Duration=115879
Task=52 Chunk=0 Start=3228978854172 End=3228978854256 Duration=84
Task=52 Chunk=1 Start=3228978854355 End=3228978949087 Duration=94732
Task=52 Chunk=2 Start=3228980463506 End=3228980578333 Duration=114827
Task=53 Chunk=0 Start=3228978969320 End=3228978969398 Duration=78
Task=53 Chunk=1 Start=3228978969511 End=3228979070065 Duration=100554
Task=53 Chunk=2 Start=3228980578334 End=3228980693204 Duration=114870
Task=54 Chunk=0 Start=3228979083056 End=3228979083129 Duration=73
Task=54 Chunk=1 Start=3228979083552 End=3228979178630 Duration=95078
Task=54 Chunk=2 Start=3228980693205 End=3228980807365 Duration=114160
Task=55 Chunk=0 Start=3228979197680 End=3228979197775 Duration=95
Task=55 Chunk=1 Start=3228979197847 End=3228979301239 Duration=103392
Task=55 Chunk=2 Start=3228980807366 End=3228980921775 Duration=114409
Task=56 Chunk=0 Start=3228979311865 End=3228979311925 Duration=60
Task=56 Chunk=1 Start=3228979312067 End=3228979409639 Duration=97572
Task=56 Chunk=2 Start=3228980921776 End=3228981035790 Duration=114014
Task=57 Chunk=0 Start=3228979428487 End=3228979428571 Duration=84
Task=57 Chunk=1 Start=3228979428728 End=3228979534214 Duration=105486
Task=57 Chunk=2 Start=3228981035791 End=3228981151490 Duration=115699
Task=58 Chunk=0 Start=3228979543392 End=3228979543452 Duration=60
Task=58 Chunk=1 Start=3228979543490 End=3228979639002 Duration=95512
Task=58 Chunk=2 Start=3228981151493 End=3228981267601 Duration=116108
Task=59 Chunk=0 Start=3228979657779 End=3228979657856 Duration=77
Task=59 Chunk=1 Start=3228979658000 End=3228979760266 Duration=102266
Task=59 Chunk=2 Start=3228981267603 End=3228981381818 Duration=114215
Task=60 Chunk=0 Start=3228979771923 End=3228979771988 Duration=65
Task=60 Chunk=1 Start=3228979772117 End=3228979869446 Duration=97329
Task=60 Chunk=2 Start=3228981381819 End=3228981495976 Duration=114157
Task=61 Chunk=0 Start=3228979885893 End=3228979885974 Duration=81
Task=61 Chunk=1 Start=3228979886100 End=3228979987576 Duration=101476
Task=61 Chunk=2 Start=3228981495977 End=3228981610231 Duration=114254
Task=62 Chunk=0 Start=3228980002081 End=3228980002135 Duration=54
Task=62 Chunk=1 Start=3228980002287 End=3228980098617 Duration=96330
Task=62 Chunk=2 Start=3228981610231 End=3228981727814 Duration=117583
Task=63 Chunk=0 Start=3228980116940 End=3228980117037 Duration=97
Task=63 Chunk=1 Start=3228980117167 End=3228980230492 Duration=113325
Task=63 Chunk=2 Start=3228981727815 End=3228981842141 Duration=114326
Task=64 Chunk=0 Start=3228980232766 End=3228980232856 Duration=90
Task=64 Chunk=1 Start=3228980232990 End=3228980331381 Duration=98391
Task=64 Chunk=2 Start=3228981842142 End=3228981956876 Duration=114734
Task=65 Chunk=0 Start=3228980347645 End=3228980347712 Duration=67
Task=65 Chunk=1 Start=3228980347728 End=3228980449117 Duration=101389
Task=65 Chunk=2 Start=3228981956877 End=3228982070898 Duration=114021
Task=66 Chunk=0 Start=3228980463513 End=3228980463573 Duration=60
Task=66 Chunk=1 Start=3228980463582 End=3228980559378 Duration=95796
Task=66 Chunk=2 Start=3228982070899 End=3228982187114 Duration=116215
Task=67 Chunk=0 Start=3228980578350 End=3228980578431 Duration=81
Task=67 Chunk=1 Start=3228980578554 End=3228980685908 Duration=107354
Task=67 Chunk=2 Start=3228982187117 End=3228982302718 Duration=115601
Task=68 Chunk=0 Start=3228980693215 End=3228980693276 Duration=61
Task=68 Chunk=1 Start=3228980693335 End=3228980789632 Duration=96297
Task=68 Chunk=2 Start=3228982302719 End=3228982417225 Duration=114506
Task=69 Chunk=0 Start=3228980807374 End=3228980807451 Duration=77
Task=69 Chunk=1 Start=3228980807580 End=3228980908856 Duration=101276
Task=69 Chunk=2 Start=3228982417226 End=3228982531725 Duration=114499
Task=70 Chunk=0 Start=3228980921802 End=3228980921851 Duration=49
Task=70 Chunk=1 Start=3228980921908 End=3228981017691 Duration=95783
Task=70 Chunk=2 Start=3228982531726 End=3228982645735 Duration=114009
Task=71 Chunk=0 Start=3228981035804 End=3228981035891 Duration=87
Task=71 Chunk=1 Start=3228981035918 End=3228981134851 Duration=98933
Task=71 Chunk=2 Start=3228982645736 End=3228982759807 Duration=114071
Task=72 Chunk=0 Start=3228981151517 End=3228981151577 Duration=60
Task=72 Chunk=1 Start=3228981151614 End=3228981249350 Duration=97736
Task=72 Chunk=2 Start=3228982759808 End=3228982875395 Duration=115587
Task=73 Chunk=0 Start=3228981267612 End=3228981267710 Duration=98
Task=73 Chunk=1 Start=3228981267851 End=3228981369174 Duration=101323
Task=73 Chunk=2 Start=3228982875396 End=3228982990077 Duration=114681
Task=74 Chunk=0 Start=3228981381842 End=3228981381898 Duration=56
Task=74 Chunk=1 Start=3228981382044 End=3228981478286 Duration=96242
Task=74 Chunk=2 Start=3228982990078 End=3228983105262 Duration=115184
Task=75 Chunk=0 Start=3228981495990 End=3228981496055 Duration=65
Task=75 Chunk=1 Start=3228981496100 End=3228981598002 Duration=101902
Task=75 Chunk=2 Start=3228983105263 End=3228983219286 Duration=114023
Task=76 Chunk=0 Start=3228981610256 End=3228981610319 Duration=63
Task=76 Chunk=1 Start=3228981610474 End=3228981711112 Duration=100638
Task=76 Chunk=2 Start=3228983219287 End=3228983333963 Duration=114676
Task=77 Chunk=0 Start=3228981727829 End=3228981727914 Duration=85
Task=77 Chunk=1 Start=3228981728017 End=3228981827187 Duration=99170
Task=77 Chunk=2 Start=3228983333964 End=3228983450784 Duration=116820
Task=78 Chunk=0 Start=3228981842159 End=3228981842214 Duration=55
Task=78 Chunk=1 Start=3228981842287 End=3228981938620 Duration=96333
Task=78 Chunk=2 Start=3228983450785 End=3228983564375 Duration=113590
Task=79 Chunk=0 Start=3228981956895 End=3228981956965 Duration=70
Task=79 Chunk=1 Start=3228981957029 End=3228982065375 Duration=108346
Task=79 Chunk=2 Start=3228983564376 End=3228983679976 Duration=115600
Task=80 Chunk=0 Start=3228982070916 End=3228982070973 Duration=57
Task=80 Chunk=1 Start=3228982071116 End=3228982169800 Duration=98684
Task=80 Chunk=2 Start=3228983679977 End=3228983793701 Duration=113724
Task=81 Chunk=0 Start=3228982187122 End=3228982187201 Duration=79
Task=81 Chunk=1 Start=3228982187227 End=3228982287031 Duration=99804
Task=81 Chunk=2 Start=3228983793701 End=3228983908778 Duration=115077
Task=82 Chunk=0 Start=3228982302728 End=3228982302791 Duration=63
Task=82 Chunk=1 Start=3228982303066 End=3228982399514 Duration=96448
Task=82 Chunk=2 Start=3228983908779 End=3228984023466 Duration=114687
Task=83 Chunk=0 Start=3228982417244 End=3228982417308 Duration=64
Task=83 Chunk=1 Start=3228982417336 End=3228982519179 Duration=101843
Task=83 Chunk=2 Start=3228984023467 End=3228984137957 Duration=114490
Task=84 Chunk=0 Start=3228982531732 End=3228982531809 Duration=77
Task=84 Chunk=1 Start=3228982535660 End=3228982635712 Duration=100052
Task=84 Chunk=2 Start=3228984137958 End=3228984252390 Duration=114432
Task=85 Chunk=0 Start=3228982645744 End=3228982645823 Duration=79
Task=85 Chunk=1 Start=3228982645983 End=3228982748934 Duration=102951
Task=85 Chunk=2 Start=3228984252391 End=3228984366437 Duration=114046
Task=86 Chunk=0 Start=3228982759824 End=3228982759888 Duration=64
Task=86 Chunk=1 Start=3228982759960 End=3228982853286 Duration=93326
Task=86 Chunk=2 Start=3228984366438 End=3228984481150 Duration=114712
Task=87 Chunk=0 Start=3228982875407 End=3228982875490 Duration=83
Task=87 Chunk=1 Start=3228982875529 End=3228982984052 Duration=108523
Task=87 Chunk=2 Start=3228984481151 End=3228984594271 Duration=113120
Task=88 Chunk=0 Start=3228982990091 End=3228982990154 Duration=63
Task=88 Chunk=1 Start=3228982990223 End=3228983083903 Duration=93680
Task=88 Chunk=2 Start=3228984594272 End=3228984708630 Duration=114358
Task=89 Chunk=0 Start=3228983105285 End=3228983105340 Duration=55
Task=89 Chunk=1 Start=3228983105440 End=3228983209504 Duration=104064
Task=89 Chunk=2 Start=3228984708631 End=3228984822028 Duration=113397
Task=90 Chunk=0 Start=3228983219294 End=3228983219353 Duration=59
Task=90 Chunk=1 Start=3228983219366 End=3228983314206 Duration=94840
Task=90 Chunk=2 Start=3228984822029 End=3228984936137 Duration=114108
Task=91 Chunk=0 Start=3228983333986 End=3228983334055 Duration=69
Task=91 Chunk=1 Start=3228983334182 End=3228983435457 Duration=101275
Task=91 Chunk=2 Start=3228984936138 End=3228985049696 Duration=113558
Task=92 Chunk=0 Start=3228983450808 End=3228983450861 Duration=53
Task=92 Chunk=1 Start=3228983450959 End=3228983544839 Duration=93880
Task=92 Chunk=2 Start=3228985049696 End=3228985163851 Duration=114155
Task=93 Chunk=0 Start=3228983564386 End=3228983564466 Duration=80
Task=93 Chunk=1 Start=3228983564486 End=3228983668186 Duration=103700
Task=93 Chunk=2 Start=3228985163852 End=3228985277092 Duration=113240
Task=94 Chunk=0 Start=3228983679992 End=3228983680065 Duration=73
Task=94 Chunk=1 Start=3228983680764 End=3228983775635 Duration=94871
Task=94 Chunk=2 Start=3228985277093 End=3228985390374 Duration=113281
Task=95 Chunk=0 Start=3228983793725 End=3228983793792 Duration=67
Task=95 Chunk=1 Start=3228983793798 End=3228983896327 Duration=102529
Task=95 Chunk=2 Start=3228985390375 End=3228985504486 Duration=114111
Task=96 Chunk=0 Start=3228983908801 End=3228983908858 Duration=57
Task=96 Chunk=1 Start=3228983908903 End=3228984002883 Duration=93980
Task=96 Chunk=2 Start=3228985504486 End=3228985618487 Duration=114001
Task=97 Chunk=0 Start=3228984023474 End=3228984023532 Duration=58
Task=97 Chunk=1 Start=3228984023574 End=3228984127350 Duration=103776
Task=97 Chunk=2 Start=3228985618487 End=3228985731430 Duration=112943
Task=98 Chunk=0 Start=3228984137971 End=3228984138041 Duration=70
Task=98 Chunk=1 Start=3228984138164 End=3228984244792 Duration=106628
Task=98 Chunk=2 Start=3228985731430 End=3228985845005 Duration=113575
Task=99 Chunk=0 Start=3228984252404 End=3228984252490 Duration=86
Task=99 Chunk=1 Start=3228984252568 End=3228984355342 Duration=102774
Task=99 Chunk=2 Start=3228985845005 End=3228985958900 Duration=113895
### Python End ###

--------------------------------
[2025-06-26 18:30:14.989] [info] Available Vulkan Layers:
[2025-06-26 18:30:14.990] [warning] Validation layer requested but not available, continuing without it...
[2025-06-26 18:30:14.993] [info] Using integrated GPU: Adreno (TM) 740
### Python Begin ###
Schedule_UID=SCH-G3M1B5-G086-85d2
Frequency=19200000 Hz
Task=0 Chunk=0 Start=3229002658345 End=3229002982424 Duration=324079
Task=0 Chunk=1 Start=3229002982434 End=3229003002315 Duration=19881
Task=0 Chunk=2 Start=3229003002339 End=3229003238187 Duration=235848
Task=1 Chunk=0 Start=3229002982426 End=3229003093436 Duration=111010
Task=1 Chunk=1 Start=3229003093572 End=3229003093970 Duration=398
Task=1 Chunk=2 Start=3229003238196 End=3229003467841 Duration=229645
Task=2 Chunk=0 Start=3229003093438 End=3229003207688 Duration=114250
Task=2 Chunk=1 Start=3229003207716 End=3229003208090 Duration=374
Task=2 Chunk=2 Start=3229003467842 End=3229003696573 Duration=228731
Task=3 Chunk=0 Start=3229003207700 End=3229003325611 Duration=117911
Task=3 Chunk=1 Start=3229003325683 End=3229003326046 Duration=363
Task=3 Chunk=2 Start=3229003696574 End=3229003927652 Duration=231078
Task=4 Chunk=0 Start=3229003325616 End=3229003443783 Duration=118167
Task=4 Chunk=1 Start=3229003443822 End=3229003444158 Duration=336
Task=4 Chunk=2 Start=3229003927653 End=3229004158060 Duration=230407
Task=5 Chunk=0 Start=3229003443792 End=3229003557920 Duration=114128
Task=5 Chunk=1 Start=3229003557969 End=3229003558322 Duration=353
Task=5 Chunk=2 Start=3229004158061 End=3229004387856 Duration=229795
Task=6 Chunk=0 Start=3229003557928 End=3229003679092 Duration=121164
Task=6 Chunk=1 Start=3229003679128 End=3229003679490 Duration=362
Task=6 Chunk=2 Start=3229004387857 End=3229004617702 Duration=229845
Task=7 Chunk=0 Start=3229003679099 End=3229003802769 Duration=123670
Task=7 Chunk=1 Start=3229003802782 End=3229003803124 Duration=342
Task=7 Chunk=2 Start=3229004617703 End=3229004846706 Duration=229003
Task=8 Chunk=0 Start=3229003802776 End=3229003916227 Duration=113451
Task=8 Chunk=1 Start=3229003916263 End=3229003916602 Duration=339
Task=8 Chunk=2 Start=3229004846706 End=3229005075866 Duration=229160
Task=9 Chunk=0 Start=3229003916232 End=3229004059229 Duration=142997
Task=9 Chunk=1 Start=3229004059304 End=3229004059646 Duration=342
Task=9 Chunk=2 Start=3229005075866 End=3229005304908 Duration=229042
Task=10 Chunk=0 Start=3229004059236 End=3229004177934 Duration=118698
Task=10 Chunk=1 Start=3229004178073 End=3229004178428 Duration=355
Task=10 Chunk=2 Start=3229005304909 End=3229005534363 Duration=229454
Task=11 Chunk=0 Start=3229004177940 End=3229004293473 Duration=115533
Task=11 Chunk=1 Start=3229004293621 End=3229004293969 Duration=348
Task=11 Chunk=2 Start=3229005534363 End=3229005763942 Duration=229579
Task=12 Chunk=0 Start=3229004293479 End=3229004412428 Duration=118949
Task=12 Chunk=1 Start=3229004412448 End=3229004412788 Duration=340
Task=12 Chunk=2 Start=3229005763943 End=3229005993727 Duration=229784
Task=13 Chunk=0 Start=3229004412433 End=3229004532352 Duration=119919
Task=13 Chunk=1 Start=3229004532513 End=3229004532865 Duration=352
Task=13 Chunk=2 Start=3229005993727 End=3229006223470 Duration=229743
Task=14 Chunk=0 Start=3229004532357 End=3229004649961 Duration=117604
Task=14 Chunk=1 Start=3229004649976 End=3229004650321 Duration=345
Task=14 Chunk=2 Start=3229006223476 End=3229006338539 Duration=115063
Task=15 Chunk=0 Start=3229004649968 End=3229004764225 Duration=114257
Task=15 Chunk=1 Start=3229004764350 End=3229004764703 Duration=353
Task=15 Chunk=2 Start=3229006338543 End=3229006452593 Duration=114050
Task=16 Chunk=0 Start=3229004764232 End=3229004886261 Duration=122029
Task=16 Chunk=1 Start=3229004886354 End=3229004887022 Duration=668
Task=16 Chunk=2 Start=3229006452593 End=3229006566920 Duration=114327
Task=17 Chunk=0 Start=3229004886267 End=3229005000403 Duration=114136
Task=17 Chunk=1 Start=3229005000506 End=3229005000839 Duration=333
Task=17 Chunk=2 Start=3229006566921 End=3229006681770 Duration=114849
Task=18 Chunk=0 Start=3229005000409 End=3229005137174 Duration=136765
Task=18 Chunk=1 Start=3229005137302 End=3229005137629 Duration=327
Task=18 Chunk=2 Start=3229006681771 End=3229006796606 Duration=114835
Task=19 Chunk=0 Start=3229005137184 End=3229005252216 Duration=115032
Task=19 Chunk=1 Start=3229005252244 End=3229005252587 Duration=343
Task=19 Chunk=2 Start=3229006796607 End=3229006912645 Duration=116038
Task=20 Chunk=0 Start=3229005252223 End=3229005367732 Duration=115509
Task=20 Chunk=1 Start=3229005367858 End=3229005368195 Duration=337
Task=20 Chunk=2 Start=3229006912646 End=3229007026434 Duration=113788
Task=21 Chunk=0 Start=3229005367743 End=3229005489142 Duration=121399
Task=21 Chunk=1 Start=3229005489164 End=3229005489510 Duration=346
Task=21 Chunk=2 Start=3229007026435 End=3229007142001 Duration=115566
Task=22 Chunk=0 Start=3229005489149 End=3229005604977 Duration=115828
Task=22 Chunk=1 Start=3229005605027 End=3229005605377 Duration=350
Task=22 Chunk=2 Start=3229007142001 End=3229007255825 Duration=113824
Task=23 Chunk=0 Start=3229005604991 End=3229005732873 Duration=127882
Task=23 Chunk=1 Start=3229005732894 End=3229005733234 Duration=340
Task=23 Chunk=2 Start=3229007255826 End=3229007370074 Duration=114248
Task=24 Chunk=0 Start=3229005732879 End=3229005848314 Duration=115435
Task=24 Chunk=1 Start=3229005848476 End=3229005848822 Duration=346
Task=24 Chunk=2 Start=3229007370075 End=3229007483588 Duration=113513
Task=25 Chunk=0 Start=3229005848320 End=3229005967276 Duration=118956
Task=25 Chunk=1 Start=3229005967297 End=3229005967638 Duration=341
Task=25 Chunk=2 Start=3229007483588 End=3229007598340 Duration=114752
Task=26 Chunk=0 Start=3229005967283 End=3229006083224 Duration=115941
Task=26 Chunk=1 Start=3229006083244 End=3229006083577 Duration=333
Task=26 Chunk=2 Start=3229007598341 End=3229007712239 Duration=113898
Task=27 Chunk=0 Start=3229006083230 End=3229006216858 Duration=133628
Task=27 Chunk=1 Start=3229006216931 End=3229006217273 Duration=342
Task=27 Chunk=2 Start=3229007712240 End=3229007827935 Duration=115695
Task=28 Chunk=0 Start=3229006223564 End=3229006347053 Duration=123489
Task=28 Chunk=1 Start=3229006347163 End=3229006347528 Duration=365
Task=28 Chunk=2 Start=3229007827936 End=3229007941751 Duration=113815
Task=29 Chunk=0 Start=3229006347070 End=3229006464232 Duration=117162
Task=29 Chunk=1 Start=3229006464296 End=3229006464658 Duration=362
Task=29 Chunk=2 Start=3229007941752 End=3229008056711 Duration=114959
Task=30 Chunk=0 Start=3229006464246 End=3229006586294 Duration=122048
Task=30 Chunk=1 Start=3229006586310 End=3229006586658 Duration=348
Task=30 Chunk=2 Start=3229008056712 End=3229008170400 Duration=113688
Task=31 Chunk=0 Start=3229006586300 End=3229006707288 Duration=120988
Task=31 Chunk=1 Start=3229006707327 End=3229006707668 Duration=341
Task=31 Chunk=2 Start=3229008170401 End=3229008285455 Duration=115054
Task=32 Chunk=0 Start=3229006707296 End=3229006835783 Duration=128487
Task=32 Chunk=1 Start=3229006835919 End=3229006836268 Duration=349
Task=32 Chunk=2 Start=3229008285456 End=3229008399584 Duration=114128
Task=33 Chunk=0 Start=3229006835792 End=3229006954271 Duration=118479
Task=33 Chunk=1 Start=3229006954344 End=3229006954687 Duration=343
Task=33 Chunk=2 Start=3229008399584 End=3229008515380 Duration=115796
Task=34 Chunk=0 Start=3229006954278 End=3229007075340 Duration=121062
Task=34 Chunk=1 Start=3229007075503 End=3229007075850 Duration=347
Task=34 Chunk=2 Start=3229008515381 End=3229008629458 Duration=114077
Task=35 Chunk=0 Start=3229007075348 End=3229007190360 Duration=115012
Task=35 Chunk=1 Start=3229007191007 End=3229007191384 Duration=377
Task=35 Chunk=2 Start=3229008629459 End=3229008745496 Duration=116037
Task=36 Chunk=0 Start=3229007190369 End=3229007323424 Duration=133055
Task=36 Chunk=1 Start=3229007323563 End=3229007323905 Duration=342
Task=36 Chunk=2 Start=3229008745497 End=3229008860996 Duration=115499
Task=37 Chunk=0 Start=3229007323436 End=3229007442777 Duration=119341
Task=37 Chunk=1 Start=3229007442842 End=3229007443183 Duration=341
Task=37 Chunk=2 Start=3229008860996 End=3229008977004 Duration=116008
Task=38 Chunk=0 Start=3229007442786 End=3229007558967 Duration=116181
Task=38 Chunk=1 Start=3229007558975 End=3229007559322 Duration=347
Task=38 Chunk=2 Start=3229008977009 End=3229009091066 Duration=114057
Task=39 Chunk=0 Start=3229007558974 End=3229007680260 Duration=121286
Task=39 Chunk=1 Start=3229007680410 End=3229007680756 Duration=346
Task=39 Chunk=2 Start=3229009091067 End=3229009205527 Duration=114460
Task=40 Chunk=0 Start=3229007680268 End=3229007802619 Duration=122351
Task=40 Chunk=1 Start=3229007802716 End=3229007803058 Duration=342
Task=40 Chunk=2 Start=3229009205528 End=3229009319197 Duration=113669
Task=41 Chunk=0 Start=3229007802626 End=3229007918549 Duration=115923
Task=41 Chunk=1 Start=3229007918696 End=3229007919047 Duration=351
Task=41 Chunk=2 Start=3229009319197 End=3229009433741 Duration=114544
Task=42 Chunk=0 Start=3229007918559 End=3229008044691 Duration=126132
Task=42 Chunk=1 Start=3229008044700 End=3229008045043 Duration=343
Task=42 Chunk=2 Start=3229009433742 End=3229009547360 Duration=113618
Task=43 Chunk=0 Start=3229008044697 End=3229008174321 Duration=129624
Task=43 Chunk=1 Start=3229008174478 End=3229008174817 Duration=339
Task=43 Chunk=2 Start=3229009547361 End=3229009662592 Duration=115231
Task=44 Chunk=0 Start=3229008174328 End=3229008292527 Duration=118199
Task=44 Chunk=1 Start=3229008292548 End=3229008292879 Duration=331
Task=44 Chunk=2 Start=3229009662594 End=3229009775518 Duration=112924
Task=45 Chunk=0 Start=3229008292542 End=3229008430448 Duration=137906
Task=45 Chunk=1 Start=3229008430528 End=3229008431398 Duration=870
Task=45 Chunk=2 Start=3229009775519 End=3229009890897 Duration=115378
Task=46 Chunk=0 Start=3229008430455 End=3229008556116 Duration=125661
Task=46 Chunk=1 Start=3229008556168 End=3229008556503 Duration=335
Task=46 Chunk=2 Start=3229009890898 End=3229010004685 Duration=113787
Task=47 Chunk=0 Start=3229008556126 End=3229008672501 Duration=116375
Task=47 Chunk=1 Start=3229008672643 End=3229008672988 Duration=345
Task=47 Chunk=2 Start=3229010004686 End=3229010118873 Duration=114187
Task=48 Chunk=0 Start=3229008672508 End=3229008793634 Duration=121126
Task=48 Chunk=1 Start=3229008793651 End=3229008793996 Duration=345
Task=48 Chunk=2 Start=3229010118885 End=3229010235773 Duration=116888
Task=49 Chunk=0 Start=3229008793646 End=3229008909857 Duration=116211
Task=49 Chunk=1 Start=3229008909875 End=3229008910210 Duration=335
Task=49 Chunk=2 Start=3229010235774 End=3229010350530 Duration=114756
Task=50 Chunk=0 Start=3229008909864 End=3229009029965 Duration=120101
Task=50 Chunk=1 Start=3229009030055 End=3229009030393 Duration=338
Task=50 Chunk=2 Start=3229010350535 End=3229010465655 Duration=115120
Task=51 Chunk=0 Start=3229009029970 End=3229009146551 Duration=116581
Task=51 Chunk=1 Start=3229009146692 End=3229009147044 Duration=352
Task=51 Chunk=2 Start=3229010465656 End=3229010579673 Duration=114017
Task=52 Chunk=0 Start=3229009146558 End=3229009285767 Duration=139209
Task=52 Chunk=1 Start=3229009285884 End=3229009286228 Duration=344
Task=52 Chunk=2 Start=3229010579674 End=3229010697191 Duration=117517
Task=53 Chunk=0 Start=3229009285777 End=3229009412247 Duration=126470
Task=53 Chunk=1 Start=3229009412274 End=3229009412614 Duration=340
Task=53 Chunk=2 Start=3229010697192 End=3229010815323 Duration=118131
Task=54 Chunk=0 Start=3229009412260 End=3229009540203 Duration=127943
Task=54 Chunk=1 Start=3229009540218 End=3229009540573 Duration=355
Task=54 Chunk=2 Start=3229010815323 End=3229010929448 Duration=114125
Task=55 Chunk=0 Start=3229009540214 End=3229009668578 Duration=128364
Task=55 Chunk=1 Start=3229009668721 End=3229009669068 Duration=347
Task=55 Chunk=2 Start=3229010929449 End=3229011043873 Duration=114424
Task=56 Chunk=0 Start=3229009668585 End=3229009786447 Duration=117862
Task=56 Chunk=1 Start=3229009786476 End=3229009786821 Duration=345
Task=56 Chunk=2 Start=3229011043888 End=3229011157367 Duration=113479
Task=57 Chunk=0 Start=3229009786455 End=3229009910655 Duration=124200
Task=57 Chunk=1 Start=3229009910800 End=3229009911135 Duration=335
Task=57 Chunk=2 Start=3229011157368 End=3229011273428 Duration=116060
Task=58 Chunk=0 Start=3229009910662 End=3229010031161 Duration=120499
Task=58 Chunk=1 Start=3229010031312 End=3229010031655 Duration=343
Task=58 Chunk=2 Start=3229011273429 End=3229011387798 Duration=114369
Task=59 Chunk=0 Start=3229010031171 End=3229010154435 Duration=123264
Task=59 Chunk=1 Start=3229010154553 End=3229010154898 Duration=345
Task=59 Chunk=2 Start=3229011387798 End=3229011501540 Duration=113742
Task=60 Chunk=0 Start=3229010154442 End=3229010270076 Duration=115634
Task=60 Chunk=1 Start=3229010270098 End=3229010270447 Duration=349
Task=60 Chunk=2 Start=3229011501541 End=3229011615516 Duration=113975
Task=61 Chunk=0 Start=3229010270081 End=3229010392658 Duration=122577
Task=61 Chunk=1 Start=3229010392683 End=3229010393036 Duration=353
Task=61 Chunk=2 Start=3229011615517 End=3229011729602 Duration=114085
Task=62 Chunk=0 Start=3229010392672 End=3229010511719 Duration=119047
Task=62 Chunk=1 Start=3229010511765 End=3229010512124 Duration=359
Task=62 Chunk=2 Start=3229011729602 End=3229011844373 Duration=114771
Task=63 Chunk=0 Start=3229010511732 End=3229010640023 Duration=128291
Task=63 Chunk=1 Start=3229010640118 End=3229010640461 Duration=343
Task=63 Chunk=2 Start=3229011844374 End=3229011959712 Duration=115338
Task=64 Chunk=0 Start=3229010640032 End=3229010756896 Duration=116864
Task=64 Chunk=1 Start=3229010756913 End=3229010757254 Duration=341
Task=64 Chunk=2 Start=3229011959715 End=3229012076704 Duration=116989
Task=65 Chunk=0 Start=3229010756904 End=3229010881598 Duration=124694
Task=65 Chunk=1 Start=3229010881661 End=3229010882004 Duration=343
Task=65 Chunk=2 Start=3229012076704 End=3229012193106 Duration=116402
Task=66 Chunk=0 Start=3229010881609 End=3229010998807 Duration=117198
Task=66 Chunk=1 Start=3229010998826 End=3229010999171 Duration=345
Task=66 Chunk=2 Start=3229012193107 End=3229012307865 Duration=114758
Task=67 Chunk=0 Start=3229010998813 End=3229011126662 Duration=127849
Task=67 Chunk=1 Start=3229011126682 End=3229011127026 Duration=344
Task=67 Chunk=2 Start=3229012307866 End=3229012421710 Duration=113844
Task=68 Chunk=0 Start=3229011126668 End=3229011243451 Duration=116783
Task=68 Chunk=1 Start=3229011243468 End=3229011243808 Duration=340
Task=68 Chunk=2 Start=3229012421711 End=3229012537881 Duration=116170
Task=69 Chunk=0 Start=3229011243458 End=3229011367384 Duration=123926
Task=69 Chunk=1 Start=3229011367514 End=3229011367854 Duration=340
Task=69 Chunk=2 Start=3229012537882 End=3229012653516 Duration=115634
Task=70 Chunk=0 Start=3229011367393 End=3229011496971 Duration=129578
Task=70 Chunk=1 Start=3229011496996 End=3229011497338 Duration=342
Task=70 Chunk=2 Start=3229012653516 End=3229012768484 Duration=114968
Task=71 Chunk=0 Start=3229011496984 End=3229011623825 Duration=126841
Task=71 Chunk=1 Start=3229011623858 End=3229011624204 Duration=346
Task=71 Chunk=2 Start=3229012768485 End=3229012882173 Duration=113688
Task=72 Chunk=0 Start=3229011623840 End=3229011753694 Duration=129854
Task=72 Chunk=1 Start=3229011753718 End=3229011754078 Duration=360
Task=72 Chunk=2 Start=3229012882173 End=3229012997042 Duration=114869
Task=73 Chunk=0 Start=3229011753702 End=3229011885183 Duration=131481
Task=73 Chunk=1 Start=3229011885309 End=3229011885656 Duration=347
Task=73 Chunk=2 Start=3229012997043 End=3229013111083 Duration=114040
Task=74 Chunk=0 Start=3229011885190 End=3229012013621 Duration=128431
Task=74 Chunk=1 Start=3229012013660 End=3229012014004 Duration=344
Task=74 Chunk=2 Start=3229013111084 End=3229013225936 Duration=114852
Task=75 Chunk=0 Start=3229012013629 End=3229012129772 Duration=116143
Task=75 Chunk=1 Start=3229012129900 End=3229012130238 Duration=338
Task=75 Chunk=2 Start=3229013225936 End=3229013339714 Duration=113778
Task=76 Chunk=0 Start=3229012129780 End=3229012265249 Duration=135469
Task=76 Chunk=1 Start=3229012265383 End=3229012265719 Duration=336
Task=76 Chunk=2 Start=3229013339715 End=3229013454462 Duration=114747
Task=77 Chunk=0 Start=3229012265257 End=3229012382894 Duration=117637
Task=77 Chunk=1 Start=3229012382981 End=3229012383321 Duration=340
Task=77 Chunk=2 Start=3229013454463 End=3229013570042 Duration=115579
Task=78 Chunk=0 Start=3229012382900 End=3229012507660 Duration=124760
Task=78 Chunk=1 Start=3229012507688 End=3229012508041 Duration=353
Task=78 Chunk=2 Start=3229013570043 End=3229013686886 Duration=116843
Task=79 Chunk=0 Start=3229012507667 End=3229012631614 Duration=123947
Task=79 Chunk=1 Start=3229012631631 End=3229012631975 Duration=344
Task=79 Chunk=2 Start=3229013686887 End=3229013802508 Duration=115621
Task=80 Chunk=0 Start=3229012631628 End=3229012752590 Duration=120962
Task=80 Chunk=1 Start=3229012752602 End=3229012752748 Duration=146
Task=80 Chunk=2 Start=3229013802509 End=3229013918901 Duration=116392
Task=81 Chunk=0 Start=3229012752596 End=3229012875267 Duration=122671
Task=81 Chunk=1 Start=3229012875290 End=3229012875359 Duration=69
Task=81 Chunk=2 Start=3229013918902 End=3229014033321 Duration=114419
Task=82 Chunk=0 Start=3229012875274 End=3229012994740 Duration=119466
Task=82 Chunk=1 Start=3229012994755 End=3229012994811 Duration=56
Task=82 Chunk=2 Start=3229014033321 End=3229014148037 Duration=114716
Task=83 Chunk=0 Start=3229012994748 End=3229013125486 Duration=130738
Task=83 Chunk=1 Start=3229013125513 End=3229013125562 Duration=49
Task=83 Chunk=2 Start=3229014148038 End=3229014262253 Duration=114215
Task=84 Chunk=0 Start=3229013125495 End=3229013243670 Duration=118175
Task=84 Chunk=1 Start=3229013243679 End=3229013243731 Duration=52
Task=84 Chunk=2 Start=3229014262254 End=3229014378124 Duration=115870
Task=85 Chunk=0 Start=3229013243677 End=3229013367685 Duration=124008
Task=85 Chunk=1 Start=3229013367699 End=3229013367754 Duration=55
Task=85 Chunk=2 Start=3229014378124 End=3229014492164 Duration=114040
Task=86 Chunk=0 Start=3229013367691 End=3229013488821 Duration=121130
Task=86 Chunk=1 Start=3229013489194 End=3229013489261 Duration=67
Task=86 Chunk=2 Start=3229014492165 End=3229014608361 Duration=116196
Task=87 Chunk=0 Start=3229013488826 End=3229013612658 Duration=123832
Task=87 Chunk=1 Start=3229013612676 End=3229013612735 Duration=59
Task=87 Chunk=2 Start=3229014608365 End=3229014724957 Duration=116592
Task=88 Chunk=0 Start=3229013612666 End=3229013729303 Duration=116637
Task=88 Chunk=1 Start=3229013729313 End=3229013729357 Duration=44
Task=88 Chunk=2 Start=3229014724957 End=3229014839499 Duration=114542
Task=89 Chunk=0 Start=3229013729311 End=3229013874613 Duration=145302
Task=89 Chunk=1 Start=3229013874627 End=3229013874679 Duration=52
Task=89 Chunk=2 Start=3229014839500 End=3229014953312 Duration=113812
Task=90 Chunk=0 Start=3229013874621 End=3229013997502 Duration=122881
Task=90 Chunk=1 Start=3229013997515 End=3229013997565 Duration=50
Task=90 Chunk=2 Start=3229014953313 End=3229015067845 Duration=114532
Task=91 Chunk=0 Start=3229013997510 End=3229014121848 Duration=124338
Task=91 Chunk=1 Start=3229014121865 End=3229014121929 Duration=64
Task=91 Chunk=2 Start=3229015067846 End=3229015181551 Duration=113705
Task=92 Chunk=0 Start=3229014121853 End=3229014239504 Duration=117651
Task=92 Chunk=1 Start=3229014239519 End=3229014239577 Duration=58
Task=92 Chunk=2 Start=3229015181553 End=3229015295621 Duration=114068
Task=93 Chunk=0 Start=3229014239510 End=3229014357017 Duration=117507
Task=93 Chunk=1 Start=3229014357030 End=3229014357081 Duration=51
Task=93 Chunk=2 Start=3229015295622 End=3229015409415 Duration=113793
Task=94 Chunk=0 Start=3229014357023 End=3229014484316 Duration=127293
Task=94 Chunk=1 Start=3229014484334 End=3229014484385 Duration=51
Task=94 Chunk=2 Start=3229015409417 End=3229015523703 Duration=114286
Task=95 Chunk=0 Start=3229014484325 End=3229014603443 Duration=119118
Task=95 Chunk=1 Start=3229014603473 End=3229014603526 Duration=53
Task=95 Chunk=2 Start=3229015523704 End=3229015636820 Duration=113116
Task=96 Chunk=0 Start=3229014603456 End=3229014727920 Duration=124464
Task=96 Chunk=1 Start=3229014727939 End=3229014727986 Duration=47
Task=96 Chunk=2 Start=3229015636821 End=3229015751016 Duration=114195
Task=97 Chunk=0 Start=3229014727929 End=3229014849428 Duration=121499
Task=97 Chunk=1 Start=3229014849450 End=3229014849510 Duration=60
Task=97 Chunk=2 Start=3229015751019 End=3229015864845 Duration=113826
Task=98 Chunk=0 Start=3229014849437 End=3229014989745 Duration=140308
Task=98 Chunk=1 Start=3229014989762 End=3229014989826 Duration=64
Task=98 Chunk=2 Start=3229015864846 End=3229015979035 Duration=114189
Task=99 Chunk=0 Start=3229014989756 End=3229015125776 Duration=136020
Task=99 Chunk=1 Start=3229015125799 End=3229015125849 Duration=50
Task=99 Chunk=2 Start=3229015979036 End=3229016092190 Duration=113154
### Python End ###

--------------------------------
[2025-06-26 18:30:16.562] [info] Available Vulkan Layers:
[2025-06-26 18:30:16.562] [warning] Validation layer requested but not available, continuing without it...
[2025-06-26 18:30:16.566] [info] Using integrated GPU: Adreno (TM) 740
### Python Begin ###
Schedule_UID=SCH-L1M8-G096-9b99
Frequency=19200000 Hz
Task=0 Chunk=0 Start=3229032889755 End=3229032927099 Duration=37344
Task=0 Chunk=1 Start=3229032927133 End=3229033409530 Duration=482397
Task=1 Chunk=0 Start=3229032927115 End=3229032927660 Duration=545
Task=1 Chunk=1 Start=3229033409548 End=3229033839160 Duration=429612
Task=2 Chunk=0 Start=3229032927678 End=3229032927946 Duration=268
Task=2 Chunk=1 Start=3229033839161 End=3229034272530 Duration=433369
Task=3 Chunk=0 Start=3229032927948 End=3229032937979 Duration=10031
Task=3 Chunk=1 Start=3229034272531 End=3229034704930 Duration=432399
Task=4 Chunk=0 Start=3229032937985 End=3229032939860 Duration=1875
Task=4 Chunk=1 Start=3229034704934 End=3229035135576 Duration=430642
Task=5 Chunk=0 Start=3229032939863 End=3229032940130 Duration=267
Task=5 Chunk=1 Start=3229035135578 End=3229035567473 Duration=431895
Task=6 Chunk=0 Start=3229032940133 End=3229032940352 Duration=219
Task=6 Chunk=1 Start=3229035567474 End=3229036000486 Duration=433012
Task=7 Chunk=0 Start=3229032940354 End=3229032940563 Duration=209
Task=7 Chunk=1 Start=3229036000487 End=3229036435634 Duration=435147
Task=8 Chunk=0 Start=3229032940565 End=3229032940774 Duration=209
Task=8 Chunk=1 Start=3229036435635 End=3229036870332 Duration=434697
Task=9 Chunk=0 Start=3229032940776 End=3229032940984 Duration=208
Task=9 Chunk=1 Start=3229036870333 End=3229037303155 Duration=432822
Task=10 Chunk=0 Start=3229032940986 End=3229032941198 Duration=212
Task=10 Chunk=1 Start=3229037303159 End=3229037735993 Duration=432834
Task=11 Chunk=0 Start=3229032941199 End=3229032941402 Duration=203
Task=11 Chunk=1 Start=3229037735995 End=3229038168756 Duration=432761
Task=12 Chunk=0 Start=3229032941403 End=3229032941622 Duration=219
Task=12 Chunk=1 Start=3229038168758 End=3229038599945 Duration=431187
Task=13 Chunk=0 Start=3229032941624 End=3229032941829 Duration=205
Task=13 Chunk=1 Start=3229038599945 End=3229039031718 Duration=431773
Task=14 Chunk=0 Start=3229032941831 End=3229032942038 Duration=207
Task=14 Chunk=1 Start=3229039031719 End=3229039462432 Duration=430713
Task=15 Chunk=0 Start=3229033409583 End=3229033410069 Duration=486
Task=15 Chunk=1 Start=3229039462434 End=3229039891592 Duration=429158
Task=16 Chunk=0 Start=3229033839178 End=3229033839753 Duration=575
Task=16 Chunk=1 Start=3229039891593 End=3229040321353 Duration=429760
Task=17 Chunk=0 Start=3229034272596 End=3229034273174 Duration=578
Task=17 Chunk=1 Start=3229040321355 End=3229040754751 Duration=433396
Task=18 Chunk=0 Start=3229034705020 End=3229034705613 Duration=593
Task=18 Chunk=1 Start=3229040754752 End=3229041186137 Duration=431385
Task=19 Chunk=0 Start=3229035135599 End=3229035136324 Duration=725
Task=19 Chunk=1 Start=3229041186138 End=3229041623788 Duration=437650
Task=20 Chunk=0 Start=3229035567494 End=3229035568102 Duration=608
Task=20 Chunk=1 Start=3229041623789 End=3229042053386 Duration=429597
Task=21 Chunk=0 Start=3229036000565 End=3229036001049 Duration=484
Task=21 Chunk=1 Start=3229042053387 End=3229042484580 Duration=431193
Task=22 Chunk=0 Start=3229036435672 End=3229036436449 Duration=777
Task=22 Chunk=1 Start=3229042484581 End=3229042917605 Duration=433024
Task=23 Chunk=0 Start=3229036870383 End=3229036871264 Duration=881
Task=23 Chunk=1 Start=3229042917605 End=3229043349255 Duration=431650
Task=24 Chunk=0 Start=3229037303243 End=3229037304063 Duration=820
Task=24 Chunk=1 Start=3229043349256 End=3229043782402 Duration=433146
Task=25 Chunk=0 Start=3229037736061 End=3229037736848 Duration=787
Task=25 Chunk=1 Start=3229043782404 End=3229044212676 Duration=430272
Task=26 Chunk=0 Start=3229038168800 End=3229038169399 Duration=599
Task=26 Chunk=1 Start=3229044212677 End=3229044643926 Duration=431249
Task=27 Chunk=0 Start=3229038599992 End=3229038600565 Duration=573
Task=27 Chunk=1 Start=3229044643927 End=3229045073966 Duration=430039
Task=28 Chunk=0 Start=3229039031799 End=3229039032385 Duration=586
Task=28 Chunk=1 Start=3229045073973 End=3229045504909 Duration=430936
Task=29 Chunk=0 Start=3229039462479 End=3229039463022 Duration=543
Task=29 Chunk=1 Start=3229045504910 End=3229045937646 Duration=432736
Task=30 Chunk=0 Start=3229039891631 End=3229039892319 Duration=688
Task=30 Chunk=1 Start=3229045937647 End=3229046368310 Duration=430663
Task=31 Chunk=0 Start=3229040321424 End=3229040322030 Duration=606
Task=31 Chunk=1 Start=3229046368311 End=3229046798400 Duration=430089
Task=32 Chunk=0 Start=3229040754796 End=3229040755400 Duration=604
Task=32 Chunk=1 Start=3229046798401 End=3229047228681 Duration=430280
Task=33 Chunk=0 Start=3229041186211 End=3229041186798 Duration=587
Task=33 Chunk=1 Start=3229047228682 End=3229047659610 Duration=430928
Task=34 Chunk=0 Start=3229041623822 End=3229041624390 Duration=568
Task=34 Chunk=1 Start=3229047659611 End=3229048092693 Duration=433082
Task=35 Chunk=0 Start=3229042053433 End=3229042054041 Duration=608
Task=35 Chunk=1 Start=3229048092694 End=3229048524758 Duration=432064
Task=36 Chunk=0 Start=3229042484626 End=3229042485215 Duration=589
Task=36 Chunk=1 Start=3229048524762 End=3229048955057 Duration=430295
Task=37 Chunk=0 Start=3229042917663 End=3229042918352 Duration=689
Task=37 Chunk=1 Start=3229048955058 End=3229049385122 Duration=430064
Task=38 Chunk=0 Start=3229043349292 End=3229043349849 Duration=557
Task=38 Chunk=1 Start=3229049385124 End=3229049814881 Duration=429757
Task=39 Chunk=0 Start=3229043782454 End=3229043783098 Duration=644
Task=39 Chunk=1 Start=3229049814882 End=3229050246179 Duration=431297
Task=40 Chunk=0 Start=3229044212743 End=3229044213308 Duration=565
Task=40 Chunk=1 Start=3229050246180 End=3229050681388 Duration=435208
Task=41 Chunk=0 Start=3229044643991 End=3229044644637 Duration=646
Task=41 Chunk=1 Start=3229050681389 End=3229051110849 Duration=429460
Task=42 Chunk=0 Start=3229045074028 End=3229045074658 Duration=630
Task=42 Chunk=1 Start=3229051110851 End=3229051542497 Duration=431646
Task=43 Chunk=0 Start=3229045504986 End=3229045505642 Duration=656
Task=43 Chunk=1 Start=3229051542498 End=3229051977464 Duration=434966
Task=44 Chunk=0 Start=3229045937705 End=3229045938267 Duration=562
Task=44 Chunk=1 Start=3229051977464 End=3229052410194 Duration=432730
Task=45 Chunk=0 Start=3229046368339 End=3229046368844 Duration=505
Task=45 Chunk=1 Start=3229052410196 End=3229052842573 Duration=432377
Task=46 Chunk=0 Start=3229046798442 End=3229046799017 Duration=575
Task=46 Chunk=1 Start=3229052842573 End=3229053273071 Duration=430498
Task=47 Chunk=0 Start=3229047228759 End=3229047229454 Duration=695
Task=47 Chunk=1 Start=3229053273073 End=3229053705131 Duration=432058
Task=48 Chunk=0 Start=3229047659669 End=3229047660268 Duration=599
Task=48 Chunk=1 Start=3229053705131 End=3229054141408 Duration=436277
Task=49 Chunk=0 Start=3229048092716 End=3229048093335 Duration=619
Task=49 Chunk=1 Start=3229054141409 End=3229054573657 Duration=432248
Task=50 Chunk=0 Start=3229048524816 End=3229048525376 Duration=560
Task=50 Chunk=1 Start=3229054573658 End=3229055006769 Duration=433111
Task=51 Chunk=0 Start=3229048955107 End=3229048955733 Duration=626
Task=51 Chunk=1 Start=3229055006770 End=3229055437569 Duration=430799
Task=52 Chunk=0 Start=3229049385188 End=3229049385778 Duration=590
Task=52 Chunk=1 Start=3229055437570 End=3229055867928 Duration=430358
Task=53 Chunk=0 Start=3229049814919 End=3229049815591 Duration=672
Task=53 Chunk=1 Start=3229055867929 End=3229056299693 Duration=431764
Task=54 Chunk=0 Start=3229050246219 End=3229050246822 Duration=603
Task=54 Chunk=1 Start=3229056299694 End=3229056731378 Duration=431684
Task=55 Chunk=0 Start=3229050681457 End=3229050682017 Duration=560
Task=55 Chunk=1 Start=3229056731379 End=3229057170000 Duration=438621
Task=56 Chunk=0 Start=3229051110872 End=3229051111461 Duration=589
Task=56 Chunk=1 Start=3229057170001 End=3229057602496 Duration=432495
Task=57 Chunk=0 Start=3229051542585 End=3229051543168 Duration=583
Task=57 Chunk=1 Start=3229057602496 End=3229058040722 Duration=438226
Task=58 Chunk=0 Start=3229051977504 End=3229051978065 Duration=561
Task=58 Chunk=1 Start=3229058040723 End=3229058472174 Duration=431451
Task=59 Chunk=0 Start=3229052410262 End=3229052410814 Duration=552
Task=59 Chunk=1 Start=3229058472175 End=3229058903785 Duration=431610
Task=60 Chunk=0 Start=3229052842604 End=3229052843185 Duration=581
Task=60 Chunk=1 Start=3229058903785 End=3229059333694 Duration=429909
Task=61 Chunk=0 Start=3229053273130 End=3229053273695 Duration=565
Task=61 Chunk=1 Start=3229059333695 End=3229059765361 Duration=431666
Task=62 Chunk=0 Start=3229053705197 End=3229053705770 Duration=573
Task=62 Chunk=1 Start=3229059765363 End=3229060196517 Duration=431154
Task=63 Chunk=0 Start=3229054141456 End=3229054142038 Duration=582
Task=63 Chunk=1 Start=3229060196518 End=3229060625928 Duration=429410
Task=64 Chunk=0 Start=3229054573695 End=3229054574333 Duration=638
Task=64 Chunk=1 Start=3229060625929 End=3229061056939 Duration=431010
Task=65 Chunk=0 Start=3229055006815 End=3229055007460 Duration=645
Task=65 Chunk=1 Start=3229061056940 End=3229061491041 Duration=434101
Task=66 Chunk=0 Start=3229055437651 End=3229055438882 Duration=1231
Task=66 Chunk=1 Start=3229061491042 End=3229061922628 Duration=431586
Task=67 Chunk=0 Start=3229055867996 End=3229055868564 Duration=568
Task=67 Chunk=1 Start=3229061922628 End=3229062353660 Duration=431032
Task=68 Chunk=0 Start=3229056299767 End=3229056300384 Duration=617
Task=68 Chunk=1 Start=3229062353661 End=3229062783133 Duration=429472
Task=69 Chunk=0 Start=3229056731461 End=3229056732042 Duration=581
Task=69 Chunk=1 Start=3229062783134 End=3229063215141 Duration=432007
Task=70 Chunk=0 Start=3229057170072 End=3229057170677 Duration=605
Task=70 Chunk=1 Start=3229063215142 End=3229063647856 Duration=432714
Task=71 Chunk=0 Start=3229057602552 End=3229057603131 Duration=579
Task=71 Chunk=1 Start=3229063647857 End=3229064080394 Duration=432537
Task=72 Chunk=0 Start=3229058040787 End=3229058041369 Duration=582
Task=72 Chunk=1 Start=3229064080395 End=3229064513201 Duration=432806
Task=73 Chunk=0 Start=3229058472199 End=3229058472784 Duration=585
Task=73 Chunk=1 Start=3229064513202 End=3229064944555 Duration=431353
Task=74 Chunk=0 Start=3229058903815 End=3229058904386 Duration=571
Task=74 Chunk=1 Start=3229064944557 End=3229065388727 Duration=444170
Task=75 Chunk=0 Start=3229059333731 End=3229059334282 Duration=551
Task=75 Chunk=1 Start=3229065388729 End=3229065826226 Duration=437497
Task=76 Chunk=0 Start=3229059765429 End=3229059765992 Duration=563
Task=76 Chunk=1 Start=3229065826228 End=3229066257589 Duration=431361
Task=77 Chunk=0 Start=3229060196608 End=3229060197188 Duration=580
Task=77 Chunk=1 Start=3229066257590 End=3229066689276 Duration=431686
Task=78 Chunk=0 Start=3229060625992 End=3229060626577 Duration=585
Task=78 Chunk=1 Start=3229066689277 End=3229067132053 Duration=442776
Task=79 Chunk=0 Start=3229061057028 End=3229061057590 Duration=562
Task=79 Chunk=1 Start=3229067132054 End=3229067562638 Duration=430584
Task=80 Chunk=0 Start=3229061491112 End=3229061491704 Duration=592
Task=80 Chunk=1 Start=3229067562639 End=3229068000548 Duration=437909
Task=81 Chunk=0 Start=3229061922711 End=3229061923310 Duration=599
Task=81 Chunk=1 Start=3229068000549 End=3229068432548 Duration=431999
Task=82 Chunk=0 Start=3229062353734 End=3229062354328 Duration=594
Task=82 Chunk=1 Start=3229068432549 End=3229068864266 Duration=431717
Task=83 Chunk=0 Start=3229062783206 End=3229062783813 Duration=607
Task=83 Chunk=1 Start=3229068864266 End=3229069295178 Duration=430912
Task=84 Chunk=0 Start=3229063215171 End=3229063215820 Duration=649
Task=84 Chunk=1 Start=3229069295179 End=3229069726436 Duration=431257
Task=85 Chunk=0 Start=3229063647895 End=3229063648461 Duration=566
Task=85 Chunk=1 Start=3229069726437 End=3229070165436 Duration=438999
Task=86 Chunk=0 Start=3229064080478 End=3229064081153 Duration=675
Task=86 Chunk=1 Start=3229070165441 End=3229070601760 Duration=436319
Task=87 Chunk=0 Start=3229064513239 End=3229064513876 Duration=637
Task=87 Chunk=1 Start=3229070601761 End=3229071032004 Duration=430243
Task=88 Chunk=0 Start=3229064946174 End=3229064946865 Duration=691
Task=88 Chunk=1 Start=3229071032006 End=3229071464509 Duration=432503
Task=89 Chunk=0 Start=3229065388762 End=3229065389348 Duration=586
Task=89 Chunk=1 Start=3229071464511 End=3229071898420 Duration=433909
Task=90 Chunk=0 Start=3229065826299 End=3229065827053 Duration=754
Task=90 Chunk=1 Start=3229071898436 End=3229072327485 Duration=429049
Task=91 Chunk=0 Start=3229066257650 End=3229066258234 Duration=584
Task=91 Chunk=1 Start=3229072327488 End=3229072757357 Duration=429869
Task=92 Chunk=0 Start=3229066689290 End=3229066689884 Duration=594
Task=92 Chunk=1 Start=3229072757363 End=3229073188033 Duration=430670
Task=93 Chunk=0 Start=3229067132122 End=3229067132761 Duration=639
Task=93 Chunk=1 Start=3229073188033 End=3229073619286 Duration=431253
Task=94 Chunk=0 Start=3229067562708 End=3229067563283 Duration=575
Task=94 Chunk=1 Start=3229073619289 End=3229074056193 Duration=436904
Task=95 Chunk=0 Start=3229068000574 End=3229068001138 Duration=564
Task=95 Chunk=1 Start=3229074056200 End=3229074491650 Duration=435450
Task=96 Chunk=0 Start=3229068432593 End=3229068433183 Duration=590
Task=96 Chunk=1 Start=3229074491667 End=3229074924245 Duration=432578
Task=97 Chunk=0 Start=3229068864312 End=3229068864907 Duration=595
Task=97 Chunk=1 Start=3229074924252 End=3229075364398 Duration=440146
Task=98 Chunk=0 Start=3229069295230 End=3229069295803 Duration=573
Task=98 Chunk=1 Start=3229075364399 End=3229075809949 Duration=445550
Task=99 Chunk=0 Start=3229069726467 End=3229069727043 Duration=576
Task=99 Chunk=1 Start=3229075809960 End=3229076245966 Duration=436006
### Python End ###

--------------------------------
[2025-06-26 18:30:19.693] [info] Available Vulkan Layers:
[2025-06-26 18:30:19.693] [warning] Validation layer requested but not available, continuing without it...
[2025-06-26 18:30:19.697] [info] Using integrated GPU: Adreno (TM) 740
### Python Begin ###
Schedule_UID=SCH-G3B4L2-G145-4035
Frequency=19200000 Hz
Task=0 Chunk=0 Start=3229092960832 End=3229093291300 Duration=330468
Task=0 Chunk=1 Start=3229093291317 End=3229093487327 Duration=196010
Task=0 Chunk=2 Start=3229093487337 End=3229093659578 Duration=172241
Task=1 Chunk=0 Start=3229093291303 End=3229093406679 Duration=115376
Task=1 Chunk=1 Start=3229093487331 End=3229093666659 Duration=179328
Task=1 Chunk=2 Start=3229093667056 End=3229093672413 Duration=5357
Task=2 Chunk=0 Start=3229093406681 End=3229093519016 Duration=112335
Task=2 Chunk=1 Start=3229093666659 End=3229093802755 Duration=136096
Task=2 Chunk=2 Start=3229093802814 End=3229093803791 Duration=977
Task=3 Chunk=0 Start=3229093519025 End=3229093631211 Duration=112186
Task=3 Chunk=1 Start=3229093802757 End=3229093890148 Duration=87391
Task=3 Chunk=2 Start=3229093890219 End=3229093891358 Duration=1139
Task=4 Chunk=0 Start=3229093631213 End=3229093746675 Duration=115462
Task=4 Chunk=1 Start=3229093890148 End=3229093977491 Duration=87343
Task=4 Chunk=2 Start=3229093977541 End=3229093978571 Duration=1030
Task=5 Chunk=0 Start=3229093746679 End=3229093850351 Duration=103672
Task=5 Chunk=1 Start=3229093977492 End=3229094066798 Duration=89306
Task=5 Chunk=2 Start=3229094066827 End=3229094068244 Duration=1417
Task=6 Chunk=0 Start=3229093850352 End=3229093951106 Duration=100754
Task=6 Chunk=1 Start=3229094066799 End=3229094154895 Duration=88096
Task=6 Chunk=2 Start=3229094154945 End=3229094155837 Duration=892
Task=7 Chunk=0 Start=3229093951108 End=3229094053424 Duration=102316
Task=7 Chunk=1 Start=3229094154896 End=3229094242282 Duration=87386
Task=7 Chunk=2 Start=3229094242297 End=3229094243131 Duration=834
Task=8 Chunk=0 Start=3229094053427 End=3229094153592 Duration=100165
Task=8 Chunk=1 Start=3229094242282 End=3229094329872 Duration=87590
Task=8 Chunk=2 Start=3229094329877 End=3229094330749 Duration=872
Task=9 Chunk=0 Start=3229094153593 End=3229094256256 Duration=102663
Task=9 Chunk=1 Start=3229094329873 End=3229094417199 Duration=87326
Task=9 Chunk=2 Start=3229094417227 End=3229094418058 Duration=831
Task=10 Chunk=0 Start=3229094256258 End=3229094357551 Duration=101293
Task=10 Chunk=1 Start=3229094417199 End=3229094504854 Duration=87655
Task=10 Chunk=2 Start=3229094504875 End=3229094505818 Duration=943
Task=11 Chunk=0 Start=3229094357553 End=3229094458982 Duration=101429
Task=11 Chunk=1 Start=3229094504854 End=3229094593941 Duration=89087
Task=11 Chunk=2 Start=3229094593974 End=3229094594884 Duration=910
Task=12 Chunk=0 Start=3229094458983 End=3229094559893 Duration=100910
Task=12 Chunk=1 Start=3229094593942 End=3229094682014 Duration=88072
Task=12 Chunk=2 Start=3229094682072 End=3229094682971 Duration=899
Task=13 Chunk=0 Start=3229094559895 End=3229094661654 Duration=101759
Task=13 Chunk=1 Start=3229094682014 End=3229094769678 Duration=87664
Task=13 Chunk=2 Start=3229094769716 End=3229094770723 Duration=1007
Task=14 Chunk=0 Start=3229094661655 End=3229094762892 Duration=101237
Task=14 Chunk=1 Start=3229094769679 End=3229094856632 Duration=86953
Task=14 Chunk=2 Start=3229094856693 End=3229094857507 Duration=814
Task=15 Chunk=0 Start=3229094762898 End=3229094864564 Duration=101666
Task=15 Chunk=1 Start=3229094864583 End=3229094952755 Duration=88172
Task=15 Chunk=2 Start=3229094952808 End=3229094953649 Duration=841
Task=16 Chunk=0 Start=3229094864565 End=3229094966036 Duration=101471
Task=16 Chunk=1 Start=3229094966045 End=3229095053597 Duration=87552
Task=16 Chunk=2 Start=3229095053609 End=3229095054419 Duration=810
Task=17 Chunk=0 Start=3229094966037 End=3229095067849 Duration=101812
Task=17 Chunk=1 Start=3229095067866 End=3229095155022 Duration=87156
Task=17 Chunk=2 Start=3229095155070 End=3229095155929 Duration=859
Task=18 Chunk=0 Start=3229095067850 End=3229095169209 Duration=101359
Task=18 Chunk=1 Start=3229095169217 End=3229095257046 Duration=87829
Task=18 Chunk=2 Start=3229095257110 End=3229095257991 Duration=881
Task=19 Chunk=0 Start=3229095169210 End=3229095271700 Duration=102490
Task=19 Chunk=1 Start=3229095271705 End=3229095358729 Duration=87024
Task=19 Chunk=2 Start=3229095358789 End=3229095359648 Duration=859
Task=20 Chunk=0 Start=3229095271701 End=3229095373881 Duration=102180
Task=20 Chunk=1 Start=3229095373894 End=3229095461449 Duration=87555
Task=20 Chunk=2 Start=3229095461481 End=3229095462304 Duration=823
Task=21 Chunk=0 Start=3229095373882 End=3229095465720 Duration=91838
Task=21 Chunk=1 Start=3229095465742 End=3229095552940 Duration=87198
Task=21 Chunk=2 Start=3229095552980 End=3229095553892 Duration=912
Task=22 Chunk=0 Start=3229095465722 End=3229095558719 Duration=92997
Task=22 Chunk=1 Start=3229095558732 End=3229095646542 Duration=87810
Task=22 Chunk=2 Start=3229095646561 End=3229095647469 Duration=908
Task=23 Chunk=0 Start=3229095558720 End=3229095651267 Duration=92547
Task=23 Chunk=1 Start=3229095651283 End=3229095738550 Duration=87267
Task=23 Chunk=2 Start=3229095738585 End=3229095739434 Duration=849
Task=24 Chunk=0 Start=3229095651269 End=3229095742102 Duration=90833
Task=24 Chunk=1 Start=3229095742123 End=3229095830916 Duration=88793
Task=24 Chunk=2 Start=3229095830971 End=3229095832505 Duration=1534
Task=25 Chunk=0 Start=3229095742102 End=3229095832855 Duration=90753
Task=25 Chunk=1 Start=3229095832866 End=3229095919876 Duration=87010
Task=25 Chunk=2 Start=3229095919944 End=3229095920901 Duration=957
Task=26 Chunk=0 Start=3229095832856 End=3229095921492 Duration=88636
Task=26 Chunk=1 Start=3229095921514 End=3229096009151 Duration=87637
Task=26 Chunk=2 Start=3229096009215 End=3229096010024 Duration=809
Task=27 Chunk=0 Start=3229095921492 End=3229096012214 Duration=90722
Task=27 Chunk=1 Start=3229096012226 End=3229096099891 Duration=87665
Task=27 Chunk=2 Start=3229096099966 End=3229096100799 Duration=833
Task=28 Chunk=0 Start=3229096012215 End=3229096103153 Duration=90938
Task=28 Chunk=1 Start=3229096103168 End=3229096191028 Duration=87860
Task=28 Chunk=2 Start=3229096191034 End=3229096191843 Duration=809
Task=29 Chunk=0 Start=3229096103154 End=3229096195166 Duration=92012
Task=29 Chunk=1 Start=3229096195175 End=3229096283934 Duration=88759
Task=29 Chunk=2 Start=3229096283973 End=3229096285514 Duration=1541
Task=30 Chunk=0 Start=3229096195167 End=3229096286209 Duration=91042
Task=30 Chunk=1 Start=3229096286220 End=3229096374870 Duration=88650
Task=30 Chunk=2 Start=3229096374949 End=3229096375964 Duration=1015
Task=31 Chunk=0 Start=3229096286210 End=3229096376287 Duration=90077
Task=31 Chunk=1 Start=3229096376300 End=3229096464336 Duration=88036
Task=31 Chunk=2 Start=3229096464380 End=3229096465193 Duration=813
Task=32 Chunk=0 Start=3229096376290 End=3229096467654 Duration=91364
Task=32 Chunk=1 Start=3229096467678 End=3229096554687 Duration=87009
Task=32 Chunk=2 Start=3229096554738 End=3229096555546 Duration=808
Task=33 Chunk=0 Start=3229096467656 End=3229096557282 Duration=89626
Task=33 Chunk=1 Start=3229096557290 End=3229096645935 Duration=88645
Task=33 Chunk=2 Start=3229096645944 End=3229096646764 Duration=820
Task=34 Chunk=0 Start=3229096557283 End=3229096649238 Duration=91955
Task=34 Chunk=1 Start=3229096649257 End=3229096738176 Duration=88919
Task=34 Chunk=2 Start=3229096738242 End=3229096739061 Duration=819
Task=35 Chunk=0 Start=3229096649239 End=3229096742230 Duration=92991
Task=35 Chunk=1 Start=3229096742242 End=3229096833011 Duration=90769
Task=35 Chunk=2 Start=3229096833090 End=3229096834728 Duration=1638
Task=36 Chunk=0 Start=3229096742231 End=3229096835615 Duration=93384
Task=36 Chunk=1 Start=3229096835638 End=3229096924732 Duration=89094
Task=36 Chunk=2 Start=3229096924777 End=3229096925627 Duration=850
Task=37 Chunk=0 Start=3229096835616 End=3229096930681 Duration=95065
Task=37 Chunk=1 Start=3229096930694 End=3229097018044 Duration=87350
Task=37 Chunk=2 Start=3229097018100 End=3229097018919 Duration=819
Task=38 Chunk=0 Start=3229096930685 End=3229097022794 Duration=92109
Task=38 Chunk=1 Start=3229097022805 End=3229097113947 Duration=91142
Task=38 Chunk=2 Start=3229097114030 End=3229097114846 Duration=816
Task=39 Chunk=0 Start=3229097022795 End=3229097122005 Duration=99210
Task=39 Chunk=1 Start=3229097122016 End=3229097209199 Duration=87183
Task=39 Chunk=2 Start=3229097209264 End=3229097210845 Duration=1581
Task=40 Chunk=0 Start=3229097122006 End=3229097212209 Duration=90203
Task=40 Chunk=1 Start=3229097212226 End=3229097299042 Duration=86816
Task=40 Chunk=2 Start=3229097299064 End=3229097300332 Duration=1268
Task=41 Chunk=0 Start=3229097212210 End=3229097300827 Duration=88617
Task=41 Chunk=1 Start=3229097300838 End=3229097388145 Duration=87307
Task=41 Chunk=2 Start=3229097388196 End=3229097389071 Duration=875
Task=42 Chunk=0 Start=3229097300830 End=3229097399456 Duration=98626
Task=42 Chunk=1 Start=3229097399464 End=3229097487241 Duration=87777
Task=42 Chunk=2 Start=3229097487289 End=3229097488106 Duration=817
Task=43 Chunk=0 Start=3229097399458 End=3229097490293 Duration=90835
Task=43 Chunk=1 Start=3229097490306 End=3229097578010 Duration=87704
Task=43 Chunk=2 Start=3229097578070 End=3229097578937 Duration=867
Task=44 Chunk=0 Start=3229097490294 End=3229097582825 Duration=92531
Task=44 Chunk=1 Start=3229097582847 End=3229097671863 Duration=89016
Task=44 Chunk=2 Start=3229097671887 End=3229097673862 Duration=1975
Task=45 Chunk=0 Start=3229097582827 End=3229097674087 Duration=91260
Task=45 Chunk=1 Start=3229097674101 End=3229097761414 Duration=87313
Task=45 Chunk=2 Start=3229097761443 End=3229097762260 Duration=817
Task=46 Chunk=0 Start=3229097674089 End=3229097764412 Duration=90323
Task=46 Chunk=1 Start=3229097764424 End=3229097852743 Duration=88319
Task=46 Chunk=2 Start=3229097852760 End=3229097854375 Duration=1615
Task=47 Chunk=0 Start=3229097764414 End=3229097855100 Duration=90686
Task=47 Chunk=1 Start=3229097855107 End=3229097942684 Duration=87577
Task=47 Chunk=2 Start=3229097942733 End=3229097944325 Duration=1592
Task=48 Chunk=0 Start=3229097855105 End=3229097945520 Duration=90415
Task=48 Chunk=1 Start=3229097945546 End=3229098033336 Duration=87790
Task=48 Chunk=2 Start=3229098033373 End=3229098034189 Duration=816
Task=49 Chunk=0 Start=3229097945521 End=3229098036805 Duration=91284
Task=49 Chunk=1 Start=3229098036812 End=3229098124303 Duration=87491
Task=49 Chunk=2 Start=3229098124337 End=3229098125221 Duration=884
Task=50 Chunk=0 Start=3229098036806 End=3229098129227 Duration=92421
Task=50 Chunk=1 Start=3229098129234 End=3229098218126 Duration=88892
Task=50 Chunk=2 Start=3229098218154 End=3229098219792 Duration=1638
Task=51 Chunk=0 Start=3229098129229 End=3229098220602 Duration=91373
Task=51 Chunk=1 Start=3229098220613 End=3229098308070 Duration=87457
Task=51 Chunk=2 Start=3229098308099 End=3229098308919 Duration=820
Task=52 Chunk=0 Start=3229098220602 End=3229098312028 Duration=91426
Task=52 Chunk=1 Start=3229098312043 End=3229098399274 Duration=87231
Task=52 Chunk=2 Start=3229098399321 End=3229098400144 Duration=823
Task=53 Chunk=0 Start=3229098312029 End=3229098403137 Duration=91108
Task=53 Chunk=1 Start=3229098403152 End=3229098490929 Duration=87777
Task=53 Chunk=2 Start=3229098491013 End=3229098491833 Duration=820
Task=54 Chunk=0 Start=3229098403138 End=3229098494695 Duration=91557
Task=54 Chunk=1 Start=3229098494705 End=3229098582342 Duration=87637
Task=54 Chunk=2 Start=3229098582396 End=3229098583826 Duration=1430
Task=55 Chunk=0 Start=3229098494696 End=3229098583819 Duration=89123
Task=55 Chunk=1 Start=3229098583829 End=3229098671882 Duration=88053
Task=55 Chunk=2 Start=3229098671892 End=3229098675179 Duration=3287
Task=56 Chunk=0 Start=3229098583820 End=3229098674830 Duration=91010
Task=56 Chunk=1 Start=3229098674848 End=3229098762099 Duration=87251
Task=56 Chunk=2 Start=3229098762171 End=3229098763031 Duration=860
Task=57 Chunk=0 Start=3229098674831 End=3229098765775 Duration=90944
Task=57 Chunk=1 Start=3229098765817 End=3229098852863 Duration=87046
Task=57 Chunk=2 Start=3229098852896 End=3229098853704 Duration=808
Task=58 Chunk=0 Start=3229098765775 End=3229098856456 Duration=90681
Task=58 Chunk=1 Start=3229098856478 End=3229098944163 Duration=87685
Task=58 Chunk=2 Start=3229098944235 End=3229098945091 Duration=856
Task=59 Chunk=0 Start=3229098856457 End=3229098949343 Duration=92886
Task=59 Chunk=1 Start=3229098949366 End=3229099036701 Duration=87335
Task=59 Chunk=2 Start=3229099036735 End=3229099038114 Duration=1379
Task=60 Chunk=0 Start=3229098949344 End=3229099038176 Duration=88832
Task=60 Chunk=1 Start=3229099038186 End=3229099126260 Duration=88074
Task=60 Chunk=2 Start=3229099126301 End=3229099127908 Duration=1607
Task=61 Chunk=0 Start=3229099038177 End=3229099128073 Duration=89896
Task=61 Chunk=1 Start=3229099128092 End=3229099217148 Duration=89056
Task=61 Chunk=2 Start=3229099217234 End=3229099219599 Duration=2365
Task=62 Chunk=0 Start=3229099128074 End=3229099218421 Duration=90347
Task=62 Chunk=1 Start=3229099218433 End=3229099305962 Duration=87529
Task=62 Chunk=2 Start=3229099306036 End=3229099307698 Duration=1662
Task=63 Chunk=0 Start=3229099218422 End=3229099308194 Duration=89772
Task=63 Chunk=1 Start=3229099308216 End=3229099395819 Duration=87603
Task=63 Chunk=2 Start=3229099395853 End=3229099396695 Duration=842
Task=64 Chunk=0 Start=3229099308196 End=3229099400303 Duration=92107
Task=64 Chunk=1 Start=3229099400309 End=3229099487942 Duration=87633
Task=64 Chunk=2 Start=3229099487958 End=3229099488785 Duration=827
Task=65 Chunk=0 Start=3229099400305 End=3229099491844 Duration=91539
Task=65 Chunk=1 Start=3229099491850 End=3229099579508 Duration=87658
Task=65 Chunk=2 Start=3229099579583 End=3229099580414 Duration=831
Task=66 Chunk=0 Start=3229099491845 End=3229099582974 Duration=91129
Task=66 Chunk=1 Start=3229099582990 End=3229099672912 Duration=89922
Task=66 Chunk=2 Start=3229099672963 End=3229099673825 Duration=862
Task=67 Chunk=0 Start=3229099582975 End=3229099674427 Duration=91452
Task=67 Chunk=1 Start=3229099674445 End=3229099761382 Duration=86937
Task=67 Chunk=2 Start=3229099761433 End=3229099762239 Duration=806
Task=68 Chunk=0 Start=3229099674429 End=3229099765904 Duration=91475
Task=68 Chunk=1 Start=3229099765921 End=3229099853430 Duration=87509
Task=68 Chunk=2 Start=3229099853497 End=3229099854361 Duration=864
Task=69 Chunk=0 Start=3229099765905 End=3229099858416 Duration=92511
Task=69 Chunk=1 Start=3229099858437 End=3229099945790 Duration=87353
Task=69 Chunk=2 Start=3229099945843 End=3229099946809 Duration=966
Task=70 Chunk=0 Start=3229099858416 End=3229099947084 Duration=88668
Task=70 Chunk=1 Start=3229099947097 End=3229100034567 Duration=87470
Task=70 Chunk=2 Start=3229100034591 End=3229100035406 Duration=815
Task=71 Chunk=0 Start=3229099947085 End=3229100035670 Duration=88585
Task=71 Chunk=1 Start=3229100035676 End=3229100123263 Duration=87587
Task=71 Chunk=2 Start=3229100123268 End=3229100124069 Duration=801
Task=72 Chunk=0 Start=3229100035671 End=3229100127343 Duration=91672
Task=72 Chunk=1 Start=3229100127361 End=3229100216637 Duration=89276
Task=72 Chunk=2 Start=3229100216660 End=3229100217530 Duration=870
Task=73 Chunk=0 Start=3229100127345 End=3229100217557 Duration=90212
Task=73 Chunk=1 Start=3229100217561 End=3229100305205 Duration=87644
Task=73 Chunk=2 Start=3229100305239 End=3229100309381 Duration=4142
Task=74 Chunk=0 Start=3229100217558 End=3229100310182 Duration=92624
Task=74 Chunk=1 Start=3229100310188 End=3229100397151 Duration=86963
Task=74 Chunk=2 Start=3229100397164 End=3229100398006 Duration=842
Task=75 Chunk=0 Start=3229100310184 End=3229100401782 Duration=91598
Task=75 Chunk=1 Start=3229100401787 End=3229100489749 Duration=87962
Task=75 Chunk=2 Start=3229100489784 End=3229100490645 Duration=861
Task=76 Chunk=0 Start=3229100401783 End=3229100492809 Duration=91026
Task=76 Chunk=1 Start=3229100492832 End=3229100580739 Duration=87907
Task=76 Chunk=2 Start=3229100580809 End=3229100582461 Duration=1652
Task=77 Chunk=0 Start=3229100492810 End=3229100583224 Duration=90414
Task=77 Chunk=1 Start=3229100583245 End=3229100671981 Duration=88736
Task=77 Chunk=2 Start=3229100671999 End=3229100672817 Duration=818
Task=78 Chunk=0 Start=3229100583226 End=3229100672898 Duration=89672
Task=78 Chunk=1 Start=3229100672912 End=3229100760843 Duration=87931
Task=78 Chunk=2 Start=3229100760900 End=3229100761798 Duration=898
Task=79 Chunk=0 Start=3229100672899 End=3229100764385 Duration=91486
Task=79 Chunk=1 Start=3229100764394 End=3229100851112 Duration=86718
Task=79 Chunk=2 Start=3229100851155 End=3229100851971 Duration=816
Task=80 Chunk=0 Start=3229100764389 End=3229100855132 Duration=90743
Task=80 Chunk=1 Start=3229100855140 End=3229100943275 Duration=88135
Task=80 Chunk=2 Start=3229100943344 End=3229100944193 Duration=849
Task=81 Chunk=0 Start=3229100855136 End=3229100946284 Duration=91148
Task=81 Chunk=1 Start=3229100946293 End=3229101034334 Duration=88041
Task=81 Chunk=2 Start=3229101034385 End=3229101035212 Duration=827
Task=82 Chunk=0 Start=3229100946284 End=3229101037771 Duration=91487
Task=82 Chunk=1 Start=3229101037778 End=3229101125686 Duration=87908
Task=82 Chunk=2 Start=3229101125754 End=3229101126629 Duration=875
Task=83 Chunk=0 Start=3229101037773 End=3229101132472 Duration=94699
Task=83 Chunk=1 Start=3229101132478 End=3229101219913 Duration=87435
Task=83 Chunk=2 Start=3229101219975 End=3229101220913 Duration=938
Task=84 Chunk=0 Start=3229101132473 End=3229101228863 Duration=96390
Task=84 Chunk=1 Start=3229101228890 End=3229101315756 Duration=86866
Task=84 Chunk=2 Start=3229101315783 End=3229101316649 Duration=866
Task=85 Chunk=0 Start=3229101228863 End=3229101320377 Duration=91514
Task=85 Chunk=1 Start=3229101320403 End=3229101407961 Duration=87558
Task=85 Chunk=2 Start=3229101407989 End=3229101408826 Duration=837
Task=86 Chunk=0 Start=3229101320379 End=3229101409100 Duration=88721
Task=86 Chunk=1 Start=3229101409109 End=3229101496585 Duration=87476
Task=86 Chunk=2 Start=3229101496597 End=3229101497426 Duration=829
Task=87 Chunk=0 Start=3229101409102 End=3229101501566 Duration=92464
Task=87 Chunk=1 Start=3229101501588 End=3229101591025 Duration=89437
Task=87 Chunk=2 Start=3229101591051 End=3229101592091 Duration=1040
Task=88 Chunk=0 Start=3229101501568 End=3229101592404 Duration=90836
Task=88 Chunk=1 Start=3229101592427 End=3229101680221 Duration=87794
Task=88 Chunk=2 Start=3229101680267 End=3229101681114 Duration=847
Task=89 Chunk=0 Start=3229101592405 End=3229101683643 Duration=91238
Task=89 Chunk=1 Start=3229101683667 End=3229101770517 Duration=86850
Task=89 Chunk=2 Start=3229101770542 End=3229101772190 Duration=1648
Task=90 Chunk=0 Start=3229101683644 End=3229101773147 Duration=89503
Task=90 Chunk=1 Start=3229101773169 End=3229101861198 Duration=88029
Task=90 Chunk=2 Start=3229101861237 End=3229101862704 Duration=1467
Task=91 Chunk=0 Start=3229101773149 End=3229101862835 Duration=89686
Task=91 Chunk=1 Start=3229101862845 End=3229101951360 Duration=88515
Task=91 Chunk=2 Start=3229101951419 End=3229101953007 Duration=1588
Task=92 Chunk=0 Start=3229101862835 End=3229101953520 Duration=90685
Task=92 Chunk=1 Start=3229101953543 End=3229102041301 Duration=87758
Task=92 Chunk=2 Start=3229102041350 End=3229102042811 Duration=1461
Task=93 Chunk=0 Start=3229101953521 End=3229102042835 Duration=89314
Task=93 Chunk=1 Start=3229102042844 End=3229102131760 Duration=88916
Task=93 Chunk=2 Start=3229102131821 End=3229102133445 Duration=1624
Task=94 Chunk=0 Start=3229102042836 End=3229102133419 Duration=90583
Task=94 Chunk=1 Start=3229102133426 End=3229102220547 Duration=87121
Task=94 Chunk=2 Start=3229102220589 End=3229102221421 Duration=832
Task=95 Chunk=0 Start=3229102133420 End=3229102224122 Duration=90702
Task=95 Chunk=1 Start=3229102224141 End=3229102311696 Duration=87555
Task=95 Chunk=2 Start=3229102311748 End=3229102312713 Duration=965
Task=96 Chunk=0 Start=3229102224122 End=3229102324124 Duration=100002
Task=96 Chunk=1 Start=3229102324144 End=3229102411285 Duration=87141
Task=96 Chunk=2 Start=3229102411306 End=3229102412246 Duration=940
Task=97 Chunk=0 Start=3229102324129 End=3229102415929 Duration=91800
Task=97 Chunk=1 Start=3229102415937 End=3229102503931 Duration=87994
Task=97 Chunk=2 Start=3229102503968 End=3229102506987 Duration=3019
Task=98 Chunk=0 Start=3229102415930 End=3229102507478 Duration=91548
Task=98 Chunk=1 Start=3229102507494 End=3229102596779 Duration=89285
Task=98 Chunk=2 Start=3229102596832 End=3229102599584 Duration=2752
Task=99 Chunk=0 Start=3229102507479 End=3229102600222 Duration=92743
Task=99 Chunk=1 Start=3229102600241 End=3229102687036 Duration=86795
Task=99 Chunk=2 Start=3229102687064 End=3229102687948 Duration=884
### Python End ###

--------------------------------
[2025-06-26 18:30:21.074] [info] Available Vulkan Layers:
[2025-06-26 18:30:21.074] [warning] Validation layer requested but not available, continuing without it...
[2025-06-26 18:30:21.078] [info] Using integrated GPU: Adreno (TM) 740
### Python Begin ###
Schedule_UID=SCH-G3B2M4-G158-2f9f
Frequency=19200000 Hz
Task=0 Chunk=0 Start=3229119412627 End=3229119744157 Duration=331530
Task=0 Chunk=1 Start=3229119744176 End=3229119828284 Duration=84108
Task=0 Chunk=2 Start=3229119828305 End=3229119960520 Duration=132215
Task=1 Chunk=0 Start=3229119744161 End=3229119853315 Duration=109154
Task=1 Chunk=1 Start=3229119853350 End=3229119912484 Duration=59134
Task=1 Chunk=2 Start=3229119960521 End=3229120089429 Duration=128908
Task=2 Chunk=0 Start=3229119853317 End=3229119966544 Duration=113227
Task=2 Chunk=1 Start=3229119966560 End=3229119997334 Duration=30774
Task=2 Chunk=2 Start=3229120089431 End=3229120221387 Duration=131956
Task=3 Chunk=0 Start=3229119966553 End=3229120085024 Duration=118471
Task=3 Chunk=1 Start=3229120085032 End=3229120118746 Duration=33714
Task=3 Chunk=2 Start=3229120221389 End=3229120348760 Duration=127371
Task=4 Chunk=0 Start=3229120085036 End=3229120204310 Duration=119274
Task=4 Chunk=1 Start=3229120204333 End=3229120235062 Duration=30729
Task=4 Chunk=2 Start=3229120348764 End=3229120478946 Duration=130182
Task=5 Chunk=0 Start=3229120204322 End=3229120336301 Duration=131979
Task=5 Chunk=1 Start=3229120336309 End=3229120367457 Duration=31148
Task=5 Chunk=2 Start=3229120478949 End=3229120609942 Duration=130993
Task=6 Chunk=0 Start=3229120336314 End=3229120455138 Duration=118824
Task=6 Chunk=1 Start=3229120455160 End=3229120486088 Duration=30928
Task=6 Chunk=2 Start=3229120609943 End=3229120741027 Duration=131084
Task=7 Chunk=0 Start=3229120455143 End=3229120577891 Duration=122748
Task=7 Chunk=1 Start=3229120577903 End=3229120608223 Duration=30320
Task=7 Chunk=2 Start=3229120741028 End=3229120870492 Duration=129464
Task=8 Chunk=0 Start=3229120577899 End=3229120704188 Duration=126289
Task=8 Chunk=1 Start=3229120704216 End=3229120737299 Duration=33083
Task=8 Chunk=2 Start=3229120870493 End=3229121001410 Duration=130917
Task=9 Chunk=0 Start=3229120704196 End=3229120847509 Duration=143313
Task=9 Chunk=1 Start=3229120847523 End=3229120881818 Duration=34295
Task=9 Chunk=2 Start=3229121001411 End=3229121132984 Duration=131573
Task=10 Chunk=0 Start=3229120847520 End=3229120971416 Duration=123896
Task=10 Chunk=1 Start=3229120971428 End=3229121002284 Duration=30856
Task=10 Chunk=2 Start=3229121132985 End=3229121263327 Duration=130342
Task=11 Chunk=0 Start=3229120971424 End=3229121088905 Duration=117481
Task=11 Chunk=1 Start=3229121088921 End=3229121123796 Duration=34875
Task=11 Chunk=2 Start=3229121263327 End=3229121398679 Duration=135352
Task=12 Chunk=0 Start=3229121088910 End=3229121207574 Duration=118664
Task=12 Chunk=1 Start=3229121207596 End=3229121238992 Duration=31396
Task=12 Chunk=2 Start=3229121398680 End=3229121528856 Duration=130176
Task=13 Chunk=0 Start=3229121207581 End=3229121325532 Duration=117951
Task=13 Chunk=1 Start=3229121325555 End=3229121355626 Duration=30071
Task=13 Chunk=2 Start=3229121528857 End=3229121658158 Duration=129301
Task=14 Chunk=0 Start=3229121325537 End=3229121451530 Duration=125993
Task=14 Chunk=1 Start=3229121451553 End=3229121483132 Duration=31579
Task=14 Chunk=2 Start=3229121658159 End=3229121793763 Duration=135604
Task=15 Chunk=0 Start=3229121451535 End=3229121583396 Duration=131861
Task=15 Chunk=1 Start=3229121583415 End=3229121617837 Duration=34422
Task=15 Chunk=2 Start=3229121793764 End=3229121925858 Duration=132094
Task=16 Chunk=0 Start=3229121583409 End=3229121717905 Duration=134496
Task=16 Chunk=1 Start=3229121717931 End=3229121749975 Duration=32044
Task=16 Chunk=2 Start=3229121925859 End=3229122060030 Duration=134171
Task=17 Chunk=0 Start=3229121717916 End=3229121839081 Duration=121165
Task=17 Chunk=1 Start=3229121839111 End=3229121872931 Duration=33820
Task=17 Chunk=2 Start=3229122060031 End=3229122196137 Duration=136106
Task=18 Chunk=0 Start=3229121839094 End=3229121955965 Duration=116871
Task=18 Chunk=1 Start=3229121955975 End=3229121989362 Duration=33387
Task=18 Chunk=2 Start=3229122196138 End=3229122331284 Duration=135146
Task=19 Chunk=0 Start=3229121955975 End=3229122079149 Duration=123174
Task=19 Chunk=1 Start=3229122079160 End=3229122114316 Duration=35156
Task=19 Chunk=2 Start=3229122331285 End=3229122459050 Duration=127765
Task=20 Chunk=0 Start=3229122079164 End=3229122194252 Duration=115088
Task=20 Chunk=1 Start=3229122194273 End=3229122232311 Duration=38038
Task=20 Chunk=2 Start=3229122459051 End=3229122593232 Duration=134181
Task=21 Chunk=0 Start=3229122194263 End=3229122310603 Duration=116340
Task=21 Chunk=1 Start=3229122310622 End=3229122345304 Duration=34682
Task=21 Chunk=2 Start=3229122593232 End=3229122725846 Duration=132614
Task=22 Chunk=0 Start=3229122310607 End=3229122416318 Duration=105711
Task=22 Chunk=1 Start=3229122416329 End=3229122451755 Duration=35426
Task=22 Chunk=2 Start=3229122725847 End=3229122866284 Duration=140437
Task=23 Chunk=0 Start=3229122416323 End=3229122526417 Duration=110094
Task=23 Chunk=1 Start=3229122526436 End=3229122560674 Duration=34238
Task=23 Chunk=2 Start=3229122866285 End=3229122995311 Duration=129026
Task=24 Chunk=0 Start=3229122526427 End=3229122630636 Duration=104209
Task=24 Chunk=1 Start=3229122630653 End=3229122662016 Duration=31363
Task=24 Chunk=2 Start=3229122995312 End=3229123133007 Duration=137695
Task=25 Chunk=0 Start=3229122630650 End=3229122735741 Duration=105091
Task=25 Chunk=1 Start=3229122735753 End=3229122768933 Duration=33180
Task=25 Chunk=2 Start=3229123133008 End=3229123263484 Duration=130476
Task=26 Chunk=0 Start=3229122735747 End=3229122839374 Duration=103627
Task=26 Chunk=1 Start=3229122839384 End=3229122873100 Duration=33716
Task=26 Chunk=2 Start=3229123263485 End=3229123391388 Duration=127903
Task=27 Chunk=0 Start=3229122839381 End=3229122942343 Duration=102962
Task=27 Chunk=1 Start=3229122942350 End=3229122974784 Duration=32434
Task=27 Chunk=2 Start=3229123391389 End=3229123528068 Duration=136679
Task=28 Chunk=0 Start=3229122942348 End=3229123046474 Duration=104126
Task=28 Chunk=1 Start=3229123046483 End=3229123078729 Duration=32246
Task=28 Chunk=2 Start=3229123528069 End=3229123661694 Duration=133625
Task=29 Chunk=0 Start=3229123046478 End=3229123161327 Duration=114849
Task=29 Chunk=1 Start=3229123161337 End=3229123197189 Duration=35852
Task=29 Chunk=2 Start=3229123661695 End=3229123798596 Duration=136901
Task=30 Chunk=0 Start=3229123161335 End=3229123267738 Duration=106403
Task=30 Chunk=1 Start=3229123267758 End=3229123302298 Duration=34540
Task=30 Chunk=2 Start=3229123798597 End=3229123930947 Duration=132350
Task=31 Chunk=0 Start=3229123267746 End=3229123380056 Duration=112310
Task=31 Chunk=1 Start=3229123380080 End=3229123416245 Duration=36165
Task=31 Chunk=2 Start=3229123930953 End=3229124065634 Duration=134681
Task=32 Chunk=0 Start=3229123380068 End=3229123484233 Duration=104165
Task=32 Chunk=1 Start=3229123484245 End=3229123516779 Duration=32534
Task=32 Chunk=2 Start=3229124065635 End=3229124202705 Duration=137070
Task=33 Chunk=0 Start=3229123484244 End=3229123588257 Duration=104013
Task=33 Chunk=1 Start=3229123588271 End=3229123626202 Duration=37931
Task=33 Chunk=2 Start=3229124202706 End=3229124333231 Duration=130525
Task=34 Chunk=0 Start=3229123588267 End=3229123693623 Duration=105356
Task=34 Chunk=1 Start=3229123693647 End=3229123726561 Duration=32914
Task=34 Chunk=2 Start=3229124333231 End=3229124459788 Duration=126557
Task=35 Chunk=0 Start=3229123693631 End=3229123803936 Duration=110305
Task=35 Chunk=1 Start=3229123803958 End=3229123841882 Duration=37924
Task=35 Chunk=2 Start=3229124459792 End=3229124587356 Duration=127564
Task=36 Chunk=0 Start=3229123803945 End=3229123911624 Duration=107679
Task=36 Chunk=1 Start=3229123911629 End=3229123947163 Duration=35534
Task=36 Chunk=2 Start=3229124587356 End=3229124714843 Duration=127487
Task=37 Chunk=0 Start=3229123911633 End=3229124020992 Duration=109359
Task=37 Chunk=1 Start=3229124021004 End=3229124054643 Duration=33639
Task=37 Chunk=2 Start=3229124714844 End=3229124843803 Duration=128959
Task=38 Chunk=0 Start=3229124021010 End=3229124133080 Duration=112070
Task=38 Chunk=1 Start=3229124133100 End=3229124165575 Duration=32475
Task=38 Chunk=2 Start=3229124843803 End=3229124974997 Duration=131194
Task=39 Chunk=0 Start=3229124133090 End=3229124240465 Duration=107375
Task=39 Chunk=1 Start=3229124240484 End=3229124270390 Duration=29906
Task=39 Chunk=2 Start=3229124974998 End=3229125106013 Duration=131015
Task=40 Chunk=0 Start=3229124240474 End=3229124344511 Duration=104037
Task=40 Chunk=1 Start=3229124344535 End=3229124381103 Duration=36568
Task=40 Chunk=2 Start=3229125106014 End=3229125236336 Duration=130322
Task=41 Chunk=0 Start=3229124344518 End=3229124467738 Duration=123220
Task=41 Chunk=1 Start=3229124467744 End=3229124502206 Duration=34462
Task=41 Chunk=2 Start=3229125236337 End=3229125365621 Duration=129284
Task=42 Chunk=0 Start=3229124467744 End=3229124589884 Duration=122140
Task=42 Chunk=1 Start=3229124589913 End=3229124622198 Duration=32285
Task=42 Chunk=2 Start=3229125365622 End=3229125494711 Duration=129089
Task=43 Chunk=0 Start=3229124589897 End=3229124714225 Duration=124328
Task=43 Chunk=1 Start=3229124714238 End=3229124746809 Duration=32571
Task=43 Chunk=2 Start=3229125494712 End=3229125629108 Duration=134396
Task=44 Chunk=0 Start=3229124714232 End=3229124830927 Duration=116695
Task=44 Chunk=1 Start=3229124830937 End=3229124862215 Duration=31278
Task=44 Chunk=2 Start=3229125629109 End=3229125760671 Duration=131562
Task=45 Chunk=0 Start=3229124830936 End=3229124955850 Duration=124914
Task=45 Chunk=1 Start=3229124955870 End=3229124987683 Duration=31813
Task=45 Chunk=2 Start=3229125760673 End=3229125889510 Duration=128837
Task=46 Chunk=0 Start=3229124955867 End=3229125078928 Duration=123061
Task=46 Chunk=1 Start=3229125078944 End=3229125112580 Duration=33636
Task=46 Chunk=2 Start=3229125889511 End=3229126017418 Duration=127907
Task=47 Chunk=0 Start=3229125078936 End=3229125213981 Duration=135045
Task=47 Chunk=1 Start=3229125213998 End=3229125245977 Duration=31979
Task=47 Chunk=2 Start=3229126017419 End=3229126147123 Duration=129704
Task=48 Chunk=0 Start=3229125213987 End=3229125333791 Duration=119804
Task=48 Chunk=1 Start=3229125333816 End=3229125367892 Duration=34076
Task=48 Chunk=2 Start=3229126147124 End=3229126278303 Duration=131179
Task=49 Chunk=0 Start=3229125333800 End=3229125453718 Duration=119918
Task=49 Chunk=1 Start=3229125453738 End=3229125490966 Duration=37228
Task=49 Chunk=2 Start=3229126278304 End=3229126406326 Duration=128022
Task=50 Chunk=0 Start=3229125453725 End=3229125578271 Duration=124546
Task=50 Chunk=1 Start=3229125578278 End=3229125608768 Duration=30490
Task=50 Chunk=2 Start=3229126406327 End=3229126537870 Duration=131543
Task=51 Chunk=0 Start=3229125578285 End=3229125696968 Duration=118683
Task=51 Chunk=1 Start=3229125696995 End=3229125729919 Duration=32924
Task=51 Chunk=2 Start=3229126537870 End=3229126667140 Duration=129270
Task=52 Chunk=0 Start=3229125696977 End=3229125816422 Duration=119445
Task=52 Chunk=1 Start=3229125816442 End=3229125851363 Duration=34921
Task=52 Chunk=2 Start=3229126667155 End=3229126797242 Duration=130087
Task=53 Chunk=0 Start=3229125816432 End=3229125939174 Duration=122742
Task=53 Chunk=1 Start=3229125939197 End=3229125971787 Duration=32590
Task=53 Chunk=2 Start=3229126797247 End=3229126922847 Duration=125600
Task=54 Chunk=0 Start=3229125939190 End=3229126069142 Duration=129952
Task=54 Chunk=1 Start=3229126069164 End=3229126101328 Duration=32164
Task=54 Chunk=2 Start=3229126922848 End=3229127050851 Duration=128003
Task=55 Chunk=0 Start=3229126069149 End=3229126186051 Duration=116902
Task=55 Chunk=1 Start=3229126186060 End=3229126216378 Duration=30318
Task=55 Chunk=2 Start=3229127050852 End=3229127178518 Duration=127666
Task=56 Chunk=0 Start=3229126186058 End=3229126327235 Duration=141177
Task=56 Chunk=1 Start=3229126327249 End=3229126357637 Duration=30388
Task=56 Chunk=2 Start=3229127178518 End=3229127305725 Duration=127207
Task=57 Chunk=0 Start=3229126327241 End=3229126450000 Duration=122759
Task=57 Chunk=1 Start=3229126450026 End=3229126483843 Duration=33817
Task=57 Chunk=2 Start=3229127305726 End=3229127433370 Duration=127644
Task=58 Chunk=0 Start=3229126450006 End=3229126567089 Duration=117083
Task=58 Chunk=1 Start=3229126567101 End=3229126597062 Duration=29961
Task=58 Chunk=2 Start=3229127433371 End=3229127563076 Duration=129705
Task=59 Chunk=0 Start=3229126567094 End=3229126689554 Duration=122460
Task=59 Chunk=1 Start=3229126689563 End=3229126722858 Duration=33295
Task=59 Chunk=2 Start=3229127563077 End=3229127693157 Duration=130080
Task=60 Chunk=0 Start=3229126689559 End=3229126806430 Duration=116871
Task=60 Chunk=1 Start=3229126806448 End=3229126840317 Duration=33869
Task=60 Chunk=2 Start=3229127693158 End=3229127820869 Duration=127711
Task=61 Chunk=0 Start=3229126806436 End=3229126947845 Duration=141409
Task=61 Chunk=1 Start=3229126947866 End=3229126980650 Duration=32784
Task=61 Chunk=2 Start=3229127820870 End=3229127950212 Duration=129342
Task=62 Chunk=0 Start=3229126947865 End=3229127083790 Duration=135925
Task=62 Chunk=1 Start=3229127083810 End=3229127113950 Duration=30140
Task=62 Chunk=2 Start=3229127950212 End=3229128081781 Duration=131569
Task=63 Chunk=0 Start=3229127083798 End=3229127203064 Duration=119266
Task=63 Chunk=1 Start=3229127203085 End=3229127236184 Duration=33099
Task=63 Chunk=2 Start=3229128081781 End=3229128215163 Duration=133382
Task=64 Chunk=0 Start=3229127203069 End=3229127325691 Duration=122622
Task=64 Chunk=1 Start=3229127325704 End=3229127359268 Duration=33564
Task=64 Chunk=2 Start=3229128215163 End=3229128347883 Duration=132720
Task=65 Chunk=0 Start=3229127325696 End=3229127443013 Duration=117317
Task=65 Chunk=1 Start=3229127443030 End=3229127476796 Duration=33766
Task=65 Chunk=2 Start=3229128347884 End=3229128472887 Duration=125003
Task=66 Chunk=0 Start=3229127443021 End=3229127566537 Duration=123516
Task=66 Chunk=1 Start=3229127566543 End=3229127596232 Duration=29689
Task=66 Chunk=2 Start=3229128472888 End=3229128596406 Duration=123518
Task=67 Chunk=0 Start=3229127566544 End=3229127690114 Duration=123570
Task=67 Chunk=1 Start=3229127690124 End=3229127725103 Duration=34979
Task=67 Chunk=2 Start=3229128596407 End=3229128720647 Duration=124240
Task=68 Chunk=0 Start=3229127690122 End=3229127813680 Duration=123558
Task=68 Chunk=1 Start=3229127813700 End=3229127847153 Duration=33453
Task=68 Chunk=2 Start=3229128720648 End=3229128845004 Duration=124356
Task=69 Chunk=0 Start=3229127813689 End=3229127930344 Duration=116655
Task=69 Chunk=1 Start=3229127930363 End=3229127962794 Duration=32431
Task=69 Chunk=2 Start=3229128845004 End=3229128970017 Duration=125013
Task=70 Chunk=0 Start=3229127930354 End=3229128056528 Duration=126174
Task=70 Chunk=1 Start=3229128056551 End=3229128091128 Duration=34577
Task=70 Chunk=2 Start=3229128970018 End=3229129094816 Duration=124798
Task=71 Chunk=0 Start=3229128056542 End=3229128173189 Duration=116647
Task=71 Chunk=1 Start=3229128173212 End=3229128203305 Duration=30093
Task=71 Chunk=2 Start=3229129094817 End=3229129218757 Duration=123940
Task=72 Chunk=0 Start=3229128173194 End=3229128312826 Duration=139632
Task=72 Chunk=1 Start=3229128312836 End=3229128346587 Duration=33751
Task=72 Chunk=2 Start=3229129218758 End=3229129343240 Duration=124482
Task=73 Chunk=0 Start=3229128312831 End=3229128440779 Duration=127948
Task=73 Chunk=1 Start=3229128440796 End=3229128470023 Duration=29227
Task=73 Chunk=2 Start=3229129343240 End=3229129466945 Duration=123705
Task=74 Chunk=0 Start=3229128440788 End=3229128555554 Duration=114766
Task=74 Chunk=1 Start=3229128555562 End=3229128584464 Duration=28902
Task=74 Chunk=2 Start=3229129466946 End=3229129594141 Duration=127195
Task=75 Chunk=0 Start=3229128555559 End=3229128674511 Duration=118952
Task=75 Chunk=1 Start=3229128674524 End=3229128703943 Duration=29419
Task=75 Chunk=2 Start=3229129594143 End=3229129722158 Duration=128015
Task=76 Chunk=0 Start=3229128674516 End=3229128791167 Duration=116651
Task=76 Chunk=1 Start=3229128791181 End=3229128820076 Duration=28895
Task=76 Chunk=2 Start=3229129722159 End=3229129850119 Duration=127960
Task=77 Chunk=0 Start=3229128791172 End=3229128914121 Duration=122949
Task=77 Chunk=1 Start=3229128914140 End=3229128943264 Duration=29124
Task=77 Chunk=2 Start=3229129850120 End=3229129981230 Duration=131110
Task=78 Chunk=0 Start=3229128914132 End=3229129027393 Duration=113261
Task=78 Chunk=1 Start=3229129027404 End=3229129056195 Duration=28791
Task=78 Chunk=2 Start=3229129981231 End=3229130109927 Duration=128696
Task=79 Chunk=0 Start=3229129027399 End=3229129150326 Duration=122927
Task=79 Chunk=1 Start=3229129150344 End=3229129179824 Duration=29480
Task=79 Chunk=2 Start=3229130109928 End=3229130241366 Duration=131438
Task=80 Chunk=0 Start=3229129150331 End=3229129266129 Duration=115798
Task=80 Chunk=1 Start=3229129266151 End=3229129295230 Duration=29079
Task=80 Chunk=2 Start=3229130241367 End=3229130369407 Duration=128040
Task=81 Chunk=0 Start=3229129266134 End=3229129386916 Duration=120782
Task=81 Chunk=1 Start=3229129386923 End=3229129416241 Duration=29318
Task=81 Chunk=2 Start=3229130369408 End=3229130501313 Duration=131905
Task=82 Chunk=0 Start=3229129386922 End=3229129588288 Duration=201366
Task=82 Chunk=1 Start=3229129588311 End=3229129620421 Duration=32110
Task=82 Chunk=2 Start=3229130501328 End=3229130630344 Duration=129016
Task=83 Chunk=0 Start=3229129588305 End=3229129710041 Duration=121736
Task=83 Chunk=1 Start=3229129710061 End=3229129739322 Duration=29261
Task=83 Chunk=2 Start=3229130630345 End=3229130760459 Duration=130114
Task=84 Chunk=0 Start=3229129710054 End=3229129837558 Duration=127504
Task=84 Chunk=1 Start=3229129837584 End=3229129870333 Duration=32749
Task=84 Chunk=2 Start=3229130760460 End=3229130893304 Duration=132844
Task=85 Chunk=0 Start=3229129837567 End=3229129954413 Duration=116846
Task=85 Chunk=1 Start=3229129954439 End=3229129985043 Duration=30604
Task=85 Chunk=2 Start=3229130893305 End=3229131023761 Duration=130456
Task=86 Chunk=0 Start=3229129954424 End=3229130076523 Duration=122099
Task=86 Chunk=1 Start=3229130076536 End=3229130111422 Duration=34886
Task=86 Chunk=2 Start=3229131023762 End=3229131154821 Duration=131059
Task=87 Chunk=0 Start=3229130076538 End=3229130193458 Duration=116920
Task=87 Chunk=1 Start=3229130193471 End=3229130227724 Duration=34253
Task=87 Chunk=2 Start=3229131154824 End=3229131286187 Duration=131363
Task=88 Chunk=0 Start=3229130193466 End=3229130334206 Duration=140740
Task=88 Chunk=1 Start=3229130334232 End=3229130367127 Duration=32895
Task=88 Chunk=2 Start=3229131286188 End=3229131416042 Duration=129854
Task=89 Chunk=0 Start=3229130334223 End=3229130457096 Duration=122873
Task=89 Chunk=1 Start=3229130457118 End=3229130491433 Duration=34315
Task=89 Chunk=2 Start=3229131416044 End=3229131542952 Duration=126908
Task=90 Chunk=0 Start=3229130457110 End=3229130577322 Duration=120212
Task=90 Chunk=1 Start=3229130577350 End=3229130611089 Duration=33739
Task=90 Chunk=2 Start=3229131542952 End=3229131670969 Duration=128017
Task=91 Chunk=0 Start=3229130577332 End=3229130709649 Duration=132317
Task=91 Chunk=1 Start=3229130709657 End=3229130742253 Duration=32596
Task=91 Chunk=2 Start=3229131670970 End=3229131795563 Duration=124593
Task=92 Chunk=0 Start=3229130709657 End=3229130834822 Duration=125165
Task=92 Chunk=1 Start=3229130834832 End=3229130866741 Duration=31909
Task=92 Chunk=2 Start=3229131795564 End=3229131918233 Duration=122669
Task=93 Chunk=0 Start=3229130834830 End=3229130960825 Duration=125995
Task=93 Chunk=1 Start=3229130960834 End=3229130994570 Duration=33736
Task=93 Chunk=2 Start=3229131918234 End=3229132042254 Duration=124020
Task=94 Chunk=0 Start=3229130960832 End=3229131078793 Duration=117961
Task=94 Chunk=1 Start=3229131078800 End=3229131108193 Duration=29393
Task=94 Chunk=2 Start=3229132042255 End=3229132166753 Duration=124498
Task=95 Chunk=0 Start=3229131078800 End=3229131205793 Duration=126993
Task=95 Chunk=1 Start=3229131205813 End=3229131236163 Duration=30350
Task=95 Chunk=2 Start=3229132166754 End=3229132290154 Duration=123400
Task=96 Chunk=0 Start=3229131205808 End=3229131328181 Duration=122373
Task=96 Chunk=1 Start=3229131328189 End=3229131359159 Duration=30970
Task=96 Chunk=2 Start=3229132290155 End=3229132414023 Duration=123868
Task=97 Chunk=0 Start=3229131328186 End=3229131461834 Duration=133648
Task=97 Chunk=1 Start=3229131461843 End=3229131493835 Duration=31992
Task=97 Chunk=2 Start=3229132414024 End=3229132537164 Duration=123140
Task=98 Chunk=0 Start=3229131461841 End=3229131603565 Duration=141724
Task=98 Chunk=1 Start=3229131603580 End=3229131637540 Duration=33960
Task=98 Chunk=2 Start=3229132537172 End=3229132661759 Duration=124587
Task=99 Chunk=0 Start=3229131603575 End=3229131728715 Duration=125140
Task=99 Chunk=1 Start=3229131728731 End=3229131757641 Duration=28910
Task=99 Chunk=2 Start=3229132661759 End=3229132786092 Duration=124333
### Python End ###

--------------------------------
[2025-06-26 18:30:22.651] [info] Available Vulkan Layers:
[2025-06-26 18:30:22.651] [warning] Validation layer requested but not available, continuing without it...
[2025-06-26 18:30:22.661] [info] Using integrated GPU: Adreno (TM) 740
### Python Begin ###
Schedule_UID=SCH-G3B3M3-G183-d54c
Frequency=19200000 Hz
Task=0 Chunk=0 Start=3229149924014 End=3229150246290 Duration=322276
Task=0 Chunk=1 Start=3229150246308 End=3229150527954 Duration=281646
Task=0 Chunk=2 Start=3229150527997 End=3229150628616 Duration=100619
Task=1 Chunk=0 Start=3229150246293 End=3229150367040 Duration=120747
Task=1 Chunk=1 Start=3229150527956 End=3229150586014 Duration=58058
Task=1 Chunk=2 Start=3229150628685 End=3229150726509 Duration=97824
Task=2 Chunk=0 Start=3229150367051 End=3229150483091 Duration=116040
Task=2 Chunk=1 Start=3229150586015 End=3229150651165 Duration=65150
Task=2 Chunk=2 Start=3229150726511 End=3229150810816 Duration=84305
Task=3 Chunk=0 Start=3229150483102 End=3229150602270 Duration=119168
Task=3 Chunk=1 Start=3229150651167 End=3229150716211 Duration=65044
Task=3 Chunk=2 Start=3229150810817 End=3229150898648 Duration=87831
Task=4 Chunk=0 Start=3229150602276 End=3229150730165 Duration=127889
Task=4 Chunk=1 Start=3229150730176 End=3229150788041 Duration=57865
Task=4 Chunk=2 Start=3229150898649 End=3229150982969 Duration=84320
Task=5 Chunk=0 Start=3229150730175 End=3229150846259 Duration=116084
Task=5 Chunk=1 Start=3229150846275 End=3229150904300 Duration=58025
Task=5 Chunk=2 Start=3229150982970 End=3229151066710 Duration=83740
Task=6 Chunk=0 Start=3229150846267 End=3229150962387 Duration=116120
Task=6 Chunk=1 Start=3229150962396 End=3229151020523 Duration=58127
Task=6 Chunk=2 Start=3229151066711 End=3229151151080 Duration=84369
Task=7 Chunk=0 Start=3229150962392 End=3229151080825 Duration=118433
Task=7 Chunk=1 Start=3229151080833 End=3229151139337 Duration=58504
Task=7 Chunk=2 Start=3229151151080 End=3229151235436 Duration=84356
Task=8 Chunk=0 Start=3229151080834 End=3229151197439 Duration=116605
Task=8 Chunk=1 Start=3229151197455 End=3229151255928 Duration=58473
Task=8 Chunk=2 Start=3229151255954 End=3229151340387 Duration=84433
Task=9 Chunk=0 Start=3229151197447 End=3229151336257 Duration=138810
Task=9 Chunk=1 Start=3229151336276 End=3229151394229 Duration=57953
Task=9 Chunk=2 Start=3229151394245 End=3229151478328 Duration=84083
Task=10 Chunk=0 Start=3229151336266 End=3229151459025 Duration=122759
Task=10 Chunk=1 Start=3229151459034 End=3229151517004 Duration=57970
Task=10 Chunk=2 Start=3229151517008 End=3229151603351 Duration=86343
Task=11 Chunk=0 Start=3229151459039 End=3229151572923 Duration=113884
Task=11 Chunk=1 Start=3229151572941 End=3229151631658 Duration=58717
Task=11 Chunk=2 Start=3229151631671 End=3229151715205 Duration=83534
Task=12 Chunk=0 Start=3229151572930 End=3229151691715 Duration=118785
Task=12 Chunk=1 Start=3229151691729 End=3229151749841 Duration=58112
Task=12 Chunk=2 Start=3229151749853 End=3229151834013 Duration=84160
Task=13 Chunk=0 Start=3229151691723 End=3229151805322 Duration=113599
Task=13 Chunk=1 Start=3229151805328 End=3229151863270 Duration=57942
Task=13 Chunk=2 Start=3229151863282 End=3229151950513 Duration=87231
Task=14 Chunk=0 Start=3229151805328 End=3229151922846 Duration=117518
Task=14 Chunk=1 Start=3229151922859 End=3229151981167 Duration=58308
Task=14 Chunk=2 Start=3229151981175 End=3229152065507 Duration=84332
Task=15 Chunk=0 Start=3229151922852 End=3229152035762 Duration=112910
Task=15 Chunk=1 Start=3229152036137 End=3229152094113 Duration=57976
Task=15 Chunk=2 Start=3229152094132 End=3229152177858 Duration=83726
Task=16 Chunk=0 Start=3229152035770 End=3229152153188 Duration=117418
Task=16 Chunk=1 Start=3229152153205 End=3229152211941 Duration=58736
Task=16 Chunk=2 Start=3229152211958 End=3229152295772 Duration=83814
Task=17 Chunk=0 Start=3229152153197 End=3229152266498 Duration=113301
Task=17 Chunk=1 Start=3229152266511 End=3229152324269 Duration=57758
Task=17 Chunk=2 Start=3229152324275 End=3229152408037 Duration=83762
Task=18 Chunk=0 Start=3229152266507 End=3229152385619 Duration=119112
Task=18 Chunk=1 Start=3229152385633 End=3229152443607 Duration=57974
Task=18 Chunk=2 Start=3229152443632 End=3229152527585 Duration=83953
Task=19 Chunk=0 Start=3229152385624 End=3229152517954 Duration=132330
Task=19 Chunk=1 Start=3229152517962 End=3229152576035 Duration=58073
Task=19 Chunk=2 Start=3229152576051 End=3229152674067 Duration=98016
Task=20 Chunk=0 Start=3229152517960 End=3229152647545 Duration=129585
Task=20 Chunk=1 Start=3229152647552 End=3229152705836 Duration=58284
Task=20 Chunk=2 Start=3229152705849 End=3229152789670 Duration=83821
Task=21 Chunk=0 Start=3229152647551 End=3229152760026 Duration=112475
Task=21 Chunk=1 Start=3229152760040 End=3229152818889 Duration=58849
Task=21 Chunk=2 Start=3229152818910 End=3229152908805 Duration=89895
Task=22 Chunk=0 Start=3229152760031 End=3229152880388 Duration=120357
Task=22 Chunk=1 Start=3229152880406 End=3229152941623 Duration=61217
Task=22 Chunk=2 Start=3229152941630 End=3229153026756 Duration=85126
Task=23 Chunk=0 Start=3229152880395 End=3229152997181 Duration=116786
Task=23 Chunk=1 Start=3229152997188 End=3229153055385 Duration=58197
Task=23 Chunk=2 Start=3229153055396 End=3229153139476 Duration=84080
Task=24 Chunk=0 Start=3229152997189 End=3229153116813 Duration=119624
Task=24 Chunk=1 Start=3229153116824 End=3229153175000 Duration=58176
Task=24 Chunk=2 Start=3229153175003 End=3229153257978 Duration=82975
Task=25 Chunk=0 Start=3229153116821 End=3229153229917 Duration=113096
Task=25 Chunk=1 Start=3229153229924 End=3229153287987 Duration=58063
Task=25 Chunk=2 Start=3229153288005 End=3229153372121 Duration=84116
Task=26 Chunk=0 Start=3229153229926 End=3229153348341 Duration=118415
Task=26 Chunk=1 Start=3229153348357 End=3229153406061 Duration=57704
Task=26 Chunk=2 Start=3229153406070 End=3229153489842 Duration=83772
Task=27 Chunk=0 Start=3229153348348 End=3229153461044 Duration=112696
Task=27 Chunk=1 Start=3229153461061 End=3229153519165 Duration=58104
Task=27 Chunk=2 Start=3229153519173 End=3229153602999 Duration=83826
Task=28 Chunk=0 Start=3229153461049 End=3229153591186 Duration=130137
Task=28 Chunk=1 Start=3229153591199 End=3229153648894 Duration=57695
Task=28 Chunk=2 Start=3229153648902 End=3229153739751 Duration=90849
Task=29 Chunk=0 Start=3229153591192 End=3229153703522 Duration=112330
Task=29 Chunk=1 Start=3229153703538 End=3229153761893 Duration=58355
Task=29 Chunk=2 Start=3229153761907 End=3229153845681 Duration=83774
Task=30 Chunk=0 Start=3229153703527 End=3229153824129 Duration=120602
Task=30 Chunk=1 Start=3229153824143 End=3229153881650 Duration=57507
Task=30 Chunk=2 Start=3229153881666 End=3229153965307 Duration=83641
Task=31 Chunk=0 Start=3229153824139 End=3229153937043 Duration=112904
Task=31 Chunk=1 Start=3229153937061 End=3229153994928 Duration=57867
Task=31 Chunk=2 Start=3229153994942 End=3229154078911 Duration=83969
Task=32 Chunk=0 Start=3229153937052 End=3229154054800 Duration=117748
Task=32 Chunk=1 Start=3229154054812 End=3229154112364 Duration=57552
Task=32 Chunk=2 Start=3229154112388 End=3229154202396 Duration=90008
Task=33 Chunk=0 Start=3229154054807 End=3229154167005 Duration=112198
Task=33 Chunk=1 Start=3229154167015 End=3229154225088 Duration=58073
Task=33 Chunk=2 Start=3229154225101 End=3229154308853 Duration=83752
Task=34 Chunk=0 Start=3229154167012 End=3229154284801 Duration=117789
Task=34 Chunk=1 Start=3229154284809 End=3229154342887 Duration=58078
Task=34 Chunk=2 Start=3229154342901 End=3229154426159 Duration=83258
Task=35 Chunk=0 Start=3229154284806 End=3229154396937 Duration=112131
Task=35 Chunk=1 Start=3229154396943 End=3229154454933 Duration=57990
Task=35 Chunk=2 Start=3229154454939 End=3229154538887 Duration=83948
Task=36 Chunk=0 Start=3229154396942 End=3229154517847 Duration=120905
Task=36 Chunk=1 Start=3229154517862 End=3229154575498 Duration=57636
Task=36 Chunk=2 Start=3229154575509 End=3229154659457 Duration=83948
Task=37 Chunk=0 Start=3229154517852 End=3229154630206 Duration=112354
Task=37 Chunk=1 Start=3229154630223 End=3229154688139 Duration=57916
Task=37 Chunk=2 Start=3229154688163 End=3229154771966 Duration=83803
Task=38 Chunk=0 Start=3229154630211 End=3229154747702 Duration=117491
Task=38 Chunk=1 Start=3229154747715 End=3229154805355 Duration=57640
Task=38 Chunk=2 Start=3229154805362 End=3229154889443 Duration=84081
Task=39 Chunk=0 Start=3229154747708 End=3229154860014 Duration=112306
Task=39 Chunk=1 Start=3229154860022 End=3229154917709 Duration=57687
Task=39 Chunk=2 Start=3229154917732 End=3229155001581 Duration=83849
Task=40 Chunk=0 Start=3229154860019 End=3229154983867 Duration=123848
Task=40 Chunk=1 Start=3229154983879 End=3229155041046 Duration=57167
Task=40 Chunk=2 Start=3229155041060 End=3229155125446 Duration=84386
Task=41 Chunk=0 Start=3229154983873 End=3229155103714 Duration=119841
Task=41 Chunk=1 Start=3229155103730 End=3229155161636 Duration=57906
Task=41 Chunk=2 Start=3229155161658 End=3229155245525 Duration=83867
Task=42 Chunk=0 Start=3229155103727 End=3229155221882 Duration=118155
Task=42 Chunk=1 Start=3229155221896 End=3229155279896 Duration=58000
Task=42 Chunk=2 Start=3229155279903 End=3229155363911 Duration=84008
Task=43 Chunk=0 Start=3229155221889 End=3229155338577 Duration=116688
Task=43 Chunk=1 Start=3229155338592 End=3229155396716 Duration=58124
Task=43 Chunk=2 Start=3229155396731 End=3229155484832 Duration=88101
Task=44 Chunk=0 Start=3229155338583 End=3229155456111 Duration=117528
Task=44 Chunk=1 Start=3229155456118 End=3229155514158 Duration=58040
Task=44 Chunk=2 Start=3229155514166 End=3229155600694 Duration=86528
Task=45 Chunk=0 Start=3229155456118 End=3229155568281 Duration=112163
Task=45 Chunk=1 Start=3229155568544 End=3229155626445 Duration=57901
Task=45 Chunk=2 Start=3229155626465 End=3229155709988 Duration=83523
Task=46 Chunk=0 Start=3229155568287 End=3229155685612 Duration=117325
Task=46 Chunk=1 Start=3229155685627 End=3229155743955 Duration=58328
Task=46 Chunk=2 Start=3229155743972 End=3229155829413 Duration=85441
Task=47 Chunk=0 Start=3229155685617 End=3229155798995 Duration=113378
Task=47 Chunk=1 Start=3229155799010 End=3229155856942 Duration=57932
Task=47 Chunk=2 Start=3229155856946 End=3229155941182 Duration=84236
Task=48 Chunk=0 Start=3229155799001 End=3229155916044 Duration=117043
Task=48 Chunk=1 Start=3229155916061 End=3229155974358 Duration=58297
Task=48 Chunk=2 Start=3229155974371 End=3229156058872 Duration=84501
Task=49 Chunk=0 Start=3229155916054 End=3229156031089 Duration=115035
Task=49 Chunk=1 Start=3229156031098 End=3229156089526 Duration=58428
Task=49 Chunk=2 Start=3229156089553 End=3229156173393 Duration=83840
Task=50 Chunk=0 Start=3229156031096 End=3229156148964 Duration=117868
Task=50 Chunk=1 Start=3229156148971 End=3229156207199 Duration=58228
Task=50 Chunk=2 Start=3229156207202 End=3229156291210 Duration=84008
Task=51 Chunk=0 Start=3229156148971 End=3229156261801 Duration=112830
Task=51 Chunk=1 Start=3229156261817 End=3229156319504 Duration=57687
Task=51 Chunk=2 Start=3229156319528 End=3229156405088 Duration=85560
Task=52 Chunk=0 Start=3229156261808 End=3229156380067 Duration=118259
Task=52 Chunk=1 Start=3229156380074 End=3229156438071 Duration=57997
Task=52 Chunk=2 Start=3229156438088 End=3229156522043 Duration=83955
Task=53 Chunk=0 Start=3229156380072 End=3229156492440 Duration=112368
Task=53 Chunk=1 Start=3229156492457 End=3229156550526 Duration=58069
Task=53 Chunk=2 Start=3229156550538 End=3229156634116 Duration=83578
Task=54 Chunk=0 Start=3229156492445 End=3229156610570 Duration=118125
Task=54 Chunk=1 Start=3229156610579 End=3229156668851 Duration=58272
Task=54 Chunk=2 Start=3229156668870 End=3229156752799 Duration=83929
Task=55 Chunk=0 Start=3229156610574 End=3229156723246 Duration=112672
Task=55 Chunk=1 Start=3229156723263 End=3229156781312 Duration=58049
Task=55 Chunk=2 Start=3229156781323 End=3229156865447 Duration=84124
Task=56 Chunk=0 Start=3229156723253 End=3229156840833 Duration=117580
Task=56 Chunk=1 Start=3229156840857 End=3229156898691 Duration=57834
Task=56 Chunk=2 Start=3229156898700 End=3229156982920 Duration=84220
Task=57 Chunk=0 Start=3229156840848 End=3229156953188 Duration=112340
Task=57 Chunk=1 Start=3229156953196 End=3229157011273 Duration=58077
Task=57 Chunk=2 Start=3229157011295 End=3229157095005 Duration=83710
Task=58 Chunk=0 Start=3229156953196 End=3229157081226 Duration=128030
Task=58 Chunk=1 Start=3229157081245 End=3229157139502 Duration=58257
Task=58 Chunk=2 Start=3229157139518 End=3229157223065 Duration=83547
Task=59 Chunk=0 Start=3229157081235 End=3229157202429 Duration=121194
Task=59 Chunk=1 Start=3229157202436 End=3229157260259 Duration=57823
Task=59 Chunk=2 Start=3229157260279 End=3229157344550 Duration=84271
Task=60 Chunk=0 Start=3229157202435 End=3229157315273 Duration=112838
Task=60 Chunk=1 Start=3229157315288 End=3229157373407 Duration=58119
Task=60 Chunk=2 Start=3229157373429 End=3229157457998 Duration=84569
Task=61 Chunk=0 Start=3229157315279 End=3229157439128 Duration=123849
Task=61 Chunk=1 Start=3229157439141 End=3229157496923 Duration=57782
Task=61 Chunk=2 Start=3229157496928 End=3229157581309 Duration=84381
Task=62 Chunk=0 Start=3229157439134 End=3229157554103 Duration=114969
Task=62 Chunk=1 Start=3229157554113 End=3229157612164 Duration=58051
Task=62 Chunk=2 Start=3229157612171 End=3229157696010 Duration=83839
Task=63 Chunk=0 Start=3229157554108 End=3229157671464 Duration=117356
Task=63 Chunk=1 Start=3229157671475 End=3229157728907 Duration=57432
Task=63 Chunk=2 Start=3229157728918 End=3229157819422 Duration=90504
Task=64 Chunk=0 Start=3229157671471 End=3229157787182 Duration=115711
Task=64 Chunk=1 Start=3229157787191 End=3229157844861 Duration=57670
Task=64 Chunk=2 Start=3229157844880 End=3229157929233 Duration=84353
Task=65 Chunk=0 Start=3229157787187 End=3229157903806 Duration=116619
Task=65 Chunk=1 Start=3229157903819 End=3229157962074 Duration=58255
Task=65 Chunk=2 Start=3229157962078 End=3229158046357 Duration=84279
Task=66 Chunk=0 Start=3229157903811 End=3229158021187 Duration=117376
Task=66 Chunk=1 Start=3229158021203 End=3229158080440 Duration=59237
Task=66 Chunk=2 Start=3229158080451 End=3229158164230 Duration=83779
Task=67 Chunk=0 Start=3229158021192 End=3229158140329 Duration=119137
Task=67 Chunk=1 Start=3229158140348 End=3229158198626 Duration=58278
Task=67 Chunk=2 Start=3229158198638 End=3229158282676 Duration=84038
Task=68 Chunk=0 Start=3229158140336 End=3229158260917 Duration=120581
Task=68 Chunk=1 Start=3229158260922 End=3229158318834 Duration=57912
Task=68 Chunk=2 Start=3229158318847 End=3229158402802 Duration=83955
Task=69 Chunk=0 Start=3229158260922 End=3229158377978 Duration=117056
Task=69 Chunk=1 Start=3229158377992 End=3229158435990 Duration=57998
Task=69 Chunk=2 Start=3229158435993 End=3229158520549 Duration=84556
Task=70 Chunk=0 Start=3229158377983 End=3229158494011 Duration=116028
Task=70 Chunk=1 Start=3229158494029 End=3229158552383 Duration=58354
Task=70 Chunk=2 Start=3229158552400 End=3229158638828 Duration=86428
Task=71 Chunk=0 Start=3229158494018 End=3229158611373 Duration=117355
Task=71 Chunk=1 Start=3229158611388 End=3229158670212 Duration=58824
Task=71 Chunk=2 Start=3229158670221 End=3229158754183 Duration=83962
Task=72 Chunk=0 Start=3229158611383 End=3229158724791 Duration=113408
Task=72 Chunk=1 Start=3229158724806 End=3229158782798 Duration=57992
Task=72 Chunk=2 Start=3229158782815 End=3229158867172 Duration=84357
Task=73 Chunk=0 Start=3229158724796 End=3229158841061 Duration=116265
Task=73 Chunk=1 Start=3229158841074 End=3229158899203 Duration=58129
Task=73 Chunk=2 Start=3229158899221 End=3229158983081 Duration=83860
Task=74 Chunk=0 Start=3229158841066 End=3229158953414 Duration=112348
Task=74 Chunk=1 Start=3229158953427 End=3229159011521 Duration=58094
Task=74 Chunk=2 Start=3229159011527 End=3229159096853 Duration=85326
Task=75 Chunk=0 Start=3229158953419 End=3229159070190 Duration=116771
Task=75 Chunk=1 Start=3229159070209 End=3229159128362 Duration=58153
Task=75 Chunk=2 Start=3229159128376 End=3229159216695 Duration=88319
Task=76 Chunk=0 Start=3229159070197 End=3229159184282 Duration=114085
Task=76 Chunk=1 Start=3229159184287 End=3229159242211 Duration=57924
Task=76 Chunk=2 Start=3229159242217 End=3229159325924 Duration=83707
Task=77 Chunk=0 Start=3229159184287 End=3229159303908 Duration=119621
Task=77 Chunk=1 Start=3229159303919 End=3229159361858 Duration=57939
Task=77 Chunk=2 Start=3229159361881 End=3229159445658 Duration=83777
Task=78 Chunk=0 Start=3229159303913 End=3229159431194 Duration=127281
Task=78 Chunk=1 Start=3229159431201 End=3229159488516 Duration=57315
Task=78 Chunk=2 Start=3229159488531 End=3229159572795 Duration=84264
Task=79 Chunk=0 Start=3229159431199 End=3229159556515 Duration=125316
Task=79 Chunk=1 Start=3229159556524 End=3229159614595 Duration=58071
Task=79 Chunk=2 Start=3229159614611 End=3229159698316 Duration=83705
Task=80 Chunk=0 Start=3229159556522 End=3229159668135 Duration=111613
Task=80 Chunk=1 Start=3229159668144 End=3229159725680 Duration=57536
Task=80 Chunk=2 Start=3229159725697 End=3229159810522 Duration=84825
Task=81 Chunk=0 Start=3229159668141 End=3229159788866 Duration=120725
Task=81 Chunk=1 Start=3229159788877 End=3229159846858 Duration=57981
Task=81 Chunk=2 Start=3229159846862 End=3229159936040 Duration=89178
Task=82 Chunk=0 Start=3229159788873 End=3229159905051 Duration=116178
Task=82 Chunk=1 Start=3229159905065 End=3229159963197 Duration=58132
Task=82 Chunk=2 Start=3229159963208 End=3229160047408 Duration=84200
Task=83 Chunk=0 Start=3229159905060 End=3229160031919 Duration=126859
Task=83 Chunk=1 Start=3229160031926 End=3229160090178 Duration=58252
Task=83 Chunk=2 Start=3229160090184 End=3229160174060 Duration=83876
Task=84 Chunk=0 Start=3229160031927 End=3229160153045 Duration=121118
Task=84 Chunk=1 Start=3229160153053 End=3229160211066 Duration=58013
Task=84 Chunk=2 Start=3229160211078 End=3229160294878 Duration=83800
Task=85 Chunk=0 Start=3229160153052 End=3229160271217 Duration=118165
Task=85 Chunk=1 Start=3229160271230 End=3229160328688 Duration=57458
Task=85 Chunk=2 Start=3229160328697 End=3229160411747 Duration=83050
Task=86 Chunk=0 Start=3229160271223 End=3229160391880 Duration=120657
Task=86 Chunk=1 Start=3229160391897 End=3229160449990 Duration=58093
Task=86 Chunk=2 Start=3229160450009 End=3229160533812 Duration=83803
Task=87 Chunk=0 Start=3229160391888 End=3229160513307 Duration=121419
Task=87 Chunk=1 Start=3229160513313 End=3229160570751 Duration=57438
Task=87 Chunk=2 Start=3229160570755 End=3229160655678 Duration=84923
Task=88 Chunk=0 Start=3229160513314 End=3229160638969 Duration=125655
Task=88 Chunk=1 Start=3229160638978 End=3229160696997 Duration=58019
Task=88 Chunk=2 Start=3229160697013 End=3229160785158 Duration=88145
Task=89 Chunk=0 Start=3229160638977 End=3229160751407 Duration=112430
Task=89 Chunk=1 Start=3229160751414 End=3229160809347 Duration=57933
Task=89 Chunk=2 Start=3229160809365 End=3229160893270 Duration=83905
Task=90 Chunk=0 Start=3229160751412 End=3229160869349 Duration=117937
Task=90 Chunk=1 Start=3229160869355 End=3229160927375 Duration=58020
Task=90 Chunk=2 Start=3229160927386 End=3229161015471 Duration=88085
Task=91 Chunk=0 Start=3229160869355 End=3229160981638 Duration=112283
Task=91 Chunk=1 Start=3229160981644 End=3229161039815 Duration=58171
Task=91 Chunk=2 Start=3229161039827 End=3229161124046 Duration=84219
Task=92 Chunk=0 Start=3229160981643 End=3229161103027 Duration=121384
Task=92 Chunk=1 Start=3229161103036 End=3229161161123 Duration=58087
Task=92 Chunk=2 Start=3229161161129 End=3229161255017 Duration=93888
Task=93 Chunk=0 Start=3229161103031 End=3229161215146 Duration=112115
Task=93 Chunk=1 Start=3229161215163 End=3229161273275 Duration=58112
Task=93 Chunk=2 Start=3229161273288 End=3229161357186 Duration=83898
Task=94 Chunk=0 Start=3229161215152 End=3229161331959 Duration=116807
Task=94 Chunk=1 Start=3229161331966 End=3229161389761 Duration=57795
Task=94 Chunk=2 Start=3229161389776 End=3229161473549 Duration=83773
Task=95 Chunk=0 Start=3229161331965 End=3229161443673 Duration=111708
Task=95 Chunk=1 Start=3229161443686 End=3229161501637 Duration=57951
Task=95 Chunk=2 Start=3229161501650 End=3229161586277 Duration=84627
Task=96 Chunk=0 Start=3229161443684 End=3229161574437 Duration=130753
Task=96 Chunk=1 Start=3229161574450 End=3229161631856 Duration=57406
Task=96 Chunk=2 Start=3229161631872 End=3229161717509 Duration=85637
Task=97 Chunk=0 Start=3229161574444 End=3229161700298 Duration=125854
Task=97 Chunk=1 Start=3229161700309 End=3229161758333 Duration=58024
Task=97 Chunk=2 Start=3229161758349 End=3229161842286 Duration=83937
Task=98 Chunk=0 Start=3229161700306 End=3229161813679 Duration=113373
Task=98 Chunk=1 Start=3229161813690 End=3229161871239 Duration=57549
Task=98 Chunk=2 Start=3229161871242 End=3229161955330 Duration=84088
Task=99 Chunk=0 Start=3229161813684 End=3229161947685 Duration=134001
Task=99 Chunk=1 Start=3229161947702 End=3229162005790 Duration=58088
Task=99 Chunk=2 Start=3229162005794 End=3229162089942 Duration=84148
### Python End ###

--------------------------------
[2025-06-26 18:30:24.181] [info] Available Vulkan Layers:
[2025-06-26 18:30:24.181] [warning] Validation layer requested but not available, continuing without it...
[2025-06-26 18:30:24.185] [info] Using integrated GPU: Adreno (TM) 740
### Python Begin ###
Schedule_UID=SCH-M1G4B4-G212-9bda
Frequency=19200000 Hz
Task=0 Chunk=0 Start=3229179147973 End=3229179172814 Duration=24841
Task=0 Chunk=1 Start=3229179172873 End=3229179503913 Duration=331040
Task=0 Chunk=2 Start=3229179505247 End=3229179700321 Duration=195074
Task=1 Chunk=0 Start=3229179172817 End=3229179173001 Duration=184
Task=1 Chunk=1 Start=3229179503915 End=3229179631957 Duration=128042
Task=1 Chunk=2 Start=3229179700332 End=3229179785669 Duration=85337
Task=2 Chunk=0 Start=3229179173002 End=3229179173066 Duration=64
Task=2 Chunk=1 Start=3229179631959 End=3229179761490 Duration=129531
Task=2 Chunk=2 Start=3229179785670 End=3229179872599 Duration=86929
Task=3 Chunk=0 Start=3229179173067 End=3229179173121 Duration=54
Task=3 Chunk=1 Start=3229179761497 End=3229179891583 Duration=130086
Task=3 Chunk=2 Start=3229179891607 End=3229179975865 Duration=84258
Task=4 Chunk=0 Start=3229179173122 End=3229179173171 Duration=49
Task=4 Chunk=1 Start=3229179891588 End=3229180017082 Duration=125494
Task=4 Chunk=2 Start=3229180017104 End=3229180102380 Duration=85276
Task=5 Chunk=0 Start=3229179173172 End=3229179173223 Duration=51
Task=5 Chunk=1 Start=3229180017096 End=3229180141890 Duration=124794
Task=5 Chunk=2 Start=3229180141905 End=3229180227552 Duration=85647
Task=6 Chunk=0 Start=3229179173224 End=3229179173277 Duration=53
Task=6 Chunk=1 Start=3229180141896 End=3229180278171 Duration=136275
Task=6 Chunk=2 Start=3229180278213 End=3229180363045 Duration=84832
Task=7 Chunk=0 Start=3229179173278 End=3229179173329 Duration=51
Task=7 Chunk=1 Start=3229180278201 End=3229180414005 Duration=135804
Task=7 Chunk=2 Start=3229180414024 End=3229180498830 Duration=84806
Task=8 Chunk=0 Start=3229179173330 End=3229179173382 Duration=52
Task=8 Chunk=1 Start=3229180414016 End=3229180552166 Duration=138150
Task=8 Chunk=2 Start=3229180552211 End=3229180637638 Duration=85427
Task=9 Chunk=0 Start=3229179173383 End=3229179173433 Duration=50
Task=9 Chunk=1 Start=3229180552197 End=3229180686801 Duration=134604
Task=9 Chunk=2 Start=3229180686822 End=3229180772418 Duration=85596
Task=10 Chunk=0 Start=3229179173434 End=3229179173485 Duration=51
Task=10 Chunk=1 Start=3229180686818 End=3229180819584 Duration=132766
Task=10 Chunk=2 Start=3229180819610 End=3229180905155 Duration=85545
Task=11 Chunk=0 Start=3229179173486 End=3229179173536 Duration=50
Task=11 Chunk=1 Start=3229180819597 End=3229180945754 Duration=126157
Task=11 Chunk=2 Start=3229180945785 End=3229181030852 Duration=85067
Task=12 Chunk=0 Start=3229179173537 End=3229179173586 Duration=49
Task=12 Chunk=1 Start=3229180945770 End=3229181074057 Duration=128287
Task=12 Chunk=2 Start=3229181074089 End=3229181160363 Duration=86274
Task=13 Chunk=0 Start=3229179173587 End=3229179173638 Duration=51
Task=13 Chunk=1 Start=3229181074082 End=3229181205183 Duration=131101
Task=13 Chunk=2 Start=3229181205205 End=3229181290569 Duration=85364
Task=14 Chunk=0 Start=3229179173639 End=3229179173690 Duration=51
Task=14 Chunk=1 Start=3229181205190 End=3229181330907 Duration=125717
Task=14 Chunk=2 Start=3229181330925 End=3229181416821 Duration=85896
Task=15 Chunk=0 Start=3229179700350 End=3229179700564 Duration=214
Task=15 Chunk=1 Start=3229181330913 End=3229181476771 Duration=145858
Task=15 Chunk=2 Start=3229181476785 End=3229181562475 Duration=85690
Task=16 Chunk=0 Start=3229179785692 End=3229179785762 Duration=70
Task=16 Chunk=1 Start=3229181476777 End=3229181613536 Duration=136759
Task=16 Chunk=2 Start=3229181613552 End=3229181700190 Duration=86638
Task=17 Chunk=0 Start=3229179872624 End=3229179872695 Duration=71
Task=17 Chunk=1 Start=3229181613546 End=3229181748441 Duration=134895
Task=17 Chunk=2 Start=3229181748470 End=3229181833853 Duration=85383
Task=18 Chunk=0 Start=3229179975877 End=3229179975926 Duration=49
Task=18 Chunk=1 Start=3229181748462 End=3229181883969 Duration=135507
Task=18 Chunk=2 Start=3229181883977 End=3229181968558 Duration=84581
Task=19 Chunk=0 Start=3229180102389 End=3229180102445 Duration=56
Task=19 Chunk=1 Start=3229181883976 End=3229182014877 Duration=130901
Task=19 Chunk=2 Start=3229182014896 End=3229182099969 Duration=85073
Task=20 Chunk=0 Start=3229180227580 End=3229180227633 Duration=53
Task=20 Chunk=1 Start=3229182014886 End=3229182139783 Duration=124897
Task=20 Chunk=2 Start=3229182139789 End=3229182226397 Duration=86608
Task=21 Chunk=0 Start=3229180363056 End=3229180363110 Duration=54
Task=21 Chunk=1 Start=3229182139788 End=3229182278479 Duration=138691
Task=21 Chunk=2 Start=3229182278502 End=3229182363604 Duration=85102
Task=22 Chunk=0 Start=3229180498838 End=3229180498923 Duration=85
Task=22 Chunk=1 Start=3229182278491 End=3229182403452 Duration=124961
Task=22 Chunk=2 Start=3229182403478 End=3229182488658 Duration=85180
Task=23 Chunk=0 Start=3229180637652 End=3229180637715 Duration=63
Task=23 Chunk=1 Start=3229182403471 End=3229182550875 Duration=147404
Task=23 Chunk=2 Start=3229182550906 End=3229182636237 Duration=85331
Task=24 Chunk=0 Start=3229180772457 End=3229180772509 Duration=52
Task=24 Chunk=1 Start=3229182550897 End=3229182684567 Duration=133670
Task=24 Chunk=2 Start=3229182684587 End=3229182770009 Duration=85422
Task=25 Chunk=0 Start=3229180905164 End=3229180905211 Duration=47
Task=25 Chunk=1 Start=3229182684576 End=3229182828776 Duration=144200
Task=25 Chunk=2 Start=3229182828798 End=3229182913608 Duration=84810
Task=26 Chunk=0 Start=3229181030861 End=3229181030932 Duration=71
Task=26 Chunk=1 Start=3229182828786 End=3229182981691 Duration=152905
Task=26 Chunk=2 Start=3229182981709 End=3229183069496 Duration=87787
Task=27 Chunk=0 Start=3229181160379 End=3229181160447 Duration=68
Task=27 Chunk=1 Start=3229182981698 End=3229183116203 Duration=134505
Task=27 Chunk=2 Start=3229183116209 End=3229183203801 Duration=87592
Task=28 Chunk=0 Start=3229181290581 End=3229181290630 Duration=49
Task=28 Chunk=1 Start=3229183116209 End=3229183241274 Duration=125065
Task=28 Chunk=2 Start=3229183241298 End=3229183326903 Duration=85605
Task=29 Chunk=0 Start=3229181416839 End=3229181416909 Duration=70
Task=29 Chunk=1 Start=3229183241288 End=3229183372511 Duration=131223
Task=29 Chunk=2 Start=3229183372534 End=3229183459849 Duration=87315
Task=30 Chunk=0 Start=3229181562495 End=3229181562546 Duration=51
Task=30 Chunk=1 Start=3229183372516 End=3229183512387 Duration=139871
Task=30 Chunk=2 Start=3229183512402 End=3229183599226 Duration=86824
Task=31 Chunk=0 Start=3229181700199 End=3229181700264 Duration=65
Task=31 Chunk=1 Start=3229183512392 End=3229183653137 Duration=140745
Task=31 Chunk=2 Start=3229183653145 End=3229183740911 Duration=87766
Task=32 Chunk=0 Start=3229181834145 End=3229181834215 Duration=70
Task=32 Chunk=1 Start=3229183653144 End=3229183784287 Duration=131143
Task=32 Chunk=2 Start=3229183784305 End=3229183870443 Duration=86138
Task=33 Chunk=0 Start=3229181968582 End=3229181968631 Duration=49
Task=33 Chunk=1 Start=3229183784301 End=3229183926816 Duration=142515
Task=33 Chunk=2 Start=3229183926834 End=3229184012426 Duration=85592
Task=34 Chunk=0 Start=3229182099992 End=3229182100048 Duration=56
Task=34 Chunk=1 Start=3229183926825 End=3229184055771 Duration=128946
Task=34 Chunk=2 Start=3229184055799 End=3229184140546 Duration=84747
Task=35 Chunk=0 Start=3229182226406 End=3229182226458 Duration=52
Task=35 Chunk=1 Start=3229184055794 End=3229184191946 Duration=136152
Task=35 Chunk=2 Start=3229184191963 End=3229184278698 Duration=86735
Task=36 Chunk=0 Start=3229182363626 End=3229182363690 Duration=64
Task=36 Chunk=1 Start=3229184191952 End=3229184322366 Duration=130414
Task=36 Chunk=2 Start=3229184322385 End=3229184407956 Duration=85571
Task=37 Chunk=0 Start=3229182488692 End=3229182488765 Duration=73
Task=37 Chunk=1 Start=3229184322371 End=3229184447593 Duration=125222
Task=37 Chunk=2 Start=3229184447615 End=3229184532693 Duration=85078
Task=38 Chunk=0 Start=3229182636257 End=3229182636307 Duration=50
Task=38 Chunk=1 Start=3229184447599 End=3229184595388 Duration=147789
Task=38 Chunk=2 Start=3229184595414 End=3229184682080 Duration=86666
Task=39 Chunk=0 Start=3229182770030 End=3229182770096 Duration=66
Task=39 Chunk=1 Start=3229184595396 End=3229184727416 Duration=132020
Task=39 Chunk=2 Start=3229184727442 End=3229184812685 Duration=85243
Task=40 Chunk=0 Start=3229182913641 End=3229182913707 Duration=66
Task=40 Chunk=1 Start=3229184727433 End=3229184858829 Duration=131396
Task=40 Chunk=2 Start=3229184858867 End=3229184943909 Duration=85042
Task=41 Chunk=0 Start=3229183069509 End=3229183069559 Duration=50
Task=41 Chunk=1 Start=3229184858850 End=3229184989917 Duration=131067
Task=41 Chunk=2 Start=3229184989934 End=3229185076634 Duration=86700
Task=42 Chunk=0 Start=3229183203823 End=3229183203874 Duration=51
Task=42 Chunk=1 Start=3229184989929 End=3229185120911 Duration=130982
Task=42 Chunk=2 Start=3229185120928 End=3229185206351 Duration=85423
Task=43 Chunk=0 Start=3229183326942 End=3229183326998 Duration=56
Task=43 Chunk=1 Start=3229185120918 End=3229185248916 Duration=127998
Task=43 Chunk=2 Start=3229185248932 End=3229185335543 Duration=86611
Task=44 Chunk=0 Start=3229183459860 End=3229183459908 Duration=48
Task=44 Chunk=1 Start=3229185248923 End=3229185386884 Duration=137961
Task=44 Chunk=2 Start=3229185386904 End=3229185473374 Duration=86470
Task=45 Chunk=0 Start=3229183599244 End=3229183599296 Duration=52
Task=45 Chunk=1 Start=3229185386893 End=3229185514180 Duration=127287
Task=45 Chunk=2 Start=3229185514187 End=3229185601120 Duration=86933
Task=46 Chunk=0 Start=3229183740929 End=3229183740986 Duration=57
Task=46 Chunk=1 Start=3229185514185 End=3229185640135 Duration=125950
Task=46 Chunk=2 Start=3229185640158 End=3229185727205 Duration=87047
Task=47 Chunk=0 Start=3229183870463 End=3229183870514 Duration=51
Task=47 Chunk=1 Start=3229185640155 End=3229185777139 Duration=136984
Task=47 Chunk=2 Start=3229185777145 End=3229185863662 Duration=86517
Task=48 Chunk=0 Start=3229184012443 End=3229184012496 Duration=53
Task=48 Chunk=1 Start=3229185777144 End=3229185902667 Duration=125523
Task=48 Chunk=2 Start=3229185902693 End=3229185989170 Duration=86477
Task=49 Chunk=0 Start=3229184140579 End=3229184140647 Duration=68
Task=49 Chunk=1 Start=3229185902675 End=3229186037603 Duration=134928
Task=49 Chunk=2 Start=3229186037629 End=3229186123942 Duration=86313
Task=50 Chunk=0 Start=3229184278719 End=3229184278766 Duration=47
Task=50 Chunk=1 Start=3229186037618 End=3229186169567 Duration=131949
Task=50 Chunk=2 Start=3229186169581 End=3229186256079 Duration=86498
Task=51 Chunk=0 Start=3229184407970 End=3229184408018 Duration=48
Task=51 Chunk=1 Start=3229186169573 End=3229186307169 Duration=137596
Task=51 Chunk=2 Start=3229186307208 End=3229186393122 Duration=85914
Task=52 Chunk=0 Start=3229184532711 End=3229184532774 Duration=63
Task=52 Chunk=1 Start=3229186307194 End=3229186444030 Duration=136836
Task=52 Chunk=2 Start=3229186444050 End=3229186529488 Duration=85438
Task=53 Chunk=0 Start=3229184682095 End=3229184682144 Duration=49
Task=53 Chunk=1 Start=3229186444035 End=3229186585846 Duration=141811
Task=53 Chunk=2 Start=3229186585859 End=3229186671502 Duration=85643
Task=54 Chunk=0 Start=3229184812697 End=3229184812768 Duration=71
Task=54 Chunk=1 Start=3229186585859 End=3229186727188 Duration=141329
Task=54 Chunk=2 Start=3229186727227 End=3229186812191 Duration=84964
Task=55 Chunk=0 Start=3229184943930 End=3229184943978 Duration=48
Task=55 Chunk=1 Start=3229186727208 End=3229186859695 Duration=132487
Task=55 Chunk=2 Start=3229186859719 End=3229186944654 Duration=84935
Task=56 Chunk=0 Start=3229185076651 End=3229185076713 Duration=62
Task=56 Chunk=1 Start=3229186859702 End=3229187002038 Duration=142336
Task=56 Chunk=2 Start=3229187002049 End=3229187088255 Duration=86206
Task=57 Chunk=0 Start=3229185206380 End=3229185206433 Duration=53
Task=57 Chunk=1 Start=3229187002047 End=3229187128433 Duration=126386
Task=57 Chunk=2 Start=3229187128457 End=3229187215060 Duration=86603
Task=58 Chunk=0 Start=3229185335577 End=3229185335642 Duration=65
Task=58 Chunk=1 Start=3229187128441 End=3229187264191 Duration=135750
Task=58 Chunk=2 Start=3229187264213 End=3229187350622 Duration=86409
Task=59 Chunk=0 Start=3229185473389 End=3229185473439 Duration=50
Task=59 Chunk=1 Start=3229187264212 End=3229187395283 Duration=131071
Task=59 Chunk=2 Start=3229187395292 End=3229187481200 Duration=85908
Task=60 Chunk=0 Start=3229185601144 End=3229185601204 Duration=60
Task=60 Chunk=1 Start=3229187395290 End=3229187524196 Duration=128906
Task=60 Chunk=2 Start=3229187524212 End=3229187611355 Duration=87143
Task=61 Chunk=0 Start=3229185727232 End=3229185727273 Duration=41
Task=61 Chunk=1 Start=3229187524200 End=3229187658042 Duration=133842
Task=61 Chunk=2 Start=3229187658062 End=3229187744376 Duration=86314
Task=62 Chunk=0 Start=3229185863682 End=3229185863729 Duration=47
Task=62 Chunk=1 Start=3229187658047 End=3229187791218 Duration=133171
Task=62 Chunk=2 Start=3229187791227 End=3229187878660 Duration=87433
Task=63 Chunk=0 Start=3229185989196 End=3229185989244 Duration=48
Task=63 Chunk=1 Start=3229187791223 End=3229187923801 Duration=132578
Task=63 Chunk=2 Start=3229187923818 End=3229188011007 Duration=87189
Task=64 Chunk=0 Start=3229186123963 End=3229186124010 Duration=47
Task=64 Chunk=1 Start=3229187923807 End=3229188054447 Duration=130640
Task=64 Chunk=2 Start=3229188054469 End=3229188140657 Duration=86188
Task=65 Chunk=0 Start=3229186256101 End=3229186256155 Duration=54
Task=65 Chunk=1 Start=3229188054467 End=3229188191075 Duration=136608
Task=65 Chunk=2 Start=3229188191083 End=3229188276937 Duration=85854
Task=66 Chunk=0 Start=3229186393154 End=3229186393199 Duration=45
Task=66 Chunk=1 Start=3229188191080 End=3229188315874 Duration=124794
Task=66 Chunk=2 Start=3229188315888 End=3229188401485 Duration=85597
Task=67 Chunk=0 Start=3229186529520 End=3229186529567 Duration=47
Task=67 Chunk=1 Start=3229188315879 End=3229188447469 Duration=131590
Task=67 Chunk=2 Start=3229188447495 End=3229188533621 Duration=86126
Task=68 Chunk=0 Start=3229186671531 End=3229186671583 Duration=52
Task=68 Chunk=1 Start=3229188447475 End=3229188581865 Duration=134390
Task=68 Chunk=2 Start=3229188581893 End=3229188666672 Duration=84779
Task=69 Chunk=0 Start=3229186812235 End=3229186812282 Duration=47
Task=69 Chunk=1 Start=3229188581880 End=3229188734523 Duration=152643
Task=69 Chunk=2 Start=3229188734530 End=3229188820342 Duration=85812
Task=70 Chunk=0 Start=3229186944686 End=3229186944759 Duration=73
Task=70 Chunk=1 Start=3229188734529 End=3229188860407 Duration=125878
Task=70 Chunk=2 Start=3229188860419 End=3229188947754 Duration=87335
Task=71 Chunk=0 Start=3229187088265 End=3229187088317 Duration=52
Task=71 Chunk=1 Start=3229188860413 End=3229188994997 Duration=134584
Task=71 Chunk=2 Start=3229188995014 End=3229189082798 Duration=87784
Task=72 Chunk=0 Start=3229187215076 End=3229187215143 Duration=67
Task=72 Chunk=1 Start=3229188995002 End=3229189126734 Duration=131732
Task=72 Chunk=2 Start=3229189126781 End=3229189212700 Duration=85919
Task=73 Chunk=0 Start=3229187350639 End=3229187350700 Duration=61
Task=73 Chunk=1 Start=3229189126766 End=3229189262297 Duration=135531
Task=73 Chunk=2 Start=3229189262308 End=3229189349476 Duration=87168
Task=74 Chunk=0 Start=3229187481218 End=3229187481272 Duration=54
Task=74 Chunk=1 Start=3229189262304 End=3229189389818 Duration=127514
Task=74 Chunk=2 Start=3229189389831 End=3229189476016 Duration=86185
Task=75 Chunk=0 Start=3229187611369 End=3229187611421 Duration=52
Task=75 Chunk=1 Start=3229189389828 End=3229189521326 Duration=131498
Task=75 Chunk=2 Start=3229189521360 End=3229189608079 Duration=86719
Task=76 Chunk=0 Start=3229187744388 End=3229187744454 Duration=66
Task=76 Chunk=1 Start=3229189521347 End=3229189647559 Duration=126212
Task=76 Chunk=2 Start=3229189647580 End=3229189733327 Duration=85747
Task=77 Chunk=0 Start=3229187878668 End=3229187878734 Duration=66
Task=77 Chunk=1 Start=3229189647577 End=3229189814309 Duration=166732
Task=77 Chunk=2 Start=3229189814341 End=3229189901261 Duration=86920
Task=78 Chunk=0 Start=3229188011020 End=3229188011083 Duration=63
Task=78 Chunk=1 Start=3229189814324 End=3229189950086 Duration=135762
Task=78 Chunk=2 Start=3229189950119 End=3229190036322 Duration=86203
Task=79 Chunk=0 Start=3229188140667 End=3229188140715 Duration=48
Task=79 Chunk=1 Start=3229189950107 End=3229190079881 Duration=129774
Task=79 Chunk=2 Start=3229190079896 End=3229190166447 Duration=86551
Task=80 Chunk=0 Start=3229188276953 End=3229188277000 Duration=47
Task=80 Chunk=1 Start=3229190079895 End=3229190215073 Duration=135178
Task=80 Chunk=2 Start=3229190215100 End=3229190300957 Duration=85857
Task=81 Chunk=0 Start=3229188401514 End=3229188401563 Duration=49
Task=81 Chunk=1 Start=3229190215098 End=3229190350593 Duration=135495
Task=81 Chunk=2 Start=3229190350616 End=3229190435910 Duration=85294
Task=82 Chunk=0 Start=3229188533640 End=3229188533698 Duration=58
Task=82 Chunk=1 Start=3229190350607 End=3229190491293 Duration=140686
Task=82 Chunk=2 Start=3229190491318 End=3229190577148 Duration=85830
Task=83 Chunk=0 Start=3229188666684 End=3229188666757 Duration=73
Task=83 Chunk=1 Start=3229190491313 End=3229190622903 Duration=131590
Task=83 Chunk=2 Start=3229190622929 End=3229190709251 Duration=86322
Task=84 Chunk=0 Start=3229188820358 End=3229188820414 Duration=56
Task=84 Chunk=1 Start=3229190622910 End=3229190769456 Duration=146546
Task=84 Chunk=2 Start=3229190769482 End=3229190855712 Duration=86230
Task=85 Chunk=0 Start=3229188947773 End=3229188947835 Duration=62
Task=85 Chunk=1 Start=3229190769462 End=3229190912693 Duration=143231
Task=85 Chunk=2 Start=3229190912712 End=3229190998141 Duration=85429
Task=86 Chunk=0 Start=3229189082811 End=3229189082859 Duration=48
Task=86 Chunk=1 Start=3229190912703 End=3229191049456 Duration=136753
Task=86 Chunk=2 Start=3229191049474 End=3229191137525 Duration=88051
Task=87 Chunk=0 Start=3229189212720 End=3229189212770 Duration=50
Task=87 Chunk=1 Start=3229191049462 End=3229191189620 Duration=140158
Task=87 Chunk=2 Start=3229191189637 End=3229191276239 Duration=86602
Task=88 Chunk=0 Start=3229189349490 End=3229189349559 Duration=69
Task=88 Chunk=1 Start=3229191189635 End=3229191314725 Duration=125090
Task=88 Chunk=2 Start=3229191314736 End=3229191401331 Duration=86595
Task=89 Chunk=0 Start=3229189476026 End=3229189476078 Duration=52
Task=89 Chunk=1 Start=3229191314736 End=3229191443836 Duration=129100
Task=89 Chunk=2 Start=3229191443886 End=3229191529546 Duration=85660
Task=90 Chunk=0 Start=3229189608099 End=3229189608147 Duration=48
Task=90 Chunk=1 Start=3229191443875 End=3229191581006 Duration=137131
Task=90 Chunk=2 Start=3229191581034 End=3229191667281 Duration=86247
Task=91 Chunk=0 Start=3229189733337 End=3229189733397 Duration=60
Task=91 Chunk=1 Start=3229191581019 End=3229191706322 Duration=125303
Task=91 Chunk=2 Start=3229191706356 End=3229191793577 Duration=87221
Task=92 Chunk=0 Start=3229189901277 End=3229189901343 Duration=66
Task=92 Chunk=1 Start=3229191706356 End=3229191854280 Duration=147924
Task=92 Chunk=2 Start=3229191854301 End=3229191941657 Duration=87356
Task=93 Chunk=0 Start=3229190036344 End=3229190036408 Duration=64
Task=93 Chunk=1 Start=3229191854310 End=3229191987322 Duration=133012
Task=93 Chunk=2 Start=3229191987360 End=3229192073900 Duration=86540
Task=94 Chunk=0 Start=3229190166461 End=3229190166516 Duration=55
Task=94 Chunk=1 Start=3229191987353 End=3229192120576 Duration=133223
Task=94 Chunk=2 Start=3229192120607 End=3229192205417 Duration=84810
Task=95 Chunk=0 Start=3229190300973 End=3229190301025 Duration=52
Task=95 Chunk=1 Start=3229192120594 End=3229192260016 Duration=139422
Task=95 Chunk=2 Start=3229192260060 End=3229192346256 Duration=86196
Task=96 Chunk=0 Start=3229190435945 End=3229190435995 Duration=50
Task=96 Chunk=1 Start=3229192260069 End=3229192384655 Duration=124586
Task=96 Chunk=2 Start=3229192384686 End=3229192472257 Duration=87571
Task=97 Chunk=0 Start=3229190577177 End=3229190577230 Duration=53
Task=97 Chunk=1 Start=3229192384681 End=3229192519091 Duration=134410
Task=97 Chunk=2 Start=3229192519099 End=3229192604485 Duration=85386
Task=98 Chunk=0 Start=3229190709268 End=3229190709318 Duration=50
Task=98 Chunk=1 Start=3229192519111 End=3229192654539 Duration=135428
Task=98 Chunk=2 Start=3229192654562 End=3229192740022 Duration=85460
Task=99 Chunk=0 Start=3229190855729 End=3229190855796 Duration=67
Task=99 Chunk=1 Start=3229192654547 End=3229192779929 Duration=125382
Task=99 Chunk=2 Start=3229192779963 End=3229192865344 Duration=85381
### Python End ###

--------------------------------
[2025-06-26 18:30:25.769] [info] Available Vulkan Layers:
[2025-06-26 18:30:25.769] [warning] Validation layer requested but not available, continuing without it...
[2025-06-26 18:30:25.773] [info] Using integrated GPU: Adreno (TM) 740
### Python Begin ###
Schedule_UID=SCH-G4B5-G235-8bda
Frequency=19200000 Hz
Task=0 Chunk=0 Start=3229209923021 End=3229210268186 Duration=345165
Task=0 Chunk=1 Start=3229210268193 End=3229210608963 Duration=340770
Task=1 Chunk=0 Start=3229210268187 End=3229210425488 Duration=157301
Task=1 Chunk=1 Start=3229210608963 End=3229210838638 Duration=229675
Task=2 Chunk=0 Start=3229210425499 End=3229210575783 Duration=150284
Task=2 Chunk=1 Start=3229210838639 End=3229211067516 Duration=228877
Task=3 Chunk=0 Start=3229210575793 End=3229210725281 Duration=149488
Task=3 Chunk=1 Start=3229211067517 End=3229211297175 Duration=229658
Task=4 Chunk=0 Start=3229210725290 End=3229210887572 Duration=162282
Task=4 Chunk=1 Start=3229211297176 End=3229211525858 Duration=228682
Task=5 Chunk=0 Start=3229210887578 End=3229211042285 Duration=154707
Task=5 Chunk=1 Start=3229211525859 End=3229211756379 Duration=230520
Task=6 Chunk=0 Start=3229211042291 End=3229211194477 Duration=152186
Task=6 Chunk=1 Start=3229211756380 End=3229211986044 Duration=229664
Task=7 Chunk=0 Start=3229211194482 End=3229211347936 Duration=153454
Task=7 Chunk=1 Start=3229211986045 End=3229212216679 Duration=230634
Task=8 Chunk=0 Start=3229211347943 End=3229211507789 Duration=159846
Task=8 Chunk=1 Start=3229212216681 End=3229212446083 Duration=229402
Task=9 Chunk=0 Start=3229211507796 End=3229211731475 Duration=223679
Task=9 Chunk=1 Start=3229212446084 End=3229212675175 Duration=229091
Task=10 Chunk=0 Start=3229211731495 End=3229211902401 Duration=170906
Task=10 Chunk=1 Start=3229212675176 End=3229212905037 Duration=229861
Task=11 Chunk=0 Start=3229211902416 End=3229212058959 Duration=156543
Task=11 Chunk=1 Start=3229212905038 End=3229213134658 Duration=229620
Task=12 Chunk=0 Start=3229212058972 End=3229212213527 Duration=154555
Task=12 Chunk=1 Start=3229213134660 End=3229213364177 Duration=229517
Task=13 Chunk=0 Start=3229212213540 End=3229212383727 Duration=170187
Task=13 Chunk=1 Start=3229213364178 End=3229213593720 Duration=229542
Task=14 Chunk=0 Start=3229212383736 End=3229212542252 Duration=158516
Task=14 Chunk=1 Start=3229213593721 End=3229213823716 Duration=229995
Task=15 Chunk=0 Start=3229212542262 End=3229212701673 Duration=159411
Task=15 Chunk=1 Start=3229213823717 End=3229214052534 Duration=228817
Task=16 Chunk=0 Start=3229212701685 End=3229212852912 Duration=151227
Task=16 Chunk=1 Start=3229214052534 End=3229214281273 Duration=228739
Task=17 Chunk=0 Start=3229212852925 End=3229213015924 Duration=162999
Task=17 Chunk=1 Start=3229214281274 End=3229214510576 Duration=229302
Task=18 Chunk=0 Start=3229213015941 End=3229213173552 Duration=157611
Task=18 Chunk=1 Start=3229214510577 End=3229214740123 Duration=229546
Task=19 Chunk=0 Start=3229213173565 End=3229213332318 Duration=158753
Task=19 Chunk=1 Start=3229214740124 End=3229214971176 Duration=231052
Task=20 Chunk=0 Start=3229213332331 End=3229213496911 Duration=164580
Task=20 Chunk=1 Start=3229214971176 End=3229215200997 Duration=229821
Task=21 Chunk=0 Start=3229213496923 End=3229213662059 Duration=165136
Task=21 Chunk=1 Start=3229215201002 End=3229215430864 Duration=229862
Task=22 Chunk=0 Start=3229213662070 End=3229213826057 Duration=163987
Task=22 Chunk=1 Start=3229215430865 End=3229215660805 Duration=229940
Task=23 Chunk=0 Start=3229213826066 End=3229213984712 Duration=158646
Task=23 Chunk=1 Start=3229215660806 End=3229215890406 Duration=229600
Task=24 Chunk=0 Start=3229213984721 End=3229214145255 Duration=160534
Task=24 Chunk=1 Start=3229215890407 End=3229216119485 Duration=229078
Task=25 Chunk=0 Start=3229214145261 End=3229214302434 Duration=157173
Task=25 Chunk=1 Start=3229216119492 End=3229216349161 Duration=229669
Task=26 Chunk=0 Start=3229214302439 End=3229214474461 Duration=172022
Task=26 Chunk=1 Start=3229216349162 End=3229216578274 Duration=229112
Task=27 Chunk=0 Start=3229214474471 End=3229214631211 Duration=156740
Task=27 Chunk=1 Start=3229216578275 End=3229216809428 Duration=231153
Task=28 Chunk=0 Start=3229214631219 End=3229214781464 Duration=150245
Task=28 Chunk=1 Start=3229216809428 End=3229217039124 Duration=229696
Task=29 Chunk=0 Start=3229214781472 End=3229214937284 Duration=155812
Task=29 Chunk=1 Start=3229217039125 End=3229217269067 Duration=229942
Task=30 Chunk=0 Start=3229214937298 End=3229215094710 Duration=157412
Task=30 Chunk=1 Start=3229217269068 End=3229217497918 Duration=228850
Task=31 Chunk=0 Start=3229215094722 End=3229215273605 Duration=178883
Task=31 Chunk=1 Start=3229217497920 End=3229217730045 Duration=232125
Task=32 Chunk=0 Start=3229215273632 End=3229215456961 Duration=183329
Task=32 Chunk=1 Start=3229217730046 End=3229217960401 Duration=230355
Task=33 Chunk=0 Start=3229215456975 End=3229215617197 Duration=160222
Task=33 Chunk=1 Start=3229217960402 End=3229218190279 Duration=229877
Task=34 Chunk=0 Start=3229215617215 End=3229215773700 Duration=156485
Task=34 Chunk=1 Start=3229218190280 End=3229218430161 Duration=239881
Task=35 Chunk=0 Start=3229215773708 End=3229215930186 Duration=156478
Task=35 Chunk=1 Start=3229218430162 End=3229218646757 Duration=216595
Task=36 Chunk=0 Start=3229215930200 End=3229216089293 Duration=159093
Task=36 Chunk=1 Start=3229218646758 End=3229218877578 Duration=230820
Task=37 Chunk=0 Start=3229216089301 End=3229216239963 Duration=150662
Task=37 Chunk=1 Start=3229218877583 End=3229219105455 Duration=227872
Task=38 Chunk=0 Start=3229216239970 End=3229216398837 Duration=158867
Task=38 Chunk=1 Start=3229219105456 End=3229219334139 Duration=228683
Task=39 Chunk=0 Start=3229216398858 End=3229216569024 Duration=170166
Task=39 Chunk=1 Start=3229219334143 End=3229219563442 Duration=229299
Task=40 Chunk=0 Start=3229216569032 End=3229216724094 Duration=155062
Task=40 Chunk=1 Start=3229219563443 End=3229219792106 Duration=228663
Task=41 Chunk=0 Start=3229216724101 End=3229216888952 Duration=164851
Task=41 Chunk=1 Start=3229219792107 End=3229220021297 Duration=229190
Task=42 Chunk=0 Start=3229216888956 End=3229217049076 Duration=160120
Task=42 Chunk=1 Start=3229220021298 End=3229220251303 Duration=230005
Task=43 Chunk=0 Start=3229217049082 End=3229217216689 Duration=167607
Task=43 Chunk=1 Start=3229220251305 End=3229220482350 Duration=231045
Task=44 Chunk=0 Start=3229217269142 End=3229217433789 Duration=164647
Task=44 Chunk=1 Start=3229220482351 End=3229220711136 Duration=228785
Task=45 Chunk=0 Start=3229217497937 End=3229217655937 Duration=158000
Task=45 Chunk=1 Start=3229220711137 End=3229220942737 Duration=231600
Task=46 Chunk=0 Start=3229217730080 End=3229217888086 Duration=158006
Task=46 Chunk=1 Start=3229220942738 End=3229221171233 Duration=228495
Task=47 Chunk=0 Start=3229217960512 End=3229218115001 Duration=154489
Task=47 Chunk=1 Start=3229221171233 End=3229221401699 Duration=230466
Task=48 Chunk=0 Start=3229218190426 End=3229218345222 Duration=154796
Task=48 Chunk=1 Start=3229221401699 End=3229221630232 Duration=228533
Task=49 Chunk=0 Start=3229218430269 End=3229218587655 Duration=157386
Task=49 Chunk=1 Start=3229221630233 End=3229221859318 Duration=229085
Task=50 Chunk=0 Start=3229218646801 End=3229218804278 Duration=157477
Task=50 Chunk=1 Start=3229221859319 End=3229222087042 Duration=227723
Task=51 Chunk=0 Start=3229218877724 End=3229219032096 Duration=154372
Task=51 Chunk=1 Start=3229222087044 End=3229222317670 Duration=230626
Task=52 Chunk=0 Start=3229219110317 End=3229219266362 Duration=156045
Task=52 Chunk=1 Start=3229222317671 End=3229222546097 Duration=228426
Task=53 Chunk=0 Start=3229219334201 End=3229219487941 Duration=153740
Task=53 Chunk=1 Start=3229222546101 End=3229222775177 Duration=229076
Task=54 Chunk=0 Start=3229219563519 End=3229219716767 Duration=153248
Task=54 Chunk=1 Start=3229222775178 End=3229223002902 Duration=227724
Task=55 Chunk=0 Start=3229219792241 End=3229219949141 Duration=156900
Task=55 Chunk=1 Start=3229223002902 End=3229223232132 Duration=229230
Task=56 Chunk=0 Start=3229220021433 End=3229220180366 Duration=158933
Task=56 Chunk=1 Start=3229223232133 End=3229223460822 Duration=228689
Task=57 Chunk=0 Start=3229220251339 End=3229220406529 Duration=155190
Task=57 Chunk=1 Start=3229223460823 End=3229223691505 Duration=230682
Task=58 Chunk=0 Start=3229220482501 End=3229220638559 Duration=156058
Task=58 Chunk=1 Start=3229223691506 End=3229223921790 Duration=230284
Task=59 Chunk=0 Start=3229220711278 End=3229220868412 Duration=157134
Task=59 Chunk=1 Start=3229223921791 End=3229224150779 Duration=228988
Task=60 Chunk=0 Start=3229220942763 End=3229221110316 Duration=167553
Task=60 Chunk=1 Start=3229224150780 End=3229224380341 Duration=229561
Task=61 Chunk=0 Start=3229221171314 End=3229221329962 Duration=158648
Task=61 Chunk=1 Start=3229224380343 End=3229224609373 Duration=229030
Task=62 Chunk=0 Start=3229221401855 End=3229221565356 Duration=163501
Task=62 Chunk=1 Start=3229224609374 End=3229224838864 Duration=229490
Task=63 Chunk=0 Start=3229221630341 End=3229221789078 Duration=158737
Task=63 Chunk=1 Start=3229224838865 End=3229225067463 Duration=228598
Task=64 Chunk=0 Start=3229221859363 End=3229222011023 Duration=151660
Task=64 Chunk=1 Start=3229225067464 End=3229225297105 Duration=229641
Task=65 Chunk=0 Start=3229222087112 End=3229222249647 Duration=162535
Task=65 Chunk=1 Start=3229225297106 End=3229225525611 Duration=228505
Task=66 Chunk=0 Start=3229222317774 End=3229222472797 Duration=155023
Task=66 Chunk=1 Start=3229225525612 End=3229225734233 Duration=208621
Task=67 Chunk=0 Start=3229222546128 End=3229222707351 Duration=161223
Task=67 Chunk=1 Start=3229225734242 End=3229225916696 Duration=182454
Task=68 Chunk=0 Start=3229222775309 End=3229222929492 Duration=154183
Task=68 Chunk=1 Start=3229225916697 End=3229226147367 Duration=230670
Task=69 Chunk=0 Start=3229223002972 End=3229223163033 Duration=160061
Task=69 Chunk=1 Start=3229226147369 End=3229226376031 Duration=228662
Task=70 Chunk=0 Start=3229223232260 End=3229223387729 Duration=155469
Task=70 Chunk=1 Start=3229226376035 End=3229226605254 Duration=229219
Task=71 Chunk=0 Start=3229223463116 End=3229223620674 Duration=157558
Task=71 Chunk=1 Start=3229226605259 End=3229226834683 Duration=229424
Task=72 Chunk=0 Start=3229223691623 End=3229223845683 Duration=154060
Task=72 Chunk=1 Start=3229226834687 End=3229227064358 Duration=229671
Task=73 Chunk=0 Start=3229223921847 End=3229224080402 Duration=158555
Task=73 Chunk=1 Start=3229227064361 End=3229227293117 Duration=228756
Task=74 Chunk=0 Start=3229224150911 End=3229224305922 Duration=155011
Task=74 Chunk=1 Start=3229227293120 End=3229227522173 Duration=229053
Task=75 Chunk=0 Start=3229224380387 End=3229224538943 Duration=158556
Task=75 Chunk=1 Start=3229227522175 End=3229227751413 Duration=229238
Task=76 Chunk=0 Start=3229224609421 End=3229224764872 Duration=155451
Task=76 Chunk=1 Start=3229227751415 End=3229227980890 Duration=229475
Task=77 Chunk=0 Start=3229224838910 End=3229224990767 Duration=151857
Task=77 Chunk=1 Start=3229227980892 End=3229228211712 Duration=230820
Task=78 Chunk=0 Start=3229225067483 End=3229225222808 Duration=155325
Task=78 Chunk=1 Start=3229228211713 End=3229228440581 Duration=228868
Task=79 Chunk=0 Start=3229225297123 End=3229225450095 Duration=152972
Task=79 Chunk=1 Start=3229228440583 End=3229228670040 Duration=229457
Task=80 Chunk=0 Start=3229225525758 End=3229225706623 Duration=180865
Task=80 Chunk=1 Start=3229228670041 End=3229228898826 Duration=228785
Task=81 Chunk=0 Start=3229225734392 End=3229225909176 Duration=174784
Task=81 Chunk=1 Start=3229228898827 End=3229229128701 Duration=229874
Task=82 Chunk=0 Start=3229225916849 End=3229226089699 Duration=172850
Task=82 Chunk=1 Start=3229229128702 End=3229229359938 Duration=231236
Task=83 Chunk=0 Start=3229226147523 End=3229226304016 Duration=156493
Task=83 Chunk=1 Start=3229229359939 End=3229229592118 Duration=232179
Task=84 Chunk=0 Start=3229226376090 End=3229226529695 Duration=153605
Task=84 Chunk=1 Start=3229229592119 End=3229229821409 Duration=229290
Task=85 Chunk=0 Start=3229226605424 End=3229226765938 Duration=160514
Task=85 Chunk=1 Start=3229229821410 End=3229230052082 Duration=230672
Task=86 Chunk=0 Start=3229226834700 End=3229226983360 Duration=148660
Task=86 Chunk=1 Start=3229230052083 End=3229230283282 Duration=231199
Task=87 Chunk=0 Start=3229227064422 End=3229227213771 Duration=149349
Task=87 Chunk=1 Start=3229230283283 End=3229230513388 Duration=230105
Task=88 Chunk=0 Start=3229227293235 End=3229227441736 Duration=148501
Task=88 Chunk=1 Start=3229230513390 End=3229230743922 Duration=230532
Task=89 Chunk=0 Start=3229227522186 End=3229227671173 Duration=148987
Task=89 Chunk=1 Start=3229230743923 End=3229230974645 Duration=230722
Task=90 Chunk=0 Start=3229227751457 End=3229227923775 Duration=172318
Task=90 Chunk=1 Start=3229230974646 End=3229231204100 Duration=229454
Task=91 Chunk=0 Start=3229227980988 End=3229228138157 Duration=157169
Task=91 Chunk=1 Start=3229231204101 End=3229231433472 Duration=229371
Task=92 Chunk=0 Start=3229228211831 End=3229228366322 Duration=154491
Task=92 Chunk=1 Start=3229231433473 End=3229231664417 Duration=230944
Task=93 Chunk=0 Start=3229228440595 End=3229228594859 Duration=154264
Task=93 Chunk=1 Start=3229231664418 End=3229231894513 Duration=230095
Task=94 Chunk=0 Start=3229228670115 End=3229228821935 Duration=151820
Task=94 Chunk=1 Start=3229231894515 End=3229232122054 Duration=227539
Task=95 Chunk=0 Start=3229228898946 End=3229229058217 Duration=159271
Task=95 Chunk=1 Start=3229232122055 End=3229232349638 Duration=227583
Task=96 Chunk=0 Start=3229229128729 End=3229229284493 Duration=155764
Task=96 Chunk=1 Start=3229232349638 End=3229232576147 Duration=226509
Task=97 Chunk=0 Start=3229229360015 End=3229229514911 Duration=154896
Task=97 Chunk=1 Start=3229232576148 End=3229232803542 Duration=227394
Task=98 Chunk=0 Start=3229229592255 End=3229229749822 Duration=157567
Task=98 Chunk=1 Start=3229232803542 End=3229233032142 Duration=228600
Task=99 Chunk=0 Start=3229229821506 End=3229229974779 Duration=153273
Task=99 Chunk=1 Start=3229233032143 End=3229233259312 Duration=227169
### Python End ###

--------------------------------
[2025-06-26 18:30:27.882] [info] Available Vulkan Layers:
[2025-06-26 18:30:27.882] [warning] Validation layer requested but not available, continuing without it...
[2025-06-26 18:30:27.886] [info] Using integrated GPU: Adreno (TM) 740
### Python Begin ###
Schedule_UID=SCH-G4L1M4-G239-e03d
Frequency=19200000 Hz
Task=0 Chunk=0 Start=3229250299653 End=3229250654676 Duration=355023
Task=0 Chunk=1 Start=3229250654696 End=3229250680011 Duration=25315
Task=0 Chunk=2 Start=3229250680034 End=3229250808032 Duration=127998
Task=1 Chunk=0 Start=3229250654678 End=3229250784778 Duration=130100
Task=1 Chunk=1 Start=3229250784790 End=3229250785273 Duration=483
Task=1 Chunk=2 Start=3229250808041 End=3229250936543 Duration=128502
Task=2 Chunk=0 Start=3229250784779 End=3229250909807 Duration=125028
Task=2 Chunk=1 Start=3229250909832 End=3229250913571 Duration=3739
Task=2 Chunk=2 Start=3229250936544 End=3229251062051 Duration=125507
Task=3 Chunk=0 Start=3229250909808 End=3229251035620 Duration=125812
Task=3 Chunk=1 Start=3229251035686 End=3229251036024 Duration=338
Task=3 Chunk=2 Start=3229251062054 End=3229251186350 Duration=124296
Task=4 Chunk=0 Start=3229251035621 End=3229251161384 Duration=125763
Task=4 Chunk=1 Start=3229251161436 End=3229251161804 Duration=368
Task=4 Chunk=2 Start=3229251186350 End=3229251311689 Duration=125339
Task=5 Chunk=0 Start=3229251161387 End=3229251286893 Duration=125506
Task=5 Chunk=1 Start=3229251286909 End=3229251287440 Duration=531
Task=5 Chunk=2 Start=3229251311690 End=3229251437344 Duration=125654
Task=6 Chunk=0 Start=3229251286895 End=3229251416479 Duration=129584
Task=6 Chunk=1 Start=3229251416699 End=3229251417347 Duration=648
Task=6 Chunk=2 Start=3229251437345 End=3229251561270 Duration=123925
Task=7 Chunk=0 Start=3229251416481 End=3229251544950 Duration=128469
Task=7 Chunk=1 Start=3229251545006 End=3229251545506 Duration=500
Task=7 Chunk=2 Start=3229251561271 End=3229251686931 Duration=125660
Task=8 Chunk=0 Start=3229251544954 End=3229251674164 Duration=129210
Task=8 Chunk=1 Start=3229251674247 End=3229251674773 Duration=526
Task=8 Chunk=2 Start=3229251686935 End=3229251811736 Duration=124801
Task=9 Chunk=0 Start=3229251674166 End=3229251802208 Duration=128042
Task=9 Chunk=1 Start=3229251802271 End=3229251802827 Duration=556
Task=9 Chunk=2 Start=3229251811737 End=3229251935838 Duration=124101
Task=10 Chunk=0 Start=3229251802212 End=3229251929919 Duration=127707
Task=10 Chunk=1 Start=3229251929989 End=3229251930532 Duration=543
Task=10 Chunk=2 Start=3229251935839 End=3229252061451 Duration=125612
Task=11 Chunk=0 Start=3229251929921 End=3229252057854 Duration=127933
Task=11 Chunk=1 Start=3229252057896 End=3229252058443 Duration=547
Task=11 Chunk=2 Start=3229252061451 End=3229252185893 Duration=124442
Task=12 Chunk=0 Start=3229252057856 End=3229252187315 Duration=129459
Task=12 Chunk=1 Start=3229252187344 End=3229252187908 Duration=564
Task=12 Chunk=2 Start=3229252187927 End=3229252316201 Duration=128274
Task=13 Chunk=0 Start=3229252187317 End=3229252320887 Duration=133570
Task=13 Chunk=1 Start=3229252320905 End=3229252321438 Duration=533
Task=13 Chunk=2 Start=3229252321449 End=3229252446941 Duration=125492
Task=14 Chunk=0 Start=3229252320889 End=3229252448467 Duration=127578
Task=14 Chunk=1 Start=3229252448508 End=3229252449048 Duration=540
Task=14 Chunk=2 Start=3229252449064 End=3229252573562 Duration=124498
Task=15 Chunk=0 Start=3229252448469 End=3229252578470 Duration=130001
Task=15 Chunk=1 Start=3229252578883 End=3229252579452 Duration=569
Task=15 Chunk=2 Start=3229252579468 End=3229252706468 Duration=127000
Task=16 Chunk=0 Start=3229252578472 End=3229252709767 Duration=131295
Task=16 Chunk=1 Start=3229252709835 End=3229252710364 Duration=529
Task=16 Chunk=2 Start=3229252710374 End=3229252836385 Duration=126011
Task=17 Chunk=0 Start=3229252709771 End=3229252839539 Duration=129768
Task=17 Chunk=1 Start=3229252839587 End=3229252840169 Duration=582
Task=17 Chunk=2 Start=3229252840176 End=3229252965001 Duration=124825
Task=18 Chunk=0 Start=3229252839541 End=3229252968053 Duration=128512
Task=18 Chunk=1 Start=3229252968102 End=3229252968662 Duration=560
Task=18 Chunk=2 Start=3229252968674 End=3229253092429 Duration=123755
Task=19 Chunk=0 Start=3229252968055 End=3229253096158 Duration=128103
Task=19 Chunk=1 Start=3229253096167 End=3229253096683 Duration=516
Task=19 Chunk=2 Start=3229253096699 End=3229253222194 Duration=125495
Task=20 Chunk=0 Start=3229253096160 End=3229253223745 Duration=127585
Task=20 Chunk=1 Start=3229253223815 End=3229253224376 Duration=561
Task=20 Chunk=2 Start=3229253224394 End=3229253349555 Duration=125161
Task=21 Chunk=0 Start=3229253223747 End=3229253352246 Duration=128499
Task=21 Chunk=1 Start=3229253352319 End=3229253352904 Duration=585
Task=21 Chunk=2 Start=3229253352925 End=3229253477236 Duration=124311
Task=22 Chunk=0 Start=3229253352252 End=3229253481495 Duration=129243
Task=22 Chunk=1 Start=3229253481522 End=3229253482050 Duration=528
Task=22 Chunk=2 Start=3229253482071 End=3229253607441 Duration=125370
Task=23 Chunk=0 Start=3229253481499 End=3229253608667 Duration=127168
Task=23 Chunk=1 Start=3229253608696 End=3229253609211 Duration=515
Task=23 Chunk=2 Start=3229253609230 End=3229253734933 Duration=125703
Task=24 Chunk=0 Start=3229253608669 End=3229253736959 Duration=128290
Task=24 Chunk=1 Start=3229253736994 End=3229253737564 Duration=570
Task=24 Chunk=2 Start=3229253737582 End=3229253861196 Duration=123614
Task=25 Chunk=0 Start=3229253736961 End=3229253864372 Duration=127411
Task=25 Chunk=1 Start=3229253864423 End=3229253864934 Duration=511
Task=25 Chunk=2 Start=3229253864941 End=3229253990524 Duration=125583
Task=26 Chunk=0 Start=3229253864375 End=3229253992834 Duration=128459
Task=26 Chunk=1 Start=3229253992918 End=3229253993420 Duration=502
Task=26 Chunk=2 Start=3229253993429 End=3229254118639 Duration=125210
Task=27 Chunk=0 Start=3229253992838 End=3229254119743 Duration=126905
Task=27 Chunk=1 Start=3229254119786 End=3229254120343 Duration=557
Task=27 Chunk=2 Start=3229254120358 End=3229254244433 Duration=124075
Task=28 Chunk=0 Start=3229254119744 End=3229254246286 Duration=126542
Task=28 Chunk=1 Start=3229254246322 End=3229254246860 Duration=538
Task=28 Chunk=2 Start=3229254246886 End=3229254372111 Duration=125225
Task=29 Chunk=0 Start=3229254246288 End=3229254380121 Duration=133833
Task=29 Chunk=1 Start=3229254380192 End=3229254380730 Duration=538
Task=29 Chunk=2 Start=3229254380739 End=3229254506247 Duration=125508
Task=30 Chunk=0 Start=3229254380123 End=3229254506996 Duration=126873
Task=30 Chunk=1 Start=3229254507022 End=3229254507599 Duration=577
Task=30 Chunk=2 Start=3229254507607 End=3229254631331 Duration=123724
Task=31 Chunk=0 Start=3229254506998 End=3229254633736 Duration=126738
Task=31 Chunk=1 Start=3229254633771 End=3229254634246 Duration=475
Task=31 Chunk=2 Start=3229254634253 End=3229254760378 Duration=126125
Task=32 Chunk=0 Start=3229254633738 End=3229254760653 Duration=126915
Task=32 Chunk=1 Start=3229254760708 End=3229254761351 Duration=643
Task=32 Chunk=2 Start=3229254761360 End=3229254886249 Duration=124889
Task=33 Chunk=0 Start=3229254760655 End=3229254887393 Duration=126738
Task=33 Chunk=1 Start=3229254887468 End=3229254888053 Duration=585
Task=33 Chunk=2 Start=3229254888062 End=3229255011798 Duration=123736
Task=34 Chunk=0 Start=3229254887395 End=3229255014283 Duration=126888
Task=34 Chunk=1 Start=3229255014345 End=3229255014896 Duration=551
Task=34 Chunk=2 Start=3229255014907 End=3229255140058 Duration=125151
Task=35 Chunk=0 Start=3229255014286 End=3229255142934 Duration=128648
Task=35 Chunk=1 Start=3229255143010 End=3229255143551 Duration=541
Task=35 Chunk=2 Start=3229255143559 End=3229255269244 Duration=125685
Task=36 Chunk=0 Start=3229255142936 End=3229255270789 Duration=127853
Task=36 Chunk=1 Start=3229255270863 End=3229255271397 Duration=534
Task=36 Chunk=2 Start=3229255271407 End=3229255395043 Duration=123636
Task=37 Chunk=0 Start=3229255270791 End=3229255396927 Duration=126136
Task=37 Chunk=1 Start=3229255396938 End=3229255397403 Duration=465
Task=37 Chunk=2 Start=3229255397419 End=3229255522631 Duration=125212
Task=38 Chunk=0 Start=3229255396931 End=3229255522981 Duration=126050
Task=38 Chunk=1 Start=3229255523048 End=3229255523586 Duration=538
Task=38 Chunk=2 Start=3229255523596 End=3229255647395 Duration=123799
Task=39 Chunk=0 Start=3229255522983 End=3229255649601 Duration=126618
Task=39 Chunk=1 Start=3229255649688 End=3229255651194 Duration=1506
Task=39 Chunk=2 Start=3229255651215 End=3229255780331 Duration=129116
Task=40 Chunk=0 Start=3229255649603 End=3229255776942 Duration=127339
Task=40 Chunk=1 Start=3229255776975 End=3229255777435 Duration=460
Task=40 Chunk=2 Start=3229255780334 End=3229255905640 Duration=125306
Task=41 Chunk=0 Start=3229255776945 End=3229255903445 Duration=126500
Task=41 Chunk=1 Start=3229255903467 End=3229255903985 Duration=518
Task=41 Chunk=2 Start=3229255905641 End=3229256029728 Duration=124087
Task=42 Chunk=0 Start=3229255903447 End=3229256030338 Duration=126891
Task=42 Chunk=1 Start=3229256030365 End=3229256030898 Duration=533
Task=42 Chunk=2 Start=3229256030908 End=3229256160114 Duration=129206
Task=43 Chunk=0 Start=3229256030340 End=3229256157524 Duration=127184
Task=43 Chunk=1 Start=3229256161816 End=3229256162467 Duration=651
Task=43 Chunk=2 Start=3229256162483 End=3229256287890 Duration=125407
Task=44 Chunk=0 Start=3229256157526 End=3229256284435 Duration=126909
Task=44 Chunk=1 Start=3229256284497 End=3229256285169 Duration=672
Task=44 Chunk=2 Start=3229256287892 End=3229256411981 Duration=124089
Task=45 Chunk=0 Start=3229256284437 End=3229256411219 Duration=126782
Task=45 Chunk=1 Start=3229256411297 End=3229256411986 Duration=689
Task=45 Chunk=2 Start=3229256411997 End=3229256537209 Duration=125212
Task=46 Chunk=0 Start=3229256411222 End=3229256537749 Duration=126527
Task=46 Chunk=1 Start=3229256537826 End=3229256538343 Duration=517
Task=46 Chunk=2 Start=3229256538364 End=3229256664057 Duration=125693
Task=47 Chunk=0 Start=3229256537751 End=3229256663740 Duration=125989
Task=47 Chunk=1 Start=3229256663779 End=3229256664158 Duration=379
Task=47 Chunk=2 Start=3229256664175 End=3229256788366 Duration=124191
Task=48 Chunk=0 Start=3229256663741 End=3229256788095 Duration=124354
Task=48 Chunk=1 Start=3229256788120 End=3229256788448 Duration=328
Task=48 Chunk=2 Start=3229256788457 End=3229256914820 Duration=126363
Task=49 Chunk=0 Start=3229256788096 End=3229256913904 Duration=125808
Task=49 Chunk=1 Start=3229256913949 End=3229256914532 Duration=583
Task=49 Chunk=2 Start=3229256914824 End=3229257039551 Duration=124727
Task=50 Chunk=0 Start=3229256913907 End=3229257040328 Duration=126421
Task=50 Chunk=1 Start=3229257040387 End=3229257040941 Duration=554
Task=50 Chunk=2 Start=3229257040948 End=3229257165268 Duration=124320
Task=51 Chunk=0 Start=3229257040330 End=3229257166864 Duration=126534
Task=51 Chunk=1 Start=3229257166934 End=3229257167426 Duration=492
Task=51 Chunk=2 Start=3229257167437 End=3229257293195 Duration=125758
Task=52 Chunk=0 Start=3229257166866 End=3229257302021 Duration=135155
Task=52 Chunk=1 Start=3229257302095 End=3229257302681 Duration=586
Task=52 Chunk=2 Start=3229257302707 End=3229257428219 Duration=125512
Task=53 Chunk=0 Start=3229257302025 End=3229257429055 Duration=127030
Task=53 Chunk=1 Start=3229257429130 End=3229257429679 Duration=549
Task=53 Chunk=2 Start=3229257429687 End=3229257553441 Duration=123754
Task=54 Chunk=0 Start=3229257429057 End=3229257555203 Duration=126146
Task=54 Chunk=1 Start=3229257555247 End=3229257555767 Duration=520
Task=54 Chunk=2 Start=3229257555791 End=3229257680930 Duration=125139
Task=55 Chunk=0 Start=3229257555205 End=3229257682487 Duration=127282
Task=55 Chunk=1 Start=3229257682521 End=3229257683069 Duration=548
Task=55 Chunk=2 Start=3229257683088 End=3229257808346 Duration=125258
Task=56 Chunk=0 Start=3229257682489 End=3229257809011 Duration=126522
Task=56 Chunk=1 Start=3229257809034 End=3229257809594 Duration=560
Task=56 Chunk=2 Start=3229257809616 End=3229257934325 Duration=124709
Task=57 Chunk=0 Start=3229257809013 End=3229257935114 Duration=126101
Task=57 Chunk=1 Start=3229257935136 End=3229257935600 Duration=464
Task=57 Chunk=2 Start=3229257935610 End=3229258061414 Duration=125804
Task=58 Chunk=0 Start=3229257935116 End=3229258063760 Duration=128644
Task=58 Chunk=1 Start=3229258063797 End=3229258064301 Duration=504
Task=58 Chunk=2 Start=3229258064322 End=3229258189144 Duration=124822
Task=59 Chunk=0 Start=3229258063762 End=3229258191401 Duration=127639
Task=59 Chunk=1 Start=3229258191457 End=3229258191995 Duration=538
Task=59 Chunk=2 Start=3229258192018 End=3229258315828 Duration=123810
Task=60 Chunk=0 Start=3229258191403 End=3229258318977 Duration=127574
Task=60 Chunk=1 Start=3229258319013 End=3229258319648 Duration=635
Task=60 Chunk=2 Start=3229258319668 End=3229258447492 Duration=127824
Task=61 Chunk=0 Start=3229258318979 End=3229258446537 Duration=127558
Task=61 Chunk=1 Start=3229258446596 End=3229258447108 Duration=512
Task=61 Chunk=2 Start=3229258447494 End=3229258572286 Duration=124792
Task=62 Chunk=0 Start=3229258446539 End=3229258573026 Duration=126487
Task=62 Chunk=1 Start=3229258573043 End=3229258573559 Duration=516
Task=62 Chunk=2 Start=3229258573571 End=3229258697396 Duration=123825
Task=63 Chunk=0 Start=3229258573028 End=3229258699920 Duration=126892
Task=63 Chunk=1 Start=3229258699999 End=3229258700523 Duration=524
Task=63 Chunk=2 Start=3229258700544 End=3229258825790 Duration=125246
Task=64 Chunk=0 Start=3229258699922 End=3229258826657 Duration=126735
Task=64 Chunk=1 Start=3229258826680 End=3229258827247 Duration=567
Task=64 Chunk=2 Start=3229258827272 End=3229258964037 Duration=136765
Task=65 Chunk=0 Start=3229258826659 End=3229258955085 Duration=128426
Task=65 Chunk=1 Start=3229258955131 End=3229258955646 Duration=515
Task=65 Chunk=2 Start=3229258964038 End=3229259088894 Duration=124856
Task=66 Chunk=0 Start=3229258955088 End=3229259082668 Duration=127580
Task=66 Chunk=1 Start=3229259082721 End=3229259083214 Duration=493
Task=66 Chunk=2 Start=3229259088896 End=3229259214600 Duration=125704
Task=67 Chunk=0 Start=3229259082672 End=3229259209029 Duration=126357
Task=67 Chunk=1 Start=3229259209095 End=3229259209661 Duration=566
Task=67 Chunk=2 Start=3229259214600 End=3229259346968 Duration=132368
Task=68 Chunk=0 Start=3229259209031 End=3229259339815 Duration=130784
Task=68 Chunk=1 Start=3229259339876 End=3229259340431 Duration=555
Task=68 Chunk=2 Start=3229259346969 End=3229259471425 Duration=124456
Task=69 Chunk=0 Start=3229259339817 End=3229259467439 Duration=127622
Task=69 Chunk=1 Start=3229259467519 End=3229259468106 Duration=587
Task=69 Chunk=2 Start=3229259471427 End=3229259596862 Duration=125435
Task=70 Chunk=0 Start=3229259467442 End=3229259596353 Duration=128911
Task=70 Chunk=1 Start=3229259596379 End=3229259596919 Duration=540
Task=70 Chunk=2 Start=3229259597035 End=3229259721890 Duration=124855
Task=71 Chunk=0 Start=3229259596355 End=3229259724601 Duration=128246
Task=71 Chunk=1 Start=3229259724652 End=3229259725153 Duration=501
Task=71 Chunk=2 Start=3229259725168 End=3229259850004 Duration=124836
Task=72 Chunk=0 Start=3229259724603 End=3229259853190 Duration=128587
Task=72 Chunk=1 Start=3229259853242 End=3229259853720 Duration=478
Task=72 Chunk=2 Start=3229259853741 End=3229259980185 Duration=126444
Task=73 Chunk=0 Start=3229259853192 End=3229259999082 Duration=145890
Task=73 Chunk=1 Start=3229259999124 End=3229259999785 Duration=661
Task=73 Chunk=2 Start=3229259999808 End=3229260129632 Duration=129824
Task=74 Chunk=0 Start=3229259999084 End=3229260128637 Duration=129553
Task=74 Chunk=1 Start=3229260128683 End=3229260129258 Duration=575
Task=74 Chunk=2 Start=3229260129634 End=3229260253720 Duration=124086
Task=75 Chunk=0 Start=3229260128640 End=3229260257422 Duration=128782
Task=75 Chunk=1 Start=3229260257455 End=3229260259115 Duration=1660
Task=75 Chunk=2 Start=3229260259141 End=3229260383241 Duration=124100
Task=76 Chunk=0 Start=3229260257424 End=3229260388051 Duration=130627
Task=76 Chunk=1 Start=3229260388092 End=3229260388596 Duration=504
Task=76 Chunk=2 Start=3229260388620 End=3229260515333 Duration=126713
Task=77 Chunk=0 Start=3229260388053 End=3229260518248 Duration=130195
Task=77 Chunk=1 Start=3229260518333 End=3229260518873 Duration=540
Task=77 Chunk=2 Start=3229260518887 End=3229260644408 Duration=125521
Task=78 Chunk=0 Start=3229260518250 End=3229260650149 Duration=131899
Task=78 Chunk=1 Start=3229260650225 End=3229260650796 Duration=571
Task=78 Chunk=2 Start=3229260650813 End=3229260774487 Duration=123674
Task=79 Chunk=0 Start=3229260650152 End=3229260777282 Duration=127130
Task=79 Chunk=1 Start=3229260777306 End=3229260777960 Duration=654
Task=79 Chunk=2 Start=3229260777968 End=3229260903398 Duration=125430
Task=80 Chunk=0 Start=3229260777284 End=3229260903687 Duration=126403
Task=80 Chunk=1 Start=3229260903721 End=3229260904284 Duration=563
Task=80 Chunk=2 Start=3229260904294 End=3229261035703 Duration=131409
Task=81 Chunk=0 Start=3229260903689 End=3229261030078 Duration=126389
Task=81 Chunk=1 Start=3229261030113 End=3229261030654 Duration=541
Task=81 Chunk=2 Start=3229261035704 End=3229261160417 Duration=124713
Task=82 Chunk=0 Start=3229261030080 End=3229261156300 Duration=126220
Task=82 Chunk=1 Start=3229261156348 End=3229261156843 Duration=495
Task=82 Chunk=2 Start=3229261160418 End=3229261285793 Duration=125375
Task=83 Chunk=0 Start=3229261156302 End=3229261282611 Duration=126309
Task=83 Chunk=1 Start=3229261282669 End=3229261283175 Duration=506
Task=83 Chunk=2 Start=3229261285793 End=3229261409505 Duration=123712
Task=84 Chunk=0 Start=3229261282614 End=3229261409508 Duration=126894
Task=84 Chunk=1 Start=3229261409592 End=3229261411615 Duration=2023
Task=84 Chunk=2 Start=3229261411633 End=3229261535707 Duration=124074
Task=85 Chunk=0 Start=3229261409510 End=3229261537842 Duration=128332
Task=85 Chunk=1 Start=3229261537906 End=3229261538376 Duration=470
Task=85 Chunk=2 Start=3229261538396 End=3229261668329 Duration=129933
Task=86 Chunk=0 Start=3229261537844 End=3229261664275 Duration=126431
Task=86 Chunk=1 Start=3229261664356 End=3229261664888 Duration=532
Task=86 Chunk=2 Start=3229261668331 End=3229261800107 Duration=131776
Task=87 Chunk=0 Start=3229261664277 End=3229261792143 Duration=127866
Task=87 Chunk=1 Start=3229261792195 End=3229261792763 Duration=568
Task=87 Chunk=2 Start=3229261800108 End=3229261925859 Duration=125751
Task=88 Chunk=0 Start=3229261792146 End=3229261918963 Duration=126817
Task=88 Chunk=1 Start=3229261919038 End=3229261919539 Duration=501
Task=88 Chunk=2 Start=3229261925860 End=3229262051603 Duration=125743
Task=89 Chunk=0 Start=3229261918966 End=3229262045402 Duration=126436
Task=89 Chunk=1 Start=3229262045474 End=3229262045981 Duration=507
Task=89 Chunk=2 Start=3229262051604 End=3229262175262 Duration=123658
Task=90 Chunk=0 Start=3229262045404 End=3229262171874 Duration=126470
Task=90 Chunk=1 Start=3229262171900 End=3229262172411 Duration=511
Task=90 Chunk=2 Start=3229262175263 End=3229262309672 Duration=134409
Task=91 Chunk=0 Start=3229262171876 End=3229262298576 Duration=126700
Task=91 Chunk=1 Start=3229262298619 End=3229262299182 Duration=563
Task=91 Chunk=2 Start=3229262309676 End=3229262435721 Duration=126045
Task=92 Chunk=0 Start=3229262298579 End=3229262425139 Duration=126560
Task=92 Chunk=1 Start=3229262425220 End=3229262425783 Duration=563
Task=92 Chunk=2 Start=3229262435721 End=3229262560389 Duration=124668
Task=93 Chunk=0 Start=3229262425141 End=3229262553287 Duration=128146
Task=93 Chunk=1 Start=3229262553372 End=3229262553953 Duration=581
Task=93 Chunk=2 Start=3229262560390 End=3229262685834 Duration=125444
Task=94 Chunk=0 Start=3229262553290 End=3229262679791 Duration=126501
Task=94 Chunk=1 Start=3229262679865 End=3229262680474 Duration=609
Task=94 Chunk=2 Start=3229262685835 End=3229262811371 Duration=125536
Task=95 Chunk=0 Start=3229262679793 End=3229262806136 Duration=126343
Task=95 Chunk=1 Start=3229262806152 End=3229262806684 Duration=532
Task=95 Chunk=2 Start=3229262811373 End=3229262936208 Duration=124835
Task=96 Chunk=0 Start=3229262806138 End=3229262932669 Duration=126531
Task=96 Chunk=1 Start=3229262932734 End=3229262933229 Duration=495
Task=96 Chunk=2 Start=3229262936210 End=3229263063138 Duration=126928
Task=97 Chunk=0 Start=3229262932671 End=3229263059496 Duration=126825
Task=97 Chunk=1 Start=3229263059559 End=3229263060112 Duration=553
Task=97 Chunk=2 Start=3229263063139 End=3229263188780 Duration=125641
Task=98 Chunk=0 Start=3229263059498 End=3229263186543 Duration=127045
Task=98 Chunk=1 Start=3229263186625 End=3229263187196 Duration=571
Task=98 Chunk=2 Start=3229263188783 End=3229263313162 Duration=124379
Task=99 Chunk=0 Start=3229263186546 End=3229263312893 Duration=126347
Task=99 Chunk=1 Start=3229263312918 End=3229263313390 Duration=472
Task=99 Chunk=2 Start=3229263313397 End=3229263440017 Duration=126620
### Python End ###

--------------------------------
[2025-06-26 18:30:29.446] [info] Available Vulkan Layers:
[2025-06-26 18:30:29.446] [warning] Validation layer requested but not available, continuing without it...
[2025-06-26 18:30:29.450] [info] Using integrated GPU: Adreno (TM) 740
### Python Begin ###
Schedule_UID=SCH-G5M4-G269-6c89
Frequency=19200000 Hz
Task=0 Chunk=0 Start=3229280264133 End=3229280621724 Duration=357591
Task=0 Chunk=1 Start=3229280621739 End=3229280775877 Duration=154138
Task=1 Chunk=0 Start=3229280621727 End=3229280813047 Duration=191320
Task=1 Chunk=1 Start=3229280813069 End=3229280938668 Duration=125599
Task=2 Chunk=0 Start=3229280813054 End=3229281003719 Duration=190665
Task=2 Chunk=1 Start=3229281003752 End=3229281128367 Duration=124615
Task=3 Chunk=0 Start=3229281003732 End=3229281221296 Duration=217564
Task=3 Chunk=1 Start=3229281221347 End=3229281347713 Duration=126366
Task=4 Chunk=0 Start=3229281221330 End=3229281441019 Duration=219689
Task=4 Chunk=1 Start=3229281441045 End=3229281566873 Duration=125828
Task=5 Chunk=0 Start=3229281441043 End=3229281652652 Duration=211609
Task=5 Chunk=1 Start=3229281652671 End=3229281781994 Duration=129323
Task=6 Chunk=0 Start=3229281652664 End=3229281851927 Duration=199263
Task=6 Chunk=1 Start=3229281851952 End=3229281978476 Duration=126524
Task=7 Chunk=0 Start=3229281851947 End=3229282065389 Duration=213442
Task=7 Chunk=1 Start=3229282065447 End=3229282190752 Duration=125305
Task=8 Chunk=0 Start=3229282065441 End=3229282281964 Duration=216523
Task=8 Chunk=1 Start=3229282281992 End=3229282408624 Duration=126632
Task=9 Chunk=0 Start=3229282281999 End=3229282493026 Duration=211027
Task=9 Chunk=1 Start=3229282493042 End=3229282619033 Duration=125991
Task=10 Chunk=0 Start=3229282493040 End=3229282738034 Duration=244994
Task=10 Chunk=1 Start=3229282738060 End=3229282868441 Duration=130381
Task=11 Chunk=0 Start=3229282738048 End=3229282955363 Duration=217315
Task=11 Chunk=1 Start=3229282955400 End=3229283081433 Duration=126033
Task=12 Chunk=0 Start=3229282955386 End=3229283161083 Duration=205697
Task=12 Chunk=1 Start=3229283161124 End=3229283286902 Duration=125778
Task=13 Chunk=0 Start=3229283161105 End=3229283396126 Duration=235021
Task=13 Chunk=1 Start=3229283396144 End=3229283522075 Duration=125931
Task=14 Chunk=0 Start=3229283396137 End=3229283621104 Duration=224967
Task=14 Chunk=1 Start=3229283621131 End=3229283746531 Duration=125400
Task=15 Chunk=0 Start=3229283621130 End=3229283847633 Duration=226503
Task=15 Chunk=1 Start=3229283847661 End=3229283971248 Duration=123587
Task=16 Chunk=0 Start=3229283847668 End=3229284055591 Duration=207923
Task=16 Chunk=1 Start=3229284055613 End=3229284181089 Duration=125476
Task=17 Chunk=0 Start=3229284055621 End=3229284270670 Duration=215049
Task=17 Chunk=1 Start=3229284270712 End=3229284398404 Duration=127692
Task=18 Chunk=0 Start=3229284270695 End=3229284491817 Duration=221122
Task=18 Chunk=1 Start=3229284491863 End=3229284618243 Duration=126380
Task=19 Chunk=0 Start=3229284491845 End=3229284697679 Duration=205834
Task=19 Chunk=1 Start=3229284697712 End=3229284823437 Duration=125725
Task=20 Chunk=0 Start=3229284697699 End=3229284944243 Duration=246544
Task=20 Chunk=1 Start=3229284944280 End=3229285070524 Duration=126244
Task=21 Chunk=0 Start=3229284944270 End=3229285158818 Duration=214548
Task=21 Chunk=1 Start=3229285158845 End=3229285283962 Duration=125117
Task=22 Chunk=0 Start=3229285158831 End=3229285386142 Duration=227311
Task=22 Chunk=1 Start=3229285386171 End=3229285510762 Duration=124591
Task=23 Chunk=0 Start=3229285386167 End=3229285599254 Duration=213087
Task=23 Chunk=1 Start=3229285599280 End=3229285724795 Duration=125515
Task=24 Chunk=0 Start=3229285612793 End=3229285844623 Duration=231830
Task=24 Chunk=1 Start=3229285844667 End=3229285969437 Duration=124770
Task=25 Chunk=0 Start=3229285844665 End=3229286074502 Duration=229837
Task=25 Chunk=1 Start=3229286074526 End=3229286203461 Duration=128935
Task=26 Chunk=0 Start=3229286074517 End=3229286286563 Duration=212046
Task=26 Chunk=1 Start=3229286286618 End=3229286414175 Duration=127557
Task=27 Chunk=0 Start=3229286286601 End=3229286499858 Duration=213257
Task=27 Chunk=1 Start=3229286499898 End=3229286625565 Duration=125667
Task=28 Chunk=0 Start=3229286499879 End=3229286705594 Duration=205715
Task=28 Chunk=1 Start=3229286705628 End=3229286829601 Duration=123973
Task=29 Chunk=0 Start=3229286705610 End=3229286933251 Duration=227641
Task=29 Chunk=1 Start=3229286933272 End=3229287064311 Duration=131039
Task=30 Chunk=0 Start=3229286933263 End=3229287136141 Duration=202878
Task=30 Chunk=1 Start=3229287136177 End=3229287261631 Duration=125454
Task=31 Chunk=0 Start=3229287136160 End=3229287316269 Duration=180109
Task=31 Chunk=1 Start=3229287316286 End=3229287443685 Duration=127399
Task=32 Chunk=0 Start=3229287316292 End=3229287508076 Duration=191784
Task=32 Chunk=1 Start=3229287508093 End=3229287632953 Duration=124860
Task=33 Chunk=0 Start=3229287508091 End=3229287705661 Duration=197570
Task=33 Chunk=1 Start=3229287705692 End=3229287830620 Duration=124928
Task=34 Chunk=0 Start=3229287705687 End=3229287919237 Duration=213550
Task=34 Chunk=1 Start=3229287919250 End=3229288043850 Duration=124600
Task=35 Chunk=0 Start=3229287919246 End=3229288156955 Duration=237709
Task=35 Chunk=1 Start=3229288157007 End=3229288281260 Duration=124253
Task=36 Chunk=0 Start=3229288156995 End=3229288354744 Duration=197749
Task=36 Chunk=1 Start=3229288354773 End=3229288479539 Duration=124766
Task=37 Chunk=0 Start=3229288354768 End=3229288570905 Duration=216137
Task=37 Chunk=1 Start=3229288570941 End=3229288697679 Duration=126738
Task=38 Chunk=0 Start=3229288570923 End=3229288782257 Duration=211334
Task=38 Chunk=1 Start=3229288782284 End=3229288907257 Duration=124973
Task=39 Chunk=0 Start=3229288782269 End=3229289002939 Duration=220670
Task=39 Chunk=1 Start=3229289002971 End=3229289138517 Duration=135546
Task=40 Chunk=0 Start=3229289002954 End=3229289225482 Duration=222528
Task=40 Chunk=1 Start=3229289225520 End=3229289349829 Duration=124309
Task=41 Chunk=0 Start=3229289225510 End=3229289456363 Duration=230853
Task=41 Chunk=1 Start=3229289456407 End=3229289581314 Duration=124907
Task=42 Chunk=0 Start=3229289456400 End=3229289669414 Duration=213014
Task=42 Chunk=1 Start=3229289669439 End=3229289795007 Duration=125568
Task=43 Chunk=0 Start=3229289669432 End=3229289878868 Duration=209436
Task=43 Chunk=1 Start=3229289878904 End=3229290005354 Duration=126450
Task=44 Chunk=0 Start=3229289878889 End=3229290082935 Duration=204046
Task=44 Chunk=1 Start=3229290082957 End=3229290208037 Duration=125080
Task=45 Chunk=0 Start=3229290082956 End=3229290311795 Duration=228839
Task=45 Chunk=1 Start=3229290311811 End=3229290443476 Duration=131665
Task=46 Chunk=0 Start=3229290311804 End=3229290533318 Duration=221514
Task=46 Chunk=1 Start=3229290533357 End=3229290658455 Duration=125098
Task=47 Chunk=0 Start=3229290533345 End=3229290767453 Duration=234108
Task=47 Chunk=1 Start=3229290767476 End=3229290891559 Duration=124083
Task=48 Chunk=0 Start=3229290767484 End=3229290993217 Duration=225733
Task=48 Chunk=1 Start=3229290993253 End=3229291117768 Duration=124515
Task=49 Chunk=0 Start=3229290993246 End=3229291223156 Duration=229910
Task=49 Chunk=1 Start=3229291223184 End=3229291347438 Duration=124254
Task=50 Chunk=0 Start=3229291223171 End=3229291453894 Duration=230723
Task=50 Chunk=1 Start=3229291453915 End=3229291578832 Duration=124917
Task=51 Chunk=0 Start=3229291453910 End=3229291683089 Duration=229179
Task=51 Chunk=1 Start=3229291683124 End=3229291807552 Duration=124428
Task=52 Chunk=0 Start=3229291683117 End=3229291896228 Duration=213111
Task=52 Chunk=1 Start=3229291896249 End=3229292021572 Duration=125323
Task=53 Chunk=0 Start=3229291896240 End=3229292107931 Duration=211691
Task=53 Chunk=1 Start=3229292107966 End=3229292234211 Duration=126245
Task=54 Chunk=0 Start=3229292107952 End=3229292326295 Duration=218343
Task=54 Chunk=1 Start=3229292326312 End=3229292452687 Duration=126375
Task=55 Chunk=0 Start=3229292326306 End=3229292563211 Duration=236905
Task=55 Chunk=1 Start=3229292563246 End=3229292689557 Duration=126311
Task=56 Chunk=0 Start=3229292563229 End=3229292772840 Duration=209611
Task=56 Chunk=1 Start=3229292772855 End=3229292897168 Duration=124313
Task=57 Chunk=0 Start=3229292772850 End=3229292997679 Duration=224829
Task=57 Chunk=1 Start=3229292997696 End=3229293124254 Duration=126558
Task=58 Chunk=0 Start=3229292997694 End=3229293218608 Duration=220914
Task=58 Chunk=1 Start=3229293218633 End=3229293343150 Duration=124517
Task=59 Chunk=0 Start=3229293218621 End=3229293451427 Duration=232806
Task=59 Chunk=1 Start=3229293451451 End=3229293582843 Duration=131392
Task=60 Chunk=0 Start=3229293451439 End=3229293687828 Duration=236389
Task=60 Chunk=1 Start=3229293687868 End=3229293813961 Duration=126093
Task=61 Chunk=0 Start=3229293687866 End=3229293912830 Duration=224964
Task=61 Chunk=1 Start=3229293912863 End=3229294038657 Duration=125794
Task=62 Chunk=0 Start=3229293912859 End=3229294141765 Duration=228906
Task=62 Chunk=1 Start=3229294141805 End=3229294266266 Duration=124461
Task=63 Chunk=0 Start=3229294141793 End=3229294371019 Duration=229226
Task=63 Chunk=1 Start=3229294371037 End=3229294495988 Duration=124951
Task=64 Chunk=0 Start=3229294371047 End=3229294600203 Duration=229156
Task=64 Chunk=1 Start=3229294600227 End=3229294724174 Duration=123947
Task=65 Chunk=0 Start=3229294600238 End=3229294833004 Duration=232766
Task=65 Chunk=1 Start=3229294833051 End=3229294957869 Duration=124818
Task=66 Chunk=0 Start=3229294833049 End=3229295061526 Duration=228477
Task=66 Chunk=1 Start=3229295061543 End=3229295185590 Duration=124047
Task=67 Chunk=0 Start=3229295061544 End=3229295296103 Duration=234559
Task=67 Chunk=1 Start=3229295296134 End=3229295422940 Duration=126806
Task=68 Chunk=0 Start=3229295296124 End=3229295522136 Duration=226012
Task=68 Chunk=1 Start=3229295522181 End=3229295646432 Duration=124251
Task=69 Chunk=0 Start=3229295522165 End=3229295755065 Duration=232900
Task=69 Chunk=1 Start=3229295755107 End=3229295879720 Duration=124613
Task=70 Chunk=0 Start=3229295755092 End=3229295976235 Duration=221143
Task=70 Chunk=1 Start=3229295976275 End=3229296100122 Duration=123847
Task=71 Chunk=0 Start=3229295976265 End=3229296187024 Duration=210759
Task=71 Chunk=1 Start=3229296187070 End=3229296311933 Duration=124863
Task=72 Chunk=0 Start=3229296187058 End=3229296409000 Duration=221942
Task=72 Chunk=1 Start=3229296409053 End=3229296534366 Duration=125313
Task=73 Chunk=0 Start=3229296409039 End=3229296617940 Duration=208901
Task=73 Chunk=1 Start=3229296617970 End=3229296742402 Duration=124432
Task=74 Chunk=0 Start=3229296617968 End=3229296831690 Duration=213722
Task=74 Chunk=1 Start=3229296831726 End=3229296958555 Duration=126829
Task=75 Chunk=0 Start=3229296831712 End=3229297066859 Duration=235147
Task=75 Chunk=1 Start=3229297066882 End=3229297192549 Duration=125667
Task=76 Chunk=0 Start=3229297066871 End=3229297292059 Duration=225188
Task=76 Chunk=1 Start=3229297292094 End=3229297417859 Duration=125765
Task=77 Chunk=0 Start=3229297292077 End=3229297525649 Duration=233572
Task=77 Chunk=1 Start=3229297525671 End=3229297649434 Duration=123763
Task=78 Chunk=0 Start=3229297525661 End=3229297752244 Duration=226583
Task=78 Chunk=1 Start=3229297752277 End=3229297876430 Duration=124153
Task=79 Chunk=0 Start=3229297752269 End=3229297987510 Duration=235241
Task=79 Chunk=1 Start=3229297987550 End=3229298114048 Duration=126498
Task=80 Chunk=0 Start=3229297987538 End=3229298214660 Duration=227122
Task=80 Chunk=1 Start=3229298214684 End=3229298341733 Duration=127049
Task=81 Chunk=0 Start=3229298214676 End=3229298440264 Duration=225588
Task=81 Chunk=1 Start=3229298440277 End=3229298564906 Duration=124629
Task=82 Chunk=0 Start=3229298440275 End=3229298653820 Duration=213545
Task=82 Chunk=1 Start=3229298653838 End=3229298778973 Duration=125135
Task=83 Chunk=0 Start=3229298653837 End=3229298865751 Duration=211914
Task=83 Chunk=1 Start=3229298865777 End=3229298992753 Duration=126976
Task=84 Chunk=0 Start=3229298865761 End=3229299083723 Duration=217962
Task=84 Chunk=1 Start=3229299083760 End=3229299210091 Duration=126331
Task=85 Chunk=0 Start=3229299083743 End=3229299305946 Duration=222203
Task=85 Chunk=1 Start=3229299305991 End=3229299431340 Duration=125349
Task=86 Chunk=0 Start=3229299305976 End=3229299520387 Duration=214411
Task=86 Chunk=1 Start=3229299520427 End=3229299644809 Duration=124382
Task=87 Chunk=0 Start=3229299520408 End=3229299732169 Duration=211761
Task=87 Chunk=1 Start=3229299732189 End=3229299857774 Duration=125585
Task=88 Chunk=0 Start=3229299732182 End=3229299974738 Duration=242556
Task=88 Chunk=1 Start=3229299974793 End=3229300098631 Duration=123838
Task=89 Chunk=0 Start=3229299974777 End=3229300177586 Duration=202809
Task=89 Chunk=1 Start=3229300177618 End=3229300302718 Duration=125100
Task=90 Chunk=0 Start=3229300177618 End=3229300397429 Duration=219811
Task=90 Chunk=1 Start=3229300397456 End=3229300523936 Duration=126480
Task=91 Chunk=0 Start=3229300397443 End=3229300603309 Duration=205866
Task=91 Chunk=1 Start=3229300603331 End=3229300728824 Duration=125493
Task=92 Chunk=0 Start=3229300603319 End=3229300827449 Duration=224130
Task=92 Chunk=1 Start=3229300827483 End=3229300957279 Duration=129796
Task=93 Chunk=0 Start=3229300827463 End=3229301063615 Duration=236152
Task=93 Chunk=1 Start=3229301063668 End=3229301188186 Duration=124518
Task=94 Chunk=0 Start=3229301063653 End=3229301284473 Duration=220820
Task=94 Chunk=1 Start=3229301284514 End=3229301413847 Duration=129333
Task=95 Chunk=0 Start=3229301284504 End=3229301520391 Duration=235887
Task=95 Chunk=1 Start=3229301520407 End=3229301649874 Duration=129467
Task=96 Chunk=0 Start=3229301520418 End=3229301744105 Duration=223687
Task=96 Chunk=1 Start=3229301744135 End=3229301869294 Duration=125159
Task=97 Chunk=0 Start=3229301744126 End=3229301966866 Duration=222740
Task=97 Chunk=1 Start=3229301966911 End=3229302091076 Duration=124165
Task=98 Chunk=0 Start=3229301966896 End=3229302183013 Duration=216117
Task=98 Chunk=1 Start=3229302183039 End=3229302309742 Duration=126703
Task=99 Chunk=0 Start=3229302183034 End=3229302414342 Duration=231308
Task=99 Chunk=1 Start=3229302414389 End=3229302544637 Duration=130248
### Python End ###

--------------------------------
[2025-06-26 18:30:31.480] [info] Available Vulkan Layers:
[2025-06-26 18:30:31.480] [warning] Validation layer requested but not available, continuing without it...
[2025-06-26 18:30:31.483] [info] Using integrated GPU: Adreno (TM) 740
### Python Begin ###
Schedule_UID=SCH-G2B2M3L2-G318-72cb
Frequency=19200000 Hz
Task=0 Chunk=0 Start=3229319295243 End=3229319556552 Duration=261309
Task=0 Chunk=1 Start=3229319556561 End=3229319762225 Duration=205664
Task=0 Chunk=2 Start=3229319762247 End=3229320002855 Duration=240608
Task=0 Chunk=3 Start=3229320082943 End=3229320096998 Duration=14055
Task=1 Chunk=0 Start=3229319556555 End=3229319619239 Duration=62684
Task=1 Chunk=1 Start=3229319762227 End=3229319940783 Duration=178556
Task=1 Chunk=2 Start=3229320002857 End=3229320088789 Duration=85932
Task=1 Chunk=3 Start=3229320097009 End=3229320102451 Duration=5442
Task=2 Chunk=0 Start=3229319619255 End=3229319680706 Duration=61451
Task=2 Chunk=1 Start=3229319940784 End=3229320117670 Duration=176886
Task=2 Chunk=2 Start=3229320117695 End=3229320198084 Duration=80389
Task=2 Chunk=3 Start=3229320198154 End=3229320200617 Duration=2463
Task=3 Chunk=0 Start=3229319680711 End=3229319740219 Duration=59508
Task=3 Chunk=1 Start=3229320117670 End=3229320294022 Duration=176352
Task=3 Chunk=2 Start=3229320294031 End=3229320373826 Duration=79795
Task=3 Chunk=3 Start=3229320373875 End=3229320375028 Duration=1153
Task=4 Chunk=0 Start=3229319740224 End=3229319800850 Duration=60626
Task=4 Chunk=1 Start=3229320294023 End=3229320398086 Duration=104063
Task=4 Chunk=2 Start=3229320398107 End=3229320478173 Duration=80066
Task=4 Chunk=3 Start=3229320478245 End=3229320479347 Duration=1102
Task=5 Chunk=0 Start=3229319800859 End=3229319861331 Duration=60472
Task=5 Chunk=1 Start=3229320398086 End=3229320501731 Duration=103645
Task=5 Chunk=2 Start=3229320501751 End=3229320582254 Duration=80503
Task=5 Chunk=3 Start=3229320582293 End=3229320583372 Duration=1079
Task=6 Chunk=0 Start=3229319861335 End=3229319920409 Duration=59074
Task=6 Chunk=1 Start=3229320501732 End=3229320604842 Duration=103110
Task=6 Chunk=2 Start=3229320604861 End=3229320685605 Duration=80744
Task=6 Chunk=3 Start=3229320685617 End=3229320686697 Duration=1080
Task=7 Chunk=0 Start=3229319920418 End=3229319979646 Duration=59228
Task=7 Chunk=1 Start=3229320604843 End=3229320708373 Duration=103530
Task=7 Chunk=2 Start=3229320708405 End=3229320788396 Duration=79991
Task=7 Chunk=3 Start=3229320788416 End=3229320924635 Duration=136219
Task=8 Chunk=0 Start=3229319979657 End=3229320039463 Duration=59806
Task=8 Chunk=1 Start=3229320708374 End=3229320812042 Duration=103668
Task=8 Chunk=2 Start=3229320812058 End=3229320892377 Duration=80319
Task=8 Chunk=3 Start=3229320924640 End=3229320935230 Duration=10590
Task=9 Chunk=0 Start=3229320039467 End=3229320098653 Duration=59186
Task=9 Chunk=1 Start=3229320812042 End=3229320915986 Duration=103944
Task=9 Chunk=2 Start=3229320916000 End=3229320997026 Duration=81026
Task=9 Chunk=3 Start=3229320997080 End=3229320998250 Duration=1170
Task=10 Chunk=0 Start=3229320098658 End=3229320161484 Duration=62826
Task=10 Chunk=1 Start=3229320915987 End=3229321020136 Duration=104149
Task=10 Chunk=2 Start=3229321020159 End=3229321100356 Duration=80197
Task=10 Chunk=3 Start=3229321100411 End=3229321222973 Duration=122562
Task=11 Chunk=0 Start=3229320161490 End=3229320226954 Duration=65464
Task=11 Chunk=1 Start=3229321020137 End=3229321124019 Duration=103882
Task=11 Chunk=2 Start=3229321124033 End=3229321204453 Duration=80420
Task=11 Chunk=3 Start=3229321222979 End=3229321230021 Duration=7042
Task=12 Chunk=0 Start=3229320226961 End=3229320283932 Duration=56971
Task=12 Chunk=1 Start=3229321124020 End=3229321228086 Duration=104066
Task=12 Chunk=2 Start=3229321228102 End=3229321308049 Duration=79947
Task=12 Chunk=3 Start=3229321308095 End=3229321309159 Duration=1064
Task=13 Chunk=0 Start=3229320283937 End=3229320336659 Duration=52722
Task=13 Chunk=1 Start=3229321228086 End=3229321332807 Duration=104721
Task=13 Chunk=2 Start=3229321332822 End=3229321412884 Duration=80062
Task=13 Chunk=3 Start=3229321412955 End=3229321523045 Duration=110090
Task=14 Chunk=0 Start=3229320336663 End=3229320389001 Duration=52338
Task=14 Chunk=1 Start=3229321332808 End=3229321437036 Duration=104228
Task=14 Chunk=2 Start=3229321437042 End=3229321517326 Duration=80284
Task=14 Chunk=3 Start=3229321523051 End=3229321530429 Duration=7378
Task=15 Chunk=0 Start=3229320389004 End=3229320441154 Duration=52150
Task=15 Chunk=1 Start=3229321437037 End=3229321541044 Duration=104007
Task=15 Chunk=2 Start=3229321541069 End=3229321621574 Duration=80505
Task=15 Chunk=3 Start=3229321622439 End=3229321624089 Duration=1650
Task=16 Chunk=0 Start=3229320441156 End=3229320493143 Duration=51987
Task=16 Chunk=1 Start=3229321541045 End=3229321645273 Duration=104228
Task=16 Chunk=2 Start=3229321645280 End=3229321725066 Duration=79786
Task=16 Chunk=3 Start=3229321725120 End=3229321833170 Duration=108050
Task=17 Chunk=0 Start=3229320493146 End=3229320545325 Duration=52179
Task=17 Chunk=1 Start=3229321645273 End=3229321748991 Duration=103718
Task=17 Chunk=2 Start=3229321749007 End=3229321829284 Duration=80277
Task=17 Chunk=3 Start=3229321833175 End=3229321843564 Duration=10389
Task=18 Chunk=0 Start=3229320545328 End=3229320601229 Duration=55901
Task=18 Chunk=1 Start=3229321748992 End=3229321854140 Duration=105148
Task=18 Chunk=2 Start=3229321854159 End=3229321934545 Duration=80386
Task=18 Chunk=3 Start=3229321934570 End=3229321935659 Duration=1089
Task=19 Chunk=0 Start=3229320601232 End=3229320661325 Duration=60093
Task=19 Chunk=1 Start=3229321854141 End=3229321958096 Duration=103955
Task=19 Chunk=2 Start=3229321958109 End=3229322038019 Duration=79910
Task=19 Chunk=3 Start=3229322038070 End=3229322129778 Duration=91708
Task=20 Chunk=0 Start=3229320661337 End=3229320714372 Duration=53035
Task=20 Chunk=1 Start=3229321958096 End=3229322062257 Duration=104161
Task=20 Chunk=2 Start=3229322062264 End=3229322142650 Duration=80386
Task=20 Chunk=3 Start=3229322142655 End=3229322143643 Duration=988
Task=21 Chunk=0 Start=3229320714375 End=3229320766617 Duration=52242
Task=21 Chunk=1 Start=3229322062257 End=3229322166819 Duration=104562
Task=21 Chunk=2 Start=3229322166833 End=3229322247153 Duration=80320
Task=21 Chunk=3 Start=3229322247181 End=3229322332507 Duration=85326
Task=22 Chunk=0 Start=3229320924770 End=3229320980510 Duration=55740
Task=22 Chunk=1 Start=3229322166820 End=3229322271256 Duration=104436
Task=22 Chunk=2 Start=3229322271274 End=3229322351203 Duration=79929
Task=22 Chunk=3 Start=3229322351276 End=3229322352335 Duration=1059
Task=23 Chunk=0 Start=3229320980513 End=3229321033293 Duration=52780
Task=23 Chunk=1 Start=3229322271257 End=3229322375331 Duration=104074
Task=23 Chunk=2 Start=3229322375345 End=3229322455531 Duration=80186
Task=23 Chunk=3 Start=3229322455596 End=3229322537753 Duration=82157
Task=24 Chunk=0 Start=3229321033296 End=3229321087714 Duration=54418
Task=24 Chunk=1 Start=3229322375332 End=3229322479769 Duration=104437
Task=24 Chunk=2 Start=3229322479792 End=3229322560114 Duration=80322
Task=24 Chunk=3 Start=3229322560161 End=3229322561215 Duration=1054
Task=25 Chunk=0 Start=3229321223113 End=3229321278595 Duration=55482
Task=25 Chunk=1 Start=3229322479770 End=3229322584028 Duration=104258
Task=25 Chunk=2 Start=3229322584050 End=3229322664014 Duration=79964
Task=25 Chunk=3 Start=3229322664065 End=3229322738143 Duration=74078
Task=26 Chunk=0 Start=3229321278597 End=3229321331406 Duration=52809
Task=26 Chunk=1 Start=3229322584029 End=3229322687863 Duration=103834
Task=26 Chunk=2 Start=3229322687885 End=3229322768260 Duration=80375
Task=26 Chunk=3 Start=3229322768326 End=3229322769375 Duration=1049
Task=27 Chunk=0 Start=3229321331408 End=3229321383686 Duration=52278
Task=27 Chunk=1 Start=3229322687863 End=3229322792385 Duration=104522
Task=27 Chunk=2 Start=3229322792391 End=3229322872836 Duration=80445
Task=27 Chunk=3 Start=3229322872878 End=3229322941479 Duration=68601
Task=28 Chunk=0 Start=3229321523186 End=3229321578756 Duration=55570
Task=28 Chunk=1 Start=3229322792386 End=3229322896282 Duration=103896
Task=28 Chunk=2 Start=3229322896299 End=3229322976339 Duration=80040
Task=28 Chunk=3 Start=3229322976366 End=3229322978206 Duration=1840
Task=29 Chunk=0 Start=3229321578758 End=3229321631539 Duration=52781
Task=29 Chunk=1 Start=3229322896283 End=3229323000000 Duration=103717
Task=29 Chunk=2 Start=3229323000023 End=3229323080783 Duration=80760
Task=29 Chunk=3 Start=3229323082479 End=3229323135314 Duration=52835
Task=30 Chunk=0 Start=3229321631541 End=3229321683873 Duration=52332
Task=30 Chunk=1 Start=3229323000001 End=3229323104200 Duration=104199
Task=30 Chunk=2 Start=3229323104207 End=3229323184403 Duration=80196
Task=30 Chunk=3 Start=3229323184463 End=3229323185521 Duration=1058
Task=31 Chunk=0 Start=3229321833327 End=3229321889053 Duration=55726
Task=31 Chunk=1 Start=3229323104201 End=3229323208478 Duration=104277
Task=31 Chunk=2 Start=3229323208488 End=3229323288371 Duration=79883
Task=31 Chunk=3 Start=3229323288401 End=3229323336429 Duration=48028
Task=32 Chunk=0 Start=3229321889055 End=3229321941967 Duration=52912
Task=32 Chunk=1 Start=3229323208479 End=3229323313006 Duration=104527
Task=32 Chunk=2 Start=3229323313017 End=3229323392781 Duration=79764
Task=32 Chunk=3 Start=3229323392805 End=3229323438424 Duration=45619
Task=33 Chunk=0 Start=3229321941971 End=3229321994400 Duration=52429
Task=33 Chunk=1 Start=3229323313008 End=3229323417616 Duration=104608
Task=33 Chunk=2 Start=3229323417627 End=3229323497853 Duration=80226
Task=33 Chunk=3 Start=3229323497864 End=3229323540184 Duration=42320
Task=34 Chunk=0 Start=3229322129887 End=3229322185476 Duration=55589
Task=34 Chunk=1 Start=3229323417617 End=3229323521655 Duration=104038
Task=34 Chunk=2 Start=3229323521675 End=3229323601621 Duration=79946
Task=34 Chunk=3 Start=3229323601681 End=3229323647626 Duration=45945
Task=35 Chunk=0 Start=3229322185480 End=3229322238614 Duration=53134
Task=35 Chunk=1 Start=3229323521656 End=3229323625632 Duration=103976
Task=35 Chunk=2 Start=3229323625641 End=3229323705727 Duration=80086
Task=35 Chunk=3 Start=3229323705743 End=3229323754746 Duration=49003
Task=36 Chunk=0 Start=3229322332638 End=3229322388117 Duration=55479
Task=36 Chunk=1 Start=3229323625633 End=3229323729317 Duration=103684
Task=36 Chunk=2 Start=3229323729330 End=3229323809800 Duration=80470
Task=36 Chunk=3 Start=3229323810230 End=3229323857113 Duration=46883
Task=37 Chunk=0 Start=3229322388120 End=3229322441263 Duration=53143
Task=37 Chunk=1 Start=3229323729318 End=3229323832773 Duration=103455
Task=37 Chunk=2 Start=3229323832791 End=3229323912809 Duration=80018
Task=37 Chunk=3 Start=3229323912855 End=3229323967322 Duration=54467
Task=38 Chunk=0 Start=3229322537883 End=3229322593300 Duration=55417
Task=38 Chunk=1 Start=3229323832774 End=3229323936167 Duration=103393
Task=38 Chunk=2 Start=3229323936190 End=3229324016112 Duration=79922
Task=38 Chunk=3 Start=3229324016166 End=3229324017185 Duration=1019
Task=39 Chunk=0 Start=3229322593303 End=3229322645362 Duration=52059
Task=39 Chunk=1 Start=3229323936168 End=3229324039144 Duration=102976
Task=39 Chunk=2 Start=3229324039158 End=3229324119315 Duration=80157
Task=39 Chunk=3 Start=3229324119367 End=3229324159794 Duration=40427
Task=40 Chunk=0 Start=3229322738293 End=3229322793590 Duration=55297
Task=40 Chunk=1 Start=3229324039145 End=3229324142355 Duration=103210
Task=40 Chunk=2 Start=3229324142366 End=3229324222322 Duration=79956
Task=40 Chunk=3 Start=3229324222328 End=3229324265133 Duration=42805
Task=41 Chunk=0 Start=3229322793593 End=3229322845746 Duration=52153
Task=41 Chunk=1 Start=3229324142356 End=3229324245527 Duration=103171
Task=41 Chunk=2 Start=3229324245541 End=3229324325491 Duration=79950
Task=41 Chunk=3 Start=3229324325544 End=3229324369133 Duration=43589
Task=42 Chunk=0 Start=3229322941626 End=3229322997229 Duration=55603
Task=42 Chunk=1 Start=3229324245528 End=3229324348638 Duration=103110
Task=42 Chunk=2 Start=3229324348664 End=3229324429072 Duration=80408
Task=42 Chunk=3 Start=3229324429120 End=3229324476733 Duration=47613
Task=43 Chunk=0 Start=3229322997231 End=3229323049254 Duration=52023
Task=43 Chunk=1 Start=3229324348639 End=3229324451651 Duration=103012
Task=43 Chunk=2 Start=3229324451670 End=3229324531858 Duration=80188
Task=43 Chunk=3 Start=3229324532345 End=3229324569107 Duration=36762
Task=44 Chunk=0 Start=3229323135447 End=3229323190947 Duration=55500
Task=44 Chunk=1 Start=3229324451652 End=3229324554883 Duration=103231
Task=44 Chunk=2 Start=3229324554895 End=3229324635232 Duration=80337
Task=44 Chunk=3 Start=3229324635261 End=3229324669023 Duration=33762
Task=45 Chunk=0 Start=3229323190949 End=3229323242879 Duration=51930
Task=45 Chunk=1 Start=3229324554883 End=3229324658366 Duration=103483
Task=45 Chunk=2 Start=3229324658383 End=3229324738524 Duration=80141
Task=45 Chunk=3 Start=3229324738560 End=3229324775631 Duration=37071
Task=46 Chunk=0 Start=3229323336594 End=3229323392245 Duration=55651
Task=46 Chunk=1 Start=3229324658367 End=3229324761536 Duration=103169
Task=46 Chunk=2 Start=3229324761553 End=3229324841350 Duration=79797
Task=46 Chunk=3 Start=3229324841391 End=3229324882575 Duration=41184
Task=47 Chunk=0 Start=3229323438596 End=3229323494046 Duration=55450
Task=47 Chunk=1 Start=3229324761537 End=3229324864900 Duration=103363
Task=47 Chunk=2 Start=3229324864914 End=3229324944759 Duration=79845
Task=47 Chunk=3 Start=3229324944806 End=3229324998210 Duration=53404
Task=48 Chunk=0 Start=3229323540319 End=3229323599177 Duration=58858
Task=48 Chunk=1 Start=3229324864900 End=3229324967691 Duration=102791
Task=48 Chunk=2 Start=3229324967699 End=3229325048558 Duration=80859
Task=48 Chunk=3 Start=3229325048604 End=3229325049633 Duration=1029
Task=49 Chunk=0 Start=3229323647786 End=3229323702953 Duration=55167
Task=49 Chunk=1 Start=3229324967692 End=3229325070993 Duration=103301
Task=49 Chunk=2 Start=3229325071014 End=3229325151074 Duration=80060
Task=49 Chunk=3 Start=3229325151090 End=3229325197107 Duration=46017
Task=50 Chunk=0 Start=3229323754916 End=3229323810321 Duration=55405
Task=50 Chunk=1 Start=3229325070994 End=3229325174391 Duration=103397
Task=50 Chunk=2 Start=3229325174413 End=3229325254471 Duration=80058
Task=50 Chunk=3 Start=3229325254520 End=3229325292246 Duration=37726
Task=51 Chunk=0 Start=3229323857229 End=3229323912329 Duration=55100
Task=51 Chunk=1 Start=3229325174392 End=3229325277376 Duration=102984
Task=51 Chunk=2 Start=3229325277399 End=3229325357714 Duration=80315
Task=51 Chunk=3 Start=3229325357754 End=3229325401109 Duration=43355
Task=52 Chunk=0 Start=3229323967479 End=3229324022749 Duration=55270
Task=52 Chunk=1 Start=3229325277377 End=3229325380382 Duration=103005
Task=52 Chunk=2 Start=3229325380408 End=3229325460397 Duration=79989
Task=52 Chunk=3 Start=3229325460454 End=3229325506148 Duration=45694
Task=53 Chunk=0 Start=3229324022753 End=3229324075118 Duration=52365
Task=53 Chunk=1 Start=3229325380384 End=3229325483773 Duration=103389
Task=53 Chunk=2 Start=3229325483791 End=3229325563618 Duration=79827
Task=53 Chunk=3 Start=3229325563655 End=3229325612270 Duration=48615
Task=54 Chunk=0 Start=3229324159939 End=3229324215365 Duration=55426
Task=54 Chunk=1 Start=3229325483775 End=3229325586591 Duration=102816
Task=54 Chunk=2 Start=3229325586595 End=3229325666829 Duration=80234
Task=54 Chunk=3 Start=3229325667465 End=3229325715398 Duration=47933
Task=55 Chunk=0 Start=3229324265281 End=3229324320385 Duration=55104
Task=55 Chunk=1 Start=3229325586592 End=3229325689297 Duration=102705
Task=55 Chunk=2 Start=3229325689307 End=3229325769705 Duration=80398
Task=55 Chunk=3 Start=3229325769772 End=3229325824604 Duration=54832
Task=56 Chunk=0 Start=3229324369279 End=3229324424703 Duration=55424
Task=56 Chunk=1 Start=3229325689298 End=3229325792617 Duration=103319
Task=56 Chunk=2 Start=3229325792623 End=3229325872612 Duration=79989
Task=56 Chunk=3 Start=3229325872636 End=3229325873653 Duration=1017
Task=57 Chunk=0 Start=3229324476842 End=3229324532466 Duration=55624
Task=57 Chunk=1 Start=3229325792617 End=3229325895851 Duration=103234
Task=57 Chunk=2 Start=3229325895870 End=3229325976271 Duration=80401
Task=57 Chunk=3 Start=3229325976327 End=3229326058832 Duration=82505
Task=58 Chunk=0 Start=3229324569232 End=3229324624464 Duration=55232
Task=58 Chunk=1 Start=3229325895852 End=3229325999363 Duration=103511
Task=58 Chunk=2 Start=3229325999387 End=3229326079786 Duration=80399
Task=58 Chunk=3 Start=3229326079837 End=3229326080974 Duration=1137
Task=59 Chunk=0 Start=3229324669149 End=3229324724461 Duration=55312
Task=59 Chunk=1 Start=3229325999364 End=3229326102339 Duration=102975
Task=59 Chunk=2 Start=3229326102351 End=3229326182332 Duration=79981
Task=59 Chunk=3 Start=3229326182370 End=3229326256839 Duration=74469
Task=60 Chunk=0 Start=3229324775741 End=3229324830900 Duration=55159
Task=60 Chunk=1 Start=3229326102340 End=3229326205901 Duration=103561
Task=60 Chunk=2 Start=3229326205920 End=3229326286077 Duration=80157
Task=60 Chunk=3 Start=3229326286095 End=3229326287094 Duration=999
Task=61 Chunk=0 Start=3229324882719 End=3229324947809 Duration=65090
Task=61 Chunk=1 Start=3229326205901 End=3229326309629 Duration=103728
Task=61 Chunk=2 Start=3229326309648 End=3229326390075 Duration=80427
Task=61 Chunk=3 Start=3229326390138 End=3229326452063 Duration=61925
Task=62 Chunk=0 Start=3229324998362 End=3229325054133 Duration=55771
Task=62 Chunk=1 Start=3229326309630 End=3229326413280 Duration=103650
Task=62 Chunk=2 Start=3229326413297 End=3229326493131 Duration=79834
Task=62 Chunk=3 Start=3229326493180 End=3229326494234 Duration=1054
Task=63 Chunk=0 Start=3229325054138 End=3229325106073 Duration=51935
Task=63 Chunk=1 Start=3229326413281 End=3229326516605 Duration=103324
Task=63 Chunk=2 Start=3229326516618 End=3229326597160 Duration=80542
Task=63 Chunk=3 Start=3229326597197 End=3229326653267 Duration=56070
Task=64 Chunk=0 Start=3229325197232 End=3229325252480 Duration=55248
Task=64 Chunk=1 Start=3229326516606 End=3229326620651 Duration=104045
Task=64 Chunk=2 Start=3229326620668 End=3229326701017 Duration=80349
Task=64 Chunk=3 Start=3229326701063 End=3229326702096 Duration=1033
Task=65 Chunk=0 Start=3229325292403 End=3229325347818 Duration=55415
Task=65 Chunk=1 Start=3229326620652 End=3229326724472 Duration=103820
Task=65 Chunk=2 Start=3229326724483 End=3229326804483 Duration=80000
Task=65 Chunk=3 Start=3229326804517 End=3229326855918 Duration=51401
Task=66 Chunk=0 Start=3229325401262 End=3229325456541 Duration=55279
Task=66 Chunk=1 Start=3229326724472 End=3229326828397 Duration=103925
Task=66 Chunk=2 Start=3229326828411 End=3229326908799 Duration=80388
Task=66 Chunk=3 Start=3229326908826 End=3229326959521 Duration=50695
Task=67 Chunk=0 Start=3229325506285 End=3229325561367 Duration=55082
Task=67 Chunk=1 Start=3229326828397 End=3229326932031 Duration=103634
Task=67 Chunk=2 Start=3229326932051 End=3229327012581 Duration=80530
Task=67 Chunk=3 Start=3229327012593 End=3229327064394 Duration=51801
Task=68 Chunk=0 Start=3229325612374 End=3229325667550 Duration=55176
Task=68 Chunk=1 Start=3229326932032 End=3229327034954 Duration=102922
Task=68 Chunk=2 Start=3229327034962 End=3229327114794 Duration=79832
Task=68 Chunk=3 Start=3229327114798 End=3229327115846 Duration=1048
Task=69 Chunk=0 Start=3229325715536 End=3229325773099 Duration=57563
Task=69 Chunk=1 Start=3229327034955 End=3229327138120 Duration=103165
Task=69 Chunk=2 Start=3229327138127 End=3229327218547 Duration=80420
Task=69 Chunk=3 Start=3229327218556 End=3229327264212 Duration=45656
Task=70 Chunk=0 Start=3229325824751 End=3229325880129 Duration=55378
Task=70 Chunk=1 Start=3229327138120 End=3229327241863 Duration=103743
Task=70 Chunk=2 Start=3229327241881 End=3229327322179 Duration=80298
Task=70 Chunk=3 Start=3229327322190 End=3229327367469 Duration=45279
Task=71 Chunk=0 Start=3229325880133 End=3229325936793 Duration=56660
Task=71 Chunk=1 Start=3229327241863 End=3229327345115 Duration=103252
Task=71 Chunk=2 Start=3229327345125 End=3229327425052 Duration=79927
Task=71 Chunk=3 Start=3229327425103 End=3229327475170 Duration=50067
Task=72 Chunk=0 Start=3229326058981 End=3229326114814 Duration=55833
Task=72 Chunk=1 Start=3229327345116 End=3229327448268 Duration=103152
Task=72 Chunk=2 Start=3229327448295 End=3229327528625 Duration=80330
Task=72 Chunk=3 Start=3229327528667 End=3229327568746 Duration=40079
Task=73 Chunk=0 Start=3229326114819 End=3229326166707 Duration=51888
Task=73 Chunk=1 Start=3229327448269 End=3229327555715 Duration=107446
Task=73 Chunk=2 Start=3229327555740 End=3229327636117 Duration=80377
Task=73 Chunk=3 Start=3229327636155 End=3229327672103 Duration=35948
Task=74 Chunk=0 Start=3229326256960 End=3229326312037 Duration=55077
Task=74 Chunk=1 Start=3229327555717 End=3229327659196 Duration=103479
Task=74 Chunk=2 Start=3229327659203 End=3229327739215 Duration=80012
Task=74 Chunk=3 Start=3229327739278 End=3229327776022 Duration=36744
Task=75 Chunk=0 Start=3229326312040 End=3229326363918 Duration=51878
Task=75 Chunk=1 Start=3229327659196 End=3229327762181 Duration=102985
Task=75 Chunk=2 Start=3229327762205 End=3229327842878 Duration=80673
Task=75 Chunk=3 Start=3229327842925 End=3229327884389 Duration=41464
Task=76 Chunk=0 Start=3229326452191 End=3229326507507 Duration=55316
Task=76 Chunk=1 Start=3229327762181 End=3229327865752 Duration=103571
Task=76 Chunk=2 Start=3229327865772 End=3229327946044 Duration=80272
Task=76 Chunk=3 Start=3229327946071 End=3229327991745 Duration=45674
Task=77 Chunk=0 Start=3229326507509 End=3229326559852 Duration=52343
Task=77 Chunk=1 Start=3229327865752 End=3229327969185 Duration=103433
Task=77 Chunk=2 Start=3229327969204 End=3229328049114 Duration=79910
Task=77 Chunk=3 Start=3229328049169 End=3229328096560 Duration=47391
Task=78 Chunk=0 Start=3229326653427 End=3229326709025 Duration=55598
Task=78 Chunk=1 Start=3229327969185 End=3229328072732 Duration=103547
Task=78 Chunk=2 Start=3229328072743 End=3229328153111 Duration=80368
Task=78 Chunk=3 Start=3229328153123 End=3229328197245 Duration=44122
Task=79 Chunk=0 Start=3229326709027 End=3229326760969 Duration=51942
Task=79 Chunk=1 Start=3229328072733 End=3229328176782 Duration=104049
Task=79 Chunk=2 Start=3229328176800 End=3229328257181 Duration=80381
Task=79 Chunk=3 Start=3229328257223 End=3229328305773 Duration=48550
Task=80 Chunk=0 Start=3229326856068 End=3229326911422 Duration=55354
Task=80 Chunk=1 Start=3229328176784 End=3229328280420 Duration=103636
Task=80 Chunk=2 Start=3229328280435 End=3229328360512 Duration=80077
Task=80 Chunk=3 Start=3229328361011 End=3229328409555 Duration=48544
Task=81 Chunk=0 Start=3229326959622 End=3229327015037 Duration=55415
Task=81 Chunk=1 Start=3229328280421 End=3229328384080 Duration=103659
Task=81 Chunk=2 Start=3229328384103 End=3229328464202 Duration=80099
Task=81 Chunk=3 Start=3229328464558 End=3229328514272 Duration=49714
Task=82 Chunk=0 Start=3229327064560 End=3229327119568 Duration=55008
Task=82 Chunk=1 Start=3229328384081 End=3229328487457 Duration=103376
Task=82 Chunk=2 Start=3229328487476 End=3229328567845 Duration=80369
Task=82 Chunk=3 Start=3229328567856 End=3229328613481 Duration=45625
Task=83 Chunk=0 Start=3229327119572 End=3229327171868 Duration=52296
Task=83 Chunk=1 Start=3229328487458 End=3229328590747 Duration=103289
Task=83 Chunk=2 Start=3229328590755 End=3229328670665 Duration=79910
Task=83 Chunk=3 Start=3229328670710 End=3229328738344 Duration=67634
Task=84 Chunk=0 Start=3229327264345 End=3229327319694 Duration=55349
Task=84 Chunk=1 Start=3229328590749 End=3229328694191 Duration=103442
Task=84 Chunk=2 Start=3229328694209 End=3229328774168 Duration=79959
Task=84 Chunk=3 Start=3229328774228 End=3229328775321 Duration=1093
Task=85 Chunk=0 Start=3229327367583 End=3229327422480 Duration=54897
Task=85 Chunk=1 Start=3229328694192 End=3229328796956 Duration=102764
Task=85 Chunk=2 Start=3229328796963 End=3229328877354 Duration=80391
Task=85 Chunk=3 Start=3229328877367 End=3229328878435 Duration=1068
Task=86 Chunk=0 Start=3229327475296 End=3229327530600 Duration=55304
Task=86 Chunk=1 Start=3229328796957 End=3229328900017 Duration=103060
Task=86 Chunk=2 Start=3229328900030 End=3229328979979 Duration=79949
Task=86 Chunk=3 Start=3229328980019 End=3229328980989 Duration=970
Task=87 Chunk=0 Start=3229327568846 End=3229327624186 Duration=55340
Task=87 Chunk=1 Start=3229328900017 End=3229329003781 Duration=103764
Task=87 Chunk=2 Start=3229329003788 End=3229329083786 Duration=79998
Task=87 Chunk=3 Start=3229329083810 End=3229329084926 Duration=1116
Task=88 Chunk=0 Start=3229327672270 End=3229327727317 Duration=55047
Task=88 Chunk=1 Start=3229329003782 End=3229329107386 Duration=103604
Task=88 Chunk=2 Start=3229329107406 End=3229329187805 Duration=80399
Task=88 Chunk=3 Start=3229329187868 End=3229329188937 Duration=1069
Task=89 Chunk=0 Start=3229327776161 End=3229327831202 Duration=55041
Task=89 Chunk=1 Start=3229329107387 End=3229329210914 Duration=103527
Task=89 Chunk=2 Start=3229329210934 End=3229329291122 Duration=80188
Task=89 Chunk=3 Start=3229329291145 End=3229329292157 Duration=1012
Task=90 Chunk=0 Start=3229327884527 End=3229327939895 Duration=55368
Task=90 Chunk=1 Start=3229329210915 End=3229329314468 Duration=103553
Task=90 Chunk=2 Start=3229329314476 End=3229329394248 Duration=79772
Task=90 Chunk=3 Start=3229329394256 End=3229329395277 Duration=1021
Task=91 Chunk=0 Start=3229327991857 End=3229328047123 Duration=55266
Task=91 Chunk=1 Start=3229329314468 End=3229329418034 Duration=103566
Task=91 Chunk=2 Start=3229329418044 End=3229329498159 Duration=80115
Task=91 Chunk=3 Start=3229329498198 End=3229329499268 Duration=1070
Task=92 Chunk=0 Start=3229328096681 End=3229328153482 Duration=56801
Task=92 Chunk=1 Start=3229329418034 End=3229329520983 Duration=102949
Task=92 Chunk=2 Start=3229329521008 End=3229329600824 Duration=79816
Task=92 Chunk=3 Start=3229329600840 End=3229329601766 Duration=926
Task=93 Chunk=0 Start=3229328197350 End=3229328252755 Duration=55405
Task=93 Chunk=1 Start=3229329520983 End=3229329624440 Duration=103457
Task=93 Chunk=2 Start=3229329624451 End=3229329704438 Duration=79987
Task=93 Chunk=3 Start=3229329704493 End=3229329705423 Duration=930
Task=94 Chunk=0 Start=3229328305961 End=3229328361092 Duration=55131
Task=94 Chunk=1 Start=3229329624441 End=3229329727400 Duration=102959
Task=94 Chunk=2 Start=3229329727411 End=3229329807716 Duration=80305
Task=94 Chunk=3 Start=3229329807765 End=3229329808824 Duration=1059
Task=95 Chunk=0 Start=3229328409669 End=3229328464640 Duration=54971
Task=95 Chunk=1 Start=3229329727400 End=3229329830552 Duration=103152
Task=95 Chunk=2 Start=3229329830567 End=3229329910618 Duration=80051
Task=95 Chunk=3 Start=3229329910685 End=3229329911636 Duration=951
Task=96 Chunk=0 Start=3229328514436 End=3229328569772 Duration=55336
Task=96 Chunk=1 Start=3229329830552 End=3229329934570 Duration=104018
Task=96 Chunk=2 Start=3229329934582 End=3229330014474 Duration=79892
Task=96 Chunk=3 Start=3229330014540 End=3229330015515 Duration=975
Task=97 Chunk=0 Start=3229328613678 End=3229328668916 Duration=55238
Task=97 Chunk=1 Start=3229329934572 End=3229330037558 Duration=102986
Task=97 Chunk=2 Start=3229330037578 End=3229330117905 Duration=80327
Task=97 Chunk=3 Start=3229330117946 End=3229330118931 Duration=985
Task=98 Chunk=0 Start=3229328738455 End=3229328793885 Duration=55430
Task=98 Chunk=1 Start=3229330037559 End=3229330141115 Duration=103556
Task=98 Chunk=2 Start=3229330141126 End=3229330220998 Duration=79872
Task=98 Chunk=3 Start=3229330221048 End=3229330222003 Duration=955
Task=99 Chunk=0 Start=3229328793888 End=3229328846169 Duration=52281
Task=99 Chunk=1 Start=3229330141116 End=3229330245596 Duration=104480
Task=99 Chunk=2 Start=3229330245617 End=3229330325514 Duration=79897
Task=99 Chunk=3 Start=3229330325579 End=3229330326435 Duration=856
### Python End ###

--------------------------------
[2025-06-26 18:30:32.952] [info] Available Vulkan Layers:
[2025-06-26 18:30:32.952] [warning] Validation layer requested but not available, continuing without it...
[2025-06-26 18:30:32.956] [info] Using integrated GPU: Adreno (TM) 740
### Python Begin ###
Schedule_UID=SCH-B1G4M4-G331-98fe
Frequency=19200000 Hz
Task=0 Chunk=0 Start=3229347666325 End=3229347694373 Duration=28048
Task=0 Chunk=1 Start=3229347694388 End=3229348031662 Duration=337274
Task=0 Chunk=2 Start=3229348031682 End=3229348166471 Duration=134789
Task=1 Chunk=0 Start=3229347694375 End=3229347695532 Duration=1157
Task=1 Chunk=1 Start=3229348031667 End=3229348150292 Duration=118625
Task=1 Chunk=2 Start=3229348166476 End=3229348300815 Duration=134339
Task=2 Chunk=0 Start=3229347695533 End=3229347696246 Duration=713
Task=2 Chunk=1 Start=3229348150294 End=3229348276423 Duration=126129
Task=2 Chunk=2 Start=3229348300817 End=3229348425547 Duration=124730
Task=3 Chunk=0 Start=3229347696247 End=3229347696952 Duration=705
Task=3 Chunk=1 Start=3229348276430 End=3229348403338 Duration=126908
Task=3 Chunk=2 Start=3229348425548 End=3229348549461 Duration=123913
Task=4 Chunk=0 Start=3229347696954 End=3229347697647 Duration=693
Task=4 Chunk=1 Start=3229348403346 End=3229348531432 Duration=128086
Task=4 Chunk=2 Start=3229348549462 End=3229348674108 Duration=124646
Task=5 Chunk=0 Start=3229347697648 End=3229347698347 Duration=699
Task=5 Chunk=1 Start=3229348531441 End=3229348672685 Duration=141244
Task=5 Chunk=2 Start=3229348674109 End=3229348797273 Duration=123164
Task=6 Chunk=0 Start=3229347698348 End=3229347699049 Duration=701
Task=6 Chunk=1 Start=3229348672711 End=3229348824469 Duration=151758
Task=6 Chunk=2 Start=3229348824517 End=3229348948090 Duration=123573
Task=7 Chunk=0 Start=3229347699050 End=3229347699748 Duration=698
Task=7 Chunk=1 Start=3229348824508 End=3229348949366 Duration=124858
Task=7 Chunk=2 Start=3229348949386 End=3229349080076 Duration=130690
Task=8 Chunk=0 Start=3229347699749 End=3229347700454 Duration=705
Task=8 Chunk=1 Start=3229348949374 End=3229349080056 Duration=130682
Task=8 Chunk=2 Start=3229349080078 End=3229349204065 Duration=123987
Task=9 Chunk=0 Start=3229347700454 End=3229347701151 Duration=697
Task=9 Chunk=1 Start=3229349080069 End=3229349210224 Duration=130155
Task=9 Chunk=2 Start=3229349210237 End=3229349334073 Duration=123836
Task=10 Chunk=0 Start=3229347701152 End=3229347701842 Duration=690
Task=10 Chunk=1 Start=3229349210230 End=3229349340148 Duration=129918
Task=10 Chunk=2 Start=3229349340174 End=3229349464296 Duration=124122
Task=11 Chunk=0 Start=3229347701843 End=3229347702824 Duration=981
Task=11 Chunk=1 Start=3229349340158 End=3229349468313 Duration=128155
Task=11 Chunk=2 Start=3229349468335 End=3229349594284 Duration=125949
Task=12 Chunk=0 Start=3229347702825 End=3229347703530 Duration=705
Task=12 Chunk=1 Start=3229349468323 End=3229349595412 Duration=127089
Task=12 Chunk=2 Start=3229349595433 End=3229349732145 Duration=136712
Task=13 Chunk=0 Start=3229347703531 End=3229347704221 Duration=690
Task=13 Chunk=1 Start=3229349595424 End=3229349719419 Duration=123995
Task=13 Chunk=2 Start=3229349732147 End=3229349855726 Duration=123579
Task=14 Chunk=0 Start=3229347704222 End=3229347704922 Duration=700
Task=14 Chunk=1 Start=3229349719431 End=3229349852265 Duration=132834
Task=14 Chunk=2 Start=3229349855727 End=3229349979833 Duration=124106
Task=15 Chunk=0 Start=3229348166555 End=3229348166991 Duration=436
Task=15 Chunk=1 Start=3229349852276 End=3229349991846 Duration=139570
Task=15 Chunk=2 Start=3229349991867 End=3229350116156 Duration=124289
Task=16 Chunk=0 Start=3229348300839 End=3229348301274 Duration=435
Task=16 Chunk=1 Start=3229349991854 End=3229350121278 Duration=129424
Task=16 Chunk=2 Start=3229350121304 End=3229350245674 Duration=124370
Task=17 Chunk=0 Start=3229348425699 End=3229348426098 Duration=399
Task=17 Chunk=1 Start=3229350121288 End=3229350250857 Duration=129569
Task=17 Chunk=2 Start=3229350250876 End=3229350375125 Duration=124249
Task=18 Chunk=0 Start=3229348549476 End=3229348549823 Duration=347
Task=18 Chunk=1 Start=3229350250863 End=3229350380336 Duration=129473
Task=18 Chunk=2 Start=3229350380346 End=3229350504404 Duration=124058
Task=19 Chunk=0 Start=3229348674115 End=3229348674196 Duration=81
Task=19 Chunk=1 Start=3229350380345 End=3229350506485 Duration=126140
Task=19 Chunk=2 Start=3229350506506 End=3229350629968 Duration=123462
Task=20 Chunk=0 Start=3229348797289 End=3229348797353 Duration=64
Task=20 Chunk=1 Start=3229350506491 End=3229350634699 Duration=128208
Task=20 Chunk=2 Start=3229350634712 End=3229350759025 Duration=124313
Task=21 Chunk=0 Start=3229348948104 End=3229348948162 Duration=58
Task=21 Chunk=1 Start=3229350634709 End=3229350758646 Duration=123937
Task=21 Chunk=2 Start=3229350759027 End=3229350889032 Duration=130005
Task=22 Chunk=0 Start=3229349080091 End=3229349080146 Duration=55
Task=22 Chunk=1 Start=3229350758652 End=3229350895429 Duration=136777
Task=22 Chunk=2 Start=3229350895446 End=3229351019207 Duration=123761
Task=23 Chunk=0 Start=3229349204076 End=3229349204133 Duration=57
Task=23 Chunk=1 Start=3229350895437 End=3229351029451 Duration=134014
Task=23 Chunk=2 Start=3229351029467 End=3229351153562 Duration=124095
Task=24 Chunk=0 Start=3229349334082 End=3229349334146 Duration=64
Task=24 Chunk=1 Start=3229351029464 End=3229351162539 Duration=133075
Task=24 Chunk=2 Start=3229351162561 End=3229351286761 Duration=124200
Task=25 Chunk=0 Start=3229349464309 End=3229349464366 Duration=57
Task=25 Chunk=1 Start=3229351162545 End=3229351292082 Duration=129537
Task=25 Chunk=2 Start=3229351292096 End=3229351415379 Duration=123283
Task=26 Chunk=0 Start=3229349594298 End=3229349594357 Duration=59
Task=26 Chunk=1 Start=3229351292092 End=3229351433421 Duration=141329
Task=26 Chunk=2 Start=3229351433439 End=3229351557340 Duration=123901
Task=27 Chunk=0 Start=3229349732168 End=3229349732223 Duration=55
Task=27 Chunk=1 Start=3229351433432 End=3229351558045 Duration=124613
Task=27 Chunk=2 Start=3229351558064 End=3229351684853 Duration=126789
Task=28 Chunk=0 Start=3229349855738 End=3229349855810 Duration=72
Task=28 Chunk=1 Start=3229351558052 End=3229351691449 Duration=133397
Task=28 Chunk=2 Start=3229351691471 End=3229351815553 Duration=124082
Task=29 Chunk=0 Start=3229349979846 End=3229349979903 Duration=57
Task=29 Chunk=1 Start=3229351691457 End=3229351816180 Duration=124723
Task=29 Chunk=2 Start=3229351816194 End=3229351939730 Duration=123536
Task=30 Chunk=0 Start=3229350116173 End=3229350116229 Duration=56
Task=30 Chunk=1 Start=3229351816190 End=3229351945113 Duration=128923
Task=30 Chunk=2 Start=3229351945121 End=3229352069662 Duration=124541
Task=31 Chunk=0 Start=3229350245691 End=3229350245743 Duration=52
Task=31 Chunk=1 Start=3229351945118 End=3229352090966 Duration=145848
Task=31 Chunk=2 Start=3229352090976 End=3229352215355 Duration=124379
Task=32 Chunk=0 Start=3229350375132 End=3229350375177 Duration=45
Task=32 Chunk=1 Start=3229352090979 End=3229352218216 Duration=127237
Task=32 Chunk=2 Start=3229352218239 End=3229352342999 Duration=124760
Task=33 Chunk=0 Start=3229350504413 End=3229350504471 Duration=58
Task=33 Chunk=1 Start=3229352218226 End=3229352352437 Duration=134211
Task=33 Chunk=2 Start=3229352352464 End=3229352475723 Duration=123259
Task=34 Chunk=0 Start=3229350629983 End=3229350630028 Duration=45
Task=34 Chunk=1 Start=3229352352449 End=3229352484542 Duration=132093
Task=34 Chunk=2 Start=3229352484570 End=3229352608663 Duration=124093
Task=35 Chunk=0 Start=3229350759038 End=3229350759104 Duration=66
Task=35 Chunk=1 Start=3229352484552 End=3229352612816 Duration=128264
Task=35 Chunk=2 Start=3229352612834 End=3229352737658 Duration=124824
Task=36 Chunk=0 Start=3229350889049 End=3229350889113 Duration=64
Task=36 Chunk=1 Start=3229352612822 End=3229352751238 Duration=138416
Task=36 Chunk=2 Start=3229352751253 End=3229352875585 Duration=124332
Task=37 Chunk=0 Start=3229351019225 End=3229351019274 Duration=49
Task=37 Chunk=1 Start=3229352751244 End=3229352890907 Duration=139663
Task=37 Chunk=2 Start=3229352890921 End=3229353024820 Duration=133899
Task=38 Chunk=0 Start=3229351153583 End=3229351153650 Duration=67
Task=38 Chunk=1 Start=3229352890915 End=3229353020761 Duration=129846
Task=38 Chunk=2 Start=3229353024820 End=3229353149096 Duration=124276
Task=39 Chunk=0 Start=3229351286784 End=3229351286837 Duration=53
Task=39 Chunk=1 Start=3229353020775 End=3229353161460 Duration=140685
Task=39 Chunk=2 Start=3229353161484 End=3229353290294 Duration=128810
Task=40 Chunk=0 Start=3229351415389 End=3229351415448 Duration=59
Task=40 Chunk=1 Start=3229353161468 End=3229353294063 Duration=132595
Task=40 Chunk=2 Start=3229353294079 End=3229353418000 Duration=123921
Task=41 Chunk=0 Start=3229351557350 End=3229351557409 Duration=59
Task=41 Chunk=1 Start=3229353294072 End=3229353425590 Duration=131518
Task=41 Chunk=2 Start=3229353425609 End=3229353548941 Duration=123332
Task=42 Chunk=0 Start=3229351684874 End=3229351684930 Duration=56
Task=42 Chunk=1 Start=3229353425600 End=3229353554550 Duration=128950
Task=42 Chunk=2 Start=3229353554563 End=3229353679046 Duration=124483
Task=43 Chunk=0 Start=3229351815570 End=3229351815623 Duration=53
Task=43 Chunk=1 Start=3229353554558 End=3229353687096 Duration=132538
Task=43 Chunk=2 Start=3229353687122 End=3229353811302 Duration=124180
Task=44 Chunk=0 Start=3229351939753 End=3229351939808 Duration=55
Task=44 Chunk=1 Start=3229353687105 End=3229353811253 Duration=124148
Task=44 Chunk=2 Start=3229353811303 End=3229353934790 Duration=123487
Task=45 Chunk=0 Start=3229352069679 End=3229352069744 Duration=65
Task=45 Chunk=1 Start=3229353811264 End=3229353935502 Duration=124238
Task=45 Chunk=2 Start=3229353935512 End=3229354060866 Duration=125354
Task=46 Chunk=0 Start=3229352215373 End=3229352215423 Duration=50
Task=46 Chunk=1 Start=3229353935508 End=3229354092402 Duration=156894
Task=46 Chunk=2 Start=3229354092415 End=3229354217465 Duration=125050
Task=47 Chunk=0 Start=3229352343009 End=3229352343294 Duration=285
Task=47 Chunk=1 Start=3229354092412 End=3229354229918 Duration=137506
Task=47 Chunk=2 Start=3229354229941 End=3229354353733 Duration=123792
Task=48 Chunk=0 Start=3229352475735 End=3229352475788 Duration=53
Task=48 Chunk=1 Start=3229354229929 End=3229354357319 Duration=127390
Task=48 Chunk=2 Start=3229354357333 End=3229354481196 Duration=123863
Task=49 Chunk=0 Start=3229352608681 End=3229352608743 Duration=62
Task=49 Chunk=1 Start=3229354357336 End=3229354499943 Duration=142607
Task=49 Chunk=2 Start=3229354499966 End=3229354623373 Duration=123407
Task=50 Chunk=0 Start=3229352737672 End=3229352737730 Duration=58
Task=50 Chunk=1 Start=3229354499952 End=3229354627073 Duration=127121
Task=50 Chunk=2 Start=3229354627091 End=3229354751020 Duration=123929
Task=51 Chunk=0 Start=3229352875601 End=3229352875663 Duration=62
Task=51 Chunk=1 Start=3229354627080 End=3229354754160 Duration=127080
Task=51 Chunk=2 Start=3229354754183 End=3229354884224 Duration=130041
Task=52 Chunk=0 Start=3229353024849 End=3229353024927 Duration=78
Task=52 Chunk=1 Start=3229354754169 End=3229354879767 Duration=125598
Task=52 Chunk=2 Start=3229354884225 End=3229355012418 Duration=128193
Task=53 Chunk=0 Start=3229353149110 End=3229353149164 Duration=54
Task=53 Chunk=1 Start=3229354879776 End=3229355007202 Duration=127426
Task=53 Chunk=2 Start=3229355012419 End=3229355141332 Duration=128913
Task=54 Chunk=0 Start=3229353290302 End=3229353290351 Duration=49
Task=54 Chunk=1 Start=3229355007207 End=3229355131088 Duration=123881
Task=54 Chunk=2 Start=3229355141333 End=3229355266010 Duration=124677
Task=55 Chunk=0 Start=3229353418008 End=3229353418072 Duration=64
Task=55 Chunk=1 Start=3229355131093 End=3229355289447 Duration=158354
Task=55 Chunk=2 Start=3229355289473 End=3229355414016 Duration=124543
Task=56 Chunk=0 Start=3229353548949 End=3229353549001 Duration=52
Task=56 Chunk=1 Start=3229355289456 End=3229355429923 Duration=140467
Task=56 Chunk=2 Start=3229355429948 End=3229355558316 Duration=128368
Task=57 Chunk=0 Start=3229353679049 End=3229353679104 Duration=55
Task=57 Chunk=1 Start=3229355429939 End=3229355556530 Duration=126591
Task=57 Chunk=2 Start=3229355558317 End=3229355683058 Duration=124741
Task=58 Chunk=0 Start=3229353811319 End=3229353811385 Duration=66
Task=58 Chunk=1 Start=3229355556540 End=3229355692097 Duration=135557
Task=58 Chunk=2 Start=3229355692106 End=3229355816369 Duration=124263
Task=59 Chunk=0 Start=3229353934815 End=3229353934866 Duration=51
Task=59 Chunk=1 Start=3229355692105 End=3229355821923 Duration=129818
Task=59 Chunk=2 Start=3229355821935 End=3229355945448 Duration=123513
Task=60 Chunk=0 Start=3229354060880 End=3229354060926 Duration=46
Task=60 Chunk=1 Start=3229355821932 End=3229355949704 Duration=127772
Task=60 Chunk=2 Start=3229355949715 End=3229356074396 Duration=124681
Task=61 Chunk=0 Start=3229354217472 End=3229354217526 Duration=54
Task=61 Chunk=1 Start=3229355949710 End=3229356086230 Duration=136520
Task=61 Chunk=2 Start=3229356086246 End=3229356211384 Duration=125138
Task=62 Chunk=0 Start=3229354353738 End=3229354353787 Duration=49
Task=62 Chunk=1 Start=3229356086236 End=3229356219092 Duration=132856
Task=62 Chunk=2 Start=3229356219103 End=3229356345670 Duration=126567
Task=63 Chunk=0 Start=3229354481202 End=3229354481264 Duration=62
Task=63 Chunk=1 Start=3229356219101 End=3229356415655 Duration=196554
Task=63 Chunk=2 Start=3229356415667 End=3229356539211 Duration=123544
Task=64 Chunk=0 Start=3229354623383 End=3229354623449 Duration=66
Task=64 Chunk=1 Start=3229356415663 End=3229356542304 Duration=126641
Task=64 Chunk=2 Start=3229356542320 End=3229356666484 Duration=124164
Task=65 Chunk=0 Start=3229354751023 End=3229354751079 Duration=56
Task=65 Chunk=1 Start=3229356542316 End=3229356673081 Duration=130765
Task=65 Chunk=2 Start=3229356673103 End=3229356808405 Duration=135302
Task=66 Chunk=0 Start=3229354884240 End=3229354884298 Duration=58
Task=66 Chunk=1 Start=3229356673089 End=3229356816528 Duration=143439
Task=66 Chunk=2 Start=3229356816551 End=3229356942323 Duration=125772
Task=67 Chunk=0 Start=3229355012432 End=3229355012493 Duration=61
Task=67 Chunk=1 Start=3229356816537 End=3229356947025 Duration=130488
Task=67 Chunk=2 Start=3229356947050 End=3229357076648 Duration=129598
Task=68 Chunk=0 Start=3229355141342 End=3229355141409 Duration=67
Task=68 Chunk=1 Start=3229356947033 End=3229357079495 Duration=132462
Task=68 Chunk=2 Start=3229357079504 End=3229357203156 Duration=123652
Task=69 Chunk=0 Start=3229355266025 End=3229355266085 Duration=60
Task=69 Chunk=1 Start=3229357079501 End=3229357202589 Duration=123088
Task=69 Chunk=2 Start=3229357203156 End=3229357325847 Duration=122691
Task=70 Chunk=0 Start=3229355414027 End=3229355414081 Duration=54
Task=70 Chunk=1 Start=3229357202599 End=3229357346023 Duration=143424
Task=70 Chunk=2 Start=3229357346030 End=3229357469321 Duration=123291
Task=71 Chunk=0 Start=3229355558328 End=3229355558402 Duration=74
Task=71 Chunk=1 Start=3229357346030 End=3229357469839 Duration=123809
Task=71 Chunk=2 Start=3229357469861 End=3229357597230 Duration=127369
Task=72 Chunk=0 Start=3229355683076 End=3229355683130 Duration=54
Task=72 Chunk=1 Start=3229357469846 End=3229357608580 Duration=138734
Task=72 Chunk=2 Start=3229357608593 End=3229357732461 Duration=123868
Task=73 Chunk=0 Start=3229355816388 End=3229355816446 Duration=58
Task=73 Chunk=1 Start=3229357608594 End=3229357735566 Duration=126972
Task=73 Chunk=2 Start=3229357735584 End=3229357859292 Duration=123708
Task=74 Chunk=0 Start=3229355945470 End=3229355945520 Duration=50
Task=74 Chunk=1 Start=3229357735578 End=3229357908073 Duration=172495
Task=74 Chunk=2 Start=3229357908092 End=3229358032157 Duration=124065
Task=75 Chunk=0 Start=3229356074406 End=3229356074460 Duration=54
Task=75 Chunk=1 Start=3229357908091 End=3229358035972 Duration=127881
Task=75 Chunk=2 Start=3229358035983 End=3229358167532 Duration=131549
Task=76 Chunk=0 Start=3229356211394 End=3229356211457 Duration=63
Task=76 Chunk=1 Start=3229358035981 End=3229358167628 Duration=131647
Task=76 Chunk=2 Start=3229358167652 End=3229358291986 Duration=124334
Task=77 Chunk=0 Start=3229356345681 End=3229356345733 Duration=52
Task=77 Chunk=1 Start=3229358167634 End=3229358301665 Duration=134031
Task=77 Chunk=2 Start=3229358301675 End=3229358428636 Duration=126961
Task=78 Chunk=0 Start=3229356539224 End=3229356539275 Duration=51
Task=78 Chunk=1 Start=3229358301674 End=3229358448786 Duration=147112
Task=78 Chunk=2 Start=3229358448804 End=3229358573916 Duration=125112
Task=79 Chunk=0 Start=3229356666497 End=3229356666548 Duration=51
Task=79 Chunk=1 Start=3229358448792 End=3229358577257 Duration=128465
Task=79 Chunk=2 Start=3229358577283 End=3229358703565 Duration=126282
Task=80 Chunk=0 Start=3229356808413 End=3229356808460 Duration=47
Task=80 Chunk=1 Start=3229358577267 End=3229358700903 Duration=123636
Task=80 Chunk=2 Start=3229358703566 End=3229358829095 Duration=125529
Task=81 Chunk=0 Start=3229356942335 End=3229356942384 Duration=49
Task=81 Chunk=1 Start=3229358700913 End=3229358832998 Duration=132085
Task=81 Chunk=2 Start=3229358833005 End=3229358957153 Duration=124148
Task=82 Chunk=0 Start=3229357076666 End=3229357076719 Duration=53
Task=82 Chunk=1 Start=3229358833004 End=3229358956647 Duration=123643
Task=82 Chunk=2 Start=3229358957155 End=3229359081448 Duration=124293
Task=83 Chunk=0 Start=3229357203162 End=3229357203232 Duration=70
Task=83 Chunk=1 Start=3229358956653 End=3229359085817 Duration=129164
Task=83 Chunk=2 Start=3229359085828 End=3229359212520 Duration=126692
Task=84 Chunk=0 Start=3229357325856 End=3229357325913 Duration=57
Task=84 Chunk=1 Start=3229359085823 End=3229359221901 Duration=136078
Task=84 Chunk=2 Start=3229359221923 End=3229359345999 Duration=124076
Task=85 Chunk=0 Start=3229357469339 End=3229357469411 Duration=72
Task=85 Chunk=1 Start=3229359221910 End=3229359346661 Duration=124751
Task=85 Chunk=2 Start=3229359346674 End=3229359473693 Duration=127019
Task=86 Chunk=0 Start=3229357597235 End=3229357597288 Duration=53
Task=86 Chunk=1 Start=3229359346670 End=3229359491746 Duration=145076
Task=86 Chunk=2 Start=3229359491772 End=3229359615795 Duration=124023
Task=87 Chunk=0 Start=3229357732479 End=3229357732548 Duration=69
Task=87 Chunk=1 Start=3229359491780 End=3229359621662 Duration=129882
Task=87 Chunk=2 Start=3229359621689 End=3229359746910 Duration=125221
Task=88 Chunk=0 Start=3229357859554 End=3229357859616 Duration=62
Task=88 Chunk=1 Start=3229359621680 End=3229359761005 Duration=139325
Task=88 Chunk=2 Start=3229359761021 End=3229359885703 Duration=124682
Task=89 Chunk=0 Start=3229358032166 End=3229358032227 Duration=61
Task=89 Chunk=1 Start=3229359761023 End=3229359898259 Duration=137236
Task=89 Chunk=2 Start=3229359898291 End=3229360029696 Duration=131405
Task=90 Chunk=0 Start=3229358167542 End=3229358167592 Duration=50
Task=90 Chunk=1 Start=3229359898286 End=3229360038148 Duration=139862
Task=90 Chunk=2 Start=3229360038175 End=3229360162842 Duration=124667
Task=91 Chunk=0 Start=3229358292004 End=3229358292064 Duration=60
Task=91 Chunk=1 Start=3229360038164 End=3229360188552 Duration=150388
Task=91 Chunk=2 Start=3229360188585 End=3229360313876 Duration=125291
Task=92 Chunk=0 Start=3229358428643 End=3229358428694 Duration=51
Task=92 Chunk=1 Start=3229360188572 End=3229360341969 Duration=153397
Task=92 Chunk=2 Start=3229360341995 End=3229360476244 Duration=134249
Task=93 Chunk=0 Start=3229358573926 End=3229358573984 Duration=58
Task=93 Chunk=1 Start=3229360341988 End=3229360477230 Duration=135242
Task=93 Chunk=2 Start=3229360477248 End=3229360605061 Duration=127813
Task=94 Chunk=0 Start=3229358703574 End=3229358703640 Duration=66
Task=94 Chunk=1 Start=3229360477244 End=3229360621859 Duration=144615
Task=94 Chunk=2 Start=3229360621877 End=3229360748270 Duration=126393
Task=95 Chunk=0 Start=3229358829105 End=3229358829159 Duration=54
Task=95 Chunk=1 Start=3229360621871 End=3229360763600 Duration=141729
Task=95 Chunk=2 Start=3229360763615 End=3229360896961 Duration=133346
Task=96 Chunk=0 Start=3229358957184 End=3229358957260 Duration=76
Task=96 Chunk=1 Start=3229360763613 End=3229360925062 Duration=161449
Task=96 Chunk=2 Start=3229360925087 End=3229361052023 Duration=126936
Task=97 Chunk=0 Start=3229359081455 End=3229359081518 Duration=63
Task=97 Chunk=1 Start=3229360925070 End=3229361083987 Duration=158917
Task=97 Chunk=2 Start=3229361084004 End=3229361210439 Duration=126435
Task=98 Chunk=0 Start=3229359212534 End=3229359212594 Duration=60
Task=98 Chunk=1 Start=3229361083997 End=3229361257970 Duration=173973
Task=98 Chunk=2 Start=3229361258015 End=3229361392058 Duration=134043
Task=99 Chunk=0 Start=3229359346013 End=3229359346069 Duration=56
Task=99 Chunk=1 Start=3229361257998 End=3229361431951 Duration=173953
Task=99 Chunk=2 Start=3229361431979 End=3229361558096 Duration=126117
### Python End ###

--------------------------------
[2025-06-26 18:30:34.557] [info] Available Vulkan Layers:
[2025-06-26 18:30:34.557] [warning] Validation layer requested but not available, continuing without it...
[2025-06-26 18:30:34.561] [info] Using integrated GPU: Adreno (TM) 740
### Python Begin ###
Schedule_UID=SCH-G2B3M4-G354-eeac
Frequency=19200000 Hz
Task=0 Chunk=0 Start=3229378413143 End=3229378691906 Duration=278763
Task=0 Chunk=1 Start=3229378691912 End=3229378948512 Duration=256600
Task=0 Chunk=2 Start=3229378948540 End=3229379077821 Duration=129281
Task=1 Chunk=0 Start=3229378691906 End=3229378750844 Duration=58938
Task=1 Chunk=1 Start=3229378948515 End=3229379081619 Duration=133104
Task=1 Chunk=2 Start=3229379081639 End=3229379205811 Duration=124172
Task=2 Chunk=0 Start=3229378750845 End=3229378810687 Duration=59842
Task=2 Chunk=1 Start=3229379081620 End=3229379214588 Duration=132968
Task=2 Chunk=2 Start=3229379214602 End=3229379345107 Duration=130505
Task=3 Chunk=0 Start=3229378810688 End=3229378869156 Duration=58468
Task=3 Chunk=1 Start=3229379214588 End=3229379358575 Duration=143987
Task=3 Chunk=2 Start=3229379358597 End=3229379492850 Duration=134253
Task=4 Chunk=0 Start=3229378869157 End=3229378929322 Duration=60165
Task=4 Chunk=1 Start=3229379358576 End=3229379500622 Duration=142046
Task=4 Chunk=2 Start=3229379500660 End=3229379642004 Duration=141344
Task=5 Chunk=0 Start=3229378929336 End=3229378989833 Duration=60497
Task=5 Chunk=1 Start=3229379500624 End=3229379650600 Duration=149976
Task=5 Chunk=2 Start=3229379650620 End=3229379794471 Duration=143851
Task=6 Chunk=0 Start=3229378989838 End=3229379050994 Duration=61156
Task=6 Chunk=1 Start=3229379650601 End=3229379799791 Duration=149190
Task=6 Chunk=2 Start=3229379799809 End=3229379939568 Duration=139759
Task=7 Chunk=0 Start=3229379050998 End=3229379110194 Duration=59196
Task=7 Chunk=1 Start=3229379799792 End=3229379945750 Duration=145958
Task=7 Chunk=2 Start=3229379945768 End=3229380084932 Duration=139164
Task=8 Chunk=0 Start=3229379110199 End=3229379169108 Duration=58909
Task=8 Chunk=1 Start=3229379945751 End=3229380093521 Duration=147770
Task=8 Chunk=2 Start=3229380093543 End=3229380223449 Duration=129906
Task=9 Chunk=0 Start=3229379169114 End=3229379230755 Duration=61641
Task=9 Chunk=1 Start=3229380093522 End=3229380229314 Duration=135792
Task=9 Chunk=2 Start=3229380229336 End=3229380353403 Duration=124067
Task=10 Chunk=0 Start=3229379230768 End=3229379306469 Duration=75701
Task=10 Chunk=1 Start=3229380229316 End=3229380362758 Duration=133442
Task=10 Chunk=2 Start=3229380362774 End=3229380492933 Duration=130159
Task=11 Chunk=0 Start=3229379306483 End=3229379374336 Duration=67853
Task=11 Chunk=1 Start=3229380362759 End=3229380499622 Duration=136863
Task=11 Chunk=2 Start=3229380499645 End=3229380627239 Duration=127594
Task=12 Chunk=0 Start=3229379374351 End=3229379445287 Duration=70936
Task=12 Chunk=1 Start=3229380499623 End=3229380637267 Duration=137644
Task=12 Chunk=2 Start=3229380637295 End=3229380766243 Duration=128948
Task=13 Chunk=0 Start=3229379445296 End=3229379514592 Duration=69296
Task=13 Chunk=1 Start=3229380637268 End=3229380772870 Duration=135602
Task=13 Chunk=2 Start=3229380772897 End=3229380900541 Duration=127644
Task=14 Chunk=0 Start=3229379514600 End=3229379582973 Duration=68373
Task=14 Chunk=1 Start=3229380772871 End=3229380907820 Duration=134949
Task=14 Chunk=2 Start=3229380907837 End=3229381035380 Duration=127543
Task=15 Chunk=0 Start=3229379582983 End=3229379650248 Duration=67265
Task=15 Chunk=1 Start=3229380907821 End=3229381043367 Duration=135546
Task=15 Chunk=2 Start=3229381043377 End=3229381169856 Duration=126479
Task=16 Chunk=0 Start=3229379650254 End=3229379723235 Duration=72981
Task=16 Chunk=1 Start=3229381043368 End=3229381180825 Duration=137457
Task=16 Chunk=2 Start=3229381180861 End=3229381313058 Duration=132197
Task=17 Chunk=0 Start=3229379723248 End=3229379800792 Duration=77544
Task=17 Chunk=1 Start=3229381180826 End=3229381322073 Duration=141247
Task=17 Chunk=2 Start=3229381322090 End=3229381448717 Duration=126627
Task=18 Chunk=0 Start=3229379800799 End=3229379866846 Duration=66047
Task=18 Chunk=1 Start=3229381322074 End=3229381455878 Duration=133804
Task=18 Chunk=2 Start=3229381455890 End=3229381579496 Duration=123606
Task=19 Chunk=0 Start=3229379866851 End=3229379941866 Duration=75015
Task=19 Chunk=1 Start=3229381455879 End=3229381588539 Duration=132660
Task=19 Chunk=2 Start=3229381588569 End=3229381713096 Duration=124527
Task=20 Chunk=0 Start=3229379941883 End=3229380011987 Duration=70104
Task=20 Chunk=1 Start=3229381588540 End=3229381722626 Duration=134086
Task=20 Chunk=2 Start=3229381722648 End=3229381847213 Duration=124565
Task=21 Chunk=0 Start=3229380011994 End=3229380081806 Duration=69812
Task=21 Chunk=1 Start=3229381722626 End=3229381855336 Duration=132710
Task=21 Chunk=2 Start=3229381855345 End=3229381979231 Duration=123886
Task=22 Chunk=0 Start=3229380084988 End=3229380157323 Duration=72335
Task=22 Chunk=1 Start=3229381855336 End=3229381988289 Duration=132953
Task=22 Chunk=2 Start=3229381988304 End=3229382116466 Duration=128162
Task=23 Chunk=0 Start=3229380225315 End=3229380302631 Duration=77316
Task=23 Chunk=1 Start=3229381988290 End=3229382123088 Duration=134798
Task=23 Chunk=2 Start=3229382123103 End=3229382251760 Duration=128657
Task=24 Chunk=0 Start=3229380353418 End=3229380422562 Duration=69144
Task=24 Chunk=1 Start=3229382123088 End=3229382261647 Duration=138559
Task=24 Chunk=2 Start=3229382261700 End=3229382389522 Duration=127822
Task=25 Chunk=0 Start=3229380492998 End=3229380564019 Duration=71021
Task=25 Chunk=1 Start=3229382261648 End=3229382399952 Duration=138304
Task=25 Chunk=2 Start=3229382399987 End=3229382529498 Duration=129511
Task=26 Chunk=0 Start=3229380627371 End=3229380695994 Duration=68623
Task=26 Chunk=1 Start=3229382399953 End=3229382534395 Duration=134442
Task=26 Chunk=2 Start=3229382534404 End=3229382660643 Duration=126239
Task=27 Chunk=0 Start=3229380766354 End=3229380840032 Duration=73678
Task=27 Chunk=1 Start=3229382534396 End=3229382670121 Duration=135725
Task=27 Chunk=2 Start=3229382670149 End=3229382802435 Duration=132286
Task=28 Chunk=0 Start=3229380900552 End=3229380970239 Duration=69687
Task=28 Chunk=1 Start=3229382670123 End=3229382807038 Duration=136915
Task=28 Chunk=2 Start=3229382807058 End=3229382931545 Duration=124487
Task=29 Chunk=0 Start=3229381035498 End=3229381103424 Duration=67926
Task=29 Chunk=1 Start=3229382807039 End=3229382940561 Duration=133522
Task=29 Chunk=2 Start=3229382940571 End=3229383065047 Duration=124476
Task=30 Chunk=0 Start=3229381169915 End=3229381239599 Duration=69684
Task=30 Chunk=1 Start=3229382940562 End=3229383073540 Duration=132978
Task=30 Chunk=2 Start=3229383073546 End=3229383196821 Duration=123275
Task=31 Chunk=0 Start=3229381313123 End=3229381392507 Duration=79384
Task=31 Chunk=1 Start=3229383073541 End=3229383205378 Duration=131837
Task=31 Chunk=2 Start=3229383205427 End=3229383330574 Duration=125147
Task=32 Chunk=0 Start=3229381449825 End=3229381512917 Duration=63092
Task=32 Chunk=1 Start=3229383205380 End=3229383338715 Duration=133335
Task=32 Chunk=2 Start=3229383338732 End=3229383464682 Duration=125950
Task=33 Chunk=0 Start=3229381579546 End=3229381643067 Duration=63521
Task=33 Chunk=1 Start=3229383338716 End=3229383474171 Duration=135455
Task=33 Chunk=2 Start=3229383474212 End=3229383601408 Duration=127196
Task=34 Chunk=0 Start=3229381713212 End=3229381777420 Duration=64208
Task=34 Chunk=1 Start=3229383474172 End=3229383610730 Duration=136558
Task=34 Chunk=2 Start=3229383610752 End=3229383733920 Duration=123168
Task=35 Chunk=0 Start=3229381847290 End=3229381910372 Duration=63082
Task=35 Chunk=1 Start=3229383610731 End=3229383743925 Duration=133194
Task=35 Chunk=2 Start=3229383743951 End=3229383868494 Duration=124543
Task=36 Chunk=0 Start=3229381979287 End=3229382050183 Duration=70896
Task=36 Chunk=1 Start=3229383743926 End=3229383876800 Duration=132874
Task=36 Chunk=2 Start=3229383876811 End=3229384001628 Duration=124817
Task=37 Chunk=0 Start=3229382116575 End=3229382186240 Duration=69665
Task=37 Chunk=1 Start=3229383876801 End=3229384009960 Duration=133159
Task=37 Chunk=2 Start=3229384009973 End=3229384132906 Duration=122933
Task=38 Chunk=0 Start=3229382251936 End=3229382320738 Duration=68802
Task=38 Chunk=1 Start=3229384009961 End=3229384142600 Duration=132639
Task=38 Chunk=2 Start=3229384142633 End=3229384266211 Duration=123578
Task=39 Chunk=0 Start=3229382389535 End=3229382460271 Duration=70736
Task=39 Chunk=1 Start=3229384142601 End=3229384274782 Duration=132181
Task=39 Chunk=2 Start=3229384274818 End=3229384399855 Duration=125037
Task=40 Chunk=0 Start=3229382529658 End=3229382607431 Duration=77773
Task=40 Chunk=1 Start=3229384274783 End=3229384407942 Duration=133159
Task=40 Chunk=2 Start=3229384407949 End=3229384532778 Duration=124829
Task=41 Chunk=0 Start=3229382660754 End=3229382728655 Duration=67901
Task=41 Chunk=1 Start=3229384407943 End=3229384540560 Duration=132617
Task=41 Chunk=2 Start=3229384540577 End=3229384664015 Duration=123438
Task=42 Chunk=0 Start=3229382802581 End=3229382866979 Duration=64398
Task=42 Chunk=1 Start=3229384540560 End=3229384673507 Duration=132947
Task=42 Chunk=2 Start=3229384673518 End=3229384797850 Duration=124332
Task=43 Chunk=0 Start=3229382931619 End=3229382995544 Duration=63925
Task=43 Chunk=1 Start=3229384673508 End=3229384806480 Duration=132972
Task=43 Chunk=2 Start=3229384806497 End=3229384931251 Duration=124754
Task=44 Chunk=0 Start=3229383065142 End=3229383128024 Duration=62882
Task=44 Chunk=1 Start=3229384806481 End=3229384939464 Duration=132983
Task=44 Chunk=2 Start=3229384939481 End=3229385063869 Duration=124388
Task=45 Chunk=0 Start=3229383196903 End=3229383259422 Duration=62519
Task=45 Chunk=1 Start=3229384939465 End=3229385072156 Duration=132691
Task=45 Chunk=2 Start=3229385072170 End=3229385195473 Duration=123303
Task=46 Chunk=0 Start=3229383330716 End=3229383393413 Duration=62697
Task=46 Chunk=1 Start=3229385072157 End=3229385204064 Duration=131907
Task=46 Chunk=2 Start=3229385204074 End=3229385328775 Duration=124701
Task=47 Chunk=0 Start=3229383464769 End=3229383544185 Duration=79416
Task=47 Chunk=1 Start=3229385204065 End=3229385337334 Duration=133269
Task=47 Chunk=2 Start=3229385337364 End=3229385462595 Duration=125231
Task=48 Chunk=0 Start=3229383601497 End=3229383665851 Duration=64354
Task=48 Chunk=1 Start=3229385337335 End=3229385470762 Duration=133427
Task=48 Chunk=2 Start=3229385470785 End=3229385597740 Duration=126955
Task=49 Chunk=0 Start=3229383734037 End=3229383797322 Duration=63285
Task=49 Chunk=1 Start=3229385470762 End=3229385603640 Duration=132878
Task=49 Chunk=2 Start=3229385603659 End=3229385727119 Duration=123460
Task=50 Chunk=0 Start=3229383868637 End=3229383931700 Duration=63063
Task=50 Chunk=1 Start=3229385603641 End=3229385736553 Duration=132912
Task=50 Chunk=2 Start=3229385736567 End=3229385864944 Duration=128377
Task=51 Chunk=0 Start=3229384001711 End=3229384066441 Duration=64730
Task=51 Chunk=1 Start=3229385736554 End=3229385869491 Duration=132937
Task=51 Chunk=2 Start=3229385869500 End=3229385993933 Duration=124433
Task=52 Chunk=0 Start=3229384133025 End=3229384196639 Duration=63614
Task=52 Chunk=1 Start=3229385869492 End=3229386002884 Duration=133392
Task=52 Chunk=2 Start=3229386002900 End=3229386126974 Duration=124074
Task=53 Chunk=0 Start=3229384266248 End=3229384328858 Duration=62610
Task=53 Chunk=1 Start=3229386002885 End=3229386135711 Duration=132826
Task=53 Chunk=2 Start=3229386135740 End=3229386259170 Duration=123430
Task=54 Chunk=0 Start=3229384400017 End=3229384463901 Duration=63884
Task=54 Chunk=1 Start=3229386135712 End=3229386267977 Duration=132265
Task=54 Chunk=2 Start=3229386267994 End=3229386393191 Duration=125197
Task=55 Chunk=0 Start=3229384532867 End=3229384602574 Duration=69707
Task=55 Chunk=1 Start=3229386267978 End=3229386400405 Duration=132427
Task=55 Chunk=2 Start=3229386400415 End=3229386525515 Duration=125100
Task=56 Chunk=0 Start=3229384664088 End=3229384726023 Duration=61935
Task=56 Chunk=1 Start=3229386400406 End=3229386533226 Duration=132820
Task=56 Chunk=2 Start=3229386533242 End=3229386657564 Duration=124322
Task=57 Chunk=0 Start=3229384797898 End=3229384861757 Duration=63859
Task=57 Chunk=1 Start=3229386533227 End=3229386665317 Duration=132090
Task=57 Chunk=2 Start=3229386665329 End=3229386789657 Duration=124328
Task=58 Chunk=0 Start=3229384931292 End=3229384993865 Duration=62573
Task=58 Chunk=1 Start=3229386665318 End=3229386797988 Duration=132670
Task=58 Chunk=2 Start=3229386798008 End=3229386922958 Duration=124950
Task=59 Chunk=0 Start=3229385063972 End=3229385128685 Duration=64713
Task=59 Chunk=1 Start=3229386797988 End=3229386930857 Duration=132869
Task=59 Chunk=2 Start=3229386930881 End=3229387053345 Duration=122464
Task=60 Chunk=0 Start=3229385195517 End=3229385258140 Duration=62623
Task=60 Chunk=1 Start=3229386930858 End=3229387063724 Duration=132866
Task=60 Chunk=2 Start=3229387063746 End=3229387187175 Duration=123429
Task=61 Chunk=0 Start=3229385328880 End=3229385391914 Duration=63034
Task=61 Chunk=1 Start=3229387063725 End=3229387195793 Duration=132068
Task=61 Chunk=2 Start=3229387195812 End=3229387320719 Duration=124907
Task=62 Chunk=0 Start=3229385462646 End=3229385530476 Duration=67830
Task=62 Chunk=1 Start=3229387195793 End=3229387328533 Duration=132740
Task=62 Chunk=2 Start=3229387328550 End=3229387454061 Duration=125511
Task=63 Chunk=0 Start=3229385597771 End=3229385660343 Duration=62572
Task=63 Chunk=1 Start=3229387328534 End=3229387462183 Duration=133649
Task=63 Chunk=2 Start=3229387462198 End=3229387586311 Duration=124113
Task=64 Chunk=0 Start=3229385727179 End=3229385789544 Duration=62365
Task=64 Chunk=1 Start=3229387462184 End=3229387595738 Duration=133554
Task=64 Chunk=2 Start=3229387595764 End=3229387719623 Duration=123859
Task=65 Chunk=0 Start=3229385865075 End=3229385929297 Duration=64222
Task=65 Chunk=1 Start=3229387595738 End=3229387729269 Duration=133531
Task=65 Chunk=2 Start=3229387729290 End=3229387853733 Duration=124443
Task=66 Chunk=0 Start=3229385993951 End=3229386060165 Duration=66214
Task=66 Chunk=1 Start=3229387729270 End=3229387862180 Duration=132910
Task=66 Chunk=2 Start=3229387862190 End=3229387986872 Duration=124682
Task=67 Chunk=0 Start=3229386127021 End=3229386189570 Duration=62549
Task=67 Chunk=1 Start=3229387862181 End=3229387995946 Duration=133765
Task=67 Chunk=2 Start=3229387995963 End=3229388119426 Duration=123463
Task=68 Chunk=0 Start=3229386259246 End=3229386321959 Duration=62713
Task=68 Chunk=1 Start=3229387995946 End=3229388128120 Duration=132174
Task=68 Chunk=2 Start=3229388128145 End=3229388255197 Duration=127052
Task=69 Chunk=0 Start=3229386393324 End=3229386455515 Duration=62191
Task=69 Chunk=1 Start=3229388128120 End=3229388262191 Duration=134071
Task=69 Chunk=2 Start=3229388262195 End=3229388389358 Duration=127163
Task=70 Chunk=0 Start=3229386525642 End=3229386592740 Duration=67098
Task=70 Chunk=1 Start=3229388262192 End=3229388396709 Duration=134517
Task=70 Chunk=2 Start=3229388396721 End=3229388524940 Duration=128219
Task=71 Chunk=0 Start=3229386657573 End=3229386719718 Duration=62145
Task=71 Chunk=1 Start=3229388396710 End=3229388531519 Duration=134809
Task=71 Chunk=2 Start=3229388531524 End=3229388659399 Duration=127875
Task=72 Chunk=0 Start=3229386789795 End=3229386852001 Duration=62206
Task=72 Chunk=1 Start=3229388531520 End=3229388669185 Duration=137665
Task=72 Chunk=2 Start=3229388669226 End=3229388798098 Duration=128872
Task=73 Chunk=0 Start=3229386923039 End=3229386986899 Duration=63860
Task=73 Chunk=1 Start=3229388669186 End=3229388803428 Duration=134242
Task=73 Chunk=2 Start=3229388803442 End=3229388933608 Duration=130166
Task=74 Chunk=0 Start=3229387053386 End=3229387118746 Duration=65360
Task=74 Chunk=1 Start=3229388803429 End=3229388939832 Duration=136403
Task=74 Chunk=2 Start=3229388939850 End=3229389064173 Duration=124323
Task=75 Chunk=0 Start=3229387187275 End=3229387251125 Duration=63850
Task=75 Chunk=1 Start=3229388939833 End=3229389072614 Duration=132781
Task=75 Chunk=2 Start=3229389072661 End=3229389196107 Duration=123446
Task=76 Chunk=0 Start=3229387320797 End=3229387383280 Duration=62483
Task=76 Chunk=1 Start=3229389072615 End=3229389204673 Duration=132058
Task=76 Chunk=2 Start=3229389204709 End=3229389329700 Duration=124991
Task=77 Chunk=0 Start=3229387454195 End=3229387523292 Duration=69097
Task=77 Chunk=1 Start=3229389204674 End=3229389337637 Duration=132963
Task=77 Chunk=2 Start=3229389337661 End=3229389462974 Duration=125313
Task=78 Chunk=0 Start=3229387586331 End=3229387647999 Duration=61668
Task=78 Chunk=1 Start=3229389337637 End=3229389471495 Duration=133858
Task=78 Chunk=2 Start=3229389471503 End=3229389596480 Duration=124977
Task=79 Chunk=0 Start=3229387719741 End=3229387782254 Duration=62513
Task=79 Chunk=1 Start=3229389471496 End=3229389605751 Duration=134255
Task=79 Chunk=2 Start=3229389605773 End=3229389729509 Duration=123736
Task=80 Chunk=0 Start=3229387853801 End=3229387917449 Duration=63648
Task=80 Chunk=1 Start=3229389605752 End=3229389738599 Duration=132847
Task=80 Chunk=2 Start=3229389738627 End=3229389863129 Duration=124502
Task=81 Chunk=0 Start=3229387987017 End=3229388049388 Duration=62371
Task=81 Chunk=1 Start=3229389738600 End=3229389873032 Duration=134432
Task=81 Chunk=2 Start=3229389873037 End=3229389997385 Duration=124348
Task=82 Chunk=0 Start=3229388119545 End=3229388186835 Duration=67290
Task=82 Chunk=1 Start=3229389873033 End=3229390006471 Duration=133438
Task=82 Chunk=2 Start=3229390006503 End=3229390130849 Duration=124346
Task=83 Chunk=0 Start=3229388255339 End=3229388324963 Duration=69624
Task=83 Chunk=1 Start=3229390006472 End=3229390139078 Duration=132606
Task=83 Chunk=2 Start=3229390139146 End=3229390262607 Duration=123461
Task=84 Chunk=0 Start=3229388389462 End=3229388459260 Duration=69798
Task=84 Chunk=1 Start=3229390139079 End=3229390270842 Duration=131763
Task=84 Chunk=2 Start=3229390270866 End=3229390402628 Duration=131762
Task=85 Chunk=0 Start=3229388525022 End=3229388599112 Duration=74090
Task=85 Chunk=1 Start=3229390270843 End=3229390403484 Duration=132641
Task=85 Chunk=2 Start=3229390403508 End=3229390529303 Duration=125795
Task=86 Chunk=0 Start=3229388659482 End=3229388728104 Duration=68622
Task=86 Chunk=1 Start=3229390403485 End=3229390536513 Duration=133028
Task=86 Chunk=2 Start=3229390536525 End=3229390660826 Duration=124301
Task=87 Chunk=0 Start=3229388798141 End=3229388867878 Duration=69737
Task=87 Chunk=1 Start=3229390536514 End=3229390668574 Duration=132060
Task=87 Chunk=2 Start=3229390668601 End=3229390792858 Duration=124257
Task=88 Chunk=0 Start=3229388933635 End=3229388996138 Duration=62503
Task=88 Chunk=1 Start=3229390668575 End=3229390800661 Duration=132086
Task=88 Chunk=2 Start=3229390800689 End=3229390925067 Duration=124378
Task=89 Chunk=0 Start=3229389064299 End=3229389126618 Duration=62319
Task=89 Chunk=1 Start=3229390800662 End=3229390932670 Duration=132008
Task=89 Chunk=2 Start=3229390932687 End=3229391057110 Duration=124423
Task=90 Chunk=0 Start=3229389196226 End=3229389259115 Duration=62889
Task=90 Chunk=1 Start=3229390932672 End=3229391064799 Duration=132127
Task=90 Chunk=2 Start=3229391064824 End=3229391199107 Duration=134283
Task=91 Chunk=0 Start=3229389329717 End=3229389393220 Duration=63503
Task=91 Chunk=1 Start=3229391064800 End=3229391196972 Duration=132172
Task=91 Chunk=2 Start=3229391199112 End=3229391323439 Duration=124327
Task=92 Chunk=0 Start=3229389463011 End=3229389526481 Duration=63470
Task=92 Chunk=1 Start=3229391196973 End=3229391328943 Duration=131970
Task=92 Chunk=2 Start=3229391328962 End=3229391453231 Duration=124269
Task=93 Chunk=0 Start=3229389596591 End=3229389662674 Duration=66083
Task=93 Chunk=1 Start=3229391328944 End=3229391461393 Duration=132449
Task=93 Chunk=2 Start=3229391461416 End=3229391584874 Duration=123458
Task=94 Chunk=0 Start=3229389729620 End=3229389792301 Duration=62681
Task=94 Chunk=1 Start=3229391461394 End=3229391594733 Duration=133339
Task=94 Chunk=2 Start=3229391594753 End=3229391718640 Duration=123887
Task=95 Chunk=0 Start=3229389863225 End=3229389925628 Duration=62403
Task=95 Chunk=1 Start=3229391594734 End=3229391726802 Duration=132068
Task=95 Chunk=2 Start=3229391726813 End=3229391850758 Duration=123945
Task=96 Chunk=0 Start=3229389997541 End=3229390060083 Duration=62542
Task=96 Chunk=1 Start=3229391726806 End=3229391859183 Duration=132377
Task=96 Chunk=2 Start=3229391859195 End=3229391983561 Duration=124366
Task=97 Chunk=0 Start=3229390130984 End=3229390193476 Duration=62492
Task=97 Chunk=1 Start=3229391859184 End=3229391992028 Duration=132844
Task=97 Chunk=2 Start=3229391992038 End=3229392117387 Duration=125349
Task=98 Chunk=0 Start=3229390262753 End=3229390325254 Duration=62501
Task=98 Chunk=1 Start=3229391992029 End=3229392124328 Duration=132299
Task=98 Chunk=2 Start=3229392124357 End=3229392248077 Duration=123720
Task=99 Chunk=0 Start=3229390402791 End=3229390468194 Duration=65403
Task=99 Chunk=1 Start=3229392124329 End=3229392255810 Duration=131481
Task=99 Chunk=2 Start=3229392255832 End=3229392385085 Duration=129253
### Python End ###

--------------------------------
[2025-06-26 18:30:36.162] [info] Available Vulkan Layers:
[2025-06-26 18:30:36.162] [warning] Validation layer requested but not available, continuing without it...
[2025-06-26 18:30:36.166] [info] Using integrated GPU: Adreno (TM) 740
### Python Begin ###
Schedule_UID=SCH-G3B1M3L2-G354-c866
Frequency=19200000 Hz
Task=0 Chunk=0 Start=3229409131347 End=3229409444665 Duration=313318
Task=0 Chunk=1 Start=3229409444689 End=3229409474597 Duration=29908
Task=0 Chunk=2 Start=3229409474619 End=3229409799897 Duration=325278
Task=0 Chunk=3 Start=3229409799927 End=3229409811701 Duration=11774
Task=1 Chunk=0 Start=3229409444668 End=3229409554692 Duration=110024
Task=1 Chunk=1 Start=3229409554811 End=3229409555495 Duration=684
Task=1 Chunk=2 Start=3229409799902 End=3229409886050 Duration=86148
Task=1 Chunk=3 Start=3229409886109 End=3229409887215 Duration=1106
Task=2 Chunk=0 Start=3229409554694 End=3229409672439 Duration=117745
Task=2 Chunk=1 Start=3229409672463 End=3229409672694 Duration=231
Task=2 Chunk=2 Start=3229409886051 End=3229409966993 Duration=80942
Task=2 Chunk=3 Start=3229409967013 End=3229409968121 Duration=1108
Task=3 Chunk=0 Start=3229409672451 End=3229409792748 Duration=120297
Task=3 Chunk=1 Start=3229409792776 End=3229409792850 Duration=74
Task=3 Chunk=2 Start=3229409966994 End=3229410047528 Duration=80534
Task=3 Chunk=3 Start=3229410047594 End=3229410048879 Duration=1285
Task=4 Chunk=0 Start=3229409792760 End=3229409898569 Duration=105809
Task=4 Chunk=1 Start=3229409898594 End=3229409898691 Duration=97
Task=4 Chunk=2 Start=3229410047529 End=3229410127815 Duration=80286
Task=4 Chunk=3 Start=3229410127889 End=3229410128931 Duration=1042
Task=5 Chunk=0 Start=3229409898573 End=3229409999913 Duration=101340
Task=5 Chunk=1 Start=3229409999934 End=3229410000038 Duration=104
Task=5 Chunk=2 Start=3229410127816 End=3229410207781 Duration=79965
Task=5 Chunk=3 Start=3229410207818 End=3229410208868 Duration=1050
Task=6 Chunk=0 Start=3229409999917 End=3229410100378 Duration=100461
Task=6 Chunk=1 Start=3229410100383 End=3229410100466 Duration=83
Task=6 Chunk=2 Start=3229410207782 End=3229410288128 Duration=80346
Task=6 Chunk=3 Start=3229410288176 End=3229410289242 Duration=1066
Task=7 Chunk=0 Start=3229410100382 End=3229410200637 Duration=100255
Task=7 Chunk=1 Start=3229410200655 End=3229410200718 Duration=63
Task=7 Chunk=2 Start=3229410288128 End=3229410368076 Duration=79948
Task=7 Chunk=3 Start=3229410368104 End=3229410369171 Duration=1067
Task=8 Chunk=0 Start=3229410200641 End=3229410300687 Duration=100046
Task=8 Chunk=1 Start=3229410300710 End=3229410300785 Duration=75
Task=8 Chunk=2 Start=3229410368077 End=3229410448431 Duration=80354
Task=8 Chunk=3 Start=3229410448496 End=3229410449546 Duration=1050
Task=9 Chunk=0 Start=3229410300690 End=3229410400388 Duration=99698
Task=9 Chunk=1 Start=3229410400406 End=3229410400475 Duration=69
Task=9 Chunk=2 Start=3229410448432 End=3229410528362 Duration=79930
Task=9 Chunk=3 Start=3229410528401 End=3229410529455 Duration=1054
Task=10 Chunk=0 Start=3229410400392 End=3229410500084 Duration=99692
Task=10 Chunk=1 Start=3229410500108 End=3229410500212 Duration=104
Task=10 Chunk=2 Start=3229410528363 End=3229410608647 Duration=80284
Task=10 Chunk=3 Start=3229410608663 End=3229410609752 Duration=1089
Task=11 Chunk=0 Start=3229410500088 End=3229410600323 Duration=100235
Task=11 Chunk=1 Start=3229410600334 End=3229410600414 Duration=80
Task=11 Chunk=2 Start=3229410608648 End=3229410688752 Duration=80104
Task=11 Chunk=3 Start=3229410688780 End=3229410689854 Duration=1074
Task=12 Chunk=0 Start=3229410600329 End=3229410700973 Duration=100644
Task=12 Chunk=1 Start=3229410700977 End=3229410701054 Duration=77
Task=12 Chunk=2 Start=3229410701063 End=3229410781513 Duration=80450
Task=12 Chunk=3 Start=3229410781549 End=3229410782624 Duration=1075
Task=13 Chunk=0 Start=3229410700977 End=3229410800871 Duration=99894
Task=13 Chunk=1 Start=3229410800884 End=3229410800958 Duration=74
Task=13 Chunk=2 Start=3229410800978 End=3229410881160 Duration=80182
Task=13 Chunk=3 Start=3229410881191 End=3229410882262 Duration=1071
Task=14 Chunk=0 Start=3229410800875 End=3229410901086 Duration=100211
Task=14 Chunk=1 Start=3229410901092 End=3229410901163 Duration=71
Task=14 Chunk=2 Start=3229410901171 End=3229410982387 Duration=81216
Task=14 Chunk=3 Start=3229410982448 End=3229410983962 Duration=1514
Task=15 Chunk=0 Start=3229410901090 End=3229411011440 Duration=110350
Task=15 Chunk=1 Start=3229411011453 End=3229411011515 Duration=62
Task=15 Chunk=2 Start=3229411011533 End=3229411091786 Duration=80253
Task=15 Chunk=3 Start=3229411092583 End=3229411195472 Duration=102889
Task=16 Chunk=0 Start=3229411011444 End=3229411116276 Duration=104832
Task=16 Chunk=1 Start=3229411116285 End=3229411116374 Duration=89
Task=16 Chunk=2 Start=3229411116393 End=3229411196583 Duration=80190
Task=16 Chunk=3 Start=3229411196588 End=3229411197654 Duration=1066
Task=17 Chunk=0 Start=3229411116281 End=3229411222624 Duration=106343
Task=17 Chunk=1 Start=3229411222644 End=3229411222729 Duration=85
Task=17 Chunk=2 Start=3229411222740 End=3229411302638 Duration=79898
Task=17 Chunk=3 Start=3229411306326 End=3229411338843 Duration=32517
Task=18 Chunk=0 Start=3229411222629 End=3229411325026 Duration=102397
Task=18 Chunk=1 Start=3229411325048 End=3229411325114 Duration=66
Task=18 Chunk=2 Start=3229411325129 End=3229411404955 Duration=79826
Task=18 Chunk=3 Start=3229411404960 End=3229411406051 Duration=1091
Task=19 Chunk=0 Start=3229411325032 End=3229411425439 Duration=100407
Task=19 Chunk=1 Start=3229411425445 End=3229411425517 Duration=72
Task=19 Chunk=2 Start=3229411425525 End=3229411505667 Duration=80142
Task=19 Chunk=3 Start=3229411505726 End=3229411506804 Duration=1078
Task=20 Chunk=0 Start=3229411425443 End=3229411528086 Duration=102643
Task=20 Chunk=1 Start=3229411528097 End=3229411528205 Duration=108
Task=20 Chunk=2 Start=3229411528222 End=3229411608203 Duration=79981
Task=20 Chunk=3 Start=3229411608244 End=3229411609329 Duration=1085
Task=21 Chunk=0 Start=3229411528090 End=3229411627952 Duration=99862
Task=21 Chunk=1 Start=3229411627965 End=3229411628044 Duration=79
Task=21 Chunk=2 Start=3229411628059 End=3229411708750 Duration=80691
Task=21 Chunk=3 Start=3229411709271 End=3229411711672 Duration=2401
Task=22 Chunk=0 Start=3229411627956 End=3229411728105 Duration=100149
Task=22 Chunk=1 Start=3229411728112 End=3229411728198 Duration=86
Task=22 Chunk=2 Start=3229411728208 End=3229411808355 Duration=80147
Task=22 Chunk=3 Start=3229411808413 End=3229411809501 Duration=1088
Task=23 Chunk=0 Start=3229411728109 End=3229411827874 Duration=99765
Task=23 Chunk=1 Start=3229411827895 End=3229411827978 Duration=83
Task=23 Chunk=2 Start=3229411827998 End=3229411907957 Duration=79959
Task=23 Chunk=3 Start=3229411907965 End=3229411909032 Duration=1067
Task=24 Chunk=0 Start=3229411827878 End=3229411927986 Duration=100108
Task=24 Chunk=1 Start=3229411927992 End=3229411928099 Duration=107
Task=24 Chunk=2 Start=3229411928113 End=3229412008430 Duration=80317
Task=24 Chunk=3 Start=3229412008445 End=3229412009523 Duration=1078
Task=25 Chunk=0 Start=3229411927990 End=3229412027963 Duration=99973
Task=25 Chunk=1 Start=3229412027973 End=3229412028050 Duration=77
Task=25 Chunk=2 Start=3229412028061 End=3229412108272 Duration=80211
Task=25 Chunk=3 Start=3229412108326 End=3229412109399 Duration=1073
Task=26 Chunk=0 Start=3229412027966 End=3229412128099 Duration=100133
Task=26 Chunk=1 Start=3229412128123 End=3229412128227 Duration=104
Task=26 Chunk=2 Start=3229412128248 End=3229412208184 Duration=79936
Task=26 Chunk=3 Start=3229412208222 End=3229412209299 Duration=1077
Task=27 Chunk=0 Start=3229412128103 End=3229412228574 Duration=100471
Task=27 Chunk=1 Start=3229412228588 End=3229412228660 Duration=72
Task=27 Chunk=2 Start=3229412228678 End=3229412308889 Duration=80211
Task=27 Chunk=3 Start=3229412308917 End=3229412309987 Duration=1070
Task=28 Chunk=0 Start=3229412228577 End=3229412328300 Duration=99723
Task=28 Chunk=1 Start=3229412328318 End=3229412328399 Duration=81
Task=28 Chunk=2 Start=3229412328413 End=3229412408659 Duration=80246
Task=28 Chunk=3 Start=3229412408699 End=3229412409787 Duration=1088
Task=29 Chunk=0 Start=3229412328304 End=3229412428108 Duration=99804
Task=29 Chunk=1 Start=3229412428131 End=3229412428210 Duration=79
Task=29 Chunk=2 Start=3229412428223 End=3229412508107 Duration=79884
Task=29 Chunk=3 Start=3229412508123 End=3229412509249 Duration=1126
Task=30 Chunk=0 Start=3229412428112 End=3229412529508 Duration=101396
Task=30 Chunk=1 Start=3229412529519 End=3229412529596 Duration=77
Task=30 Chunk=2 Start=3229412529600 End=3229412609827 Duration=80227
Task=30 Chunk=3 Start=3229412609853 End=3229412610940 Duration=1087
Task=31 Chunk=0 Start=3229412529512 End=3229412630440 Duration=100928
Task=31 Chunk=1 Start=3229412630450 End=3229412630508 Duration=58
Task=31 Chunk=2 Start=3229412630526 End=3229412712010 Duration=81484
Task=31 Chunk=3 Start=3229412712042 End=3229412713131 Duration=1089
Task=32 Chunk=0 Start=3229412630444 End=3229412730397 Duration=99953
Task=32 Chunk=1 Start=3229412730412 End=3229412730486 Duration=74
Task=32 Chunk=2 Start=3229412730496 End=3229412810380 Duration=79884
Task=32 Chunk=3 Start=3229412810433 End=3229412811501 Duration=1068
Task=33 Chunk=0 Start=3229412730401 End=3229412830887 Duration=100486
Task=33 Chunk=1 Start=3229412830903 End=3229412830974 Duration=71
Task=33 Chunk=2 Start=3229412830986 End=3229412911192 Duration=80206
Task=33 Chunk=3 Start=3229412911250 End=3229412912317 Duration=1067
Task=34 Chunk=0 Start=3229412830891 End=3229412931005 Duration=100114
Task=34 Chunk=1 Start=3229412931012 End=3229412931078 Duration=66
Task=34 Chunk=2 Start=3229412931097 End=3229413010992 Duration=79895
Task=34 Chunk=3 Start=3229413011045 End=3229413012124 Duration=1079
Task=35 Chunk=0 Start=3229412931009 End=3229413030715 Duration=99706
Task=35 Chunk=1 Start=3229413030736 End=3229413030847 Duration=111
Task=35 Chunk=2 Start=3229413030855 End=3229413110741 Duration=79886
Task=35 Chunk=3 Start=3229413110794 End=3229413111865 Duration=1071
Task=36 Chunk=0 Start=3229413030719 End=3229413130353 Duration=99634
Task=36 Chunk=1 Start=3229413130377 End=3229413130442 Duration=65
Task=36 Chunk=2 Start=3229413130451 End=3229413210683 Duration=80232
Task=36 Chunk=3 Start=3229413210712 End=3229413211791 Duration=1079
Task=37 Chunk=0 Start=3229413130357 End=3229413230610 Duration=100253
Task=37 Chunk=1 Start=3229413230623 End=3229413230706 Duration=83
Task=37 Chunk=2 Start=3229413230727 End=3229413310675 Duration=79948
Task=37 Chunk=3 Start=3229413310687 End=3229413311757 Duration=1070
Task=38 Chunk=0 Start=3229413230614 End=3229413330535 Duration=99921
Task=38 Chunk=1 Start=3229413330548 End=3229413330658 Duration=110
Task=38 Chunk=2 Start=3229413330666 End=3229413410560 Duration=79894
Task=38 Chunk=3 Start=3229413410599 End=3229413411671 Duration=1072
Task=39 Chunk=0 Start=3229413330539 End=3229413430277 Duration=99738
Task=39 Chunk=1 Start=3229413430294 End=3229413430383 Duration=89
Task=39 Chunk=2 Start=3229413430396 End=3229413510728 Duration=80332
Task=39 Chunk=3 Start=3229413510752 End=3229413511825 Duration=1073
Task=40 Chunk=0 Start=3229413430281 End=3229413530445 Duration=100164
Task=40 Chunk=1 Start=3229413530452 End=3229413530530 Duration=78
Task=40 Chunk=2 Start=3229413530542 End=3229413610423 Duration=79881
Task=40 Chunk=3 Start=3229413610443 End=3229413611539 Duration=1096
Task=41 Chunk=0 Start=3229413530448 End=3229413631245 Duration=100797
Task=41 Chunk=1 Start=3229413631250 End=3229413631334 Duration=84
Task=41 Chunk=2 Start=3229413631344 End=3229413711212 Duration=79868
Task=41 Chunk=3 Start=3229413711234 End=3229413712316 Duration=1082
Task=42 Chunk=0 Start=3229413631249 End=3229413731555 Duration=100306
Task=42 Chunk=1 Start=3229413731568 End=3229413731641 Duration=73
Task=42 Chunk=2 Start=3229413731645 End=3229413811967 Duration=80322
Task=42 Chunk=3 Start=3229413811996 End=3229413813056 Duration=1060
Task=43 Chunk=0 Start=3229413731559 End=3229413831837 Duration=100278
Task=43 Chunk=1 Start=3229413831844 End=3229413831919 Duration=75
Task=43 Chunk=2 Start=3229413831934 End=3229413911919 Duration=79985
Task=43 Chunk=3 Start=3229413911937 End=3229413913003 Duration=1066
Task=44 Chunk=0 Start=3229413831841 End=3229413932071 Duration=100230
Task=44 Chunk=1 Start=3229413932075 End=3229413932154 Duration=79
Task=44 Chunk=2 Start=3229413932170 End=3229414012874 Duration=80704
Task=44 Chunk=3 Start=3229414013981 End=3229414015657 Duration=1676
Task=45 Chunk=0 Start=3229413932075 End=3229414032112 Duration=100037
Task=45 Chunk=1 Start=3229414032121 End=3229414032220 Duration=99
Task=45 Chunk=2 Start=3229414032223 End=3229414112424 Duration=80201
Task=45 Chunk=3 Start=3229414112461 End=3229414113530 Duration=1069
Task=46 Chunk=0 Start=3229414032115 End=3229414132201 Duration=100086
Task=46 Chunk=1 Start=3229414132225 End=3229414132290 Duration=65
Task=46 Chunk=2 Start=3229414132310 End=3229414212140 Duration=79830
Task=46 Chunk=3 Start=3229414212155 End=3229414220617 Duration=8462
Task=47 Chunk=0 Start=3229414132205 End=3229414233854 Duration=101649
Task=47 Chunk=1 Start=3229414233859 End=3229414233925 Duration=66
Task=47 Chunk=2 Start=3229414233940 End=3229414314089 Duration=80149
Task=47 Chunk=3 Start=3229414314103 End=3229414315210 Duration=1107
Task=48 Chunk=0 Start=3229414233858 End=3229414334168 Duration=100310
Task=48 Chunk=1 Start=3229414334183 End=3229414334263 Duration=80
Task=48 Chunk=2 Start=3229414334277 End=3229414414603 Duration=80326
Task=48 Chunk=3 Start=3229414414609 End=3229414415656 Duration=1047
Task=49 Chunk=0 Start=3229414334172 End=3229414434825 Duration=100653
Task=49 Chunk=1 Start=3229414434840 End=3229414434921 Duration=81
Task=49 Chunk=2 Start=3229414434929 End=3229414514754 Duration=79825
Task=49 Chunk=3 Start=3229414514784 End=3229414515875 Duration=1091
Task=50 Chunk=0 Start=3229414434829 End=3229414535399 Duration=100570
Task=50 Chunk=1 Start=3229414535405 End=3229414535473 Duration=68
Task=50 Chunk=2 Start=3229414535482 End=3229414615869 Duration=80387
Task=50 Chunk=3 Start=3229414615895 End=3229414616898 Duration=1003
Task=51 Chunk=0 Start=3229414535402 End=3229414635576 Duration=100174
Task=51 Chunk=1 Start=3229414635601 End=3229414635691 Duration=90
Task=51 Chunk=2 Start=3229414635707 End=3229414715845 Duration=80138
Task=51 Chunk=3 Start=3229414715881 End=3229414716975 Duration=1094
Task=52 Chunk=0 Start=3229414635579 End=3229414736133 Duration=100554
Task=52 Chunk=1 Start=3229414736144 End=3229414736222 Duration=78
Task=52 Chunk=2 Start=3229414736226 End=3229414816179 Duration=79953
Task=52 Chunk=3 Start=3229414816210 End=3229414817312 Duration=1102
Task=53 Chunk=0 Start=3229414736136 End=3229414836783 Duration=100647
Task=53 Chunk=1 Start=3229414836798 End=3229414836863 Duration=65
Task=53 Chunk=2 Start=3229414836871 End=3229414917156 Duration=80285
Task=53 Chunk=3 Start=3229414917222 End=3229414918295 Duration=1073
Task=54 Chunk=0 Start=3229414836787 End=3229414937625 Duration=100838
Task=54 Chunk=1 Start=3229414937635 End=3229414937733 Duration=98
Task=54 Chunk=2 Start=3229414937748 End=3229415017950 Duration=80202
Task=54 Chunk=3 Start=3229415018004 End=3229415019066 Duration=1062
Task=55 Chunk=0 Start=3229414937629 End=3229415038085 Duration=100456
Task=55 Chunk=1 Start=3229415038090 End=3229415038164 Duration=74
Task=55 Chunk=2 Start=3229415038172 End=3229415117955 Duration=79783
Task=55 Chunk=3 Start=3229415117976 End=3229415119047 Duration=1071
Task=56 Chunk=0 Start=3229415038088 End=3229415138546 Duration=100458
Task=56 Chunk=1 Start=3229415138568 End=3229415138636 Duration=68
Task=56 Chunk=2 Start=3229415138639 End=3229415218980 Duration=80341
Task=56 Chunk=3 Start=3229415219001 End=3229415220081 Duration=1080
Task=57 Chunk=0 Start=3229415138549 End=3229415239416 Duration=100867
Task=57 Chunk=1 Start=3229415239421 End=3229415239503 Duration=82
Task=57 Chunk=2 Start=3229415239508 End=3229415319914 Duration=80406
Task=57 Chunk=3 Start=3229415320480 End=3229415321610 Duration=1130
Task=58 Chunk=0 Start=3229415239419 End=3229415340474 Duration=101055
Task=58 Chunk=1 Start=3229415340492 End=3229415340566 Duration=74
Task=58 Chunk=2 Start=3229415340577 End=3229415420430 Duration=79853
Task=58 Chunk=3 Start=3229415420463 End=3229415421461 Duration=998
Task=59 Chunk=0 Start=3229415340478 End=3229415441171 Duration=100693
Task=59 Chunk=1 Start=3229415441193 End=3229415441264 Duration=71
Task=59 Chunk=2 Start=3229415441273 End=3229415521505 Duration=80232
Task=59 Chunk=3 Start=3229415521553 End=3229415522639 Duration=1086
Task=60 Chunk=0 Start=3229415441174 End=3229415541990 Duration=100816
Task=60 Chunk=1 Start=3229415542013 End=3229415542095 Duration=82
Task=60 Chunk=2 Start=3229415542101 End=3229415622009 Duration=79908
Task=60 Chunk=3 Start=3229415622075 End=3229415623170 Duration=1095
Task=61 Chunk=0 Start=3229415541994 End=3229415642685 Duration=100691
Task=61 Chunk=1 Start=3229415642693 End=3229415642788 Duration=95
Task=61 Chunk=2 Start=3229415642800 End=3229415722573 Duration=79773
Task=61 Chunk=3 Start=3229415722596 End=3229415723696 Duration=1100
Task=62 Chunk=0 Start=3229415642688 End=3229415743057 Duration=100369
Task=62 Chunk=1 Start=3229415743069 End=3229415743141 Duration=72
Task=62 Chunk=2 Start=3229415743148 End=3229415823356 Duration=80208
Task=62 Chunk=3 Start=3229415823390 End=3229415824471 Duration=1081
Task=63 Chunk=0 Start=3229415743061 End=3229415843746 Duration=100685
Task=63 Chunk=1 Start=3229415843763 End=3229415843864 Duration=101
Task=63 Chunk=2 Start=3229415843872 End=3229415923772 Duration=79900
Task=63 Chunk=3 Start=3229415923832 End=3229415924929 Duration=1097
Task=64 Chunk=0 Start=3229415843750 End=3229415944197 Duration=100447
Task=64 Chunk=1 Start=3229415944204 End=3229415944284 Duration=80
Task=64 Chunk=2 Start=3229415944301 End=3229416024120 Duration=79819
Task=64 Chunk=3 Start=3229416024134 End=3229416025215 Duration=1081
Task=65 Chunk=0 Start=3229415944201 End=3229416044389 Duration=100188
Task=65 Chunk=1 Start=3229416044396 End=3229416044462 Duration=66
Task=65 Chunk=2 Start=3229416044469 End=3229416124766 Duration=80297
Task=65 Chunk=3 Start=3229416124808 End=3229416125881 Duration=1073
Task=66 Chunk=0 Start=3229416044392 End=3229416145124 Duration=100732
Task=66 Chunk=1 Start=3229416145139 End=3229416145247 Duration=108
Task=66 Chunk=2 Start=3229416145258 End=3229416225146 Duration=79888
Task=66 Chunk=3 Start=3229416225204 End=3229416226202 Duration=998
Task=67 Chunk=0 Start=3229416145128 End=3229416245678 Duration=100550
Task=67 Chunk=1 Start=3229416245685 End=3229416245746 Duration=61
Task=67 Chunk=2 Start=3229416245759 End=3229416325660 Duration=79901
Task=67 Chunk=3 Start=3229416325667 End=3229416326773 Duration=1106
Task=68 Chunk=0 Start=3229416245683 End=3229416346001 Duration=100318
Task=68 Chunk=1 Start=3229416346013 End=3229416346083 Duration=70
Task=68 Chunk=2 Start=3229416346088 End=3229416426371 Duration=80283
Task=68 Chunk=3 Start=3229416426384 End=3229416427481 Duration=1097
Task=69 Chunk=0 Start=3229416346005 End=3229416446519 Duration=100514
Task=69 Chunk=1 Start=3229416446542 End=3229416446651 Duration=109
Task=69 Chunk=2 Start=3229416446666 End=3229416527045 Duration=80379
Task=69 Chunk=3 Start=3229416527103 End=3229416528189 Duration=1086
Task=70 Chunk=0 Start=3229416446523 End=3229416549924 Duration=103401
Task=70 Chunk=1 Start=3229416549933 End=3229416550022 Duration=89
Task=70 Chunk=2 Start=3229416550033 End=3229416629796 Duration=79763
Task=70 Chunk=3 Start=3229416629847 End=3229416630935 Duration=1088
Task=71 Chunk=0 Start=3229416549929 End=3229416650267 Duration=100338
Task=71 Chunk=1 Start=3229416650273 End=3229416650353 Duration=80
Task=71 Chunk=2 Start=3229416650360 End=3229416730614 Duration=80254
Task=71 Chunk=3 Start=3229416730660 End=3229416731733 Duration=1073
Task=72 Chunk=0 Start=3229416650271 End=3229416751030 Duration=100759
Task=72 Chunk=1 Start=3229416751040 End=3229416751122 Duration=82
Task=72 Chunk=2 Start=3229416751141 End=3229416831075 Duration=79934
Task=72 Chunk=3 Start=3229416831090 End=3229416832170 Duration=1080
Task=73 Chunk=0 Start=3229416751033 End=3229416851344 Duration=100311
Task=73 Chunk=1 Start=3229416851366 End=3229416851451 Duration=85
Task=73 Chunk=2 Start=3229416851455 End=3229416931977 Duration=80522
Task=73 Chunk=3 Start=3229416932001 End=3229416933603 Duration=1602
Task=74 Chunk=0 Start=3229416851348 End=3229416951750 Duration=100402
Task=74 Chunk=1 Start=3229416951758 End=3229416951846 Duration=88
Task=74 Chunk=2 Start=3229416951863 End=3229417032048 Duration=80185
Task=74 Chunk=3 Start=3229417035268 End=3229417036419 Duration=1151
Task=75 Chunk=0 Start=3229416951754 End=3229417052093 Duration=100339
Task=75 Chunk=1 Start=3229417052101 End=3229417052197 Duration=96
Task=75 Chunk=2 Start=3229417052208 End=3229417132162 Duration=79954
Task=75 Chunk=3 Start=3229417132181 End=3229417133302 Duration=1121
Task=76 Chunk=0 Start=3229417052097 End=3229417153127 Duration=101030
Task=76 Chunk=1 Start=3229417153152 End=3229417153229 Duration=77
Task=76 Chunk=2 Start=3229417153244 End=3229417233470 Duration=80226
Task=76 Chunk=3 Start=3229417233483 End=3229417234564 Duration=1081
Task=77 Chunk=0 Start=3229417153131 End=3229417253656 Duration=100525
Task=77 Chunk=1 Start=3229417253677 End=3229417253744 Duration=67
Task=77 Chunk=2 Start=3229417253759 End=3229417333796 Duration=80037
Task=77 Chunk=3 Start=3229417333846 End=3229417334929 Duration=1083
Task=78 Chunk=0 Start=3229417253659 End=3229417354076 Duration=100417
Task=78 Chunk=1 Start=3229417354080 End=3229417354149 Duration=69
Task=78 Chunk=2 Start=3229417354169 End=3229417434115 Duration=79946
Task=78 Chunk=3 Start=3229417434174 End=3229417435254 Duration=1080
Task=79 Chunk=0 Start=3229417354079 End=3229417454500 Duration=100421
Task=79 Chunk=1 Start=3229417454513 End=3229417454565 Duration=52
Task=79 Chunk=2 Start=3229417454585 End=3229417534853 Duration=80268
Task=79 Chunk=3 Start=3229417534875 End=3229417535964 Duration=1089
Task=80 Chunk=0 Start=3229417454504 End=3229417555031 Duration=100527
Task=80 Chunk=1 Start=3229417555049 End=3229417555123 Duration=74
Task=80 Chunk=2 Start=3229417555133 End=3229417635367 Duration=80234
Task=80 Chunk=3 Start=3229417635429 End=3229417636511 Duration=1082
Task=81 Chunk=0 Start=3229417555034 End=3229417655439 Duration=100405
Task=81 Chunk=1 Start=3229417655449 End=3229417655559 Duration=110
Task=81 Chunk=2 Start=3229417655567 End=3229417735354 Duration=79787
Task=81 Chunk=3 Start=3229417735406 End=3229417736483 Duration=1077
Task=82 Chunk=0 Start=3229417655443 End=3229417755972 Duration=100529
Task=82 Chunk=1 Start=3229417755983 End=3229417756060 Duration=77
Task=82 Chunk=2 Start=3229417756079 End=3229417836335 Duration=80256
Task=82 Chunk=3 Start=3229417836391 End=3229417837416 Duration=1025
Task=83 Chunk=0 Start=3229417755976 End=3229417856676 Duration=100700
Task=83 Chunk=1 Start=3229417856696 End=3229417856810 Duration=114
Task=83 Chunk=2 Start=3229417856829 End=3229417937067 Duration=80238
Task=83 Chunk=3 Start=3229417937132 End=3229417938202 Duration=1070
Task=84 Chunk=0 Start=3229417856680 End=3229417957013 Duration=100333
Task=84 Chunk=1 Start=3229417957024 End=3229417957106 Duration=82
Task=84 Chunk=2 Start=3229417957113 End=3229418036933 Duration=79820
Task=84 Chunk=3 Start=3229418036990 End=3229418038067 Duration=1077
Task=85 Chunk=0 Start=3229417957017 End=3229418057418 Duration=100401
Task=85 Chunk=1 Start=3229418057426 End=3229418057513 Duration=87
Task=85 Chunk=2 Start=3229418057520 End=3229418137785 Duration=80265
Task=85 Chunk=3 Start=3229418137826 End=3229418138922 Duration=1096
Task=86 Chunk=0 Start=3229418057421 End=3229418157987 Duration=100566
Task=86 Chunk=1 Start=3229418158002 End=3229418158076 Duration=74
Task=86 Chunk=2 Start=3229418158092 End=3229418238654 Duration=80562
Task=86 Chunk=3 Start=3229418239121 End=3229418240178 Duration=1057
Task=87 Chunk=0 Start=3229418157990 End=3229418259110 Duration=101120
Task=87 Chunk=1 Start=3229418259127 End=3229418259231 Duration=104
Task=87 Chunk=2 Start=3229418259237 End=3229418340772 Duration=81535
Task=87 Chunk=3 Start=3229418340833 End=3229418341942 Duration=1109
Task=88 Chunk=0 Start=3229418259114 End=3229418366325 Duration=107211
Task=88 Chunk=1 Start=3229418366332 End=3229418366398 Duration=66
Task=88 Chunk=2 Start=3229418366416 End=3229418446727 Duration=80311
Task=88 Chunk=3 Start=3229418446781 End=3229418447878 Duration=1097
Task=89 Chunk=0 Start=3229418366328 End=3229418468501 Duration=102173
Task=89 Chunk=1 Start=3229418468509 End=3229418468608 Duration=99
Task=89 Chunk=2 Start=3229418468618 End=3229418548942 Duration=80324
Task=89 Chunk=3 Start=3229418548972 End=3229418550044 Duration=1072
Task=90 Chunk=0 Start=3229418468505 End=3229418574894 Duration=106389
Task=90 Chunk=1 Start=3229418574900 End=3229418574970 Duration=70
Task=90 Chunk=2 Start=3229418574980 End=3229418654976 Duration=79996
Task=90 Chunk=3 Start=3229418655003 End=3229418656099 Duration=1096
Task=91 Chunk=0 Start=3229418574897 End=3229418675656 Duration=100759
Task=91 Chunk=1 Start=3229418675679 End=3229418675752 Duration=73
Task=91 Chunk=2 Start=3229418675771 End=3229418755959 Duration=80188
Task=91 Chunk=3 Start=3229418756020 End=3229418757128 Duration=1108
Task=92 Chunk=0 Start=3229418675660 End=3229418777774 Duration=102114
Task=92 Chunk=1 Start=3229418777794 End=3229418777909 Duration=115
Task=92 Chunk=2 Start=3229418777927 End=3229418858094 Duration=80167
Task=92 Chunk=3 Start=3229418858143 End=3229418859233 Duration=1090
Task=93 Chunk=0 Start=3229418777777 End=3229418881787 Duration=104010
Task=93 Chunk=1 Start=3229418881801 End=3229418881873 Duration=72
Task=93 Chunk=2 Start=3229418881880 End=3229418962416 Duration=80536
Task=93 Chunk=3 Start=3229418962422 End=3229418963507 Duration=1085
Task=94 Chunk=0 Start=3229418881790 End=3229418981951 Duration=100161
Task=94 Chunk=1 Start=3229418981961 End=3229418982025 Duration=64
Task=94 Chunk=2 Start=3229418982038 End=3229419062356 Duration=80318
Task=94 Chunk=3 Start=3229419062378 End=3229419063472 Duration=1094
Task=95 Chunk=0 Start=3229418981955 End=3229419082797 Duration=100842
Task=95 Chunk=1 Start=3229419082809 End=3229419082885 Duration=76
Task=95 Chunk=2 Start=3229419082894 End=3229419163175 Duration=80281
Task=95 Chunk=3 Start=3229419163232 End=3229419164313 Duration=1081
Task=96 Chunk=0 Start=3229419082800 End=3229419182712 Duration=99912
Task=96 Chunk=1 Start=3229419182722 End=3229419182791 Duration=69
Task=96 Chunk=2 Start=3229419182799 End=3229419262943 Duration=80144
Task=96 Chunk=3 Start=3229419262978 End=3229419264070 Duration=1092
Task=97 Chunk=0 Start=3229419182715 End=3229419285750 Duration=103035
Task=97 Chunk=1 Start=3229419285769 End=3229419285839 Duration=70
Task=97 Chunk=2 Start=3229419285852 End=3229419365968 Duration=80116
Task=97 Chunk=3 Start=3229419369676 End=3229419370749 Duration=1073
Task=98 Chunk=0 Start=3229419285754 End=3229419392826 Duration=107072
Task=98 Chunk=1 Start=3229419392831 End=3229419392926 Duration=95
Task=98 Chunk=2 Start=3229419392942 End=3229419473159 Duration=80217
Task=98 Chunk=3 Start=3229419473200 End=3229419474306 Duration=1106
Task=99 Chunk=0 Start=3229419392829 End=3229419494216 Duration=101387
Task=99 Chunk=1 Start=3229419494226 End=3229419494321 Duration=95
Task=99 Chunk=2 Start=3229419494337 End=3229419574139 Duration=79802
Task=99 Chunk=3 Start=3229419574189 End=3229419575109 Duration=920
### Python End ###

--------------------------------
[2025-06-26 18:30:37.574] [info] Available Vulkan Layers:
[2025-06-26 18:30:37.574] [warning] Validation layer requested but not available, continuing without it...
[2025-06-26 18:30:37.578] [info] Using integrated GPU: Adreno (TM) 740
### Python Begin ###
Schedule_UID=SCH-G4M3L2-G354-15af
Frequency=19200000 Hz
Task=0 Chunk=0 Start=3229436269566 End=3229436633050 Duration=363484
Task=0 Chunk=1 Start=3229436633069 End=3229436737519 Duration=104450
Task=0 Chunk=2 Start=3229436737534 End=3229436750885 Duration=13351
Task=1 Chunk=0 Start=3229436633053 End=3229436778689 Duration=145636
Task=1 Chunk=1 Start=3229436778701 End=3229436859310 Duration=80609
Task=1 Chunk=2 Start=3229436859344 End=3229436860447 Duration=1103
Task=2 Chunk=0 Start=3229436778692 End=3229436913296 Duration=134604
Task=2 Chunk=1 Start=3229436914002 End=3229436995667 Duration=81665
Task=2 Chunk=2 Start=3229436995717 End=3229436996981 Duration=1264
Task=3 Chunk=0 Start=3229436913303 End=3229437075855 Duration=162552
Task=3 Chunk=1 Start=3229437075878 End=3229437156657 Duration=80779
Task=3 Chunk=2 Start=3229437156700 End=3229437157846 Duration=1146
Task=4 Chunk=0 Start=3229437075857 End=3229437223360 Duration=147503
Task=4 Chunk=1 Start=3229437223366 End=3229437304298 Duration=80932
Task=4 Chunk=2 Start=3229437304314 End=3229437305502 Duration=1188
Task=5 Chunk=0 Start=3229437223362 End=3229437353153 Duration=129791
Task=5 Chunk=1 Start=3229437353179 End=3229437436564 Duration=83385
Task=5 Chunk=2 Start=3229437436851 End=3229437438039 Duration=1188
Task=6 Chunk=0 Start=3229437353157 End=3229437481395 Duration=128238
Task=6 Chunk=1 Start=3229437481414 End=3229437561721 Duration=80307
Task=6 Chunk=2 Start=3229437561770 End=3229437562888 Duration=1118
Task=7 Chunk=0 Start=3229437481397 End=3229437612619 Duration=131222
Task=7 Chunk=1 Start=3229437612662 End=3229437693178 Duration=80516
Task=7 Chunk=2 Start=3229437693256 End=3229437694602 Duration=1346
Task=8 Chunk=0 Start=3229437612622 End=3229437747926 Duration=135304
Task=8 Chunk=1 Start=3229437747944 End=3229437828603 Duration=80659
Task=8 Chunk=2 Start=3229437828670 End=3229437830050 Duration=1380
Task=9 Chunk=0 Start=3229437747929 End=3229437882533 Duration=134604
Task=9 Chunk=1 Start=3229437882544 End=3229437963560 Duration=81016
Task=9 Chunk=2 Start=3229437963639 End=3229437965036 Duration=1397
Task=10 Chunk=0 Start=3229437882536 End=3229438019385 Duration=136849
Task=10 Chunk=1 Start=3229438019424 End=3229438100584 Duration=81160
Task=10 Chunk=2 Start=3229438100631 End=3229438102007 Duration=1376
Task=11 Chunk=0 Start=3229438019388 End=3229438150397 Duration=131009
Task=11 Chunk=1 Start=3229438150415 End=3229438231940 Duration=81525
Task=11 Chunk=2 Start=3229438232012 End=3229438233375 Duration=1363
Task=12 Chunk=0 Start=3229438150400 End=3229438287723 Duration=137323
Task=12 Chunk=1 Start=3229438287743 End=3229438369168 Duration=81425
Task=12 Chunk=2 Start=3229438369236 End=3229438370613 Duration=1377
Task=13 Chunk=0 Start=3229438287726 End=3229438418287 Duration=130561
Task=13 Chunk=1 Start=3229438418317 End=3229438498745 Duration=80428
Task=13 Chunk=2 Start=3229438498804 End=3229438500145 Duration=1341
Task=14 Chunk=0 Start=3229438418290 End=3229438548752 Duration=130462
Task=14 Chunk=1 Start=3229438548770 End=3229438629127 Duration=80357
Task=14 Chunk=2 Start=3229438629146 End=3229438630532 Duration=1386
Task=15 Chunk=0 Start=3229438548755 End=3229438680810 Duration=132055
Task=15 Chunk=1 Start=3229438680840 End=3229438761041 Duration=80201
Task=15 Chunk=2 Start=3229438761076 End=3229438762407 Duration=1331
Task=16 Chunk=0 Start=3229438680813 End=3229438810934 Duration=130121
Task=16 Chunk=1 Start=3229438810956 End=3229438892068 Duration=81112
Task=16 Chunk=2 Start=3229438892107 End=3229438893567 Duration=1460
Task=17 Chunk=0 Start=3229438810937 End=3229438941677 Duration=130740
Task=17 Chunk=1 Start=3229438941694 End=3229439022788 Duration=81094
Task=17 Chunk=2 Start=3229439023351 End=3229439024822 Duration=1471
Task=18 Chunk=0 Start=3229438941680 End=3229439072591 Duration=130911
Task=18 Chunk=1 Start=3229439072626 End=3229439153851 Duration=81225
Task=18 Chunk=2 Start=3229439153878 End=3229439155293 Duration=1415
Task=19 Chunk=0 Start=3229439072594 End=3229439210921 Duration=138327
Task=19 Chunk=1 Start=3229439210942 End=3229439291867 Duration=80925
Task=19 Chunk=2 Start=3229439291939 End=3229439293394 Duration=1455
Task=20 Chunk=0 Start=3229439210924 End=3229439343585 Duration=132661
Task=20 Chunk=1 Start=3229439343608 End=3229439423805 Duration=80197
Task=20 Chunk=2 Start=3229439423843 End=3229439425188 Duration=1345
Task=21 Chunk=0 Start=3229439343588 End=3229439474142 Duration=130554
Task=21 Chunk=1 Start=3229439474154 End=3229439554473 Duration=80319
Task=21 Chunk=2 Start=3229439554528 End=3229439555877 Duration=1349
Task=22 Chunk=0 Start=3229439474145 End=3229439603919 Duration=129774
Task=22 Chunk=1 Start=3229439603946 End=3229439684355 Duration=80409
Task=22 Chunk=2 Start=3229439684416 End=3229439690264 Duration=5848
Task=23 Chunk=0 Start=3229439603922 End=3229439742056 Duration=138134
Task=23 Chunk=1 Start=3229439742084 End=3229439822387 Duration=80303
Task=23 Chunk=2 Start=3229439822434 End=3229439823777 Duration=1343
Task=24 Chunk=0 Start=3229439742059 End=3229439877782 Duration=135723
Task=24 Chunk=1 Start=3229439877796 End=3229439959041 Duration=81245
Task=24 Chunk=2 Start=3229439959076 End=3229439960457 Duration=1381
Task=25 Chunk=0 Start=3229439877785 End=3229440007965 Duration=130180
Task=25 Chunk=1 Start=3229440007992 End=3229440089082 Duration=81090
Task=25 Chunk=2 Start=3229440089099 End=3229440090450 Duration=1351
Task=26 Chunk=0 Start=3229440007968 End=3229440138995 Duration=131027
Task=26 Chunk=1 Start=3229440139017 End=3229440220000 Duration=80983
Task=26 Chunk=2 Start=3229440220019 End=3229440221402 Duration=1383
Task=27 Chunk=0 Start=3229440138998 End=3229440271678 Duration=132680
Task=27 Chunk=1 Start=3229440271706 End=3229440352085 Duration=80379
Task=27 Chunk=2 Start=3229440352150 End=3229440353494 Duration=1344
Task=28 Chunk=0 Start=3229440271682 End=3229440401810 Duration=130128
Task=28 Chunk=1 Start=3229440401822 End=3229440482213 Duration=80391
Task=28 Chunk=2 Start=3229440482224 End=3229440483539 Duration=1315
Task=29 Chunk=0 Start=3229440401813 End=3229440532088 Duration=130275
Task=29 Chunk=1 Start=3229440532120 End=3229440613448 Duration=81328
Task=29 Chunk=2 Start=3229440613458 End=3229440614779 Duration=1321
Task=30 Chunk=0 Start=3229440532091 End=3229440668617 Duration=136526
Task=30 Chunk=1 Start=3229440668638 End=3229440748971 Duration=80333
Task=30 Chunk=2 Start=3229440748993 End=3229440750331 Duration=1338
Task=31 Chunk=0 Start=3229440668620 End=3229440799916 Duration=131296
Task=31 Chunk=1 Start=3229440799934 End=3229440880946 Duration=81012
Task=31 Chunk=2 Start=3229440881016 End=3229440882327 Duration=1311
Task=32 Chunk=0 Start=3229440799919 End=3229440930392 Duration=130473
Task=32 Chunk=1 Start=3229440930415 End=3229441011459 Duration=81044
Task=32 Chunk=2 Start=3229441011528 End=3229441012912 Duration=1384
Task=33 Chunk=0 Start=3229440930395 End=3229441060430 Duration=130035
Task=33 Chunk=1 Start=3229441060442 End=3229441141400 Duration=80958
Task=33 Chunk=2 Start=3229441141423 End=3229441142776 Duration=1353
Task=34 Chunk=0 Start=3229441060433 End=3229441191525 Duration=131092
Task=34 Chunk=1 Start=3229441191552 End=3229441271959 Duration=80407
Task=34 Chunk=2 Start=3229441272017 End=3229441273387 Duration=1370
Task=35 Chunk=0 Start=3229441191528 End=3229441321408 Duration=129880
Task=35 Chunk=1 Start=3229441321419 End=3229441401725 Duration=80306
Task=35 Chunk=2 Start=3229441401741 End=3229441403102 Duration=1361
Task=36 Chunk=0 Start=3229441321411 End=3229441451381 Duration=129970
Task=36 Chunk=1 Start=3229441451396 End=3229441531703 Duration=80307
Task=36 Chunk=2 Start=3229441531770 End=3229441533094 Duration=1324
Task=37 Chunk=0 Start=3229441451384 End=3229441581518 Duration=130134
Task=37 Chunk=1 Start=3229441581545 End=3229441663605 Duration=82060
Task=37 Chunk=2 Start=3229441663636 End=3229441664979 Duration=1343
Task=38 Chunk=0 Start=3229441581521 End=3229441711660 Duration=130139
Task=38 Chunk=1 Start=3229441711697 End=3229441792477 Duration=80780
Task=38 Chunk=2 Start=3229441792492 End=3229441793842 Duration=1350
Task=39 Chunk=0 Start=3229441711663 End=3229441843219 Duration=131556
Task=39 Chunk=1 Start=3229441843255 End=3229441924363 Duration=81108
Task=39 Chunk=2 Start=3229441924394 End=3229441925749 Duration=1355
Task=40 Chunk=0 Start=3229441843222 End=3229441973023 Duration=129801
Task=40 Chunk=1 Start=3229441973034 End=3229442054035 Duration=81001
Task=40 Chunk=2 Start=3229442054106 End=3229442055421 Duration=1315
Task=41 Chunk=0 Start=3229441973027 End=3229442103560 Duration=130533
Task=41 Chunk=1 Start=3229442103589 End=3229442183927 Duration=80338
Task=41 Chunk=2 Start=3229442183956 End=3229442185265 Duration=1309
Task=42 Chunk=0 Start=3229442103563 End=3229442234182 Duration=130619
Task=42 Chunk=1 Start=3229442234212 End=3229442314607 Duration=80395
Task=42 Chunk=2 Start=3229442314635 End=3229442315949 Duration=1314
Task=43 Chunk=0 Start=3229442234185 End=3229442364574 Duration=130389
Task=43 Chunk=1 Start=3229442364592 End=3229442444933 Duration=80341
Task=43 Chunk=2 Start=3229442444952 End=3229442446277 Duration=1325
Task=44 Chunk=0 Start=3229442364577 End=3229442495227 Duration=130650
Task=44 Chunk=1 Start=3229442495259 End=3229442576521 Duration=81262
Task=44 Chunk=2 Start=3229442576556 End=3229442577912 Duration=1356
Task=45 Chunk=0 Start=3229442495230 End=3229442625691 Duration=130461
Task=45 Chunk=1 Start=3229442625730 End=3229442706928 Duration=81198
Task=45 Chunk=2 Start=3229442706975 End=3229442708329 Duration=1354
Task=46 Chunk=0 Start=3229442625694 End=3229442762373 Duration=136679
Task=46 Chunk=1 Start=3229442762402 End=3229442843254 Duration=80852
Task=46 Chunk=2 Start=3229442843292 End=3229442844620 Duration=1328
Task=47 Chunk=0 Start=3229442762376 End=3229442898819 Duration=136443
Task=47 Chunk=1 Start=3229442898851 End=3229442980024 Duration=81173
Task=47 Chunk=2 Start=3229442980048 End=3229442980990 Duration=942
Task=48 Chunk=0 Start=3229442898822 End=3229443038421 Duration=139599
Task=48 Chunk=1 Start=3229443038446 End=3229443118490 Duration=80044
Task=48 Chunk=2 Start=3229443118555 End=3229443120635 Duration=2080
Task=49 Chunk=0 Start=3229443038422 End=3229443167496 Duration=129074
Task=49 Chunk=1 Start=3229443167527 End=3229443247683 Duration=80156
Task=49 Chunk=2 Start=3229443247717 End=3229443249264 Duration=1547
Task=50 Chunk=0 Start=3229443167499 End=3229443314618 Duration=147119
Task=50 Chunk=1 Start=3229443314654 End=3229443394870 Duration=80216
Task=50 Chunk=2 Start=3229443394921 End=3229443396292 Duration=1371
Task=51 Chunk=0 Start=3229443314621 End=3229443444002 Duration=129381
Task=51 Chunk=1 Start=3229443444030 End=3229443524436 Duration=80406
Task=51 Chunk=2 Start=3229443524484 End=3229443525914 Duration=1430
Task=52 Chunk=0 Start=3229443444005 End=3229443574426 Duration=130421
Task=52 Chunk=1 Start=3229443574449 End=3229443655960 Duration=81511
Task=52 Chunk=2 Start=3229443657324 End=3229443658281 Duration=957
Task=53 Chunk=0 Start=3229443574429 End=3229443700299 Duration=125870
Task=53 Chunk=1 Start=3229443700310 End=3229443781052 Duration=80742
Task=53 Chunk=2 Start=3229443781072 End=3229443786073 Duration=5001
Task=54 Chunk=0 Start=3229443700300 End=3229443830382 Duration=130082
Task=54 Chunk=1 Start=3229443830413 End=3229443911263 Duration=80850
Task=54 Chunk=2 Start=3229443911273 End=3229443913265 Duration=1992
Task=55 Chunk=0 Start=3229443830385 End=3229443958036 Duration=127651
Task=55 Chunk=1 Start=3229443958056 End=3229444038016 Duration=79960
Task=55 Chunk=2 Start=3229444038034 End=3229444038945 Duration=911
Task=56 Chunk=0 Start=3229443958037 End=3229444085867 Duration=127830
Task=56 Chunk=1 Start=3229444085907 End=3229444166309 Duration=80402
Task=56 Chunk=2 Start=3229444166345 End=3229444167687 Duration=1342
Task=57 Chunk=0 Start=3229444085870 End=3229444236867 Duration=150997
Task=57 Chunk=1 Start=3229444236886 End=3229444317330 Duration=80444
Task=57 Chunk=2 Start=3229444317346 End=3229444318877 Duration=1531
Task=58 Chunk=0 Start=3229444236870 End=3229444370878 Duration=134008
Task=58 Chunk=1 Start=3229444370899 End=3229444450968 Duration=80069
Task=58 Chunk=2 Start=3229444451010 End=3229444452087 Duration=1077
Task=59 Chunk=0 Start=3229444370879 End=3229444497725 Duration=126846
Task=59 Chunk=1 Start=3229444497735 End=3229444578675 Duration=80940
Task=59 Chunk=2 Start=3229444579153 End=3229444580587 Duration=1434
Task=60 Chunk=0 Start=3229444497727 End=3229444638460 Duration=140733
Task=60 Chunk=1 Start=3229444638484 End=3229444720099 Duration=81615
Task=60 Chunk=2 Start=3229444720156 End=3229444721270 Duration=1114
Task=61 Chunk=0 Start=3229444638463 End=3229444769161 Duration=130698
Task=61 Chunk=1 Start=3229444769177 End=3229444849744 Duration=80567
Task=61 Chunk=2 Start=3229444849782 End=3229444850736 Duration=954
Task=62 Chunk=0 Start=3229444769163 End=3229445004907 Duration=235744
Task=62 Chunk=1 Start=3229445004920 End=3229445084746 Duration=79826
Task=62 Chunk=2 Start=3229445084766 End=3229445085746 Duration=980
Task=63 Chunk=0 Start=3229445004908 End=3229445135558 Duration=130650
Task=63 Chunk=1 Start=3229445135592 End=3229445215558 Duration=79966
Task=63 Chunk=2 Start=3229445221476 End=3229445222447 Duration=971
Task=64 Chunk=0 Start=3229445135559 End=3229445262938 Duration=127379
Task=64 Chunk=1 Start=3229445262968 End=3229445343385 Duration=80417
Task=64 Chunk=2 Start=3229445343449 End=3229445344374 Duration=925
Task=65 Chunk=0 Start=3229445262939 End=3229445388551 Duration=125612
Task=65 Chunk=1 Start=3229445388588 End=3229445469437 Duration=80849
Task=65 Chunk=2 Start=3229445469473 End=3229445470877 Duration=1404
Task=66 Chunk=0 Start=3229445388553 End=3229445520796 Duration=132243
Task=66 Chunk=1 Start=3229445520817 End=3229445601605 Duration=80788
Task=66 Chunk=2 Start=3229445601679 End=3229445603045 Duration=1366
Task=67 Chunk=0 Start=3229445520799 End=3229445651390 Duration=130591
Task=67 Chunk=1 Start=3229445651415 End=3229445734427 Duration=83012
Task=67 Chunk=2 Start=3229445734457 End=3229445735820 Duration=1363
Task=68 Chunk=0 Start=3229445651393 End=3229445781937 Duration=130544
Task=68 Chunk=1 Start=3229445781952 End=3229445862175 Duration=80223
Task=68 Chunk=2 Start=3229445862209 End=3229445863510 Duration=1301
Task=69 Chunk=0 Start=3229445781941 End=3229445914609 Duration=132668
Task=69 Chunk=1 Start=3229445914635 End=3229445995650 Duration=81015
Task=69 Chunk=2 Start=3229445995667 End=3229445996996 Duration=1329
Task=70 Chunk=0 Start=3229445914612 End=3229446046750 Duration=132138
Task=70 Chunk=1 Start=3229446046770 End=3229446126902 Duration=80132
Task=70 Chunk=2 Start=3229446126963 End=3229446128343 Duration=1380
Task=71 Chunk=0 Start=3229446046753 End=3229446177444 Duration=130691
Task=71 Chunk=1 Start=3229446177477 End=3229446258871 Duration=81394
Task=71 Chunk=2 Start=3229446258923 End=3229446260284 Duration=1361
Task=72 Chunk=0 Start=3229446177447 End=3229446307866 Duration=130419
Task=72 Chunk=1 Start=3229446307888 End=3229446389094 Duration=81206
Task=72 Chunk=2 Start=3229446389145 End=3229446390515 Duration=1370
Task=73 Chunk=0 Start=3229446307869 End=3229446437839 Duration=129970
Task=73 Chunk=1 Start=3229446437875 End=3229446519284 Duration=81409
Task=73 Chunk=2 Start=3229446519356 End=3229446520721 Duration=1365
Task=74 Chunk=0 Start=3229446437841 End=3229446568676 Duration=130835
Task=74 Chunk=1 Start=3229446568699 End=3229446648950 Duration=80251
Task=74 Chunk=2 Start=3229446648985 End=3229446650313 Duration=1328
Task=75 Chunk=0 Start=3229446568679 End=3229446698611 Duration=129932
Task=75 Chunk=1 Start=3229446698643 End=3229446778913 Duration=80270
Task=75 Chunk=2 Start=3229446778977 End=3229446780449 Duration=1472
Task=76 Chunk=0 Start=3229446698614 End=3229446828744 Duration=130130
Task=76 Chunk=1 Start=3229446828777 End=3229446909018 Duration=80241
Task=76 Chunk=2 Start=3229446909083 End=3229446910424 Duration=1341
Task=77 Chunk=0 Start=3229446828747 End=3229446965520 Duration=136773
Task=77 Chunk=1 Start=3229446965538 End=3229447045942 Duration=80404
Task=77 Chunk=2 Start=3229447046006 End=3229447047380 Duration=1374
Task=78 Chunk=0 Start=3229446965523 End=3229447095344 Duration=129821
Task=78 Chunk=1 Start=3229447095376 End=3229447176070 Duration=80694
Task=78 Chunk=2 Start=3229447176100 End=3229447177469 Duration=1369
Task=79 Chunk=0 Start=3229447095347 End=3229447225312 Duration=129965
Task=79 Chunk=1 Start=3229447225340 End=3229447306012 Duration=80672
Task=79 Chunk=2 Start=3229447306041 End=3229447307432 Duration=1391
Task=80 Chunk=0 Start=3229447225315 End=3229447355276 Duration=129961
Task=80 Chunk=1 Start=3229447355323 End=3229447436603 Duration=81280
Task=80 Chunk=2 Start=3229447436651 End=3229447437999 Duration=1348
Task=81 Chunk=0 Start=3229447355280 End=3229447485152 Duration=129872
Task=81 Chunk=1 Start=3229447485187 End=3229447565353 Duration=80166
Task=81 Chunk=2 Start=3229447565389 End=3229447566717 Duration=1328
Task=82 Chunk=0 Start=3229447485155 End=3229447623135 Duration=137980
Task=82 Chunk=1 Start=3229447623149 End=3229447703538 Duration=80389
Task=82 Chunk=2 Start=3229447703556 End=3229447704916 Duration=1360
Task=83 Chunk=0 Start=3229447623138 End=3229447752454 Duration=129316
Task=83 Chunk=1 Start=3229447752488 End=3229447832841 Duration=80353
Task=83 Chunk=2 Start=3229447832886 End=3229447834190 Duration=1304
Task=84 Chunk=0 Start=3229447752457 End=3229447884353 Duration=131896
Task=84 Chunk=1 Start=3229447884400 End=3229447964708 Duration=80308
Task=84 Chunk=2 Start=3229447964780 End=3229447966097 Duration=1317
Task=85 Chunk=0 Start=3229447884357 End=3229448012827 Duration=128470
Task=85 Chunk=1 Start=3229448012846 End=3229448094031 Duration=81185
Task=85 Chunk=2 Start=3229448094053 End=3229448095357 Duration=1304
Task=86 Chunk=0 Start=3229448012830 End=3229448142923 Duration=130093
Task=86 Chunk=1 Start=3229448142945 End=3229448224088 Duration=81143
Task=86 Chunk=2 Start=3229448224129 End=3229448225482 Duration=1353
Task=87 Chunk=0 Start=3229448142926 End=3229448273395 Duration=130469
Task=87 Chunk=1 Start=3229448273419 End=3229448354739 Duration=81320
Task=87 Chunk=2 Start=3229448354820 End=3229448356275 Duration=1455
Task=88 Chunk=0 Start=3229448273397 End=3229448403594 Duration=130197
Task=88 Chunk=1 Start=3229448403621 End=3229448483862 Duration=80241
Task=88 Chunk=2 Start=3229448486382 End=3229448487936 Duration=1554
Task=89 Chunk=0 Start=3229448403598 End=3229448535067 Duration=131469
Task=89 Chunk=1 Start=3229448535103 End=3229448615532 Duration=80429
Task=89 Chunk=2 Start=3229448615547 End=3229448617023 Duration=1476
Task=90 Chunk=0 Start=3229448535070 End=3229448664957 Duration=129887
Task=90 Chunk=1 Start=3229448664970 End=3229448745249 Duration=80279
Task=90 Chunk=2 Start=3229448745293 End=3229448746634 Duration=1341
Task=91 Chunk=0 Start=3229448664960 End=3229448794227 Duration=129267
Task=91 Chunk=1 Start=3229448794253 End=3229448875333 Duration=81080
Task=91 Chunk=2 Start=3229448875343 End=3229448876689 Duration=1346
Task=92 Chunk=0 Start=3229448794230 End=3229448924603 Duration=130373
Task=92 Chunk=1 Start=3229448924637 End=3229449006009 Duration=81372
Task=92 Chunk=2 Start=3229449006022 End=3229449007382 Duration=1360
Task=93 Chunk=0 Start=3229448924606 End=3229449054193 Duration=129587
Task=93 Chunk=1 Start=3229449054222 End=3229449135313 Duration=81091
Task=93 Chunk=2 Start=3229449135338 End=3229449136746 Duration=1408
Task=94 Chunk=0 Start=3229449054196 End=3229449184016 Duration=129820
Task=94 Chunk=1 Start=3229449184053 End=3229449266011 Duration=81958
Task=94 Chunk=2 Start=3229449266086 End=3229449267427 Duration=1341
Task=95 Chunk=0 Start=3229449184019 End=3229449313930 Duration=129911
Task=95 Chunk=1 Start=3229449313954 End=3229449394130 Duration=80176
Task=95 Chunk=2 Start=3229449394141 End=3229449395446 Duration=1305
Task=96 Chunk=0 Start=3229449313933 End=3229449443475 Duration=129542
Task=96 Chunk=1 Start=3229449443496 End=3229449523967 Duration=80471
Task=96 Chunk=2 Start=3229449524054 End=3229449525431 Duration=1377
Task=97 Chunk=0 Start=3229449443478 End=3229449597441 Duration=153963
Task=97 Chunk=1 Start=3229449597470 End=3229449679036 Duration=81566
Task=97 Chunk=2 Start=3229449679055 End=3229449680631 Duration=1576
Task=98 Chunk=0 Start=3229449597444 End=3229449732009 Duration=134565
Task=98 Chunk=1 Start=3229449732026 End=3229449812299 Duration=80273
Task=98 Chunk=2 Start=3229449812363 End=3229449813704 Duration=1341
Task=99 Chunk=0 Start=3229449732012 End=3229449861528 Duration=129516
Task=99 Chunk=1 Start=3229449861547 End=3229449943088 Duration=81541
Task=99 Chunk=2 Start=3229449943137 End=3229449944464 Duration=1327
### Python End ###

--------------------------------
[2025-06-26 18:30:39.159] [info] Available Vulkan Layers:
[2025-06-26 18:30:39.159] [warning] Validation layer requested but not available, continuing without it...
[2025-06-26 18:30:39.162] [info] Using integrated GPU: Adreno (TM) 740
### Python Begin ###
Schedule_UID=SCH-M1B1G5L2-G370-54ac
Frequency=19200000 Hz
Task=0 Chunk=0 Start=3229466830095 End=3229466938399 Duration=108304
Task=0 Chunk=1 Start=3229466938644 End=3229467077777 Duration=139133
Task=0 Chunk=2 Start=3229467077803 End=3229467427319 Duration=349516
Task=0 Chunk=3 Start=3229467427339 End=3229467436503 Duration=9164
Task=1 Chunk=0 Start=3229466938406 End=3229466950393 Duration=11987
Task=1 Chunk=1 Start=3229467077780 End=3229467078211 Duration=431
Task=1 Chunk=2 Start=3229467427328 End=3229467551617 Duration=124289
Task=1 Chunk=3 Start=3229467551627 End=3229467554670 Duration=3043
Task=2 Chunk=0 Start=3229466950394 End=3229466950498 Duration=104
Task=2 Chunk=1 Start=3229467078211 End=3229467078549 Duration=338
Task=2 Chunk=2 Start=3229467551624 End=3229467663339 Duration=111715
Task=2 Chunk=3 Start=3229467663364 End=3229467666296 Duration=2932
Task=3 Chunk=0 Start=3229466950499 End=3229466950584 Duration=85
Task=3 Chunk=1 Start=3229467078549 End=3229467078875 Duration=326
Task=3 Chunk=2 Start=3229467663344 End=3229467781657 Duration=118313
Task=3 Chunk=3 Start=3229467781706 End=3229467784727 Duration=3021
Task=4 Chunk=0 Start=3229466950585 End=3229466950673 Duration=88
Task=4 Chunk=1 Start=3229467078875 End=3229467079199 Duration=324
Task=4 Chunk=2 Start=3229467781661 End=3229467892933 Duration=111272
Task=4 Chunk=3 Start=3229467893003 End=3229467895855 Duration=2852
Task=5 Chunk=0 Start=3229466950674 End=3229466950828 Duration=154
Task=5 Chunk=1 Start=3229467079200 End=3229467079518 Duration=318
Task=5 Chunk=2 Start=3229467892937 End=3229468005377 Duration=112440
Task=5 Chunk=3 Start=3229468005414 End=3229468008427 Duration=3013
Task=6 Chunk=0 Start=3229466950829 End=3229466950911 Duration=82
Task=6 Chunk=1 Start=3229467079519 End=3229467079834 Duration=315
Task=6 Chunk=2 Start=3229468005382 End=3229468116831 Duration=111449
Task=6 Chunk=3 Start=3229468116840 End=3229468119827 Duration=2987
Task=7 Chunk=0 Start=3229466950912 End=3229466951011 Duration=99
Task=7 Chunk=1 Start=3229467079835 End=3229467080153 Duration=318
Task=7 Chunk=2 Start=3229468116835 End=3229468228320 Duration=111485
Task=7 Chunk=3 Start=3229468228343 End=3229468231329 Duration=2986
Task=8 Chunk=0 Start=3229466951012 End=3229466951106 Duration=94
Task=8 Chunk=1 Start=3229467080155 End=3229467080872 Duration=717
Task=8 Chunk=2 Start=3229468228324 End=3229468340479 Duration=112155
Task=8 Chunk=3 Start=3229468340541 End=3229468343402 Duration=2861
Task=9 Chunk=0 Start=3229466951124 End=3229466951205 Duration=81
Task=9 Chunk=1 Start=3229467080873 End=3229467081215 Duration=342
Task=9 Chunk=2 Start=3229468340484 End=3229468451257 Duration=110773
Task=9 Chunk=3 Start=3229468451300 End=3229468454143 Duration=2843
Task=10 Chunk=0 Start=3229466951206 End=3229466951284 Duration=78
Task=10 Chunk=1 Start=3229467081216 End=3229467081547 Duration=331
Task=10 Chunk=2 Start=3229468451263 End=3229468562327 Duration=111064
Task=10 Chunk=3 Start=3229468562354 End=3229468565289 Duration=2935
Task=11 Chunk=0 Start=3229466951285 End=3229466951367 Duration=82
Task=11 Chunk=1 Start=3229467081548 End=3229467081869 Duration=321
Task=11 Chunk=2 Start=3229468562331 End=3229468674716 Duration=112385
Task=11 Chunk=3 Start=3229468674767 End=3229468677557 Duration=2790
Task=12 Chunk=0 Start=3229466951368 End=3229466951450 Duration=82
Task=12 Chunk=1 Start=3229467081870 End=3229467082189 Duration=319
Task=12 Chunk=2 Start=3229468674720 End=3229468785797 Duration=111077
Task=12 Chunk=3 Start=3229468785802 End=3229468788807 Duration=3005
Task=13 Chunk=0 Start=3229466951451 End=3229466951532 Duration=81
Task=13 Chunk=1 Start=3229467082189 End=3229467082516 Duration=327
Task=13 Chunk=2 Start=3229468785801 End=3229468897296 Duration=111495
Task=13 Chunk=3 Start=3229468897338 End=3229468900266 Duration=2928
Task=14 Chunk=0 Start=3229466951533 End=3229466951612 Duration=79
Task=14 Chunk=1 Start=3229467082517 End=3229467082840 Duration=323
Task=14 Chunk=2 Start=3229468897300 End=3229469008797 Duration=111497
Task=14 Chunk=3 Start=3229469008837 End=3229469011832 Duration=2995
Task=15 Chunk=0 Start=3229467436523 End=3229467436628 Duration=105
Task=15 Chunk=1 Start=3229467436643 End=3229467436784 Duration=141
Task=15 Chunk=2 Start=3229469008801 End=3229469120296 Duration=111495
Task=15 Chunk=3 Start=3229469120312 End=3229469123147 Duration=2835
Task=16 Chunk=0 Start=3229467554688 End=3229467554784 Duration=96
Task=16 Chunk=1 Start=3229467554808 End=3229467554906 Duration=98
Task=16 Chunk=2 Start=3229469120300 End=3229469229982 Duration=109682
Task=16 Chunk=3 Start=3229469230014 End=3229469234613 Duration=4599
Task=17 Chunk=0 Start=3229467666307 End=3229467666381 Duration=74
Task=17 Chunk=1 Start=3229467666385 End=3229467666438 Duration=53
Task=17 Chunk=2 Start=3229469229985 End=3229469343126 Duration=113141
Task=17 Chunk=3 Start=3229469343135 End=3229469346010 Duration=2875
Task=18 Chunk=0 Start=3229467784739 End=3229467784804 Duration=65
Task=18 Chunk=1 Start=3229467784818 End=3229467784921 Duration=103
Task=18 Chunk=2 Start=3229469343129 End=3229469454545 Duration=111416
Task=18 Chunk=3 Start=3229469454564 End=3229469457355 Duration=2791
Task=19 Chunk=0 Start=3229467895879 End=3229467895942 Duration=63
Task=19 Chunk=1 Start=3229467895952 End=3229467896045 Duration=93
Task=19 Chunk=2 Start=3229469454549 End=3229469571696 Duration=117147
Task=19 Chunk=3 Start=3229469571744 End=3229469574593 Duration=2849
Task=20 Chunk=0 Start=3229468008445 End=3229468008510 Duration=65
Task=20 Chunk=1 Start=3229468008536 End=3229468008623 Duration=87
Task=20 Chunk=2 Start=3229469571700 End=3229469683001 Duration=111301
Task=20 Chunk=3 Start=3229469683044 End=3229469685916 Duration=2872
Task=21 Chunk=0 Start=3229468119875 End=3229468119933 Duration=58
Task=21 Chunk=1 Start=3229468119956 End=3229468120027 Duration=71
Task=21 Chunk=2 Start=3229469683005 End=3229469793331 Duration=110326
Task=21 Chunk=3 Start=3229469793379 End=3229469796255 Duration=2876
Task=22 Chunk=0 Start=3229468231354 End=3229468231429 Duration=75
Task=22 Chunk=1 Start=3229468231440 End=3229468231541 Duration=101
Task=22 Chunk=2 Start=3229469793335 End=3229469903749 Duration=110414
Task=22 Chunk=3 Start=3229469903785 End=3229469906635 Duration=2850
Task=23 Chunk=0 Start=3229468343430 End=3229468343498 Duration=68
Task=23 Chunk=1 Start=3229468343516 End=3229468343589 Duration=73
Task=23 Chunk=2 Start=3229469903753 End=3229470015202 Duration=111449
Task=23 Chunk=3 Start=3229470015241 End=3229470018196 Duration=2955
Task=24 Chunk=0 Start=3229468454159 End=3229468454218 Duration=59
Task=24 Chunk=1 Start=3229468454226 End=3229468454303 Duration=77
Task=24 Chunk=2 Start=3229470015206 End=3229470125649 Duration=110443
Task=24 Chunk=3 Start=3229470125667 End=3229470128441 Duration=2774
Task=25 Chunk=0 Start=3229468565318 End=3229468565378 Duration=60
Task=25 Chunk=1 Start=3229468565390 End=3229468565491 Duration=101
Task=25 Chunk=2 Start=3229470125653 End=3229470242758 Duration=117105
Task=25 Chunk=3 Start=3229470242764 End=3229470245579 Duration=2815
Task=26 Chunk=0 Start=3229468677581 End=3229468677650 Duration=69
Task=26 Chunk=1 Start=3229468677667 End=3229468677741 Duration=74
Task=26 Chunk=2 Start=3229470242762 End=3229470354524 Duration=111762
Task=26 Chunk=3 Start=3229470354573 End=3229470357380 Duration=2807
Task=27 Chunk=0 Start=3229468788815 End=3229468788878 Duration=63
Task=27 Chunk=1 Start=3229468788893 End=3229468788961 Duration=68
Task=27 Chunk=2 Start=3229470354528 End=3229470466383 Duration=111855
Task=27 Chunk=3 Start=3229470466436 End=3229470469276 Duration=2840
Task=28 Chunk=0 Start=3229468900317 End=3229468900387 Duration=70
Task=28 Chunk=1 Start=3229468900393 End=3229468900509 Duration=116
Task=28 Chunk=2 Start=3229470466387 End=3229470576149 Duration=109762
Task=28 Chunk=3 Start=3229470576216 End=3229470578992 Duration=2776
Task=29 Chunk=0 Start=3229469011858 End=3229469011918 Duration=60
Task=29 Chunk=1 Start=3229469011933 End=3229469012005 Duration=72
Task=29 Chunk=2 Start=3229470576153 End=3229470686747 Duration=110594
Task=29 Chunk=3 Start=3229470686810 End=3229470689605 Duration=2795
Task=30 Chunk=0 Start=3229469123170 End=3229469123228 Duration=58
Task=30 Chunk=1 Start=3229469123245 End=3229469123325 Duration=80
Task=30 Chunk=2 Start=3229470686751 End=3229470797764 Duration=111013
Task=30 Chunk=3 Start=3229470797798 End=3229470800603 Duration=2805
Task=31 Chunk=0 Start=3229469234626 End=3229469234687 Duration=61
Task=31 Chunk=1 Start=3229469234706 End=3229469234779 Duration=73
Task=31 Chunk=2 Start=3229470797768 End=3229470908171 Duration=110403
Task=31 Chunk=3 Start=3229470908228 End=3229470911083 Duration=2855
Task=32 Chunk=0 Start=3229469346017 End=3229469346076 Duration=59
Task=32 Chunk=1 Start=3229469346085 End=3229469346173 Duration=88
Task=32 Chunk=2 Start=3229470908175 End=3229471018320 Duration=110145
Task=32 Chunk=3 Start=3229471018347 End=3229471021897 Duration=3550
Task=33 Chunk=0 Start=3229469457376 End=3229469457438 Duration=62
Task=33 Chunk=1 Start=3229469457460 End=3229469457566 Duration=106
Task=33 Chunk=2 Start=3229471018324 End=3229471129580 Duration=111256
Task=33 Chunk=3 Start=3229471129640 End=3229471132396 Duration=2756
Task=34 Chunk=0 Start=3229469574602 End=3229469574667 Duration=65
Task=34 Chunk=1 Start=3229469574685 End=3229469574758 Duration=73
Task=34 Chunk=2 Start=3229471129584 End=3229471239873 Duration=110289
Task=34 Chunk=3 Start=3229471239884 End=3229471242831 Duration=2947
Task=35 Chunk=0 Start=3229469685936 End=3229469685995 Duration=59
Task=35 Chunk=1 Start=3229469686010 End=3229469686082 Duration=72
Task=35 Chunk=2 Start=3229471239878 End=3229471350469 Duration=110591
Task=35 Chunk=3 Start=3229471350507 End=3229471353298 Duration=2791
Task=36 Chunk=0 Start=3229469796279 End=3229469796345 Duration=66
Task=36 Chunk=1 Start=3229469796352 End=3229469796434 Duration=82
Task=36 Chunk=2 Start=3229471350474 End=3229471461877 Duration=111403
Task=36 Chunk=3 Start=3229471461885 End=3229471464782 Duration=2897
Task=37 Chunk=0 Start=3229469906648 End=3229469906709 Duration=61
Task=37 Chunk=1 Start=3229469906714 End=3229469906790 Duration=76
Task=37 Chunk=2 Start=3229471461881 End=3229471571890 Duration=110009
Task=37 Chunk=3 Start=3229471571942 End=3229471574783 Duration=2841
Task=38 Chunk=0 Start=3229470018200 End=3229470018266 Duration=66
Task=38 Chunk=1 Start=3229470018286 End=3229470018361 Duration=75
Task=38 Chunk=2 Start=3229471571894 End=3229471682093 Duration=110199
Task=38 Chunk=3 Start=3229471682138 End=3229471685022 Duration=2884
Task=39 Chunk=0 Start=3229470128461 End=3229470128519 Duration=58
Task=39 Chunk=1 Start=3229470128539 End=3229470128605 Duration=66
Task=39 Chunk=2 Start=3229471682098 End=3229471799303 Duration=117205
Task=39 Chunk=3 Start=3229471799316 End=3229471802107 Duration=2791
Task=40 Chunk=0 Start=3229470245600 End=3229470245676 Duration=76
Task=40 Chunk=1 Start=3229470245685 End=3229470245763 Duration=78
Task=40 Chunk=2 Start=3229471799307 End=3229471909871 Duration=110564
Task=40 Chunk=3 Start=3229471909935 End=3229471912743 Duration=2808
Task=41 Chunk=0 Start=3229470357393 End=3229470357451 Duration=58
Task=41 Chunk=1 Start=3229470357459 End=3229470357564 Duration=105
Task=41 Chunk=2 Start=3229471909875 End=3229472020326 Duration=110451
Task=41 Chunk=3 Start=3229472020334 End=3229472023225 Duration=2891
Task=42 Chunk=0 Start=3229470469290 End=3229470469351 Duration=61
Task=42 Chunk=1 Start=3229470469365 End=3229470469466 Duration=101
Task=42 Chunk=2 Start=3229472020330 End=3229472130405 Duration=110075
Task=42 Chunk=3 Start=3229472130458 End=3229472133257 Duration=2799
Task=43 Chunk=0 Start=3229470579004 End=3229470579063 Duration=59
Task=43 Chunk=1 Start=3229470579074 End=3229470579192 Duration=118
Task=43 Chunk=2 Start=3229472130410 End=3229472240914 Duration=110504
Task=43 Chunk=3 Start=3229472240933 End=3229472243813 Duration=2880
Task=44 Chunk=0 Start=3229470689620 End=3229470689684 Duration=64
Task=44 Chunk=1 Start=3229470689706 End=3229470690035 Duration=329
Task=44 Chunk=2 Start=3229472240918 End=3229472350995 Duration=110077
Task=44 Chunk=3 Start=3229472351052 End=3229472353824 Duration=2772
Task=45 Chunk=0 Start=3229470800608 End=3229470800678 Duration=70
Task=45 Chunk=1 Start=3229470800691 End=3229470800768 Duration=77
Task=45 Chunk=2 Start=3229472351000 End=3229472469069 Duration=118069
Task=45 Chunk=3 Start=3229472469124 End=3229472471928 Duration=2804
Task=46 Chunk=0 Start=3229470911089 End=3229470911170 Duration=81
Task=46 Chunk=1 Start=3229470911190 End=3229470911260 Duration=70
Task=46 Chunk=2 Start=3229472469074 End=3229472581282 Duration=112208
Task=46 Chunk=3 Start=3229472581292 End=3229472584023 Duration=2731
Task=47 Chunk=0 Start=3229471021901 End=3229471021963 Duration=62
Task=47 Chunk=1 Start=3229471021973 End=3229471022060 Duration=87
Task=47 Chunk=2 Start=3229472581287 End=3229472698818 Duration=117531
Task=47 Chunk=3 Start=3229472698853 End=3229472701716 Duration=2863
Task=48 Chunk=0 Start=3229471132404 End=3229471132469 Duration=65
Task=48 Chunk=1 Start=3229471132480 End=3229471132563 Duration=83
Task=48 Chunk=2 Start=3229472698821 End=3229472810872 Duration=112051
Task=48 Chunk=3 Start=3229472810920 End=3229472813782 Duration=2862
Task=49 Chunk=0 Start=3229471242853 End=3229471242922 Duration=69
Task=49 Chunk=1 Start=3229471242939 End=3229471243064 Duration=125
Task=49 Chunk=2 Start=3229472810875 End=3229472928858 Duration=117983
Task=49 Chunk=3 Start=3229472928917 End=3229472931764 Duration=2847
Task=50 Chunk=0 Start=3229471353310 End=3229471353371 Duration=61
Task=50 Chunk=1 Start=3229471353391 End=3229471353454 Duration=63
Task=50 Chunk=2 Start=3229472928861 End=3229473041013 Duration=112152
Task=50 Chunk=3 Start=3229473041064 End=3229473043840 Duration=2776
Task=51 Chunk=0 Start=3229471464809 End=3229471464872 Duration=63
Task=51 Chunk=1 Start=3229471464892 End=3229471464984 Duration=92
Task=51 Chunk=2 Start=3229473041017 End=3229473158891 Duration=117874
Task=51 Chunk=3 Start=3229473158937 End=3229473161847 Duration=2910
Task=52 Chunk=0 Start=3229471574800 End=3229471574859 Duration=59
Task=52 Chunk=1 Start=3229471574866 End=3229471574967 Duration=101
Task=52 Chunk=2 Start=3229473158895 End=3229473271223 Duration=112328
Task=52 Chunk=3 Start=3229473271286 End=3229473273993 Duration=2707
Task=53 Chunk=0 Start=3229471685042 End=3229471685099 Duration=57
Task=53 Chunk=1 Start=3229471685119 End=3229471685184 Duration=65
Task=53 Chunk=2 Start=3229473271227 End=3229473389031 Duration=117804
Task=53 Chunk=3 Start=3229473389044 End=3229473391839 Duration=2795
Task=54 Chunk=0 Start=3229471802117 End=3229471802178 Duration=61
Task=54 Chunk=1 Start=3229471802185 End=3229471802253 Duration=68
Task=54 Chunk=2 Start=3229473389035 End=3229473501030 Duration=111995
Task=54 Chunk=3 Start=3229473501089 End=3229473503818 Duration=2729
Task=55 Chunk=0 Start=3229471912752 End=3229471912814 Duration=62
Task=55 Chunk=1 Start=3229471912839 End=3229471912909 Duration=70
Task=55 Chunk=2 Start=3229473501034 End=3229473618862 Duration=117828
Task=55 Chunk=3 Start=3229473618908 End=3229473621753 Duration=2845
Task=56 Chunk=0 Start=3229472023229 End=3229472023292 Duration=63
Task=56 Chunk=1 Start=3229472023308 End=3229472023371 Duration=63
Task=56 Chunk=2 Start=3229473618866 End=3229473731197 Duration=112331
Task=56 Chunk=3 Start=3229473731251 End=3229473734039 Duration=2788
Task=57 Chunk=0 Start=3229472133268 End=3229472133329 Duration=61
Task=57 Chunk=1 Start=3229472133349 End=3229472133412 Duration=63
Task=57 Chunk=2 Start=3229473731200 End=3229473848775 Duration=117575
Task=57 Chunk=3 Start=3229473848830 End=3229473851695 Duration=2865
Task=58 Chunk=0 Start=3229472243829 End=3229472243890 Duration=61
Task=58 Chunk=1 Start=3229472243893 End=3229472243958 Duration=65
Task=58 Chunk=2 Start=3229473848784 End=3229473960771 Duration=111987
Task=58 Chunk=3 Start=3229473960826 End=3229473963536 Duration=2710
Task=59 Chunk=0 Start=3229472353842 End=3229472353903 Duration=61
Task=59 Chunk=1 Start=3229472353917 End=3229472354016 Duration=99
Task=59 Chunk=2 Start=3229473960775 End=3229474073930 Duration=113155
Task=59 Chunk=3 Start=3229474073948 End=3229474076821 Duration=2873
Task=60 Chunk=0 Start=3229472471937 End=3229472472003 Duration=66
Task=60 Chunk=1 Start=3229472472018 End=3229472472102 Duration=84
Task=60 Chunk=2 Start=3229474073934 End=3229474184056 Duration=110122
Task=60 Chunk=3 Start=3229474185945 End=3229474188388 Duration=2443
Task=61 Chunk=0 Start=3229472584029 End=3229472584094 Duration=65
Task=61 Chunk=1 Start=3229472584103 End=3229472584166 Duration=63
Task=61 Chunk=2 Start=3229474184060 End=3229474294174 Duration=110114
Task=61 Chunk=3 Start=3229474294638 End=3229474296894 Duration=2256
Task=62 Chunk=0 Start=3229472701728 End=3229472701790 Duration=62
Task=62 Chunk=1 Start=3229472701802 End=3229472701871 Duration=69
Task=62 Chunk=2 Start=3229474294177 End=3229474404616 Duration=110439
Task=62 Chunk=3 Start=3229474404633 End=3229474407433 Duration=2800
Task=63 Chunk=0 Start=3229472813806 End=3229472813865 Duration=59
Task=63 Chunk=1 Start=3229472813887 End=3229472813955 Duration=68
Task=63 Chunk=2 Start=3229474404620 End=3229474513893 Duration=109273
Task=63 Chunk=3 Start=3229474514354 End=3229474516623 Duration=2269
Task=64 Chunk=0 Start=3229472931782 End=3229472931845 Duration=63
Task=64 Chunk=1 Start=3229472931861 End=3229472931926 Duration=65
Task=64 Chunk=2 Start=3229474513897 End=3229474623732 Duration=109835
Task=64 Chunk=3 Start=3229474623753 End=3229474626611 Duration=2858
Task=65 Chunk=0 Start=3229473043853 End=3229473043918 Duration=65
Task=65 Chunk=1 Start=3229473043922 End=3229473043990 Duration=68
Task=65 Chunk=2 Start=3229474623736 End=3229474733505 Duration=109769
Task=65 Chunk=3 Start=3229474733980 End=3229474736241 Duration=2261
Task=66 Chunk=0 Start=3229473161868 End=3229473161931 Duration=63
Task=66 Chunk=1 Start=3229473161949 End=3229473162027 Duration=78
Task=66 Chunk=2 Start=3229474733508 End=3229474844255 Duration=110747
Task=66 Chunk=3 Start=3229474844317 End=3229474847262 Duration=2945
Task=67 Chunk=0 Start=3229473274012 End=3229473274079 Duration=67
Task=67 Chunk=1 Start=3229473274087 End=3229473274172 Duration=85
Task=67 Chunk=2 Start=3229474844259 End=3229474954528 Duration=110269
Task=67 Chunk=3 Start=3229474954580 End=3229474957365 Duration=2785
Task=68 Chunk=0 Start=3229473391862 End=3229473391923 Duration=61
Task=68 Chunk=1 Start=3229473391926 End=3229473391996 Duration=70
Task=68 Chunk=2 Start=3229474954533 End=3229475063791 Duration=109258
Task=68 Chunk=3 Start=3229475064264 End=3229475066592 Duration=2328
Task=69 Chunk=0 Start=3229473503834 End=3229473503901 Duration=67
Task=69 Chunk=1 Start=3229473503922 End=3229473503990 Duration=68
Task=69 Chunk=2 Start=3229475063795 End=3229475173991 Duration=110196
Task=69 Chunk=3 Start=3229475174493 End=3229475176822 Duration=2329
Task=70 Chunk=0 Start=3229473621773 End=3229473621871 Duration=98
Task=70 Chunk=1 Start=3229473621878 End=3229473621969 Duration=91
Task=70 Chunk=2 Start=3229475173995 End=3229475283708 Duration=109713
Task=70 Chunk=3 Start=3229475284183 End=3229475286451 Duration=2268
Task=71 Chunk=0 Start=3229473734059 End=3229473734118 Duration=59
Task=71 Chunk=1 Start=3229473734139 End=3229473734241 Duration=102
Task=71 Chunk=2 Start=3229475283712 End=3229475393020 Duration=109308
Task=71 Chunk=3 Start=3229475393029 End=3229475395893 Duration=2864
Task=72 Chunk=0 Start=3229473851702 End=3229473851785 Duration=83
Task=72 Chunk=1 Start=3229473851795 End=3229473851865 Duration=70
Task=72 Chunk=2 Start=3229475393025 End=3229475504450 Duration=111425
Task=72 Chunk=3 Start=3229475505072 End=3229475507244 Duration=2172
Task=73 Chunk=0 Start=3229473963557 End=3229473963616 Duration=59
Task=73 Chunk=1 Start=3229473963625 End=3229473963695 Duration=70
Task=73 Chunk=2 Start=3229475504454 End=3229475614023 Duration=109569
Task=73 Chunk=3 Start=3229475614093 End=3229475617587 Duration=3494
Task=74 Chunk=0 Start=3229474076825 End=3229474076911 Duration=86
Task=74 Chunk=1 Start=3229474076928 End=3229474076998 Duration=70
Task=74 Chunk=2 Start=3229475614027 End=3229475723618 Duration=109591
Task=74 Chunk=3 Start=3229475724106 End=3229475726367 Duration=2261
Task=75 Chunk=0 Start=3229474188409 End=3229474188466 Duration=57
Task=75 Chunk=1 Start=3229474188480 End=3229474188552 Duration=72
Task=75 Chunk=2 Start=3229475723622 End=3229475832932 Duration=109310
Task=75 Chunk=3 Start=3229475833385 End=3229475838241 Duration=4856
Task=76 Chunk=0 Start=3229474296914 End=3229474296973 Duration=59
Task=76 Chunk=1 Start=3229474296978 End=3229474297044 Duration=66
Task=76 Chunk=2 Start=3229475832936 End=3229475942562 Duration=109626
Task=76 Chunk=3 Start=3229475943057 End=3229475945323 Duration=2266
Task=77 Chunk=0 Start=3229474407445 End=3229474407507 Duration=62
Task=77 Chunk=1 Start=3229474407533 End=3229474407599 Duration=66
Task=77 Chunk=2 Start=3229475942566 End=3229476052454 Duration=109888
Task=77 Chunk=3 Start=3229476052947 End=3229476055166 Duration=2219
Task=78 Chunk=0 Start=3229474516642 End=3229474516703 Duration=61
Task=78 Chunk=1 Start=3229474516715 End=3229474516797 Duration=82
Task=78 Chunk=2 Start=3229476052459 End=3229476162141 Duration=109682
Task=78 Chunk=3 Start=3229476162685 End=3229476165036 Duration=2351
Task=79 Chunk=0 Start=3229474626629 End=3229474626695 Duration=66
Task=79 Chunk=1 Start=3229474626712 End=3229474626780 Duration=68
Task=79 Chunk=2 Start=3229476162146 End=3229476272327 Duration=110181
Task=79 Chunk=3 Start=3229476272818 End=3229476275094 Duration=2276
Task=80 Chunk=0 Start=3229474736249 End=3229474736336 Duration=87
Task=80 Chunk=1 Start=3229474736348 End=3229474736415 Duration=67
Task=80 Chunk=2 Start=3229476272331 End=3229476381898 Duration=109567
Task=80 Chunk=3 Start=3229476381969 End=3229476384794 Duration=2825
Task=81 Chunk=0 Start=3229474847275 End=3229474847341 Duration=66
Task=81 Chunk=1 Start=3229474847363 End=3229474847438 Duration=75
Task=81 Chunk=2 Start=3229476381902 End=3229476492032 Duration=110130
Task=81 Chunk=3 Start=3229476492516 End=3229476494798 Duration=2282
Task=82 Chunk=0 Start=3229474957372 End=3229474957432 Duration=60
Task=82 Chunk=1 Start=3229474957448 End=3229474957513 Duration=65
Task=82 Chunk=2 Start=3229476492036 End=3229476601423 Duration=109387
Task=82 Chunk=3 Start=3229476601916 End=3229476605229 Duration=3313
Task=83 Chunk=0 Start=3229475066604 End=3229475066661 Duration=57
Task=83 Chunk=1 Start=3229475066669 End=3229475066736 Duration=67
Task=83 Chunk=2 Start=3229476601427 End=3229476711212 Duration=109785
Task=83 Chunk=3 Start=3229476711705 End=3229476713939 Duration=2234
Task=84 Chunk=0 Start=3229475176833 End=3229475176892 Duration=59
Task=84 Chunk=1 Start=3229475176916 End=3229475176984 Duration=68
Task=84 Chunk=2 Start=3229476711217 End=3229476820500 Duration=109283
Task=84 Chunk=3 Start=3229476820968 End=3229476823174 Duration=2206
Task=85 Chunk=0 Start=3229475286455 End=3229475286515 Duration=60
Task=85 Chunk=1 Start=3229475286533 End=3229475286602 Duration=69
Task=85 Chunk=2 Start=3229476820505 End=3229476927935 Duration=107430
Task=85 Chunk=3 Start=3229476927966 End=3229476928830 Duration=864
Task=86 Chunk=0 Start=3229475395913 End=3229475395974 Duration=61
Task=86 Chunk=1 Start=3229475395984 End=3229475396055 Duration=71
Task=86 Chunk=2 Start=3229476927938 End=3229477032098 Duration=104160
Task=86 Chunk=3 Start=3229477032165 End=3229477033001 Duration=836
Task=87 Chunk=0 Start=3229475507266 End=3229475507324 Duration=58
Task=87 Chunk=1 Start=3229475507346 End=3229475507411 Duration=65
Task=87 Chunk=2 Start=3229477032099 End=3229477136321 Duration=104222
Task=87 Chunk=3 Start=3229477136352 End=3229477137182 Duration=830
Task=88 Chunk=0 Start=3229475617594 End=3229475617661 Duration=67
Task=88 Chunk=1 Start=3229475617672 End=3229475617793 Duration=121
Task=88 Chunk=2 Start=3229477136322 End=3229477240382 Duration=104060
Task=88 Chunk=3 Start=3229477242427 End=3229477243288 Duration=861
Task=89 Chunk=0 Start=3229475726378 End=3229475726440 Duration=62
Task=89 Chunk=1 Start=3229475726453 End=3229475726533 Duration=80
Task=89 Chunk=2 Start=3229477240384 End=3229477346249 Duration=105865
Task=89 Chunk=3 Start=3229477346314 End=3229477347183 Duration=869
Task=90 Chunk=0 Start=3229475838256 End=3229475838316 Duration=60
Task=90 Chunk=1 Start=3229475838325 End=3229475838400 Duration=75
Task=90 Chunk=2 Start=3229477346251 End=3229477450435 Duration=104184
Task=90 Chunk=3 Start=3229477450486 End=3229477451323 Duration=837
Task=91 Chunk=0 Start=3229475945343 End=3229475945406 Duration=63
Task=91 Chunk=1 Start=3229475945412 End=3229475945477 Duration=65
Task=91 Chunk=2 Start=3229477450437 End=3229477554770 Duration=104333
Task=91 Chunk=3 Start=3229477554777 End=3229477555632 Duration=855
Task=92 Chunk=0 Start=3229476055177 End=3229476055235 Duration=58
Task=92 Chunk=1 Start=3229476055250 End=3229476055318 Duration=68
Task=92 Chunk=2 Start=3229477554774 End=3229477658866 Duration=104092
Task=92 Chunk=3 Start=3229477658885 End=3229477659724 Duration=839
Task=93 Chunk=0 Start=3229476165043 End=3229476165103 Duration=60
Task=93 Chunk=1 Start=3229476165108 End=3229476165178 Duration=70
Task=93 Chunk=2 Start=3229477658868 End=3229477763035 Duration=104167
Task=93 Chunk=3 Start=3229477763054 End=3229477763887 Duration=833
Task=94 Chunk=0 Start=3229476275111 End=3229476275167 Duration=56
Task=94 Chunk=1 Start=3229476275191 End=3229476275261 Duration=70
Task=94 Chunk=2 Start=3229477763036 End=3229477866919 Duration=103883
Task=94 Chunk=3 Start=3229477866961 End=3229477867802 Duration=841
Task=95 Chunk=0 Start=3229476384805 End=3229476384874 Duration=69
Task=95 Chunk=1 Start=3229476384881 End=3229476384945 Duration=64
Task=95 Chunk=2 Start=3229477866921 End=3229477970945 Duration=104024
Task=95 Chunk=3 Start=3229477970955 End=3229477971771 Duration=816
Task=96 Chunk=0 Start=3229476494820 End=3229476494880 Duration=60
Task=96 Chunk=1 Start=3229476494887 End=3229476494989 Duration=102
Task=96 Chunk=2 Start=3229477970946 End=3229478074967 Duration=104021
Task=96 Chunk=3 Start=3229478075028 End=3229478075890 Duration=862
Task=97 Chunk=0 Start=3229476605245 End=3229476605306 Duration=61
Task=97 Chunk=1 Start=3229476605319 End=3229476605409 Duration=90
Task=97 Chunk=2 Start=3229478074968 End=3229478179482 Duration=104514
Task=97 Chunk=3 Start=3229478179491 End=3229478180325 Duration=834
Task=98 Chunk=0 Start=3229476713954 End=3229476714023 Duration=69
Task=98 Chunk=1 Start=3229476714046 End=3229476714112 Duration=66
Task=98 Chunk=2 Start=3229478179484 End=3229478283623 Duration=104139
Task=98 Chunk=3 Start=3229478283643 End=3229478284471 Duration=828
Task=99 Chunk=0 Start=3229476823195 End=3229476823260 Duration=65
Task=99 Chunk=1 Start=3229476823268 End=3229476823344 Duration=76
Task=99 Chunk=2 Start=3229478283625 End=3229478387915 Duration=104290
Task=99 Chunk=3 Start=3229478387923 End=3229478388763 Duration=840
### Python End ###

--------------------------------
[2025-06-26 18:30:40.645] [info] Available Vulkan Layers:
[2025-06-26 18:30:40.645] [warning] Validation layer requested but not available, continuing without it...
[2025-06-26 18:30:40.649] [info] Using integrated GPU: Adreno (TM) 740
### Python Begin ###
Schedule_UID=SCH-M1B1G7-G370-a8d3
Frequency=19200000 Hz
Task=0 Chunk=0 Start=3229495295815 End=3229495319404 Duration=23589
Task=0 Chunk=1 Start=3229495319643 End=3229495492310 Duration=172667
Task=0 Chunk=2 Start=3229495492432 End=3229495870489 Duration=378057
Task=1 Chunk=0 Start=3229495319407 End=3229495319631 Duration=224
Task=1 Chunk=1 Start=3229495492315 End=3229495492755 Duration=440
Task=1 Chunk=2 Start=3229495870498 End=3229496053833 Duration=183335
Task=2 Chunk=0 Start=3229495319632 End=3229495319692 Duration=60
Task=2 Chunk=1 Start=3229495492756 End=3229495493108 Duration=352
Task=2 Chunk=2 Start=3229496053842 End=3229496235177 Duration=181335
Task=3 Chunk=0 Start=3229495319693 End=3229495319750 Duration=57
Task=3 Chunk=1 Start=3229495493109 End=3229495494220 Duration=1111
Task=3 Chunk=2 Start=3229496235196 End=3229496425491 Duration=190295
Task=4 Chunk=0 Start=3229495319751 End=3229495320668 Duration=917
Task=4 Chunk=1 Start=3229495494221 End=3229495494274 Duration=53
Task=4 Chunk=2 Start=3229496425514 End=3229496620285 Duration=194771
Task=5 Chunk=0 Start=3229495320669 End=3229495324000 Duration=3331
Task=5 Chunk=1 Start=3229495494275 End=3229495494322 Duration=47
Task=5 Chunk=2 Start=3229496620305 End=3229496820157 Duration=199852
Task=6 Chunk=0 Start=3229495324001 End=3229495324052 Duration=51
Task=6 Chunk=1 Start=3229495494323 End=3229495494367 Duration=44
Task=6 Chunk=2 Start=3229496820178 End=3229497013371 Duration=193193
Task=7 Chunk=0 Start=3229495324053 End=3229495324104 Duration=51
Task=7 Chunk=1 Start=3229495494367 End=3229495494410 Duration=43
Task=7 Chunk=2 Start=3229497013392 End=3229497206198 Duration=192806
Task=8 Chunk=0 Start=3229495324104 End=3229495324154 Duration=50
Task=8 Chunk=1 Start=3229495494411 End=3229495494454 Duration=43
Task=8 Chunk=2 Start=3229497206211 End=3229497388026 Duration=181815
Task=9 Chunk=0 Start=3229495324155 End=3229495324205 Duration=50
Task=9 Chunk=1 Start=3229495494455 End=3229495494496 Duration=41
Task=9 Chunk=2 Start=3229497388048 End=3229497579792 Duration=191744
Task=10 Chunk=0 Start=3229495324206 End=3229495324256 Duration=50
Task=10 Chunk=1 Start=3229495494496 End=3229495494542 Duration=46
Task=10 Chunk=2 Start=3229497579813 End=3229497780361 Duration=200548
Task=11 Chunk=0 Start=3229495324256 End=3229495324305 Duration=49
Task=11 Chunk=1 Start=3229495494543 End=3229495494587 Duration=44
Task=11 Chunk=2 Start=3229497780368 End=3229497963868 Duration=183500
Task=12 Chunk=0 Start=3229495324306 End=3229495324356 Duration=50
Task=12 Chunk=1 Start=3229495494588 End=3229495494630 Duration=42
Task=12 Chunk=2 Start=3229497963878 End=3229498161137 Duration=197259
Task=13 Chunk=0 Start=3229495324357 End=3229495324408 Duration=51
Task=13 Chunk=1 Start=3229495494630 End=3229495494670 Duration=40
Task=13 Chunk=2 Start=3229498161158 End=3229498350262 Duration=189104
Task=14 Chunk=0 Start=3229495324409 End=3229495324458 Duration=49
Task=14 Chunk=1 Start=3229495494671 End=3229495494715 Duration=44
Task=14 Chunk=2 Start=3229498350285 End=3229498541683 Duration=191398
Task=15 Chunk=0 Start=3229495870503 End=3229495870655 Duration=152
Task=15 Chunk=1 Start=3229495870673 End=3229495870762 Duration=89
Task=15 Chunk=2 Start=3229498541691 End=3229498735746 Duration=194055
Task=16 Chunk=0 Start=3229496053844 End=3229496053907 Duration=63
Task=16 Chunk=1 Start=3229496053931 End=3229496053986 Duration=55
Task=16 Chunk=2 Start=3229498735754 End=3229498927288 Duration=191534
Task=17 Chunk=0 Start=3229496235201 End=3229496235296 Duration=95
Task=17 Chunk=1 Start=3229496235317 End=3229496235379 Duration=62
Task=17 Chunk=2 Start=3229498927296 End=3229499122584 Duration=195288
Task=18 Chunk=0 Start=3229496425525 End=3229496425581 Duration=56
Task=18 Chunk=1 Start=3229496425585 End=3229496425650 Duration=65
Task=18 Chunk=2 Start=3229499122591 End=3229499307072 Duration=184481
Task=19 Chunk=0 Start=3229496620310 End=3229496620361 Duration=51
Task=19 Chunk=1 Start=3229496620383 End=3229496620431 Duration=48
Task=19 Chunk=2 Start=3229499307081 End=3229499499930 Duration=192849
Task=20 Chunk=0 Start=3229496820196 End=3229496820243 Duration=47
Task=20 Chunk=1 Start=3229496820263 End=3229496820320 Duration=57
Task=20 Chunk=2 Start=3229499499937 End=3229499691597 Duration=191660
Task=21 Chunk=0 Start=3229497013400 End=3229497013468 Duration=68
Task=21 Chunk=1 Start=3229497013477 End=3229497013552 Duration=75
Task=21 Chunk=2 Start=3229499691606 End=3229499884835 Duration=193229
Task=22 Chunk=0 Start=3229497206223 End=3229497206274 Duration=51
Task=22 Chunk=1 Start=3229497206287 End=3229497206360 Duration=73
Task=22 Chunk=2 Start=3229499884845 End=3229500075968 Duration=191123
Task=23 Chunk=0 Start=3229497388053 End=3229497388096 Duration=43
Task=23 Chunk=1 Start=3229497388115 End=3229497388193 Duration=78
Task=23 Chunk=2 Start=3229500075977 End=3229500266467 Duration=190490
Task=24 Chunk=0 Start=3229497579818 End=3229497579868 Duration=50
Task=24 Chunk=1 Start=3229497579876 End=3229497579940 Duration=64
Task=24 Chunk=2 Start=3229500266475 End=3229500458264 Duration=191789
Task=25 Chunk=0 Start=3229497780378 End=3229497780428 Duration=50
Task=25 Chunk=1 Start=3229497780439 End=3229497780501 Duration=62
Task=25 Chunk=2 Start=3229500458277 End=3229500650860 Duration=192583
Task=26 Chunk=0 Start=3229497963896 End=3229497963964 Duration=68
Task=26 Chunk=1 Start=3229497963984 End=3229497964046 Duration=62
Task=26 Chunk=2 Start=3229500650870 End=3229500840185 Duration=189315
Task=27 Chunk=0 Start=3229498161177 End=3229498161217 Duration=40
Task=27 Chunk=1 Start=3229498161227 End=3229498161298 Duration=71
Task=27 Chunk=2 Start=3229500840194 End=3229501043065 Duration=202871
Task=28 Chunk=0 Start=3229498350302 End=3229498350358 Duration=56
Task=28 Chunk=1 Start=3229498350371 End=3229498350446 Duration=75
Task=28 Chunk=2 Start=3229501043075 End=3229501225172 Duration=182097
Task=29 Chunk=0 Start=3229498541695 End=3229498541755 Duration=60
Task=29 Chunk=1 Start=3229498541776 End=3229498541825 Duration=49
Task=29 Chunk=2 Start=3229501225180 End=3229501419168 Duration=193988
Task=30 Chunk=0 Start=3229498735756 End=3229498735796 Duration=40
Task=30 Chunk=1 Start=3229498735803 End=3229498735865 Duration=62
Task=30 Chunk=2 Start=3229501419175 End=3229501618184 Duration=199009
Task=31 Chunk=0 Start=3229498927314 End=3229498927360 Duration=46
Task=31 Chunk=1 Start=3229498927369 End=3229498927445 Duration=76
Task=31 Chunk=2 Start=3229501618193 End=3229501810111 Duration=191918
Task=32 Chunk=0 Start=3229499122594 End=3229499122641 Duration=47
Task=32 Chunk=1 Start=3229499122657 End=3229499122731 Duration=74
Task=32 Chunk=2 Start=3229501810119 End=3229501992043 Duration=181924
Task=33 Chunk=0 Start=3229499307091 End=3229499307134 Duration=43
Task=33 Chunk=1 Start=3229499307140 End=3229499307193 Duration=53
Task=33 Chunk=2 Start=3229501992052 End=3229502187613 Duration=195561
Task=34 Chunk=0 Start=3229499499939 End=3229499499996 Duration=57
Task=34 Chunk=1 Start=3229499500004 End=3229499500056 Duration=52
Task=34 Chunk=2 Start=3229502187623 End=3229502377999 Duration=190376
Task=35 Chunk=0 Start=3229499691614 End=3229499691670 Duration=56
Task=35 Chunk=1 Start=3229499691674 End=3229499691732 Duration=58
Task=35 Chunk=2 Start=3229502378009 End=3229502567952 Duration=189943
Task=36 Chunk=0 Start=3229499884853 End=3229499884897 Duration=44
Task=36 Chunk=1 Start=3229499884911 End=3229499884978 Duration=67
Task=36 Chunk=2 Start=3229502567961 End=3229502760948 Duration=192987
Task=37 Chunk=0 Start=3229500075981 End=3229500076022 Duration=41
Task=37 Chunk=1 Start=3229500076038 End=3229500076092 Duration=54
Task=37 Chunk=2 Start=3229502760956 End=3229502957964 Duration=197008
Task=38 Chunk=0 Start=3229500266482 End=3229500266532 Duration=50
Task=38 Chunk=1 Start=3229500266537 End=3229500266590 Duration=53
Task=38 Chunk=2 Start=3229502957971 End=3229503148547 Duration=190576
Task=39 Chunk=0 Start=3229500458285 End=3229500458340 Duration=55
Task=39 Chunk=1 Start=3229500458347 End=3229500458401 Duration=54
Task=39 Chunk=2 Start=3229503148555 End=3229503344080 Duration=195525
Task=40 Chunk=0 Start=3229500650879 End=3229500650921 Duration=42
Task=40 Chunk=1 Start=3229500650933 End=3229500651016 Duration=83
Task=40 Chunk=2 Start=3229503344088 End=3229503529934 Duration=185846
Task=41 Chunk=0 Start=3229500840200 End=3229500840254 Duration=54
Task=41 Chunk=1 Start=3229500840261 End=3229500840340 Duration=79
Task=41 Chunk=2 Start=3229503529941 End=3229503726499 Duration=196558
Task=42 Chunk=0 Start=3229501043088 End=3229501043130 Duration=42
Task=42 Chunk=1 Start=3229501043149 End=3229501043209 Duration=60
Task=42 Chunk=2 Start=3229503726506 End=3229503922013 Duration=195507
Task=43 Chunk=0 Start=3229501225186 End=3229501225227 Duration=41
Task=43 Chunk=1 Start=3229501225240 End=3229501225293 Duration=53
Task=43 Chunk=2 Start=3229503922020 End=3229504107072 Duration=185052
Task=44 Chunk=0 Start=3229501419188 End=3229501419236 Duration=48
Task=44 Chunk=1 Start=3229501419257 End=3229501419310 Duration=53
Task=44 Chunk=2 Start=3229504107080 End=3229504304580 Duration=197500
Task=45 Chunk=0 Start=3229501618199 End=3229501618239 Duration=40
Task=45 Chunk=1 Start=3229501618260 End=3229501618341 Duration=81
Task=45 Chunk=2 Start=3229504304591 End=3229504496933 Duration=192342
Task=46 Chunk=0 Start=3229501810132 End=3229501810191 Duration=59
Task=46 Chunk=1 Start=3229501810197 End=3229501810260 Duration=63
Task=46 Chunk=2 Start=3229504496940 End=3229504681381 Duration=184441
Task=47 Chunk=0 Start=3229501992069 End=3229501992125 Duration=56
Task=47 Chunk=1 Start=3229501992140 End=3229501992228 Duration=88
Task=47 Chunk=2 Start=3229504681389 End=3229504881995 Duration=200606
Task=48 Chunk=0 Start=3229502187629 End=3229502187687 Duration=58
Task=48 Chunk=1 Start=3229502187700 End=3229502187778 Duration=78
Task=48 Chunk=2 Start=3229504882002 End=3229505076428 Duration=194426
Task=49 Chunk=0 Start=3229502378024 End=3229502378078 Duration=54
Task=49 Chunk=1 Start=3229502378096 End=3229502378165 Duration=69
Task=49 Chunk=2 Start=3229505076436 End=3229505261461 Duration=185025
Task=50 Chunk=0 Start=3229502567978 End=3229502568025 Duration=47
Task=50 Chunk=1 Start=3229502568046 End=3229502568120 Duration=74
Task=50 Chunk=2 Start=3229505261469 End=3229505447199 Duration=185730
Task=51 Chunk=0 Start=3229502760959 End=3229502761001 Duration=42
Task=51 Chunk=1 Start=3229502761018 End=3229502761091 Duration=73
Task=51 Chunk=2 Start=3229505447207 End=3229505641717 Duration=194510
Task=52 Chunk=0 Start=3229502957981 End=3229502958027 Duration=46
Task=52 Chunk=1 Start=3229502958043 End=3229502958122 Duration=79
Task=52 Chunk=2 Start=3229505641726 End=3229505825186 Duration=183460
Task=53 Chunk=0 Start=3229503148564 End=3229503148609 Duration=45
Task=53 Chunk=1 Start=3229503148621 End=3229503148686 Duration=65
Task=53 Chunk=2 Start=3229505825194 End=3229506025677 Duration=200483
Task=54 Chunk=0 Start=3229503344099 End=3229503344143 Duration=44
Task=54 Chunk=1 Start=3229503344163 End=3229503344238 Duration=75
Task=54 Chunk=2 Start=3229506025685 End=3229506231834 Duration=206149
Task=55 Chunk=0 Start=3229503529955 End=3229503529997 Duration=42
Task=55 Chunk=1 Start=3229503530011 End=3229503530080 Duration=69
Task=55 Chunk=2 Start=3229506231846 End=3229506419769 Duration=187923
Task=56 Chunk=0 Start=3229503726506 End=3229503726560 Duration=54
Task=56 Chunk=1 Start=3229503726577 End=3229503726663 Duration=86
Task=56 Chunk=2 Start=3229506419775 End=3229506606209 Duration=186434
Task=57 Chunk=0 Start=3229503922038 End=3229503922080 Duration=42
Task=57 Chunk=1 Start=3229503922095 End=3229503922168 Duration=73
Task=57 Chunk=2 Start=3229506606217 End=3229506793089 Duration=186872
Task=58 Chunk=0 Start=3229504107097 End=3229504107147 Duration=50
Task=58 Chunk=1 Start=3229504107158 End=3229504107234 Duration=76
Task=58 Chunk=2 Start=3229506793096 End=3229506975650 Duration=182554
Task=59 Chunk=0 Start=3229504304603 End=3229504304645 Duration=42
Task=59 Chunk=1 Start=3229504304664 End=3229504304744 Duration=80
Task=59 Chunk=2 Start=3229506975658 End=3229507161514 Duration=185856
Task=60 Chunk=0 Start=3229504496954 End=3229504497005 Duration=51
Task=60 Chunk=1 Start=3229504497017 End=3229504497101 Duration=84
Task=60 Chunk=2 Start=3229507161521 End=3229507351015 Duration=189494
Task=61 Chunk=0 Start=3229504681392 End=3229504681440 Duration=48
Task=61 Chunk=1 Start=3229504681463 End=3229504681535 Duration=72
Task=61 Chunk=2 Start=3229507351021 End=3229507529575 Duration=178554
Task=62 Chunk=0 Start=3229504882015 End=3229504882064 Duration=49
Task=62 Chunk=1 Start=3229504882068 End=3229504882153 Duration=85
Task=62 Chunk=2 Start=3229507529583 End=3229507722361 Duration=192778
Task=63 Chunk=0 Start=3229505076454 End=3229505076509 Duration=55
Task=63 Chunk=1 Start=3229505076523 End=3229505076577 Duration=54
Task=63 Chunk=2 Start=3229507722369 End=3229507913520 Duration=191151
Task=64 Chunk=0 Start=3229505261482 End=3229505261534 Duration=52
Task=64 Chunk=1 Start=3229505261554 End=3229505261628 Duration=74
Task=64 Chunk=2 Start=3229507913527 End=3229508101179 Duration=187652
Task=65 Chunk=0 Start=3229505447224 End=3229505447273 Duration=49
Task=65 Chunk=1 Start=3229505447291 End=3229505447340 Duration=49
Task=65 Chunk=2 Start=3229508101187 End=3229508292668 Duration=191481
Task=66 Chunk=0 Start=3229505641729 End=3229505641771 Duration=42
Task=66 Chunk=1 Start=3229505641779 End=3229505641839 Duration=60
Task=66 Chunk=2 Start=3229508292676 End=3229508493504 Duration=200828
Task=67 Chunk=0 Start=3229505825206 End=3229505825254 Duration=48
Task=67 Chunk=1 Start=3229505825277 End=3229505825352 Duration=75
Task=67 Chunk=2 Start=3229508493513 End=3229508677817 Duration=184304
Task=68 Chunk=0 Start=3229506025696 End=3229506025751 Duration=55
Task=68 Chunk=1 Start=3229506025754 End=3229506025803 Duration=49
Task=68 Chunk=2 Start=3229508677822 End=3229508876824 Duration=199002
Task=69 Chunk=0 Start=3229506231861 End=3229506231910 Duration=49
Task=69 Chunk=1 Start=3229506231930 End=3229506232020 Duration=90
Task=69 Chunk=2 Start=3229508876831 End=3229509063395 Duration=186564
Task=70 Chunk=0 Start=3229506419786 End=3229506419835 Duration=49
Task=70 Chunk=1 Start=3229506419839 End=3229506419917 Duration=78
Task=70 Chunk=2 Start=3229509063402 End=3229509252111 Duration=188709
Task=71 Chunk=0 Start=3229506606218 End=3229506606268 Duration=50
Task=71 Chunk=1 Start=3229506606272 End=3229506606325 Duration=53
Task=71 Chunk=2 Start=3229509252119 End=3229509434033 Duration=181914
Task=72 Chunk=0 Start=3229506793097 End=3229506793147 Duration=50
Task=72 Chunk=1 Start=3229506793164 End=3229506793221 Duration=57
Task=72 Chunk=2 Start=3229509434039 End=3229509636218 Duration=202179
Task=73 Chunk=0 Start=3229506975659 End=3229506975706 Duration=47
Task=73 Chunk=1 Start=3229506975723 End=3229506975786 Duration=63
Task=73 Chunk=2 Start=3229509636225 End=3229509826686 Duration=190461
Task=74 Chunk=0 Start=3229507161537 End=3229507161582 Duration=45
Task=74 Chunk=1 Start=3229507161596 End=3229507161646 Duration=50
Task=74 Chunk=2 Start=3229509826692 End=3229510016682 Duration=189990
Task=75 Chunk=0 Start=3229507351027 End=3229507351075 Duration=48
Task=75 Chunk=1 Start=3229507351086 End=3229507351175 Duration=89
Task=75 Chunk=2 Start=3229510016690 End=3229510207610 Duration=190920
Task=76 Chunk=0 Start=3229507529587 End=3229507529637 Duration=50
Task=76 Chunk=1 Start=3229507529658 End=3229507529716 Duration=58
Task=76 Chunk=2 Start=3229510207619 End=3229510394348 Duration=186729
Task=77 Chunk=0 Start=3229507722381 End=3229507722434 Duration=53
Task=77 Chunk=1 Start=3229507722456 End=3229507722524 Duration=68
Task=77 Chunk=2 Start=3229510394356 End=3229510583625 Duration=189269
Task=78 Chunk=0 Start=3229507913531 End=3229507913592 Duration=61
Task=78 Chunk=1 Start=3229507913599 End=3229507913678 Duration=79
Task=78 Chunk=2 Start=3229510583633 End=3229510790468 Duration=206835
Task=79 Chunk=0 Start=3229508101203 End=3229508101268 Duration=65
Task=79 Chunk=1 Start=3229508101278 End=3229508101337 Duration=59
Task=79 Chunk=2 Start=3229510790475 End=3229510984854 Duration=194379
Task=80 Chunk=0 Start=3229508292683 End=3229508292732 Duration=49
Task=80 Chunk=1 Start=3229508292748 End=3229508292802 Duration=54
Task=80 Chunk=2 Start=3229510984863 End=3229511172502 Duration=187639
Task=81 Chunk=0 Start=3229508493529 End=3229508493577 Duration=48
Task=81 Chunk=1 Start=3229508493585 End=3229508493627 Duration=42
Task=81 Chunk=2 Start=3229511172509 End=3229511362485 Duration=189976
Task=82 Chunk=0 Start=3229508677830 End=3229508677880 Duration=50
Task=82 Chunk=1 Start=3229508677889 End=3229508677948 Duration=59
Task=82 Chunk=2 Start=3229511362493 End=3229511558892 Duration=196399
Task=83 Chunk=0 Start=3229508876847 End=3229508876890 Duration=43
Task=83 Chunk=1 Start=3229508876900 End=3229508876946 Duration=46
Task=83 Chunk=2 Start=3229511558903 End=3229511748160 Duration=189257
Task=84 Chunk=0 Start=3229509063409 End=3229509063469 Duration=60
Task=84 Chunk=1 Start=3229509063487 End=3229509063544 Duration=57
Task=84 Chunk=2 Start=3229511748170 End=3229511939826 Duration=191656
Task=85 Chunk=0 Start=3229509252131 End=3229509252174 Duration=43
Task=85 Chunk=1 Start=3229509252187 End=3229509252234 Duration=47
Task=85 Chunk=2 Start=3229511939832 End=3229512179569 Duration=239737
Task=86 Chunk=0 Start=3229509434057 End=3229509434105 Duration=48
Task=86 Chunk=1 Start=3229509434116 End=3229509434161 Duration=45
Task=86 Chunk=2 Start=3229512179592 End=3229512464531 Duration=284939
Task=87 Chunk=0 Start=3229509636234 End=3229509636276 Duration=42
Task=87 Chunk=1 Start=3229509636298 End=3229509636354 Duration=56
Task=87 Chunk=2 Start=3229512464553 End=3229512726681 Duration=262128
Task=88 Chunk=0 Start=3229509826697 End=3229509826742 Duration=45
Task=88 Chunk=1 Start=3229509826748 End=3229509826799 Duration=51
Task=88 Chunk=2 Start=3229512726693 End=3229512974884 Duration=248191
Task=89 Chunk=0 Start=3229510016696 End=3229510016747 Duration=51
Task=89 Chunk=1 Start=3229510016768 End=3229510016843 Duration=75
Task=89 Chunk=2 Start=3229512974902 End=3229513246252 Duration=271350
Task=90 Chunk=0 Start=3229510207618 End=3229510207660 Duration=42
Task=90 Chunk=1 Start=3229510207672 End=3229510207730 Duration=58
Task=90 Chunk=2 Start=3229513246266 End=3229513504066 Duration=257800
Task=91 Chunk=0 Start=3229510394368 End=3229510394431 Duration=63
Task=91 Chunk=1 Start=3229510394449 End=3229510394517 Duration=68
Task=91 Chunk=2 Start=3229513504080 End=3229513753098 Duration=249018
Task=92 Chunk=0 Start=3229510583637 End=3229510583682 Duration=45
Task=92 Chunk=1 Start=3229510583699 End=3229510583759 Duration=60
Task=92 Chunk=2 Start=3229513753110 End=3229514013505 Duration=260395
Task=93 Chunk=0 Start=3229510790479 End=3229510790529 Duration=50
Task=93 Chunk=1 Start=3229510790534 End=3229510790605 Duration=71
Task=93 Chunk=2 Start=3229514013520 End=3229514277345 Duration=263825
Task=94 Chunk=0 Start=3229510984877 End=3229510984923 Duration=46
Task=94 Chunk=1 Start=3229510984934 End=3229510984985 Duration=51
Task=94 Chunk=2 Start=3229514277356 End=3229514543461 Duration=266105
Task=95 Chunk=0 Start=3229511172522 End=3229511172578 Duration=56
Task=95 Chunk=1 Start=3229511172601 End=3229511172654 Duration=53
Task=95 Chunk=2 Start=3229514543469 End=3229514787696 Duration=244227
Task=96 Chunk=0 Start=3229511362502 End=3229511362544 Duration=42
Task=96 Chunk=1 Start=3229511362547 End=3229511362631 Duration=84
Task=96 Chunk=2 Start=3229514787712 End=3229515047094 Duration=259382
Task=97 Chunk=0 Start=3229511558908 End=3229511558957 Duration=49
Task=97 Chunk=1 Start=3229511558967 End=3229511559018 Duration=51
Task=97 Chunk=2 Start=3229515047115 End=3229515318375 Duration=271260
Task=98 Chunk=0 Start=3229511748184 End=3229511748237 Duration=53
Task=98 Chunk=1 Start=3229511748250 End=3229511748314 Duration=64
Task=98 Chunk=2 Start=3229515318389 End=3229515581091 Duration=262702
Task=99 Chunk=0 Start=3229511939845 End=3229511939890 Duration=45
Task=99 Chunk=1 Start=3229511939911 End=3229511939959 Duration=48
Task=99 Chunk=2 Start=3229515581109 End=3229515836653 Duration=255544
### Python End ###

--------------------------------
[2025-06-26 18:30:42.624] [info] Available Vulkan Layers:
[2025-06-26 18:30:42.624] [warning] Validation layer requested but not available, continuing without it...
[2025-06-26 18:30:42.627] [info] Using integrated GPU: Adreno (TM) 740
### Python Begin ###
Schedule_UID=SCH-B1G3M3L2-G384-17bc
Frequency=19200000 Hz
Task=0 Chunk=0 Start=3229533209282 End=3229533398096 Duration=188814
Task=0 Chunk=1 Start=3229533398113 End=3229533705161 Duration=307048
Task=0 Chunk=2 Start=3229533705187 End=3229533870702 Duration=165515
Task=0 Chunk=3 Start=3229533870752 End=3229533913466 Duration=42714
Task=1 Chunk=0 Start=3229533398102 End=3229533400446 Duration=2344
Task=1 Chunk=1 Start=3229533705172 End=3229533798263 Duration=93091
Task=1 Chunk=2 Start=3229533870704 End=3229533972277 Duration=101573
Task=1 Chunk=3 Start=3229533972320 End=3229533978869 Duration=6549
Task=2 Chunk=0 Start=3229533400447 End=3229533402214 Duration=1767
Task=2 Chunk=1 Start=3229533798272 End=3229533922580 Duration=124308
Task=2 Chunk=2 Start=3229533972278 End=3229534053404 Duration=81126
Task=2 Chunk=3 Start=3229534054248 End=3229534058716 Duration=4468
Task=3 Chunk=0 Start=3229533402215 End=3229533403951 Duration=1736
Task=3 Chunk=1 Start=3229533922585 End=3229534002638 Duration=80053
Task=3 Chunk=2 Start=3229534053404 End=3229534133248 Duration=79844
Task=3 Chunk=3 Start=3229534133281 End=3229534135225 Duration=1944
Task=4 Chunk=0 Start=3229533403952 End=3229533405706 Duration=1754
Task=4 Chunk=1 Start=3229534002642 End=3229534085306 Duration=82664
Task=4 Chunk=2 Start=3229534133249 End=3229534214047 Duration=80798
Task=4 Chunk=3 Start=3229534214090 End=3229534215192 Duration=1102
Task=5 Chunk=0 Start=3229533405707 End=3229533407449 Duration=1742
Task=5 Chunk=1 Start=3229534085311 End=3229534162157 Duration=76846
Task=5 Chunk=2 Start=3229534214048 End=3229534294009 Duration=79961
Task=5 Chunk=3 Start=3229534294028 End=3229534295164 Duration=1136
Task=6 Chunk=0 Start=3229533407450 End=3229533409215 Duration=1765
Task=6 Chunk=1 Start=3229534162161 End=3229534239577 Duration=77416
Task=6 Chunk=2 Start=3229534294010 End=3229534374610 Duration=80600
Task=6 Chunk=3 Start=3229534374633 End=3229534375720 Duration=1087
Task=7 Chunk=0 Start=3229533409216 End=3229533410980 Duration=1764
Task=7 Chunk=1 Start=3229534239582 End=3229534316574 Duration=76992
Task=7 Chunk=2 Start=3229534374611 End=3229534455450 Duration=80839
Task=7 Chunk=3 Start=3229534455472 End=3229534456521 Duration=1049
Task=8 Chunk=0 Start=3229533410986 End=3229533412739 Duration=1753
Task=8 Chunk=1 Start=3229534316577 End=3229534393647 Duration=77070
Task=8 Chunk=2 Start=3229534455451 End=3229534536002 Duration=80551
Task=8 Chunk=3 Start=3229534536049 End=3229534537053 Duration=1004
Task=9 Chunk=0 Start=3229533412740 End=3229533414924 Duration=2184
Task=9 Chunk=1 Start=3229534393650 End=3229534472432 Duration=78782
Task=9 Chunk=2 Start=3229534536002 End=3229534615836 Duration=79834
Task=9 Chunk=3 Start=3229534615907 End=3229534617034 Duration=1127
Task=10 Chunk=0 Start=3229533414925 End=3229533417094 Duration=2169
Task=10 Chunk=1 Start=3229534472437 End=3229534549092 Duration=76655
Task=10 Chunk=2 Start=3229534615837 End=3229534696463 Duration=80626
Task=10 Chunk=3 Start=3229534696481 End=3229534697520 Duration=1039
Task=11 Chunk=0 Start=3229533417095 End=3229533418385 Duration=1290
Task=11 Chunk=1 Start=3229534549096 End=3229534626044 Duration=76948
Task=11 Chunk=2 Start=3229534696464 End=3229534776443 Duration=79979
Task=11 Chunk=3 Start=3229534776486 End=3229534777538 Duration=1052
Task=12 Chunk=0 Start=3229533418386 End=3229533419683 Duration=1297
Task=12 Chunk=1 Start=3229534626048 End=3229534704988 Duration=78940
Task=12 Chunk=2 Start=3229534776443 End=3229534857122 Duration=80679
Task=12 Chunk=3 Start=3229534857167 End=3229534861243 Duration=4076
Task=13 Chunk=0 Start=3229533419684 End=3229533420990 Duration=1306
Task=13 Chunk=1 Start=3229534704992 End=3229534781556 Duration=76564
Task=13 Chunk=2 Start=3229534857123 End=3229534936968 Duration=79845
Task=13 Chunk=3 Start=3229534936982 End=3229534938341 Duration=1359
Task=14 Chunk=0 Start=3229533420991 End=3229533422534 Duration=1543
Task=14 Chunk=1 Start=3229534781559 End=3229534857969 Duration=76410
Task=14 Chunk=2 Start=3229534936968 End=3229535017443 Duration=80475
Task=14 Chunk=3 Start=3229535017486 End=3229535018613 Duration=1127
Task=15 Chunk=0 Start=3229533913502 End=3229533913723 Duration=221
Task=15 Chunk=1 Start=3229534857973 End=3229534935187 Duration=77214
Task=15 Chunk=2 Start=3229535017444 End=3229535097182 Duration=79738
Task=15 Chunk=3 Start=3229535097235 End=3229535098215 Duration=980
Task=16 Chunk=0 Start=3229533978898 End=3229533978972 Duration=74
Task=16 Chunk=1 Start=3229534935189 End=3229535011995 Duration=76806
Task=16 Chunk=2 Start=3229535097183 End=3229535177457 Duration=80274
Task=16 Chunk=3 Start=3229535177484 End=3229535179249 Duration=1765
Task=17 Chunk=0 Start=3229534058747 End=3229534058832 Duration=85
Task=17 Chunk=1 Start=3229535011999 End=3229535088753 Duration=76754
Task=17 Chunk=2 Start=3229535177458 End=3229535257457 Duration=79999
Task=17 Chunk=3 Start=3229535257506 End=3229535258590 Duration=1084
Task=18 Chunk=0 Start=3229534135255 End=3229534135323 Duration=68
Task=18 Chunk=1 Start=3229535088757 End=3229535166213 Duration=77456
Task=18 Chunk=2 Start=3229535257458 End=3229535338006 Duration=80548
Task=18 Chunk=3 Start=3229535338022 End=3229535339122 Duration=1100
Task=19 Chunk=0 Start=3229534215208 End=3229534215299 Duration=91
Task=19 Chunk=1 Start=3229535166216 End=3229535242856 Duration=76640
Task=19 Chunk=2 Start=3229535338007 End=3229535417928 Duration=79921
Task=19 Chunk=3 Start=3229535417973 End=3229535419021 Duration=1048
Task=20 Chunk=0 Start=3229534295198 End=3229534295270 Duration=72
Task=20 Chunk=1 Start=3229535242868 End=3229535319488 Duration=76620
Task=20 Chunk=2 Start=3229535417929 End=3229535498423 Duration=80494
Task=20 Chunk=3 Start=3229535498453 End=3229535499516 Duration=1063
Task=21 Chunk=0 Start=3229534375759 End=3229534375822 Duration=63
Task=21 Chunk=1 Start=3229535319492 End=3229535396519 Duration=77027
Task=21 Chunk=2 Start=3229535498424 End=3229535578271 Duration=79847
Task=21 Chunk=3 Start=3229535578330 End=3229535579374 Duration=1044
Task=22 Chunk=0 Start=3229534456537 End=3229534456621 Duration=84
Task=22 Chunk=1 Start=3229535396526 End=3229535473021 Duration=76495
Task=22 Chunk=2 Start=3229535578271 End=3229535658828 Duration=80557
Task=22 Chunk=3 Start=3229535658888 End=3229535659866 Duration=978
Task=23 Chunk=0 Start=3229534537066 End=3229534537145 Duration=79
Task=23 Chunk=1 Start=3229535473024 End=3229535549368 Duration=76344
Task=23 Chunk=2 Start=3229535658829 End=3229535738681 Duration=79852
Task=23 Chunk=3 Start=3229535738741 End=3229535745122 Duration=6381
Task=24 Chunk=0 Start=3229534617049 End=3229534617151 Duration=102
Task=24 Chunk=1 Start=3229535549372 End=3229535626645 Duration=77273
Task=24 Chunk=2 Start=3229535738682 End=3229535819629 Duration=80947
Task=24 Chunk=3 Start=3229535819688 End=3229535820748 Duration=1060
Task=25 Chunk=0 Start=3229534697537 End=3229534697612 Duration=75
Task=25 Chunk=1 Start=3229535626649 End=3229535703105 Duration=76456
Task=25 Chunk=2 Start=3229535819629 End=3229535900252 Duration=80623
Task=25 Chunk=3 Start=3229535900281 End=3229535901328 Duration=1047
Task=26 Chunk=0 Start=3229534777553 End=3229534777612 Duration=59
Task=26 Chunk=1 Start=3229535703108 End=3229535779726 Duration=76618
Task=26 Chunk=2 Start=3229535900253 End=3229535980283 Duration=80030
Task=26 Chunk=3 Start=3229535980331 End=3229535984638 Duration=4307
Task=27 Chunk=0 Start=3229534861255 End=3229534861322 Duration=67
Task=27 Chunk=1 Start=3229535779730 End=3229535858167 Duration=78437
Task=27 Chunk=2 Start=3229535980283 End=3229536060771 Duration=80488
Task=27 Chunk=3 Start=3229536060822 End=3229536062098 Duration=1276
Task=28 Chunk=0 Start=3229534938350 End=3229534938404 Duration=54
Task=28 Chunk=1 Start=3229535858170 End=3229535935079 Duration=76909
Task=28 Chunk=2 Start=3229536060775 End=3229536140594 Duration=79819
Task=28 Chunk=3 Start=3229536140667 End=3229536141767 Duration=1100
Task=29 Chunk=0 Start=3229535018624 End=3229535018688 Duration=64
Task=29 Chunk=1 Start=3229535935083 End=3229536011878 Duration=76795
Task=29 Chunk=2 Start=3229536140603 End=3229536221324 Duration=80721
Task=29 Chunk=3 Start=3229536221345 End=3229536222441 Duration=1096
Task=30 Chunk=0 Start=3229535098232 End=3229535098301 Duration=69
Task=30 Chunk=1 Start=3229536011881 End=3229536089417 Duration=77536
Task=30 Chunk=2 Start=3229536221325 End=3229536301555 Duration=80230
Task=30 Chunk=3 Start=3229536301977 End=3229536303940 Duration=1963
Task=31 Chunk=0 Start=3229535179261 End=3229535179324 Duration=63
Task=31 Chunk=1 Start=3229536089420 End=3229536166010 Duration=76590
Task=31 Chunk=2 Start=3229536301556 End=3229536382059 Duration=80503
Task=31 Chunk=3 Start=3229536382070 End=3229536383089 Duration=1019
Task=32 Chunk=0 Start=3229535258603 End=3229535258651 Duration=48
Task=32 Chunk=1 Start=3229536166017 End=3229536242869 Duration=76852
Task=32 Chunk=2 Start=3229536382060 End=3229536461966 Duration=79906
Task=32 Chunk=3 Start=3229536462008 End=3229536463065 Duration=1057
Task=33 Chunk=0 Start=3229535339137 End=3229535339205 Duration=68
Task=33 Chunk=1 Start=3229536242882 End=3229536320246 Duration=77364
Task=33 Chunk=2 Start=3229536461967 End=3229536542627 Duration=80660
Task=33 Chunk=3 Start=3229536542664 End=3229536543758 Duration=1094
Task=34 Chunk=0 Start=3229535419034 End=3229535419091 Duration=57
Task=34 Chunk=1 Start=3229536320249 End=3229536397441 Duration=77192
Task=34 Chunk=2 Start=3229536542627 End=3229536622519 Duration=79892
Task=34 Chunk=3 Start=3229536622557 End=3229536623598 Duration=1041
Task=35 Chunk=0 Start=3229535499534 End=3229535499598 Duration=64
Task=35 Chunk=1 Start=3229536397445 End=3229536474172 Duration=76727
Task=35 Chunk=2 Start=3229536622520 End=3229536703142 Duration=80622
Task=35 Chunk=3 Start=3229536703152 End=3229536707616 Duration=4464
Task=36 Chunk=0 Start=3229535579388 End=3229535579453 Duration=65
Task=36 Chunk=1 Start=3229536474176 End=3229536551578 Duration=77402
Task=36 Chunk=2 Start=3229536703143 End=3229536782940 Duration=79797
Task=36 Chunk=3 Start=3229536782977 End=3229536784698 Duration=1721
Task=37 Chunk=0 Start=3229535659877 End=3229535659941 Duration=64
Task=37 Chunk=1 Start=3229536551581 End=3229536628087 Duration=76506
Task=37 Chunk=2 Start=3229536782941 End=3229536863472 Duration=80531
Task=37 Chunk=3 Start=3229536863480 End=3229536864536 Duration=1056
Task=38 Chunk=0 Start=3229535745132 End=3229535745195 Duration=63
Task=38 Chunk=1 Start=3229536628090 End=3229536704408 Duration=76318
Task=38 Chunk=2 Start=3229536863473 End=3229536943265 Duration=79792
Task=38 Chunk=3 Start=3229536943302 End=3229536944342 Duration=1040
Task=39 Chunk=0 Start=3229535820759 End=3229535820808 Duration=49
Task=39 Chunk=1 Start=3229536704411 End=3229536781550 Duration=77139
Task=39 Chunk=2 Start=3229536943266 End=3229537023803 Duration=80537
Task=39 Chunk=3 Start=3229537023830 End=3229537024883 Duration=1053
Task=40 Chunk=0 Start=3229535901342 End=3229535901409 Duration=67
Task=40 Chunk=1 Start=3229536781553 End=3229536858298 Duration=76745
Task=40 Chunk=2 Start=3229537023803 End=3229537103725 Duration=79922
Task=40 Chunk=3 Start=3229537103761 End=3229537104808 Duration=1047
Task=41 Chunk=0 Start=3229535984653 End=3229535984745 Duration=92
Task=41 Chunk=1 Start=3229536858301 End=3229536935039 Duration=76738
Task=41 Chunk=2 Start=3229537103726 End=3229537184159 Duration=80433
Task=41 Chunk=3 Start=3229537184180 End=3229537185221 Duration=1041
Task=42 Chunk=0 Start=3229536062129 End=3229536062237 Duration=108
Task=42 Chunk=1 Start=3229536935042 End=3229537012435 Duration=77393
Task=42 Chunk=2 Start=3229537184160 End=3229537264115 Duration=79955
Task=42 Chunk=3 Start=3229537264475 End=3229537265528 Duration=1053
Task=43 Chunk=0 Start=3229536141782 End=3229536141888 Duration=106
Task=43 Chunk=1 Start=3229537012439 End=3229537089151 Duration=76712
Task=43 Chunk=2 Start=3229537264116 End=3229537345073 Duration=80957
Task=43 Chunk=3 Start=3229537345098 End=3229537346063 Duration=965
Task=44 Chunk=0 Start=3229536222445 End=3229536222528 Duration=83
Task=44 Chunk=1 Start=3229537089155 End=3229537165789 Duration=76634
Task=44 Chunk=2 Start=3229537345074 End=3229537425019 Duration=79945
Task=44 Chunk=3 Start=3229537425031 End=3229537426071 Duration=1040
Task=45 Chunk=0 Start=3229536303946 End=3229536304024 Duration=78
Task=45 Chunk=1 Start=3229537165793 End=3229537242764 Duration=76971
Task=45 Chunk=2 Start=3229537425020 End=3229537505473 Duration=80453
Task=45 Chunk=3 Start=3229537505517 End=3229537510389 Duration=4872
Task=46 Chunk=0 Start=3229536383094 End=3229536383170 Duration=76
Task=46 Chunk=1 Start=3229537242768 End=3229537319522 Duration=76754
Task=46 Chunk=2 Start=3229537505474 End=3229537586380 Duration=80906
Task=46 Chunk=3 Start=3229537586414 End=3229537587469 Duration=1055
Task=47 Chunk=0 Start=3229536463078 End=3229536463173 Duration=95
Task=47 Chunk=1 Start=3229537319526 End=3229537395974 Duration=76448
Task=47 Chunk=2 Start=3229537586381 End=3229537666237 Duration=79856
Task=47 Chunk=3 Start=3229537666247 End=3229537667289 Duration=1042
Task=48 Chunk=0 Start=3229536543780 End=3229536543862 Duration=82
Task=48 Chunk=1 Start=3229537395978 End=3229537473328 Duration=77350
Task=48 Chunk=2 Start=3229537666238 End=3229537746700 Duration=80462
Task=48 Chunk=3 Start=3229537746725 End=3229537747778 Duration=1053
Task=49 Chunk=0 Start=3229536623610 End=3229536623699 Duration=89
Task=49 Chunk=1 Start=3229537473332 End=3229537549969 Duration=76637
Task=49 Chunk=2 Start=3229537746701 End=3229537826541 Duration=79840
Task=49 Chunk=3 Start=3229537826588 End=3229537830117 Duration=3529
Task=50 Chunk=0 Start=3229536707624 End=3229536707693 Duration=69
Task=50 Chunk=1 Start=3229537549972 End=3229537626562 Duration=76590
Task=50 Chunk=2 Start=3229537826542 End=3229537907095 Duration=80553
Task=50 Chunk=3 Start=3229537907138 End=3229537908225 Duration=1087
Task=51 Chunk=0 Start=3229536784709 End=3229536784772 Duration=63
Task=51 Chunk=1 Start=3229537626566 End=3229537703856 Duration=77290
Task=51 Chunk=2 Start=3229537907095 End=3229537986999 Duration=79904
Task=51 Chunk=3 Start=3229537987066 End=3229537988197 Duration=1131
Task=52 Chunk=0 Start=3229536864549 End=3229536864613 Duration=64
Task=52 Chunk=1 Start=3229537703859 End=3229537780701 Duration=76842
Task=52 Chunk=2 Start=3229537986999 End=3229538067670 Duration=80671
Task=52 Chunk=3 Start=3229538067723 End=3229538068737 Duration=1014
Task=53 Chunk=0 Start=3229536944353 End=3229536944416 Duration=63
Task=53 Chunk=1 Start=3229537780705 End=3229537857233 Duration=76528
Task=53 Chunk=2 Start=3229538067671 End=3229538147639 Duration=79968
Task=53 Chunk=3 Start=3229538147651 End=3229538148708 Duration=1057
Task=54 Chunk=0 Start=3229537024888 End=3229537024947 Duration=59
Task=54 Chunk=1 Start=3229537857237 End=3229537934793 Duration=77556
Task=54 Chunk=2 Start=3229538147640 End=3229538228391 Duration=80751
Task=54 Chunk=3 Start=3229538228402 End=3229538229466 Duration=1064
Task=55 Chunk=0 Start=3229537104812 End=3229537104872 Duration=60
Task=55 Chunk=1 Start=3229537934796 End=3229538011761 Duration=76965
Task=55 Chunk=2 Start=3229538228391 End=3229538308273 Duration=79882
Task=55 Chunk=3 Start=3229538308314 End=3229538309357 Duration=1043
Task=56 Chunk=0 Start=3229537185230 End=3229537185301 Duration=71
Task=56 Chunk=1 Start=3229538011765 End=3229538088908 Duration=77143
Task=56 Chunk=2 Start=3229538308274 End=3229538388757 Duration=80483
Task=56 Chunk=3 Start=3229538388782 End=3229538389833 Duration=1051
Task=57 Chunk=0 Start=3229537265541 End=3229537265613 Duration=72
Task=57 Chunk=1 Start=3229538088912 End=3229538166339 Duration=77427
Task=57 Chunk=2 Start=3229538388757 End=3229538468801 Duration=80044
Task=57 Chunk=3 Start=3229538468852 End=3229538469907 Duration=1055
Task=58 Chunk=0 Start=3229537346079 End=3229537346149 Duration=70
Task=58 Chunk=1 Start=3229538166343 End=3229538243253 Duration=76910
Task=58 Chunk=2 Start=3229538468802 End=3229538549355 Duration=80553
Task=58 Chunk=3 Start=3229538549421 End=3229538553090 Duration=3669
Task=59 Chunk=0 Start=3229537426079 End=3229537426129 Duration=50
Task=59 Chunk=1 Start=3229538243256 End=3229538319600 Duration=76344
Task=59 Chunk=2 Start=3229538549356 End=3229538629203 Duration=79847
Task=59 Chunk=3 Start=3229538629248 End=3229538630336 Duration=1088
Task=60 Chunk=0 Start=3229537510394 End=3229537510458 Duration=64
Task=60 Chunk=1 Start=3229538319604 End=3229538396832 Duration=77228
Task=60 Chunk=2 Start=3229538629204 End=3229538709755 Duration=80551
Task=60 Chunk=3 Start=3229538709799 End=3229538710884 Duration=1085
Task=61 Chunk=0 Start=3229537587477 End=3229537587539 Duration=62
Task=61 Chunk=1 Start=3229538396836 End=3229538473543 Duration=76707
Task=61 Chunk=2 Start=3229538709755 End=3229538789487 Duration=79732
Task=61 Chunk=3 Start=3229538789496 End=3229538790556 Duration=1060
Task=62 Chunk=0 Start=3229537667301 End=3229537667369 Duration=68
Task=62 Chunk=1 Start=3229538473547 End=3229538549938 Duration=76391
Task=62 Chunk=2 Start=3229538789488 End=3229538869853 Duration=80365
Task=62 Chunk=3 Start=3229538869907 End=3229538870978 Duration=1071
Task=63 Chunk=0 Start=3229537747790 End=3229537747852 Duration=62
Task=63 Chunk=1 Start=3229538549942 End=3229538627207 Duration=77265
Task=63 Chunk=2 Start=3229538869853 End=3229538949670 Duration=79817
Task=63 Chunk=3 Start=3229538949726 End=3229538950771 Duration=1045
Task=64 Chunk=0 Start=3229537830126 End=3229537830209 Duration=83
Task=64 Chunk=1 Start=3229538627209 End=3229538704014 Duration=76805
Task=64 Chunk=2 Start=3229538949670 End=3229539030109 Duration=80439
Task=64 Chunk=3 Start=3229539030131 End=3229539031185 Duration=1054
Task=65 Chunk=0 Start=3229537908236 End=3229537908302 Duration=66
Task=65 Chunk=1 Start=3229538704018 End=3229538780759 Duration=76741
Task=65 Chunk=2 Start=3229539030109 End=3229539110122 Duration=80013
Task=65 Chunk=3 Start=3229539110155 End=3229539111200 Duration=1045
Task=66 Chunk=0 Start=3229537988210 End=3229537988291 Duration=81
Task=66 Chunk=1 Start=3229538780762 End=3229538858188 Duration=77426
Task=66 Chunk=2 Start=3229539110123 End=3229539190585 Duration=80462
Task=66 Chunk=3 Start=3229539190602 End=3229539191654 Duration=1052
Task=67 Chunk=0 Start=3229538068751 End=3229538068828 Duration=77
Task=67 Chunk=1 Start=3229538858191 End=3229538934789 Duration=76598
Task=67 Chunk=2 Start=3229539190585 End=3229539270603 Duration=80018
Task=67 Chunk=3 Start=3229539270624 End=3229539271661 Duration=1037
Task=68 Chunk=0 Start=3229538148721 End=3229538148792 Duration=71
Task=68 Chunk=1 Start=3229538934793 End=3229539011264 Duration=76471
Task=68 Chunk=2 Start=3229539270604 End=3229539351607 Duration=81003
Task=68 Chunk=3 Start=3229539351658 End=3229539352808 Duration=1150
Task=69 Chunk=0 Start=3229538229479 End=3229538229555 Duration=76
Task=69 Chunk=1 Start=3229539011267 End=3229539088269 Duration=77002
Task=69 Chunk=2 Start=3229539351608 End=3229539432143 Duration=80535
Task=69 Chunk=3 Start=3229539432185 End=3229539433280 Duration=1095
Task=70 Chunk=0 Start=3229538309366 End=3229538309441 Duration=75
Task=70 Chunk=1 Start=3229539088273 End=3229539165175 Duration=76902
Task=70 Chunk=2 Start=3229539432143 End=3229539512219 Duration=80076
Task=70 Chunk=3 Start=3229539512233 End=3229539513268 Duration=1035
Task=71 Chunk=0 Start=3229538389838 End=3229538389919 Duration=81
Task=71 Chunk=1 Start=3229539165178 End=3229539241844 Duration=76666
Task=71 Chunk=2 Start=3229539512220 End=3229539592760 Duration=80540
Task=71 Chunk=3 Start=3229539592828 End=3229539598379 Duration=5551
Task=72 Chunk=0 Start=3229538469933 End=3229538469982 Duration=49
Task=72 Chunk=1 Start=3229539241847 End=3229539319324 Duration=77477
Task=72 Chunk=2 Start=3229539592766 End=3229539672633 Duration=79867
Task=72 Chunk=3 Start=3229539672643 End=3229539675620 Duration=2977
Task=73 Chunk=0 Start=3229538553101 End=3229538553186 Duration=85
Task=73 Chunk=1 Start=3229539319327 End=3229539395793 Duration=76466
Task=73 Chunk=2 Start=3229539672634 End=3229539753007 Duration=80373
Task=73 Chunk=3 Start=3229539753060 End=3229539754147 Duration=1087
Task=74 Chunk=0 Start=3229538630352 End=3229538630408 Duration=56
Task=74 Chunk=1 Start=3229539395796 End=3229539472305 Duration=76509
Task=74 Chunk=2 Start=3229539753008 End=3229539833037 Duration=80029
Task=74 Chunk=3 Start=3229539833069 End=3229539834200 Duration=1131
Task=75 Chunk=0 Start=3229538710892 End=3229538710960 Duration=68
Task=75 Chunk=1 Start=3229539472308 End=3229539549279 Duration=76971
Task=75 Chunk=2 Start=3229539833037 End=3229539913539 Duration=80502
Task=75 Chunk=3 Start=3229539913553 End=3229539914637 Duration=1084
Task=76 Chunk=0 Start=3229538790568 End=3229538790639 Duration=71
Task=76 Chunk=1 Start=3229539549283 End=3229539626188 Duration=76905
Task=76 Chunk=2 Start=3229539913540 End=3229539993375 Duration=79835
Task=76 Chunk=3 Start=3229539993424 End=3229539994464 Duration=1040
Task=77 Chunk=0 Start=3229538870987 End=3229538871055 Duration=68
Task=77 Chunk=1 Start=3229539626191 End=3229539702728 Duration=76537
Task=77 Chunk=2 Start=3229539993376 End=3229540073880 Duration=80504
Task=77 Chunk=3 Start=3229540073914 End=3229540074987 Duration=1073
Task=78 Chunk=0 Start=3229538950794 End=3229538950863 Duration=69
Task=78 Chunk=1 Start=3229539702732 End=3229539780853 Duration=78121
Task=78 Chunk=2 Start=3229540073881 End=3229540153631 Duration=79750
Task=78 Chunk=3 Start=3229540153672 End=3229540154714 Duration=1042
Task=79 Chunk=0 Start=3229539031199 End=3229539031254 Duration=55
Task=79 Chunk=1 Start=3229539780857 End=3229539858015 Duration=77158
Task=79 Chunk=2 Start=3229540153632 End=3229540234172 Duration=80540
Task=79 Chunk=3 Start=3229540234213 End=3229540235275 Duration=1062
Task=80 Chunk=0 Start=3229539111204 End=3229539111262 Duration=58
Task=80 Chunk=1 Start=3229539858018 End=3229539934933 Duration=76915
Task=80 Chunk=2 Start=3229540234172 End=3229540314030 Duration=79858
Task=80 Chunk=3 Start=3229540314074 End=3229540315061 Duration=987
Task=81 Chunk=0 Start=3229539191659 End=3229539191728 Duration=69
Task=81 Chunk=1 Start=3229539934936 End=3229540012158 Duration=77222
Task=81 Chunk=2 Start=3229540314031 End=3229540394550 Duration=80519
Task=81 Chunk=3 Start=3229540394591 End=3229540398365 Duration=3774
Task=82 Chunk=0 Start=3229539271670 End=3229539271719 Duration=49
Task=82 Chunk=1 Start=3229540012162 End=3229540089071 Duration=76909
Task=82 Chunk=2 Start=3229540394551 End=3229540474424 Duration=79873
Task=82 Chunk=3 Start=3229540474448 End=3229540475654 Duration=1206
Task=83 Chunk=0 Start=3229539352822 End=3229539352886 Duration=64
Task=83 Chunk=1 Start=3229540089075 End=3229540165474 Duration=76399
Task=83 Chunk=2 Start=3229540474426 End=3229540554993 Duration=80567
Task=83 Chunk=3 Start=3229540555045 End=3229540556092 Duration=1047
Task=84 Chunk=0 Start=3229539433296 End=3229539433363 Duration=67
Task=84 Chunk=1 Start=3229540165478 End=3229540242561 Duration=77083
Task=84 Chunk=2 Start=3229540554994 End=3229540634862 Duration=79868
Task=84 Chunk=3 Start=3229540634913 End=3229540635966 Duration=1053
Task=85 Chunk=0 Start=3229539513276 End=3229539513336 Duration=60
Task=85 Chunk=1 Start=3229540242565 End=3229540318828 Duration=76263
Task=85 Chunk=2 Start=3229540634863 End=3229540716199 Duration=81336
Task=85 Chunk=3 Start=3229540716245 End=3229540717169 Duration=924
Task=86 Chunk=0 Start=3229539598383 End=3229539598448 Duration=65
Task=86 Chunk=1 Start=3229540318832 End=3229540395258 Duration=76426
Task=86 Chunk=2 Start=3229540716200 End=3229540796074 Duration=79874
Task=86 Chunk=3 Start=3229540796142 End=3229540797037 Duration=895
Task=87 Chunk=0 Start=3229539675640 End=3229539675739 Duration=99
Task=87 Chunk=1 Start=3229540395262 End=3229540472548 Duration=77286
Task=87 Chunk=2 Start=3229540796074 End=3229540876676 Duration=80602
Task=87 Chunk=3 Start=3229540876704 End=3229540877812 Duration=1108
Task=88 Chunk=0 Start=3229539754158 End=3229539754237 Duration=79
Task=88 Chunk=1 Start=3229540472551 End=3229540549250 Duration=76699
Task=88 Chunk=2 Start=3229540876677 End=3229540956842 Duration=80165
Task=88 Chunk=3 Start=3229540956861 End=3229540958013 Duration=1152
Task=89 Chunk=0 Start=3229539834211 End=3229539834283 Duration=72
Task=89 Chunk=1 Start=3229540549253 End=3229540625911 Duration=76658
Task=89 Chunk=2 Start=3229540956843 End=3229541037518 Duration=80675
Task=89 Chunk=3 Start=3229541037573 End=3229541040453 Duration=2880
Task=90 Chunk=0 Start=3229539914645 End=3229539914721 Duration=76
Task=90 Chunk=1 Start=3229540625914 End=3229540708976 Duration=83062
Task=90 Chunk=2 Start=3229541037519 End=3229541118811 Duration=81292
Task=90 Chunk=3 Start=3229541118850 End=3229541119984 Duration=1134
Task=91 Chunk=0 Start=3229539994472 End=3229539994547 Duration=75
Task=91 Chunk=1 Start=3229540708978 End=3229540783438 Duration=74460
Task=91 Chunk=2 Start=3229541118812 End=3229541199004 Duration=80192
Task=91 Chunk=3 Start=3229541199035 End=3229541200200 Duration=1165
Task=92 Chunk=0 Start=3229540075021 End=3229540075092 Duration=71
Task=92 Chunk=1 Start=3229540783439 End=3229540859122 Duration=75683
Task=92 Chunk=2 Start=3229541199005 End=3229541279540 Duration=80535
Task=92 Chunk=3 Start=3229541279610 End=3229541280731 Duration=1121
Task=93 Chunk=0 Start=3229540154730 End=3229540154782 Duration=52
Task=93 Chunk=1 Start=3229540859123 End=3229540938201 Duration=79078
Task=93 Chunk=2 Start=3229541279541 End=3229541359786 Duration=80245
Task=93 Chunk=3 Start=3229541359812 End=3229541360931 Duration=1119
Task=94 Chunk=0 Start=3229540235283 End=3229540235348 Duration=65
Task=94 Chunk=1 Start=3229540938204 End=3229541014690 Duration=76486
Task=94 Chunk=2 Start=3229541359787 End=3229541440461 Duration=80674
Task=94 Chunk=3 Start=3229541440528 End=3229541441648 Duration=1120
Task=95 Chunk=0 Start=3229540315076 End=3229540315167 Duration=91
Task=95 Chunk=1 Start=3229541014692 End=3229541090143 Duration=75451
Task=95 Chunk=2 Start=3229541440461 End=3229541520608 Duration=80147
Task=95 Chunk=3 Start=3229541520637 End=3229541521622 Duration=985
Task=96 Chunk=0 Start=3229540398371 End=3229540398436 Duration=65
Task=96 Chunk=1 Start=3229541090145 End=3229541167078 Duration=76933
Task=96 Chunk=2 Start=3229541520609 End=3229541601782 Duration=81173
Task=96 Chunk=3 Start=3229541601812 End=3229541602879 Duration=1067
Task=97 Chunk=0 Start=3229540475671 End=3229540475738 Duration=67
Task=97 Chunk=1 Start=3229541167080 End=3229541242618 Duration=75538
Task=97 Chunk=2 Start=3229541601783 End=3229541681776 Duration=79993
Task=97 Chunk=3 Start=3229541681796 End=3229541682774 Duration=978
Task=98 Chunk=0 Start=3229540556109 End=3229540556173 Duration=64
Task=98 Chunk=1 Start=3229541242620 End=3229541318090 Duration=75470
Task=98 Chunk=2 Start=3229541681777 End=3229541762527 Duration=80750
Task=98 Chunk=3 Start=3229541762544 End=3229541763542 Duration=998
Task=99 Chunk=0 Start=3229540635972 End=3229540636037 Duration=65
Task=99 Chunk=1 Start=3229541318092 End=3229541394749 Duration=76657
Task=99 Chunk=2 Start=3229541762528 End=3229541842824 Duration=80296
Task=99 Chunk=3 Start=3229541842835 End=3229541843922 Duration=1087
### Python End ###

--------------------------------
[2025-06-26 18:30:43.946] [info] Available Vulkan Layers:
[2025-06-26 18:30:43.946] [warning] Validation layer requested but not available, continuing without it...
[2025-06-26 18:30:43.949] [info] Using integrated GPU: Adreno (TM) 740
### Python Begin ###
Schedule_UID=SCH-B2M4L3-G389-1d4e
Frequency=19200000 Hz
Task=0 Chunk=0 Start=3229558626930 End=3229559112088 Duration=485158
Task=0 Chunk=1 Start=3229559112106 End=3229559595443 Duration=483337
Task=0 Chunk=2 Start=3229559595472 End=3229559953796 Duration=358324
Task=1 Chunk=0 Start=3229559112090 End=3229559312519 Duration=200429
Task=1 Chunk=1 Start=3229559595449 End=3229559846209 Duration=250760
Task=1 Chunk=2 Start=3229559953806 End=3229560121076 Duration=167270
Task=2 Chunk=0 Start=3229559312524 End=3229559513459 Duration=200935
Task=2 Chunk=1 Start=3229559846210 End=3229560086425 Duration=240215
Task=2 Chunk=2 Start=3229560121082 End=3229560282033 Duration=160951
Task=3 Chunk=0 Start=3229559513460 End=3229559714696 Duration=201236
Task=3 Chunk=1 Start=3229560086427 End=3229560325648 Duration=239221
Task=3 Chunk=2 Start=3229560325702 End=3229560486675 Duration=160973
Task=4 Chunk=0 Start=3229559714698 End=3229559915559 Duration=200861
Task=4 Chunk=1 Start=3229560325649 End=3229560564326 Duration=238677
Task=4 Chunk=2 Start=3229560564343 End=3229560725555 Duration=161212
Task=5 Chunk=0 Start=3229559915560 End=3229560117005 Duration=201445
Task=5 Chunk=1 Start=3229560564327 End=3229560802829 Duration=238502
Task=5 Chunk=2 Start=3229560802875 End=3229560966363 Duration=163488
Task=6 Chunk=0 Start=3229560117006 End=3229560318072 Duration=201066
Task=6 Chunk=1 Start=3229560802830 End=3229561040180 Duration=237350
Task=6 Chunk=2 Start=3229561040232 End=3229561209427 Duration=169195
Task=7 Chunk=0 Start=3229560318077 End=3229560518680 Duration=200603
Task=7 Chunk=1 Start=3229561040181 End=3229561279227 Duration=239046
Task=7 Chunk=2 Start=3229561279287 End=3229561443969 Duration=164682
Task=8 Chunk=0 Start=3229560518680 End=3229560719039 Duration=200359
Task=8 Chunk=1 Start=3229561279228 End=3229561518163 Duration=238935
Task=8 Chunk=2 Start=3229561518225 End=3229561682059 Duration=163834
Task=9 Chunk=0 Start=3229560719040 End=3229560919245 Duration=200205
Task=9 Chunk=1 Start=3229561518163 End=3229561758349 Duration=240186
Task=9 Chunk=2 Start=3229561758389 End=3229561922121 Duration=163732
Task=10 Chunk=0 Start=3229560919246 End=3229561120308 Duration=201062
Task=10 Chunk=1 Start=3229561758350 End=3229561996749 Duration=238399
Task=10 Chunk=2 Start=3229561996806 End=3229562163785 Duration=166979
Task=11 Chunk=0 Start=3229561120309 End=3229561320765 Duration=200456
Task=11 Chunk=1 Start=3229561996750 End=3229562235891 Duration=239141
Task=11 Chunk=2 Start=3229562237683 End=3229562403834 Duration=166151
Task=12 Chunk=0 Start=3229561320766 End=3229561521952 Duration=201186
Task=12 Chunk=1 Start=3229562235891 End=3229562474509 Duration=238618
Task=12 Chunk=2 Start=3229562474580 End=3229562636032 Duration=161452
Task=13 Chunk=0 Start=3229561521955 End=3229561722963 Duration=201008
Task=13 Chunk=1 Start=3229562474510 End=3229562712324 Duration=237814
Task=13 Chunk=2 Start=3229562712368 End=3229562874467 Duration=162099
Task=14 Chunk=0 Start=3229561722964 End=3229561923469 Duration=200505
Task=14 Chunk=1 Start=3229562712325 End=3229562950832 Duration=238507
Task=14 Chunk=2 Start=3229562950848 End=3229563112205 Duration=161357
Task=15 Chunk=0 Start=3229561923472 End=3229562123756 Duration=200284
Task=15 Chunk=1 Start=3229562950833 End=3229563189606 Duration=238773
Task=15 Chunk=2 Start=3229563189640 End=3229563359454 Duration=169814
Task=16 Chunk=0 Start=3229562123756 End=3229562324652 Duration=200896
Task=16 Chunk=1 Start=3229563189608 End=3229563428266 Duration=238658
Task=16 Chunk=2 Start=3229563428322 End=3229563591282 Duration=162960
Task=17 Chunk=0 Start=3229562324653 End=3229562525547 Duration=200894
Task=17 Chunk=1 Start=3229563428267 End=3229563665869 Duration=237602
Task=17 Chunk=2 Start=3229563665927 End=3229563829882 Duration=163955
Task=18 Chunk=0 Start=3229562525548 End=3229562726902 Duration=201354
Task=18 Chunk=1 Start=3229563665870 End=3229563904112 Duration=238242
Task=18 Chunk=2 Start=3229563904139 End=3229564067038 Duration=162899
Task=19 Chunk=0 Start=3229562726903 End=3229562927580 Duration=200677
Task=19 Chunk=1 Start=3229563904113 End=3229564142113 Duration=238000
Task=19 Chunk=2 Start=3229564142161 End=3229564303421 Duration=161260
Task=20 Chunk=0 Start=3229562927581 End=3229563128679 Duration=201098
Task=20 Chunk=1 Start=3229564142114 End=3229564380785 Duration=238671
Task=20 Chunk=2 Start=3229564380840 End=3229564563897 Duration=183057
Task=21 Chunk=0 Start=3229563128679 End=3229563330406 Duration=201727
Task=21 Chunk=1 Start=3229564380785 End=3229564621491 Duration=240706
Task=21 Chunk=2 Start=3229564621550 End=3229564785586 Duration=164036
Task=22 Chunk=0 Start=3229563330407 End=3229563530969 Duration=200562
Task=22 Chunk=1 Start=3229564621492 End=3229564859765 Duration=238273
Task=22 Chunk=2 Start=3229564859794 End=3229565025903 Duration=166109
Task=23 Chunk=0 Start=3229563530969 End=3229563731936 Duration=200967
Task=23 Chunk=1 Start=3229564859766 End=3229565097810 Duration=238044
Task=23 Chunk=2 Start=3229565097850 End=3229565262385 Duration=164535
Task=24 Chunk=0 Start=3229563731937 End=3229563932716 Duration=200779
Task=24 Chunk=1 Start=3229565097810 End=3229565335576 Duration=237766
Task=24 Chunk=2 Start=3229565335594 End=3229565500098 Duration=164504
Task=25 Chunk=0 Start=3229563932717 End=3229564133087 Duration=200370
Task=25 Chunk=1 Start=3229565335577 End=3229565574447 Duration=238870
Task=25 Chunk=2 Start=3229565574455 End=3229565753510 Duration=179055
Task=26 Chunk=0 Start=3229564133088 End=3229564333963 Duration=200875
Task=26 Chunk=1 Start=3229565574448 End=3229565813110 Duration=238662
Task=26 Chunk=2 Start=3229565813186 End=3229565975313 Duration=162127
Task=27 Chunk=0 Start=3229564333967 End=3229564534701 Duration=200734
Task=27 Chunk=1 Start=3229565813110 End=3229566053110 Duration=240000
Task=27 Chunk=2 Start=3229566053124 End=3229566216445 Duration=163321
Task=28 Chunk=0 Start=3229564534702 End=3229564735396 Duration=200694
Task=28 Chunk=1 Start=3229566053111 End=3229566292673 Duration=239562
Task=28 Chunk=2 Start=3229566292692 End=3229566453709 Duration=161017
Task=29 Chunk=0 Start=3229564735397 End=3229564936564 Duration=201167
Task=29 Chunk=1 Start=3229566292674 End=3229566532105 Duration=239431
Task=29 Chunk=2 Start=3229566532148 End=3229566698226 Duration=166078
Task=30 Chunk=0 Start=3229564936565 End=3229565136911 Duration=200346
Task=30 Chunk=1 Start=3229566532105 End=3229566770392 Duration=238287
Task=30 Chunk=2 Start=3229566770423 End=3229566951332 Duration=180909
Task=31 Chunk=0 Start=3229565136911 End=3229565337223 Duration=200312
Task=31 Chunk=1 Start=3229566770393 End=3229567008882 Duration=238489
Task=31 Chunk=2 Start=3229567008921 End=3229567172286 Duration=163365
Task=32 Chunk=0 Start=3229565337227 End=3229565537678 Duration=200451
Task=32 Chunk=1 Start=3229567008883 End=3229567247130 Duration=238247
Task=32 Chunk=2 Start=3229567247167 End=3229567408669 Duration=161502
Task=33 Chunk=0 Start=3229565537679 End=3229565738344 Duration=200665
Task=33 Chunk=1 Start=3229567247130 End=3229567503096 Duration=255966
Task=33 Chunk=2 Start=3229567503149 End=3229567664105 Duration=160956
Task=34 Chunk=0 Start=3229565738345 End=3229565939400 Duration=201055
Task=34 Chunk=1 Start=3229567503097 End=3229567741507 Duration=238410
Task=34 Chunk=2 Start=3229567741575 End=3229567903877 Duration=162302
Task=35 Chunk=0 Start=3229565939401 End=3229566137886 Duration=198485
Task=35 Chunk=1 Start=3229567741508 End=3229567979171 Duration=237663
Task=35 Chunk=2 Start=3229567981672 End=3229568162892 Duration=181220
Task=36 Chunk=0 Start=3229566137887 End=3229566338272 Duration=200385
Task=36 Chunk=1 Start=3229567979172 End=3229568218473 Duration=239301
Task=36 Chunk=2 Start=3229568218495 End=3229568403085 Duration=184590
Task=37 Chunk=0 Start=3229566338273 End=3229566539186 Duration=200913
Task=37 Chunk=1 Start=3229568218474 End=3229568455744 Duration=237270
Task=37 Chunk=2 Start=3229568455765 End=3229568626459 Duration=170694
Task=38 Chunk=0 Start=3229566539187 End=3229566739794 Duration=200607
Task=38 Chunk=1 Start=3229568455745 End=3229568704804 Duration=249059
Task=38 Chunk=2 Start=3229568704853 End=3229568866083 Duration=161230
Task=39 Chunk=0 Start=3229566739795 End=3229566940865 Duration=201070
Task=39 Chunk=1 Start=3229568704805 End=3229568943305 Duration=238500
Task=39 Chunk=2 Start=3229568943370 End=3229569107865 Duration=164495
Task=40 Chunk=0 Start=3229566940866 End=3229567141452 Duration=200586
Task=40 Chunk=1 Start=3229568943306 End=3229569181351 Duration=238045
Task=40 Chunk=2 Start=3229569181392 End=3229569354348 Duration=172956
Task=41 Chunk=0 Start=3229567141452 End=3229567341965 Duration=200513
Task=41 Chunk=1 Start=3229569181351 End=3229569422548 Duration=241197
Task=41 Chunk=2 Start=3229569422619 End=3229569583637 Duration=161018
Task=42 Chunk=0 Start=3229567341966 End=3229567543262 Duration=201296
Task=42 Chunk=1 Start=3229569422549 End=3229569659574 Duration=237025
Task=42 Chunk=2 Start=3229569659583 End=3229569822628 Duration=163045
Task=43 Chunk=0 Start=3229567543263 End=3229567743364 Duration=200101
Task=43 Chunk=1 Start=3229569659574 End=3229569898100 Duration=238526
Task=43 Chunk=2 Start=3229569898132 End=3229570059601 Duration=161469
Task=44 Chunk=0 Start=3229567743364 End=3229567943550 Duration=200186
Task=44 Chunk=1 Start=3229569898101 End=3229570135519 Duration=237418
Task=44 Chunk=2 Start=3229570135543 End=3229570318898 Duration=183355
Task=45 Chunk=0 Start=3229567943551 End=3229568144527 Duration=200976
Task=45 Chunk=1 Start=3229570135520 End=3229570373733 Duration=238213
Task=45 Chunk=2 Start=3229570373783 End=3229570539128 Duration=165345
Task=46 Chunk=0 Start=3229568144528 End=3229568345295 Duration=200767
Task=46 Chunk=1 Start=3229570373734 End=3229570614100 Duration=240366
Task=46 Chunk=2 Start=3229570614115 End=3229570774780 Duration=160665
Task=47 Chunk=0 Start=3229568345296 End=3229568545572 Duration=200276
Task=47 Chunk=1 Start=3229570614101 End=3229570852452 Duration=238351
Task=47 Chunk=2 Start=3229570857567 End=3229571018440 Duration=160873
Task=48 Chunk=0 Start=3229568545573 End=3229568745769 Duration=200196
Task=48 Chunk=1 Start=3229570852453 End=3229571090651 Duration=238198
Task=48 Chunk=2 Start=3229571090680 End=3229571252310 Duration=161630
Task=49 Chunk=0 Start=3229568745771 End=3229568945722 Duration=199951
Task=49 Chunk=1 Start=3229571090651 End=3229571329772 Duration=239121
Task=49 Chunk=2 Start=3229571329781 End=3229571505602 Duration=175821
Task=50 Chunk=0 Start=3229568945723 End=3229569146336 Duration=200613
Task=50 Chunk=1 Start=3229571329773 End=3229571568871 Duration=239098
Task=50 Chunk=2 Start=3229571568899 End=3229571733923 Duration=165024
Task=51 Chunk=0 Start=3229569146340 End=3229569346772 Duration=200432
Task=51 Chunk=1 Start=3229571568872 End=3229571806467 Duration=237595
Task=51 Chunk=2 Start=3229571806513 End=3229571971747 Duration=165234
Task=52 Chunk=0 Start=3229569346773 End=3229569547901 Duration=201128
Task=52 Chunk=1 Start=3229571806468 End=3229572044843 Duration=238375
Task=52 Chunk=2 Start=3229572044915 End=3229572209556 Duration=164641
Task=53 Chunk=0 Start=3229569547902 End=3229569749053 Duration=201151
Task=53 Chunk=1 Start=3229572044844 End=3229572282582 Duration=237738
Task=53 Chunk=2 Start=3229572282654 End=3229572447600 Duration=164946
Task=54 Chunk=0 Start=3229569749054 End=3229569949090 Duration=200036
Task=54 Chunk=1 Start=3229572282583 End=3229572521498 Duration=238915
Task=54 Chunk=2 Start=3229572521530 End=3229572707528 Duration=185998
Task=55 Chunk=0 Start=3229569949098 End=3229570149484 Duration=200386
Task=55 Chunk=1 Start=3229572521498 End=3229572759979 Duration=238481
Task=55 Chunk=2 Start=3229572760015 End=3229572925954 Duration=165939
Task=56 Chunk=0 Start=3229570149485 End=3229570349431 Duration=199946
Task=56 Chunk=1 Start=3229572759980 End=3229572997614 Duration=237634
Task=56 Chunk=2 Start=3229572997634 End=3229573163385 Duration=165751
Task=57 Chunk=0 Start=3229570349431 End=3229570550402 Duration=200971
Task=57 Chunk=1 Start=3229572997615 End=3229573236166 Duration=238551
Task=57 Chunk=2 Start=3229573236191 End=3229573401822 Duration=165631
Task=58 Chunk=0 Start=3229570550403 End=3229570750614 Duration=200211
Task=58 Chunk=1 Start=3229573236166 End=3229573474624 Duration=238458
Task=58 Chunk=2 Start=3229573474683 End=3229573639032 Duration=164349
Task=59 Chunk=0 Start=3229570750615 End=3229570951565 Duration=200950
Task=59 Chunk=1 Start=3229573474625 End=3229573715307 Duration=240682
Task=59 Chunk=2 Start=3229573715318 End=3229573883691 Duration=168373
Task=60 Chunk=0 Start=3229570951566 End=3229571151933 Duration=200367
Task=60 Chunk=1 Start=3229573715307 End=3229573955266 Duration=239959
Task=60 Chunk=2 Start=3229573955281 End=3229574116007 Duration=160726
Task=61 Chunk=0 Start=3229571151934 End=3229571352586 Duration=200652
Task=61 Chunk=1 Start=3229573955267 End=3229574194090 Duration=238823
Task=61 Chunk=2 Start=3229574194124 End=3229574355901 Duration=161777
Task=62 Chunk=0 Start=3229571352587 End=3229571553483 Duration=200896
Task=62 Chunk=1 Start=3229574194091 End=3229574433378 Duration=239287
Task=62 Chunk=2 Start=3229574433426 End=3229574608648 Duration=175222
Task=63 Chunk=0 Start=3229571553484 End=3229571753823 Duration=200339
Task=63 Chunk=1 Start=3229574433378 End=3229574673285 Duration=239907
Task=63 Chunk=2 Start=3229574673296 End=3229574838864 Duration=165568
Task=64 Chunk=0 Start=3229571753823 End=3229571955143 Duration=201320
Task=64 Chunk=1 Start=3229574673285 End=3229574914416 Duration=241131
Task=64 Chunk=2 Start=3229574914469 End=3229575075564 Duration=161095
Task=65 Chunk=0 Start=3229571955144 End=3229572156295 Duration=201151
Task=65 Chunk=1 Start=3229574914417 End=3229575151556 Duration=237139
Task=65 Chunk=2 Start=3229575151609 End=3229575317943 Duration=166334
Task=66 Chunk=0 Start=3229572156296 End=3229572356582 Duration=200286
Task=66 Chunk=1 Start=3229575151556 End=3229575393364 Duration=241808
Task=66 Chunk=2 Start=3229575393385 End=3229575557938 Duration=164553
Task=67 Chunk=0 Start=3229572356583 End=3229572558509 Duration=201926
Task=67 Chunk=1 Start=3229575393365 End=3229575632460 Duration=239095
Task=67 Chunk=2 Start=3229575632503 End=3229576092654 Duration=460151
Task=68 Chunk=0 Start=3229572558509 End=3229572759424 Duration=200915
Task=68 Chunk=1 Start=3229575632461 End=3229575873818 Duration=241357
Task=68 Chunk=2 Start=3229576092663 End=3229576258315 Duration=165652
Task=69 Chunk=0 Start=3229572759424 End=3229572959652 Duration=200228
Task=69 Chunk=1 Start=3229575873818 End=3229576111945 Duration=238127
Task=69 Chunk=2 Start=3229576258324 End=3229576420172 Duration=161848
Task=70 Chunk=0 Start=3229572959653 End=3229573160665 Duration=201012
Task=70 Chunk=1 Start=3229576111945 End=3229576351648 Duration=239703
Task=70 Chunk=2 Start=3229576420181 End=3229576584324 Duration=164143
Task=71 Chunk=0 Start=3229573163407 End=3229573363339 Duration=199932
Task=71 Chunk=1 Start=3229576351649 End=3229576589994 Duration=238345
Task=71 Chunk=2 Start=3229576590007 End=3229576751700 Duration=161693
Task=72 Chunk=0 Start=3229573401841 End=3229573603668 Duration=201827
Task=72 Chunk=1 Start=3229576589995 End=3229576829069 Duration=239074
Task=72 Chunk=2 Start=3229576829132 End=3229576991169 Duration=162037
Task=73 Chunk=0 Start=3229573639051 End=3229573841923 Duration=202872
Task=73 Chunk=1 Start=3229576829070 End=3229577067317 Duration=238247
Task=73 Chunk=2 Start=3229577067358 End=3229577241676 Duration=174318
Task=74 Chunk=0 Start=3229573883718 End=3229574084244 Duration=200526
Task=74 Chunk=1 Start=3229577067318 End=3229577305793 Duration=238475
Task=74 Chunk=2 Start=3229577305844 End=3229577467016 Duration=161172
Task=75 Chunk=0 Start=3229574116018 End=3229574318501 Duration=202483
Task=75 Chunk=1 Start=3229577305793 End=3229577543957 Duration=238164
Task=75 Chunk=2 Start=3229577543972 End=3229577707950 Duration=163978
Task=76 Chunk=0 Start=3229574355921 End=3229574558115 Duration=202194
Task=76 Chunk=1 Start=3229577543958 End=3229577787038 Duration=243080
Task=76 Chunk=2 Start=3229577787063 End=3229577949342 Duration=162279
Task=77 Chunk=0 Start=3229574608667 End=3229574809975 Duration=201308
Task=77 Chunk=1 Start=3229577787039 End=3229578026777 Duration=239738
Task=77 Chunk=2 Start=3229578026834 End=3229578191122 Duration=164288
Task=78 Chunk=0 Start=3229574838870 End=3229575040118 Duration=201248
Task=78 Chunk=1 Start=3229578026778 End=3229578265490 Duration=238712
Task=78 Chunk=2 Start=3229578265555 End=3229578435180 Duration=169625
Task=79 Chunk=0 Start=3229575075585 End=3229575276900 Duration=201315
Task=79 Chunk=1 Start=3229578265490 End=3229578504997 Duration=239507
Task=79 Chunk=2 Start=3229578505019 End=3229578666955 Duration=161936
Task=80 Chunk=0 Start=3229575317965 End=3229575518666 Duration=200701
Task=80 Chunk=1 Start=3229578504998 End=3229578743470 Duration=238472
Task=80 Chunk=2 Start=3229578743488 End=3229578910025 Duration=166537
Task=81 Chunk=0 Start=3229575557955 End=3229575758104 Duration=200149
Task=81 Chunk=1 Start=3229578743471 End=3229578981989 Duration=238518
Task=81 Chunk=2 Start=3229578982063 End=3229579147778 Duration=165715
Task=82 Chunk=0 Start=3229576092677 End=3229576293032 Duration=200355
Task=82 Chunk=1 Start=3229578981990 End=3229579222805 Duration=240815
Task=82 Chunk=2 Start=3229579222834 End=3229579394679 Duration=171845
Task=83 Chunk=0 Start=3229576293044 End=3229576494575 Duration=201531
Task=83 Chunk=1 Start=3229579222806 End=3229579463185 Duration=240379
Task=83 Chunk=2 Start=3229579463202 End=3229579624812 Duration=161610
Task=84 Chunk=0 Start=3229576494576 End=3229576694983 Duration=200407
Task=84 Chunk=1 Start=3229579463185 End=3229579703113 Duration=239928
Task=84 Chunk=2 Start=3229579703172 End=3229579865724 Duration=162552
Task=85 Chunk=0 Start=3229576694985 End=3229576894972 Duration=199987
Task=85 Chunk=1 Start=3229579703115 End=3229579941370 Duration=238255
Task=85 Chunk=2 Start=3229579941383 End=3229580123041 Duration=181658
Task=86 Chunk=0 Start=3229576894973 End=3229577094907 Duration=199934
Task=86 Chunk=1 Start=3229579941371 End=3229580183001 Duration=241630
Task=86 Chunk=2 Start=3229580183024 End=3229580344114 Duration=161090
Task=87 Chunk=0 Start=3229577094908 End=3229577295352 Duration=200444
Task=87 Chunk=1 Start=3229580183002 End=3229580421123 Duration=238121
Task=87 Chunk=2 Start=3229580421145 End=3229580585573 Duration=164428
Task=88 Chunk=0 Start=3229577295353 End=3229577496034 Duration=200681
Task=88 Chunk=1 Start=3229580421125 End=3229580659876 Duration=238751
Task=88 Chunk=2 Start=3229580659938 End=3229580820017 Duration=160079
Task=89 Chunk=0 Start=3229577496037 End=3229577696853 Duration=200816
Task=89 Chunk=1 Start=3229580659878 End=3229580896725 Duration=236847
Task=89 Chunk=2 Start=3229580896798 End=3229581060945 Duration=164147
Task=90 Chunk=0 Start=3229577707962 End=3229577909146 Duration=201184
Task=90 Chunk=1 Start=3229580896726 End=3229581136360 Duration=239634
Task=90 Chunk=2 Start=3229581136423 End=3229581298101 Duration=161678
Task=91 Chunk=0 Start=3229577949364 End=3229578151544 Duration=202180
Task=91 Chunk=1 Start=3229581136361 End=3229581373944 Duration=237583
Task=91 Chunk=2 Start=3229581374001 End=3229581535920 Duration=161919
Task=92 Chunk=0 Start=3229578191142 End=3229578392781 Duration=201639
Task=92 Chunk=1 Start=3229581373945 End=3229581613482 Duration=239537
Task=92 Chunk=2 Start=3229581613554 End=3229581778846 Duration=165292
Task=93 Chunk=0 Start=3229578435189 End=3229578636891 Duration=201702
Task=93 Chunk=1 Start=3229581613483 End=3229581852912 Duration=239429
Task=93 Chunk=2 Start=3229581852924 End=3229582018076 Duration=165152
Task=94 Chunk=0 Start=3229578666969 End=3229578868386 Duration=201417
Task=94 Chunk=1 Start=3229581852913 End=3229582092023 Duration=239110
Task=94 Chunk=2 Start=3229582092079 End=3229582254308 Duration=162229
Task=95 Chunk=0 Start=3229578910036 End=3229579111905 Duration=201869
Task=95 Chunk=1 Start=3229582092024 End=3229582331725 Duration=239701
Task=95 Chunk=2 Start=3229582331739 End=3229582491539 Duration=159800
Task=96 Chunk=0 Start=3229579147804 End=3229579349024 Duration=201220
Task=96 Chunk=1 Start=3229582331726 End=3229582569546 Duration=237820
Task=96 Chunk=2 Start=3229582569564 End=3229582733892 Duration=164328
Task=97 Chunk=0 Start=3229579394691 End=3229579595402 Duration=200711
Task=97 Chunk=1 Start=3229582569547 End=3229582809592 Duration=240045
Task=97 Chunk=2 Start=3229582809633 End=3229582975358 Duration=165725
Task=98 Chunk=0 Start=3229579624828 End=3229579826543 Duration=201715
Task=98 Chunk=1 Start=3229582809593 End=3229583048035 Duration=238442
Task=98 Chunk=2 Start=3229583052684 End=3229583218428 Duration=165744
Task=99 Chunk=0 Start=3229579865734 End=3229580067131 Duration=201397
Task=99 Chunk=1 Start=3229583048036 End=3229583288458 Duration=240422
Task=99 Chunk=2 Start=3229583288476 End=3229583449005 Duration=160529
### Python End ###

--------------------------------
[2025-06-26 18:30:46.114] [info] Available Vulkan Layers:
[2025-06-26 18:30:46.114] [warning] Validation layer requested but not available, continuing without it...
[2025-06-26 18:30:46.117] [info] Using integrated GPU: Adreno (TM) 740
### Python Begin ###
Schedule_UID=SCH-B2L1M6-G390-c681
Frequency=19200000 Hz
Task=0 Chunk=0 Start=3229600173624 End=3229600807005 Duration=633381
Task=0 Chunk=1 Start=3229600807022 End=3229600817821 Duration=10799
Task=0 Chunk=2 Start=3229600817841 End=3229601287810 Duration=469969
Task=1 Chunk=0 Start=3229600807009 End=3229601009176 Duration=202167
Task=1 Chunk=1 Start=3229601009244 End=3229601009701 Duration=457
Task=1 Chunk=2 Start=3229601287820 End=3229601492723 Duration=204903
Task=2 Chunk=0 Start=3229601009177 End=3229601210291 Duration=201114
Task=2 Chunk=1 Start=3229601210298 End=3229601210753 Duration=455
Task=2 Chunk=2 Start=3229601492724 End=3229601695936 Duration=203212
Task=3 Chunk=0 Start=3229601210291 End=3229601411349 Duration=201058
Task=3 Chunk=1 Start=3229601411401 End=3229601411752 Duration=351
Task=3 Chunk=2 Start=3229601695937 End=3229601900230 Duration=204293
Task=4 Chunk=0 Start=3229601411350 End=3229601611548 Duration=200198
Task=4 Chunk=1 Start=3229601611555 End=3229601611841 Duration=286
Task=4 Chunk=2 Start=3229601900231 End=3229602105019 Duration=204788
Task=5 Chunk=0 Start=3229601611549 End=3229601812556 Duration=201007
Task=5 Chunk=1 Start=3229601812574 End=3229601812875 Duration=301
Task=5 Chunk=2 Start=3229602105020 End=3229602308041 Duration=203021
Task=6 Chunk=0 Start=3229601812557 End=3229602012644 Duration=200087
Task=6 Chunk=1 Start=3229602012674 End=3229602013017 Duration=343
Task=6 Chunk=2 Start=3229602308041 End=3229602511845 Duration=203804
Task=7 Chunk=0 Start=3229602012645 End=3229602213952 Duration=201307
Task=7 Chunk=1 Start=3229602213960 End=3229602214243 Duration=283
Task=7 Chunk=2 Start=3229602511846 End=3229602716839 Duration=204993
Task=8 Chunk=0 Start=3229602213954 End=3229602414771 Duration=200817
Task=8 Chunk=1 Start=3229602414836 End=3229602415103 Duration=267
Task=8 Chunk=2 Start=3229602716839 End=3229602919877 Duration=203038
Task=9 Chunk=0 Start=3229602414772 End=3229602615058 Duration=200286
Task=9 Chunk=1 Start=3229602615114 End=3229602615434 Duration=320
Task=9 Chunk=2 Start=3229602919878 End=3229603125018 Duration=205140
Task=10 Chunk=0 Start=3229602615059 End=3229602816092 Duration=201033
Task=10 Chunk=1 Start=3229602816141 End=3229602816425 Duration=284
Task=10 Chunk=2 Start=3229603125020 End=3229603329931 Duration=204911
Task=11 Chunk=0 Start=3229602816093 End=3229603016571 Duration=200478
Task=11 Chunk=1 Start=3229603016929 End=3229603018169 Duration=1240
Task=11 Chunk=2 Start=3229603329932 End=3229603533481 Duration=203549
Task=12 Chunk=0 Start=3229603016572 End=3229603215807 Duration=199235
Task=12 Chunk=1 Start=3229603215824 End=3229603216224 Duration=400
Task=12 Chunk=2 Start=3229603533483 End=3229603737496 Duration=204013
Task=13 Chunk=0 Start=3229603215808 End=3229603415731 Duration=199923
Task=13 Chunk=1 Start=3229603415757 End=3229603416246 Duration=489
Task=13 Chunk=2 Start=3229603737497 End=3229603941137 Duration=203640
Task=14 Chunk=0 Start=3229603415732 End=3229603615278 Duration=199546
Task=14 Chunk=1 Start=3229603615322 End=3229603615668 Duration=346
Task=14 Chunk=2 Start=3229603941139 End=3229604144786 Duration=203647
Task=15 Chunk=0 Start=3229603615281 End=3229603815843 Duration=200562
Task=15 Chunk=1 Start=3229603815867 End=3229603816204 Duration=337
Task=15 Chunk=2 Start=3229604144787 End=3229604348623 Duration=203836
Task=16 Chunk=0 Start=3229603815844 End=3229604015605 Duration=199761
Task=16 Chunk=1 Start=3229604015659 End=3229604015942 Duration=283
Task=16 Chunk=2 Start=3229604348623 End=3229604553408 Duration=204785
Task=17 Chunk=0 Start=3229604015606 End=3229604214613 Duration=199007
Task=17 Chunk=1 Start=3229604214633 End=3229604214929 Duration=296
Task=17 Chunk=2 Start=3229604553409 End=3229604756479 Duration=203070
Task=18 Chunk=0 Start=3229604214614 End=3229604414907 Duration=200293
Task=18 Chunk=1 Start=3229604414922 End=3229604415188 Duration=266
Task=18 Chunk=2 Start=3229604756481 End=3229604960685 Duration=204204
Task=19 Chunk=0 Start=3229604414907 End=3229604614904 Duration=199997
Task=19 Chunk=1 Start=3229604614927 End=3229604615190 Duration=263
Task=19 Chunk=2 Start=3229604960690 End=3229605165163 Duration=204473
Task=20 Chunk=0 Start=3229604614905 End=3229604815263 Duration=200358
Task=20 Chunk=1 Start=3229604815275 End=3229604815579 Duration=304
Task=20 Chunk=2 Start=3229605165164 End=3229605370259 Duration=205095
Task=21 Chunk=0 Start=3229604815263 End=3229605016330 Duration=201067
Task=21 Chunk=1 Start=3229605016394 End=3229605016971 Duration=577
Task=21 Chunk=2 Start=3229605370260 End=3229605574205 Duration=203945
Task=22 Chunk=0 Start=3229605016330 End=3229605216981 Duration=200651
Task=22 Chunk=1 Start=3229605217044 End=3229605217306 Duration=262
Task=22 Chunk=2 Start=3229605574206 End=3229605777148 Duration=202942
Task=23 Chunk=0 Start=3229605216982 End=3229605417516 Duration=200534
Task=23 Chunk=1 Start=3229605417573 End=3229605417846 Duration=273
Task=23 Chunk=2 Start=3229605777149 End=3229605982008 Duration=204859
Task=24 Chunk=0 Start=3229605417516 End=3229605617625 Duration=200109
Task=24 Chunk=1 Start=3229605617694 End=3229605617955 Duration=261
Task=24 Chunk=2 Start=3229605982008 End=3229606185817 Duration=203809
Task=25 Chunk=0 Start=3229605617626 End=3229605818596 Duration=200970
Task=25 Chunk=1 Start=3229605818657 End=3229605818955 Duration=298
Task=25 Chunk=2 Start=3229606185818 End=3229606388689 Duration=202871
Task=26 Chunk=0 Start=3229605818598 End=3229606019383 Duration=200785
Task=26 Chunk=1 Start=3229606019398 End=3229606019724 Duration=326
Task=26 Chunk=2 Start=3229606388690 End=3229606593257 Duration=204567
Task=27 Chunk=0 Start=3229606019384 End=3229606219709 Duration=200325
Task=27 Chunk=1 Start=3229606219725 End=3229606220001 Duration=276
Task=27 Chunk=2 Start=3229606593258 End=3229606797311 Duration=204053
Task=28 Chunk=0 Start=3229606219710 End=3229606422254 Duration=202544
Task=28 Chunk=1 Start=3229606422277 End=3229606422555 Duration=278
Task=28 Chunk=2 Start=3229606797312 End=3229607001000 Duration=203688
Task=29 Chunk=0 Start=3229606422255 End=3229606623428 Duration=201173
Task=29 Chunk=1 Start=3229606623483 End=3229606623767 Duration=284
Task=29 Chunk=2 Start=3229607001000 End=3229607205677 Duration=204677
Task=30 Chunk=0 Start=3229606623429 End=3229606824169 Duration=200740
Task=30 Chunk=1 Start=3229606824212 End=3229606824488 Duration=276
Task=30 Chunk=2 Start=3229607205678 End=3229607410655 Duration=204977
Task=31 Chunk=0 Start=3229606824171 End=3229607025096 Duration=200925
Task=31 Chunk=1 Start=3229607025155 End=3229607025497 Duration=342
Task=31 Chunk=2 Start=3229607410656 End=3229607613417 Duration=202761
Task=32 Chunk=0 Start=3229607025097 End=3229607225101 Duration=200004
Task=32 Chunk=1 Start=3229607225131 End=3229607225422 Duration=291
Task=32 Chunk=2 Start=3229607613417 End=3229607817395 Duration=203978
Task=33 Chunk=0 Start=3229607225106 End=3229607425569 Duration=200463
Task=33 Chunk=1 Start=3229607425614 End=3229607425922 Duration=308
Task=33 Chunk=2 Start=3229607817397 End=3229608021411 Duration=204014
Task=34 Chunk=0 Start=3229607425571 End=3229607626268 Duration=200697
Task=34 Chunk=1 Start=3229607626301 End=3229607627319 Duration=1018
Task=34 Chunk=2 Start=3229608021412 End=3229608224452 Duration=203040
Task=35 Chunk=0 Start=3229607626271 End=3229607826042 Duration=199771
Task=35 Chunk=1 Start=3229607826103 End=3229607826337 Duration=234
Task=35 Chunk=2 Start=3229608224453 End=3229608428912 Duration=204459
Task=36 Chunk=0 Start=3229607826043 End=3229608026850 Duration=200807
Task=36 Chunk=1 Start=3229608026885 End=3229608027140 Duration=255
Task=36 Chunk=2 Start=3229608428913 End=3229608632818 Duration=203905
Task=37 Chunk=0 Start=3229608026851 End=3229608227246 Duration=200395
Task=37 Chunk=1 Start=3229608227308 End=3229608227943 Duration=635
Task=37 Chunk=2 Start=3229608632819 End=3229608835875 Duration=203056
Task=38 Chunk=0 Start=3229608227249 End=3229608428275 Duration=201026
Task=38 Chunk=1 Start=3229608428328 End=3229608428561 Duration=233
Task=38 Chunk=2 Start=3229608835876 End=3229609040310 Duration=204434
Task=39 Chunk=0 Start=3229608428276 End=3229608628640 Duration=200364
Task=39 Chunk=1 Start=3229608628688 End=3229608628958 Duration=270
Task=39 Chunk=2 Start=3229609040314 End=3229609244256 Duration=203942
Task=40 Chunk=0 Start=3229608628641 End=3229608829622 Duration=200981
Task=40 Chunk=1 Start=3229608829638 End=3229608830070 Duration=432
Task=40 Chunk=2 Start=3229609244259 End=3229609447124 Duration=202865
Task=41 Chunk=0 Start=3229608829623 End=3229609031214 Duration=201591
Task=41 Chunk=1 Start=3229609031281 End=3229609031552 Duration=271
Task=41 Chunk=2 Start=3229609447126 End=3229609651863 Duration=204737
Task=42 Chunk=0 Start=3229609031220 End=3229609231339 Duration=200119
Task=42 Chunk=1 Start=3229609231374 End=3229609231675 Duration=301
Task=42 Chunk=2 Start=3229609651864 End=3229609855107 Duration=203243
Task=43 Chunk=0 Start=3229609231340 End=3229609432303 Duration=200963
Task=43 Chunk=1 Start=3229609432379 End=3229609432651 Duration=272
Task=43 Chunk=2 Start=3229609855110 End=3229610058851 Duration=203741
Task=44 Chunk=0 Start=3229609432304 End=3229609634126 Duration=201822
Task=44 Chunk=1 Start=3229609634190 End=3229609634449 Duration=259
Task=44 Chunk=2 Start=3229610058853 End=3229610263388 Duration=204535
Task=45 Chunk=0 Start=3229609634127 End=3229609834582 Duration=200455
Task=45 Chunk=1 Start=3229609834603 End=3229609834931 Duration=328
Task=45 Chunk=2 Start=3229610263403 End=3229610467528 Duration=204125
Task=46 Chunk=0 Start=3229609834583 End=3229610034753 Duration=200170
Task=46 Chunk=1 Start=3229610034778 End=3229610035016 Duration=238
Task=46 Chunk=2 Start=3229610467530 End=3229610671077 Duration=203547
Task=47 Chunk=0 Start=3229610034754 End=3229610236411 Duration=201657
Task=47 Chunk=1 Start=3229610236444 End=3229610237502 Duration=1058
Task=47 Chunk=2 Start=3229610671078 End=3229610875202 Duration=204124
Task=48 Chunk=0 Start=3229610236412 End=3229610436676 Duration=200264
Task=48 Chunk=1 Start=3229610436725 End=3229610437009 Duration=284
Task=48 Chunk=2 Start=3229610875203 End=3229611078685 Duration=203482
Task=49 Chunk=0 Start=3229610436677 End=3229610637256 Duration=200579
Task=49 Chunk=1 Start=3229610637293 End=3229610637546 Duration=253
Task=49 Chunk=2 Start=3229611078686 End=3229611282273 Duration=203587
Task=50 Chunk=0 Start=3229610637257 End=3229610837846 Duration=200589
Task=50 Chunk=1 Start=3229610837900 End=3229610838154 Duration=254
Task=50 Chunk=2 Start=3229611282273 End=3229611486646 Duration=204373
Task=51 Chunk=0 Start=3229610837849 End=3229611038811 Duration=200962
Task=51 Chunk=1 Start=3229611038879 End=3229611039156 Duration=277
Task=51 Chunk=2 Start=3229611486647 End=3229611690101 Duration=203454
Task=52 Chunk=0 Start=3229611038811 End=3229611239814 Duration=201003
Task=52 Chunk=1 Start=3229611239855 End=3229611240121 Duration=266
Task=52 Chunk=2 Start=3229611690102 End=3229611893781 Duration=203679
Task=53 Chunk=0 Start=3229611239815 End=3229611440033 Duration=200218
Task=53 Chunk=1 Start=3229611440073 End=3229611440347 Duration=274
Task=53 Chunk=2 Start=3229611893782 End=3229612098485 Duration=204703
Task=54 Chunk=0 Start=3229611440035 End=3229611640868 Duration=200833
Task=54 Chunk=1 Start=3229611640876 End=3229611641138 Duration=262
Task=54 Chunk=2 Start=3229612098486 End=3229612301519 Duration=203033
Task=55 Chunk=0 Start=3229611640869 End=3229611841515 Duration=200646
Task=55 Chunk=1 Start=3229611841552 End=3229611841813 Duration=261
Task=55 Chunk=2 Start=3229612301529 End=3229612504801 Duration=203272
Task=56 Chunk=0 Start=3229611841516 End=3229612042970 Duration=201454
Task=56 Chunk=1 Start=3229612043010 End=3229612043259 Duration=249
Task=56 Chunk=2 Start=3229612504803 End=3229612709451 Duration=204648
Task=57 Chunk=0 Start=3229612042971 End=3229612243769 Duration=200798
Task=57 Chunk=1 Start=3229612243832 End=3229612244160 Duration=328
Task=57 Chunk=2 Start=3229612709452 End=3229612913086 Duration=203634
Task=58 Chunk=0 Start=3229612243771 End=3229612443759 Duration=199988
Task=58 Chunk=1 Start=3229612443773 End=3229612444035 Duration=262
Task=58 Chunk=2 Start=3229612913088 End=3229613116682 Duration=203594
Task=59 Chunk=0 Start=3229612443761 End=3229612646949 Duration=203188
Task=59 Chunk=1 Start=3229612646965 End=3229612647282 Duration=317
Task=59 Chunk=2 Start=3229613116683 End=3229613321472 Duration=204789
Task=60 Chunk=0 Start=3229612646950 End=3229612850463 Duration=203513
Task=60 Chunk=1 Start=3229612850473 End=3229612850893 Duration=420
Task=60 Chunk=2 Start=3229613321473 End=3229613525293 Duration=203820
Task=61 Chunk=0 Start=3229612850464 End=3229613053306 Duration=202842
Task=61 Chunk=1 Start=3229613053361 End=3229613053604 Duration=243
Task=61 Chunk=2 Start=3229613525294 End=3229613728679 Duration=203385
Task=62 Chunk=0 Start=3229613053310 End=3229613255418 Duration=202108
Task=62 Chunk=1 Start=3229613255476 End=3229613255743 Duration=267
Task=62 Chunk=2 Start=3229613728680 End=3229613933035 Duration=204355
Task=63 Chunk=0 Start=3229613255419 End=3229613458711 Duration=203292
Task=63 Chunk=1 Start=3229613458754 End=3229613458985 Duration=231
Task=63 Chunk=2 Start=3229613933036 End=3229614137187 Duration=204151
Task=64 Chunk=0 Start=3229613458712 End=3229613662633 Duration=203921
Task=64 Chunk=1 Start=3229613662660 End=3229613662955 Duration=295
Task=64 Chunk=2 Start=3229614137188 End=3229614341161 Duration=203973
Task=65 Chunk=0 Start=3229613662634 End=3229613865957 Duration=203323
Task=65 Chunk=1 Start=3229613866021 End=3229613866245 Duration=224
Task=65 Chunk=2 Start=3229614341163 End=3229614545983 Duration=204820
Task=66 Chunk=0 Start=3229613865960 End=3229614068449 Duration=202489
Task=66 Chunk=1 Start=3229614068481 End=3229614068732 Duration=251
Task=66 Chunk=2 Start=3229614545984 End=3229614748791 Duration=202807
Task=67 Chunk=0 Start=3229614068450 End=3229614270505 Duration=202055
Task=67 Chunk=1 Start=3229614270541 End=3229614270820 Duration=279
Task=67 Chunk=2 Start=3229614748793 End=3229614952988 Duration=204195
Task=68 Chunk=0 Start=3229614270512 End=3229614473597 Duration=203085
Task=68 Chunk=1 Start=3229614473616 End=3229614473883 Duration=267
Task=68 Chunk=2 Start=3229614952991 End=3229615157642 Duration=204651
Task=69 Chunk=0 Start=3229614473602 End=3229614676876 Duration=203274
Task=69 Chunk=1 Start=3229614677068 End=3229614678494 Duration=1426
Task=69 Chunk=2 Start=3229615157642 End=3229615361474 Duration=203832
Task=70 Chunk=0 Start=3229614676877 End=3229614880410 Duration=203533
Task=70 Chunk=1 Start=3229614880467 End=3229614880788 Duration=321
Task=70 Chunk=2 Start=3229615361475 End=3229615565684 Duration=204209
Task=71 Chunk=0 Start=3229614880411 End=3229615080893 Duration=200482
Task=71 Chunk=1 Start=3229615080941 End=3229615081247 Duration=306
Task=71 Chunk=2 Start=3229615565685 End=3229615770580 Duration=204895
Task=72 Chunk=0 Start=3229615080894 End=3229615280835 Duration=199941
Task=72 Chunk=1 Start=3229615280869 End=3229615281148 Duration=279
Task=72 Chunk=2 Start=3229615770581 End=3229615973622 Duration=203041
Task=73 Chunk=0 Start=3229615280836 End=3229615483444 Duration=202608
Task=73 Chunk=1 Start=3229615483459 End=3229615483733 Duration=274
Task=73 Chunk=2 Start=3229615973623 End=3229616177659 Duration=204036
Task=74 Chunk=0 Start=3229615483444 End=3229615686422 Duration=202978
Task=74 Chunk=1 Start=3229615686448 End=3229615686720 Duration=272
Task=74 Chunk=2 Start=3229616177660 End=3229616381117 Duration=203457
Task=75 Chunk=0 Start=3229615686423 End=3229615889905 Duration=203482
Task=75 Chunk=1 Start=3229615889943 End=3229615890273 Duration=330
Task=75 Chunk=2 Start=3229616381117 End=3229616584606 Duration=203489
Task=76 Chunk=0 Start=3229615889906 End=3229616089262 Duration=199356
Task=76 Chunk=1 Start=3229616089328 End=3229616089597 Duration=269
Task=76 Chunk=2 Start=3229616584607 End=3229616788472 Duration=203865
Task=77 Chunk=0 Start=3229616089263 End=3229616292010 Duration=202747
Task=77 Chunk=1 Start=3229616292032 End=3229616292369 Duration=337
Task=77 Chunk=2 Start=3229616788473 End=3229616991198 Duration=202725
Task=78 Chunk=0 Start=3229616292010 End=3229616495324 Duration=203314
Task=78 Chunk=1 Start=3229616495372 End=3229616495627 Duration=255
Task=78 Chunk=2 Start=3229616991199 End=3229617195500 Duration=204301
Task=79 Chunk=0 Start=3229616495326 End=3229616699060 Duration=203734
Task=79 Chunk=1 Start=3229616699136 End=3229616699483 Duration=347
Task=79 Chunk=2 Start=3229617195500 End=3229617399875 Duration=204375
Task=80 Chunk=0 Start=3229616699064 End=3229616901936 Duration=202872
Task=80 Chunk=1 Start=3229616901985 End=3229616902281 Duration=296
Task=80 Chunk=2 Start=3229617399876 End=3229617603419 Duration=203543
Task=81 Chunk=0 Start=3229616901940 End=3229617105335 Duration=203395
Task=81 Chunk=1 Start=3229617105403 End=3229617105766 Duration=363
Task=81 Chunk=2 Start=3229617603421 End=3229617807468 Duration=204047
Task=82 Chunk=0 Start=3229617105336 End=3229617305585 Duration=200249
Task=82 Chunk=1 Start=3229617305639 End=3229617305950 Duration=311
Task=82 Chunk=2 Start=3229617807469 End=3229618011675 Duration=204206
Task=83 Chunk=0 Start=3229617305585 End=3229617508315 Duration=202730
Task=83 Chunk=1 Start=3229617508380 End=3229617508742 Duration=362
Task=83 Chunk=2 Start=3229618011675 End=3229618215520 Duration=203845
Task=84 Chunk=0 Start=3229617508318 End=3229617710654 Duration=202336
Task=84 Chunk=1 Start=3229617710713 End=3229617710989 Duration=276
Task=84 Chunk=2 Start=3229618215521 End=3229618419732 Duration=204211
Task=85 Chunk=0 Start=3229617710655 End=3229617914169 Duration=203514
Task=85 Chunk=1 Start=3229617914225 End=3229617914481 Duration=256
Task=85 Chunk=2 Start=3229618419733 End=3229618624013 Duration=204280
Task=86 Chunk=0 Start=3229617914170 End=3229618118256 Duration=204086
Task=86 Chunk=1 Start=3229618118328 End=3229618118612 Duration=284
Task=86 Chunk=2 Start=3229618624014 End=3229618827218 Duration=203204
Task=87 Chunk=0 Start=3229618118257 End=3229618322434 Duration=204177
Task=87 Chunk=1 Start=3229618322462 End=3229618322725 Duration=263
Task=87 Chunk=2 Start=3229618827219 End=3229619031482 Duration=204263
Task=88 Chunk=0 Start=3229618322435 End=3229618525096 Duration=202661
Task=88 Chunk=1 Start=3229618525115 End=3229618525377 Duration=262
Task=88 Chunk=2 Start=3229619031483 End=3229619235692 Duration=204209
Task=89 Chunk=0 Start=3229618525096 End=3229618727686 Duration=202590
Task=89 Chunk=1 Start=3229618727717 End=3229618727945 Duration=228
Task=89 Chunk=2 Start=3229619235693 End=3229619438663 Duration=202970
Task=90 Chunk=0 Start=3229618727687 End=3229618930495 Duration=202808
Task=90 Chunk=1 Start=3229618930561 End=3229618930825 Duration=264
Task=90 Chunk=2 Start=3229619438664 End=3229619642931 Duration=204267
Task=91 Chunk=0 Start=3229618930496 End=3229619133500 Duration=203004
Task=91 Chunk=1 Start=3229619133517 End=3229619133778 Duration=261
Task=91 Chunk=2 Start=3229619642931 End=3229619846596 Duration=203665
Task=92 Chunk=0 Start=3229619133501 End=3229619334732 Duration=201231
Task=92 Chunk=1 Start=3229619334774 End=3229619335101 Duration=327
Task=92 Chunk=2 Start=3229619846598 End=3229620050109 Duration=203511
Task=93 Chunk=0 Start=3229619334732 End=3229619537521 Duration=202789
Task=93 Chunk=1 Start=3229619537567 End=3229619537861 Duration=294
Task=93 Chunk=2 Start=3229620050110 End=3229620268219 Duration=218109
Task=94 Chunk=0 Start=3229619537522 End=3229619740133 Duration=202611
Task=94 Chunk=1 Start=3229619740193 End=3229619740451 Duration=258
Task=94 Chunk=2 Start=3229620268220 End=3229620578344 Duration=310124
Task=95 Chunk=0 Start=3229619740133 End=3229619943044 Duration=202911
Task=95 Chunk=1 Start=3229619943108 End=3229619943537 Duration=429
Task=95 Chunk=2 Start=3229620578347 End=3229620785548 Duration=207201
Task=96 Chunk=0 Start=3229619943044 End=3229620146751 Duration=203707
Task=96 Chunk=1 Start=3229620146766 End=3229620279089 Duration=132323
Task=96 Chunk=2 Start=3229620785550 End=3229620990859 Duration=205309
Task=97 Chunk=0 Start=3229620146753 End=3229620352364 Duration=205611
Task=97 Chunk=1 Start=3229620357203 End=3229620519765 Duration=162562
Task=97 Chunk=2 Start=3229620990860 End=3229621194442 Duration=203582
Task=98 Chunk=0 Start=3229620352367 End=3229620554642 Duration=202275
Task=98 Chunk=1 Start=3229620554700 End=3229620555061 Duration=361
Task=98 Chunk=2 Start=3229621194443 End=3229621399551 Duration=205108
Task=99 Chunk=0 Start=3229620554645 End=3229620763235 Duration=208590
Task=99 Chunk=1 Start=3229620777237 End=3229620779074 Duration=1837
Task=99 Chunk=2 Start=3229621399553 End=3229621602727 Duration=203174
### Python End ###

--------------------------------
[2025-06-26 18:30:48.097] [info] Available Vulkan Layers:
[2025-06-26 18:30:48.097] [warning] Validation layer requested but not available, continuing without it...
[2025-06-26 18:30:48.101] [info] Using integrated GPU: Adreno (TM) 740
### Python Begin ###
Schedule_UID=SCH-G3M2B4-G422-ed03
Frequency=19200000 Hz
Task=0 Chunk=0 Start=3229638385671 End=3229638698307 Duration=312636
Task=0 Chunk=1 Start=3229638698328 End=3229638765239 Duration=66911
Task=0 Chunk=2 Start=3229638765262 End=3229639098549 Duration=333287
Task=1 Chunk=0 Start=3229638698311 End=3229638821972 Duration=123661
Task=1 Chunk=1 Start=3229638821985 End=3229638862456 Duration=40471
Task=1 Chunk=2 Start=3229639098550 End=3229639274675 Duration=176125
Task=2 Chunk=0 Start=3229638821976 End=3229638943015 Duration=121039
Task=2 Chunk=1 Start=3229638943035 End=3229638985433 Duration=42398
Task=2 Chunk=2 Start=3229639274676 End=3229639446886 Duration=172210
Task=3 Chunk=0 Start=3229638943019 End=3229639062576 Duration=119557
Task=3 Chunk=1 Start=3229639062590 End=3229639103598 Duration=41008
Task=3 Chunk=2 Start=3229639446887 End=3229639620776 Duration=173889
Task=4 Chunk=0 Start=3229639062589 End=3229639178583 Duration=115994
Task=4 Chunk=1 Start=3229639178594 End=3229639219218 Duration=40624
Task=4 Chunk=2 Start=3229639620776 End=3229639791639 Duration=170863
Task=5 Chunk=0 Start=3229639178592 End=3229639295310 Duration=116718
Task=5 Chunk=1 Start=3229639295327 End=3229639335392 Duration=40065
Task=5 Chunk=2 Start=3229639791640 End=3229639964401 Duration=172761
Task=6 Chunk=0 Start=3229639295324 End=3229639414529 Duration=119205
Task=6 Chunk=1 Start=3229639414544 End=3229639455714 Duration=41170
Task=6 Chunk=2 Start=3229639964402 End=3229640133664 Duration=169262
Task=7 Chunk=0 Start=3229639414539 End=3229639537210 Duration=122671
Task=7 Chunk=1 Start=3229639537221 End=3229639577774 Duration=40553
Task=7 Chunk=2 Start=3229640133665 End=3229640304988 Duration=171323
Task=8 Chunk=0 Start=3229639537224 End=3229639661433 Duration=124209
Task=8 Chunk=1 Start=3229639661455 End=3229639701235 Duration=39780
Task=8 Chunk=2 Start=3229640304989 End=3229640476437 Duration=171448
Task=9 Chunk=0 Start=3229639661445 End=3229639798011 Duration=136566
Task=9 Chunk=1 Start=3229639798028 End=3229639840304 Duration=42276
Task=9 Chunk=2 Start=3229640476438 End=3229640596729 Duration=120291
Task=10 Chunk=0 Start=3229639798016 End=3229639927900 Duration=129884
Task=10 Chunk=1 Start=3229639927921 End=3229639968114 Duration=40193
Task=10 Chunk=2 Start=3229640596730 End=3229640682707 Duration=85977
Task=11 Chunk=0 Start=3229639927910 End=3229640044739 Duration=116829
Task=11 Chunk=1 Start=3229640044750 End=3229640084544 Duration=39794
Task=11 Chunk=2 Start=3229640682708 End=3229640771255 Duration=88547
Task=12 Chunk=0 Start=3229640044745 End=3229640167842 Duration=123097
Task=12 Chunk=1 Start=3229640167871 End=3229640208357 Duration=40486
Task=12 Chunk=2 Start=3229640771256 End=3229640859262 Duration=88006
Task=13 Chunk=0 Start=3229640167852 End=3229640285954 Duration=118102
Task=13 Chunk=1 Start=3229640285973 End=3229640326772 Duration=40799
Task=13 Chunk=2 Start=3229640859262 End=3229640945894 Duration=86632
Task=14 Chunk=0 Start=3229640285967 End=3229640411265 Duration=125298
Task=14 Chunk=1 Start=3229640411283 End=3229640451336 Duration=40053
Task=14 Chunk=2 Start=3229640945895 End=3229641043275 Duration=97380
Task=15 Chunk=0 Start=3229640411273 End=3229640527387 Duration=116114
Task=15 Chunk=1 Start=3229640527399 End=3229640568703 Duration=41304
Task=15 Chunk=2 Start=3229641043275 End=3229641131887 Duration=88612
Task=16 Chunk=0 Start=3229640527397 End=3229640656502 Duration=129105
Task=16 Chunk=1 Start=3229640656516 End=3229640700792 Duration=44276
Task=16 Chunk=2 Start=3229641131887 End=3229641220116 Duration=88229
Task=17 Chunk=0 Start=3229640656507 End=3229640777489 Duration=120982
Task=17 Chunk=1 Start=3229640777508 End=3229640818811 Duration=41303
Task=17 Chunk=2 Start=3229641220117 End=3229641305021 Duration=84904
Task=18 Chunk=0 Start=3229640777502 End=3229640923206 Duration=145704
Task=18 Chunk=1 Start=3229640923234 End=3229640966663 Duration=43429
Task=18 Chunk=2 Start=3229641305022 End=3229641395126 Duration=90104
Task=19 Chunk=0 Start=3229640923220 End=3229641050211 Duration=126991
Task=19 Chunk=1 Start=3229641050236 End=3229641090317 Duration=40081
Task=19 Chunk=2 Start=3229641395127 End=3229641483686 Duration=88559
Task=20 Chunk=0 Start=3229641050226 End=3229641174871 Duration=124645
Task=20 Chunk=1 Start=3229641174886 End=3229641216995 Duration=42109
Task=20 Chunk=2 Start=3229641483687 End=3229641568497 Duration=84810
Task=21 Chunk=0 Start=3229641174881 End=3229641301964 Duration=127083
Task=21 Chunk=1 Start=3229641301974 End=3229641347992 Duration=46018
Task=21 Chunk=2 Start=3229641568498 End=3229641661687 Duration=93189
Task=22 Chunk=0 Start=3229641301975 End=3229641425243 Duration=123268
Task=22 Chunk=1 Start=3229641425266 End=3229641468062 Duration=42796
Task=22 Chunk=2 Start=3229641661688 End=3229641753034 Duration=91346
Task=23 Chunk=0 Start=3229641425251 End=3229641565678 Duration=140427
Task=23 Chunk=1 Start=3229641565699 End=3229641608242 Duration=42543
Task=23 Chunk=2 Start=3229641753058 End=3229641838410 Duration=85352
Task=24 Chunk=0 Start=3229641565687 End=3229641693165 Duration=127478
Task=24 Chunk=1 Start=3229641693189 End=3229641741623 Duration=48434
Task=24 Chunk=2 Start=3229641838411 End=3229641925810 Duration=87399
Task=25 Chunk=0 Start=3229641693177 End=3229641816769 Duration=123592
Task=25 Chunk=1 Start=3229641816781 End=3229641862113 Duration=45332
Task=25 Chunk=2 Start=3229641925811 End=3229642012069 Duration=86258
Task=26 Chunk=0 Start=3229641816780 End=3229641961163 Duration=144383
Task=26 Chunk=1 Start=3229641961174 End=3229642004593 Duration=43419
Task=26 Chunk=2 Start=3229642012070 End=3229642098996 Duration=86926
Task=27 Chunk=0 Start=3229641961171 End=3229642087392 Duration=126221
Task=27 Chunk=1 Start=3229642087407 End=3229642127929 Duration=40522
Task=27 Chunk=2 Start=3229642127946 End=3229642213156 Duration=85210
Task=28 Chunk=0 Start=3229642087399 End=3229642209262 Duration=121863
Task=28 Chunk=1 Start=3229642209280 End=3229642249045 Duration=39765
Task=28 Chunk=2 Start=3229642249053 End=3229642334535 Duration=85482
Task=29 Chunk=0 Start=3229642209267 End=3229642328348 Duration=119081
Task=29 Chunk=1 Start=3229642328362 End=3229642368745 Duration=40383
Task=29 Chunk=2 Start=3229642368761 End=3229642453159 Duration=84398
Task=30 Chunk=0 Start=3229642328354 End=3229642444722 Duration=116368
Task=30 Chunk=1 Start=3229642444738 End=3229642484473 Duration=39735
Task=30 Chunk=2 Start=3229642484483 End=3229642570312 Duration=85829
Task=31 Chunk=0 Start=3229642444728 End=3229642572389 Duration=127661
Task=31 Chunk=1 Start=3229642572399 End=3229642612456 Duration=40057
Task=31 Chunk=2 Start=3229642612463 End=3229642697727 Duration=85264
Task=32 Chunk=0 Start=3229642572399 End=3229642687871 Duration=115472
Task=32 Chunk=1 Start=3229642687896 End=3229642728117 Duration=40221
Task=32 Chunk=2 Start=3229642728136 End=3229642812698 Duration=84562
Task=33 Chunk=0 Start=3229642687882 End=3229642809665 Duration=121783
Task=33 Chunk=1 Start=3229642809678 End=3229642849432 Duration=39754
Task=33 Chunk=2 Start=3229642849438 End=3229642934607 Duration=85169
Task=34 Chunk=0 Start=3229642809672 End=3229642924969 Duration=115297
Task=34 Chunk=1 Start=3229642924984 End=3229642965349 Duration=40365
Task=34 Chunk=2 Start=3229642965365 End=3229643050572 Duration=85207
Task=35 Chunk=0 Start=3229642924977 End=3229643057675 Duration=132698
Task=35 Chunk=1 Start=3229643057695 End=3229643097686 Duration=39991
Task=35 Chunk=2 Start=3229643097705 End=3229643186795 Duration=89090
Task=36 Chunk=0 Start=3229643057680 End=3229643172700 Duration=115020
Task=36 Chunk=1 Start=3229643172713 End=3229643213971 Duration=41258
Task=36 Chunk=2 Start=3229643213984 End=3229643298991 Duration=85007
Task=37 Chunk=0 Start=3229643172706 End=3229643296951 Duration=124245
Task=37 Chunk=1 Start=3229643296970 End=3229643337487 Duration=40517
Task=37 Chunk=2 Start=3229643337497 End=3229643423532 Duration=86035
Task=38 Chunk=0 Start=3229643296960 End=3229643417587 Duration=120627
Task=38 Chunk=1 Start=3229643417599 End=3229643457377 Duration=39778
Task=38 Chunk=2 Start=3229643457392 End=3229643542697 Duration=85305
Task=39 Chunk=0 Start=3229643417593 End=3229643539852 Duration=122259
Task=39 Chunk=1 Start=3229643539865 End=3229643580288 Duration=40423
Task=39 Chunk=2 Start=3229643580316 End=3229643665560 Duration=85244
Task=40 Chunk=0 Start=3229643539862 End=3229643657175 Duration=117313
Task=40 Chunk=1 Start=3229643657181 End=3229643696932 Duration=39751
Task=40 Chunk=2 Start=3229643696944 End=3229643782668 Duration=85724
Task=41 Chunk=0 Start=3229643657181 End=3229643785851 Duration=128670
Task=41 Chunk=1 Start=3229643785862 End=3229643826435 Duration=40573
Task=41 Chunk=2 Start=3229643826448 End=3229643913080 Duration=86632
Task=42 Chunk=0 Start=3229643785860 End=3229643903768 Duration=117908
Task=42 Chunk=1 Start=3229643903784 End=3229643943553 Duration=39769
Task=42 Chunk=2 Start=3229643943566 End=3229644028997 Duration=85431
Task=43 Chunk=0 Start=3229643903776 End=3229644025362 Duration=121586
Task=43 Chunk=1 Start=3229644025370 End=3229644065860 Duration=40490
Task=43 Chunk=2 Start=3229644065867 End=3229644150932 Duration=85065
Task=44 Chunk=0 Start=3229644025368 End=3229644151584 Duration=126216
Task=44 Chunk=1 Start=3229644151593 End=3229644192046 Duration=40453
Task=44 Chunk=2 Start=3229644192063 End=3229644277361 Duration=85298
Task=45 Chunk=0 Start=3229644151590 End=3229644274274 Duration=122684
Task=45 Chunk=1 Start=3229644274292 End=3229644314030 Duration=39738
Task=45 Chunk=2 Start=3229644314051 End=3229644400206 Duration=86155
Task=46 Chunk=0 Start=3229644274281 End=3229644393408 Duration=119127
Task=46 Chunk=1 Start=3229644393432 End=3229644433752 Duration=40320
Task=46 Chunk=2 Start=3229644433763 End=3229644519323 Duration=85560
Task=47 Chunk=0 Start=3229644393414 End=3229644522186 Duration=128772
Task=47 Chunk=1 Start=3229644522195 End=3229644561931 Duration=39736
Task=47 Chunk=2 Start=3229644561941 End=3229644649886 Duration=87945
Task=48 Chunk=0 Start=3229644522194 End=3229644637586 Duration=115392
Task=48 Chunk=1 Start=3229644637596 End=3229644678295 Duration=40699
Task=48 Chunk=2 Start=3229644678299 End=3229644762594 Duration=84295
Task=49 Chunk=0 Start=3229644637592 End=3229644759359 Duration=121767
Task=49 Chunk=1 Start=3229644759375 End=3229644800028 Duration=40653
Task=49 Chunk=2 Start=3229644800042 End=3229644884893 Duration=84851
Task=50 Chunk=0 Start=3229644759365 End=3229644882582 Duration=123217
Task=50 Chunk=1 Start=3229644882602 End=3229644922604 Duration=40002
Task=50 Chunk=2 Start=3229644922634 End=3229645007812 Duration=85178
Task=51 Chunk=0 Start=3229644882594 End=3229645008436 Duration=125842
Task=51 Chunk=1 Start=3229645008456 End=3229645048695 Duration=40239
Task=51 Chunk=2 Start=3229645048726 End=3229645134711 Duration=85985
Task=52 Chunk=0 Start=3229645008441 End=3229645124542 Duration=116101
Task=52 Chunk=1 Start=3229645124557 End=3229645164369 Duration=39812
Task=52 Chunk=2 Start=3229645164373 End=3229645249497 Duration=85124
Task=53 Chunk=0 Start=3229645124548 End=3229645250434 Duration=125886
Task=53 Chunk=1 Start=3229645250455 End=3229645290887 Duration=40432
Task=53 Chunk=2 Start=3229645290901 End=3229645375970 Duration=85069
Task=54 Chunk=0 Start=3229645250439 End=3229645365875 Duration=115436
Task=54 Chunk=1 Start=3229645365897 End=3229645405662 Duration=39765
Task=54 Chunk=2 Start=3229645405671 End=3229645491759 Duration=86088
Task=55 Chunk=0 Start=3229645365880 End=3229645500348 Duration=134468
Task=55 Chunk=1 Start=3229645500365 End=3229645540155 Duration=39790
Task=55 Chunk=2 Start=3229645540169 End=3229645626336 Duration=86167
Task=56 Chunk=0 Start=3229645500357 End=3229645636738 Duration=136381
Task=56 Chunk=1 Start=3229645636758 End=3229645676900 Duration=40142
Task=56 Chunk=2 Start=3229645676913 End=3229645764248 Duration=87335
Task=57 Chunk=0 Start=3229645636747 End=3229645752804 Duration=116057
Task=57 Chunk=1 Start=3229645752819 End=3229645792601 Duration=39782
Task=57 Chunk=2 Start=3229645792607 End=3229645878358 Duration=85751
Task=58 Chunk=0 Start=3229645752812 End=3229645878035 Duration=125223
Task=58 Chunk=1 Start=3229645878060 End=3229645917830 Duration=39770
Task=58 Chunk=2 Start=3229645917856 End=3229646003105 Duration=85249
Task=59 Chunk=0 Start=3229645878041 End=3229645993264 Duration=115223
Task=59 Chunk=1 Start=3229645993287 End=3229646033752 Duration=40465
Task=59 Chunk=2 Start=3229646033767 End=3229646118848 Duration=85081
Task=60 Chunk=0 Start=3229645993271 End=3229646120456 Duration=127185
Task=60 Chunk=1 Start=3229646120463 End=3229646160179 Duration=39716
Task=60 Chunk=2 Start=3229646160192 End=3229646246086 Duration=85894
Task=61 Chunk=0 Start=3229646120462 End=3229646243699 Duration=123237
Task=61 Chunk=1 Start=3229646243712 End=3229646283975 Duration=40263
Task=61 Chunk=2 Start=3229646284005 End=3229646369851 Duration=85846
Task=62 Chunk=0 Start=3229646243704 End=3229646365667 Duration=121963
Task=62 Chunk=1 Start=3229646365674 End=3229646405424 Duration=39750
Task=62 Chunk=2 Start=3229646405435 End=3229646494184 Duration=88749
Task=63 Chunk=0 Start=3229646365673 End=3229646480699 Duration=115026
Task=63 Chunk=1 Start=3229646480705 End=3229646521234 Duration=40529
Task=63 Chunk=2 Start=3229646521241 End=3229646606205 Duration=84964
Task=64 Chunk=0 Start=3229646480707 End=3229646602553 Duration=121846
Task=64 Chunk=1 Start=3229646602564 End=3229646643128 Duration=40564
Task=64 Chunk=2 Start=3229646643139 End=3229646727868 Duration=84729
Task=65 Chunk=0 Start=3229646602563 End=3229646725967 Duration=123404
Task=65 Chunk=1 Start=3229646725981 End=3229646765983 Duration=40002
Task=65 Chunk=2 Start=3229646765997 End=3229646851220 Duration=85223
Task=66 Chunk=0 Start=3229646725973 End=3229646852154 Duration=126181
Task=66 Chunk=1 Start=3229646852163 End=3229646892814 Duration=40651
Task=66 Chunk=2 Start=3229646892820 End=3229646977541 Duration=84721
Task=67 Chunk=0 Start=3229646852163 End=3229646968387 Duration=116224
Task=67 Chunk=1 Start=3229646968401 End=3229647008184 Duration=39783
Task=67 Chunk=2 Start=3229647008191 End=3229647093072 Duration=84881
Task=68 Chunk=0 Start=3229646968395 End=3229647093346 Duration=124951
Task=68 Chunk=1 Start=3229647093367 End=3229647133773 Duration=40406
Task=68 Chunk=2 Start=3229647133789 End=3229647218249 Duration=84460
Task=69 Chunk=0 Start=3229647093352 End=3229647209638 Duration=116286
Task=69 Chunk=1 Start=3229647209655 End=3229647249395 Duration=39740
Task=69 Chunk=2 Start=3229647249410 End=3229647335178 Duration=85768
Task=70 Chunk=0 Start=3229647209649 End=3229647344554 Duration=134905
Task=70 Chunk=1 Start=3229647344570 End=3229647384317 Duration=39747
Task=70 Chunk=2 Start=3229647384326 End=3229647469943 Duration=85617
Task=71 Chunk=0 Start=3229647344560 End=3229647470049 Duration=125489
Task=71 Chunk=1 Start=3229647470066 End=3229647510275 Duration=40209
Task=71 Chunk=2 Start=3229647510283 End=3229647596387 Duration=86104
Task=72 Chunk=0 Start=3229647470057 End=3229647585618 Duration=115561
Task=72 Chunk=1 Start=3229647585630 End=3229647625430 Duration=39800
Task=72 Chunk=2 Start=3229647625447 End=3229647709979 Duration=84532
Task=73 Chunk=0 Start=3229647585625 End=3229647708525 Duration=122900
Task=73 Chunk=1 Start=3229647708533 End=3229647749026 Duration=40493
Task=73 Chunk=2 Start=3229647749047 End=3229647834442 Duration=85395
Task=74 Chunk=0 Start=3229647708533 End=3229647824874 Duration=116341
Task=74 Chunk=1 Start=3229647824897 End=3229647864679 Duration=39782
Task=74 Chunk=2 Start=3229647864707 End=3229647951160 Duration=86453
Task=75 Chunk=0 Start=3229647824886 End=3229647954935 Duration=130049
Task=75 Chunk=1 Start=3229647954946 End=3229647994656 Duration=39710
Task=75 Chunk=2 Start=3229647994671 End=3229648080481 Duration=85810
Task=76 Chunk=0 Start=3229647954941 End=3229648070111 Duration=115170
Task=76 Chunk=1 Start=3229648070127 End=3229648110543 Duration=40416
Task=76 Chunk=2 Start=3229648110559 End=3229648196416 Duration=85857
Task=77 Chunk=0 Start=3229648070118 End=3229648192619 Duration=122501
Task=77 Chunk=1 Start=3229648192634 End=3229648232350 Duration=39716
Task=77 Chunk=2 Start=3229648232364 End=3229648319194 Duration=86830
Task=78 Chunk=0 Start=3229648192625 End=3229648310166 Duration=117541
Task=78 Chunk=1 Start=3229648310184 End=3229648350870 Duration=40686
Task=78 Chunk=2 Start=3229648350877 End=3229648435869 Duration=84992
Task=79 Chunk=0 Start=3229648310172 End=3229648457793 Duration=147621
Task=79 Chunk=1 Start=3229648457821 End=3229648498241 Duration=40420
Task=79 Chunk=2 Start=3229648498249 End=3229648583506 Duration=85257
Task=80 Chunk=0 Start=3229648457807 End=3229648582962 Duration=125155
Task=80 Chunk=1 Start=3229648582970 End=3229648623005 Duration=40035
Task=80 Chunk=2 Start=3229648623018 End=3229648709094 Duration=86076
Task=81 Chunk=0 Start=3229648582971 End=3229648707580 Duration=124609
Task=81 Chunk=1 Start=3229648707590 End=3229648747913 Duration=40323
Task=81 Chunk=2 Start=3229648747927 End=3229648833559 Duration=85632
Task=82 Chunk=0 Start=3229648707593 End=3229648829767 Duration=122174
Task=82 Chunk=1 Start=3229648829785 End=3229648870148 Duration=40363
Task=82 Chunk=2 Start=3229648870156 End=3229648955835 Duration=85679
Task=83 Chunk=0 Start=3229648829780 End=3229648949344 Duration=119564
Task=83 Chunk=1 Start=3229648949365 End=3229648989122 Duration=39757
Task=83 Chunk=2 Start=3229648989131 End=3229649075049 Duration=85918
Task=84 Chunk=0 Start=3229648949350 End=3229649070874 Duration=121524
Task=84 Chunk=1 Start=3229649070891 End=3229649111453 Duration=40562
Task=84 Chunk=2 Start=3229649111471 End=3229649197608 Duration=86137
Task=85 Chunk=0 Start=3229649070881 End=3229649186969 Duration=116088
Task=85 Chunk=1 Start=3229649186985 End=3229649226739 Duration=39754
Task=85 Chunk=2 Start=3229649226747 End=3229649314049 Duration=87302
Task=86 Chunk=0 Start=3229649186976 End=3229649313240 Duration=126264
Task=86 Chunk=1 Start=3229649313260 End=3229649353427 Duration=40167
Task=86 Chunk=2 Start=3229649353475 End=3229649439765 Duration=86290
Task=87 Chunk=0 Start=3229649313245 End=3229649436330 Duration=123085
Task=87 Chunk=1 Start=3229649436339 End=3229649476169 Duration=39830
Task=87 Chunk=2 Start=3229649476206 End=3229649563875 Duration=87669
Task=88 Chunk=0 Start=3229649436336 End=3229649562788 Duration=126452
Task=88 Chunk=1 Start=3229649562801 End=3229649602573 Duration=39772
Task=88 Chunk=2 Start=3229649602586 End=3229649687593 Duration=85007
Task=89 Chunk=0 Start=3229649562804 End=3229649685929 Duration=123125
Task=89 Chunk=1 Start=3229649685956 End=3229649726461 Duration=40505
Task=89 Chunk=2 Start=3229649726475 End=3229649811955 Duration=85480
Task=90 Chunk=0 Start=3229649685942 End=3229649802610 Duration=116668
Task=90 Chunk=1 Start=3229649802636 End=3229649842339 Duration=39703
Task=90 Chunk=2 Start=3229649842351 End=3229649927882 Duration=85531
Task=91 Chunk=0 Start=3229649802620 End=3229649922124 Duration=119504
Task=91 Chunk=1 Start=3229649922138 End=3229649962351 Duration=40213
Task=91 Chunk=2 Start=3229649962365 End=3229650048302 Duration=85937
Task=92 Chunk=0 Start=3229649922130 End=3229650041557 Duration=119427
Task=92 Chunk=1 Start=3229650041571 End=3229650081310 Duration=39739
Task=92 Chunk=2 Start=3229650081328 End=3229650166767 Duration=85439
Task=93 Chunk=0 Start=3229650041563 End=3229650168741 Duration=127178
Task=93 Chunk=1 Start=3229650168760 End=3229650209424 Duration=40664
Task=93 Chunk=2 Start=3229650209438 End=3229650294659 Duration=85221
Task=94 Chunk=0 Start=3229650168746 End=3229650328769 Duration=160023
Task=94 Chunk=1 Start=3229650328791 End=3229650368554 Duration=39763
Task=94 Chunk=2 Start=3229650368569 End=3229650453803 Duration=85234
Task=95 Chunk=0 Start=3229650328775 End=3229650445983 Duration=117208
Task=95 Chunk=1 Start=3229650445997 End=3229650486587 Duration=40590
Task=95 Chunk=2 Start=3229650486600 End=3229650572283 Duration=85683
Task=96 Chunk=0 Start=3229650445993 End=3229650579589 Duration=133596
Task=96 Chunk=1 Start=3229650579613 End=3229650619421 Duration=39808
Task=96 Chunk=2 Start=3229650619436 End=3229650705690 Duration=86254
Task=97 Chunk=0 Start=3229650579602 End=3229650752905 Duration=173303
Task=97 Chunk=1 Start=3229650752915 End=3229650793620 Duration=40705
Task=97 Chunk=2 Start=3229650793639 End=3229650878967 Duration=85328
Task=98 Chunk=0 Start=3229650752918 End=3229650874143 Duration=121225
Task=98 Chunk=1 Start=3229650874173 End=3229650913947 Duration=39774
Task=98 Chunk=2 Start=3229650913953 End=3229650999921 Duration=85968
Task=99 Chunk=0 Start=3229650874156 End=3229650993814 Duration=119658
Task=99 Chunk=1 Start=3229650993832 End=3229651033914 Duration=40082
Task=99 Chunk=2 Start=3229651033927 End=3229651119601 Duration=85674
### Python End ###

--------------------------------
[2025-06-26 18:30:49.642] [info] Available Vulkan Layers:
[2025-06-26 18:30:49.642] [warning] Validation layer requested but not available, continuing without it...
[2025-06-26 18:30:49.646] [info] Using integrated GPU: Adreno (TM) 740
### Python Begin ###
Schedule_UID=SCH-M1G6L2-G423-4f8f
Frequency=19200000 Hz
Task=0 Chunk=0 Start=3229667972541 End=3229667997193 Duration=24652
Task=0 Chunk=1 Start=3229667997324 End=3229668413036 Duration=415712
Task=0 Chunk=2 Start=3229668413077 End=3229668425281 Duration=12204
Task=1 Chunk=0 Start=3229667997197 End=3229667997435 Duration=238
Task=1 Chunk=1 Start=3229668413046 End=3229668584196 Duration=171150
Task=1 Chunk=2 Start=3229668584201 End=3229668588181 Duration=3980
Task=2 Chunk=0 Start=3229667997438 End=3229667997501 Duration=63
Task=2 Chunk=1 Start=3229668584200 End=3229668775319 Duration=191119
Task=2 Chunk=2 Start=3229668775331 End=3229668776280 Duration=949
Task=3 Chunk=0 Start=3229667997501 End=3229667997553 Duration=52
Task=3 Chunk=1 Start=3229668775321 End=3229668932357 Duration=157036
Task=3 Chunk=2 Start=3229668932427 End=3229668933793 Duration=1366
Task=4 Chunk=0 Start=3229667997554 End=3229667997605 Duration=51
Task=4 Chunk=1 Start=3229668932360 End=3229669099604 Duration=167244
Task=4 Chunk=2 Start=3229669099661 End=3229669101119 Duration=1458
Task=5 Chunk=0 Start=3229667997605 End=3229667997656 Duration=51
Task=5 Chunk=1 Start=3229669099610 End=3229669259892 Duration=160282
Task=5 Chunk=2 Start=3229669259961 End=3229669261306 Duration=1345
Task=6 Chunk=0 Start=3229667997657 End=3229667997706 Duration=49
Task=6 Chunk=1 Start=3229669259895 End=3229669436756 Duration=176861
Task=6 Chunk=2 Start=3229669436858 End=3229669438225 Duration=1367
Task=7 Chunk=0 Start=3229667997707 End=3229667997756 Duration=49
Task=7 Chunk=1 Start=3229669436758 End=3229669609298 Duration=172540
Task=7 Chunk=2 Start=3229669609317 End=3229669610783 Duration=1466
Task=8 Chunk=0 Start=3229667997757 End=3229667997807 Duration=50
Task=8 Chunk=1 Start=3229669609303 End=3229669792617 Duration=183314
Task=8 Chunk=2 Start=3229669792676 End=3229669794018 Duration=1342
Task=9 Chunk=0 Start=3229667997808 End=3229667997860 Duration=52
Task=9 Chunk=1 Start=3229669792621 End=3229669968784 Duration=176163
Task=9 Chunk=2 Start=3229669968865 End=3229669970201 Duration=1336
Task=10 Chunk=0 Start=3229667997861 End=3229667997911 Duration=50
Task=10 Chunk=1 Start=3229669968787 End=3229670153525 Duration=184738
Task=10 Chunk=2 Start=3229670153547 End=3229670154927 Duration=1380
Task=11 Chunk=0 Start=3229667997912 End=3229667997963 Duration=51
Task=11 Chunk=1 Start=3229670153528 End=3229670326954 Duration=173426
Task=11 Chunk=2 Start=3229670326980 End=3229670328312 Duration=1332
Task=12 Chunk=0 Start=3229667997964 End=3229667998012 Duration=48
Task=12 Chunk=1 Start=3229670326957 End=3229670496588 Duration=169631
Task=12 Chunk=2 Start=3229670496635 End=3229670497949 Duration=1314
Task=13 Chunk=0 Start=3229667998013 End=3229667998063 Duration=50
Task=13 Chunk=1 Start=3229670496591 End=3229670667675 Duration=171084
Task=13 Chunk=2 Start=3229670667724 End=3229670669066 Duration=1342
Task=14 Chunk=0 Start=3229667998064 End=3229667998118 Duration=54
Task=14 Chunk=1 Start=3229670667680 End=3229670844055 Duration=176375
Task=14 Chunk=2 Start=3229670844115 End=3229670845494 Duration=1379
Task=15 Chunk=0 Start=3229668425303 End=3229668425459 Duration=156
Task=15 Chunk=1 Start=3229670844058 End=3229671020133 Duration=176075
Task=15 Chunk=2 Start=3229671020158 End=3229671021584 Duration=1426
Task=16 Chunk=0 Start=3229668588195 End=3229668588251 Duration=56
Task=16 Chunk=1 Start=3229671020137 End=3229671196401 Duration=176264
Task=16 Chunk=2 Start=3229671196455 End=3229671197823 Duration=1368
Task=17 Chunk=0 Start=3229668776288 End=3229668776351 Duration=63
Task=17 Chunk=1 Start=3229671196404 End=3229671364743 Duration=168339
Task=17 Chunk=2 Start=3229671364771 End=3229671366129 Duration=1358
Task=18 Chunk=0 Start=3229668933834 End=3229668933931 Duration=97
Task=18 Chunk=1 Start=3229671364746 End=3229671533409 Duration=168663
Task=18 Chunk=2 Start=3229671533447 End=3229671534341 Duration=894
Task=19 Chunk=0 Start=3229669101149 End=3229669101232 Duration=83
Task=19 Chunk=1 Start=3229671533411 End=3229671690611 Duration=157200
Task=19 Chunk=2 Start=3229671690638 End=3229671692002 Duration=1364
Task=20 Chunk=0 Start=3229669261335 End=3229669261430 Duration=95
Task=20 Chunk=1 Start=3229671690614 End=3229671850163 Duration=159549
Task=20 Chunk=2 Start=3229671850184 End=3229671851508 Duration=1324
Task=21 Chunk=0 Start=3229669438262 End=3229669438336 Duration=74
Task=21 Chunk=1 Start=3229671850167 End=3229672010802 Duration=160635
Task=21 Chunk=2 Start=3229672010847 End=3229672012162 Duration=1315
Task=22 Chunk=0 Start=3229669610811 End=3229669610886 Duration=75
Task=22 Chunk=1 Start=3229672010804 End=3229672169596 Duration=158792
Task=22 Chunk=2 Start=3229672169654 End=3229672171008 Duration=1354
Task=23 Chunk=0 Start=3229669794044 End=3229669794124 Duration=80
Task=23 Chunk=1 Start=3229672169599 End=3229672329980 Duration=160381
Task=23 Chunk=2 Start=3229672329995 End=3229672331350 Duration=1355
Task=24 Chunk=0 Start=3229669970224 End=3229669970302 Duration=78
Task=24 Chunk=1 Start=3229672329983 End=3229672489556 Duration=159573
Task=24 Chunk=2 Start=3229672489628 End=3229672490963 Duration=1335
Task=25 Chunk=0 Start=3229670154941 End=3229670155024 Duration=83
Task=25 Chunk=1 Start=3229672489559 End=3229672647896 Duration=158337
Task=25 Chunk=2 Start=3229672647972 End=3229672649302 Duration=1330
Task=26 Chunk=0 Start=3229670328326 End=3229670328431 Duration=105
Task=26 Chunk=1 Start=3229672647899 End=3229672807382 Duration=159483
Task=26 Chunk=2 Start=3229672807403 End=3229672808727 Duration=1324
Task=27 Chunk=0 Start=3229670497963 End=3229670498048 Duration=85
Task=27 Chunk=1 Start=3229672807385 End=3229672965858 Duration=158473
Task=27 Chunk=2 Start=3229672965923 End=3229672967253 Duration=1330
Task=28 Chunk=0 Start=3229670669086 End=3229670669183 Duration=97
Task=28 Chunk=1 Start=3229672965861 End=3229673123350 Duration=157489
Task=28 Chunk=2 Start=3229673123377 End=3229673124711 Duration=1334
Task=29 Chunk=0 Start=3229670845529 End=3229670845632 Duration=103
Task=29 Chunk=1 Start=3229673123353 End=3229673280368 Duration=157015
Task=29 Chunk=2 Start=3229673280441 End=3229673281795 Duration=1354
Task=30 Chunk=0 Start=3229671021611 End=3229671021686 Duration=75
Task=30 Chunk=1 Start=3229673280371 End=3229673438259 Duration=157888
Task=30 Chunk=2 Start=3229673438280 End=3229673439610 Duration=1330
Task=31 Chunk=0 Start=3229671197840 End=3229671197914 Duration=74
Task=31 Chunk=1 Start=3229673438262 End=3229673598270 Duration=160008
Task=31 Chunk=2 Start=3229673598311 End=3229673599670 Duration=1359
Task=32 Chunk=0 Start=3229671366149 End=3229671366228 Duration=79
Task=32 Chunk=1 Start=3229673598275 End=3229673762645 Duration=164370
Task=32 Chunk=2 Start=3229673762662 End=3229673763988 Duration=1326
Task=33 Chunk=0 Start=3229671534351 End=3229671534407 Duration=56
Task=33 Chunk=1 Start=3229673762648 End=3229673921675 Duration=159027
Task=33 Chunk=2 Start=3229673921717 End=3229673923283 Duration=1566
Task=34 Chunk=0 Start=3229671692029 End=3229671692109 Duration=80
Task=34 Chunk=1 Start=3229673921678 End=3229674080300 Duration=158622
Task=34 Chunk=2 Start=3229674080321 End=3229674081671 Duration=1350
Task=35 Chunk=0 Start=3229671851525 End=3229671851617 Duration=92
Task=35 Chunk=1 Start=3229674080303 End=3229674245343 Duration=165040
Task=35 Chunk=2 Start=3229674245415 End=3229674246732 Duration=1317
Task=36 Chunk=0 Start=3229672012198 End=3229672012278 Duration=80
Task=36 Chunk=1 Start=3229674245346 End=3229674403855 Duration=158509
Task=36 Chunk=2 Start=3229674403889 End=3229674405211 Duration=1322
Task=37 Chunk=0 Start=3229672171025 End=3229672171122 Duration=97
Task=37 Chunk=1 Start=3229674403859 End=3229674562456 Duration=158597
Task=37 Chunk=2 Start=3229674562516 End=3229674563842 Duration=1326
Task=38 Chunk=0 Start=3229672331372 End=3229672331450 Duration=78
Task=38 Chunk=1 Start=3229674562458 End=3229674720255 Duration=157797
Task=38 Chunk=2 Start=3229674720319 End=3229674721657 Duration=1338
Task=39 Chunk=0 Start=3229672490987 End=3229672491082 Duration=95
Task=39 Chunk=1 Start=3229674720258 End=3229674879598 Duration=159340
Task=39 Chunk=2 Start=3229674879620 End=3229674880963 Duration=1343
Task=40 Chunk=0 Start=3229672649331 End=3229672649401 Duration=70
Task=40 Chunk=1 Start=3229674879601 End=3229675037543 Duration=157942
Task=40 Chunk=2 Start=3229675037571 End=3229675038884 Duration=1313
Task=41 Chunk=0 Start=3229672808746 End=3229672808828 Duration=82
Task=41 Chunk=1 Start=3229675037546 End=3229675195764 Duration=158218
Task=41 Chunk=2 Start=3229675195826 End=3229675197170 Duration=1344
Task=42 Chunk=0 Start=3229672967267 End=3229672967335 Duration=68
Task=42 Chunk=1 Start=3229675195767 End=3229675353439 Duration=157672
Task=42 Chunk=2 Start=3229675353456 End=3229675354802 Duration=1346
Task=43 Chunk=0 Start=3229673124730 End=3229673124812 Duration=82
Task=43 Chunk=1 Start=3229675353442 End=3229675511414 Duration=157972
Task=43 Chunk=2 Start=3229675511429 End=3229675512765 Duration=1336
Task=44 Chunk=0 Start=3229673281814 End=3229673281887 Duration=73
Task=44 Chunk=1 Start=3229675511417 End=3229675668974 Duration=157557
Task=44 Chunk=2 Start=3229675670676 End=3229675672032 Duration=1356
Task=45 Chunk=0 Start=3229673439634 End=3229673439706 Duration=72
Task=45 Chunk=1 Start=3229675670329 End=3229675834149 Duration=163820
Task=45 Chunk=2 Start=3229675834230 End=3229675835577 Duration=1347
Task=46 Chunk=0 Start=3229673599685 End=3229673599763 Duration=78
Task=46 Chunk=1 Start=3229675834152 End=3229675991565 Duration=157413
Task=46 Chunk=2 Start=3229675991636 End=3229675992978 Duration=1342
Task=47 Chunk=0 Start=3229673764002 End=3229673764075 Duration=73
Task=47 Chunk=1 Start=3229675991568 End=3229676149392 Duration=157824
Task=47 Chunk=2 Start=3229676149402 End=3229676150736 Duration=1334
Task=48 Chunk=0 Start=3229673923312 End=3229673923383 Duration=71
Task=48 Chunk=1 Start=3229676149395 End=3229676307094 Duration=157699
Task=48 Chunk=2 Start=3229676307159 End=3229676308472 Duration=1313
Task=49 Chunk=0 Start=3229674081684 End=3229674081755 Duration=71
Task=49 Chunk=1 Start=3229676307097 End=3229676471688 Duration=164591
Task=49 Chunk=2 Start=3229676471704 End=3229676473055 Duration=1351
Task=50 Chunk=0 Start=3229674246755 End=3229674246847 Duration=92
Task=50 Chunk=1 Start=3229676471691 End=3229676629297 Duration=157606
Task=50 Chunk=2 Start=3229676629386 End=3229676630708 Duration=1322
Task=51 Chunk=0 Start=3229674405240 End=3229674405311 Duration=71
Task=51 Chunk=1 Start=3229676629300 End=3229676786687 Duration=157387
Task=51 Chunk=2 Start=3229676786741 End=3229676788088 Duration=1347
Task=52 Chunk=0 Start=3229674563855 End=3229674563922 Duration=67
Task=52 Chunk=1 Start=3229676786689 End=3229676944536 Duration=157847
Task=52 Chunk=2 Start=3229676944570 End=3229676945906 Duration=1336
Task=53 Chunk=0 Start=3229674721671 End=3229674721751 Duration=80
Task=53 Chunk=1 Start=3229676944539 End=3229677104067 Duration=159528
Task=53 Chunk=2 Start=3229677104099 End=3229677105517 Duration=1418
Task=54 Chunk=0 Start=3229674880992 End=3229674881064 Duration=72
Task=54 Chunk=1 Start=3229677104070 End=3229677281537 Duration=177467
Task=54 Chunk=2 Start=3229677281622 End=3229677284556 Duration=2934
Task=55 Chunk=0 Start=3229675038901 End=3229675038978 Duration=77
Task=55 Chunk=1 Start=3229677281540 End=3229677449202 Duration=167662
Task=55 Chunk=2 Start=3229677449230 End=3229677450579 Duration=1349
Task=56 Chunk=0 Start=3229675197716 End=3229675197800 Duration=84
Task=56 Chunk=1 Start=3229677449205 End=3229677608077 Duration=158872
Task=56 Chunk=2 Start=3229677608113 End=3229677609442 Duration=1329
Task=57 Chunk=0 Start=3229675354815 End=3229675354902 Duration=87
Task=57 Chunk=1 Start=3229677608080 End=3229677774872 Duration=166792
Task=57 Chunk=2 Start=3229677774911 End=3229677776239 Duration=1328
Task=58 Chunk=0 Start=3229675512794 End=3229675512871 Duration=77
Task=58 Chunk=1 Start=3229677774875 End=3229677934388 Duration=159513
Task=58 Chunk=2 Start=3229677934434 End=3229677935763 Duration=1329
Task=59 Chunk=0 Start=3229675672053 End=3229675672135 Duration=82
Task=59 Chunk=1 Start=3229677934391 End=3229678092445 Duration=158054
Task=59 Chunk=2 Start=3229678092516 End=3229678093862 Duration=1346
Task=60 Chunk=0 Start=3229675835595 End=3229675835667 Duration=72
Task=60 Chunk=1 Start=3229678092448 End=3229678251505 Duration=159057
Task=60 Chunk=2 Start=3229678251579 End=3229678252939 Duration=1360
Task=61 Chunk=0 Start=3229675993003 End=3229675993073 Duration=70
Task=61 Chunk=1 Start=3229678251507 End=3229678411299 Duration=159792
Task=61 Chunk=2 Start=3229678411345 End=3229678412649 Duration=1304
Task=62 Chunk=0 Start=3229676150756 End=3229676150832 Duration=76
Task=62 Chunk=1 Start=3229678411302 End=3229678569421 Duration=158119
Task=62 Chunk=2 Start=3229678569443 End=3229678570764 Duration=1321
Task=63 Chunk=0 Start=3229676308485 End=3229676308553 Duration=68
Task=63 Chunk=1 Start=3229678569425 End=3229678728471 Duration=159046
Task=63 Chunk=2 Start=3229678728532 End=3229678729949 Duration=1417
Task=64 Chunk=0 Start=3229676473083 End=3229676473159 Duration=76
Task=64 Chunk=1 Start=3229678728474 End=3229678887406 Duration=158932
Task=64 Chunk=2 Start=3229678887478 End=3229678888842 Duration=1364
Task=65 Chunk=0 Start=3229676630720 End=3229676630802 Duration=82
Task=65 Chunk=1 Start=3229678887408 End=3229679046164 Duration=158756
Task=65 Chunk=2 Start=3229679046200 End=3229679047527 Duration=1327
Task=66 Chunk=0 Start=3229676788107 End=3229676788177 Duration=70
Task=66 Chunk=1 Start=3229679046167 End=3229679206562 Duration=160395
Task=66 Chunk=2 Start=3229679206581 End=3229679208004 Duration=1423
Task=67 Chunk=0 Start=3229676945931 End=3229676945996 Duration=65
Task=67 Chunk=1 Start=3229679206565 End=3229679369040 Duration=162475
Task=67 Chunk=2 Start=3229679369090 End=3229679370520 Duration=1430
Task=68 Chunk=0 Start=3229677105538 End=3229677105608 Duration=70
Task=68 Chunk=1 Start=3229679369043 End=3229679529212 Duration=160169
Task=68 Chunk=2 Start=3229679529251 End=3229679530745 Duration=1494
Task=69 Chunk=0 Start=3229677284577 End=3229677284654 Duration=77
Task=69 Chunk=1 Start=3229679529215 End=3229679687137 Duration=157922
Task=69 Chunk=2 Start=3229679687197 End=3229679688150 Duration=953
Task=70 Chunk=0 Start=3229677450594 End=3229677450683 Duration=89
Task=70 Chunk=1 Start=3229679687139 End=3229679840731 Duration=153592
Task=70 Chunk=2 Start=3229679840764 End=3229679841753 Duration=989
Task=71 Chunk=0 Start=3229677609470 End=3229677609542 Duration=72
Task=71 Chunk=1 Start=3229679840732 End=3229679993253 Duration=152521
Task=71 Chunk=2 Start=3229679993316 End=3229679994798 Duration=1482
Task=72 Chunk=0 Start=3229677776261 End=3229677776338 Duration=77
Task=72 Chunk=1 Start=3229679993258 End=3229680158112 Duration=164854
Task=72 Chunk=2 Start=3229680158177 End=3229680159140 Duration=963
Task=73 Chunk=0 Start=3229677935783 End=3229677935861 Duration=78
Task=73 Chunk=1 Start=3229680158114 End=3229680311911 Duration=153797
Task=73 Chunk=2 Start=3229680311967 End=3229680313304 Duration=1337
Task=74 Chunk=0 Start=3229678093890 End=3229678093964 Duration=74
Task=74 Chunk=1 Start=3229680311913 End=3229680479009 Duration=167096
Task=74 Chunk=2 Start=3229680479088 End=3229680480443 Duration=1355
Task=75 Chunk=0 Start=3229678252951 End=3229678253030 Duration=79
Task=75 Chunk=1 Start=3229680479012 End=3229680644204 Duration=165192
Task=75 Chunk=2 Start=3229680644254 End=3229680645606 Duration=1352
Task=76 Chunk=0 Start=3229678412680 End=3229678412757 Duration=77
Task=76 Chunk=1 Start=3229680644207 End=3229680802746 Duration=158539
Task=76 Chunk=2 Start=3229680802778 End=3229680804116 Duration=1338
Task=77 Chunk=0 Start=3229678570792 End=3229678570876 Duration=84
Task=77 Chunk=1 Start=3229680802749 End=3229680960545 Duration=157796
Task=77 Chunk=2 Start=3229680960591 End=3229680961921 Duration=1330
Task=78 Chunk=0 Start=3229678730357 End=3229678730661 Duration=304
Task=78 Chunk=1 Start=3229680960548 End=3229681118631 Duration=158083
Task=78 Chunk=2 Start=3229681118702 End=3229681120038 Duration=1336
Task=79 Chunk=0 Start=3229678888867 End=3229678888954 Duration=87
Task=79 Chunk=1 Start=3229681118634 End=3229681278417 Duration=159783
Task=79 Chunk=2 Start=3229681278435 End=3229681280138 Duration=1703
Task=80 Chunk=0 Start=3229679047551 End=3229679047626 Duration=75
Task=80 Chunk=1 Start=3229681278420 End=3229681463275 Duration=184855
Task=80 Chunk=2 Start=3229681463489 End=3229681465015 Duration=1526
Task=81 Chunk=0 Start=3229679208018 End=3229679208108 Duration=90
Task=81 Chunk=1 Start=3229681463278 End=3229681625159 Duration=161881
Task=81 Chunk=2 Start=3229681625204 End=3229681626170 Duration=966
Task=82 Chunk=0 Start=3229679370535 End=3229679370615 Duration=80
Task=82 Chunk=1 Start=3229681625161 End=3229681777568 Duration=152407
Task=82 Chunk=2 Start=3229681777621 End=3229681778553 Duration=932
Task=83 Chunk=0 Start=3229679530757 End=3229679530831 Duration=74
Task=83 Chunk=1 Start=3229681777570 End=3229681935421 Duration=157851
Task=83 Chunk=2 Start=3229681935449 End=3229681936775 Duration=1326
Task=84 Chunk=0 Start=3229679688168 End=3229679688211 Duration=43
Task=84 Chunk=1 Start=3229681935424 End=3229682087473 Duration=152049
Task=84 Chunk=2 Start=3229682087512 End=3229682088391 Duration=879
Task=85 Chunk=0 Start=3229679841765 End=3229679841810 Duration=45
Task=85 Chunk=1 Start=3229682087474 End=3229682238308 Duration=150834
Task=85 Chunk=2 Start=3229682238370 End=3229682239249 Duration=879
Task=86 Chunk=0 Start=3229679994825 End=3229679994899 Duration=74
Task=86 Chunk=1 Start=3229682238310 End=3229682393910 Duration=155600
Task=86 Chunk=2 Start=3229682393976 End=3229682395237 Duration=1261
Task=87 Chunk=0 Start=3229680159145 End=3229680159203 Duration=58
Task=87 Chunk=1 Start=3229682393916 End=3229682547996 Duration=154080
Task=87 Chunk=2 Start=3229682548087 End=3229682549354 Duration=1267
Task=88 Chunk=0 Start=3229680313320 End=3229680313394 Duration=74
Task=88 Chunk=1 Start=3229682547999 End=3229682702615 Duration=154616
Task=88 Chunk=2 Start=3229682702700 End=3229682703971 Duration=1271
Task=89 Chunk=0 Start=3229680480455 End=3229680480529 Duration=74
Task=89 Chunk=1 Start=3229682702617 End=3229682857491 Duration=154874
Task=89 Chunk=2 Start=3229682857508 End=3229682858802 Duration=1294
Task=90 Chunk=0 Start=3229680645633 End=3229680645716 Duration=83
Task=90 Chunk=1 Start=3229682857495 End=3229683012297 Duration=154802
Task=90 Chunk=2 Start=3229683012361 End=3229683013622 Duration=1261
Task=91 Chunk=0 Start=3229680804134 End=3229680804202 Duration=68
Task=91 Chunk=1 Start=3229683012300 End=3229683169690 Duration=157390
Task=91 Chunk=2 Start=3229683169727 End=3229683170984 Duration=1257
Task=92 Chunk=0 Start=3229680961935 End=3229680962003 Duration=68
Task=92 Chunk=1 Start=3229683169691 End=3229683337848 Duration=168157
Task=92 Chunk=2 Start=3229683338452 End=3229683340833 Duration=2381
Task=93 Chunk=0 Start=3229681120068 End=3229681120140 Duration=72
Task=93 Chunk=1 Start=3229683337851 End=3229683496480 Duration=158629
Task=93 Chunk=2 Start=3229683496541 End=3229683506611 Duration=10070
Task=94 Chunk=0 Start=3229681280158 End=3229681280238 Duration=80
Task=94 Chunk=1 Start=3229683496484 End=3229683651571 Duration=155087
Task=94 Chunk=2 Start=3229683652724 End=3229683653640 Duration=916
Task=95 Chunk=0 Start=3229681465035 End=3229681465114 Duration=79
Task=95 Chunk=1 Start=3229683651574 End=3229683803530 Duration=151956
Task=95 Chunk=2 Start=3229683803586 End=3229683804464 Duration=878
Task=96 Chunk=0 Start=3229681626185 End=3229681626232 Duration=47
Task=96 Chunk=1 Start=3229683803531 End=3229683961141 Duration=157610
Task=96 Chunk=2 Start=3229683961222 End=3229683962490 Duration=1268
Task=97 Chunk=0 Start=3229681778564 End=3229681778607 Duration=43
Task=97 Chunk=1 Start=3229683961145 End=3229684127860 Duration=166715
Task=97 Chunk=2 Start=3229684127896 End=3229684129223 Duration=1327
Task=98 Chunk=0 Start=3229681936793 End=3229681936883 Duration=90
Task=98 Chunk=1 Start=3229684127863 End=3229684284956 Duration=157093
Task=98 Chunk=2 Start=3229684285002 End=3229684286229 Duration=1227
Task=99 Chunk=0 Start=3229682088403 End=3229682088452 Duration=49
Task=99 Chunk=1 Start=3229684284959 End=3229684443118 Duration=158159
Task=99 Chunk=2 Start=3229684443162 End=3229684444366 Duration=1204
### Python End ###

--------------------------------
[2025-06-26 18:30:51.377] [info] Available Vulkan Layers:
[2025-06-26 18:30:51.377] [warning] Validation layer requested but not available, continuing without it...
[2025-06-26 18:30:51.381] [info] Using integrated GPU: Adreno (TM) 740
### Python Begin ###
Schedule_UID=SCH-G3B6-G425-55dd
Frequency=19200000 Hz
Task=0 Chunk=0 Start=3229701284129 End=3229701614988 Duration=330859
Task=0 Chunk=1 Start=3229701615004 End=3229702089159 Duration=474155
Task=1 Chunk=0 Start=3229701614991 End=3229701725332 Duration=110341
Task=1 Chunk=1 Start=3229702089160 End=3229702378262 Duration=289102
Task=2 Chunk=0 Start=3229701725335 End=3229701853125 Duration=127790
Task=2 Chunk=1 Start=3229702378274 End=3229702667392 Duration=289118
Task=3 Chunk=0 Start=3229701853136 End=3229701994683 Duration=141547
Task=3 Chunk=1 Start=3229702667393 End=3229702958676 Duration=291283
Task=4 Chunk=0 Start=3229701994690 End=3229702111788 Duration=117098
Task=4 Chunk=1 Start=3229702958678 End=3229703248655 Duration=289977
Task=5 Chunk=0 Start=3229702111800 End=3229702230388 Duration=118588
Task=5 Chunk=1 Start=3229703248665 End=3229703538502 Duration=289837
Task=6 Chunk=0 Start=3229702230396 End=3229702352881 Duration=122485
Task=6 Chunk=1 Start=3229703538503 End=3229703826374 Duration=287871
Task=7 Chunk=0 Start=3229702352890 End=3229702479148 Duration=126258
Task=7 Chunk=1 Start=3229703826374 End=3229704115084 Duration=288710
Task=8 Chunk=0 Start=3229702479156 End=3229702594927 Duration=115771
Task=8 Chunk=1 Start=3229704115093 End=3229704404250 Duration=289157
Task=9 Chunk=0 Start=3229702594931 End=3229702719651 Duration=124720
Task=9 Chunk=1 Start=3229704404251 End=3229704691418 Duration=287167
Task=10 Chunk=0 Start=3229702719657 End=3229702839002 Duration=119345
Task=10 Chunk=1 Start=3229704691418 End=3229704979495 Duration=288077
Task=11 Chunk=0 Start=3229702839026 End=3229702962359 Duration=123333
Task=11 Chunk=1 Start=3229704979496 End=3229705268976 Duration=289480
Task=12 Chunk=0 Start=3229702962363 End=3229703082847 Duration=120484
Task=12 Chunk=1 Start=3229705268980 End=3229705557911 Duration=288931
Task=13 Chunk=0 Start=3229703082858 End=3229703204904 Duration=122046
Task=13 Chunk=1 Start=3229705557912 End=3229705845949 Duration=288037
Task=14 Chunk=0 Start=3229703204918 End=3229703326937 Duration=122019
Task=14 Chunk=1 Start=3229705845950 End=3229706135839 Duration=289889
Task=15 Chunk=0 Start=3229703326944 End=3229703453333 Duration=126389
Task=15 Chunk=1 Start=3229706135839 End=3229706440692 Duration=304853
Task=16 Chunk=0 Start=3229703453344 End=3229703569041 Duration=115697
Task=16 Chunk=1 Start=3229706440696 End=3229706709615 Duration=268919
Task=17 Chunk=0 Start=3229703569049 End=3229703706423 Duration=137374
Task=17 Chunk=1 Start=3229706709618 End=3229706996164 Duration=286546
Task=18 Chunk=0 Start=3229703706436 End=3229703823015 Duration=116579
Task=18 Chunk=1 Start=3229706996166 End=3229707283988 Duration=287822
Task=19 Chunk=0 Start=3229703823018 End=3229703942481 Duration=119463
Task=19 Chunk=1 Start=3229707283989 End=3229707571708 Duration=287719
Task=20 Chunk=0 Start=3229703942488 End=3229704064522 Duration=122034
Task=20 Chunk=1 Start=3229707571711 End=3229707860733 Duration=289022
Task=21 Chunk=0 Start=3229704064530 End=3229704179354 Duration=114824
Task=21 Chunk=1 Start=3229707860734 End=3229708147582 Duration=286848
Task=22 Chunk=0 Start=3229704179367 End=3229704305392 Duration=126025
Task=22 Chunk=1 Start=3229708147582 End=3229708434992 Duration=287410
Task=23 Chunk=0 Start=3229704404411 End=3229704527451 Duration=123040
Task=23 Chunk=1 Start=3229708434993 End=3229708722468 Duration=287475
Task=24 Chunk=0 Start=3229704691960 End=3229704808635 Duration=116675
Task=24 Chunk=1 Start=3229708722469 End=3229709004320 Duration=281851
Task=25 Chunk=0 Start=3229704979614 End=3229705094748 Duration=115134
Task=25 Chunk=1 Start=3229709004323 End=3229709293367 Duration=289044
Task=26 Chunk=0 Start=3229705269121 End=3229705388530 Duration=119409
Task=26 Chunk=1 Start=3229709293368 End=3229709583043 Duration=289675
Task=27 Chunk=0 Start=3229705558062 End=3229705679017 Duration=120955
Task=27 Chunk=1 Start=3229709583045 End=3229709871863 Duration=288818
Task=28 Chunk=0 Start=3229705845985 End=3229705969351 Duration=123366
Task=28 Chunk=1 Start=3229709871864 End=3229710160080 Duration=288216
Task=29 Chunk=0 Start=3229706135931 End=3229706254293 Duration=118362
Task=29 Chunk=1 Start=3229710160088 End=3229710448290 Duration=288202
Task=30 Chunk=0 Start=3229706440722 End=3229706558452 Duration=117730
Task=30 Chunk=1 Start=3229710448299 End=3229710738692 Duration=290393
Task=31 Chunk=0 Start=3229706709631 End=3229706828139 Duration=118508
Task=31 Chunk=1 Start=3229710738692 End=3229711027883 Duration=289191
Task=32 Chunk=0 Start=3229706996215 End=3229707110248 Duration=114033
Task=32 Chunk=1 Start=3229711027883 End=3229711315206 Duration=287323
Task=33 Chunk=0 Start=3229707284106 End=3229707398447 Duration=114341
Task=33 Chunk=1 Start=3229711315207 End=3229711601236 Duration=286029
Task=34 Chunk=0 Start=3229707571840 End=3229707687142 Duration=115302
Task=34 Chunk=1 Start=3229711601241 End=3229711890285 Duration=289044
Task=35 Chunk=0 Start=3229707860771 End=3229707981972 Duration=121201
Task=35 Chunk=1 Start=3229711890288 End=3229712179023 Duration=288735
Task=36 Chunk=0 Start=3229708147703 End=3229708269914 Duration=122211
Task=36 Chunk=1 Start=3229712179026 End=3229712467000 Duration=287974
Task=37 Chunk=0 Start=3229708435053 End=3229708554860 Duration=119807
Task=37 Chunk=1 Start=3229712467004 End=3229712754588 Duration=287584
Task=38 Chunk=0 Start=3229708722520 End=3229708843949 Duration=121429
Task=38 Chunk=1 Start=3229712754589 End=3229713043686 Duration=289097
Task=39 Chunk=0 Start=3229709004387 End=3229709120286 Duration=115899
Task=39 Chunk=1 Start=3229713043688 End=3229713332918 Duration=289230
Task=40 Chunk=0 Start=3229709293423 End=3229709406495 Duration=113072
Task=40 Chunk=1 Start=3229713332920 End=3229713622262 Duration=289342
Task=41 Chunk=0 Start=3229709583190 End=3229709700830 Duration=117640
Task=41 Chunk=1 Start=3229713622262 End=3229713910182 Duration=287920
Task=42 Chunk=0 Start=3229709871966 End=3229709988915 Duration=116949
Task=42 Chunk=1 Start=3229713910183 End=3229714198729 Duration=288546
Task=43 Chunk=0 Start=3229710160250 End=3229710278432 Duration=118182
Task=43 Chunk=1 Start=3229714198736 End=3229714489516 Duration=290780
Task=44 Chunk=0 Start=3229710448444 End=3229710567758 Duration=119314
Task=44 Chunk=1 Start=3229714489521 End=3229714779666 Duration=290145
Task=45 Chunk=0 Start=3229710738725 End=3229710857198 Duration=118473
Task=45 Chunk=1 Start=3229714779667 End=3229715068587 Duration=288920
Task=46 Chunk=0 Start=3229711027916 End=3229711145158 Duration=117242
Task=46 Chunk=1 Start=3229715068588 End=3229715357149 Duration=288561
Task=47 Chunk=0 Start=3229711315301 End=3229711429337 Duration=114036
Task=47 Chunk=1 Start=3229715357150 End=3229715645628 Duration=288478
Task=48 Chunk=0 Start=3229711601414 End=3229711714354 Duration=112940
Task=48 Chunk=1 Start=3229715645629 End=3229715936628 Duration=290999
Task=49 Chunk=0 Start=3229711890409 End=3229712004254 Duration=113845
Task=49 Chunk=1 Start=3229715936629 End=3229716232521 Duration=295892
Task=50 Chunk=0 Start=3229712179119 End=3229712295843 Duration=116724
Task=50 Chunk=1 Start=3229716232522 End=3229716521449 Duration=288927
Task=51 Chunk=0 Start=3229712467133 End=3229712586858 Duration=119725
Task=51 Chunk=1 Start=3229716521451 End=3229716813531 Duration=292080
Task=52 Chunk=0 Start=3229712754649 End=3229712878205 Duration=123556
Task=52 Chunk=1 Start=3229716813532 End=3229717103931 Duration=290399
Task=53 Chunk=0 Start=3229713043817 End=3229713163898 Duration=120081
Task=53 Chunk=1 Start=3229717103931 End=3229717394758 Duration=290827
Task=54 Chunk=0 Start=3229713333044 End=3229713450829 Duration=117785
Task=54 Chunk=1 Start=3229717394759 End=3229717684386 Duration=289627
Task=55 Chunk=0 Start=3229713622303 End=3229713738617 Duration=116314
Task=55 Chunk=1 Start=3229717684386 End=3229717971986 Duration=287600
Task=56 Chunk=0 Start=3229713910277 End=3229714024273 Duration=113996
Task=56 Chunk=1 Start=3229717971993 End=3229718264720 Duration=292727
Task=57 Chunk=0 Start=3229714198809 End=3229714313619 Duration=114810
Task=57 Chunk=1 Start=3229718264721 End=3229718554503 Duration=289782
Task=58 Chunk=0 Start=3229714489561 End=3229714607541 Duration=117980
Task=58 Chunk=1 Start=3229718554504 End=3229718842503 Duration=287999
Task=59 Chunk=0 Start=3229714779686 End=3229714898668 Duration=118982
Task=59 Chunk=1 Start=3229718842503 End=3229719130004 Duration=287501
Task=60 Chunk=0 Start=3229715068665 End=3229715187813 Duration=119148
Task=60 Chunk=1 Start=3229719130005 End=3229719417983 Duration=287978
Task=61 Chunk=0 Start=3229715357242 End=3229715476717 Duration=119475
Task=61 Chunk=1 Start=3229719417984 End=3229719708202 Duration=290218
Task=62 Chunk=0 Start=3229715645688 End=3229715763866 Duration=118178
Task=62 Chunk=1 Start=3229719708203 End=3229719997807 Duration=289604
Task=63 Chunk=0 Start=3229715936730 End=3229716056787 Duration=120057
Task=63 Chunk=1 Start=3229719997817 End=3229720285139 Duration=287322
Task=64 Chunk=0 Start=3229716232614 End=3229716346305 Duration=113691
Task=64 Chunk=1 Start=3229720285141 End=3229720575643 Duration=290502
Task=65 Chunk=0 Start=3229716521467 End=3229716636371 Duration=114904
Task=65 Chunk=1 Start=3229720575644 End=3229720865364 Duration=289720
Task=66 Chunk=0 Start=3229716813587 End=3229716928226 Duration=114639
Task=66 Chunk=1 Start=3229720865364 End=3229721156147 Duration=290783
Task=67 Chunk=0 Start=3229717104083 End=3229717223510 Duration=119427
Task=67 Chunk=1 Start=3229721156147 End=3229721445409 Duration=289262
Task=68 Chunk=0 Start=3229717394797 End=3229717515323 Duration=120526
Task=68 Chunk=1 Start=3229721445409 End=3229721732496 Duration=287087
Task=69 Chunk=0 Start=3229717684461 End=3229717807385 Duration=122924
Task=69 Chunk=1 Start=3229721732497 End=3229722022641 Duration=290144
Task=70 Chunk=0 Start=3229717972123 End=3229718091051 Duration=118928
Task=70 Chunk=1 Start=3229722022650 End=3229722312646 Duration=289996
Task=71 Chunk=0 Start=3229718264766 End=3229718379549 Duration=114783
Task=71 Chunk=1 Start=3229722312647 End=3229722603764 Duration=291117
Task=72 Chunk=0 Start=3229718554554 End=3229718666675 Duration=112121
Task=72 Chunk=1 Start=3229722603765 End=3229722894567 Duration=290802
Task=73 Chunk=0 Start=3229718842619 End=3229718954001 Duration=111382
Task=73 Chunk=1 Start=3229722894568 End=3229723184991 Duration=290423
Task=74 Chunk=0 Start=3229719130062 End=3229719241720 Duration=111658
Task=74 Chunk=1 Start=3229723185004 End=3229723474020 Duration=289016
Task=75 Chunk=0 Start=3229719418001 End=3229719532911 Duration=114910
Task=75 Chunk=1 Start=3229723474020 End=3229723763038 Duration=289018
Task=76 Chunk=0 Start=3229719708322 End=3229719825848 Duration=117526
Task=76 Chunk=1 Start=3229723763039 End=3229724049587 Duration=286548
Task=77 Chunk=0 Start=3229719997860 End=3229720119235 Duration=121375
Task=77 Chunk=1 Start=3229724049588 End=3229724339280 Duration=289692
Task=78 Chunk=0 Start=3229720285159 End=3229720401661 Duration=116502
Task=78 Chunk=1 Start=3229724339281 End=3229724627952 Duration=288671
Task=79 Chunk=0 Start=3229720575800 End=3229720692776 Duration=116976
Task=79 Chunk=1 Start=3229724627953 End=3229724918043 Duration=290090
Task=80 Chunk=0 Start=3229720865458 End=3229720987027 Duration=121569
Task=80 Chunk=1 Start=3229724918044 End=3229725207221 Duration=289177
Task=81 Chunk=0 Start=3229721156280 End=3229721274096 Duration=117816
Task=81 Chunk=1 Start=3229725207223 End=3229725497095 Duration=289872
Task=82 Chunk=0 Start=3229721445476 End=3229721561111 Duration=115635
Task=82 Chunk=1 Start=3229725497099 End=3229725787240 Duration=290141
Task=83 Chunk=0 Start=3229721732612 End=3229721845334 Duration=112722
Task=83 Chunk=1 Start=3229725787241 End=3229726076971 Duration=289730
Task=84 Chunk=0 Start=3229722022700 End=3229722140194 Duration=117494
Task=84 Chunk=1 Start=3229726076971 End=3229726365631 Duration=288660
Task=85 Chunk=0 Start=3229722312744 End=3229722431735 Duration=118991
Task=85 Chunk=1 Start=3229726365632 End=3229726654460 Duration=288828
Task=86 Chunk=0 Start=3229722603785 End=3229722724154 Duration=120369
Task=86 Chunk=1 Start=3229726654465 End=3229726943739 Duration=289274
Task=87 Chunk=0 Start=3229722894693 End=3229723012322 Duration=117629
Task=87 Chunk=1 Start=3229726943740 End=3229727236170 Duration=292430
Task=88 Chunk=0 Start=3229723185105 End=3229723304990 Duration=119885
Task=88 Chunk=1 Start=3229727236171 End=3229727525742 Duration=289571
Task=89 Chunk=0 Start=3229723474092 End=3229723591486 Duration=117394
Task=89 Chunk=1 Start=3229727525745 End=3229727814731 Duration=288986
Task=90 Chunk=0 Start=3229723763114 End=3229723880349 Duration=117235
Task=90 Chunk=1 Start=3229727814733 End=3229728103305 Duration=288572
Task=91 Chunk=0 Start=3229724049656 End=3229724164157 Duration=114501
Task=91 Chunk=1 Start=3229728103306 End=3229728394399 Duration=291093
Task=92 Chunk=0 Start=3229724339417 End=3229724453097 Duration=113680
Task=92 Chunk=1 Start=3229728394400 End=3229728683709 Duration=289309
Task=93 Chunk=0 Start=3229724628057 End=3229724743493 Duration=115436
Task=93 Chunk=1 Start=3229728683710 End=3229728971675 Duration=287965
Task=94 Chunk=0 Start=3229724918197 End=3229725039665 Duration=121468
Task=94 Chunk=1 Start=3229728971676 End=3229729261272 Duration=289596
Task=95 Chunk=0 Start=3229725207250 End=3229725325555 Duration=118305
Task=95 Chunk=1 Start=3229729261275 End=3229729551464 Duration=290189
Task=96 Chunk=0 Start=3229725497228 End=3229725616155 Duration=118927
Task=96 Chunk=1 Start=3229729551465 End=3229729839401 Duration=287936
Task=97 Chunk=0 Start=3229725787322 End=3229725905818 Duration=118496
Task=97 Chunk=1 Start=3229729839401 End=3229730127657 Duration=288256
Task=98 Chunk=0 Start=3229726077016 End=3229726193827 Duration=116811
Task=98 Chunk=1 Start=3229730127657 End=3229730414060 Duration=286403
Task=99 Chunk=0 Start=3229726365741 End=3229726481081 Duration=115340
Task=99 Chunk=1 Start=3229730414062 End=3229730702278 Duration=288216
### Python End ###

--------------------------------
[2025-06-26 18:30:53.791] [info] Available Vulkan Layers:
[2025-06-26 18:30:53.791] [warning] Validation layer requested but not available, continuing without it...
[2025-06-26 18:30:53.794] [info] Using integrated GPU: Adreno (TM) 740
### Python Begin ###
Schedule_UID=SCH-M1G3B3L2-G437-9909
Frequency=19200000 Hz
Task=0 Chunk=0 Start=3229747540607 End=3229747645629 Duration=105022
Task=0 Chunk=1 Start=3229747645797 End=3229747939051 Duration=293254
Task=0 Chunk=2 Start=3229747939055 End=3229748068081 Duration=129026
Task=0 Chunk=3 Start=3229748068099 End=3229748077313 Duration=9214
Task=1 Chunk=0 Start=3229747645632 End=3229747663841 Duration=18209
Task=1 Chunk=1 Start=3229747939053 End=3229748032205 Duration=93152
Task=1 Chunk=2 Start=3229748068082 End=3229748133472 Duration=65390
Task=1 Chunk=3 Start=3229748133510 End=3229748134674 Duration=1164
Task=2 Chunk=0 Start=3229747663843 End=3229747663972 Duration=129
Task=2 Chunk=1 Start=3229748032212 End=3229748113645 Duration=81433
Task=2 Chunk=2 Start=3229748133473 End=3229748192581 Duration=59108
Task=2 Chunk=3 Start=3229748192658 End=3229748193842 Duration=1184
Task=3 Chunk=0 Start=3229747663973 End=3229747664072 Duration=99
Task=3 Chunk=1 Start=3229748113648 End=3229748197837 Duration=84189
Task=3 Chunk=2 Start=3229748197849 End=3229748255738 Duration=57889
Task=3 Chunk=3 Start=3229748255801 End=3229748257018 Duration=1217
Task=4 Chunk=0 Start=3229747664073 End=3229747664164 Duration=91
Task=4 Chunk=1 Start=3229748197843 End=3229748281436 Duration=83593
Task=4 Chunk=2 Start=3229748281444 End=3229748339921 Duration=58477
Task=4 Chunk=3 Start=3229748339978 End=3229748341177 Duration=1199
Task=5 Chunk=0 Start=3229747664166 End=3229747664263 Duration=97
Task=5 Chunk=1 Start=3229748281441 End=3229748359748 Duration=78307
Task=5 Chunk=2 Start=3229748359761 End=3229748417732 Duration=57971
Task=5 Chunk=3 Start=3229748421917 End=3229748423137 Duration=1220
Task=6 Chunk=0 Start=3229747664264 End=3229747664358 Duration=94
Task=6 Chunk=1 Start=3229748359753 End=3229748437494 Duration=77741
Task=6 Chunk=2 Start=3229748437507 End=3229748495899 Duration=58392
Task=6 Chunk=3 Start=3229748495957 End=3229748497083 Duration=1126
Task=7 Chunk=0 Start=3229747664359 End=3229747664453 Duration=94
Task=7 Chunk=1 Start=3229748437498 End=3229748521188 Duration=83690
Task=7 Chunk=2 Start=3229748521197 End=3229748579375 Duration=58178
Task=7 Chunk=3 Start=3229748700966 End=3229748702293 Duration=1327
Task=8 Chunk=0 Start=3229747664454 End=3229747664546 Duration=92
Task=8 Chunk=1 Start=3229748521192 End=3229748604553 Duration=83361
Task=8 Chunk=2 Start=3229748604567 End=3229748662741 Duration=58174
Task=8 Chunk=3 Start=3229748702300 End=3229748703256 Duration=956
Task=9 Chunk=0 Start=3229747664547 End=3229747664636 Duration=89
Task=9 Chunk=1 Start=3229748604558 End=3229748682570 Duration=78012
Task=9 Chunk=2 Start=3229748682577 End=3229748740637 Duration=58060
Task=9 Chunk=3 Start=3229748740699 End=3229748741655 Duration=956
Task=10 Chunk=0 Start=3229747664637 End=3229747664728 Duration=91
Task=10 Chunk=1 Start=3229748682574 End=3229748760560 Duration=77986
Task=10 Chunk=2 Start=3229748760572 End=3229748818892 Duration=58320
Task=10 Chunk=3 Start=3229748828972 End=3229748830053 Duration=1081
Task=11 Chunk=0 Start=3229747664729 End=3229747664821 Duration=92
Task=11 Chunk=1 Start=3229748760563 End=3229748845723 Duration=85160
Task=11 Chunk=2 Start=3229748845728 End=3229748903511 Duration=57783
Task=11 Chunk=3 Start=3229748903560 End=3229748916080 Duration=12520
Task=12 Chunk=0 Start=3229747664822 End=3229747664913 Duration=91
Task=12 Chunk=1 Start=3229748845728 End=3229748923920 Duration=78192
Task=12 Chunk=2 Start=3229748923928 End=3229748982450 Duration=58522
Task=12 Chunk=3 Start=3229748982487 End=3229748983454 Duration=967
Task=13 Chunk=0 Start=3229747664915 End=3229747665007 Duration=92
Task=13 Chunk=1 Start=3229748923925 End=3229749002555 Duration=78630
Task=13 Chunk=2 Start=3229749002563 End=3229749061067 Duration=58504
Task=13 Chunk=3 Start=3229749419419 End=3229749532460 Duration=113041
Task=14 Chunk=0 Start=3229747665008 End=3229747665095 Duration=87
Task=14 Chunk=1 Start=3229749002559 End=3229749145095 Duration=142536
Task=14 Chunk=2 Start=3229749145103 End=3229749203310 Duration=58207
Task=14 Chunk=3 Start=3229749532471 End=3229749533675 Duration=1204
Task=15 Chunk=0 Start=3229748077339 End=3229748077432 Duration=93
Task=15 Chunk=1 Start=3229749145103 End=3229749227260 Duration=82157
Task=15 Chunk=2 Start=3229749227265 End=3229749286447 Duration=59182
Task=15 Chunk=3 Start=3229749533685 End=3229749546289 Duration=12604
Task=16 Chunk=0 Start=3229748134692 End=3229748134768 Duration=76
Task=16 Chunk=1 Start=3229749227264 End=3229749314593 Duration=87329
Task=16 Chunk=2 Start=3229749314609 End=3229749373170 Duration=58561
Task=16 Chunk=3 Start=3229749546296 End=3229749547321 Duration=1025
Task=17 Chunk=0 Start=3229748193854 End=3229748193946 Duration=92
Task=17 Chunk=1 Start=3229749314596 End=3229749393723 Duration=79127
Task=17 Chunk=2 Start=3229749393733 End=3229749452769 Duration=59036
Task=17 Chunk=3 Start=3229749547331 End=3229749548305 Duration=974
Task=18 Chunk=0 Start=3229748257044 End=3229748257110 Duration=66
Task=18 Chunk=1 Start=3229749393732 End=3229749479066 Duration=85334
Task=18 Chunk=2 Start=3229749479078 End=3229749537138 Duration=58060
Task=18 Chunk=3 Start=3229749548317 End=3229749549248 Duration=931
Task=19 Chunk=0 Start=3229748341205 End=3229748341280 Duration=75
Task=19 Chunk=1 Start=3229749479075 End=3229749561054 Duration=81979
Task=19 Chunk=2 Start=3229749561070 End=3229749618671 Duration=57601
Task=19 Chunk=3 Start=3229749622018 End=3229750065642 Duration=443624
Task=20 Chunk=0 Start=3229748423170 End=3229748423238 Duration=68
Task=20 Chunk=1 Start=3229749561058 End=3229749684902 Duration=123844
Task=20 Chunk=2 Start=3229749684916 End=3229749743393 Duration=58477
Task=20 Chunk=3 Start=3229750065657 End=3229750068154 Duration=2497
Task=21 Chunk=0 Start=3229748497104 End=3229748497165 Duration=61
Task=21 Chunk=1 Start=3229749684910 End=3229749767401 Duration=82491
Task=21 Chunk=2 Start=3229749767411 End=3229749825264 Duration=57853
Task=21 Chunk=3 Start=3229750068160 End=3229750072900 Duration=4740
Task=22 Chunk=0 Start=3229748702308 End=3229748702446 Duration=138
Task=22 Chunk=1 Start=3229749767406 End=3229749852203 Duration=84797
Task=22 Chunk=2 Start=3229749852213 End=3229749911216 Duration=59003
Task=22 Chunk=3 Start=3229750072907 End=3229750075251 Duration=2344
Task=23 Chunk=0 Start=3229748703276 End=3229748703356 Duration=80
Task=23 Chunk=1 Start=3229749852208 End=3229749942963 Duration=90755
Task=23 Chunk=2 Start=3229749942969 End=3229750023449 Duration=80480
Task=23 Chunk=3 Start=3229750075257 End=3229750095493 Duration=20236
Task=24 Chunk=0 Start=3229748741678 End=3229748741739 Duration=61
Task=24 Chunk=1 Start=3229749942968 End=3229750029577 Duration=86609
Task=24 Chunk=2 Start=3229750029587 End=3229750087755 Duration=58168
Task=24 Chunk=3 Start=3229750095501 End=3229750096557 Duration=1056
Task=25 Chunk=0 Start=3229748830073 End=3229748830161 Duration=88
Task=25 Chunk=1 Start=3229750029583 End=3229750120865 Duration=91282
Task=25 Chunk=2 Start=3229750120878 End=3229750179506 Duration=58628
Task=25 Chunk=3 Start=3229750179540 End=3229750180788 Duration=1248
Task=26 Chunk=0 Start=3229748916100 End=3229748916163 Duration=63
Task=26 Chunk=1 Start=3229750120869 End=3229750204068 Duration=83199
Task=26 Chunk=2 Start=3229750204079 End=3229750262317 Duration=58238
Task=26 Chunk=3 Start=3229750262341 End=3229750263567 Duration=1226
Task=27 Chunk=0 Start=3229748983470 End=3229748983573 Duration=103
Task=27 Chunk=1 Start=3229750204072 End=3229750282697 Duration=78625
Task=27 Chunk=2 Start=3229750282711 End=3229750340707 Duration=57996
Task=27 Chunk=3 Start=3229750340745 End=3229750341954 Duration=1209
Task=28 Chunk=0 Start=3229749532482 End=3229749532710 Duration=228
Task=28 Chunk=1 Start=3229750282701 End=3229750367368 Duration=84667
Task=28 Chunk=2 Start=3229750367374 End=3229750425504 Duration=58130
Task=28 Chunk=3 Start=3229750425548 End=3229750426654 Duration=1106
Task=29 Chunk=0 Start=3229749533703 End=3229749533816 Duration=113
Task=29 Chunk=1 Start=3229750367372 End=3229750444866 Duration=77494
Task=29 Chunk=2 Start=3229750444877 End=3229750503086 Duration=58209
Task=29 Chunk=3 Start=3229750503146 End=3229750504270 Duration=1124
Task=30 Chunk=0 Start=3229749546299 End=3229749546402 Duration=103
Task=30 Chunk=1 Start=3229750444870 End=3229750522693 Duration=77823
Task=30 Chunk=2 Start=3229750522702 End=3229750580655 Duration=57953
Task=30 Chunk=3 Start=3229750580698 End=3229750581867 Duration=1169
Task=31 Chunk=0 Start=3229749547334 End=3229749547392 Duration=58
Task=31 Chunk=1 Start=3229750522697 End=3229750599864 Duration=77167
Task=31 Chunk=2 Start=3229750599873 End=3229750658309 Duration=58436
Task=31 Chunk=3 Start=3229750658364 End=3229750673988 Duration=15624
Task=32 Chunk=0 Start=3229749548330 End=3229749548410 Duration=80
Task=32 Chunk=1 Start=3229750599869 End=3229750677310 Duration=77441
Task=32 Chunk=2 Start=3229750677326 End=3229750735342 Duration=58016
Task=32 Chunk=3 Start=3229750735378 End=3229750736678 Duration=1300
Task=33 Chunk=0 Start=3229749549264 End=3229749549322 Duration=58
Task=33 Chunk=1 Start=3229750677313 End=3229750761866 Duration=84553
Task=33 Chunk=2 Start=3229750761880 End=3229750819973 Duration=58093
Task=33 Chunk=3 Start=3229750819978 End=3229750821087 Duration=1109
Task=34 Chunk=0 Start=3229750065676 End=3229750066006 Duration=330
Task=34 Chunk=1 Start=3229750761870 End=3229750839613 Duration=77743
Task=34 Chunk=2 Start=3229750839624 End=3229750897661 Duration=58037
Task=34 Chunk=3 Start=3229750897706 End=3229750898807 Duration=1101
Task=35 Chunk=0 Start=3229750068174 End=3229750068237 Duration=63
Task=35 Chunk=1 Start=3229750839617 End=3229750920967 Duration=81350
Task=35 Chunk=2 Start=3229750920984 End=3229750979015 Duration=58031
Task=35 Chunk=3 Start=3229750979039 End=3229750985616 Duration=6577
Task=36 Chunk=0 Start=3229750072919 End=3229750072980 Duration=61
Task=36 Chunk=1 Start=3229750920971 End=3229751007139 Duration=86168
Task=36 Chunk=2 Start=3229751007146 End=3229751064966 Duration=57820
Task=36 Chunk=3 Start=3229751065026 End=3229751066207 Duration=1181
Task=37 Chunk=0 Start=3229750075265 End=3229750075324 Duration=59
Task=37 Chunk=1 Start=3229751007503 End=3229751091185 Duration=83682
Task=37 Chunk=2 Start=3229751091198 End=3229751148945 Duration=57747
Task=37 Chunk=3 Start=3229751149016 End=3229751154022 Duration=5006
Task=38 Chunk=0 Start=3229750095514 End=3229750095583 Duration=69
Task=38 Chunk=1 Start=3229751091190 End=3229751173047 Duration=81857
Task=38 Chunk=2 Start=3229751173056 End=3229751230613 Duration=57557
Task=38 Chunk=3 Start=3229751230676 End=3229751231700 Duration=1024
Task=39 Chunk=0 Start=3229750096588 End=3229750096633 Duration=45
Task=39 Chunk=1 Start=3229751173053 End=3229751250731 Duration=77678
Task=39 Chunk=2 Start=3229751250748 End=3229751308250 Duration=57502
Task=39 Chunk=3 Start=3229751308257 End=3229751309371 Duration=1114
Task=40 Chunk=0 Start=3229750180815 End=3229750180873 Duration=58
Task=40 Chunk=1 Start=3229751250735 End=3229751328283 Duration=77548
Task=40 Chunk=2 Start=3229751328288 End=3229751385695 Duration=57407
Task=40 Chunk=3 Start=3229751385708 End=3229751388524 Duration=2816
Task=41 Chunk=0 Start=3229750263595 End=3229750263682 Duration=87
Task=41 Chunk=1 Start=3229751328287 End=3229751406325 Duration=78038
Task=41 Chunk=2 Start=3229751406341 End=3229751463935 Duration=57594
Task=41 Chunk=3 Start=3229751463959 End=3229751465058 Duration=1099
Task=42 Chunk=0 Start=3229750341989 End=3229750342060 Duration=71
Task=42 Chunk=1 Start=3229751406329 End=3229751483869 Duration=77540
Task=42 Chunk=2 Start=3229751483884 End=3229751541352 Duration=57468
Task=42 Chunk=3 Start=3229751541407 End=3229751542546 Duration=1139
Task=43 Chunk=0 Start=3229750426667 End=3229750426731 Duration=64
Task=43 Chunk=1 Start=3229751483873 End=3229751561588 Duration=77715
Task=43 Chunk=2 Start=3229751561601 End=3229751619207 Duration=57606
Task=43 Chunk=3 Start=3229751619222 End=3229751621575 Duration=2353
Task=44 Chunk=0 Start=3229750504298 End=3229750504365 Duration=67
Task=44 Chunk=1 Start=3229751561591 End=3229751639252 Duration=77661
Task=44 Chunk=2 Start=3229751639263 End=3229751696874 Duration=57611
Task=44 Chunk=3 Start=3229751696887 End=3229751698024 Duration=1137
Task=45 Chunk=0 Start=3229750581890 End=3229750581980 Duration=90
Task=45 Chunk=1 Start=3229751639256 End=3229751716849 Duration=77593
Task=45 Chunk=2 Start=3229751716865 End=3229751774904 Duration=58039
Task=45 Chunk=3 Start=3229751774952 End=3229751776104 Duration=1152
Task=46 Chunk=0 Start=3229750674013 End=3229750674102 Duration=89
Task=46 Chunk=1 Start=3229751716852 End=3229751794098 Duration=77246
Task=46 Chunk=2 Start=3229751794114 End=3229751851681 Duration=57567
Task=46 Chunk=3 Start=3229751851737 End=3229751852926 Duration=1189
Task=47 Chunk=0 Start=3229750736691 End=3229750736791 Duration=100
Task=47 Chunk=1 Start=3229751794102 End=3229751871857 Duration=77755
Task=47 Chunk=2 Start=3229751871872 End=3229751929568 Duration=57696
Task=47 Chunk=3 Start=3229751929620 End=3229751930771 Duration=1151
Task=48 Chunk=0 Start=3229750821101 End=3229750821183 Duration=82
Task=48 Chunk=1 Start=3229751871861 End=3229751949344 Duration=77483
Task=48 Chunk=2 Start=3229751949349 End=3229752007045 Duration=57696
Task=48 Chunk=3 Start=3229752007088 End=3229752008168 Duration=1080
Task=49 Chunk=0 Start=3229750898822 End=3229750898883 Duration=61
Task=49 Chunk=1 Start=3229751949348 End=3229752033061 Duration=83713
Task=49 Chunk=2 Start=3229752033072 End=3229752091302 Duration=58230
Task=49 Chunk=3 Start=3229752091367 End=3229752092545 Duration=1178
Task=50 Chunk=0 Start=3229750985638 End=3229750985706 Duration=68
Task=50 Chunk=1 Start=3229752033066 End=3229752110952 Duration=77886
Task=50 Chunk=2 Start=3229752110962 End=3229752169458 Duration=58496
Task=50 Chunk=3 Start=3229752169476 End=3229752173986 Duration=4510
Task=51 Chunk=0 Start=3229751066230 End=3229751066310 Duration=80
Task=51 Chunk=1 Start=3229752110957 End=3229752188731 Duration=77774
Task=51 Chunk=2 Start=3229752188737 End=3229752246800 Duration=58063
Task=51 Chunk=3 Start=3229752246823 End=3229752251531 Duration=4708
Task=52 Chunk=0 Start=3229751154051 End=3229751154127 Duration=76
Task=52 Chunk=1 Start=3229752188736 End=3229752266661 Duration=77925
Task=52 Chunk=2 Start=3229752266670 End=3229752324963 Duration=58293
Task=52 Chunk=3 Start=3229752324975 End=3229752326093 Duration=1118
Task=53 Chunk=0 Start=3229751231721 End=3229751231796 Duration=75
Task=53 Chunk=1 Start=3229752266667 End=3229752344476 Duration=77809
Task=53 Chunk=2 Start=3229752344486 End=3229752402144 Duration=57658
Task=53 Chunk=3 Start=3229752402149 End=3229752403363 Duration=1214
Task=54 Chunk=0 Start=3229751309396 End=3229751309456 Duration=60
Task=54 Chunk=1 Start=3229752344481 End=3229752422962 Duration=78481
Task=54 Chunk=2 Start=3229752422972 End=3229752483545 Duration=60573
Task=54 Chunk=3 Start=3229752483561 End=3229752484696 Duration=1135
Task=55 Chunk=0 Start=3229751388540 End=3229751388606 Duration=66
Task=55 Chunk=1 Start=3229752422967 End=3229752508027 Duration=85060
Task=55 Chunk=2 Start=3229752508044 End=3229752566260 Duration=58216
Task=55 Chunk=3 Start=3229752566296 End=3229752567388 Duration=1092
Task=56 Chunk=0 Start=3229751465096 End=3229751465159 Duration=63
Task=56 Chunk=1 Start=3229752508032 End=3229752586111 Duration=78079
Task=56 Chunk=2 Start=3229752586122 End=3229752644424 Duration=58302
Task=56 Chunk=3 Start=3229752644471 End=3229752645562 Duration=1091
Task=57 Chunk=0 Start=3229751542559 End=3229751542629 Duration=70
Task=57 Chunk=1 Start=3229752586114 End=3229752663828 Duration=77714
Task=57 Chunk=2 Start=3229752663835 End=3229752722036 Duration=58201
Task=57 Chunk=3 Start=3229752722089 End=3229752723216 Duration=1127
Task=58 Chunk=0 Start=3229751621603 End=3229751621651 Duration=48
Task=58 Chunk=1 Start=3229752663831 End=3229752741995 Duration=78164
Task=58 Chunk=2 Start=3229752742010 End=3229752800593 Duration=58583
Task=58 Chunk=3 Start=3229752800616 End=3229752801751 Duration=1135
Task=59 Chunk=0 Start=3229751698049 End=3229751698100 Duration=51
Task=59 Chunk=1 Start=3229752741999 End=3229752819956 Duration=77957
Task=59 Chunk=2 Start=3229752819961 End=3229752878006 Duration=58045
Task=59 Chunk=3 Start=3229752878026 End=3229752879219 Duration=1193
Task=60 Chunk=0 Start=3229751776132 End=3229751776214 Duration=82
Task=60 Chunk=1 Start=3229752819959 End=3229752897920 Duration=77961
Task=60 Chunk=2 Start=3229752897933 End=3229752956385 Duration=58452
Task=60 Chunk=3 Start=3229752956396 End=3229752957548 Duration=1152
Task=61 Chunk=0 Start=3229751852938 End=3229751853034 Duration=96
Task=61 Chunk=1 Start=3229752897924 End=3229752975738 Duration=77814
Task=61 Chunk=2 Start=3229752975751 End=3229753033774 Duration=58023
Task=61 Chunk=3 Start=3229753033831 End=3229753035041 Duration=1210
Task=62 Chunk=0 Start=3229751930793 End=3229751930876 Duration=83
Task=62 Chunk=1 Start=3229752975742 End=3229753053904 Duration=78162
Task=62 Chunk=2 Start=3229753053921 End=3229753112326 Duration=58405
Task=62 Chunk=3 Start=3229753112372 End=3229753113839 Duration=1467
Task=63 Chunk=0 Start=3229752008732 End=3229752009075 Duration=343
Task=63 Chunk=1 Start=3229753053908 End=3229753131968 Duration=78060
Task=63 Chunk=2 Start=3229753131985 End=3229753189858 Duration=57873
Task=63 Chunk=3 Start=3229753189897 End=3229753190997 Duration=1100
Task=64 Chunk=0 Start=3229752092560 End=3229752092637 Duration=77
Task=64 Chunk=1 Start=3229753131972 End=3229753209732 Duration=77760
Task=64 Chunk=2 Start=3229753209742 End=3229753268161 Duration=58419
Task=64 Chunk=3 Start=3229753268213 End=3229753269328 Duration=1115
Task=65 Chunk=0 Start=3229752173998 End=3229752174063 Duration=65
Task=65 Chunk=1 Start=3229753209736 End=3229753287614 Duration=77878
Task=65 Chunk=2 Start=3229753287623 End=3229753345399 Duration=57776
Task=65 Chunk=3 Start=3229753345456 End=3229753347500 Duration=2044
Task=66 Chunk=0 Start=3229752251550 End=3229752251607 Duration=57
Task=66 Chunk=1 Start=3229753287618 End=3229753365653 Duration=78035
Task=66 Chunk=2 Start=3229753365658 End=3229753424100 Duration=58442
Task=66 Chunk=3 Start=3229753424116 End=3229753425261 Duration=1145
Task=67 Chunk=0 Start=3229752326124 End=3229752326187 Duration=63
Task=67 Chunk=1 Start=3229753365656 End=3229753443626 Duration=77970
Task=67 Chunk=2 Start=3229753443636 End=3229753501498 Duration=57862
Task=67 Chunk=3 Start=3229753501538 End=3229753502627 Duration=1089
Task=68 Chunk=0 Start=3229752403391 End=3229752403453 Duration=62
Task=68 Chunk=1 Start=3229753443630 End=3229753521631 Duration=78001
Task=68 Chunk=2 Start=3229753521648 End=3229753580034 Duration=58386
Task=68 Chunk=3 Start=3229753580081 End=3229753581265 Duration=1184
Task=69 Chunk=0 Start=3229752484718 End=3229752484783 Duration=65
Task=69 Chunk=1 Start=3229753521635 End=3229753599604 Duration=77969
Task=69 Chunk=2 Start=3229753599620 End=3229753657319 Duration=57699
Task=69 Chunk=3 Start=3229753657363 End=3229753658447 Duration=1084
Task=70 Chunk=0 Start=3229752567412 End=3229752567473 Duration=61
Task=70 Chunk=1 Start=3229753599608 End=3229753677697 Duration=78089
Task=70 Chunk=2 Start=3229753677702 End=3229753735877 Duration=58175
Task=70 Chunk=3 Start=3229753735932 End=3229753737012 Duration=1080
Task=71 Chunk=0 Start=3229752645577 End=3229752645645 Duration=68
Task=71 Chunk=1 Start=3229753677702 End=3229753755744 Duration=78042
Task=71 Chunk=2 Start=3229753755758 End=3229753813752 Duration=57994
Task=71 Chunk=3 Start=3229753813809 End=3229753814913 Duration=1104
Task=72 Chunk=0 Start=3229752723248 End=3229752723298 Duration=50
Task=72 Chunk=1 Start=3229753755748 End=3229753833884 Duration=78136
Task=72 Chunk=2 Start=3229753833898 End=3229753892231 Duration=58333
Task=72 Chunk=3 Start=3229753892298 End=3229753893415 Duration=1117
Task=73 Chunk=0 Start=3229752801793 End=3229752801868 Duration=75
Task=73 Chunk=1 Start=3229753833887 End=3229753912119 Duration=78232
Task=73 Chunk=2 Start=3229753912131 End=3229753970281 Duration=58150
Task=73 Chunk=3 Start=3229753970341 End=3229753971491 Duration=1150
Task=74 Chunk=0 Start=3229752879257 End=3229752879322 Duration=65
Task=74 Chunk=1 Start=3229753912123 End=3229753990352 Duration=78229
Task=74 Chunk=2 Start=3229753990360 End=3229754048742 Duration=58382
Task=74 Chunk=3 Start=3229754048752 End=3229754049810 Duration=1058
Task=75 Chunk=0 Start=3229752957569 End=3229752957666 Duration=97
Task=75 Chunk=1 Start=3229753990356 End=3229754068456 Duration=78100
Task=75 Chunk=2 Start=3229754068471 End=3229754126635 Duration=58164
Task=75 Chunk=3 Start=3229754126638 End=3229754127837 Duration=1199
Task=76 Chunk=0 Start=3229753035062 End=3229753035141 Duration=79
Task=76 Chunk=1 Start=3229754068459 End=3229754146460 Duration=78001
Task=76 Chunk=2 Start=3229754146472 End=3229754204881 Duration=58409
Task=76 Chunk=3 Start=3229754204900 End=3229754206042 Duration=1142
Task=77 Chunk=0 Start=3229753113850 End=3229753113926 Duration=76
Task=77 Chunk=1 Start=3229754146464 End=3229754224314 Duration=77850
Task=77 Chunk=2 Start=3229754224320 End=3229754282237 Duration=57917
Task=77 Chunk=3 Start=3229754282386 End=3229754284018 Duration=1632
Task=78 Chunk=0 Start=3229753191022 End=3229753191092 Duration=70
Task=78 Chunk=1 Start=3229754224317 End=3229754302715 Duration=78398
Task=78 Chunk=2 Start=3229754302729 End=3229754361083 Duration=58354
Task=78 Chunk=3 Start=3229754361107 End=3229754362212 Duration=1105
Task=79 Chunk=0 Start=3229753269348 End=3229753269441 Duration=93
Task=79 Chunk=1 Start=3229754302719 End=3229754380717 Duration=77998
Task=79 Chunk=2 Start=3229754380728 End=3229754438635 Duration=57907
Task=79 Chunk=3 Start=3229754438694 End=3229754443559 Duration=4865
Task=80 Chunk=0 Start=3229753347511 End=3229753347583 Duration=72
Task=80 Chunk=1 Start=3229754380721 End=3229754458756 Duration=78035
Task=80 Chunk=2 Start=3229754458761 End=3229754517157 Duration=58396
Task=80 Chunk=3 Start=3229754517199 End=3229754518406 Duration=1207
Task=81 Chunk=0 Start=3229753425282 End=3229753425343 Duration=61
Task=81 Chunk=1 Start=3229754458760 End=3229754536750 Duration=77990
Task=81 Chunk=2 Start=3229754536763 End=3229754594833 Duration=58070
Task=81 Chunk=3 Start=3229754594889 End=3229754596032 Duration=1143
Task=82 Chunk=0 Start=3229753502655 End=3229753502720 Duration=65
Task=82 Chunk=1 Start=3229754536754 End=3229754614831 Duration=78077
Task=82 Chunk=2 Start=3229754614840 End=3229754673182 Duration=58342
Task=82 Chunk=3 Start=3229754673204 End=3229754674335 Duration=1131
Task=83 Chunk=0 Start=3229753581285 End=3229753581350 Duration=65
Task=83 Chunk=1 Start=3229754614837 End=3229754693006 Duration=78169
Task=83 Chunk=2 Start=3229754693014 End=3229754751042 Duration=58028
Task=83 Chunk=3 Start=3229754751066 End=3229754752243 Duration=1177
Task=84 Chunk=0 Start=3229753658465 End=3229753658524 Duration=59
Task=84 Chunk=1 Start=3229754693009 End=3229754770947 Duration=77938
Task=84 Chunk=2 Start=3229754770958 End=3229754829321 Duration=58363
Task=84 Chunk=3 Start=3229754829361 End=3229754830454 Duration=1093
Task=85 Chunk=0 Start=3229753737036 End=3229753737099 Duration=63
Task=85 Chunk=1 Start=3229754770955 End=3229754851040 Duration=80085
Task=85 Chunk=2 Start=3229754851051 End=3229754908520 Duration=57469
Task=85 Chunk=3 Start=3229754908542 End=3229754909493 Duration=951
Task=86 Chunk=0 Start=3229753814931 End=3229753815000 Duration=69
Task=86 Chunk=1 Start=3229754851041 End=3229754937090 Duration=86049
Task=86 Chunk=2 Start=3229754937112 End=3229754994727 Duration=57615
Task=86 Chunk=3 Start=3229754994743 End=3229754995689 Duration=946
Task=87 Chunk=0 Start=3229753893427 End=3229753893515 Duration=88
Task=87 Chunk=1 Start=3229754937092 End=3229755013860 Duration=76768
Task=87 Chunk=2 Start=3229755013875 End=3229755071528 Duration=57653
Task=87 Chunk=3 Start=3229755071557 End=3229755072479 Duration=922
Task=88 Chunk=0 Start=3229753971515 End=3229753971560 Duration=45
Task=88 Chunk=1 Start=3229755013873 End=3229755088755 Duration=74882
Task=88 Chunk=2 Start=3229755088779 End=3229755146399 Duration=57620
Task=88 Chunk=3 Start=3229755146413 End=3229755147313 Duration=900
Task=89 Chunk=0 Start=3229754049831 End=3229754049899 Duration=68
Task=89 Chunk=1 Start=3229755088760 End=3229755164082 Duration=75322
Task=89 Chunk=2 Start=3229755164099 End=3229755221720 Duration=57621
Task=89 Chunk=3 Start=3229755221732 End=3229755222676 Duration=944
Task=90 Chunk=0 Start=3229754127855 End=3229754127921 Duration=66
Task=90 Chunk=1 Start=3229755164085 End=3229755239108 Duration=75023
Task=90 Chunk=2 Start=3229755239123 End=3229755296595 Duration=57472
Task=90 Chunk=3 Start=3229755296624 End=3229755297545 Duration=921
Task=91 Chunk=0 Start=3229754206067 End=3229754206123 Duration=56
Task=91 Chunk=1 Start=3229755239112 End=3229755313648 Duration=74536
Task=91 Chunk=2 Start=3229755313666 End=3229755371170 Duration=57504
Task=91 Chunk=3 Start=3229755371228 End=3229755372140 Duration=912
Task=92 Chunk=0 Start=3229754284030 End=3229754284115 Duration=85
Task=92 Chunk=1 Start=3229755313649 End=3229755391312 Duration=77663
Task=92 Chunk=2 Start=3229755391319 End=3229755448559 Duration=57240
Task=92 Chunk=3 Start=3229755448618 End=3229755449556 Duration=938
Task=93 Chunk=0 Start=3229754362223 End=3229754362274 Duration=51
Task=93 Chunk=1 Start=3229755391315 End=3229755471649 Duration=80334
Task=93 Chunk=2 Start=3229755471666 End=3229755529244 Duration=57578
Task=93 Chunk=3 Start=3229755529304 End=3229755530230 Duration=926
Task=94 Chunk=0 Start=3229754443579 End=3229754443643 Duration=64
Task=94 Chunk=1 Start=3229755471653 End=3229755547588 Duration=75935
Task=94 Chunk=2 Start=3229755547607 End=3229755605234 Duration=57627
Task=94 Chunk=3 Start=3229755605291 End=3229755606324 Duration=1033
Task=95 Chunk=0 Start=3229754518418 End=3229754518485 Duration=67
Task=95 Chunk=1 Start=3229755547595 End=3229755631158 Duration=83563
Task=95 Chunk=2 Start=3229755631182 End=3229755689628 Duration=58446
Task=95 Chunk=3 Start=3229755689650 End=3229755690585 Duration=935
Task=96 Chunk=0 Start=3229754596045 End=3229754596094 Duration=49
Task=96 Chunk=1 Start=3229755631166 End=3229755706732 Duration=75566
Task=96 Chunk=2 Start=3229755706748 End=3229755764266 Duration=57518
Task=96 Chunk=3 Start=3229755764289 End=3229755765195 Duration=906
Task=97 Chunk=0 Start=3229754674363 End=3229754674427 Duration=64
Task=97 Chunk=1 Start=3229755706740 End=3229755781115 Duration=74375
Task=97 Chunk=2 Start=3229755781129 End=3229755838475 Duration=57346
Task=97 Chunk=3 Start=3229755838495 End=3229755839398 Duration=903
Task=98 Chunk=0 Start=3229754752267 End=3229754752327 Duration=60
Task=98 Chunk=1 Start=3229755781116 End=3229755856656 Duration=75540
Task=98 Chunk=2 Start=3229755856664 End=3229755914183 Duration=57519
Task=98 Chunk=3 Start=3229755914236 End=3229755915153 Duration=917
Task=99 Chunk=0 Start=3229754830468 End=3229754830528 Duration=60
Task=99 Chunk=1 Start=3229755856661 End=3229755931599 Duration=74938
Task=99 Chunk=2 Start=3229755931607 End=3229755989191 Duration=57584
Task=99 Chunk=3 Start=3229755989235 End=3229755990093 Duration=858
### Python End ###
