
Running only on specified device: 3A021JEHN02756
Deploying and running 'bm-gen-logs-cifar-dense-vk' on device: 3A021JEHN02756
build/android/arm64-v8a/release/bm-gen-logs-cifar-dense-vk: 1 file pushed, 0 skipped. 470.3 MB/s (6981840 bytes in 0.014s)
[2025-06-26 18:13:18.010] [info] Pinable Lit cores: 0 1 2 3 
[2025-06-26 18:13:18.011] [info] Pinable Med cores: 4 5 
[2025-06-26 18:13:18.011] [info] Pinable Big cores: 6 7 
[2025-06-26 18:13:18.011] [info] Pinable Sup cores: 
[2025-06-26 18:13:20.633] [info] Fetching JSON from URL: http://192.168.1.12:8080/3A021JEHN02756/cifar-dense/vk/schedules.json
[2025-06-26 18:13:20.731] [info] Loaded 30 valid schedules from JSON
[2025-06-26 18:13:20.731] [info] Loaded 30 schedules
--------------------------------
Schedule 0 [UID: SCH-L9-G000-ff9e]:
  Chunk 0 [OMP/Little]: 1, 2, 3, 4, 5, 6, 7, 8, 9
--------------------------------
Schedule 1 [UID: SCH-M9-G000-6447]:
  Chunk 0 [OMP/Medium]: 1, 2, 3, 4, 5, 6, 7, 8, 9
--------------------------------
Schedule 2 [UID: SCH-B9-G000-92fb]:
  Chunk 0 [OMP/Big   ]: 1, 2, 3, 4, 5, 6, 7, 8, 9
--------------------------------
Schedule 3 [UID: SCH-G9-G000-07e2]:
  Chunk 0 [Vulkan    ]: 1, 2, 3, 4, 5, 6, 7, 8, 9
--------------------------------
Schedule 4 [UID: SCH-G7L2-G227-14a5]:
  Chunk 0 [Vulkan    ]: 1, 2, 3, 4, 5, 6, 7
  Chunk 1 [OMP/Little]: 8, 9
--------------------------------
Schedule 5 [UID: SCH-G7B2-G479-4231]:
  Chunk 0 [Vulkan    ]: 1, 2, 3, 4, 5, 6, 7
  Chunk 1 [OMP/Big   ]: 8, 9
--------------------------------
Schedule 6 [UID: SCH-G7M2-G499-5bab]:
  Chunk 0 [Vulkan    ]: 1, 2, 3, 4, 5, 6, 7
  Chunk 1 [OMP/Medium]: 8, 9
--------------------------------
Schedule 7 [UID: SCH-G7B1L1-G555-9271]:
  Chunk 0 [Vulkan    ]: 1, 2, 3, 4, 5, 6, 7
  Chunk 1 [OMP/Big   ]: 8
  Chunk 2 [OMP/Little]: 9
--------------------------------
Schedule 8 [UID: SCH-G8L1-G562-4bec]:
  Chunk 0 [Vulkan    ]: 1, 2, 3, 4, 5, 6, 7, 8
  Chunk 1 [OMP/Little]: 9
--------------------------------
Schedule 9 [UID: SCH-G7M1L1-G569-cf2e]:
  Chunk 0 [Vulkan    ]: 1, 2, 3, 4, 5, 6, 7
  Chunk 1 [OMP/Medium]: 8
  Chunk 2 [OMP/Little]: 9
--------------------------------
Schedule 10 [UID: SCH-G7M1B1-G596-4b00]:
  Chunk 0 [Vulkan    ]: 1, 2, 3, 4, 5, 6, 7
  Chunk 1 [OMP/Medium]: 8
  Chunk 2 [OMP/Big   ]: 9
--------------------------------
Schedule 11 [UID: SCH-G7L1B1-G596-03e9]:
  Chunk 0 [Vulkan    ]: 1, 2, 3, 4, 5, 6, 7
  Chunk 1 [OMP/Little]: 8
  Chunk 2 [OMP/Big   ]: 9
--------------------------------
Schedule 12 [UID: SCH-G7B1M1-G602-4c11]:
  Chunk 0 [Vulkan    ]: 1, 2, 3, 4, 5, 6, 7
  Chunk 1 [OMP/Big   ]: 8
  Chunk 2 [OMP/Medium]: 9
--------------------------------
Schedule 13 [UID: SCH-G7L1M1-G602-5948]:
  Chunk 0 [Vulkan    ]: 1, 2, 3, 4, 5, 6, 7
  Chunk 1 [OMP/Little]: 8
  Chunk 2 [OMP/Medium]: 9
--------------------------------
Schedule 14 [UID: SCH-G8B1-G621-2776]:
  Chunk 0 [Vulkan    ]: 1, 2, 3, 4, 5, 6, 7, 8
  Chunk 1 [OMP/Big   ]: 9
--------------------------------
Schedule 15 [UID: SCH-G8M1-G627-9cd6]:
  Chunk 0 [Vulkan    ]: 1, 2, 3, 4, 5, 6, 7, 8
  Chunk 1 [OMP/Medium]: 9
--------------------------------
Schedule 16 [UID: SCH-M6L3-G1611-6653]:
  Chunk 0 [OMP/Medium]: 1, 2, 3, 4, 5, 6
  Chunk 1 [OMP/Little]: 7, 8, 9
--------------------------------
Schedule 17 [UID: SCH-M1G8-G6090-a235]:
  Chunk 0 [OMP/Medium]: 1
  Chunk 1 [Vulkan    ]: 2, 3, 4, 5, 6, 7, 8, 9
--------------------------------
Schedule 18 [UID: SCH-M1L1G7-G6124-e686]:
  Chunk 0 [OMP/Medium]: 1
  Chunk 1 [OMP/Little]: 2
  Chunk 2 [Vulkan    ]: 3, 4, 5, 6, 7, 8, 9
--------------------------------
Schedule 19 [UID: SCH-M1G6L2-G6354-1d47]:
  Chunk 0 [OMP/Medium]: 1
  Chunk 1 [Vulkan    ]: 2, 3, 4, 5, 6, 7
  Chunk 2 [OMP/Little]: 8, 9
--------------------------------
Schedule 20 [UID: SCH-B1G8-G6369-d81e]:
  Chunk 0 [OMP/Big   ]: 1
  Chunk 1 [Vulkan    ]: 2, 3, 4, 5, 6, 7, 8, 9
--------------------------------
Schedule 21 [UID: SCH-M1B1G5L2-G6399-bce8]:
  Chunk 0 [OMP/Medium]: 1
  Chunk 1 [OMP/Big   ]: 2
  Chunk 2 [Vulkan    ]: 3, 4, 5, 6, 7
  Chunk 3 [OMP/Little]: 8, 9
--------------------------------
Schedule 22 [UID: SCH-M1B1G7-G6399-5ce4]:
  Chunk 0 [OMP/Medium]: 1
  Chunk 1 [OMP/Big   ]: 2
  Chunk 2 [Vulkan    ]: 3, 4, 5, 6, 7, 8, 9
--------------------------------
Schedule 23 [UID: SCH-B1L1G7-G6403-ee11]:
  Chunk 0 [OMP/Big   ]: 1
  Chunk 1 [OMP/Little]: 2
  Chunk 2 [Vulkan    ]: 3, 4, 5, 6, 7, 8, 9
--------------------------------
Schedule 24 [UID: SCH-M2G7-G6510-760f]:
  Chunk 0 [OMP/Medium]: 1, 2
  Chunk 1 [Vulkan    ]: 3, 4, 5, 6, 7, 8, 9
--------------------------------
Schedule 25 [UID: SCH-M1L1G5B2-G6606-7084]:
  Chunk 0 [OMP/Medium]: 1
  Chunk 1 [OMP/Little]: 2
  Chunk 2 [Vulkan    ]: 3, 4, 5, 6, 7
  Chunk 3 [OMP/Big   ]: 8, 9
--------------------------------
Schedule 26 [UID: SCH-M1G6B2-G6606-19ef]:
  Chunk 0 [OMP/Medium]: 1
  Chunk 1 [Vulkan    ]: 2, 3, 4, 5, 6, 7
  Chunk 2 [OMP/Big   ]: 8, 9
--------------------------------
Schedule 27 [UID: SCH-B1G6L2-G6633-48b2]:
  Chunk 0 [OMP/Big   ]: 1
  Chunk 1 [Vulkan    ]: 2, 3, 4, 5, 6, 7
  Chunk 2 [OMP/Little]: 8, 9
--------------------------------
Schedule 28 [UID: SCH-M1B1G6L1-G6664-007f]:
  Chunk 0 [OMP/Medium]: 1
  Chunk 1 [OMP/Big   ]: 2
  Chunk 2 [Vulkan    ]: 3, 4, 5, 6, 7, 8
  Chunk 3 [OMP/Little]: 9
--------------------------------
Schedule 29 [UID: SCH-M1G7L1-G6664-49da]:
  Chunk 0 [OMP/Medium]: 1
  Chunk 1 [Vulkan    ]: 2, 3, 4, 5, 6, 7, 8
  Chunk 2 [OMP/Little]: 9
[2025-06-26 18:13:20.732] [info] Running 30/30 schedules

--------------------------------
[2025-06-26 18:13:20.825] [info] Available Vulkan Layers:
[2025-06-26 18:13:20.825] [warning] Validation layer requested but not available, continuing without it...
[2025-06-26 18:13:20.830] [info] Using integrated GPU: Mali-G710
### Python Begin ###
Schedule_UID=SCH-L9-G000-ff9e
Frequency=24576000 Hz
Task=0 Chunk=0 Start=4068646291363 End=4068705276861 Duration=58985498
Task=1 Chunk=0 Start=4068705277084 End=4068766809489 Duration=61532405
Task=2 Chunk=0 Start=4068766809690 End=4068828715478 Duration=61905788
Task=3 Chunk=0 Start=4068828715712 End=4068891349347 Duration=62633635
Task=4 Chunk=0 Start=4068891349507 End=4068960380867 Duration=69031360
Task=5 Chunk=0 Start=4068960381086 End=4069029038901 Duration=68657815
Task=6 Chunk=0 Start=4069029039173 End=4069101417025 Duration=72377852
Task=7 Chunk=0 Start=4069101417258 End=4069176336528 Duration=74919270
Task=8 Chunk=0 Start=4069176336811 End=4069251324492 Duration=74987681
Task=9 Chunk=0 Start=4069251324735 End=4069326329685 Duration=75004950
Task=10 Chunk=0 Start=4069326329935 End=4069401328852 Duration=74998917
Task=11 Chunk=0 Start=4069401329108 End=4069476832945 Duration=75503837
Task=12 Chunk=0 Start=4069476833198 End=4069551647024 Duration=74813826
Task=13 Chunk=0 Start=4069551647171 End=4069622328254 Duration=70681083
Task=14 Chunk=0 Start=4069622328436 End=4069691556189 Duration=69227753
Task=15 Chunk=0 Start=4069691556416 End=4069766080216 Duration=74523800
Task=16 Chunk=0 Start=4069766080338 End=4069852280527 Duration=86200189
Task=17 Chunk=0 Start=4069852280726 End=4069929324820 Duration=77044094
Task=18 Chunk=0 Start=4069929325025 End=4069999960797 Duration=70635772
Task=19 Chunk=0 Start=4069999961043 End=4070072215231 Duration=72254188
Task=20 Chunk=0 Start=4070072215398 End=4070143769108 Duration=71553710
Task=21 Chunk=0 Start=4070143769262 End=4070212890635 Duration=69121373
Task=22 Chunk=0 Start=4070212890846 End=4070281563092 Duration=68672246
Task=23 Chunk=0 Start=4070281563297 End=4070350363440 Duration=68800143
Task=24 Chunk=0 Start=4070350363706 End=4070419073218 Duration=68709512
Task=25 Chunk=0 Start=4070419073380 End=4070482894346 Duration=63820966
Task=26 Chunk=0 Start=4070482894613 End=4070544815763 Duration=61921150
Task=27 Chunk=0 Start=4070544815946 End=4070606603220 Duration=61787274
Task=28 Chunk=0 Start=4070606603528 End=4070675114130 Duration=68510602
Task=29 Chunk=0 Start=4070675114401 End=4070744232862 Duration=69118461
Task=30 Chunk=0 Start=4070744233088 End=4070810199136 Duration=65966048
Task=31 Chunk=0 Start=4070810199313 End=4070872142560 Duration=61943247
Task=32 Chunk=0 Start=4070872142773 End=4070933965732 Duration=61822959
Task=33 Chunk=0 Start=4070933965965 End=4070993733364 Duration=59767399
Task=34 Chunk=0 Start=4070993733582 End=4071052319170 Duration=58585588
Task=35 Chunk=0 Start=4071052319338 End=4071110917825 Duration=58598487
Task=36 Chunk=0 Start=4071110918046 End=4071169947164 Duration=59029118
Task=37 Chunk=0 Start=4071169947432 End=4071231406394 Duration=61458962
Task=38 Chunk=0 Start=4071231406625 End=4071290046538 Duration=58639913
Task=39 Chunk=0 Start=4071290046737 End=4071342921942 Duration=52875205
Task=40 Chunk=0 Start=4071342922212 End=4071394339046 Duration=51416834
Task=41 Chunk=0 Start=4071394339329 End=4071445862320 Duration=51522991
Task=42 Chunk=0 Start=4071445862534 End=4071495815397 Duration=49952863
Task=43 Chunk=0 Start=4071495815623 End=4071544121413 Duration=48305790
Task=44 Chunk=0 Start=4071544121604 End=4071592344776 Duration=48223172
Task=45 Chunk=0 Start=4071592345022 End=4071640479199 Duration=48134177
Task=46 Chunk=0 Start=4071640479459 End=4071687464175 Duration=46984716
Task=47 Chunk=0 Start=4071687464380 End=4071732977078 Duration=45512698
Task=48 Chunk=0 Start=4071732977341 End=4071778523837 Duration=45546496
Task=49 Chunk=0 Start=4071778524057 End=4071824105071 Duration=45581014
Task=50 Chunk=0 Start=4071824105258 End=4071869583739 Duration=45478481
Task=51 Chunk=0 Start=4071869583933 End=4071915746790 Duration=46162857
Task=52 Chunk=0 Start=4071915746994 End=4071961301526 Duration=45554532
Task=53 Chunk=0 Start=4071961301807 End=4072006876279 Duration=45574472
Task=54 Chunk=0 Start=4072006876518 End=4072052413262 Duration=45536744
Task=55 Chunk=0 Start=4072052413500 End=4072098011816 Duration=45598316
Task=56 Chunk=0 Start=4072098012122 End=4072143740598 Duration=45728476
Task=57 Chunk=0 Start=4072143740718 End=4072189338150 Duration=45597432
Task=58 Chunk=0 Start=4072189338381 End=4072234923536 Duration=45585155
Task=59 Chunk=0 Start=4072234923750 End=4072280588128 Duration=45664378
Task=60 Chunk=0 Start=4072280588294 End=4072326279814 Duration=45691520
Task=61 Chunk=0 Start=4072326280047 End=4072373800894 Duration=47520847
Task=62 Chunk=0 Start=4072373801170 End=4072422046151 Duration=48244981
Task=63 Chunk=0 Start=4072422046401 End=4072470293515 Duration=48247114
Task=64 Chunk=0 Start=4072470293786 End=4072518114626 Duration=47820840
Task=65 Chunk=0 Start=4072518114811 End=4072563654738 Duration=45539927
Task=66 Chunk=0 Start=4072563655032 End=4072609175011 Duration=45519979
Task=67 Chunk=0 Start=4072609175217 End=4072655115515 Duration=45940298
Task=68 Chunk=0 Start=4072655115730 End=4072701668533 Duration=46552803
Task=69 Chunk=0 Start=4072701668778 End=4072749800655 Duration=48131877
Task=70 Chunk=0 Start=4072749800892 End=4072797942285 Duration=48141393
Task=71 Chunk=0 Start=4072797942526 End=4072846164651 Duration=48222125
Task=72 Chunk=0 Start=4072846164877 End=4072892320129 Duration=46155252
Task=73 Chunk=0 Start=4072892320382 End=4072937902874 Duration=45582492
Task=74 Chunk=0 Start=4072937903130 End=4072983573432 Duration=45670302
Task=75 Chunk=0 Start=4072983573641 End=4073029091068 Duration=45517427
Task=76 Chunk=0 Start=4073029091252 End=4073077255803 Duration=48164551
Task=77 Chunk=0 Start=4073077256017 End=4073125600688 Duration=48344671
Task=78 Chunk=0 Start=4073125600927 End=4073173776434 Duration=48175507
Task=79 Chunk=0 Start=4073173776648 End=4073220791588 Duration=47014940
Task=80 Chunk=0 Start=4073220791703 End=4073269324570 Duration=48532867
Task=81 Chunk=0 Start=4073269324878 End=4073315706631 Duration=46381753
Task=82 Chunk=0 Start=4073315706889 End=4073361297385 Duration=45590496
Task=83 Chunk=0 Start=4073361297707 End=4073408916661 Duration=47618954
Task=84 Chunk=0 Start=4073408916852 End=4073457118370 Duration=48201518
Task=85 Chunk=0 Start=4073457118602 End=4073505250350 Duration=48131748
Task=86 Chunk=0 Start=4073505250523 End=4073553079207 Duration=47828684
Task=87 Chunk=0 Start=4073553079391 End=4073598580563 Duration=45501172
Task=88 Chunk=0 Start=4073598580860 End=4073644172144 Duration=45591284
Task=89 Chunk=0 Start=4073644172393 End=4073689864247 Duration=45691854
Task=90 Chunk=0 Start=4073689864455 End=4073736377079 Duration=46512624
Task=91 Chunk=0 Start=4073736377305 End=4073784691861 Duration=48314556
Task=92 Chunk=0 Start=4073784692027 End=4073832832733 Duration=48140706
Task=93 Chunk=0 Start=4073832832948 End=4073880899136 Duration=48066188
Task=94 Chunk=0 Start=4073880899371 End=4073927049839 Duration=46150468
Task=95 Chunk=0 Start=4073927050105 End=4073972650890 Duration=45600785
Task=96 Chunk=0 Start=4073972651154 End=4074018275130 Duration=45623976
Task=97 Chunk=0 Start=4074018275384 End=4074063812628 Duration=45537244
Task=98 Chunk=0 Start=4074063812940 End=4074112162724 Duration=48349784
Task=99 Chunk=0 Start=4074112162993 End=4074160318056 Duration=48155063
### Python End ###

--------------------------------
[2025-06-26 18:17:05.512] [info] Available Vulkan Layers:
[2025-06-26 18:17:05.512] [warning] Validation layer requested but not available, continuing without it...
[2025-06-26 18:17:05.518] [info] Using integrated GPU: Mali-G710
### Python Begin ###
Schedule_UID=SCH-M9-G000-6447
Frequency=24576000 Hz
Task=0 Chunk=0 Start=4074165744132 End=4074184268896 Duration=18524764
Task=1 Chunk=0 Start=4074184268987 End=4074202950798 Duration=18681811
Task=2 Chunk=0 Start=4074202951003 End=4074221514615 Duration=18563612
Task=3 Chunk=0 Start=4074221514657 End=4074240245925 Duration=18731268
Task=4 Chunk=0 Start=4074240245936 End=4074259588282 Duration=19342346
Task=5 Chunk=0 Start=4074259588286 End=4074278979335 Duration=19391049
Task=6 Chunk=0 Start=4074278979346 End=4074298388913 Duration=19409567
Task=7 Chunk=0 Start=4074298388916 End=4074317787067 Duration=19398151
Task=8 Chunk=0 Start=4074317787081 End=4074337199380 Duration=19412299
Task=9 Chunk=0 Start=4074337199394 End=4074356612254 Duration=19412860
Task=10 Chunk=0 Start=4074356612257 End=4074376124586 Duration=19512329
Task=11 Chunk=0 Start=4074376124589 End=4074395682075 Duration=19557486
Task=12 Chunk=0 Start=4074395682078 End=4074415805142 Duration=20123064
Task=13 Chunk=0 Start=4074415805144 End=4074436476741 Duration=20671597
Task=14 Chunk=0 Start=4074436476744 End=4074456935118 Duration=20458374
Task=15 Chunk=0 Start=4074456935123 End=4074477451853 Duration=20516730
Task=16 Chunk=0 Start=4074477451858 End=4074497902453 Duration=20450595
Task=17 Chunk=0 Start=4074497902456 End=4074518375941 Duration=20473485
Task=18 Chunk=0 Start=4074518376097 End=4074538920140 Duration=20544043
Task=19 Chunk=0 Start=4074538920147 End=4074559536908 Duration=20616761
Task=20 Chunk=0 Start=4074559536911 End=4074580067118 Duration=20530207
Task=21 Chunk=0 Start=4074580067121 End=4074601732697 Duration=21665576
Task=22 Chunk=0 Start=4074601732718 End=4074623770686 Duration=22037968
Task=23 Chunk=0 Start=4074623770734 End=4074645671043 Duration=21900309
Task=24 Chunk=0 Start=4074645671046 End=4074667532021 Duration=21860975
Task=25 Chunk=0 Start=4074667532035 End=4074689402325 Duration=21870290
Task=26 Chunk=0 Start=4074689402327 End=4074711283800 Duration=21881473
Task=27 Chunk=0 Start=4074711283803 End=4074733168449 Duration=21884646
Task=28 Chunk=0 Start=4074733168476 End=4074755052736 Duration=21884260
Task=29 Chunk=0 Start=4074755052738 End=4074778879357 Duration=23826619
Task=30 Chunk=0 Start=4074778879360 End=4074802850884 Duration=23971524
Task=31 Chunk=0 Start=4074802850895 End=4074827097822 Duration=24246927
Task=32 Chunk=0 Start=4074827097884 End=4074851717542 Duration=24619658
Task=33 Chunk=0 Start=4074851717548 End=4074875678785 Duration=23961237
Task=34 Chunk=0 Start=4074875678795 End=4074899536050 Duration=23857255
Task=35 Chunk=0 Start=4074899536061 End=4074923373398 Duration=23837337
Task=36 Chunk=0 Start=4074923373410 End=4074949129116 Duration=25755706
Task=37 Chunk=0 Start=4074949129119 End=4074975428116 Duration=26298997
Task=38 Chunk=0 Start=4074975428123 End=4075001650640 Duration=26222517
Task=39 Chunk=0 Start=4075001650654 End=4075028238942 Duration=26588288
Task=40 Chunk=0 Start=4075028238956 End=4075054522374 Duration=26283418
Task=41 Chunk=0 Start=4075054522380 End=4075080967258 Duration=26444878
Task=42 Chunk=0 Start=4075080967264 End=4075107309022 Duration=26341758
Task=43 Chunk=0 Start=4075107309029 End=4075133605934 Duration=26296905
Task=44 Chunk=0 Start=4075133605949 End=4075159923928 Duration=26317979
Task=45 Chunk=0 Start=4075159923931 End=4075186394394 Duration=26470463
Task=46 Chunk=0 Start=4075186394404 End=4075212816415 Duration=26422011
Task=47 Chunk=0 Start=4075212816421 End=4075239089668 Duration=26273247
Task=48 Chunk=0 Start=4075239089674 End=4075265334732 Duration=26245058
Task=49 Chunk=0 Start=4075265334737 End=4075291564874 Duration=26230137
Task=50 Chunk=0 Start=4075291564903 End=4075317900571 Duration=26335668
Task=51 Chunk=0 Start=4075317900578 End=4075344144513 Duration=26243935
Task=52 Chunk=0 Start=4075344144526 End=4075370372859 Duration=26228333
Task=53 Chunk=0 Start=4075370372863 End=4075397589076 Duration=27216213
Task=54 Chunk=0 Start=4075397589080 End=4075423839045 Duration=26249965
Task=55 Chunk=0 Start=4075423839078 End=4075450082947 Duration=26243869
Task=56 Chunk=0 Start=4075450083016 End=4075476350408 Duration=26267392
Task=57 Chunk=0 Start=4075476350419 End=4075502575602 Duration=26225183
Task=58 Chunk=0 Start=4075502575608 End=4075528893993 Duration=26318385
Task=59 Chunk=0 Start=4075528893998 End=4075555301047 Duration=26407049
Task=60 Chunk=0 Start=4075555301050 End=4075581745706 Duration=26444656
Task=61 Chunk=0 Start=4075581745709 End=4075608095851 Duration=26350142
Task=62 Chunk=0 Start=4075608095855 End=4075634498758 Duration=26402903
Task=63 Chunk=0 Start=4075634498761 End=4075661056159 Duration=26557398
Task=64 Chunk=0 Start=4075661056172 End=4075687650808 Duration=26594636
Task=65 Chunk=0 Start=4075687650813 End=4075714513330 Duration=26862517
Task=66 Chunk=0 Start=4075714513331 End=4075741232252 Duration=26718921
Task=67 Chunk=0 Start=4075741232261 End=4075768173112 Duration=26940851
Task=68 Chunk=0 Start=4075768173122 End=4075794963592 Duration=26790470
Task=69 Chunk=0 Start=4075794963593 End=4075819231592 Duration=24267999
Task=70 Chunk=0 Start=4075819231609 End=4075843501552 Duration=24269943
Task=71 Chunk=0 Start=4075843501560 End=4075867834810 Duration=24333250
Task=72 Chunk=0 Start=4075867834813 End=4075892195719 Duration=24360906
Task=73 Chunk=0 Start=4075892195732 End=4075916435520 Duration=24239788
Task=74 Chunk=0 Start=4075916435531 End=4075940662388 Duration=24226857
Task=75 Chunk=0 Start=4075940662400 End=4075965177794 Duration=24515394
Task=76 Chunk=0 Start=4075965177836 End=4075992534157 Duration=27356321
Task=77 Chunk=0 Start=4075992534172 End=4076018935898 Duration=26401726
Task=78 Chunk=0 Start=4076018935905 End=4076045305167 Duration=26369262
Task=79 Chunk=0 Start=4076045305184 End=4076071754188 Duration=26449004
Task=80 Chunk=0 Start=4076071754191 End=4076098876489 Duration=27122298
Task=81 Chunk=0 Start=4076098876559 End=4076125696178 Duration=26819619
Task=82 Chunk=0 Start=4076125696181 End=4076152313605 Duration=26617424
Task=83 Chunk=0 Start=4076152313618 End=4076178942090 Duration=26628472
Task=84 Chunk=0 Start=4076178942108 End=4076205871694 Duration=26929586
Task=85 Chunk=0 Start=4076205871770 End=4076232935349 Duration=27063579
Task=86 Chunk=0 Start=4076232935353 End=4076259983200 Duration=27047847
Task=87 Chunk=0 Start=4076259983213 End=4076286903775 Duration=26920562
Task=88 Chunk=0 Start=4076286903791 End=4076313846578 Duration=26942787
Task=89 Chunk=0 Start=4076313846668 End=4076340144703 Duration=26298035
Task=90 Chunk=0 Start=4076340144784 End=4076366549474 Duration=26404690
Task=91 Chunk=0 Start=4076366549550 End=4076392937366 Duration=26387816
Task=92 Chunk=0 Start=4076392937488 End=4076419094071 Duration=26156583
Task=93 Chunk=0 Start=4076419094074 End=4076445357907 Duration=26263833
Task=94 Chunk=0 Start=4076445357962 End=4076471811154 Duration=26453192
Task=95 Chunk=0 Start=4076471811155 End=4076496625189 Duration=24814034
Task=96 Chunk=0 Start=4076496625234 End=4076520458016 Duration=23832782
Task=97 Chunk=0 Start=4076520458024 End=4076544267959 Duration=23809935
Task=98 Chunk=0 Start=4076544267970 End=4076567980830 Duration=23712860
Task=99 Chunk=0 Start=4076567980831 End=4076591779476 Duration=23798645
### Python End ###

--------------------------------
[2025-06-26 18:18:44.448] [info] Available Vulkan Layers:
[2025-06-26 18:18:44.448] [warning] Validation layer requested but not available, continuing without it...
[2025-06-26 18:18:44.452] [info] Using integrated GPU: Mali-G710
### Python Begin ###
Schedule_UID=SCH-B9-G000-92fb
Frequency=24576000 Hz
Task=0 Chunk=0 Start=4076597163357 End=4076615694162 Duration=18530805
Task=1 Chunk=0 Start=4076615694210 End=4076635269262 Duration=19575052
Task=2 Chunk=0 Start=4076635269273 End=4076655398596 Duration=20129323
Task=3 Chunk=0 Start=4076655398598 End=4076675824633 Duration=20426035
Task=4 Chunk=0 Start=4076675824669 End=4076696532644 Duration=20707975
Task=5 Chunk=0 Start=4076696532669 End=4076717350695 Duration=20818026
Task=6 Chunk=0 Start=4076717350710 End=4076738355837 Duration=21005127
Task=7 Chunk=0 Start=4076738355840 End=4076759349541 Duration=20993701
Task=8 Chunk=0 Start=4076759349542 End=4076780325514 Duration=20975972
Task=9 Chunk=0 Start=4076780325530 End=4076801503645 Duration=21178115
Task=10 Chunk=0 Start=4076801503652 End=4076822808425 Duration=21304773
Task=11 Chunk=0 Start=4076822808426 End=4076844200394 Duration=21391968
Task=12 Chunk=0 Start=4076844200395 End=4076865641206 Duration=21440811
Task=13 Chunk=0 Start=4076865641211 End=4076887192350 Duration=21551139
Task=14 Chunk=0 Start=4076887192351 End=4076908503993 Duration=21311642
Task=15 Chunk=0 Start=4076908504116 End=4076929317355 Duration=20813239
Task=16 Chunk=0 Start=4076929317356 End=4076950216480 Duration=20899124
Task=17 Chunk=0 Start=4076950216488 End=4076971572429 Duration=21355941
Task=18 Chunk=0 Start=4076971572429 End=4076992671034 Duration=21098605
Task=19 Chunk=0 Start=4076992671070 End=4077013761999 Duration=21090929
Task=20 Chunk=0 Start=4077013761999 End=4077034836196 Duration=21074197
Task=21 Chunk=0 Start=4077034836196 End=4077056067345 Duration=21231149
Task=22 Chunk=0 Start=4077056067347 End=4077077352472 Duration=21285125
Task=23 Chunk=0 Start=4077077352475 End=4077098684055 Duration=21331580
Task=24 Chunk=0 Start=4077098684080 End=4077120013663 Duration=21329583
Task=25 Chunk=0 Start=4077120013663 End=4077141327205 Duration=21313542
Task=26 Chunk=0 Start=4077141327208 End=4077162682744 Duration=21355536
Task=27 Chunk=0 Start=4077162682745 End=4077184369475 Duration=21686730
Task=28 Chunk=0 Start=4077184369476 End=4077206704617 Duration=22335141
Task=29 Chunk=0 Start=4077206704696 End=4077229025167 Duration=22320471
Task=30 Chunk=0 Start=4077229025171 End=4077251353702 Duration=22328531
Task=31 Chunk=0 Start=4077251353708 End=4077273630687 Duration=22276979
Task=32 Chunk=0 Start=4077273630784 End=4077295968411 Duration=22337627
Task=33 Chunk=0 Start=4077295968412 End=4077318313915 Duration=22345503
Task=34 Chunk=0 Start=4077318313916 End=4077340656063 Duration=22342147
Task=35 Chunk=0 Start=4077340656063 End=4077365900165 Duration=25244102
Task=36 Chunk=0 Start=4077365900166 End=4077392129048 Duration=26228882
Task=37 Chunk=0 Start=4077392129051 End=4077418190401 Duration=26061350
Task=38 Chunk=0 Start=4077418190404 End=4077444289122 Duration=26098718
Task=39 Chunk=0 Start=4077444289135 End=4077470400726 Duration=26111591
Task=40 Chunk=0 Start=4077470400732 End=4077496486359 Duration=26085627
Task=41 Chunk=0 Start=4077496486360 End=4077524750446 Duration=28264086
Task=42 Chunk=0 Start=4077524750448 End=4077556728265 Duration=31977817
Task=43 Chunk=0 Start=4077556728267 End=4077588854270 Duration=32126003
Task=44 Chunk=0 Start=4077588854290 End=4077620867714 Duration=32013424
Task=45 Chunk=0 Start=4077620867715 End=4077652907436 Duration=32039721
Task=46 Chunk=0 Start=4077652907437 End=4077684929859 Duration=32022422
Task=47 Chunk=0 Start=4077684929869 End=4077724441459 Duration=39511590
Task=48 Chunk=0 Start=4077724441475 End=4077765690265 Duration=41248790
Task=49 Chunk=0 Start=4077765690283 End=4077808184796 Duration=42494513
Task=50 Chunk=0 Start=4077808184828 End=4077849868570 Duration=41683742
Task=51 Chunk=0 Start=4077849868572 End=4077894802052 Duration=44933480
Task=52 Chunk=0 Start=4077894802053 End=4077941458197 Duration=46656144
Task=53 Chunk=0 Start=4077941458198 End=4077987994205 Duration=46536007
Task=54 Chunk=0 Start=4077987994285 End=4078034516628 Duration=46522343
Task=55 Chunk=0 Start=4078034516694 End=4078076037548 Duration=41520854
Task=56 Chunk=0 Start=4078076037552 End=4078117368952 Duration=41331400
Task=57 Chunk=0 Start=4078117368954 End=4078158728752 Duration=41359798
Task=58 Chunk=0 Start=4078158728754 End=4078199969661 Duration=41240907
Task=59 Chunk=0 Start=4078199969662 End=4078237089582 Duration=37119920
Task=60 Chunk=0 Start=4078237089589 End=4078272902454 Duration=35812865
Task=61 Chunk=0 Start=4078272902499 End=4078308967567 Duration=36065068
Task=62 Chunk=0 Start=4078308967568 End=4078346519440 Duration=37551872
Task=63 Chunk=0 Start=4078346519485 End=4078384534951 Duration=38015466
Task=64 Chunk=0 Start=4078384534953 End=4078422303711 Duration=37768758
Task=65 Chunk=0 Start=4078422303720 End=4078459837192 Duration=37533472
Task=66 Chunk=0 Start=4078459837212 End=4078497106471 Duration=37269259
Task=67 Chunk=0 Start=4078497106535 End=4078534427697 Duration=37321162
Task=68 Chunk=0 Start=4078534427698 End=4078569820313 Duration=35392615
Task=69 Chunk=0 Start=4078569820378 End=4078601771678 Duration=31951300
Task=70 Chunk=0 Start=4078601771683 End=4078633666648 Duration=31894965
Task=71 Chunk=0 Start=4078633666649 End=4078665897755 Duration=32231106
Task=72 Chunk=0 Start=4078665897756 End=4078697622620 Duration=31724864
Task=73 Chunk=0 Start=4078697622621 End=4078729748085 Duration=32125464
Task=74 Chunk=0 Start=4078729748086 End=4078766951199 Duration=37203113
Task=75 Chunk=0 Start=4078766951201 End=4078804440965 Duration=37489764
Task=76 Chunk=0 Start=4078804440966 End=4078841819594 Duration=37378628
Task=77 Chunk=0 Start=4078841819646 End=4078877737720 Duration=35918074
Task=78 Chunk=0 Start=4078877737722 End=4078912279949 Duration=34542227
Task=79 Chunk=0 Start=4078912279953 End=4078944444571 Duration=32164618
Task=80 Chunk=0 Start=4078944444624 End=4078976761606 Duration=32316982
Task=81 Chunk=0 Start=4078976761678 End=4079009077140 Duration=32315462
Task=82 Chunk=0 Start=4079009077141 End=4079041389859 Duration=32312718
Task=83 Chunk=0 Start=4079041389892 End=4079073739081 Duration=32349189
Task=84 Chunk=0 Start=4079073739084 End=4079109780079 Duration=36040995
Task=85 Chunk=0 Start=4079109780119 End=4079145705305 Duration=35925186
Task=86 Chunk=0 Start=4079145705316 End=4079183449809 Duration=37744493
Task=87 Chunk=0 Start=4079183449821 End=4079220761776 Duration=37311955
Task=88 Chunk=0 Start=4079220761849 End=4079256924688 Duration=36162839
Task=89 Chunk=0 Start=4079256924734 End=4079290728135 Duration=33803401
Task=90 Chunk=0 Start=4079290728162 End=4079324503341 Duration=33775179
Task=91 Chunk=0 Start=4079324503342 End=4079358322328 Duration=33818986
Task=92 Chunk=0 Start=4079358322329 End=4079392091446 Duration=33769117
Task=93 Chunk=0 Start=4079392091448 End=4079426606407 Duration=34514959
Task=94 Chunk=0 Start=4079426606487 End=4079464127670 Duration=37521183
Task=95 Chunk=0 Start=4079464127672 End=4079500392978 Duration=36265306
Task=96 Chunk=0 Start=4079500393071 End=4079538102603 Duration=37709532
Task=97 Chunk=0 Start=4079538102695 End=4079575181855 Duration=37079160
Task=98 Chunk=0 Start=4079575181856 End=4079610083163 Duration=34901307
Task=99 Chunk=0 Start=4079610083171 End=4079644349477 Duration=34266306
### Python End ###

--------------------------------
[2025-06-26 18:20:48.665] [info] Available Vulkan Layers:
[2025-06-26 18:20:48.665] [warning] Validation layer requested but not available, continuing without it...
[2025-06-26 18:20:48.670] [info] Using integrated GPU: Mali-G710
### Python Begin ###
Schedule_UID=SCH-G9-G000-07e2
Frequency=24576000 Hz
Task=0 Chunk=0 Start=4079651802739 End=4079652101235 Duration=298496
Task=1 Chunk=0 Start=4079652101242 End=4079652247269 Duration=146027
Task=2 Chunk=0 Start=4079652247285 End=4079652391466 Duration=144181
Task=3 Chunk=0 Start=4079652391473 End=4079652531350 Duration=139877
Task=4 Chunk=0 Start=4079652531353 End=4079652683937 Duration=152584
Task=5 Chunk=0 Start=4079652683938 End=4079652841532 Duration=157594
Task=6 Chunk=0 Start=4079652841533 End=4079653015248 Duration=173715
Task=7 Chunk=0 Start=4079653015250 End=4079653187094 Duration=171844
Task=8 Chunk=0 Start=4079653187095 End=4079653361619 Duration=174524
Task=9 Chunk=0 Start=4079653361620 End=4079653524640 Duration=163020
Task=10 Chunk=0 Start=4079653524642 End=4079653689529 Duration=164887
Task=11 Chunk=0 Start=4079653689531 End=4079653919812 Duration=230281
Task=12 Chunk=0 Start=4079653919814 End=4079654095094 Duration=175280
Task=13 Chunk=0 Start=4079654095096 End=4079654269561 Duration=174465
Task=14 Chunk=0 Start=4079654269563 End=4079654456708 Duration=187145
Task=15 Chunk=0 Start=4079654456711 End=4079654635665 Duration=178954
Task=16 Chunk=0 Start=4079654635667 End=4079654818379 Duration=182712
Task=17 Chunk=0 Start=4079654818383 End=4079655002171 Duration=183788
Task=18 Chunk=0 Start=4079655002174 End=4079655178586 Duration=176412
Task=19 Chunk=0 Start=4079655178587 End=4079655329928 Duration=151341
Task=20 Chunk=0 Start=4079655329930 End=4079655490943 Duration=161013
Task=21 Chunk=0 Start=4079655490944 End=4079655655318 Duration=164374
Task=22 Chunk=0 Start=4079655655322 End=4079655831037 Duration=175715
Task=23 Chunk=0 Start=4079655831040 End=4079656007181 Duration=176141
Task=24 Chunk=0 Start=4079656007185 End=4079656182133 Duration=174948
Task=25 Chunk=0 Start=4079656182137 End=4079656358776 Duration=176639
Task=26 Chunk=0 Start=4079656358780 End=4079656542088 Duration=183308
Task=27 Chunk=0 Start=4079656542093 End=4079656746871 Duration=204778
Task=28 Chunk=0 Start=4079656746878 End=4079656951517 Duration=204639
Task=29 Chunk=0 Start=4079656951522 End=4079657149639 Duration=198117
Task=30 Chunk=0 Start=4079657149645 End=4079657348198 Duration=198553
Task=31 Chunk=0 Start=4079657348202 End=4079657548785 Duration=200583
Task=32 Chunk=0 Start=4079657548791 End=4079657764878 Duration=216087
Task=33 Chunk=0 Start=4079657764884 End=4079657977710 Duration=212826
Task=34 Chunk=0 Start=4079657977715 End=4079658165093 Duration=187378
Task=35 Chunk=0 Start=4079658165111 End=4079658349592 Duration=184481
Task=36 Chunk=0 Start=4079658349597 End=4079658559499 Duration=209902
Task=37 Chunk=0 Start=4079658559503 End=4079658771907 Duration=212404
Task=38 Chunk=0 Start=4079658771911 End=4079659004176 Duration=232265
Task=39 Chunk=0 Start=4079659004194 End=4079659227377 Duration=223183
Task=40 Chunk=0 Start=4079659227404 End=4079659463484 Duration=236080
Task=41 Chunk=0 Start=4079659463489 End=4079659701135 Duration=237646
Task=42 Chunk=0 Start=4079659701141 End=4079659927213 Duration=226072
Task=43 Chunk=0 Start=4079659927218 End=4079660155201 Duration=227983
Task=44 Chunk=0 Start=4079660155207 End=4079660403406 Duration=248199
Task=45 Chunk=0 Start=4079660403412 End=4079660634476 Duration=231064
Task=46 Chunk=0 Start=4079660634481 End=4079660859223 Duration=224742
Task=47 Chunk=0 Start=4079660859228 End=4079661094101 Duration=234873
Task=48 Chunk=0 Start=4079661094105 End=4079661339114 Duration=245009
Task=49 Chunk=0 Start=4079661339119 End=4079661569010 Duration=229891
Task=50 Chunk=0 Start=4079661569015 End=4079661824805 Duration=255790
Task=51 Chunk=0 Start=4079661824811 End=4079662070088 Duration=245277
Task=52 Chunk=0 Start=4079662070094 End=4079662303646 Duration=233552
Task=53 Chunk=0 Start=4079662303651 End=4079662534670 Duration=231019
Task=54 Chunk=0 Start=4079662534675 End=4079662766312 Duration=231637
Task=55 Chunk=0 Start=4079662766318 End=4079662994804 Duration=228486
Task=56 Chunk=0 Start=4079662994810 End=4079663222309 Duration=227499
Task=57 Chunk=0 Start=4079663222315 End=4079663453124 Duration=230809
Task=58 Chunk=0 Start=4079663453130 End=4079663683174 Duration=230044
Task=59 Chunk=0 Start=4079663683179 End=4079663909833 Duration=226654
Task=60 Chunk=0 Start=4079663909839 End=4079664143953 Duration=234114
Task=61 Chunk=0 Start=4079664143958 End=4079664381090 Duration=237132
Task=62 Chunk=0 Start=4079664381095 End=4079664610400 Duration=229305
Task=63 Chunk=0 Start=4079664610406 End=4079664854673 Duration=244267
Task=64 Chunk=0 Start=4079664854700 End=4079665075061 Duration=220361
Task=65 Chunk=0 Start=4079665075082 End=4079665309502 Duration=234420
Task=66 Chunk=0 Start=4079665309540 End=4079665543317 Duration=233777
Task=67 Chunk=0 Start=4079665543323 End=4079665773881 Duration=230558
Task=68 Chunk=0 Start=4079665773886 End=4079666015207 Duration=241321
Task=69 Chunk=0 Start=4079666015229 End=4079666250189 Duration=234960
Task=70 Chunk=0 Start=4079666250195 End=4079666492874 Duration=242679
Task=71 Chunk=0 Start=4079666492879 End=4079666736440 Duration=243561
Task=72 Chunk=0 Start=4079666736471 End=4079666983460 Duration=246989
Task=73 Chunk=0 Start=4079666983512 End=4079667225388 Duration=241876
Task=74 Chunk=0 Start=4079667225422 End=4079667471714 Duration=246292
Task=75 Chunk=0 Start=4079667471738 End=4079667720026 Duration=248288
Task=76 Chunk=0 Start=4079667720065 End=4079667972832 Duration=252767
Task=77 Chunk=0 Start=4079667972873 End=4079668221293 Duration=248420
Task=78 Chunk=0 Start=4079668221328 End=4079668469774 Duration=248446
Task=79 Chunk=0 Start=4079668469814 End=4079668715957 Duration=246143
Task=80 Chunk=0 Start=4079668716000 End=4079668971013 Duration=255013
Task=81 Chunk=0 Start=4079668971051 End=4079669218085 Duration=247034
Task=82 Chunk=0 Start=4079669218126 End=4079669623975 Duration=405849
Task=83 Chunk=0 Start=4079669623996 End=4079669820944 Duration=196948
Task=84 Chunk=0 Start=4079669820948 End=4079670027821 Duration=206873
Task=85 Chunk=0 Start=4079670027825 End=4079670245922 Duration=218097
Task=86 Chunk=0 Start=4079670245927 End=4079670465617 Duration=219690
Task=87 Chunk=0 Start=4079670465628 End=4079670682385 Duration=216757
Task=88 Chunk=0 Start=4079670682397 End=4079670897069 Duration=214672
Task=89 Chunk=0 Start=4079670897075 End=4079671116562 Duration=219487
Task=90 Chunk=0 Start=4079671116583 End=4079671348433 Duration=231850
Task=91 Chunk=0 Start=4079671348447 End=4079671571996 Duration=223549
Task=92 Chunk=0 Start=4079671572011 End=4079671815018 Duration=243007
Task=93 Chunk=0 Start=4079671815118 End=4079672103736 Duration=288618
Task=94 Chunk=0 Start=4079672103833 End=4079672366233 Duration=262400
Task=95 Chunk=0 Start=4079672366255 End=4079672651700 Duration=285445
Task=96 Chunk=0 Start=4079672651725 End=4079672932168 Duration=280443
Task=97 Chunk=0 Start=4079672932193 End=4079673230473 Duration=298280
Task=98 Chunk=0 Start=4079673230501 End=4079673517011 Duration=286510
Task=99 Chunk=0 Start=4079673517041 End=4079673794733 Duration=277692
### Python End ###

--------------------------------
[2025-06-26 18:20:49.853] [info] Available Vulkan Layers:
[2025-06-26 18:20:49.853] [warning] Validation layer requested but not available, continuing without it...
[2025-06-26 18:20:49.856] [info] Using integrated GPU: Mali-G710
### Python Begin ###
Schedule_UID=SCH-G7L2-G227-14a5
Frequency=24576000 Hz
Task=0 Chunk=0 Start=4079680839296 End=4079681135572 Duration=296276
Task=0 Chunk=1 Start=4079681135598 End=4079681812149 Duration=676551
Task=1 Chunk=0 Start=4079681135579 End=4079681338918 Duration=203339
Task=1 Chunk=1 Start=4079681812172 End=4079681842791 Duration=30619
Task=2 Chunk=0 Start=4079681338919 End=4079681458452 Duration=119533
Task=2 Chunk=1 Start=4079681842796 End=4079681871356 Duration=28560
Task=3 Chunk=0 Start=4079681458453 End=4079681576748 Duration=118295
Task=3 Chunk=1 Start=4079681871367 End=4079681896990 Duration=25623
Task=4 Chunk=0 Start=4079681576749 End=4079681695473 Duration=118724
Task=4 Chunk=1 Start=4079681897005 End=4079681924941 Duration=27936
Task=5 Chunk=0 Start=4079681695474 End=4079681823817 Duration=128343
Task=5 Chunk=1 Start=4079681924949 End=4079681951079 Duration=26130
Task=6 Chunk=0 Start=4079681823823 End=4079681950217 Duration=126394
Task=6 Chunk=1 Start=4079681951085 End=4079681978288 Duration=27203
Task=7 Chunk=0 Start=4079681950219 End=4079682076669 Duration=126450
Task=7 Chunk=1 Start=4079682076698 End=4079682103725 Duration=27027
Task=8 Chunk=0 Start=4079682076670 End=4079682204446 Duration=127776
Task=8 Chunk=1 Start=4079682204460 End=4079682246404 Duration=41944
Task=9 Chunk=0 Start=4079682204447 End=4079682332623 Duration=128176
Task=9 Chunk=1 Start=4079682332637 End=4079682370685 Duration=38048
Task=10 Chunk=0 Start=4079682332624 End=4079682468644 Duration=136020
Task=10 Chunk=1 Start=4079682468668 End=4079682495845 Duration=27177
Task=11 Chunk=0 Start=4079682468645 End=4079682596661 Duration=128016
Task=11 Chunk=1 Start=4079682596678 End=4079682624512 Duration=27834
Task=12 Chunk=0 Start=4079682596662 End=4079682726670 Duration=130008
Task=12 Chunk=1 Start=4079682726699 End=4079682753722 Duration=27023
Task=13 Chunk=0 Start=4079682726671 End=4079682857935 Duration=131264
Task=13 Chunk=1 Start=4079682857942 End=4079682884768 Duration=26826
Task=14 Chunk=0 Start=4079682857935 End=4079682995898 Duration=137963
Task=14 Chunk=1 Start=4079682995925 End=4079683022529 Duration=26604
Task=15 Chunk=0 Start=4079682995900 End=4079683125740 Duration=129840
Task=15 Chunk=1 Start=4079683125755 End=4079683151849 Duration=26094
Task=16 Chunk=0 Start=4079683125742 End=4079683259623 Duration=133881
Task=16 Chunk=1 Start=4079683259647 End=4079683286049 Duration=26402
Task=17 Chunk=0 Start=4079683259624 End=4079683388990 Duration=129366
Task=17 Chunk=1 Start=4079683390282 End=4079683416775 Duration=26493
Task=18 Chunk=0 Start=4079683388992 End=4079683527838 Duration=138846
Task=18 Chunk=1 Start=4079683527864 End=4079683554349 Duration=26485
Task=19 Chunk=0 Start=4079683527840 End=4079683666100 Duration=138260
Task=19 Chunk=1 Start=4079683666114 End=4079683694143 Duration=28029
Task=20 Chunk=0 Start=4079683666101 End=4079683805076 Duration=138975
Task=20 Chunk=1 Start=4079683805106 End=4079683833234 Duration=28128
Task=21 Chunk=0 Start=4079683805078 End=4079683942004 Duration=136926
Task=21 Chunk=1 Start=4079683942020 End=4079683968912 Duration=26892
Task=22 Chunk=0 Start=4079683942006 End=4079684078741 Duration=136735
Task=22 Chunk=1 Start=4079684078757 End=4079684105305 Duration=26548
Task=23 Chunk=0 Start=4079684078743 End=4079684213016 Duration=134273
Task=23 Chunk=1 Start=4079684213055 End=4079684239254 Duration=26199
Task=24 Chunk=0 Start=4079684213018 End=4079684338592 Duration=125574
Task=24 Chunk=1 Start=4079684338621 End=4079684364680 Duration=26059
Task=25 Chunk=0 Start=4079684338594 End=4079684459880 Duration=121286
Task=25 Chunk=1 Start=4079684459896 End=4079684488318 Duration=28422
Task=26 Chunk=0 Start=4079684459881 End=4079684585284 Duration=125403
Task=26 Chunk=1 Start=4079684585301 End=4079684611385 Duration=26084
Task=27 Chunk=0 Start=4079684585288 End=4079684716818 Duration=131530
Task=27 Chunk=1 Start=4079684716830 End=4079684743110 Duration=26280
Task=28 Chunk=0 Start=4079684716820 End=4079684846006 Duration=129186
Task=28 Chunk=1 Start=4079684846029 End=4079684873866 Duration=27837
Task=29 Chunk=0 Start=4079684846008 End=4079684981394 Duration=135386
Task=29 Chunk=1 Start=4079684981413 End=4079685007922 Duration=26509
Task=30 Chunk=0 Start=4079684981396 End=4079685118036 Duration=136640
Task=30 Chunk=1 Start=4079685118068 End=4079685144473 Duration=26405
Task=31 Chunk=0 Start=4079685118037 End=4079685254403 Duration=136366
Task=31 Chunk=1 Start=4079685254435 End=4079685281871 Duration=27436
Task=32 Chunk=0 Start=4079685254405 End=4079685390788 Duration=136383
Task=32 Chunk=1 Start=4079685390808 End=4079685417484 Duration=26676
Task=33 Chunk=0 Start=4079685390790 End=4079685528203 Duration=137413
Task=33 Chunk=1 Start=4079685528215 End=4079685555728 Duration=27513
Task=34 Chunk=0 Start=4079685528205 End=4079685667868 Duration=139663
Task=34 Chunk=1 Start=4079685667891 End=4079685694630 Duration=26739
Task=35 Chunk=0 Start=4079685667870 End=4079685805439 Duration=137569
Task=35 Chunk=1 Start=4079685805461 End=4079685832864 Duration=27403
Task=36 Chunk=0 Start=4079685805441 End=4079685942060 Duration=136619
Task=36 Chunk=1 Start=4079685942084 End=4079685971057 Duration=28973
Task=37 Chunk=0 Start=4079685942062 End=4079686102546 Duration=160484
Task=37 Chunk=1 Start=4079686102564 End=4079686129254 Duration=26690
Task=38 Chunk=0 Start=4079686102548 End=4079686248318 Duration=145770
Task=38 Chunk=1 Start=4079686248344 End=4079686274717 Duration=26373
Task=39 Chunk=0 Start=4079686248320 End=4079686386706 Duration=138386
Task=39 Chunk=1 Start=4079686386719 End=4079686413109 Duration=26390
Task=40 Chunk=0 Start=4079686386708 End=4079686524865 Duration=138157
Task=40 Chunk=1 Start=4079686524891 End=4079686552603 Duration=27712
Task=41 Chunk=0 Start=4079686524876 End=4079686663585 Duration=138709
Task=41 Chunk=1 Start=4079686663614 End=4079686690048 Duration=26434
Task=42 Chunk=0 Start=4079686663587 End=4079686801963 Duration=138376
Task=42 Chunk=1 Start=4079686801985 End=4079686830153 Duration=28168
Task=43 Chunk=0 Start=4079686801964 End=4079686943311 Duration=141347
Task=43 Chunk=1 Start=4079686943340 End=4079686970592 Duration=27252
Task=44 Chunk=0 Start=4079686943313 End=4079687086832 Duration=143519
Task=44 Chunk=1 Start=4079687086857 End=4079687113380 Duration=26523
Task=45 Chunk=0 Start=4079687086840 End=4079687210404 Duration=123564
Task=45 Chunk=1 Start=4079687210423 End=4079687238469 Duration=28046
Task=46 Chunk=0 Start=4079687210414 End=4079687341847 Duration=131433
Task=46 Chunk=1 Start=4079687341877 End=4079687368365 Duration=26488
Task=47 Chunk=0 Start=4079687341849 End=4079687472038 Duration=130189
Task=47 Chunk=1 Start=4079687472059 End=4079687498478 Duration=26419
Task=48 Chunk=0 Start=4079687472040 End=4079687609712 Duration=137672
Task=48 Chunk=1 Start=4079687609727 End=4079687637262 Duration=27535
Task=49 Chunk=0 Start=4079687609714 End=4079687746859 Duration=137145
Task=49 Chunk=1 Start=4079687746884 End=4079687774327 Duration=27443
Task=50 Chunk=0 Start=4079687746861 End=4079687884460 Duration=137599
Task=50 Chunk=1 Start=4079687884478 End=4079687912799 Duration=28321
Task=51 Chunk=0 Start=4079687884462 End=4079688023479 Duration=139017
Task=51 Chunk=1 Start=4079688023502 End=4079688050468 Duration=26966
Task=52 Chunk=0 Start=4079688023481 End=4079688160389 Duration=136908
Task=52 Chunk=1 Start=4079688160424 End=4079688187327 Duration=26903
Task=53 Chunk=0 Start=4079688160391 End=4079688300185 Duration=139794
Task=53 Chunk=1 Start=4079688300209 End=4079688329953 Duration=29744
Task=54 Chunk=0 Start=4079688300187 End=4079688439059 Duration=138872
Task=54 Chunk=1 Start=4079688439079 End=4079688465870 Duration=26791
Task=55 Chunk=0 Start=4079688439061 End=4079688578196 Duration=139135
Task=55 Chunk=1 Start=4079688578211 End=4079688606852 Duration=28641
Task=56 Chunk=0 Start=4079688578198 End=4079688720882 Duration=142684
Task=56 Chunk=1 Start=4079688720892 End=4079688748372 Duration=27480
Task=57 Chunk=0 Start=4079688720883 End=4079688859286 Duration=138403
Task=57 Chunk=1 Start=4079688859308 End=4079688886215 Duration=26907
Task=58 Chunk=0 Start=4079688859288 End=4079688997236 Duration=137948
Task=58 Chunk=1 Start=4079688997255 End=4079689024248 Duration=26993
Task=59 Chunk=0 Start=4079688997237 End=4079689137845 Duration=140608
Task=59 Chunk=1 Start=4079689137865 End=4079689164726 Duration=26861
Task=60 Chunk=0 Start=4079689137847 End=4079689277855 Duration=140008
Task=60 Chunk=1 Start=4079689277876 End=4079689304422 Duration=26546
Task=61 Chunk=0 Start=4079689277856 End=4079689421622 Duration=143766
Task=61 Chunk=1 Start=4079689421651 End=4079689448187 Duration=26536
Task=62 Chunk=0 Start=4079689421624 End=4079689566759 Duration=145135
Task=62 Chunk=1 Start=4079689566786 End=4079689594309 Duration=27523
Task=63 Chunk=0 Start=4079689566777 End=4079689704833 Duration=138056
Task=63 Chunk=1 Start=4079689704858 End=4079689731893 Duration=27035
Task=64 Chunk=0 Start=4079689704834 End=4079689840039 Duration=135205
Task=64 Chunk=1 Start=4079689840056 End=4079689866966 Duration=26910
Task=65 Chunk=0 Start=4079689840041 End=4079689990707 Duration=150666
Task=65 Chunk=1 Start=4079689990746 End=4079690018146 Duration=27400
Task=66 Chunk=0 Start=4079689990709 End=4079690129752 Duration=139043
Task=66 Chunk=1 Start=4079690129776 End=4079690156840 Duration=27064
Task=67 Chunk=0 Start=4079690129754 End=4079690269090 Duration=139336
Task=67 Chunk=1 Start=4079690269122 End=4079690297020 Duration=27898
Task=68 Chunk=0 Start=4079690269092 End=4079690410239 Duration=141147
Task=68 Chunk=1 Start=4079690410271 End=4079690436794 Duration=26523
Task=69 Chunk=0 Start=4079690410241 End=4079690550930 Duration=140689
Task=69 Chunk=1 Start=4079690550941 End=4079690578685 Duration=27744
Task=70 Chunk=0 Start=4079690550932 End=4079690690982 Duration=140050
Task=70 Chunk=1 Start=4079690690995 End=4079690718466 Duration=27471
Task=71 Chunk=0 Start=4079690690983 End=4079690829630 Duration=138647
Task=71 Chunk=1 Start=4079690829651 End=4079690856333 Duration=26682
Task=72 Chunk=0 Start=4079690829632 End=4079690968563 Duration=138931
Task=72 Chunk=1 Start=4079690968576 End=4079690995232 Duration=26656
Task=73 Chunk=0 Start=4079690968565 End=4079691107558 Duration=138993
Task=73 Chunk=1 Start=4079691107581 End=4079691134351 Duration=26770
Task=74 Chunk=0 Start=4079691107560 End=4079691247682 Duration=140122
Task=74 Chunk=1 Start=4079691247692 End=4079691275712 Duration=28020
Task=75 Chunk=0 Start=4079691247683 End=4079691385905 Duration=138222
Task=75 Chunk=1 Start=4079691385931 End=4079691412521 Duration=26590
Task=76 Chunk=0 Start=4079691385907 End=4079691525141 Duration=139234
Task=76 Chunk=1 Start=4079691525168 End=4079691553037 Duration=27869
Task=77 Chunk=0 Start=4079691525143 End=4079691670236 Duration=145093
Task=77 Chunk=1 Start=4079691670272 End=4079691697544 Duration=27272
Task=78 Chunk=0 Start=4079691670237 End=4079691809085 Duration=138848
Task=78 Chunk=1 Start=4079691809106 End=4079691835734 Duration=26628
Task=79 Chunk=0 Start=4079691809087 End=4079691947759 Duration=138672
Task=79 Chunk=1 Start=4079691947781 End=4079691974756 Duration=26975
Task=80 Chunk=0 Start=4079691947761 End=4079692095987 Duration=148226
Task=80 Chunk=1 Start=4079692096040 End=4079692123235 Duration=27195
Task=81 Chunk=0 Start=4079692096014 End=4079692235000 Duration=138986
Task=81 Chunk=1 Start=4079692235025 End=4079692263843 Duration=28818
Task=82 Chunk=0 Start=4079692235002 End=4079692382916 Duration=147914
Task=82 Chunk=1 Start=4079692382926 End=4079692410499 Duration=27573
Task=83 Chunk=0 Start=4079692382917 End=4079692524312 Duration=141395
Task=83 Chunk=1 Start=4079692524326 End=4079692551852 Duration=27526
Task=84 Chunk=0 Start=4079692524314 End=4079692663769 Duration=139455
Task=84 Chunk=1 Start=4079692663797 End=4079692691125 Duration=27328
Task=85 Chunk=0 Start=4079692663771 End=4079692803968 Duration=140197
Task=85 Chunk=1 Start=4079692803993 End=4079692831892 Duration=27899
Task=86 Chunk=0 Start=4079692803970 End=4079692944923 Duration=140953
Task=86 Chunk=1 Start=4079692944946 End=4079692971422 Duration=26476
Task=87 Chunk=0 Start=4079692944925 End=4079693083584 Duration=138659
Task=87 Chunk=1 Start=4079693083606 End=4079693110217 Duration=26611
Task=88 Chunk=0 Start=4079693083586 End=4079693217806 Duration=134220
Task=88 Chunk=1 Start=4079693260476 End=4079693286441 Duration=25965
Task=89 Chunk=0 Start=4079693217807 End=4079693352551 Duration=134744
Task=89 Chunk=1 Start=4079693352583 End=4079693379386 Duration=26803
Task=90 Chunk=0 Start=4079693352553 End=4079693493257 Duration=140704
Task=90 Chunk=1 Start=4079693493291 End=4079693521109 Duration=27818
Task=91 Chunk=0 Start=4079693493259 End=4079693630713 Duration=137454
Task=91 Chunk=1 Start=4079693630725 End=4079693658656 Duration=27931
Task=92 Chunk=0 Start=4079693630715 End=4079693776540 Duration=145825
Task=92 Chunk=1 Start=4079693776557 End=4079693804319 Duration=27762
Task=93 Chunk=0 Start=4079693776542 End=4079693921812 Duration=145270
Task=93 Chunk=1 Start=4079693921841 End=4079693948573 Duration=26732
Task=94 Chunk=0 Start=4079693921814 End=4079694062029 Duration=140215
Task=94 Chunk=1 Start=4079694062043 End=4079694088887 Duration=26844
Task=95 Chunk=0 Start=4079694062031 End=4079694204084 Duration=142053
Task=95 Chunk=1 Start=4079694204108 End=4079694231897 Duration=27789
Task=96 Chunk=0 Start=4079694204086 End=4079694348063 Duration=143977
Task=96 Chunk=1 Start=4079694348085 End=4079694375332 Duration=27247
Task=97 Chunk=0 Start=4079694348065 End=4079694486812 Duration=138747
Task=97 Chunk=1 Start=4079694486830 End=4079694515074 Duration=28244
Task=98 Chunk=0 Start=4079694486814 End=4079694628390 Duration=141576
Task=98 Chunk=1 Start=4079694628416 End=4079694655751 Duration=27335
Task=99 Chunk=0 Start=4079694628392 End=4079694767275 Duration=138883
Task=99 Chunk=1 Start=4079694767287 End=4079694793240 Duration=25953
### Python End ###

--------------------------------
[2025-06-26 18:20:50.706] [info] Available Vulkan Layers:
[2025-06-26 18:20:50.706] [warning] Validation layer requested but not available, continuing without it...
[2025-06-26 18:20:50.709] [info] Using integrated GPU: Mali-G710
### Python Begin ###
Schedule_UID=SCH-G7B2-G479-4231
Frequency=24576000 Hz
Task=0 Chunk=0 Start=4079702662302 End=4079702932954 Duration=270652
Task=0 Chunk=1 Start=4079702932961 End=4079702984835 Duration=51874
Task=1 Chunk=0 Start=4079702932956 End=4079703073283 Duration=140327
Task=1 Chunk=1 Start=4079703073305 End=4079703098968 Duration=25663
Task=2 Chunk=0 Start=4079703073286 End=4079703263623 Duration=190337
Task=2 Chunk=1 Start=4079703263637 End=4079703289312 Duration=25675
Task=3 Chunk=0 Start=4079703263630 End=4079703396056 Duration=132426
Task=3 Chunk=1 Start=4079703396077 End=4079703421535 Duration=25458
Task=4 Chunk=0 Start=4079703396063 End=4079703523953 Duration=127890
Task=4 Chunk=1 Start=4079703523972 End=4079703549548 Duration=25576
Task=5 Chunk=0 Start=4079703523958 End=4079703655954 Duration=131996
Task=5 Chunk=1 Start=4079703655969 End=4079703681579 Duration=25610
Task=6 Chunk=0 Start=4079703655960 End=4079703784725 Duration=128765
Task=6 Chunk=1 Start=4079703784738 End=4079703808041 Duration=23303
Task=7 Chunk=0 Start=4079703784730 End=4079703924948 Duration=140218
Task=7 Chunk=1 Start=4079703924965 End=4079703948814 Duration=23849
Task=8 Chunk=0 Start=4079703924951 End=4079704067623 Duration=142672
Task=8 Chunk=1 Start=4079704067633 End=4079704091116 Duration=23483
Task=9 Chunk=0 Start=4079704067625 End=4079704206956 Duration=139331
Task=9 Chunk=1 Start=4079704206970 End=4079704230919 Duration=23949
Task=10 Chunk=0 Start=4079704206963 End=4079704344463 Duration=137500
Task=10 Chunk=1 Start=4079704344482 End=4079704366830 Duration=22348
Task=11 Chunk=0 Start=4079704344469 End=4079704468335 Duration=123866
Task=11 Chunk=1 Start=4079704468345 End=4079704490588 Duration=22243
Task=12 Chunk=0 Start=4079704468341 End=4079704591780 Duration=123439
Task=12 Chunk=1 Start=4079704591790 End=4079704614599 Duration=22809
Task=13 Chunk=0 Start=4079704591782 End=4079704719508 Duration=127726
Task=13 Chunk=1 Start=4079704719527 End=4079704742803 Duration=23276
Task=14 Chunk=0 Start=4079704719516 End=4079704846424 Duration=126908
Task=14 Chunk=1 Start=4079704846440 End=4079704869108 Duration=22668
Task=15 Chunk=0 Start=4079704846426 End=4079704971491 Duration=125065
Task=15 Chunk=1 Start=4079704971502 End=4079704994152 Duration=22650
Task=16 Chunk=0 Start=4079704971496 End=4079705097784 Duration=126288
Task=16 Chunk=1 Start=4079705097794 End=4079705120925 Duration=23131
Task=17 Chunk=0 Start=4079705097790 End=4079705230721 Duration=132931
Task=17 Chunk=1 Start=4079705230740 End=4079705253511 Duration=22771
Task=18 Chunk=0 Start=4079705230729 End=4079705361082 Duration=130353
Task=18 Chunk=1 Start=4079705361095 End=4079705384208 Duration=23113
Task=19 Chunk=0 Start=4079705361090 End=4079705501625 Duration=140535
Task=19 Chunk=1 Start=4079705501642 End=4079705525393 Duration=23751
Task=20 Chunk=0 Start=4079705501634 End=4079705642890 Duration=141256
Task=20 Chunk=1 Start=4079705642915 End=4079705666375 Duration=23460
Task=21 Chunk=0 Start=4079705642892 End=4079705786315 Duration=143423
Task=21 Chunk=1 Start=4079705786340 End=4079705810123 Duration=23783
Task=22 Chunk=0 Start=4079705786329 End=4079705926849 Duration=140520
Task=22 Chunk=1 Start=4079705926861 End=4079705949586 Duration=22725
Task=23 Chunk=0 Start=4079705926852 End=4079706066651 Duration=139799
Task=23 Chunk=1 Start=4079706066669 End=4079706089414 Duration=22745
Task=24 Chunk=0 Start=4079706066663 End=4079706209004 Duration=142341
Task=24 Chunk=1 Start=4079706209029 End=4079706231899 Duration=22870
Task=25 Chunk=0 Start=4079706209020 End=4079706360676 Duration=151656
Task=25 Chunk=1 Start=4079706360694 End=4079706384003 Duration=23309
Task=26 Chunk=0 Start=4079706360687 End=4079706509084 Duration=148397
Task=26 Chunk=1 Start=4079706509098 End=4079706531546 Duration=22448
Task=27 Chunk=0 Start=4079706509097 End=4079706654082 Duration=144985
Task=27 Chunk=1 Start=4079706654101 End=4079706676836 Duration=22735
Task=28 Chunk=0 Start=4079706654086 End=4079706795162 Duration=141076
Task=28 Chunk=1 Start=4079706795174 End=4079706818535 Duration=23361
Task=29 Chunk=0 Start=4079706795176 End=4079706939880 Duration=144704
Task=29 Chunk=1 Start=4079706939899 End=4079706963181 Duration=23282
Task=30 Chunk=0 Start=4079706939889 End=4079707083765 Duration=143876
Task=30 Chunk=1 Start=4079707083778 End=4079707107084 Duration=23306
Task=31 Chunk=0 Start=4079707083774 End=4079707227216 Duration=143442
Task=31 Chunk=1 Start=4079707227232 End=4079707250274 Duration=23042
Task=32 Chunk=0 Start=4079707227230 End=4079707372325 Duration=145095
Task=32 Chunk=1 Start=4079707372347 End=4079707396178 Duration=23831
Task=33 Chunk=0 Start=4079707372338 End=4079707519198 Duration=146860
Task=33 Chunk=1 Start=4079707519218 End=4079707541781 Duration=22563
Task=34 Chunk=0 Start=4079707519211 End=4079707650300 Duration=131089
Task=34 Chunk=1 Start=4079707650322 End=4079707673433 Duration=23111
Task=35 Chunk=0 Start=4079707650319 End=4079707783986 Duration=133667
Task=35 Chunk=1 Start=4079707784007 End=4079707806565 Duration=22558
Task=36 Chunk=0 Start=4079707784001 End=4079707918629 Duration=134628
Task=36 Chunk=1 Start=4079707918636 End=4079707943616 Duration=24980
Task=37 Chunk=0 Start=4079707918639 End=4079708074474 Duration=155835
Task=37 Chunk=1 Start=4079708074485 End=4079708098984 Duration=24499
Task=38 Chunk=0 Start=4079708074483 End=4079708219606 Duration=145123
Task=38 Chunk=1 Start=4079708219625 End=4079708242321 Duration=22696
Task=39 Chunk=0 Start=4079708219615 End=4079708360089 Duration=140474
Task=39 Chunk=1 Start=4079708360117 End=4079708382727 Duration=22610
Task=40 Chunk=0 Start=4079708360108 End=4079708503949 Duration=143841
Task=40 Chunk=1 Start=4079708503959 End=4079708527258 Duration=23299
Task=41 Chunk=0 Start=4079708503958 End=4079708648367 Duration=144409
Task=41 Chunk=1 Start=4079708648376 End=4079708672007 Duration=23631
Task=42 Chunk=0 Start=4079708648376 End=4079708824804 Duration=176428
Task=42 Chunk=1 Start=4079708824827 End=4079708847521 Duration=22694
Task=43 Chunk=0 Start=4079708824819 End=4079708964084 Duration=139265
Task=43 Chunk=1 Start=4079708964103 End=4079708986865 Duration=22762
Task=44 Chunk=0 Start=4079708964093 End=4079709105730 Duration=141637
Task=44 Chunk=1 Start=4079709105751 End=4079709129100 Duration=23349
Task=45 Chunk=0 Start=4079709105744 End=4079709245150 Duration=139406
Task=45 Chunk=1 Start=4079709245200 End=4079709267849 Duration=22649
Task=46 Chunk=0 Start=4079709245164 End=4079709385850 Duration=140686
Task=46 Chunk=1 Start=4079709385865 End=4079709408560 Duration=22695
Task=47 Chunk=0 Start=4079709385860 End=4079709522659 Duration=136799
Task=47 Chunk=1 Start=4079709522683 End=4079709546329 Duration=23646
Task=48 Chunk=0 Start=4079709522673 End=4079709667188 Duration=144515
Task=48 Chunk=1 Start=4079709667205 End=4079709690508 Duration=23303
Task=49 Chunk=0 Start=4079709667202 End=4079709810759 Duration=143557
Task=49 Chunk=1 Start=4079709810775 End=4079709834548 Duration=23773
Task=50 Chunk=0 Start=4079709810767 End=4079709959571 Duration=148804
Task=50 Chunk=1 Start=4079709959587 End=4079709982747 Duration=23160
Task=51 Chunk=0 Start=4079709959580 End=4079710095974 Duration=136394
Task=51 Chunk=1 Start=4079710095989 End=4079710118572 Duration=22583
Task=52 Chunk=0 Start=4079710095984 End=4079710240227 Duration=144243
Task=52 Chunk=1 Start=4079710240241 End=4079710262630 Duration=22389
Task=53 Chunk=0 Start=4079710240242 End=4079710374860 Duration=134618
Task=53 Chunk=1 Start=4079710374887 End=4079710397688 Duration=22801
Task=54 Chunk=0 Start=4079710374875 End=4079710525835 Duration=150960
Task=54 Chunk=1 Start=4079710525865 End=4079710548777 Duration=22912
Task=55 Chunk=0 Start=4079710525853 End=4079710670394 Duration=144541
Task=55 Chunk=1 Start=4079710670413 End=4079710693301 Duration=22888
Task=56 Chunk=0 Start=4079710670407 End=4079710819366 Duration=148959
Task=56 Chunk=1 Start=4079710819373 End=4079710842280 Duration=22907
Task=57 Chunk=0 Start=4079710819375 End=4079710963851 Duration=144476
Task=57 Chunk=1 Start=4079710963875 End=4079710986833 Duration=22958
Task=58 Chunk=0 Start=4079710963864 End=4079711107885 Duration=144021
Task=58 Chunk=1 Start=4079711107897 End=4079711131204 Duration=23307
Task=59 Chunk=0 Start=4079711107899 End=4079711256497 Duration=148598
Task=59 Chunk=1 Start=4079711256509 End=4079711279365 Duration=22856
Task=60 Chunk=0 Start=4079711256506 End=4079711406900 Duration=150394
Task=60 Chunk=1 Start=4079711406916 End=4079711429847 Duration=22931
Task=61 Chunk=0 Start=4079711406909 End=4079711550814 Duration=143905
Task=61 Chunk=1 Start=4079711550835 End=4079711573566 Duration=22731
Task=62 Chunk=0 Start=4079711550828 End=4079711698659 Duration=147831
Task=62 Chunk=1 Start=4079711698673 End=4079711721852 Duration=23179
Task=63 Chunk=0 Start=4079711698669 End=4079711853705 Duration=155036
Task=63 Chunk=1 Start=4079711853731 End=4079711877506 Duration=23775
Task=64 Chunk=0 Start=4079711853719 End=4079712008240 Duration=154521
Task=64 Chunk=1 Start=4079712008258 End=4079712032146 Duration=23888
Task=65 Chunk=0 Start=4079712008254 End=4079712214074 Duration=205820
Task=65 Chunk=1 Start=4079712214092 End=4079712236570 Duration=22478
Task=66 Chunk=0 Start=4079712214083 End=4079712353927 Duration=139844
Task=66 Chunk=1 Start=4079712353937 End=4079712376375 Duration=22438
Task=67 Chunk=0 Start=4079712353936 End=4079712490329 Duration=136393
Task=67 Chunk=1 Start=4079712490345 End=4079712513186 Duration=22841
Task=68 Chunk=0 Start=4079712490339 End=4079712632714 Duration=142375
Task=68 Chunk=1 Start=4079712632727 End=4079712655372 Duration=22645
Task=69 Chunk=0 Start=4079712632724 End=4079712767760 Duration=135036
Task=69 Chunk=1 Start=4079712767785 End=4079712790528 Duration=22743
Task=70 Chunk=0 Start=4079712767775 End=4079712905888 Duration=138113
Task=70 Chunk=1 Start=4079712905896 End=4079712928333 Duration=22437
Task=71 Chunk=0 Start=4079712905898 End=4079713043132 Duration=137234
Task=71 Chunk=1 Start=4079713043154 End=4079713065823 Duration=22669
Task=72 Chunk=0 Start=4079713043145 End=4079713201131 Duration=157986
Task=72 Chunk=1 Start=4079713201140 End=4079713224082 Duration=22942
Task=73 Chunk=0 Start=4079713201142 End=4079713350119 Duration=148977
Task=73 Chunk=1 Start=4079713350139 End=4079713373438 Duration=23299
Task=74 Chunk=0 Start=4079713350133 End=4079713494564 Duration=144431
Task=74 Chunk=1 Start=4079713494583 End=4079713517473 Duration=22890
Task=75 Chunk=0 Start=4079713494577 End=4079713653099 Duration=158522
Task=75 Chunk=1 Start=4079713653124 End=4079713676257 Duration=23133
Task=76 Chunk=0 Start=4079713653113 End=4079713798058 Duration=144945
Task=76 Chunk=1 Start=4079713798074 End=4079713820656 Duration=22582
Task=77 Chunk=0 Start=4079713798073 End=4079713947016 Duration=148943
Task=77 Chunk=1 Start=4079713947037 End=4079713970168 Duration=23131
Task=78 Chunk=0 Start=4079713947030 End=4079714088288 Duration=141258
Task=78 Chunk=1 Start=4079714088307 End=4079714111787 Duration=23480
Task=79 Chunk=0 Start=4079714088298 End=4079714249129 Duration=160831
Task=79 Chunk=1 Start=4079714249145 End=4079714273471 Duration=24326
Task=80 Chunk=0 Start=4079714249144 End=4079714404466 Duration=155322
Task=80 Chunk=1 Start=4079714404487 End=4079714428158 Duration=23671
Task=81 Chunk=0 Start=4079714404478 End=4079714552493 Duration=148015
Task=81 Chunk=1 Start=4079714552518 End=4079714574881 Duration=22363
Task=82 Chunk=0 Start=4079714552507 End=4079714700377 Duration=147870
Task=82 Chunk=1 Start=4079714700386 End=4079714722783 Duration=22397
Task=83 Chunk=0 Start=4079714700387 End=4079714851951 Duration=151564
Task=83 Chunk=1 Start=4079714851976 End=4079714874614 Duration=22638
Task=84 Chunk=0 Start=4079714851966 End=4079714995775 Duration=143809
Task=84 Chunk=1 Start=4079714995792 End=4079715018322 Duration=22530
Task=85 Chunk=0 Start=4079714995789 End=4079715217932 Duration=222143
Task=85 Chunk=1 Start=4079715217943 End=4079715240603 Duration=22660
Task=86 Chunk=0 Start=4079715217945 End=4079715356866 Duration=138921
Task=86 Chunk=1 Start=4079715356876 End=4079715379334 Duration=22458
Task=87 Chunk=0 Start=4079715356876 End=4079715498301 Duration=141425
Task=87 Chunk=1 Start=4079715498309 End=4079715520976 Duration=22667
Task=88 Chunk=0 Start=4079715498310 End=4079715641642 Duration=143332
Task=88 Chunk=1 Start=4079715641660 End=4079715664494 Duration=22834
Task=89 Chunk=0 Start=4079715641656 End=4079715790252 Duration=148596
Task=89 Chunk=1 Start=4079715790268 End=4079715812857 Duration=22589
Task=90 Chunk=0 Start=4079715790261 End=4079715993191 Duration=202930
Task=90 Chunk=1 Start=4079715993211 End=4079716015606 Duration=22395
Task=91 Chunk=0 Start=4079715993206 End=4079716141186 Duration=147980
Task=91 Chunk=1 Start=4079716141194 End=4079716163599 Duration=22405
Task=92 Chunk=0 Start=4079716141196 End=4079716285602 Duration=144406
Task=92 Chunk=1 Start=4079716285628 End=4079716308230 Duration=22602
Task=93 Chunk=0 Start=4079716285616 End=4079716434392 Duration=148776
Task=93 Chunk=1 Start=4079716434409 End=4079716456984 Duration=22575
Task=94 Chunk=0 Start=4079716434407 End=4079716583787 Duration=149380
Task=94 Chunk=1 Start=4079716583798 End=4079716606403 Duration=22605
Task=95 Chunk=0 Start=4079716583800 End=4079716744517 Duration=160717
Task=95 Chunk=1 Start=4079716744537 End=4079716767071 Duration=22534
Task=96 Chunk=0 Start=4079716744526 End=4079716890006 Duration=145480
Task=96 Chunk=1 Start=4079716890026 End=4079716913095 Duration=23069
Task=97 Chunk=0 Start=4079716890015 End=4079717033615 Duration=143600
Task=97 Chunk=1 Start=4079717033632 End=4079717056364 Duration=22732
Task=98 Chunk=0 Start=4079717033624 End=4079717182241 Duration=148617
Task=98 Chunk=1 Start=4079717182259 End=4079717205254 Duration=22995
Task=99 Chunk=0 Start=4079717182251 End=4079717328192 Duration=145941
Task=99 Chunk=1 Start=4079717328200 End=4079717351408 Duration=23208
### Python End ###

--------------------------------
[2025-06-26 18:20:51.647] [info] Available Vulkan Layers:
[2025-06-26 18:20:51.647] [warning] Validation layer requested but not available, continuing without it...
[2025-06-26 18:20:51.650] [info] Using integrated GPU: Mali-G710
### Python Begin ###
Schedule_UID=SCH-G7M2-G499-5bab
Frequency=24576000 Hz
Task=0 Chunk=0 Start=4079723839307 End=4079724080340 Duration=241033
Task=0 Chunk=1 Start=4079724080369 End=4079724572821 Duration=492452
Task=1 Chunk=0 Start=4079724080350 End=4079724207095 Duration=126745
Task=1 Chunk=1 Start=4079724572831 End=4079724625910 Duration=53079
Task=2 Chunk=0 Start=4079724207116 End=4079724331164 Duration=124048
Task=2 Chunk=1 Start=4079724625911 End=4079724684219 Duration=58308
Task=3 Chunk=0 Start=4079724331165 End=4079724460034 Duration=128869
Task=3 Chunk=1 Start=4079724684220 End=4079724768342 Duration=84122
Task=4 Chunk=0 Start=4079724460062 End=4079724668646 Duration=208584
Task=4 Chunk=1 Start=4079724768344 End=4079724847311 Duration=78967
Task=5 Chunk=0 Start=4079724668652 End=4079724803819 Duration=135167
Task=5 Chunk=1 Start=4079724847312 End=4079724916632 Duration=69320
Task=6 Chunk=0 Start=4079724803821 End=4079724936735 Duration=132914
Task=6 Chunk=1 Start=4079724938945 End=4079725012362 Duration=73417
Task=7 Chunk=0 Start=4079724936737 End=4079725115932 Duration=179195
Task=7 Chunk=1 Start=4079725116009 End=4079725174508 Duration=58499
Task=8 Chunk=0 Start=4079725115943 End=4079725251686 Duration=135743
Task=8 Chunk=1 Start=4079725251720 End=4079725309629 Duration=57909
Task=9 Chunk=0 Start=4079725251697 End=4079725384941 Duration=133244
Task=9 Chunk=1 Start=4079725384983 End=4079725435103 Duration=50120
Task=10 Chunk=0 Start=4079725384952 End=4079725518146 Duration=133194
Task=10 Chunk=1 Start=4079725518195 End=4079725564152 Duration=45957
Task=11 Chunk=0 Start=4079725518158 End=4079725652497 Duration=134339
Task=11 Chunk=1 Start=4079725652649 End=4079725696913 Duration=44264
Task=12 Chunk=0 Start=4079725652508 End=4079725790521 Duration=138013
Task=12 Chunk=1 Start=4079725790599 End=4079725830567 Duration=39968
Task=13 Chunk=0 Start=4079725790528 End=4079725923522 Duration=132994
Task=13 Chunk=1 Start=4079725923583 End=4079725961569 Duration=37986
Task=14 Chunk=0 Start=4079725923529 End=4079726064273 Duration=140744
Task=14 Chunk=1 Start=4079726064369 End=4079726099381 Duration=35012
Task=15 Chunk=0 Start=4079726064283 End=4079726193992 Duration=129709
Task=15 Chunk=1 Start=4079726194016 End=4079726226654 Duration=32638
Task=16 Chunk=0 Start=4079726194001 End=4079726319409 Duration=125408
Task=16 Chunk=1 Start=4079726319418 End=4079726350193 Duration=30775
Task=17 Chunk=0 Start=4079726319417 End=4079726453940 Duration=134523
Task=17 Chunk=1 Start=4079726454034 End=4079726483433 Duration=29399
Task=18 Chunk=0 Start=4079726453948 End=4079726577926 Duration=123978
Task=18 Chunk=1 Start=4079726578039 End=4079726607391 Duration=29352
Task=19 Chunk=0 Start=4079726577939 End=4079726702694 Duration=124755
Task=19 Chunk=1 Start=4079726702805 End=4079726732105 Duration=29300
Task=20 Chunk=0 Start=4079726702703 End=4079726825967 Duration=123264
Task=20 Chunk=1 Start=4079726825984 End=4079726862288 Duration=36304
Task=21 Chunk=0 Start=4079726825974 End=4079726962880 Duration=136906
Task=21 Chunk=1 Start=4079726962904 End=4079727084749 Duration=121845
Task=22 Chunk=0 Start=4079726962893 End=4079727092383 Duration=129490
Task=22 Chunk=1 Start=4079727092405 End=4079727110464 Duration=18059
Task=23 Chunk=0 Start=4079727092398 End=4079727237534 Duration=145136
Task=23 Chunk=1 Start=4079727237547 End=4079727255033 Duration=17486
Task=24 Chunk=0 Start=4079727237546 End=4079727383796 Duration=146250
Task=24 Chunk=1 Start=4079727383809 End=4079727399428 Duration=15619
Task=25 Chunk=0 Start=4079727383807 End=4079727520318 Duration=136511
Task=25 Chunk=1 Start=4079727520329 End=4079727536853 Duration=16524
Task=26 Chunk=0 Start=4079727520329 End=4079727659667 Duration=139338
Task=26 Chunk=1 Start=4079727659681 End=4079727673938 Duration=14257
Task=27 Chunk=0 Start=4079727659677 End=4079727800221 Duration=140544
Task=27 Chunk=1 Start=4079727800235 End=4079727814385 Duration=14150
Task=28 Chunk=0 Start=4079727800231 End=4079727942362 Duration=142131
Task=28 Chunk=1 Start=4079727942379 End=4079727956727 Duration=14348
Task=29 Chunk=0 Start=4079727942372 End=4079728072629 Duration=130257
Task=29 Chunk=1 Start=4079728072637 End=4079728086931 Duration=14294
Task=30 Chunk=0 Start=4079728072639 End=4079728206201 Duration=133562
Task=30 Chunk=1 Start=4079728206212 End=4079728220775 Duration=14563
Task=31 Chunk=0 Start=4079728206211 End=4079728341058 Duration=134847
Task=31 Chunk=1 Start=4079728341068 End=4079728355298 Duration=14230
Task=32 Chunk=0 Start=4079728341066 End=4079728473633 Duration=132567
Task=32 Chunk=1 Start=4079728473646 End=4079728487918 Duration=14272
Task=33 Chunk=0 Start=4079728473642 End=4079728607619 Duration=133977
Task=33 Chunk=1 Start=4079728607627 End=4079728622034 Duration=14407
Task=34 Chunk=0 Start=4079728607628 End=4079728742519 Duration=134891
Task=34 Chunk=1 Start=4079728742527 End=4079728757084 Duration=14557
Task=35 Chunk=0 Start=4079728742527 End=4079728876353 Duration=133826
Task=35 Chunk=1 Start=4079728876369 End=4079728890854 Duration=14485
Task=36 Chunk=0 Start=4079728876362 End=4079729011499 Duration=135137
Task=36 Chunk=1 Start=4079729011512 End=4079729025969 Duration=14457
Task=37 Chunk=0 Start=4079729011508 End=4079729147343 Duration=135835
Task=37 Chunk=1 Start=4079729147359 End=4079729161843 Duration=14484
Task=38 Chunk=0 Start=4079729147353 End=4079729282535 Duration=135182
Task=38 Chunk=1 Start=4079729282546 End=4079729297391 Duration=14845
Task=39 Chunk=0 Start=4079729282543 End=4079729417159 Duration=134616
Task=39 Chunk=1 Start=4079729417166 End=4079729431501 Duration=14335
Task=40 Chunk=0 Start=4079729417167 End=4079729550491 Duration=133324
Task=40 Chunk=1 Start=4079729550501 End=4079729564973 Duration=14472
Task=41 Chunk=0 Start=4079729550500 End=4079729684290 Duration=133790
Task=41 Chunk=1 Start=4079729684330 End=4079729699089 Duration=14759
Task=42 Chunk=0 Start=4079729684331 End=4079729813206 Duration=128875
Task=42 Chunk=1 Start=4079729813218 End=4079729828328 Duration=15110
Task=43 Chunk=0 Start=4079729813215 End=4079729951394 Duration=138179
Task=43 Chunk=1 Start=4079729951403 End=4079729966346 Duration=14943
Task=44 Chunk=0 Start=4079729951405 End=4079730088540 Duration=137135
Task=44 Chunk=1 Start=4079730088557 End=4079730103652 Duration=15095
Task=45 Chunk=0 Start=4079730088550 End=4079730226519 Duration=137969
Task=45 Chunk=1 Start=4079730226531 End=4079730241363 Duration=14832
Task=46 Chunk=0 Start=4079730226529 End=4079730367151 Duration=140622
Task=46 Chunk=1 Start=4079730367182 End=4079730382456 Duration=15274
Task=47 Chunk=0 Start=4079730367175 End=4079730505838 Duration=138663
Task=47 Chunk=1 Start=4079730505856 End=4079730520586 Duration=14730
Task=48 Chunk=0 Start=4079730505849 End=4079730643881 Duration=138032
Task=48 Chunk=1 Start=4079730643899 End=4079730658650 Duration=14751
Task=49 Chunk=0 Start=4079730643892 End=4079730783643 Duration=139751
Task=49 Chunk=1 Start=4079730783653 End=4079730798532 Duration=14879
Task=50 Chunk=0 Start=4079730783654 End=4079730929862 Duration=146208
Task=50 Chunk=1 Start=4079730929870 End=4079730945793 Duration=15923
Task=51 Chunk=0 Start=4079730929872 End=4079731077304 Duration=147432
Task=51 Chunk=1 Start=4079731077313 End=4079731093118 Duration=15805
Task=52 Chunk=0 Start=4079731077314 End=4079731223843 Duration=146529
Task=52 Chunk=1 Start=4079731223859 End=4079731239610 Duration=15751
Task=53 Chunk=0 Start=4079731223852 End=4079731371193 Duration=147341
Task=53 Chunk=1 Start=4079731371206 End=4079731387018 Duration=15812
Task=54 Chunk=0 Start=4079731371206 End=4079731519926 Duration=148720
Task=54 Chunk=1 Start=4079731519941 End=4079731535771 Duration=15830
Task=55 Chunk=0 Start=4079731519936 End=4079731667860 Duration=147924
Task=55 Chunk=1 Start=4079731667876 End=4079731683664 Duration=15788
Task=56 Chunk=0 Start=4079731667869 End=4079731815730 Duration=147861
Task=56 Chunk=1 Start=4079731815745 End=4079731831548 Duration=15803
Task=57 Chunk=0 Start=4079731815739 End=4079731964592 Duration=148853
Task=57 Chunk=1 Start=4079731964608 End=4079731982001 Duration=17393
Task=58 Chunk=0 Start=4079731964601 End=4079732123733 Duration=159132
Task=58 Chunk=1 Start=4079732123749 End=4079732141194 Duration=17445
Task=59 Chunk=0 Start=4079732123751 End=4079732281086 Duration=157335
Task=59 Chunk=1 Start=4079732281111 End=4079732299179 Duration=18068
Task=60 Chunk=0 Start=4079732281104 End=4079732443453 Duration=162349
Task=60 Chunk=1 Start=4079732443473 End=4079732460889 Duration=17416
Task=61 Chunk=0 Start=4079732443472 End=4079732603718 Duration=160246
Task=61 Chunk=1 Start=4079732603731 End=4079732620922 Duration=17191
Task=62 Chunk=0 Start=4079732603728 End=4079732765540 Duration=161812
Task=62 Chunk=1 Start=4079732765558 End=4079732782844 Duration=17286
Task=63 Chunk=0 Start=4079732765558 End=4079732925707 Duration=160149
Task=63 Chunk=1 Start=4079732925734 End=4079732943735 Duration=18001
Task=64 Chunk=0 Start=4079732925732 End=4079733088029 Duration=162297
Task=64 Chunk=1 Start=4079733088049 End=4079733105348 Duration=17299
Task=65 Chunk=0 Start=4079733088041 End=4079733246098 Duration=158057
Task=65 Chunk=1 Start=4079733246107 End=4079733263396 Duration=17289
Task=66 Chunk=0 Start=4079733246107 End=4079733410898 Duration=164791
Task=66 Chunk=1 Start=4079733410915 End=4079733429170 Duration=18255
Task=67 Chunk=0 Start=4079733410916 End=4079733573585 Duration=162669
Task=67 Chunk=1 Start=4079733573612 End=4079733591108 Duration=17496
Task=68 Chunk=0 Start=4079733573606 End=4079733735747 Duration=162141
Task=68 Chunk=1 Start=4079733735761 End=4079733753041 Duration=17280
Task=69 Chunk=0 Start=4079733735756 End=4079733894193 Duration=158437
Task=69 Chunk=1 Start=4079733894202 End=4079733911327 Duration=17125
Task=70 Chunk=0 Start=4079733894202 End=4079734054566 Duration=160364
Task=70 Chunk=1 Start=4079734054575 End=4079734072061 Duration=17486
Task=71 Chunk=0 Start=4079734054576 End=4079734214589 Duration=160013
Task=71 Chunk=1 Start=4079734214604 End=4079734232216 Duration=17612
Task=72 Chunk=0 Start=4079734214601 End=4079734377347 Duration=162746
Task=72 Chunk=1 Start=4079734377359 End=4079734394994 Duration=17635
Task=73 Chunk=0 Start=4079734377356 End=4079734538525 Duration=161169
Task=73 Chunk=1 Start=4079734538544 End=4079734556224 Duration=17680
Task=74 Chunk=0 Start=4079734538543 End=4079734699858 Duration=161315
Task=74 Chunk=1 Start=4079734699866 End=4079734718352 Duration=18486
Task=75 Chunk=0 Start=4079734699867 End=4079734860984 Duration=161117
Task=75 Chunk=1 Start=4079734860993 End=4079734878210 Duration=17217
Task=76 Chunk=0 Start=4079734860994 End=4079735021861 Duration=160867
Task=76 Chunk=1 Start=4079735021875 End=4079735039379 Duration=17504
Task=77 Chunk=0 Start=4079735021870 End=4079735183173 Duration=161303
Task=77 Chunk=1 Start=4079735183197 End=4079735201334 Duration=18137
Task=78 Chunk=0 Start=4079735183192 End=4079735347206 Duration=164014
Task=78 Chunk=1 Start=4079735347217 End=4079735364527 Duration=17310
Task=79 Chunk=0 Start=4079735347215 End=4079735506712 Duration=159497
Task=79 Chunk=1 Start=4079735506741 End=4079735524028 Duration=17287
Task=80 Chunk=0 Start=4079735506737 End=4079735666397 Duration=159660
Task=80 Chunk=1 Start=4079735666423 End=4079735683712 Duration=17289
Task=81 Chunk=0 Start=4079735666421 End=4079735827145 Duration=160724
Task=81 Chunk=1 Start=4079735827183 End=4079735844567 Duration=17384
Task=82 Chunk=0 Start=4079735827185 End=4079735985896 Duration=158711
Task=82 Chunk=1 Start=4079735985916 End=4079736003287 Duration=17371
Task=83 Chunk=0 Start=4079735985914 End=4079736145492 Duration=159578
Task=83 Chunk=1 Start=4079736145535 End=4079736162917 Duration=17382
Task=84 Chunk=0 Start=4079736145528 End=4079736291378 Duration=145850
Task=84 Chunk=1 Start=4079736291396 End=4079736308120 Duration=16724
Task=85 Chunk=0 Start=4079736291389 End=4079736444158 Duration=152769
Task=85 Chunk=1 Start=4079736444168 End=4079736461376 Duration=17208
Task=86 Chunk=0 Start=4079736444170 End=4079736618667 Duration=174497
Task=86 Chunk=1 Start=4079736618690 End=4079736636225 Duration=17535
Task=87 Chunk=0 Start=4079736618685 End=4079736777291 Duration=158606
Task=87 Chunk=1 Start=4079736777311 End=4079736794528 Duration=17217
Task=88 Chunk=0 Start=4079736777309 End=4079736936729 Duration=159420
Task=88 Chunk=1 Start=4079736936746 End=4079736954159 Duration=17413
Task=89 Chunk=0 Start=4079736936741 End=4079737098662 Duration=161921
Task=89 Chunk=1 Start=4079737098672 End=4079737116175 Duration=17503
Task=90 Chunk=0 Start=4079737098670 End=4079737260483 Duration=161813
Task=90 Chunk=1 Start=4079737260494 End=4079737277382 Duration=16888
Task=91 Chunk=0 Start=4079737260491 End=4079737419687 Duration=159196
Task=91 Chunk=1 Start=4079737419709 End=4079737436343 Duration=16634
Task=92 Chunk=0 Start=4079737419702 End=4079737579677 Duration=159975
Task=92 Chunk=1 Start=4079737579687 End=4079737596693 Duration=17006
Task=93 Chunk=0 Start=4079737579686 End=4079737739581 Duration=159895
Task=93 Chunk=1 Start=4079737739592 End=4079737757012 Duration=17420
Task=94 Chunk=0 Start=4079737739588 End=4079737899987 Duration=160399
Task=94 Chunk=1 Start=4079737900013 End=4079737917034 Duration=17021
Task=95 Chunk=0 Start=4079737900014 End=4079738058424 Duration=158410
Task=95 Chunk=1 Start=4079738058440 End=4079738075565 Duration=17125
Task=96 Chunk=0 Start=4079738058439 End=4079738219109 Duration=160670
Task=96 Chunk=1 Start=4079738219122 End=4079738235765 Duration=16643
Task=97 Chunk=0 Start=4079738219116 End=4079738376502 Duration=157386
Task=97 Chunk=1 Start=4079738376510 End=4079738393753 Duration=17243
Task=98 Chunk=0 Start=4079738376510 End=4079738536313 Duration=159803
Task=98 Chunk=1 Start=4079738536326 End=4079738554214 Duration=17888
Task=99 Chunk=0 Start=4079738536322 End=4079738699223 Duration=162901
Task=99 Chunk=1 Start=4079738699241 End=4079738715753 Duration=16512
### Python End ###

--------------------------------
[2025-06-26 18:20:52.495] [info] Available Vulkan Layers:
[2025-06-26 18:20:52.495] [warning] Validation layer requested but not available, continuing without it...
[2025-06-26 18:20:52.498] [info] Using integrated GPU: Mali-G710
### Python Begin ###
Schedule_UID=SCH-G7B1L1-G555-9271
Frequency=24576000 Hz
Task=0 Chunk=0 Start=4079746979849 End=4079747224905 Duration=245056
Task=0 Chunk=1 Start=4079747224913 End=4079747273390 Duration=48477
Task=0 Chunk=2 Start=4079747273405 End=4079747291791 Duration=18386
Task=1 Chunk=0 Start=4079747224906 End=4079747341041 Duration=116135
Task=1 Chunk=1 Start=4079747341204 End=4079747341745 Duration=541
Task=1 Chunk=2 Start=4079747341751 End=4079747341999 Duration=248
Task=2 Chunk=0 Start=4079747341043 End=4079747458220 Duration=117177
Task=2 Chunk=1 Start=4079747458235 End=4079747458705 Duration=470
Task=2 Chunk=2 Start=4079747458721 End=4079747458923 Duration=202
Task=3 Chunk=0 Start=4079747458221 End=4079747575488 Duration=117267
Task=3 Chunk=1 Start=4079747575498 End=4079747575956 Duration=458
Task=3 Chunk=2 Start=4079747575963 End=4079747576149 Duration=186
Task=4 Chunk=0 Start=4079747575491 End=4079747692719 Duration=117228
Task=4 Chunk=1 Start=4079747692753 End=4079747693426 Duration=673
Task=4 Chunk=2 Start=4079747693448 End=4079747694305 Duration=857
Task=5 Chunk=0 Start=4079747692719 End=4079747809886 Duration=117167
Task=5 Chunk=1 Start=4079747809938 End=4079747810386 Duration=448
Task=5 Chunk=2 Start=4079747810412 End=4079747811237 Duration=825
Task=6 Chunk=0 Start=4079747809887 End=4079747927733 Duration=117846
Task=6 Chunk=1 Start=4079747927897 End=4079747928335 Duration=438
Task=6 Chunk=2 Start=4079747928359 End=4079747928541 Duration=182
Task=7 Chunk=0 Start=4079747927734 End=4079748048722 Duration=120988
Task=7 Chunk=1 Start=4079748049497 End=4079748049752 Duration=255
Task=7 Chunk=2 Start=4079748049759 End=4079748049931 Duration=172
Task=8 Chunk=0 Start=4079748048724 End=4079748163023 Duration=114299
Task=8 Chunk=1 Start=4079748163035 End=4079748163163 Duration=128
Task=8 Chunk=2 Start=4079748163189 End=4079748164021 Duration=832
Task=9 Chunk=0 Start=4079748163027 End=4079748333211 Duration=170184
Task=9 Chunk=1 Start=4079748333219 End=4079748333349 Duration=130
Task=9 Chunk=2 Start=4079748333354 End=4079748334253 Duration=899
Task=10 Chunk=0 Start=4079748333216 End=4079748456058 Duration=122842
Task=10 Chunk=1 Start=4079748456079 End=4079748456217 Duration=138
Task=10 Chunk=2 Start=4079748456227 End=4079748456406 Duration=179
Task=11 Chunk=0 Start=4079748456068 End=4079748568495 Duration=112427
Task=11 Chunk=1 Start=4079748568505 End=4079748568609 Duration=104
Task=11 Chunk=2 Start=4079748568614 End=4079748568783 Duration=169
Task=12 Chunk=0 Start=4079748568497 End=4079748684069 Duration=115572
Task=12 Chunk=1 Start=4079748684081 End=4079748684220 Duration=139
Task=12 Chunk=2 Start=4079748684231 End=4079748684481 Duration=250
Task=13 Chunk=0 Start=4079748684074 End=4079748787581 Duration=103507
Task=13 Chunk=1 Start=4079748787587 End=4079748787661 Duration=74
Task=13 Chunk=2 Start=4079748787682 End=4079748787851 Duration=169
Task=14 Chunk=0 Start=4079748787584 End=4079748889557 Duration=101973
Task=14 Chunk=1 Start=4079748889575 End=4079748889642 Duration=67
Task=14 Chunk=2 Start=4079748889662 End=4079748889827 Duration=165
Task=15 Chunk=0 Start=4079748889562 End=4079748989611 Duration=100049
Task=15 Chunk=1 Start=4079748989621 End=4079748989694 Duration=73
Task=15 Chunk=2 Start=4079748989706 End=4079748989858 Duration=152
Task=16 Chunk=0 Start=4079748989615 End=4079749093878 Duration=104263
Task=16 Chunk=1 Start=4079749093896 End=4079749093969 Duration=73
Task=16 Chunk=2 Start=4079749093978 End=4079749094149 Duration=171
Task=17 Chunk=0 Start=4079749093884 End=4079749206687 Duration=112803
Task=17 Chunk=1 Start=4079749206694 End=4079749206750 Duration=56
Task=17 Chunk=2 Start=4079749206761 End=4079749206921 Duration=160
Task=18 Chunk=0 Start=4079749206689 End=4079749319626 Duration=112937
Task=18 Chunk=1 Start=4079749319641 End=4079749319701 Duration=60
Task=18 Chunk=2 Start=4079749319724 End=4079749319881 Duration=157
Task=19 Chunk=0 Start=4079749319631 End=4079749429510 Duration=109879
Task=19 Chunk=1 Start=4079749429526 End=4079749429589 Duration=63
Task=19 Chunk=2 Start=4079749429601 End=4079749429761 Duration=160
Task=20 Chunk=0 Start=4079749429512 End=4079749544989 Duration=115477
Task=20 Chunk=1 Start=4079749545001 End=4079749545079 Duration=78
Task=20 Chunk=2 Start=4079749545105 End=4079749545255 Duration=150
Task=21 Chunk=0 Start=4079749544993 End=4079749656388 Duration=111395
Task=21 Chunk=1 Start=4079749656401 End=4079749656471 Duration=70
Task=21 Chunk=2 Start=4079749656499 End=4079749656670 Duration=171
Task=22 Chunk=0 Start=4079749656390 End=4079749772404 Duration=116014
Task=22 Chunk=1 Start=4079749772412 End=4079749772478 Duration=66
Task=22 Chunk=2 Start=4079749772506 End=4079749772662 Duration=156
Task=23 Chunk=0 Start=4079749772409 End=4079749890776 Duration=118367
Task=23 Chunk=1 Start=4079749890791 End=4079749890855 Duration=64
Task=23 Chunk=2 Start=4079749890865 End=4079749891019 Duration=154
Task=24 Chunk=0 Start=4079749890780 End=4079750008918 Duration=118138
Task=24 Chunk=1 Start=4079750008926 End=4079750008991 Duration=65
Task=24 Chunk=2 Start=4079750009018 End=4079750009171 Duration=153
Task=25 Chunk=0 Start=4079750008920 End=4079750129216 Duration=120296
Task=25 Chunk=1 Start=4079750129240 End=4079750129299 Duration=59
Task=25 Chunk=2 Start=4079750129322 End=4079750129510 Duration=188
Task=26 Chunk=0 Start=4079750129235 End=4079750247133 Duration=117898
Task=26 Chunk=1 Start=4079750247152 End=4079750247216 Duration=64
Task=26 Chunk=2 Start=4079750247235 End=4079750247417 Duration=182
Task=27 Chunk=0 Start=4079750247140 End=4079750364616 Duration=117476
Task=27 Chunk=1 Start=4079750364633 End=4079750364699 Duration=66
Task=27 Chunk=2 Start=4079750364721 End=4079750364877 Duration=156
Task=28 Chunk=0 Start=4079750364623 End=4079750481314 Duration=116691
Task=28 Chunk=1 Start=4079750481326 End=4079750481395 Duration=69
Task=28 Chunk=2 Start=4079750481407 End=4079750481554 Duration=147
Task=29 Chunk=0 Start=4079750481321 End=4079750601084 Duration=119763
Task=29 Chunk=1 Start=4079750601106 End=4079750601167 Duration=61
Task=29 Chunk=2 Start=4079750601197 End=4079750601356 Duration=159
Task=30 Chunk=0 Start=4079750601097 End=4079750728973 Duration=127876
Task=30 Chunk=1 Start=4079750728990 End=4079750729054 Duration=64
Task=30 Chunk=2 Start=4079750729080 End=4079750729243 Duration=163
Task=31 Chunk=0 Start=4079750728988 End=4079750859689 Duration=130701
Task=31 Chunk=1 Start=4079750859712 End=4079750859782 Duration=70
Task=31 Chunk=2 Start=4079750859806 End=4079750859964 Duration=158
Task=32 Chunk=0 Start=4079750859709 End=4079750991476 Duration=131767
Task=32 Chunk=1 Start=4079750991490 End=4079750991556 Duration=66
Task=32 Chunk=2 Start=4079750991576 End=4079750991731 Duration=155
Task=33 Chunk=0 Start=4079750991490 End=4079751122608 Duration=131118
Task=33 Chunk=1 Start=4079751122625 End=4079751122691 Duration=66
Task=33 Chunk=2 Start=4079751122718 End=4079751122887 Duration=169
Task=34 Chunk=0 Start=4079751122618 End=4079751258206 Duration=135588
Task=34 Chunk=1 Start=4079751258234 End=4079751258297 Duration=63
Task=34 Chunk=2 Start=4079751258312 End=4079751258467 Duration=155
Task=35 Chunk=0 Start=4079751258222 End=4079751392159 Duration=133937
Task=35 Chunk=1 Start=4079751392193 End=4079751392258 Duration=65
Task=35 Chunk=2 Start=4079751392268 End=4079751392424 Duration=156
Task=36 Chunk=0 Start=4079751392180 End=4079751526115 Duration=133935
Task=36 Chunk=1 Start=4079751526127 End=4079751526189 Duration=62
Task=36 Chunk=2 Start=4079751526210 End=4079751526377 Duration=167
Task=37 Chunk=0 Start=4079751526119 End=4079751651828 Duration=125709
Task=37 Chunk=1 Start=4079751651845 End=4079751651924 Duration=79
Task=37 Chunk=2 Start=4079751651939 End=4079751652192 Duration=253
Task=38 Chunk=0 Start=4079751651834 End=4079751768931 Duration=117097
Task=38 Chunk=1 Start=4079751768949 End=4079751769021 Duration=72
Task=38 Chunk=2 Start=4079751769044 End=4079751769207 Duration=163
Task=39 Chunk=0 Start=4079751768937 End=4079751896841 Duration=127904
Task=39 Chunk=1 Start=4079751896856 End=4079751896918 Duration=62
Task=39 Chunk=2 Start=4079751896940 End=4079751897119 Duration=179
Task=40 Chunk=0 Start=4079751896847 End=4079752022144 Duration=125297
Task=40 Chunk=1 Start=4079752022162 End=4079752022223 Duration=61
Task=40 Chunk=2 Start=4079752022241 End=4079752022409 Duration=168
Task=41 Chunk=0 Start=4079752022148 End=4079752145154 Duration=123006
Task=41 Chunk=1 Start=4079752145174 End=4079752145241 Duration=67
Task=41 Chunk=2 Start=4079752145252 End=4079752145413 Duration=161
Task=42 Chunk=0 Start=4079752145163 End=4079752271885 Duration=126722
Task=42 Chunk=1 Start=4079752271901 End=4079752271965 Duration=64
Task=42 Chunk=2 Start=4079752271990 End=4079752272143 Duration=153
Task=43 Chunk=0 Start=4079752271894 End=4079752405331 Duration=133437
Task=43 Chunk=1 Start=4079752405348 End=4079752405417 Duration=69
Task=43 Chunk=2 Start=4079752405447 End=4079752405612 Duration=165
Task=44 Chunk=0 Start=4079752405346 End=4079752548202 Duration=142856
Task=44 Chunk=1 Start=4079752548224 End=4079752548285 Duration=61
Task=44 Chunk=2 Start=4079752548295 End=4079752548444 Duration=149
Task=45 Chunk=0 Start=4079752548216 End=4079752689463 Duration=141247
Task=45 Chunk=1 Start=4079752689489 End=4079752689550 Duration=61
Task=45 Chunk=2 Start=4079752689577 End=4079752689730 Duration=153
Task=46 Chunk=0 Start=4079752689477 End=4079752833075 Duration=143598
Task=46 Chunk=1 Start=4079752833098 End=4079752833172 Duration=74
Task=46 Chunk=2 Start=4079752833181 End=4079752833346 Duration=165
Task=47 Chunk=0 Start=4079752833082 End=4079752974577 Duration=141495
Task=47 Chunk=1 Start=4079752974594 End=4079752974656 Duration=62
Task=47 Chunk=2 Start=4079752974667 End=4079752974827 Duration=160
Task=48 Chunk=0 Start=4079752974582 End=4079753118507 Duration=143925
Task=48 Chunk=1 Start=4079753118518 End=4079753118590 Duration=72
Task=48 Chunk=2 Start=4079753118617 End=4079753118780 Duration=163
Task=49 Chunk=0 Start=4079753118518 End=4079753260344 Duration=141826
Task=49 Chunk=1 Start=4079753260368 End=4079753260426 Duration=58
Task=49 Chunk=2 Start=4079753260441 End=4079753260592 Duration=151
Task=50 Chunk=0 Start=4079753260348 End=4079753408239 Duration=147891
Task=50 Chunk=1 Start=4079753408256 End=4079753408321 Duration=65
Task=50 Chunk=2 Start=4079753408350 End=4079753408514 Duration=164
Task=51 Chunk=0 Start=4079753408253 End=4079753562594 Duration=154341
Task=51 Chunk=1 Start=4079753562612 End=4079753562681 Duration=69
Task=51 Chunk=2 Start=4079753562706 End=4079753562865 Duration=159
Task=52 Chunk=0 Start=4079753562608 End=4079753720720 Duration=158112
Task=52 Chunk=1 Start=4079753720742 End=4079753720810 Duration=68
Task=52 Chunk=2 Start=4079753720832 End=4079753720994 Duration=162
Task=53 Chunk=0 Start=4079753720728 End=4079753877391 Duration=156663
Task=53 Chunk=1 Start=4079753877404 End=4079753877469 Duration=65
Task=53 Chunk=2 Start=4079753877495 End=4079753877656 Duration=161
Task=54 Chunk=0 Start=4079753877397 End=4079754034041 Duration=156644
Task=54 Chunk=1 Start=4079754034055 End=4079754034117 Duration=62
Task=54 Chunk=2 Start=4079754034143 End=4079754034306 Duration=163
Task=55 Chunk=0 Start=4079754034055 End=4079754187990 Duration=153935
Task=55 Chunk=1 Start=4079754188006 End=4079754188073 Duration=67
Task=55 Chunk=2 Start=4079754188090 End=4079754188260 Duration=170
Task=56 Chunk=0 Start=4079754188000 End=4079754335577 Duration=147577
Task=56 Chunk=1 Start=4079754335593 End=4079754335657 Duration=64
Task=56 Chunk=2 Start=4079754335664 End=4079754335816 Duration=152
Task=57 Chunk=0 Start=4079754335582 End=4079754474109 Duration=138527
Task=57 Chunk=1 Start=4079754474131 End=4079754474192 Duration=61
Task=57 Chunk=2 Start=4079754474221 End=4079754474386 Duration=165
Task=58 Chunk=0 Start=4079754474122 End=4079754628449 Duration=154327
Task=58 Chunk=1 Start=4079754628464 End=4079754628523 Duration=59
Task=58 Chunk=2 Start=4079754628553 End=4079754628705 Duration=152
Task=59 Chunk=0 Start=4079754628458 End=4079754780821 Duration=152363
Task=59 Chunk=1 Start=4079754780854 End=4079754780916 Duration=62
Task=59 Chunk=2 Start=4079754780930 End=4079754781100 Duration=170
Task=60 Chunk=0 Start=4079754780842 End=4079754934616 Duration=153774
Task=60 Chunk=1 Start=4079754934627 End=4079754934692 Duration=65
Task=60 Chunk=2 Start=4079754934700 End=4079754934855 Duration=155
Task=61 Chunk=0 Start=4079754934621 End=4079755087181 Duration=152560
Task=61 Chunk=1 Start=4079755087210 End=4079755087278 Duration=68
Task=61 Chunk=2 Start=4079755087300 End=4079755087466 Duration=166
Task=62 Chunk=0 Start=4079755087199 End=4079755240421 Duration=153222
Task=62 Chunk=1 Start=4079755240440 End=4079755240504 Duration=64
Task=62 Chunk=2 Start=4079755240515 End=4079755240671 Duration=156
Task=63 Chunk=0 Start=4079755240426 End=4079755393532 Duration=153106
Task=63 Chunk=1 Start=4079755393552 End=4079755393618 Duration=66
Task=63 Chunk=2 Start=4079755393635 End=4079755393798 Duration=163
Task=64 Chunk=0 Start=4079755393551 End=4079755547835 Duration=154284
Task=64 Chunk=1 Start=4079755547856 End=4079755547933 Duration=77
Task=64 Chunk=2 Start=4079755547948 End=4079755548112 Duration=164
Task=65 Chunk=0 Start=4079755547855 End=4079755695664 Duration=147809
Task=65 Chunk=1 Start=4079755695686 End=4079755695760 Duration=74
Task=65 Chunk=2 Start=4079755695783 End=4079755695939 Duration=156
Task=66 Chunk=0 Start=4079755695679 End=4079755843040 Duration=147361
Task=66 Chunk=1 Start=4079755843057 End=4079755843116 Duration=59
Task=66 Chunk=2 Start=4079755843129 End=4079755843307 Duration=178
Task=67 Chunk=0 Start=4079755843052 End=4079755992097 Duration=149045
Task=67 Chunk=1 Start=4079755992118 End=4079755992182 Duration=64
Task=67 Chunk=2 Start=4079755992212 End=4079755992380 Duration=168
Task=68 Chunk=0 Start=4079755992110 End=4079756148244 Duration=156134
Task=68 Chunk=1 Start=4079756148257 End=4079756148325 Duration=68
Task=68 Chunk=2 Start=4079756148344 End=4079756148502 Duration=158
Task=69 Chunk=0 Start=4079756148257 End=4079756302130 Duration=153873
Task=69 Chunk=1 Start=4079756302142 End=4079756302209 Duration=67
Task=69 Chunk=2 Start=4079756302238 End=4079756302395 Duration=157
Task=70 Chunk=0 Start=4079756302140 End=4079756454212 Duration=152072
Task=70 Chunk=1 Start=4079756454236 End=4079756454300 Duration=64
Task=70 Chunk=2 Start=4079756454332 End=4079756454500 Duration=168
Task=71 Chunk=0 Start=4079756454233 End=4079756602014 Duration=147781
Task=71 Chunk=1 Start=4079756602030 End=4079756602091 Duration=61
Task=71 Chunk=2 Start=4079756602105 End=4079756602260 Duration=155
Task=72 Chunk=0 Start=4079756602025 End=4079756747679 Duration=145654
Task=72 Chunk=1 Start=4079756747694 End=4079756747764 Duration=70
Task=72 Chunk=2 Start=4079756747787 End=4079756747969 Duration=182
Task=73 Chunk=0 Start=4079756747690 End=4079756893734 Duration=146044
Task=73 Chunk=1 Start=4079756893764 End=4079756893830 Duration=66
Task=73 Chunk=2 Start=4079756893849 End=4079756894011 Duration=162
Task=74 Chunk=0 Start=4079756893753 End=4079757045575 Duration=151822
Task=74 Chunk=1 Start=4079757045586 End=4079757045649 Duration=63
Task=74 Chunk=2 Start=4079757045670 End=4079757045842 Duration=172
Task=75 Chunk=0 Start=4079757045582 End=4079757187750 Duration=142168
Task=75 Chunk=1 Start=4079757187769 End=4079757187833 Duration=64
Task=75 Chunk=2 Start=4079757187859 End=4079757188022 Duration=163
Task=76 Chunk=0 Start=4079757187753 End=4079757335029 Duration=147276
Task=76 Chunk=1 Start=4079757335045 End=4079757335115 Duration=70
Task=76 Chunk=2 Start=4079757335145 End=4079757335307 Duration=162
Task=77 Chunk=0 Start=4079757335040 End=4079757482365 Duration=147325
Task=77 Chunk=1 Start=4079757482394 End=4079757482460 Duration=66
Task=77 Chunk=2 Start=4079757482467 End=4079757482623 Duration=156
Task=78 Chunk=0 Start=4079757482369 End=4079757632820 Duration=150451
Task=78 Chunk=1 Start=4079757632837 End=4079757632907 Duration=70
Task=78 Chunk=2 Start=4079757632925 End=4079757633086 Duration=161
Task=79 Chunk=0 Start=4079757632832 End=4079757786019 Duration=153187
Task=79 Chunk=1 Start=4079757786030 End=4079757786093 Duration=63
Task=79 Chunk=2 Start=4079757786106 End=4079757786264 Duration=158
Task=80 Chunk=0 Start=4079757786029 End=4079757936935 Duration=150906
Task=80 Chunk=1 Start=4079757936953 End=4079757937018 Duration=65
Task=80 Chunk=2 Start=4079757937036 End=4079757937232 Duration=196
Task=81 Chunk=0 Start=4079757936948 End=4079758087677 Duration=150729
Task=81 Chunk=1 Start=4079758087692 End=4079758087769 Duration=77
Task=81 Chunk=2 Start=4079758087789 End=4079758087960 Duration=171
Task=82 Chunk=0 Start=4079758087688 End=4079758239991 Duration=152303
Task=82 Chunk=1 Start=4079758240009 End=4079758240070 Duration=61
Task=82 Chunk=2 Start=4079758240085 End=4079758240245 Duration=160
Task=83 Chunk=0 Start=4079758240003 End=4079758385877 Duration=145874
Task=83 Chunk=1 Start=4079758385890 End=4079758385952 Duration=62
Task=83 Chunk=2 Start=4079758385960 End=4079758386116 Duration=156
Task=84 Chunk=0 Start=4079758385887 End=4079758535704 Duration=149817
Task=84 Chunk=1 Start=4079758535725 End=4079758535798 Duration=73
Task=84 Chunk=2 Start=4079758535821 End=4079758535992 Duration=171
Task=85 Chunk=0 Start=4079758535725 End=4079758692898 Duration=157173
Task=85 Chunk=1 Start=4079758692913 End=4079758692977 Duration=64
Task=85 Chunk=2 Start=4079758692988 End=4079758693152 Duration=164
Task=86 Chunk=0 Start=4079758692912 End=4079758839776 Duration=146864
Task=86 Chunk=1 Start=4079758839795 End=4079758839854 Duration=59
Task=86 Chunk=2 Start=4079758839868 End=4079758840031 Duration=163
Task=87 Chunk=0 Start=4079758839788 End=4079758988361 Duration=148573
Task=87 Chunk=1 Start=4079758988378 End=4079758988455 Duration=77
Task=87 Chunk=2 Start=4079758988466 End=4079758988635 Duration=169
Task=88 Chunk=0 Start=4079758988372 End=4079759136287 Duration=147915
Task=88 Chunk=1 Start=4079759136306 End=4079759136369 Duration=63
Task=88 Chunk=2 Start=4079759136385 End=4079759136540 Duration=155
Task=89 Chunk=0 Start=4079759136297 End=4079759287053 Duration=150756
Task=89 Chunk=1 Start=4079759287075 End=4079759287151 Duration=76
Task=89 Chunk=2 Start=4079759287171 End=4079759287334 Duration=163
Task=90 Chunk=0 Start=4079759287064 End=4079759417039 Duration=129975
Task=90 Chunk=1 Start=4079759417052 End=4079759417114 Duration=62
Task=90 Chunk=2 Start=4079759417122 End=4079759509850 Duration=92728
Task=91 Chunk=0 Start=4079759417041 End=4079759552854 Duration=135813
Task=91 Chunk=1 Start=4079759552877 End=4079759552951 Duration=74
Task=91 Chunk=2 Start=4079759552970 End=4079759553171 Duration=201
Task=92 Chunk=0 Start=4079759552864 End=4079759855062 Duration=302198
Task=92 Chunk=1 Start=4079759855080 End=4079759855144 Duration=64
Task=92 Chunk=2 Start=4079759855150 End=4079759855388 Duration=238
Task=93 Chunk=0 Start=4079759855069 End=4079759995388 Duration=140319
Task=93 Chunk=1 Start=4079759995398 End=4079759995461 Duration=63
Task=93 Chunk=2 Start=4079759995492 End=4079759995670 Duration=178
Task=94 Chunk=0 Start=4079759995394 End=4079760166239 Duration=170845
Task=94 Chunk=1 Start=4079760166250 End=4079760166317 Duration=67
Task=94 Chunk=2 Start=4079760166347 End=4079760166516 Duration=169
Task=95 Chunk=0 Start=4079760166249 End=4079760313661 Duration=147412
Task=95 Chunk=1 Start=4079760313678 End=4079760313748 Duration=70
Task=95 Chunk=2 Start=4079760313764 End=4079760313922 Duration=158
Task=96 Chunk=0 Start=4079760313674 End=4079760466535 Duration=152861
Task=96 Chunk=1 Start=4079760466556 End=4079760466622 Duration=66
Task=96 Chunk=2 Start=4079760466639 End=4079760466799 Duration=160
Task=97 Chunk=0 Start=4079760466541 End=4079760618764 Duration=152223
Task=97 Chunk=1 Start=4079760618774 End=4079760618833 Duration=59
Task=97 Chunk=2 Start=4079760618846 End=4079760619001 Duration=155
Task=98 Chunk=0 Start=4079760618769 End=4079760772083 Duration=153314
Task=98 Chunk=1 Start=4079760772097 End=4079760772160 Duration=63
Task=98 Chunk=2 Start=4079760772183 End=4079760772338 Duration=155
Task=99 Chunk=0 Start=4079760772097 End=4079760924749 Duration=152652
Task=99 Chunk=1 Start=4079760924764 End=4079760924834 Duration=70
Task=99 Chunk=2 Start=4079760924849 End=4079760925002 Duration=153
### Python End ###

--------------------------------
[2025-06-26 18:20:53.402] [info] Available Vulkan Layers:
[2025-06-26 18:20:53.402] [warning] Validation layer requested but not available, continuing without it...
[2025-06-26 18:20:53.405] [info] Using integrated GPU: Mali-G710
### Python Begin ###
Schedule_UID=SCH-G8L1-G562-4bec
Frequency=24576000 Hz
Task=0 Chunk=0 Start=4079767805351 End=4079768079411 Duration=274060
Task=0 Chunk=1 Start=4079768079441 End=4079768479198 Duration=399757
Task=1 Chunk=0 Start=4079768079429 End=4079768214650 Duration=135221
Task=1 Chunk=1 Start=4079768479254 End=4079768479700 Duration=446
Task=2 Chunk=0 Start=4079768214686 End=4079768351238 Duration=136552
Task=2 Chunk=1 Start=4079768479709 End=4079768479930 Duration=221
Task=3 Chunk=0 Start=4079768351275 End=4079768481607 Duration=130332
Task=3 Chunk=1 Start=4079768481644 End=4079768481828 Duration=184
Task=4 Chunk=0 Start=4079768481612 End=4079768619194 Duration=137582
Task=4 Chunk=1 Start=4079768619236 End=4079768619482 Duration=246
Task=5 Chunk=0 Start=4079768619202 End=4079768761383 Duration=142181
Task=5 Chunk=1 Start=4079768761396 End=4079768761602 Duration=206
Task=6 Chunk=0 Start=4079768761385 End=4079768905769 Duration=144384
Task=6 Chunk=1 Start=4079768905788 End=4079768906020 Duration=232
Task=7 Chunk=0 Start=4079768905770 End=4079769049065 Duration=143295
Task=7 Chunk=1 Start=4079769049078 End=4079769049298 Duration=220
Task=8 Chunk=0 Start=4079769049067 End=4079769194405 Duration=145338
Task=8 Chunk=1 Start=4079769194436 End=4079769194602 Duration=166
Task=9 Chunk=0 Start=4079769194407 End=4079769338296 Duration=143889
Task=9 Chunk=1 Start=4079769338313 End=4079769338504 Duration=191
Task=10 Chunk=0 Start=4079769338297 End=4079769482100 Duration=143803
Task=10 Chunk=1 Start=4079769482134 End=4079769482310 Duration=176
Task=11 Chunk=0 Start=4079769482101 End=4079769630384 Duration=148283
Task=11 Chunk=1 Start=4079769630394 End=4079769630594 Duration=200
Task=12 Chunk=0 Start=4079769630385 End=4079769772655 Duration=142270
Task=12 Chunk=1 Start=4079769772687 End=4079769772888 Duration=201
Task=13 Chunk=0 Start=4079769772657 End=4079769915092 Duration=142435
Task=13 Chunk=1 Start=4079769915121 End=4079769915292 Duration=171
Task=14 Chunk=0 Start=4079769915094 End=4079770056450 Duration=141356
Task=14 Chunk=1 Start=4079770056481 End=4079770056660 Duration=179
Task=15 Chunk=0 Start=4079770056452 End=4079770200659 Duration=144207
Task=15 Chunk=1 Start=4079770200690 End=4079770200856 Duration=166
Task=16 Chunk=0 Start=4079770200661 End=4079770357747 Duration=157086
Task=16 Chunk=1 Start=4079770357764 End=4079770357928 Duration=164
Task=17 Chunk=0 Start=4079770357748 End=4079770502483 Duration=144735
Task=17 Chunk=1 Start=4079770502496 End=4079770502665 Duration=169
Task=18 Chunk=0 Start=4079770502485 End=4079770645406 Duration=142921
Task=18 Chunk=1 Start=4079770645426 End=4079770645593 Duration=167
Task=19 Chunk=0 Start=4079770645408 End=4079770791309 Duration=145901
Task=19 Chunk=1 Start=4079770791324 End=4079770791488 Duration=164
Task=20 Chunk=0 Start=4079770791311 End=4079770938896 Duration=147585
Task=20 Chunk=1 Start=4079770938906 End=4079770939168 Duration=262
Task=21 Chunk=0 Start=4079770938900 End=4079771067993 Duration=129093
Task=21 Chunk=1 Start=4079771068015 End=4079771068187 Duration=172
Task=22 Chunk=0 Start=4079771067994 End=4079771202255 Duration=134261
Task=22 Chunk=1 Start=4079771202274 End=4079771202471 Duration=197
Task=23 Chunk=0 Start=4079771202256 End=4079771336588 Duration=134332
Task=23 Chunk=1 Start=4079771336619 End=4079771336793 Duration=174
Task=24 Chunk=0 Start=4079771336590 End=4079771480409 Duration=143819
Task=24 Chunk=1 Start=4079771480435 End=4079771480598 Duration=163
Task=25 Chunk=0 Start=4079771480410 End=4079771627832 Duration=147422
Task=25 Chunk=1 Start=4079771627854 End=4079771628030 Duration=176
Task=26 Chunk=0 Start=4079771627833 End=4079771773661 Duration=145828
Task=26 Chunk=1 Start=4079771773673 End=4079771773849 Duration=176
Task=27 Chunk=0 Start=4079771773669 End=4079771921626 Duration=147957
Task=27 Chunk=1 Start=4079771921654 End=4079771921821 Duration=167
Task=28 Chunk=0 Start=4079771921628 End=4079772071212 Duration=149584
Task=28 Chunk=1 Start=4079772071226 End=4079772071388 Duration=162
Task=29 Chunk=0 Start=4079772071215 End=4079772229781 Duration=158566
Task=29 Chunk=1 Start=4079772229796 End=4079772229967 Duration=171
Task=30 Chunk=0 Start=4079772229783 End=4079772387069 Duration=157286
Task=30 Chunk=1 Start=4079772387100 End=4079772387300 Duration=200
Task=31 Chunk=0 Start=4079772387071 End=4079772537159 Duration=150088
Task=31 Chunk=1 Start=4079772537173 End=4079772537332 Duration=159
Task=32 Chunk=0 Start=4079772537161 End=4079772684414 Duration=147253
Task=32 Chunk=1 Start=4079772684429 End=4079772684611 Duration=182
Task=33 Chunk=0 Start=4079772684416 End=4079772833979 Duration=149563
Task=33 Chunk=1 Start=4079772834012 End=4079772834176 Duration=164
Task=34 Chunk=0 Start=4079772833982 End=4079772983182 Duration=149200
Task=34 Chunk=1 Start=4079772983202 End=4079772983367 Duration=165
Task=35 Chunk=0 Start=4079772983190 End=4079773129205 Duration=146015
Task=35 Chunk=1 Start=4079773129228 End=4079773129396 Duration=168
Task=36 Chunk=0 Start=4079773129207 End=4079773278439 Duration=149232
Task=36 Chunk=1 Start=4079773278449 End=4079773278613 Duration=164
Task=37 Chunk=0 Start=4079773278440 End=4079773427301 Duration=148861
Task=37 Chunk=1 Start=4079773427321 End=4079773427481 Duration=160
Task=38 Chunk=0 Start=4079773427303 End=4079773574004 Duration=146701
Task=38 Chunk=1 Start=4079773574035 End=4079773574277 Duration=242
Task=39 Chunk=0 Start=4079773574006 End=4079773723283 Duration=149277
Task=39 Chunk=1 Start=4079773723296 End=4079773723463 Duration=167
Task=40 Chunk=0 Start=4079773723285 End=4079773868430 Duration=145145
Task=40 Chunk=1 Start=4079773868460 End=4079773868638 Duration=178
Task=41 Chunk=0 Start=4079773868432 End=4079774037223 Duration=168791
Task=41 Chunk=1 Start=4079774037248 End=4079774037424 Duration=176
Task=42 Chunk=0 Start=4079774037225 End=4079774190054 Duration=152829
Task=42 Chunk=1 Start=4079774190088 End=4079774190242 Duration=154
Task=43 Chunk=0 Start=4079774190056 End=4079774338033 Duration=147977
Task=43 Chunk=1 Start=4079774338053 End=4079774338214 Duration=161
Task=44 Chunk=0 Start=4079774338035 End=4079774485787 Duration=147752
Task=44 Chunk=1 Start=4079774485798 End=4079774485960 Duration=162
Task=45 Chunk=0 Start=4079774485789 End=4079774632610 Duration=146821
Task=45 Chunk=1 Start=4079774632641 End=4079774635576 Duration=2935
Task=46 Chunk=0 Start=4079774632612 End=4079774780301 Duration=147689
Task=46 Chunk=1 Start=4079774780330 End=4079774780532 Duration=202
Task=47 Chunk=0 Start=4079774780303 End=4079774927612 Duration=147309
Task=47 Chunk=1 Start=4079774927641 End=4079774927816 Duration=175
Task=48 Chunk=0 Start=4079774927614 End=4079775075819 Duration=148205
Task=48 Chunk=1 Start=4079775075846 End=4079775075999 Duration=153
Task=49 Chunk=0 Start=4079775075820 End=4079775240313 Duration=164493
Task=49 Chunk=1 Start=4079775240338 End=4079775240584 Duration=246
Task=50 Chunk=0 Start=4079775240315 End=4079775392155 Duration=151840
Task=50 Chunk=1 Start=4079775392188 End=4079775392364 Duration=176
Task=51 Chunk=0 Start=4079775392156 End=4079775538248 Duration=146092
Task=51 Chunk=1 Start=4079775538259 End=4079775538439 Duration=180
Task=52 Chunk=0 Start=4079775538250 End=4079775682040 Duration=143790
Task=52 Chunk=1 Start=4079775682053 End=4079775682213 Duration=160
Task=53 Chunk=0 Start=4079775682041 End=4079775828962 Duration=146921
Task=53 Chunk=1 Start=4079775828980 End=4079775829142 Duration=162
Task=54 Chunk=0 Start=4079775828964 End=4079775976494 Duration=147530
Task=54 Chunk=1 Start=4079775976526 End=4079775976701 Duration=175
Task=55 Chunk=0 Start=4079775976495 End=4079776131891 Duration=155396
Task=55 Chunk=1 Start=4079776131914 End=4079776132084 Duration=170
Task=56 Chunk=0 Start=4079776131892 End=4079776279972 Duration=148080
Task=56 Chunk=1 Start=4079776280005 End=4079776280164 Duration=159
Task=57 Chunk=0 Start=4079776279974 End=4079776426029 Duration=146055
Task=57 Chunk=1 Start=4079776426040 End=4079776426204 Duration=164
Task=58 Chunk=0 Start=4079776426031 End=4079776578197 Duration=152166
Task=58 Chunk=1 Start=4079776578214 End=4079776578371 Duration=157
Task=59 Chunk=0 Start=4079776578198 End=4079776752430 Duration=174232
Task=59 Chunk=1 Start=4079776752464 End=4079776752630 Duration=166
Task=60 Chunk=0 Start=4079776752432 End=4079776908183 Duration=155751
Task=60 Chunk=1 Start=4079776908200 End=4079776908364 Duration=164
Task=61 Chunk=0 Start=4079776908184 End=4079777055404 Duration=147220
Task=61 Chunk=1 Start=4079777055437 End=4079777055594 Duration=157
Task=62 Chunk=0 Start=4079777055405 End=4079777201966 Duration=146561
Task=62 Chunk=1 Start=4079777201977 End=4079777202151 Duration=174
Task=63 Chunk=0 Start=4079777201967 End=4079777348937 Duration=146970
Task=63 Chunk=1 Start=4079777348957 End=4079777349115 Duration=158
Task=64 Chunk=0 Start=4079777348939 End=4079777491948 Duration=143009
Task=64 Chunk=1 Start=4079777491978 End=4079777492174 Duration=196
Task=65 Chunk=0 Start=4079777491950 End=4079777638161 Duration=146211
Task=65 Chunk=1 Start=4079777638198 End=4079777638357 Duration=159
Task=66 Chunk=0 Start=4079777638163 End=4079777796819 Duration=158656
Task=66 Chunk=1 Start=4079777796843 End=4079777797017 Duration=174
Task=67 Chunk=0 Start=4079777796820 End=4079777954956 Duration=158136
Task=67 Chunk=1 Start=4079777954984 End=4079777955146 Duration=162
Task=68 Chunk=0 Start=4079777954957 End=4079778104249 Duration=149292
Task=68 Chunk=1 Start=4079778104269 End=4079778104433 Duration=164
Task=69 Chunk=0 Start=4079778104251 End=4079778250073 Duration=145822
Task=69 Chunk=1 Start=4079778250087 End=4079778250242 Duration=155
Task=70 Chunk=0 Start=4079778250075 End=4079778395826 Duration=145751
Task=70 Chunk=1 Start=4079778395851 End=4079778396038 Duration=187
Task=71 Chunk=0 Start=4079778395828 End=4079778544064 Duration=148236
Task=71 Chunk=1 Start=4079778544075 End=4079778544229 Duration=154
Task=72 Chunk=0 Start=4079778544066 End=4079778698017 Duration=153951
Task=72 Chunk=1 Start=4079778698047 End=4079778698215 Duration=168
Task=73 Chunk=0 Start=4079778698019 End=4079778857130 Duration=159111
Task=73 Chunk=1 Start=4079778857150 End=4079778857313 Duration=163
Task=74 Chunk=0 Start=4079778857131 End=4079779015160 Duration=158029
Task=74 Chunk=1 Start=4079779015194 End=4079779015348 Duration=154
Task=75 Chunk=0 Start=4079779015162 End=4079779172182 Duration=157020
Task=75 Chunk=1 Start=4079779172211 End=4079779172388 Duration=177
Task=76 Chunk=0 Start=4079779172184 End=4079779330356 Duration=158172
Task=76 Chunk=1 Start=4079779330380 End=4079779330545 Duration=165
Task=77 Chunk=0 Start=4079779330358 End=4079779488086 Duration=157728
Task=77 Chunk=1 Start=4079779488103 End=4079779488280 Duration=177
Task=78 Chunk=0 Start=4079779488087 End=4079779645683 Duration=157596
Task=78 Chunk=1 Start=4079779645706 End=4079779645881 Duration=175
Task=79 Chunk=0 Start=4079779645684 End=4079779803304 Duration=157620
Task=79 Chunk=1 Start=4079779803314 End=4079779803470 Duration=156
Task=80 Chunk=0 Start=4079779803306 End=4079779972849 Duration=169543
Task=80 Chunk=1 Start=4079779972884 End=4079779973042 Duration=158
Task=81 Chunk=0 Start=4079779972850 End=4079780142536 Duration=169686
Task=81 Chunk=1 Start=4079780142565 End=4079780142734 Duration=169
Task=82 Chunk=0 Start=4079780142543 End=4079780300822 Duration=158279
Task=82 Chunk=1 Start=4079780300847 End=4079780353054 Duration=52207
Task=83 Chunk=0 Start=4079780300833 End=4079780451331 Duration=150498
Task=83 Chunk=1 Start=4079780451348 End=4079780451511 Duration=163
Task=84 Chunk=0 Start=4079780451332 End=4079780596022 Duration=144690
Task=84 Chunk=1 Start=4079780596048 End=4079780596205 Duration=157
Task=85 Chunk=0 Start=4079780596024 End=4079780747396 Duration=151372
Task=85 Chunk=1 Start=4079780747421 End=4079780747603 Duration=182
Task=86 Chunk=0 Start=4079780747398 End=4079780914329 Duration=166931
Task=86 Chunk=1 Start=4079780914351 End=4079780914517 Duration=166
Task=87 Chunk=0 Start=4079780914330 End=4079781064191 Duration=149861
Task=87 Chunk=1 Start=4079781064230 End=4079781064381 Duration=151
Task=88 Chunk=0 Start=4079781064194 End=4079781212063 Duration=147869
Task=88 Chunk=1 Start=4079781212095 End=4079781212278 Duration=183
Task=89 Chunk=0 Start=4079781212065 End=4079781366849 Duration=154784
Task=89 Chunk=1 Start=4079781366859 End=4079781367028 Duration=169
Task=90 Chunk=0 Start=4079781366851 End=4079781519915 Duration=153064
Task=90 Chunk=1 Start=4079781519950 End=4079781520126 Duration=176
Task=91 Chunk=0 Start=4079781519917 End=4079781665381 Duration=145464
Task=91 Chunk=1 Start=4079781665401 End=4079781665561 Duration=160
Task=92 Chunk=0 Start=4079781665382 End=4079781808957 Duration=143575
Task=92 Chunk=1 Start=4079781808969 End=4079781809130 Duration=161
Task=93 Chunk=0 Start=4079781808959 End=4079781956452 Duration=147493
Task=93 Chunk=1 Start=4079781956484 End=4079781956642 Duration=158
Task=94 Chunk=0 Start=4079781956454 End=4079782103366 Duration=146912
Task=94 Chunk=1 Start=4079782103395 End=4079782103556 Duration=161
Task=95 Chunk=0 Start=4079782103368 End=4079782259358 Duration=155990
Task=95 Chunk=1 Start=4079782259379 End=4079782259583 Duration=204
Task=96 Chunk=0 Start=4079782259360 End=4079782413579 Duration=154219
Task=96 Chunk=1 Start=4079782413599 End=4079782413769 Duration=170
Task=97 Chunk=0 Start=4079782413581 End=4079782561363 Duration=147782
Task=97 Chunk=1 Start=4079782561374 End=4079782561531 Duration=157
Task=98 Chunk=0 Start=4079782561365 End=4079782706605 Duration=145240
Task=98 Chunk=1 Start=4079782706628 End=4079782706802 Duration=174
Task=99 Chunk=0 Start=4079782706606 End=4079782863029 Duration=156423
Task=99 Chunk=1 Start=4079782863040 End=4079782863208 Duration=168
### Python End ###

--------------------------------
[2025-06-26 18:20:54.288] [info] Available Vulkan Layers:
[2025-06-26 18:20:54.288] [warning] Validation layer requested but not available, continuing without it...
[2025-06-26 18:20:54.291] [info] Using integrated GPU: Mali-G710
### Python Begin ###
Schedule_UID=SCH-G7M1L1-G569-cf2e
Frequency=24576000 Hz
Task=0 Chunk=0 Start=4079789228643 End=4079789474593 Duration=245950
Task=0 Chunk=1 Start=4079789474623 End=4079789520287 Duration=45664
Task=0 Chunk=2 Start=4079789520325 End=4079789554735 Duration=34410
Task=1 Chunk=0 Start=4079789474598 End=4079789593098 Duration=118500
Task=1 Chunk=1 Start=4079789593182 End=4079789593680 Duration=498
Task=1 Chunk=2 Start=4079789593706 End=4079789594640 Duration=934
Task=2 Chunk=0 Start=4079789593101 End=4079789707008 Duration=113907
Task=2 Chunk=1 Start=4079789707042 End=4079789707347 Duration=305
Task=2 Chunk=2 Start=4079789707375 End=4079789708233 Duration=858
Task=3 Chunk=0 Start=4079789707009 End=4079789826560 Duration=119551
Task=3 Chunk=1 Start=4079789826569 End=4079789826866 Duration=297
Task=3 Chunk=2 Start=4079789826882 End=4079789827747 Duration=865
Task=4 Chunk=0 Start=4079789826561 End=4079789961652 Duration=135091
Task=4 Chunk=1 Start=4079789961665 End=4079789961801 Duration=136
Task=4 Chunk=2 Start=4079789961812 End=4079789962988 Duration=1176
Task=5 Chunk=0 Start=4079789961661 End=4079790116265 Duration=154604
Task=5 Chunk=1 Start=4079790116277 End=4079790116428 Duration=151
Task=5 Chunk=2 Start=4079790116455 End=4079790117284 Duration=829
Task=6 Chunk=0 Start=4079790116266 End=4079790242174 Duration=125908
Task=6 Chunk=1 Start=4079790242181 End=4079790242276 Duration=95
Task=6 Chunk=2 Start=4079790242294 End=4079790242497 Duration=203
Task=7 Chunk=0 Start=4079790242178 End=4079790398100 Duration=155922
Task=7 Chunk=1 Start=4079790398108 End=4079790398179 Duration=71
Task=7 Chunk=2 Start=4079790398201 End=4079790398385 Duration=184
Task=8 Chunk=0 Start=4079790398105 End=4079790526865 Duration=128760
Task=8 Chunk=1 Start=4079790526878 End=4079790526932 Duration=54
Task=8 Chunk=2 Start=4079790526949 End=4079790527105 Duration=156
Task=9 Chunk=0 Start=4079790526865 End=4079790655344 Duration=128479
Task=9 Chunk=1 Start=4079790655348 End=4079790655398 Duration=50
Task=9 Chunk=2 Start=4079790655425 End=4079790655584 Duration=159
Task=10 Chunk=0 Start=4079790655345 End=4079790783219 Duration=127874
Task=10 Chunk=1 Start=4079790783228 End=4079790783282 Duration=54
Task=10 Chunk=2 Start=4079790783301 End=4079790783468 Duration=167
Task=11 Chunk=0 Start=4079790783220 End=4079790912802 Duration=129582
Task=11 Chunk=1 Start=4079790912818 End=4079790912865 Duration=47
Task=11 Chunk=2 Start=4079790912881 End=4079790913043 Duration=162
Task=12 Chunk=0 Start=4079790912802 End=4079791036769 Duration=123967
Task=12 Chunk=1 Start=4079791036776 End=4079791036855 Duration=79
Task=12 Chunk=2 Start=4079791036868 End=4079791037142 Duration=274
Task=13 Chunk=0 Start=4079791036769 End=4079791152939 Duration=116170
Task=13 Chunk=1 Start=4079791152946 End=4079791152999 Duration=53
Task=13 Chunk=2 Start=4079791153027 End=4079791153184 Duration=157
Task=14 Chunk=0 Start=4079791152939 End=4079791266973 Duration=114034
Task=14 Chunk=1 Start=4079791266985 End=4079791267029 Duration=44
Task=14 Chunk=2 Start=4079791267033 End=4079791267188 Duration=155
Task=15 Chunk=0 Start=4079791266973 End=4079791372020 Duration=105047
Task=15 Chunk=1 Start=4079791372025 End=4079791372070 Duration=45
Task=15 Chunk=2 Start=4079791372096 End=4079791372285 Duration=189
Task=16 Chunk=0 Start=4079791372022 End=4079791470762 Duration=98740
Task=16 Chunk=1 Start=4079791470773 End=4079791470815 Duration=42
Task=16 Chunk=2 Start=4079791470819 End=4079791470977 Duration=158
Task=17 Chunk=0 Start=4079791470762 End=4079791578730 Duration=107968
Task=17 Chunk=1 Start=4079791578737 End=4079791578783 Duration=46
Task=17 Chunk=2 Start=4079791578788 End=4079791578940 Duration=152
Task=18 Chunk=0 Start=4079791578731 End=4079791686990 Duration=108259
Task=18 Chunk=1 Start=4079791686994 End=4079791687047 Duration=53
Task=18 Chunk=2 Start=4079791687067 End=4079791687219 Duration=152
Task=19 Chunk=0 Start=4079791686991 End=4079791803185 Duration=116194
Task=19 Chunk=1 Start=4079791803192 End=4079791803235 Duration=43
Task=19 Chunk=2 Start=4079791803254 End=4079791803407 Duration=153
Task=20 Chunk=0 Start=4079791803186 End=4079791920887 Duration=117701
Task=20 Chunk=1 Start=4079791920899 End=4079791920943 Duration=44
Task=20 Chunk=2 Start=4079791920956 End=4079791921119 Duration=163
Task=21 Chunk=0 Start=4079791920892 End=4079792034579 Duration=113687
Task=21 Chunk=1 Start=4079792034590 End=4079792034639 Duration=49
Task=21 Chunk=2 Start=4079792034651 End=4079792034812 Duration=161
Task=22 Chunk=0 Start=4079792034580 End=4079792149398 Duration=114818
Task=22 Chunk=1 Start=4079792149410 End=4079792149460 Duration=50
Task=22 Chunk=2 Start=4079792149487 End=4079792149633 Duration=146
Task=23 Chunk=0 Start=4079792149400 End=4079792267541 Duration=118141
Task=23 Chunk=1 Start=4079792267552 End=4079792267599 Duration=47
Task=23 Chunk=2 Start=4079792267627 End=4079792267782 Duration=155
Task=24 Chunk=0 Start=4079792267543 End=4079792385653 Duration=118110
Task=24 Chunk=1 Start=4079792385663 End=4079792385706 Duration=43
Task=24 Chunk=2 Start=4079792385728 End=4079792385879 Duration=151
Task=25 Chunk=0 Start=4079792385655 End=4079792506724 Duration=121069
Task=25 Chunk=1 Start=4079792506740 End=4079792506786 Duration=46
Task=25 Chunk=2 Start=4079792506805 End=4079792506963 Duration=158
Task=26 Chunk=0 Start=4079792506725 End=4079792625244 Duration=118519
Task=26 Chunk=1 Start=4079792625253 End=4079792625297 Duration=44
Task=26 Chunk=2 Start=4079792625317 End=4079792625469 Duration=152
Task=27 Chunk=0 Start=4079792625246 End=4079792743831 Duration=118585
Task=27 Chunk=1 Start=4079792743842 End=4079792743895 Duration=53
Task=27 Chunk=2 Start=4079792743901 End=4079792744056 Duration=155
Task=28 Chunk=0 Start=4079792743833 End=4079792877334 Duration=133501
Task=28 Chunk=1 Start=4079792877344 End=4079792877386 Duration=42
Task=28 Chunk=2 Start=4079792877398 End=4079792877543 Duration=145
Task=29 Chunk=0 Start=4079792877335 End=4079793008102 Duration=130767
Task=29 Chunk=1 Start=4079793008114 End=4079793008157 Duration=43
Task=29 Chunk=2 Start=4079793008178 End=4079793008339 Duration=161
Task=30 Chunk=0 Start=4079793008104 End=4079793131024 Duration=122920
Task=30 Chunk=1 Start=4079793131031 End=4079793131073 Duration=42
Task=30 Chunk=2 Start=4079793131080 End=4079793131241 Duration=161
Task=31 Chunk=0 Start=4079793131026 End=4079793251219 Duration=120193
Task=31 Chunk=1 Start=4079793251231 End=4079793251273 Duration=42
Task=31 Chunk=2 Start=4079793251282 End=4079793251435 Duration=153
Task=32 Chunk=0 Start=4079793251220 End=4079793371204 Duration=119984
Task=32 Chunk=1 Start=4079793371217 End=4079793371260 Duration=43
Task=32 Chunk=2 Start=4079793371288 End=4079793371438 Duration=150
Task=33 Chunk=0 Start=4079793371206 End=4079793493746 Duration=122540
Task=33 Chunk=1 Start=4079793493753 End=4079793493797 Duration=44
Task=33 Chunk=2 Start=4079793493817 End=4079793493981 Duration=164
Task=34 Chunk=0 Start=4079793493747 End=4079793615400 Duration=121653
Task=34 Chunk=1 Start=4079793615408 End=4079793615451 Duration=43
Task=34 Chunk=2 Start=4079793615478 End=4079793615630 Duration=152
Task=35 Chunk=0 Start=4079793615402 End=4079793745983 Duration=130581
Task=35 Chunk=1 Start=4079793745993 End=4079793746035 Duration=42
Task=35 Chunk=2 Start=4079793746060 End=4079793746210 Duration=150
Task=36 Chunk=0 Start=4079793745985 End=4079793877409 Duration=131424
Task=36 Chunk=1 Start=4079793877416 End=4079793877463 Duration=47
Task=36 Chunk=2 Start=4079793877472 End=4079793877620 Duration=148
Task=37 Chunk=0 Start=4079793877411 End=4079793996063 Duration=118652
Task=37 Chunk=1 Start=4079793996067 End=4079793996133 Duration=66
Task=37 Chunk=2 Start=4079793996145 End=4079793996407 Duration=262
Task=38 Chunk=0 Start=4079793996063 End=4079794099515 Duration=103452
Task=38 Chunk=1 Start=4079794099524 End=4079794099574 Duration=50
Task=38 Chunk=2 Start=4079794099601 End=4079794099775 Duration=174
Task=39 Chunk=0 Start=4079794099516 End=4079794202836 Duration=103320
Task=39 Chunk=1 Start=4079794202845 End=4079794202894 Duration=49
Task=39 Chunk=2 Start=4079794202914 End=4079794203072 Duration=158
Task=40 Chunk=0 Start=4079794202836 End=4079794313677 Duration=110841
Task=40 Chunk=1 Start=4079794313686 End=4079794313727 Duration=41
Task=40 Chunk=2 Start=4079794313752 End=4079794313905 Duration=153
Task=41 Chunk=0 Start=4079794313680 End=4079794429448 Duration=115768
Task=41 Chunk=1 Start=4079794429457 End=4079794429500 Duration=43
Task=41 Chunk=2 Start=4079794429526 End=4079794429680 Duration=154
Task=42 Chunk=0 Start=4079794429450 End=4079794542516 Duration=113066
Task=42 Chunk=1 Start=4079794542530 End=4079794542576 Duration=46
Task=42 Chunk=2 Start=4079794542586 End=4079794542748 Duration=162
Task=43 Chunk=0 Start=4079794542518 End=4079794663609 Duration=121091
Task=43 Chunk=1 Start=4079794663622 End=4079794663662 Duration=40
Task=43 Chunk=2 Start=4079794663680 End=4079794663828 Duration=148
Task=44 Chunk=0 Start=4079794663610 End=4079794782702 Duration=119092
Task=44 Chunk=1 Start=4079794782714 End=4079794782781 Duration=67
Task=44 Chunk=2 Start=4079794782789 End=4079794782987 Duration=198
Task=45 Chunk=0 Start=4079794782704 End=4079794902826 Duration=120122
Task=45 Chunk=1 Start=4079794902838 End=4079794902884 Duration=46
Task=45 Chunk=2 Start=4079794902892 End=4079794903052 Duration=160
Task=46 Chunk=0 Start=4079794902827 End=4079795023058 Duration=120231
Task=46 Chunk=1 Start=4079795023072 End=4079795023114 Duration=42
Task=46 Chunk=2 Start=4079795023136 End=4079795023299 Duration=163
Task=47 Chunk=0 Start=4079795023060 End=4079795145167 Duration=122107
Task=47 Chunk=1 Start=4079795145178 End=4079795145220 Duration=42
Task=47 Chunk=2 Start=4079795145243 End=4079795145394 Duration=151
Task=48 Chunk=0 Start=4079795145169 End=4079795275769 Duration=130600
Task=48 Chunk=1 Start=4079795275779 End=4079795275823 Duration=44
Task=48 Chunk=2 Start=4079795275841 End=4079795275999 Duration=158
Task=49 Chunk=0 Start=4079795275770 End=4079795402943 Duration=127173
Task=49 Chunk=1 Start=4079795402953 End=4079795403006 Duration=53
Task=49 Chunk=2 Start=4079795403023 End=4079795403172 Duration=149
Task=50 Chunk=0 Start=4079795402945 End=4079795524875 Duration=121930
Task=50 Chunk=1 Start=4079795524887 End=4079795524931 Duration=44
Task=50 Chunk=2 Start=4079795524956 End=4079795525102 Duration=146
Task=51 Chunk=0 Start=4079795524877 End=4079795646132 Duration=121255
Task=51 Chunk=1 Start=4079795646140 End=4079795646185 Duration=45
Task=51 Chunk=2 Start=4079795646193 End=4079795646345 Duration=152
Task=52 Chunk=0 Start=4079795646134 End=4079795769763 Duration=123629
Task=52 Chunk=1 Start=4079795769776 End=4079795769821 Duration=45
Task=52 Chunk=2 Start=4079795769846 End=4079795770022 Duration=176
Task=53 Chunk=0 Start=4079795769764 End=4079795898037 Duration=128273
Task=53 Chunk=1 Start=4079795898049 End=4079795898095 Duration=46
Task=53 Chunk=2 Start=4079795898113 End=4079795898266 Duration=153
Task=54 Chunk=0 Start=4079795898039 End=4079796020078 Duration=122039
Task=54 Chunk=1 Start=4079796020088 End=4079796020131 Duration=43
Task=54 Chunk=2 Start=4079796020152 End=4079796020304 Duration=152
Task=55 Chunk=0 Start=4079796020080 End=4079796140333 Duration=120253
Task=55 Chunk=1 Start=4079796140342 End=4079796140397 Duration=55
Task=55 Chunk=2 Start=4079796140415 End=4079796140567 Duration=152
Task=56 Chunk=0 Start=4079796140334 End=4079796258525 Duration=118191
Task=56 Chunk=1 Start=4079796258536 End=4079796258587 Duration=51
Task=56 Chunk=2 Start=4079796258613 End=4079796258778 Duration=165
Task=57 Chunk=0 Start=4079796258527 End=4079796385044 Duration=126517
Task=57 Chunk=1 Start=4079796385057 End=4079796385104 Duration=47
Task=57 Chunk=2 Start=4079796385121 End=4079796385269 Duration=148
Task=58 Chunk=0 Start=4079796385046 End=4079796514446 Duration=129400
Task=58 Chunk=1 Start=4079796514459 End=4079796514503 Duration=44
Task=58 Chunk=2 Start=4079796514511 End=4079796514662 Duration=151
Task=59 Chunk=0 Start=4079796514447 End=4079796637309 Duration=122862
Task=59 Chunk=1 Start=4079796637318 End=4079796637362 Duration=44
Task=59 Chunk=2 Start=4079796637371 End=4079796637526 Duration=155
Task=60 Chunk=0 Start=4079796637311 End=4079796756581 Duration=119270
Task=60 Chunk=1 Start=4079796756592 End=4079796756643 Duration=51
Task=60 Chunk=2 Start=4079796756663 End=4079796756814 Duration=151
Task=61 Chunk=0 Start=4079796756583 End=4079796872255 Duration=115672
Task=61 Chunk=1 Start=4079796872267 End=4079796872315 Duration=48
Task=61 Chunk=2 Start=4079796872337 End=4079796872497 Duration=160
Task=62 Chunk=0 Start=4079796872256 End=4079796993858 Duration=121602
Task=62 Chunk=1 Start=4079796993868 End=4079796993912 Duration=44
Task=62 Chunk=2 Start=4079796993936 End=4079796994085 Duration=149
Task=63 Chunk=0 Start=4079796993860 End=4079797113066 Duration=119206
Task=63 Chunk=1 Start=4079797113078 End=4079797113123 Duration=45
Task=63 Chunk=2 Start=4079797113136 End=4079797113281 Duration=145
Task=64 Chunk=0 Start=4079797113068 End=4079797230809 Duration=117741
Task=64 Chunk=1 Start=4079797230817 End=4079797230863 Duration=46
Task=64 Chunk=2 Start=4079797230879 End=4079797231038 Duration=159
Task=65 Chunk=0 Start=4079797230811 End=4079797349086 Duration=118275
Task=65 Chunk=1 Start=4079797349099 End=4079797349143 Duration=44
Task=65 Chunk=2 Start=4079797349166 End=4079797349320 Duration=154
Task=66 Chunk=0 Start=4079797349088 End=4079797466782 Duration=117694
Task=66 Chunk=1 Start=4079797466797 End=4079797466843 Duration=46
Task=66 Chunk=2 Start=4079797466867 End=4079797467021 Duration=154
Task=67 Chunk=0 Start=4079797466784 End=4079797595379 Duration=128595
Task=67 Chunk=1 Start=4079797595389 End=4079797595436 Duration=47
Task=67 Chunk=2 Start=4079797595445 End=4079797595593 Duration=148
Task=68 Chunk=0 Start=4079797595381 End=4079797724829 Duration=129448
Task=68 Chunk=1 Start=4079797724840 End=4079797724885 Duration=45
Task=68 Chunk=2 Start=4079797724898 End=4079797725063 Duration=165
Task=69 Chunk=0 Start=4079797724830 End=4079797852651 Duration=127821
Task=69 Chunk=1 Start=4079797852658 End=4079797852702 Duration=44
Task=69 Chunk=2 Start=4079797852728 End=4079797852874 Duration=146
Task=70 Chunk=0 Start=4079797852653 End=4079797980996 Duration=128343
Task=70 Chunk=1 Start=4079797981006 End=4079797981053 Duration=47
Task=70 Chunk=2 Start=4079797981082 End=4079797981229 Duration=147
Task=71 Chunk=0 Start=4079797980997 End=4079798110654 Duration=129657
Task=71 Chunk=1 Start=4079798110662 End=4079798110707 Duration=45
Task=71 Chunk=2 Start=4079798110714 End=4079798110868 Duration=154
Task=72 Chunk=0 Start=4079798110656 End=4079798238717 Duration=128061
Task=72 Chunk=1 Start=4079798238725 End=4079798238770 Duration=45
Task=72 Chunk=2 Start=4079798238786 End=4079798238938 Duration=152
Task=73 Chunk=0 Start=4079798238719 End=4079798364619 Duration=125900
Task=73 Chunk=1 Start=4079798364624 End=4079798364665 Duration=41
Task=73 Chunk=2 Start=4079798364671 End=4079798364858 Duration=187
Task=74 Chunk=0 Start=4079798364620 End=4079798485554 Duration=120934
Task=74 Chunk=1 Start=4079798485560 End=4079798485601 Duration=41
Task=74 Chunk=2 Start=4079798485618 End=4079798485875 Duration=257
Task=75 Chunk=0 Start=4079798485555 End=4079798604703 Duration=119148
Task=75 Chunk=1 Start=4079798604713 End=4079798604756 Duration=43
Task=75 Chunk=2 Start=4079798604761 End=4079798605440 Duration=679
Task=76 Chunk=0 Start=4079798604705 End=4079798725545 Duration=120840
Task=76 Chunk=1 Start=4079798725556 End=4079798725601 Duration=45
Task=76 Chunk=2 Start=4079798725606 End=4079798725758 Duration=152
Task=77 Chunk=0 Start=4079798725550 End=4079798841661 Duration=116111
Task=77 Chunk=1 Start=4079798841669 End=4079798841715 Duration=46
Task=77 Chunk=2 Start=4079798841739 End=4079798841892 Duration=153
Task=78 Chunk=0 Start=4079798841662 End=4079798960976 Duration=119314
Task=78 Chunk=1 Start=4079798960984 End=4079798961027 Duration=43
Task=78 Chunk=2 Start=4079798961033 End=4079798961183 Duration=150
Task=79 Chunk=0 Start=4079798960978 End=4079799080202 Duration=119224
Task=79 Chunk=1 Start=4079799080212 End=4079799080258 Duration=46
Task=79 Chunk=2 Start=4079799080271 End=4079799080423 Duration=152
Task=80 Chunk=0 Start=4079799080203 End=4079799202194 Duration=121991
Task=80 Chunk=1 Start=4079799202203 End=4079799202256 Duration=53
Task=80 Chunk=2 Start=4079799202269 End=4079799202423 Duration=154
Task=81 Chunk=0 Start=4079799202196 End=4079799329019 Duration=126823
Task=81 Chunk=1 Start=4079799329028 End=4079799329072 Duration=44
Task=81 Chunk=2 Start=4079799329084 End=4079799329340 Duration=256
Task=82 Chunk=0 Start=4079799329020 End=4079799452666 Duration=123646
Task=82 Chunk=1 Start=4079799452674 End=4079799452717 Duration=43
Task=82 Chunk=2 Start=4079799452729 End=4079799452882 Duration=153
Task=83 Chunk=0 Start=4079799452668 End=4079799570845 Duration=118177
Task=83 Chunk=1 Start=4079799570854 End=4079799570905 Duration=51
Task=83 Chunk=2 Start=4079799570914 End=4079799571070 Duration=156
Task=84 Chunk=0 Start=4079799570846 End=4079799688592 Duration=117746
Task=84 Chunk=1 Start=4079799688604 End=4079799688651 Duration=47
Task=84 Chunk=2 Start=4079799688668 End=4079799688822 Duration=154
Task=85 Chunk=0 Start=4079799688594 End=4079799814148 Duration=125554
Task=85 Chunk=1 Start=4079799814161 End=4079799814207 Duration=46
Task=85 Chunk=2 Start=4079799814220 End=4079799814365 Duration=145
Task=86 Chunk=0 Start=4079799814150 End=4079799943495 Duration=129345
Task=86 Chunk=1 Start=4079799943506 End=4079799943551 Duration=45
Task=86 Chunk=2 Start=4079799943561 End=4079799943713 Duration=152
Task=87 Chunk=0 Start=4079799943497 End=4079800066566 Duration=123069
Task=87 Chunk=1 Start=4079800066577 End=4079800066620 Duration=43
Task=87 Chunk=2 Start=4079800066629 End=4079800066775 Duration=146
Task=88 Chunk=0 Start=4079800066568 End=4079800185032 Duration=118464
Task=88 Chunk=1 Start=4079800185044 End=4079800185091 Duration=47
Task=88 Chunk=2 Start=4079800185119 End=4079800185276 Duration=157
Task=89 Chunk=0 Start=4079800185034 End=4079800300529 Duration=115495
Task=89 Chunk=1 Start=4079800300543 End=4079800300595 Duration=52
Task=89 Chunk=2 Start=4079800300604 End=4079800300749 Duration=145
Task=90 Chunk=0 Start=4079800300530 End=4079800420046 Duration=119516
Task=90 Chunk=1 Start=4079800420059 End=4079800420101 Duration=42
Task=90 Chunk=2 Start=4079800420122 End=4079800420271 Duration=149
Task=91 Chunk=0 Start=4079800420047 End=4079800541208 Duration=121161
Task=91 Chunk=1 Start=4079800541216 End=4079800541258 Duration=42
Task=91 Chunk=2 Start=4079800541279 End=4079800541431 Duration=152
Task=92 Chunk=0 Start=4079800541209 End=4079800663340 Duration=122131
Task=92 Chunk=1 Start=4079800663349 End=4079800663400 Duration=51
Task=92 Chunk=2 Start=4079800663407 End=4079800663562 Duration=155
Task=93 Chunk=0 Start=4079800663341 End=4079800791764 Duration=128423
Task=93 Chunk=1 Start=4079800791783 End=4079800791829 Duration=46
Task=93 Chunk=2 Start=4079800791840 End=4079800791993 Duration=153
Task=94 Chunk=0 Start=4079800791766 End=4079800915463 Duration=123697
Task=94 Chunk=1 Start=4079800915471 End=4079800915515 Duration=44
Task=94 Chunk=2 Start=4079800915529 End=4079800915681 Duration=152
Task=95 Chunk=0 Start=4079800915465 End=4079801035171 Duration=119706
Task=95 Chunk=1 Start=4079801035178 End=4079801035223 Duration=45
Task=95 Chunk=2 Start=4079801035236 End=4079801035386 Duration=150
Task=96 Chunk=0 Start=4079801035172 End=4079801162449 Duration=127277
Task=96 Chunk=1 Start=4079801162459 End=4079801162512 Duration=53
Task=96 Chunk=2 Start=4079801162519 End=4079801162697 Duration=178
Task=97 Chunk=0 Start=4079801162451 End=4079801288741 Duration=126290
Task=97 Chunk=1 Start=4079801288749 End=4079801288793 Duration=44
Task=97 Chunk=2 Start=4079801288797 End=4079801288953 Duration=156
Task=98 Chunk=0 Start=4079801288743 End=4079801417588 Duration=128845
Task=98 Chunk=1 Start=4079801417601 End=4079801417646 Duration=45
Task=98 Chunk=2 Start=4079801417669 End=4079801417818 Duration=149
Task=99 Chunk=0 Start=4079801417590 End=4079801548370 Duration=130780
Task=99 Chunk=1 Start=4079801548382 End=4079801548431 Duration=49
Task=99 Chunk=2 Start=4079801548457 End=4079801549150 Duration=693
### Python End ###

--------------------------------
[2025-06-26 18:20:55.051] [info] Available Vulkan Layers:
[2025-06-26 18:20:55.051] [warning] Validation layer requested but not available, continuing without it...
[2025-06-26 18:20:55.053] [info] Using integrated GPU: Mali-G710
### Python Begin ###
Schedule_UID=SCH-G7M1B1-G596-4b00
Frequency=24576000 Hz
Task=0 Chunk=0 Start=4079808536962 End=4079808767434 Duration=230472
Task=0 Chunk=1 Start=4079808767442 End=4079808794618 Duration=27176
Task=0 Chunk=2 Start=4079808794636 End=4079808810758 Duration=16122
Task=1 Chunk=0 Start=4079808767437 End=4079808898252 Duration=130815
Task=1 Chunk=1 Start=4079808898367 End=4079808898747 Duration=380
Task=1 Chunk=2 Start=4079808898812 End=4079808900274 Duration=1462
Task=2 Chunk=0 Start=4079808898252 End=4079809030429 Duration=132177
Task=2 Chunk=1 Start=4079809030438 End=4079809030755 Duration=317
Task=2 Chunk=2 Start=4079809030778 End=4079809031059 Duration=281
Task=3 Chunk=0 Start=4079809030433 End=4079809150440 Duration=120007
Task=3 Chunk=1 Start=4079809150522 End=4079809150809 Duration=287
Task=3 Chunk=2 Start=4079809150829 End=4079809150982 Duration=153
Task=4 Chunk=0 Start=4079809150443 End=4079809279608 Duration=129165
Task=4 Chunk=1 Start=4079809279619 End=4079809280656 Duration=1037
Task=4 Chunk=2 Start=4079809280671 End=4079809280972 Duration=301
Task=5 Chunk=0 Start=4079809279610 End=4079809410214 Duration=130604
Task=5 Chunk=1 Start=4079809410224 End=4079809411218 Duration=994
Task=5 Chunk=2 Start=4079809411232 End=4079809411508 Duration=276
Task=6 Chunk=0 Start=4079809410217 End=4079809545472 Duration=135255
Task=6 Chunk=1 Start=4079809545479 End=4079809546319 Duration=840
Task=6 Chunk=2 Start=4079809546325 End=4079809546472 Duration=147
Task=7 Chunk=0 Start=4079809545476 End=4079809675297 Duration=129821
Task=7 Chunk=1 Start=4079809675301 End=4079809676291 Duration=990
Task=7 Chunk=2 Start=4079809676306 End=4079809676466 Duration=160
Task=8 Chunk=0 Start=4079809675298 End=4079809800214 Duration=124916
Task=8 Chunk=1 Start=4079809800224 End=4079809801158 Duration=934
Task=8 Chunk=2 Start=4079809801230 End=4079810151426 Duration=350196
Task=9 Chunk=0 Start=4079809800218 End=4079809918945 Duration=118727
Task=9 Chunk=1 Start=4079809918954 End=4079809919876 Duration=922
Task=9 Chunk=2 Start=4079810151431 End=4079810151513 Duration=82
Task=10 Chunk=0 Start=4079809918947 End=4079810039289 Duration=120342
Task=10 Chunk=1 Start=4079810039295 End=4079810040452 Duration=1157
Task=10 Chunk=2 Start=4079810151514 End=4079810151592 Duration=78
Task=11 Chunk=0 Start=4079810039291 End=4079810172155 Duration=132864
Task=11 Chunk=1 Start=4079810172166 End=4079810173170 Duration=1004
Task=11 Chunk=2 Start=4079810173182 End=4079810173256 Duration=74
Task=12 Chunk=0 Start=4079810172156 End=4079810303438 Duration=131282
Task=12 Chunk=1 Start=4079810303450 End=4079810304389 Duration=939
Task=12 Chunk=2 Start=4079810304399 End=4079810304470 Duration=71
Task=13 Chunk=0 Start=4079810303441 End=4079810433146 Duration=129705
Task=13 Chunk=1 Start=4079810433150 End=4079810434080 Duration=930
Task=13 Chunk=2 Start=4079810434091 End=4079810434161 Duration=70
Task=14 Chunk=0 Start=4079810433148 End=4079810596568 Duration=163420
Task=14 Chunk=1 Start=4079810596576 End=4079810596640 Duration=64
Task=14 Chunk=2 Start=4079810596651 End=4079810596717 Duration=66
Task=15 Chunk=0 Start=4079810596578 End=4079810740349 Duration=143771
Task=15 Chunk=1 Start=4079810740358 End=4079810740408 Duration=50
Task=15 Chunk=2 Start=4079810740416 End=4079810740480 Duration=64
Task=16 Chunk=0 Start=4079810740357 End=4079810877837 Duration=137480
Task=16 Chunk=1 Start=4079810877849 End=4079810877894 Duration=45
Task=16 Chunk=2 Start=4079810877899 End=4079810877964 Duration=65
Task=17 Chunk=0 Start=4079810877845 End=4079811011717 Duration=133872
Task=17 Chunk=1 Start=4079811011729 End=4079811011783 Duration=54
Task=17 Chunk=2 Start=4079811011798 End=4079811011866 Duration=68
Task=18 Chunk=0 Start=4079811011722 End=4079811143111 Duration=131389
Task=18 Chunk=1 Start=4079811143116 End=4079811143163 Duration=47
Task=18 Chunk=2 Start=4079811143177 End=4079811143245 Duration=68
Task=19 Chunk=0 Start=4079811143116 End=4079811276814 Duration=133698
Task=19 Chunk=1 Start=4079811276824 End=4079811276869 Duration=45
Task=19 Chunk=2 Start=4079811276885 End=4079811276950 Duration=65
Task=20 Chunk=0 Start=4079811276820 End=4079811409511 Duration=132691
Task=20 Chunk=1 Start=4079811409523 End=4079811409568 Duration=45
Task=20 Chunk=2 Start=4079811409576 End=4079811409645 Duration=69
Task=21 Chunk=0 Start=4079811409517 End=4079811544390 Duration=134873
Task=21 Chunk=1 Start=4079811544397 End=4079811544445 Duration=48
Task=21 Chunk=2 Start=4079811544459 End=4079811544522 Duration=63
Task=22 Chunk=0 Start=4079811544397 End=4079811691117 Duration=146720
Task=22 Chunk=1 Start=4079811691130 End=4079811691177 Duration=47
Task=22 Chunk=2 Start=4079811691187 End=4079811691252 Duration=65
Task=23 Chunk=0 Start=4079811691124 End=4079811839391 Duration=148267
Task=23 Chunk=1 Start=4079811839410 End=4079811839454 Duration=44
Task=23 Chunk=2 Start=4079811839462 End=4079811839543 Duration=81
Task=24 Chunk=0 Start=4079811839403 End=4079811986112 Duration=146709
Task=24 Chunk=1 Start=4079811986120 End=4079811986165 Duration=45
Task=24 Chunk=2 Start=4079811986176 End=4079811986243 Duration=67
Task=25 Chunk=0 Start=4079811986121 End=4079812132921 Duration=146800
Task=25 Chunk=1 Start=4079812132930 End=4079812132980 Duration=50
Task=25 Chunk=2 Start=4079812132995 End=4079812133060 Duration=65
Task=26 Chunk=0 Start=4079812132930 End=4079812279628 Duration=146698
Task=26 Chunk=1 Start=4079812279640 End=4079812279691 Duration=51
Task=26 Chunk=2 Start=4079812279710 End=4079812279778 Duration=68
Task=27 Chunk=0 Start=4079812279638 End=4079812427359 Duration=147721
Task=27 Chunk=1 Start=4079812427373 End=4079812427421 Duration=48
Task=27 Chunk=2 Start=4079812427440 End=4079812427513 Duration=73
Task=28 Chunk=0 Start=4079812427372 End=4079812574333 Duration=146961
Task=28 Chunk=1 Start=4079812574344 End=4079812574392 Duration=48
Task=28 Chunk=2 Start=4079812574407 End=4079812574471 Duration=64
Task=29 Chunk=0 Start=4079812574343 End=4079812717897 Duration=143554
Task=29 Chunk=1 Start=4079812717908 End=4079812717974 Duration=66
Task=29 Chunk=2 Start=4079812717986 End=4079812718078 Duration=92
Task=30 Chunk=0 Start=4079812717907 End=4079812858709 Duration=140802
Task=30 Chunk=1 Start=4079812858739 End=4079812858791 Duration=52
Task=30 Chunk=2 Start=4079812858798 End=4079812858866 Duration=68
Task=31 Chunk=0 Start=4079812858738 End=4079812999749 Duration=141011
Task=31 Chunk=1 Start=4079812999761 End=4079812999808 Duration=47
Task=31 Chunk=2 Start=4079812999826 End=4079812999905 Duration=79
Task=32 Chunk=0 Start=4079812999754 End=4079813134372 Duration=134618
Task=32 Chunk=1 Start=4079813134383 End=4079813134425 Duration=42
Task=32 Chunk=2 Start=4079813134429 End=4079813134506 Duration=77
Task=33 Chunk=0 Start=4079813134376 End=4079813258174 Duration=123798
Task=33 Chunk=1 Start=4079813258187 End=4079813258233 Duration=46
Task=33 Chunk=2 Start=4079813258236 End=4079813258305 Duration=69
Task=34 Chunk=0 Start=4079813258184 End=4079813393242 Duration=135058
Task=34 Chunk=1 Start=4079813393251 End=4079813393295 Duration=44
Task=34 Chunk=2 Start=4079813393307 End=4079813393375 Duration=68
Task=35 Chunk=0 Start=4079813393252 End=4079813528040 Duration=134788
Task=35 Chunk=1 Start=4079813528048 End=4079813528092 Duration=44
Task=35 Chunk=2 Start=4079813528104 End=4079813528172 Duration=68
Task=36 Chunk=0 Start=4079813528049 End=4079813662095 Duration=134046
Task=36 Chunk=1 Start=4079813662109 End=4079813662162 Duration=53
Task=36 Chunk=2 Start=4079813662173 End=4079813662242 Duration=69
Task=37 Chunk=0 Start=4079813662106 End=4079813791964 Duration=129858
Task=37 Chunk=1 Start=4079813791979 End=4079813792027 Duration=48
Task=37 Chunk=2 Start=4079813792034 End=4079813792101 Duration=67
Task=38 Chunk=0 Start=4079813791975 End=4079813931113 Duration=139138
Task=38 Chunk=1 Start=4079813931126 End=4079813931171 Duration=45
Task=38 Chunk=2 Start=4079813931177 End=4079813931244 Duration=67
Task=39 Chunk=0 Start=4079813931122 End=4079814066759 Duration=135637
Task=39 Chunk=1 Start=4079814066770 End=4079814066820 Duration=50
Task=39 Chunk=2 Start=4079814066824 End=4079814066891 Duration=67
Task=40 Chunk=0 Start=4079814066768 End=4079814201060 Duration=134292
Task=40 Chunk=1 Start=4079814201068 End=4079814201112 Duration=44
Task=40 Chunk=2 Start=4079814201121 End=4079814201189 Duration=68
Task=41 Chunk=0 Start=4079814201070 End=4079814332518 Duration=131448
Task=41 Chunk=1 Start=4079814332528 End=4079814332574 Duration=46
Task=41 Chunk=2 Start=4079814332589 End=4079814332655 Duration=66
Task=42 Chunk=0 Start=4079814332525 End=4079814471549 Duration=139024
Task=42 Chunk=1 Start=4079814471562 End=4079814471609 Duration=47
Task=42 Chunk=2 Start=4079814471615 End=4079814471683 Duration=68
Task=43 Chunk=0 Start=4079814471559 End=4079814610949 Duration=139390
Task=43 Chunk=1 Start=4079814610957 End=4079814611007 Duration=50
Task=43 Chunk=2 Start=4079814611013 End=4079814611084 Duration=71
Task=44 Chunk=0 Start=4079814610955 End=4079814748441 Duration=137486
Task=44 Chunk=1 Start=4079814748451 End=4079814748499 Duration=48
Task=44 Chunk=2 Start=4079814748506 End=4079814748583 Duration=77
Task=45 Chunk=0 Start=4079814748447 End=4079814887326 Duration=138879
Task=45 Chunk=1 Start=4079814887335 End=4079814887387 Duration=52
Task=45 Chunk=2 Start=4079814887398 End=4079814887476 Duration=78
Task=46 Chunk=0 Start=4079814887336 End=4079815026624 Duration=139288
Task=46 Chunk=1 Start=4079815026640 End=4079815026690 Duration=50
Task=46 Chunk=2 Start=4079815026695 End=4079815026764 Duration=69
Task=47 Chunk=0 Start=4079815026634 End=4079815165166 Duration=138532
Task=47 Chunk=1 Start=4079815165179 End=4079815165227 Duration=48
Task=47 Chunk=2 Start=4079815165245 End=4079815165317 Duration=72
Task=48 Chunk=0 Start=4079815165176 End=4079815303473 Duration=138297
Task=48 Chunk=1 Start=4079815303485 End=4079815303531 Duration=46
Task=48 Chunk=2 Start=4079815303542 End=4079815303615 Duration=73
Task=49 Chunk=0 Start=4079815303479 End=4079815453043 Duration=149564
Task=49 Chunk=1 Start=4079815453052 End=4079815453102 Duration=50
Task=49 Chunk=2 Start=4079815453116 End=4079815453182 Duration=66
Task=50 Chunk=0 Start=4079815453053 End=4079815603329 Duration=150276
Task=50 Chunk=1 Start=4079815603339 End=4079815603385 Duration=46
Task=50 Chunk=2 Start=4079815603399 End=4079815603467 Duration=68
Task=51 Chunk=0 Start=4079815603340 End=4079815753408 Duration=150068
Task=51 Chunk=1 Start=4079815753420 End=4079815753468 Duration=48
Task=51 Chunk=2 Start=4079815753475 End=4079815753544 Duration=69
Task=52 Chunk=0 Start=4079815753418 End=4079815903799 Duration=150381
Task=52 Chunk=1 Start=4079815903815 End=4079815903866 Duration=51
Task=52 Chunk=2 Start=4079815903883 End=4079815903959 Duration=76
Task=53 Chunk=0 Start=4079815903809 End=4079816053061 Duration=149252
Task=53 Chunk=1 Start=4079816053077 End=4079816053125 Duration=48
Task=53 Chunk=2 Start=4079816053135 End=4079816053199 Duration=64
Task=54 Chunk=0 Start=4079816053071 End=4079816201827 Duration=148756
Task=54 Chunk=1 Start=4079816201836 End=4079816201886 Duration=50
Task=54 Chunk=2 Start=4079816201890 End=4079816201961 Duration=71
Task=55 Chunk=0 Start=4079816201837 End=4079816351605 Duration=149768
Task=55 Chunk=1 Start=4079816351615 End=4079816351660 Duration=45
Task=55 Chunk=2 Start=4079816351674 End=4079816351743 Duration=69
Task=56 Chunk=0 Start=4079816351615 End=4079816500751 Duration=149136
Task=56 Chunk=1 Start=4079816500759 End=4079816500806 Duration=47
Task=56 Chunk=2 Start=4079816500819 End=4079816500885 Duration=66
Task=57 Chunk=0 Start=4079816500760 End=4079816663229 Duration=162469
Task=57 Chunk=1 Start=4079816663241 End=4079816663295 Duration=54
Task=57 Chunk=2 Start=4079816663311 End=4079816663379 Duration=68
Task=58 Chunk=0 Start=4079816663238 End=4079816824621 Duration=161383
Task=58 Chunk=1 Start=4079816824634 End=4079816824685 Duration=51
Task=58 Chunk=2 Start=4079816824691 End=4079816824759 Duration=68
Task=59 Chunk=0 Start=4079816824631 End=4079816986883 Duration=162252
Task=59 Chunk=1 Start=4079816986901 End=4079816986950 Duration=49
Task=59 Chunk=2 Start=4079816986959 End=4079816987028 Duration=69
Task=60 Chunk=0 Start=4079816986895 End=4079817149370 Duration=162475
Task=60 Chunk=1 Start=4079817149381 End=4079817149433 Duration=52
Task=60 Chunk=2 Start=4079817149436 End=4079817149513 Duration=77
Task=61 Chunk=0 Start=4079817149380 End=4079817311409 Duration=162029
Task=61 Chunk=1 Start=4079817311421 End=4079817311481 Duration=60
Task=61 Chunk=2 Start=4079817311491 End=4079817311570 Duration=79
Task=62 Chunk=0 Start=4079817311419 End=4079817474141 Duration=162722
Task=62 Chunk=1 Start=4079817474153 End=4079817474198 Duration=45
Task=62 Chunk=2 Start=4079817474212 End=4079817474279 Duration=67
Task=63 Chunk=0 Start=4079817474152 End=4079817638188 Duration=164036
Task=63 Chunk=1 Start=4079817638198 End=4079817638299 Duration=101
Task=63 Chunk=2 Start=4079817638315 End=4079817638381 Duration=66
Task=64 Chunk=0 Start=4079817638198 End=4079817800349 Duration=162151
Task=64 Chunk=1 Start=4079817800362 End=4079817800421 Duration=59
Task=64 Chunk=2 Start=4079817800439 End=4079817800505 Duration=66
Task=65 Chunk=0 Start=4079817800358 End=4079817964853 Duration=164495
Task=65 Chunk=1 Start=4079817964866 End=4079817964913 Duration=47
Task=65 Chunk=2 Start=4079817964921 End=4079817964985 Duration=64
Task=66 Chunk=0 Start=4079817964862 End=4079818126315 Duration=161453
Task=66 Chunk=1 Start=4079818126332 End=4079818126384 Duration=52
Task=66 Chunk=2 Start=4079818126403 End=4079818126471 Duration=68
Task=67 Chunk=0 Start=4079818126325 End=4079818287532 Duration=161207
Task=67 Chunk=1 Start=4079818287545 End=4079818287595 Duration=50
Task=67 Chunk=2 Start=4079818287608 End=4079818287679 Duration=71
Task=68 Chunk=0 Start=4079818287542 End=4079818448978 Duration=161436
Task=68 Chunk=1 Start=4079818448989 End=4079818449037 Duration=48
Task=68 Chunk=2 Start=4079818449044 End=4079818449121 Duration=77
Task=69 Chunk=0 Start=4079818448989 End=4079818616988 Duration=167999
Task=69 Chunk=1 Start=4079818617003 End=4079818617049 Duration=46
Task=69 Chunk=2 Start=4079818617054 End=4079818617119 Duration=65
Task=70 Chunk=0 Start=4079818616998 End=4079818778563 Duration=161565
Task=70 Chunk=1 Start=4079818778579 End=4079818778626 Duration=47
Task=70 Chunk=2 Start=4079818778645 End=4079818778711 Duration=66
Task=71 Chunk=0 Start=4079818778574 End=4079818940825 Duration=162251
Task=71 Chunk=1 Start=4079818940841 End=4079818940883 Duration=42
Task=71 Chunk=2 Start=4079818940892 End=4079818940971 Duration=79
Task=72 Chunk=0 Start=4079818940834 End=4079819102091 Duration=161257
Task=72 Chunk=1 Start=4079819102099 End=4079819102149 Duration=50
Task=72 Chunk=2 Start=4079819102156 End=4079819102225 Duration=69
Task=73 Chunk=0 Start=4079819102101 End=4079819262385 Duration=160284
Task=73 Chunk=1 Start=4079819262397 End=4079819262447 Duration=50
Task=73 Chunk=2 Start=4079819262452 End=4079819262520 Duration=68
Task=74 Chunk=0 Start=4079819262394 End=4079819423594 Duration=161200
Task=74 Chunk=1 Start=4079819423609 End=4079819423654 Duration=45
Task=74 Chunk=2 Start=4079819423672 End=4079819423739 Duration=67
Task=75 Chunk=0 Start=4079819423604 End=4079819587473 Duration=163869
Task=75 Chunk=1 Start=4079819587483 End=4079819587533 Duration=50
Task=75 Chunk=2 Start=4079819587539 End=4079819587606 Duration=67
Task=76 Chunk=0 Start=4079819587483 End=4079819747974 Duration=160491
Task=76 Chunk=1 Start=4079819747990 End=4079819748038 Duration=48
Task=76 Chunk=2 Start=4079819748049 End=4079819748123 Duration=74
Task=77 Chunk=0 Start=4079819747984 End=4079819908879 Duration=160895
Task=77 Chunk=1 Start=4079819908893 End=4079819908939 Duration=46
Task=77 Chunk=2 Start=4079819908956 End=4079819909023 Duration=67
Task=78 Chunk=0 Start=4079819908889 End=4079820070617 Duration=161728
Task=78 Chunk=1 Start=4079820070627 End=4079820070672 Duration=45
Task=78 Chunk=2 Start=4079820070680 End=4079820070746 Duration=66
Task=79 Chunk=0 Start=4079820070627 End=4079820231870 Duration=161243
Task=79 Chunk=1 Start=4079820231886 End=4079820231931 Duration=45
Task=79 Chunk=2 Start=4079820231946 End=4079820232015 Duration=69
Task=80 Chunk=0 Start=4079820231879 End=4079820393345 Duration=161466
Task=80 Chunk=1 Start=4079820393353 End=4079820393400 Duration=47
Task=80 Chunk=2 Start=4079820393415 End=4079820393479 Duration=64
Task=81 Chunk=0 Start=4079820393354 End=4079820556935 Duration=163581
Task=81 Chunk=1 Start=4079820556943 End=4079820556990 Duration=47
Task=81 Chunk=2 Start=4079820556995 End=4079820557063 Duration=68
Task=82 Chunk=0 Start=4079820556944 End=4079820720738 Duration=163794
Task=82 Chunk=1 Start=4079820720749 End=4079820720800 Duration=51
Task=82 Chunk=2 Start=4079820720805 End=4079820720871 Duration=66
Task=83 Chunk=0 Start=4079820720748 End=4079820882150 Duration=161402
Task=83 Chunk=1 Start=4079820882160 End=4079820882206 Duration=46
Task=83 Chunk=2 Start=4079820882221 End=4079820882289 Duration=68
Task=84 Chunk=0 Start=4079820882160 End=4079821026361 Duration=144201
Task=84 Chunk=1 Start=4079821026376 End=4079821026422 Duration=46
Task=84 Chunk=2 Start=4079821026428 End=4079821026496 Duration=68
Task=85 Chunk=0 Start=4079821026371 End=4079821186075 Duration=159704
Task=85 Chunk=1 Start=4079821186089 End=4079821186141 Duration=52
Task=85 Chunk=2 Start=4079821186154 End=4079821186225 Duration=71
Task=86 Chunk=0 Start=4079821186085 End=4079821349220 Duration=163135
Task=86 Chunk=1 Start=4079821349229 End=4079821349275 Duration=46
Task=86 Chunk=2 Start=4079821349289 End=4079821349363 Duration=74
Task=87 Chunk=0 Start=4079821349230 End=4079821510995 Duration=161765
Task=87 Chunk=1 Start=4079821511008 End=4079821511059 Duration=51
Task=87 Chunk=2 Start=4079821511080 End=4079821511153 Duration=73
Task=88 Chunk=0 Start=4079821511004 End=4079821673628 Duration=162624
Task=88 Chunk=1 Start=4079821673636 End=4079821673685 Duration=49
Task=88 Chunk=2 Start=4079821673694 End=4079821673765 Duration=71
Task=89 Chunk=0 Start=4079821673637 End=4079821836106 Duration=162469
Task=89 Chunk=1 Start=4079821836117 End=4079821836166 Duration=49
Task=89 Chunk=2 Start=4079821836173 End=4079821836240 Duration=67
Task=90 Chunk=0 Start=4079821836112 End=4079822000769 Duration=164657
Task=90 Chunk=1 Start=4079822000785 End=4079822000833 Duration=48
Task=90 Chunk=2 Start=4079822000839 End=4079822000907 Duration=68
Task=91 Chunk=0 Start=4079822000780 End=4079822164655 Duration=163875
Task=91 Chunk=1 Start=4079822164671 End=4079822164714 Duration=43
Task=91 Chunk=2 Start=4079822164718 End=4079822164801 Duration=83
Task=92 Chunk=0 Start=4079822164665 End=4079822330395 Duration=165730
Task=92 Chunk=1 Start=4079822330411 End=4079822330456 Duration=45
Task=92 Chunk=2 Start=4079822330463 End=4079822330528 Duration=65
Task=93 Chunk=0 Start=4079822330408 End=4079822492457 Duration=162049
Task=93 Chunk=1 Start=4079822492466 End=4079822492517 Duration=51
Task=93 Chunk=2 Start=4079822492530 End=4079822492599 Duration=69
Task=94 Chunk=0 Start=4079822492464 End=4079822653498 Duration=161034
Task=94 Chunk=1 Start=4079822653503 End=4079822653550 Duration=47
Task=94 Chunk=2 Start=4079822653569 End=4079822653635 Duration=66
Task=95 Chunk=0 Start=4079822653504 End=4079822816161 Duration=162657
Task=95 Chunk=1 Start=4079822816174 End=4079822816223 Duration=49
Task=95 Chunk=2 Start=4079822816241 End=4079822816309 Duration=68
Task=96 Chunk=0 Start=4079822816168 End=4079822982540 Duration=166372
Task=96 Chunk=1 Start=4079822982551 End=4079822982605 Duration=54
Task=96 Chunk=2 Start=4079822982610 End=4079822982675 Duration=65
Task=97 Chunk=0 Start=4079822982546 End=4079823144330 Duration=161784
Task=97 Chunk=1 Start=4079823144339 End=4079823144384 Duration=45
Task=97 Chunk=2 Start=4079823144392 End=4079823144457 Duration=65
Task=98 Chunk=0 Start=4079823144336 End=4079823305002 Duration=160666
Task=98 Chunk=1 Start=4079823305012 End=4079823305056 Duration=44
Task=98 Chunk=2 Start=4079823305074 End=4079823305150 Duration=76
Task=99 Chunk=0 Start=4079823305009 End=4079823467162 Duration=162153
Task=99 Chunk=1 Start=4079823467170 End=4079823467236 Duration=66
Task=99 Chunk=2 Start=4079823467251 End=4079823467336 Duration=85
### Python End ###

--------------------------------
[2025-06-26 18:20:55.948] [info] Available Vulkan Layers:
[2025-06-26 18:20:55.948] [warning] Validation layer requested but not available, continuing without it...
[2025-06-26 18:20:55.951] [info] Using integrated GPU: Mali-G710
### Python Begin ###
Schedule_UID=SCH-G7L1B1-G596-03e9
Frequency=24576000 Hz
Task=0 Chunk=0 Start=4079830025421 End=4079830301009 Duration=275588
Task=0 Chunk=1 Start=4079830301023 End=4079830362695 Duration=61672
Task=0 Chunk=2 Start=4079830362727 End=4079830403910 Duration=41183
Task=1 Chunk=0 Start=4079830301010 End=4079830419500 Duration=118490
Task=1 Chunk=1 Start=4079830419523 End=4079830420453 Duration=930
Task=1 Chunk=2 Start=4079830420463 End=4079830420650 Duration=187
Task=2 Chunk=0 Start=4079830419503 End=4079830538644 Duration=119141
Task=2 Chunk=1 Start=4079830538672 End=4079830539560 Duration=888
Task=2 Chunk=2 Start=4079830539756 End=4079830539888 Duration=132
Task=3 Chunk=0 Start=4079830538647 End=4079830665745 Duration=127098
Task=3 Chunk=1 Start=4079830665755 End=4079830665999 Duration=244
Task=3 Chunk=2 Start=4079830666013 End=4079830666141 Duration=128
Task=4 Chunk=0 Start=4079830665748 End=4079830794300 Duration=128552
Task=4 Chunk=1 Start=4079830794311 End=4079830794517 Duration=206
Task=4 Chunk=2 Start=4079830794529 End=4079830794709 Duration=180
Task=5 Chunk=0 Start=4079830794304 End=4079830912038 Duration=117734
Task=5 Chunk=1 Start=4079830912062 End=4079830912359 Duration=297
Task=5 Chunk=2 Start=4079830912368 End=4079830912516 Duration=148
Task=6 Chunk=0 Start=4079830912041 End=4079831029082 Duration=117041
Task=6 Chunk=1 Start=4079831029098 End=4079831029294 Duration=196
Task=6 Chunk=2 Start=4079831029302 End=4079831029425 Duration=123
Task=7 Chunk=0 Start=4079831029085 End=4079831137239 Duration=108154
Task=7 Chunk=1 Start=4079831137247 End=4079831137439 Duration=192
Task=7 Chunk=2 Start=4079831137444 End=4079831137574 Duration=130
Task=8 Chunk=0 Start=4079831137244 End=4079831239176 Duration=101932
Task=8 Chunk=1 Start=4079831240426 End=4079831240637 Duration=211
Task=8 Chunk=2 Start=4079831240657 End=4079831240790 Duration=133
Task=9 Chunk=0 Start=4079831239180 End=4079831349831 Duration=110651
Task=9 Chunk=1 Start=4079831349841 End=4079831350053 Duration=212
Task=9 Chunk=2 Start=4079831350065 End=4079831350189 Duration=124
Task=10 Chunk=0 Start=4079831349834 End=4079831461102 Duration=111268
Task=10 Chunk=1 Start=4079831461135 End=4079831461331 Duration=196
Task=10 Chunk=2 Start=4079831461344 End=4079831461423 Duration=79
Task=11 Chunk=0 Start=4079831461108 End=4079831574551 Duration=113443
Task=11 Chunk=1 Start=4079831574573 End=4079831574771 Duration=198
Task=11 Chunk=2 Start=4079831574792 End=4079831574863 Duration=71
Task=12 Chunk=0 Start=4079831574554 End=4079831689264 Duration=114710
Task=12 Chunk=1 Start=4079831689270 End=4079831689459 Duration=189
Task=12 Chunk=2 Start=4079831689474 End=4079831689553 Duration=79
Task=13 Chunk=0 Start=4079831689268 End=4079831804336 Duration=115068
Task=13 Chunk=1 Start=4079831804348 End=4079831804540 Duration=192
Task=13 Chunk=2 Start=4079831804557 End=4079831804620 Duration=63
Task=14 Chunk=0 Start=4079831804338 End=4079831919553 Duration=115215
Task=14 Chunk=1 Start=4079831919591 End=4079831919786 Duration=195
Task=14 Chunk=2 Start=4079831919806 End=4079831919873 Duration=67
Task=15 Chunk=0 Start=4079831919564 End=4079832034082 Duration=114518
Task=15 Chunk=1 Start=4079832034101 End=4079832034292 Duration=191
Task=15 Chunk=2 Start=4079832034313 End=4079832034379 Duration=66
Task=16 Chunk=0 Start=4079832034091 End=4079832150473 Duration=116382
Task=16 Chunk=1 Start=4079832150487 End=4079832150669 Duration=182
Task=16 Chunk=2 Start=4079832150679 End=4079832150745 Duration=66
Task=17 Chunk=0 Start=4079832150478 End=4079832268214 Duration=117736
Task=17 Chunk=1 Start=4079832268236 End=4079832268423 Duration=187
Task=17 Chunk=2 Start=4079832268440 End=4079832268516 Duration=76
Task=18 Chunk=0 Start=4079832268223 End=4079832384773 Duration=116550
Task=18 Chunk=1 Start=4079832384791 End=4079832385000 Duration=209
Task=18 Chunk=2 Start=4079832385012 End=4079832385074 Duration=62
Task=19 Chunk=0 Start=4079832384779 End=4079832501886 Duration=117107
Task=19 Chunk=1 Start=4079832501907 End=4079832502090 Duration=183
Task=19 Chunk=2 Start=4079832502111 End=4079832502175 Duration=64
Task=20 Chunk=0 Start=4079832501889 End=4079832620861 Duration=118972
Task=20 Chunk=1 Start=4079832620877 End=4079832621074 Duration=197
Task=20 Chunk=2 Start=4079832621094 End=4079832621161 Duration=67
Task=21 Chunk=0 Start=4079832620869 End=4079832741939 Duration=121070
Task=21 Chunk=1 Start=4079832741969 End=4079832742160 Duration=191
Task=21 Chunk=2 Start=4079832742175 End=4079832742239 Duration=64
Task=22 Chunk=0 Start=4079832741949 End=4079832860790 Duration=118841
Task=22 Chunk=1 Start=4079832860809 End=4079832860996 Duration=187
Task=22 Chunk=2 Start=4079832861012 End=4079832861075 Duration=63
Task=23 Chunk=0 Start=4079832860794 End=4079832994909 Duration=134115
Task=23 Chunk=1 Start=4079832994939 End=4079832995125 Duration=186
Task=23 Chunk=2 Start=4079832995140 End=4079832995203 Duration=63
Task=24 Chunk=0 Start=4079832994914 End=4079833130843 Duration=135929
Task=24 Chunk=1 Start=4079833130862 End=4079833131051 Duration=189
Task=24 Chunk=2 Start=4079833131064 End=4079833131148 Duration=84
Task=25 Chunk=0 Start=4079833130848 End=4079833263889 Duration=133041
Task=25 Chunk=1 Start=4079833263928 End=4079833264116 Duration=188
Task=25 Chunk=2 Start=4079833264123 End=4079833264186 Duration=63
Task=26 Chunk=0 Start=4079833263915 End=4079833397930 Duration=134015
Task=26 Chunk=1 Start=4079833397957 End=4079833398144 Duration=187
Task=26 Chunk=2 Start=4079833398149 End=4079833398213 Duration=64
Task=27 Chunk=0 Start=4079833397942 End=4079833540924 Duration=142982
Task=27 Chunk=1 Start=4079833540959 End=4079833541160 Duration=201
Task=27 Chunk=2 Start=4079833541180 End=4079833541254 Duration=74
Task=28 Chunk=0 Start=4079833540941 End=4079833680559 Duration=139618
Task=28 Chunk=1 Start=4079833680573 End=4079833680758 Duration=185
Task=28 Chunk=2 Start=4079833680762 End=4079833680827 Duration=65
Task=29 Chunk=0 Start=4079833680569 End=4079833798071 Duration=117502
Task=29 Chunk=1 Start=4079833798372 End=4079833798702 Duration=330
Task=29 Chunk=2 Start=4079833798707 End=4079833798796 Duration=89
Task=30 Chunk=0 Start=4079833798077 End=4079833911222 Duration=113145
Task=30 Chunk=1 Start=4079833911249 End=4079833911464 Duration=215
Task=30 Chunk=2 Start=4079833911482 End=4079833911546 Duration=64
Task=31 Chunk=0 Start=4079833911228 End=4079834028335 Duration=117107
Task=31 Chunk=1 Start=4079834028355 End=4079834028566 Duration=211
Task=31 Chunk=2 Start=4079834028573 End=4079834028652 Duration=79
Task=32 Chunk=0 Start=4079834028344 End=4079834141935 Duration=113591
Task=32 Chunk=1 Start=4079834141970 End=4079834142168 Duration=198
Task=32 Chunk=2 Start=4079834142180 End=4079834142243 Duration=63
Task=33 Chunk=0 Start=4079834141942 End=4079834258629 Duration=116687
Task=33 Chunk=1 Start=4079834258651 End=4079834258852 Duration=201
Task=33 Chunk=2 Start=4079834258869 End=4079834258933 Duration=64
Task=34 Chunk=0 Start=4079834258640 End=4079834377543 Duration=118903
Task=34 Chunk=1 Start=4079834377564 End=4079834377755 Duration=191
Task=34 Chunk=2 Start=4079834377772 End=4079834377835 Duration=63
Task=35 Chunk=0 Start=4079834377549 End=4079834500788 Duration=123239
Task=35 Chunk=1 Start=4079834500806 End=4079834501008 Duration=202
Task=35 Chunk=2 Start=4079834501022 End=4079834501100 Duration=78
Task=36 Chunk=0 Start=4079834500798 End=4079834629393 Duration=128595
Task=36 Chunk=1 Start=4079834629423 End=4079834629609 Duration=186
Task=36 Chunk=2 Start=4079834629614 End=4079834629689 Duration=75
Task=37 Chunk=0 Start=4079834629411 End=4079834757050 Duration=127639
Task=37 Chunk=1 Start=4079834757071 End=4079834757270 Duration=199
Task=37 Chunk=2 Start=4079834757290 End=4079834757367 Duration=77
Task=38 Chunk=0 Start=4079834757059 End=4079834883243 Duration=126184
Task=38 Chunk=1 Start=4079834883274 End=4079834883463 Duration=189
Task=38 Chunk=2 Start=4079834883482 End=4079834883546 Duration=64
Task=39 Chunk=0 Start=4079834883258 End=4079835011937 Duration=128679
Task=39 Chunk=1 Start=4079835011953 End=4079835012154 Duration=201
Task=39 Chunk=2 Start=4079835012170 End=4079835012234 Duration=64
Task=40 Chunk=0 Start=4079835011949 End=4079835139302 Duration=127353
Task=40 Chunk=1 Start=4079835139319 End=4079835139501 Duration=182
Task=40 Chunk=2 Start=4079835139516 End=4079835139582 Duration=66
Task=41 Chunk=0 Start=4079835139311 End=4079835269667 Duration=130356
Task=41 Chunk=1 Start=4079835269690 End=4079835269898 Duration=208
Task=41 Chunk=2 Start=4079835269907 End=4079835269974 Duration=67
Task=42 Chunk=0 Start=4079835269686 End=4079835396522 Duration=126836
Task=42 Chunk=1 Start=4079835396543 End=4079835396734 Duration=191
Task=42 Chunk=2 Start=4079835396747 End=4079835396819 Duration=72
Task=43 Chunk=0 Start=4079835396532 End=4079835523273 Duration=126741
Task=43 Chunk=1 Start=4079835523292 End=4079835523495 Duration=203
Task=43 Chunk=2 Start=4079835523514 End=4079835523584 Duration=70
Task=44 Chunk=0 Start=4079835523284 End=4079835659933 Duration=136649
Task=44 Chunk=1 Start=4079835659959 End=4079835660154 Duration=195
Task=44 Chunk=2 Start=4079835660160 End=4079835660227 Duration=67
Task=45 Chunk=0 Start=4079835659943 End=4079835804067 Duration=144124
Task=45 Chunk=1 Start=4079835804087 End=4079835804289 Duration=202
Task=45 Chunk=2 Start=4079835804308 End=4079835804378 Duration=70
Task=46 Chunk=0 Start=4079835804083 End=4079835943873 Duration=139790
Task=46 Chunk=1 Start=4079835943899 End=4079835944100 Duration=201
Task=46 Chunk=2 Start=4079835944104 End=4079835944172 Duration=68
Task=47 Chunk=0 Start=4079835943884 End=4079836079803 Duration=135919
Task=47 Chunk=1 Start=4079836079823 End=4079836080012 Duration=189
Task=47 Chunk=2 Start=4079836080019 End=4079836080097 Duration=78
Task=48 Chunk=0 Start=4079836079817 End=4079836216644 Duration=136827
Task=48 Chunk=1 Start=4079836216678 End=4079836216899 Duration=221
Task=48 Chunk=2 Start=4079836216913 End=4079836216982 Duration=69
Task=49 Chunk=0 Start=4079836216655 End=4079836355613 Duration=138958
Task=49 Chunk=1 Start=4079836355650 End=4079836355854 Duration=204
Task=49 Chunk=2 Start=4079836355875 End=4079836355944 Duration=69
Task=50 Chunk=0 Start=4079836355623 End=4079836490104 Duration=134481
Task=50 Chunk=1 Start=4079836490145 End=4079836490342 Duration=197
Task=50 Chunk=2 Start=4079836490360 End=4079836490426 Duration=66
Task=51 Chunk=0 Start=4079836490117 End=4079836624376 Duration=134259
Task=51 Chunk=1 Start=4079836624411 End=4079836624601 Duration=190
Task=51 Chunk=2 Start=4079836624621 End=4079836624689 Duration=68
Task=52 Chunk=0 Start=4079836624378 End=4079836755282 Duration=130904
Task=52 Chunk=1 Start=4079836755309 End=4079836755513 Duration=204
Task=52 Chunk=2 Start=4079836755518 End=4079836755596 Duration=78
Task=53 Chunk=0 Start=4079836755305 End=4079836901105 Duration=145800
Task=53 Chunk=1 Start=4079836901135 End=4079836901319 Duration=184
Task=53 Chunk=2 Start=4079836901333 End=4079836901396 Duration=63
Task=54 Chunk=0 Start=4079836901115 End=4079837049513 Duration=148398
Task=54 Chunk=1 Start=4079837049536 End=4079837049732 Duration=196
Task=54 Chunk=2 Start=4079837049741 End=4079837049812 Duration=71
Task=55 Chunk=0 Start=4079837049530 End=4079837198624 Duration=149094
Task=55 Chunk=1 Start=4079837198644 End=4079837198837 Duration=193
Task=55 Chunk=2 Start=4079837198852 End=4079837198921 Duration=69
Task=56 Chunk=0 Start=4079837198630 End=4079837346968 Duration=148338
Task=56 Chunk=1 Start=4079837346995 End=4079837347183 Duration=188
Task=56 Chunk=2 Start=4079837347197 End=4079837347266 Duration=69
Task=57 Chunk=0 Start=4079837346990 End=4079837493108 Duration=146118
Task=57 Chunk=1 Start=4079837493148 End=4079837493329 Duration=181
Task=57 Chunk=2 Start=4079837493336 End=4079837493402 Duration=66
Task=58 Chunk=0 Start=4079837493127 End=4079837641954 Duration=148827
Task=58 Chunk=1 Start=4079837641999 End=4079837642185 Duration=186
Task=58 Chunk=2 Start=4079837642202 End=4079837642272 Duration=70
Task=59 Chunk=0 Start=4079837641976 End=4079837789377 Duration=147401
Task=59 Chunk=1 Start=4079837789395 End=4079837789578 Duration=183
Task=59 Chunk=2 Start=4079837789596 End=4079837789665 Duration=69
Task=60 Chunk=0 Start=4079837789391 End=4079837937947 Duration=148556
Task=60 Chunk=1 Start=4079837937974 End=4079837938167 Duration=193
Task=60 Chunk=2 Start=4079837938171 End=4079837938241 Duration=70
Task=61 Chunk=0 Start=4079837937963 End=4079838084417 Duration=146454
Task=61 Chunk=1 Start=4079838084454 End=4079838084636 Duration=182
Task=61 Chunk=2 Start=4079838084645 End=4079838084712 Duration=67
Task=62 Chunk=0 Start=4079838084433 End=4079838231202 Duration=146769
Task=62 Chunk=1 Start=4079838231245 End=4079838231439 Duration=194
Task=62 Chunk=2 Start=4079838231446 End=4079838231524 Duration=78
Task=63 Chunk=0 Start=4079838231206 End=4079838380434 Duration=149228
Task=63 Chunk=1 Start=4079838380470 End=4079838380646 Duration=176
Task=63 Chunk=2 Start=4079838380661 End=4079838380727 Duration=66
Task=64 Chunk=0 Start=4079838380450 End=4079838533978 Duration=153528
Task=64 Chunk=1 Start=4079838534010 End=4079838534202 Duration=192
Task=64 Chunk=2 Start=4079838534206 End=4079838534273 Duration=67
Task=65 Chunk=0 Start=4079838533992 End=4079838688743 Duration=154751
Task=65 Chunk=1 Start=4079838688765 End=4079838688961 Duration=196
Task=65 Chunk=2 Start=4079838688976 End=4079838689043 Duration=67
Task=66 Chunk=0 Start=4079838688753 End=4079838840296 Duration=151543
Task=66 Chunk=1 Start=4079838840334 End=4079838840533 Duration=199
Task=66 Chunk=2 Start=4079838840546 End=4079838840617 Duration=71
Task=67 Chunk=0 Start=4079838840312 End=4079838994428 Duration=154116
Task=67 Chunk=1 Start=4079838994467 End=4079838994657 Duration=190
Task=67 Chunk=2 Start=4079838994661 End=4079838994726 Duration=65
Task=68 Chunk=0 Start=4079838994443 End=4079839149925 Duration=155482
Task=68 Chunk=1 Start=4079839149952 End=4079839150185 Duration=233
Task=68 Chunk=2 Start=4079839150203 End=4079839150279 Duration=76
Task=69 Chunk=0 Start=4079839149934 End=4079839303722 Duration=153788
Task=69 Chunk=1 Start=4079839303740 End=4079839303932 Duration=192
Task=69 Chunk=2 Start=4079839303941 End=4079839304012 Duration=71
Task=70 Chunk=0 Start=4079839303736 End=4079839457059 Duration=153323
Task=70 Chunk=1 Start=4079839457076 End=4079839457266 Duration=190
Task=70 Chunk=2 Start=4079839457276 End=4079839457358 Duration=82
Task=71 Chunk=0 Start=4079839457068 End=4079839611718 Duration=154650
Task=71 Chunk=1 Start=4079839611749 End=4079839611952 Duration=203
Task=71 Chunk=2 Start=4079839611969 End=4079839612038 Duration=69
Task=72 Chunk=0 Start=4079839611727 End=4079839763653 Duration=151926
Task=72 Chunk=1 Start=4079839763677 End=4079839763873 Duration=196
Task=72 Chunk=2 Start=4079839763892 End=4079839763961 Duration=69
Task=73 Chunk=0 Start=4079839763673 End=4079839916971 Duration=153298
Task=73 Chunk=1 Start=4079839916987 End=4079839917193 Duration=206
Task=73 Chunk=2 Start=4079839917201 End=4079839917269 Duration=68
Task=74 Chunk=0 Start=4079839916981 End=4079840069688 Duration=152707
Task=74 Chunk=1 Start=4079840069709 End=4079840069918 Duration=209
Task=74 Chunk=2 Start=4079840069934 End=4079840070002 Duration=68
Task=75 Chunk=0 Start=4079840069704 End=4079840230648 Duration=160944
Task=75 Chunk=1 Start=4079840230686 End=4079840230917 Duration=231
Task=75 Chunk=2 Start=4079840230936 End=4079840231003 Duration=67
Task=76 Chunk=0 Start=4079840230662 End=4079840378456 Duration=147794
Task=76 Chunk=1 Start=4079840378498 End=4079840378703 Duration=205
Task=76 Chunk=2 Start=4079840378724 End=4079840378793 Duration=69
Task=77 Chunk=0 Start=4079840378472 End=4079840533283 Duration=154811
Task=77 Chunk=1 Start=4079840533315 End=4079840533516 Duration=201
Task=77 Chunk=2 Start=4079840533531 End=4079840533595 Duration=64
Task=78 Chunk=0 Start=4079840533299 End=4079840688335 Duration=155036
Task=78 Chunk=1 Start=4079840688368 End=4079840688571 Duration=203
Task=78 Chunk=2 Start=4079840688586 End=4079840688652 Duration=66
Task=79 Chunk=0 Start=4079840688346 End=4079840841104 Duration=152758
Task=79 Chunk=1 Start=4079840841130 End=4079840841322 Duration=192
Task=79 Chunk=2 Start=4079840841328 End=4079840841399 Duration=71
Task=80 Chunk=0 Start=4079840841118 End=4079840996255 Duration=155137
Task=80 Chunk=1 Start=4079840996281 End=4079840996469 Duration=188
Task=80 Chunk=2 Start=4079840996479 End=4079840996542 Duration=63
Task=81 Chunk=0 Start=4079840996265 End=4079841150499 Duration=154234
Task=81 Chunk=1 Start=4079841150514 End=4079841150711 Duration=197
Task=81 Chunk=2 Start=4079841150732 End=4079841150800 Duration=68
Task=82 Chunk=0 Start=4079841150511 End=4079841305873 Duration=155362
Task=82 Chunk=1 Start=4079841305911 End=4079841306103 Duration=192
Task=82 Chunk=2 Start=4079841306121 End=4079841306185 Duration=64
Task=83 Chunk=0 Start=4079841305878 End=4079841452683 Duration=146805
Task=83 Chunk=1 Start=4079841452705 End=4079841452898 Duration=193
Task=83 Chunk=2 Start=4079841452914 End=4079841452980 Duration=66
Task=84 Chunk=0 Start=4079841452692 End=4079841603725 Duration=151033
Task=84 Chunk=1 Start=4079841603746 End=4079841603944 Duration=198
Task=84 Chunk=2 Start=4079841603954 End=4079841604023 Duration=69
Task=85 Chunk=0 Start=4079841603742 End=4079841750311 Duration=146569
Task=85 Chunk=1 Start=4079841750347 End=4079841750541 Duration=194
Task=85 Chunk=2 Start=4079841750555 End=4079841750638 Duration=83
Task=86 Chunk=0 Start=4079841750333 End=4079841897678 Duration=147345
Task=86 Chunk=1 Start=4079841897697 End=4079841898652 Duration=955
Task=86 Chunk=2 Start=4079841898665 End=4079841898733 Duration=68
Task=87 Chunk=0 Start=4079841897693 End=4079842046104 Duration=148411
Task=87 Chunk=1 Start=4079842046121 End=4079842046310 Duration=189
Task=87 Chunk=2 Start=4079842046318 End=4079842046384 Duration=66
Task=88 Chunk=0 Start=4079842046115 End=4079842193321 Duration=147206
Task=88 Chunk=1 Start=4079842193355 End=4079842193544 Duration=189
Task=88 Chunk=2 Start=4079842193557 End=4079842193625 Duration=68
Task=89 Chunk=0 Start=4079842193336 End=4079842341415 Duration=148079
Task=89 Chunk=1 Start=4079842341449 End=4079842341644 Duration=195
Task=89 Chunk=2 Start=4079842341659 End=4079842341730 Duration=71
Task=90 Chunk=0 Start=4079842341423 End=4079842478393 Duration=136970
Task=90 Chunk=1 Start=4079842478418 End=4079842574704 Duration=96286
Task=90 Chunk=2 Start=4079842574725 End=4079842574797 Duration=72
Task=91 Chunk=0 Start=4079842478397 End=4079842616384 Duration=137987
Task=91 Chunk=1 Start=4079842616418 End=4079842616591 Duration=173
Task=91 Chunk=2 Start=4079842616602 End=4079842616664 Duration=62
Task=92 Chunk=0 Start=4079842616400 End=4079842763288 Duration=146888
Task=92 Chunk=1 Start=4079842763311 End=4079842763512 Duration=201
Task=92 Chunk=2 Start=4079842763524 End=4079842763591 Duration=67
Task=93 Chunk=0 Start=4079842763292 End=4079842911409 Duration=148117
Task=93 Chunk=1 Start=4079842911445 End=4079842911627 Duration=182
Task=93 Chunk=2 Start=4079842911642 End=4079842911709 Duration=67
Task=94 Chunk=0 Start=4079842911420 End=4079843057158 Duration=145738
Task=94 Chunk=1 Start=4079843057180 End=4079843057367 Duration=187
Task=94 Chunk=2 Start=4079843057387 End=4079843057456 Duration=69
Task=95 Chunk=0 Start=4079843057167 End=4079843204007 Duration=146840
Task=95 Chunk=1 Start=4079843204029 End=4079843204210 Duration=181
Task=95 Chunk=2 Start=4079843204230 End=4079843204301 Duration=71
Task=96 Chunk=0 Start=4079843204016 End=4079843351339 Duration=147323
Task=96 Chunk=1 Start=4079843351353 End=4079843351555 Duration=202
Task=96 Chunk=2 Start=4079843351575 End=4079843351645 Duration=70
Task=97 Chunk=0 Start=4079843351347 End=4079843500573 Duration=149226
Task=97 Chunk=1 Start=4079843500594 End=4079843500798 Duration=204
Task=97 Chunk=2 Start=4079843500814 End=4079843500883 Duration=69
Task=98 Chunk=0 Start=4079843500582 End=4079843656045 Duration=155463
Task=98 Chunk=1 Start=4079843656078 End=4079843656316 Duration=238
Task=98 Chunk=2 Start=4079843656328 End=4079843656397 Duration=69
Task=99 Chunk=0 Start=4079843656054 End=4079843810186 Duration=154132
Task=99 Chunk=1 Start=4079843810214 End=4079843810416 Duration=202
Task=99 Chunk=2 Start=4079843810421 End=4079843810486 Duration=65
### Python End ###

--------------------------------
[2025-06-26 18:20:56.879] [info] Available Vulkan Layers:
[2025-06-26 18:20:56.879] [warning] Validation layer requested but not available, continuing without it...
[2025-06-26 18:20:56.883] [info] Using integrated GPU: Mali-G710
### Python Begin ###
Schedule_UID=SCH-G7B1M1-G602-4c11
Frequency=24576000 Hz
Task=0 Chunk=0 Start=4079852490010 End=4079852720436 Duration=230426
Task=0 Chunk=1 Start=4079852720448 End=4079853122199 Duration=401751
Task=0 Chunk=2 Start=4079853122979 End=4079853133907 Duration=10928
Task=1 Chunk=0 Start=4079852720446 End=4079852839994 Duration=119548
Task=1 Chunk=1 Start=4079853122210 End=4079853122467 Duration=257
Task=1 Chunk=2 Start=4079853133917 End=4079853134335 Duration=418
Task=2 Chunk=0 Start=4079852840001 End=4079852959944 Duration=119943
Task=2 Chunk=1 Start=4079853122468 End=4079853122540 Duration=72
Task=2 Chunk=2 Start=4079853134336 End=4079853134637 Duration=301
Task=3 Chunk=0 Start=4079852959945 End=4079853102404 Duration=142459
Task=3 Chunk=1 Start=4079853122541 End=4079853122609 Duration=68
Task=3 Chunk=2 Start=4079853134638 End=4079853135192 Duration=554
Task=4 Chunk=0 Start=4079853102411 End=4079853232158 Duration=129747
Task=4 Chunk=1 Start=4079853232176 End=4079853232289 Duration=113
Task=4 Chunk=2 Start=4079853233570 End=4079853234035 Duration=465
Task=5 Chunk=0 Start=4079853232159 End=4079853351986 Duration=119827
Task=5 Chunk=1 Start=4079853352005 End=4079853352103 Duration=98
Task=5 Chunk=2 Start=4079853352996 End=4079853353663 Duration=667
Task=6 Chunk=0 Start=4079853351989 End=4079853475795 Duration=123806
Task=6 Chunk=1 Start=4079853475814 End=4079853475894 Duration=80
Task=6 Chunk=2 Start=4079853477087 End=4079853477616 Duration=529
Task=7 Chunk=0 Start=4079853475799 End=4079853599155 Duration=123356
Task=7 Chunk=1 Start=4079853599173 End=4079853599262 Duration=89
Task=7 Chunk=2 Start=4079853599333 End=4079853599741 Duration=408
Task=8 Chunk=0 Start=4079853599159 End=4079853719082 Duration=119923
Task=8 Chunk=1 Start=4079853719097 End=4079853719196 Duration=99
Task=8 Chunk=2 Start=4079853719211 End=4079853719499 Duration=288
Task=9 Chunk=0 Start=4079853719083 End=4079853838946 Duration=119863
Task=9 Chunk=1 Start=4079853838958 End=4079853839043 Duration=85
Task=9 Chunk=2 Start=4079853839135 End=4079853839421 Duration=286
Task=10 Chunk=0 Start=4079853838951 End=4079853961423 Duration=122472
Task=10 Chunk=1 Start=4079853961432 End=4079853961525 Duration=93
Task=10 Chunk=2 Start=4079853962543 End=4079853962697 Duration=154
Task=11 Chunk=0 Start=4079853961424 End=4079854091525 Duration=130101
Task=11 Chunk=1 Start=4079854091544 End=4079854091648 Duration=104
Task=11 Chunk=2 Start=4079854092984 End=4079854093119 Duration=135
Task=12 Chunk=0 Start=4079854091527 End=4079854220690 Duration=129163
Task=12 Chunk=1 Start=4079854220697 End=4079854220771 Duration=74
Task=12 Chunk=2 Start=4079854221660 End=4079854221801 Duration=141
Task=13 Chunk=0 Start=4079854220694 End=4079854348293 Duration=127599
Task=13 Chunk=1 Start=4079854348312 End=4079854348377 Duration=65
Task=13 Chunk=2 Start=4079854349322 End=4079854349460 Duration=138
Task=14 Chunk=0 Start=4079854348296 End=4079854480505 Duration=132209
Task=14 Chunk=1 Start=4079854480521 End=4079854480588 Duration=67
Task=14 Chunk=2 Start=4079854481549 End=4079854481684 Duration=135
Task=15 Chunk=0 Start=4079854480508 End=4079854609759 Duration=129251
Task=15 Chunk=1 Start=4079854609764 End=4079854609833 Duration=69
Task=15 Chunk=2 Start=4079854610774 End=4079854610908 Duration=134
Task=16 Chunk=0 Start=4079854609762 End=4079854722651 Duration=112889
Task=16 Chunk=1 Start=4079854722664 End=4079854722726 Duration=62
Task=16 Chunk=2 Start=4079854723347 End=4079854723475 Duration=128
Task=17 Chunk=0 Start=4079854722654 End=4079854852733 Duration=130079
Task=17 Chunk=1 Start=4079854852759 End=4079854852828 Duration=69
Task=17 Chunk=2 Start=4079854852840 End=4079854852982 Duration=142
Task=18 Chunk=0 Start=4079854852744 End=4079854964141 Duration=111397
Task=18 Chunk=1 Start=4079854964157 End=4079854964232 Duration=75
Task=18 Chunk=2 Start=4079854964238 End=4079854964300 Duration=62
Task=19 Chunk=0 Start=4079854964150 End=4079855077493 Duration=113343
Task=19 Chunk=1 Start=4079855077516 End=4079855077577 Duration=61
Task=19 Chunk=2 Start=4079855077584 End=4079855077627 Duration=43
Task=20 Chunk=0 Start=4079855077502 End=4079855190073 Duration=112571
Task=20 Chunk=1 Start=4079855190087 End=4079855190153 Duration=66
Task=20 Chunk=2 Start=4079855190160 End=4079855190206 Duration=46
Task=21 Chunk=0 Start=4079855190079 End=4079855303844 Duration=113765
Task=21 Chunk=1 Start=4079855303866 End=4079855303931 Duration=65
Task=21 Chunk=2 Start=4079855303941 End=4079855303988 Duration=47
Task=22 Chunk=0 Start=4079855303854 End=4079855418188 Duration=114334
Task=22 Chunk=1 Start=4079855418197 End=4079855418266 Duration=69
Task=22 Chunk=2 Start=4079855418270 End=4079855418318 Duration=48
Task=23 Chunk=0 Start=4079855418196 End=4079855534533 Duration=116337
Task=23 Chunk=1 Start=4079855534553 End=4079855534617 Duration=64
Task=23 Chunk=2 Start=4079855534626 End=4079855534672 Duration=46
Task=24 Chunk=0 Start=4079855534544 End=4079855641901 Duration=107357
Task=24 Chunk=1 Start=4079855641908 End=4079855641994 Duration=86
Task=24 Chunk=2 Start=4079855642004 End=4079855642073 Duration=69
Task=25 Chunk=0 Start=4079855641909 End=4079855743716 Duration=101807
Task=25 Chunk=1 Start=4079855743735 End=4079855743801 Duration=66
Task=25 Chunk=2 Start=4079855743807 End=4079855743855 Duration=48
Task=26 Chunk=0 Start=4079855743723 End=4079855848190 Duration=104467
Task=26 Chunk=1 Start=4079855848201 End=4079855848264 Duration=63
Task=26 Chunk=2 Start=4079855848270 End=4079855848317 Duration=47
Task=27 Chunk=0 Start=4079855848200 End=4079855962806 Duration=114606
Task=27 Chunk=1 Start=4079855962833 End=4079855962899 Duration=66
Task=27 Chunk=2 Start=4079855962908 End=4079855962952 Duration=44
Task=28 Chunk=0 Start=4079855962816 End=4079856077404 Duration=114588
Task=28 Chunk=1 Start=4079856077423 End=4079856077487 Duration=64
Task=28 Chunk=2 Start=4079856077492 End=4079856077538 Duration=46
Task=29 Chunk=0 Start=4079856077414 End=4079856188373 Duration=110959
Task=29 Chunk=1 Start=4079856188388 End=4079856188453 Duration=65
Task=29 Chunk=2 Start=4079856188466 End=4079856188525 Duration=59
Task=30 Chunk=0 Start=4079856188385 End=4079856308102 Duration=119717
Task=30 Chunk=1 Start=4079856308112 End=4079856308181 Duration=69
Task=30 Chunk=2 Start=4079856308186 End=4079856308235 Duration=49
Task=31 Chunk=0 Start=4079856308111 End=4079856427016 Duration=118905
Task=31 Chunk=1 Start=4079856427026 End=4079856427100 Duration=74
Task=31 Chunk=2 Start=4079856427105 End=4079856427150 Duration=45
Task=32 Chunk=0 Start=4079856427026 End=4079856546127 Duration=119101
Task=32 Chunk=1 Start=4079856546148 End=4079856546213 Duration=65
Task=32 Chunk=2 Start=4079856546218 End=4079856546263 Duration=45
Task=33 Chunk=0 Start=4079856546136 End=4079856664935 Duration=118799
Task=33 Chunk=1 Start=4079856664961 End=4079856665025 Duration=64
Task=33 Chunk=2 Start=4079856665032 End=4079856665076 Duration=44
Task=34 Chunk=0 Start=4079856664945 End=4079856783293 Duration=118348
Task=34 Chunk=1 Start=4079856783304 End=4079856783369 Duration=65
Task=34 Chunk=2 Start=4079856783380 End=4079856783425 Duration=45
Task=35 Chunk=0 Start=4079856783305 End=4079856900588 Duration=117283
Task=35 Chunk=1 Start=4079856900613 End=4079856900685 Duration=72
Task=35 Chunk=2 Start=4079856900695 End=4079856900741 Duration=46
Task=36 Chunk=0 Start=4079856900598 End=4079857018619 Duration=118021
Task=36 Chunk=1 Start=4079857018632 End=4079857018696 Duration=64
Task=36 Chunk=2 Start=4079857018706 End=4079857018753 Duration=47
Task=37 Chunk=0 Start=4079857018632 End=4079857135587 Duration=116955
Task=37 Chunk=1 Start=4079857135610 End=4079857135677 Duration=67
Task=37 Chunk=2 Start=4079857135683 End=4079857135729 Duration=46
Task=38 Chunk=0 Start=4079857135598 End=4079857254245 Duration=118647
Task=38 Chunk=1 Start=4079857254256 End=4079857254333 Duration=77
Task=38 Chunk=2 Start=4079857254338 End=4079857254383 Duration=45
Task=39 Chunk=0 Start=4079857254255 End=4079857382435 Duration=128180
Task=39 Chunk=1 Start=4079857382450 End=4079857382523 Duration=73
Task=39 Chunk=2 Start=4079857382528 End=4079857382575 Duration=47
Task=40 Chunk=0 Start=4079857382445 End=4079857509992 Duration=127547
Task=40 Chunk=1 Start=4079857510009 End=4079857510076 Duration=67
Task=40 Chunk=2 Start=4079857510089 End=4079857510136 Duration=47
Task=41 Chunk=0 Start=4079857510001 End=4079857639752 Duration=129751
Task=41 Chunk=1 Start=4079857639773 End=4079857639839 Duration=66
Task=41 Chunk=2 Start=4079857639847 End=4079857639892 Duration=45
Task=42 Chunk=0 Start=4079857639762 End=4079857768949 Duration=129187
Task=42 Chunk=1 Start=4079857768973 End=4079857769040 Duration=67
Task=42 Chunk=2 Start=4079857769046 End=4079857769097 Duration=51
Task=43 Chunk=0 Start=4079857768959 End=4079857899513 Duration=130554
Task=43 Chunk=1 Start=4079857899532 End=4079857899605 Duration=73
Task=43 Chunk=2 Start=4079857899610 End=4079857899654 Duration=44
Task=44 Chunk=0 Start=4079857899524 End=4079858028134 Duration=128610
Task=44 Chunk=1 Start=4079858028150 End=4079858028219 Duration=69
Task=44 Chunk=2 Start=4079858028232 End=4079858028276 Duration=44
Task=45 Chunk=0 Start=4079858028146 End=4079858158815 Duration=130669
Task=45 Chunk=1 Start=4079858158827 End=4079858158893 Duration=66
Task=45 Chunk=2 Start=4079858158903 End=4079858158949 Duration=46
Task=46 Chunk=0 Start=4079858158821 End=4079858287655 Duration=128834
Task=46 Chunk=1 Start=4079858287666 End=4079858287733 Duration=67
Task=46 Chunk=2 Start=4079858287743 End=4079858287791 Duration=48
Task=47 Chunk=0 Start=4079858287663 End=4079858425530 Duration=137867
Task=47 Chunk=1 Start=4079858425552 End=4079858425620 Duration=68
Task=47 Chunk=2 Start=4079858425629 End=4079858425674 Duration=45
Task=48 Chunk=0 Start=4079858425539 End=4079858580141 Duration=154602
Task=48 Chunk=1 Start=4079858580154 End=4079858580226 Duration=72
Task=48 Chunk=2 Start=4079858580231 End=4079858580279 Duration=48
Task=49 Chunk=0 Start=4079858580150 End=4079858727756 Duration=147606
Task=49 Chunk=1 Start=4079858727776 End=4079858727845 Duration=69
Task=49 Chunk=2 Start=4079858727854 End=4079858727903 Duration=49
Task=50 Chunk=0 Start=4079858727766 End=4079858881398 Duration=153632
Task=50 Chunk=1 Start=4079858881417 End=4079858881487 Duration=70
Task=50 Chunk=2 Start=4079858881491 End=4079858881536 Duration=45
Task=51 Chunk=0 Start=4079858881408 End=4079859031383 Duration=149975
Task=51 Chunk=1 Start=4079859031400 End=4079859031468 Duration=68
Task=51 Chunk=2 Start=4079859031476 End=4079859031522 Duration=46
Task=52 Chunk=0 Start=4079859031394 End=4079859181721 Duration=150327
Task=52 Chunk=1 Start=4079859181730 End=4079859181798 Duration=68
Task=52 Chunk=2 Start=4079859181806 End=4079859181851 Duration=45
Task=53 Chunk=0 Start=4079859181731 End=4079859338325 Duration=156594
Task=53 Chunk=1 Start=4079859338336 End=4079859338403 Duration=67
Task=53 Chunk=2 Start=4079859338412 End=4079859338460 Duration=48
Task=54 Chunk=0 Start=4079859338336 End=4079859491206 Duration=152870
Task=54 Chunk=1 Start=4079859491231 End=4079859491299 Duration=68
Task=54 Chunk=2 Start=4079859491308 End=4079859491352 Duration=44
Task=55 Chunk=0 Start=4079859491216 End=4079859640251 Duration=149035
Task=55 Chunk=1 Start=4079859640265 End=4079859640334 Duration=69
Task=55 Chunk=2 Start=4079859640339 End=4079859640384 Duration=45
Task=56 Chunk=0 Start=4079859640265 End=4079859789039 Duration=148774
Task=56 Chunk=1 Start=4079859789050 End=4079859789133 Duration=83
Task=56 Chunk=2 Start=4079859789139 End=4079859789184 Duration=45
Task=57 Chunk=0 Start=4079859789049 End=4079859937694 Duration=148645
Task=57 Chunk=1 Start=4079859937717 End=4079859937795 Duration=78
Task=57 Chunk=2 Start=4079859937804 End=4079859937852 Duration=48
Task=58 Chunk=0 Start=4079859937702 End=4079860084852 Duration=147150
Task=58 Chunk=1 Start=4079860084874 End=4079860084953 Duration=79
Task=58 Chunk=2 Start=4079860084965 End=4079860085011 Duration=46
Task=59 Chunk=0 Start=4079860084861 End=4079860232206 Duration=147345
Task=59 Chunk=1 Start=4079860232222 End=4079860232287 Duration=65
Task=59 Chunk=2 Start=4079860232292 End=4079860232336 Duration=44
Task=60 Chunk=0 Start=4079860232216 End=4079860375554 Duration=143338
Task=60 Chunk=1 Start=4079860375574 End=4079860375654 Duration=80
Task=60 Chunk=2 Start=4079860375662 End=4079860375707 Duration=45
Task=61 Chunk=0 Start=4079860375564 End=4079860525640 Duration=150076
Task=61 Chunk=1 Start=4079860525656 End=4079860525759 Duration=103
Task=61 Chunk=2 Start=4079860525765 End=4079860525817 Duration=52
Task=62 Chunk=0 Start=4079860525650 End=4079860671043 Duration=145393
Task=62 Chunk=1 Start=4079860671061 End=4079860671143 Duration=82
Task=62 Chunk=2 Start=4079860671153 End=4079860671208 Duration=55
Task=63 Chunk=0 Start=4079860671053 End=4079860817721 Duration=146668
Task=63 Chunk=1 Start=4079860817731 End=4079860817827 Duration=96
Task=63 Chunk=2 Start=4079860817831 End=4079860817877 Duration=46
Task=64 Chunk=0 Start=4079860817729 End=4079860961213 Duration=143484
Task=64 Chunk=1 Start=4079860961225 End=4079860961300 Duration=75
Task=64 Chunk=2 Start=4079860961312 End=4079860961355 Duration=43
Task=65 Chunk=0 Start=4079860961223 End=4079861111455 Duration=150232
Task=65 Chunk=1 Start=4079861111474 End=4079861111541 Duration=67
Task=65 Chunk=2 Start=4079861111549 End=4079861111595 Duration=46
Task=66 Chunk=0 Start=4079861111465 End=4079861256417 Duration=144952
Task=66 Chunk=1 Start=4079861256436 End=4079861256539 Duration=103
Task=66 Chunk=2 Start=4079861256548 End=4079861256594 Duration=46
Task=67 Chunk=0 Start=4079861256428 End=4079861404833 Duration=148405
Task=67 Chunk=1 Start=4079861404847 End=4079861404946 Duration=99
Task=67 Chunk=2 Start=4079861404954 End=4079861405001 Duration=47
Task=68 Chunk=0 Start=4079861404843 End=4079861549060 Duration=144217
Task=68 Chunk=1 Start=4079861549078 End=4079861549161 Duration=83
Task=68 Chunk=2 Start=4079861549165 End=4079861549211 Duration=46
Task=69 Chunk=0 Start=4079861549071 End=4079861694488 Duration=145417
Task=69 Chunk=1 Start=4079861694499 End=4079861694606 Duration=107
Task=69 Chunk=2 Start=4079861694618 End=4079861694664 Duration=46
Task=70 Chunk=0 Start=4079861694498 End=4079861838350 Duration=143852
Task=70 Chunk=1 Start=4079861838370 End=4079861838442 Duration=72
Task=70 Chunk=2 Start=4079861838450 End=4079861838493 Duration=43
Task=71 Chunk=0 Start=4079861838360 End=4079861990463 Duration=152103
Task=71 Chunk=1 Start=4079861990474 End=4079861990548 Duration=74
Task=71 Chunk=2 Start=4079861990556 End=4079861990601 Duration=45
Task=72 Chunk=0 Start=4079861990473 End=4079862145143 Duration=154670
Task=72 Chunk=1 Start=4079862145153 End=4079862145224 Duration=71
Task=72 Chunk=2 Start=4079862145232 End=4079862145279 Duration=47
Task=73 Chunk=0 Start=4079862145153 End=4079862289322 Duration=144169
Task=73 Chunk=1 Start=4079862289346 End=4079862289411 Duration=65
Task=73 Chunk=2 Start=4079862289416 End=4079862289460 Duration=44
Task=74 Chunk=0 Start=4079862289334 End=4079862435676 Duration=146342
Task=74 Chunk=1 Start=4079862435683 End=4079862435774 Duration=91
Task=74 Chunk=2 Start=4079862435784 End=4079862435832 Duration=48
Task=75 Chunk=0 Start=4079862435683 End=4079862591444 Duration=155761
Task=75 Chunk=1 Start=4079862591461 End=4079862591553 Duration=92
Task=75 Chunk=2 Start=4079862591558 End=4079862591602 Duration=44
Task=76 Chunk=0 Start=4079862591455 End=4079862738135 Duration=146680
Task=76 Chunk=1 Start=4079862738151 End=4079862738221 Duration=70
Task=76 Chunk=2 Start=4079862738233 End=4079862738276 Duration=43
Task=77 Chunk=0 Start=4079862738145 End=4079862880788 Duration=142643
Task=77 Chunk=1 Start=4079862880813 End=4079862880876 Duration=63
Task=77 Chunk=2 Start=4079862880882 End=4079862880928 Duration=46
Task=78 Chunk=0 Start=4079862880798 End=4079863036270 Duration=155472
Task=78 Chunk=1 Start=4079863036279 End=4079863036385 Duration=106
Task=78 Chunk=2 Start=4079863036394 End=4079863036465 Duration=71
Task=79 Chunk=0 Start=4079863036279 End=4079863179305 Duration=143026
Task=79 Chunk=1 Start=4079863179315 End=4079863179377 Duration=62
Task=79 Chunk=2 Start=4079863179385 End=4079863179432 Duration=47
Task=80 Chunk=0 Start=4079863179315 End=4079863327570 Duration=148255
Task=80 Chunk=1 Start=4079863327583 End=4079863327660 Duration=77
Task=80 Chunk=2 Start=4079863327672 End=4079863327728 Duration=56
Task=81 Chunk=0 Start=4079863327579 End=4079863472098 Duration=144519
Task=81 Chunk=1 Start=4079863472116 End=4079863472189 Duration=73
Task=81 Chunk=2 Start=4079863472196 End=4079863472240 Duration=44
Task=82 Chunk=0 Start=4079863472108 End=4079863622444 Duration=150336
Task=82 Chunk=1 Start=4079863622468 End=4079863622530 Duration=62
Task=82 Chunk=2 Start=4079863622535 End=4079863622582 Duration=47
Task=83 Chunk=0 Start=4079863622455 End=4079863765245 Duration=142790
Task=83 Chunk=1 Start=4079863765266 End=4079863765330 Duration=64
Task=83 Chunk=2 Start=4079863765335 End=4079863765387 Duration=52
Task=84 Chunk=0 Start=4079863765255 End=4079863907456 Duration=142201
Task=84 Chunk=1 Start=4079863907465 End=4079863907561 Duration=96
Task=84 Chunk=2 Start=4079863907574 End=4079863907620 Duration=46
Task=85 Chunk=0 Start=4079863907466 End=4079864051182 Duration=143716
Task=85 Chunk=1 Start=4079864051191 End=4079864051295 Duration=104
Task=85 Chunk=2 Start=4079864051306 End=4079864051351 Duration=45
Task=86 Chunk=0 Start=4079864051193 End=4079864193911 Duration=142718
Task=86 Chunk=1 Start=4079864193936 End=4079864194015 Duration=79
Task=86 Chunk=2 Start=4079864194028 End=4079864194076 Duration=48
Task=87 Chunk=0 Start=4079864193921 End=4079864337295 Duration=143374
Task=87 Chunk=1 Start=4079864337317 End=4079864337386 Duration=69
Task=87 Chunk=2 Start=4079864337396 End=4079864337440 Duration=44
Task=88 Chunk=0 Start=4079864337305 End=4079864500764 Duration=163459
Task=88 Chunk=1 Start=4079864500782 End=4079864500844 Duration=62
Task=88 Chunk=2 Start=4079864500851 End=4079864500902 Duration=51
Task=89 Chunk=0 Start=4079864500773 End=4079864649185 Duration=148412
Task=89 Chunk=1 Start=4079864649194 End=4079864649293 Duration=99
Task=89 Chunk=2 Start=4079864649305 End=4079864649350 Duration=45
Task=90 Chunk=0 Start=4079864649195 End=4079864800687 Duration=151492
Task=90 Chunk=1 Start=4079864800704 End=4079864800765 Duration=61
Task=90 Chunk=2 Start=4079864800772 End=4079864800817 Duration=45
Task=91 Chunk=0 Start=4079864800693 End=4079865148306 Duration=347613
Task=91 Chunk=1 Start=4079865148327 End=4079865148391 Duration=64
Task=91 Chunk=2 Start=4079865148401 End=4079865148456 Duration=55
Task=92 Chunk=0 Start=4079865148315 End=4079865298704 Duration=150389
Task=92 Chunk=1 Start=4079865298728 End=4079865298790 Duration=62
Task=92 Chunk=2 Start=4079865298798 End=4079865298844 Duration=46
Task=93 Chunk=0 Start=4079865298713 End=4079865451916 Duration=153203
Task=93 Chunk=1 Start=4079865451939 End=4079865452004 Duration=65
Task=93 Chunk=2 Start=4079865452011 End=4079865452056 Duration=45
Task=94 Chunk=0 Start=4079865451925 End=4079865602746 Duration=150821
Task=94 Chunk=1 Start=4079865602763 End=4079865602846 Duration=83
Task=94 Chunk=2 Start=4079865602854 End=4079865602899 Duration=45
Task=95 Chunk=0 Start=4079865602759 End=4079865756771 Duration=154012
Task=95 Chunk=1 Start=4079865756776 End=4079865756856 Duration=80
Task=95 Chunk=2 Start=4079865756866 End=4079865756913 Duration=47
Task=96 Chunk=0 Start=4079865756777 End=4079865910690 Duration=153913
Task=96 Chunk=1 Start=4079865910701 End=4079865910764 Duration=63
Task=96 Chunk=2 Start=4079865910770 End=4079865910813 Duration=43
Task=97 Chunk=0 Start=4079865910700 End=4079866062514 Duration=151814
Task=97 Chunk=1 Start=4079866062531 End=4079866062594 Duration=63
Task=97 Chunk=2 Start=4079866062601 End=4079866062647 Duration=46
Task=98 Chunk=0 Start=4079866062521 End=4079866218277 Duration=155756
Task=98 Chunk=1 Start=4079866218283 End=4079866218352 Duration=69
Task=98 Chunk=2 Start=4079866218361 End=4079866218404 Duration=43
Task=99 Chunk=0 Start=4079866218284 End=4079866372748 Duration=154464
Task=99 Chunk=1 Start=4079866372763 End=4079866372835 Duration=72
Task=99 Chunk=2 Start=4079866372846 End=4079866372920 Duration=74
### Python End ###

--------------------------------
[2025-06-26 18:20:57.805] [info] Available Vulkan Layers:
[2025-06-26 18:20:57.805] [warning] Validation layer requested but not available, continuing without it...
[2025-06-26 18:20:57.809] [info] Using integrated GPU: Mali-G710
### Python Begin ###
Schedule_UID=SCH-G7L1M1-G602-5948
Frequency=24576000 Hz
Task=0 Chunk=0 Start=4079875352479 End=4079875763178 Duration=410699
Task=0 Chunk=1 Start=4079875763211 End=4079875987910 Duration=224699
Task=0 Chunk=2 Start=4079875987923 End=4079876003158 Duration=15235
Task=1 Chunk=0 Start=4079875763213 End=4079875962457 Duration=199244
Task=1 Chunk=1 Start=4079875987923 End=4079875991694 Duration=3771
Task=1 Chunk=2 Start=4079876003170 End=4079876003414 Duration=244
Task=2 Chunk=0 Start=4079875962470 End=4079876087001 Duration=124531
Task=2 Chunk=1 Start=4079876087029 End=4079876087904 Duration=875
Task=2 Chunk=2 Start=4079876088143 End=4079876088268 Duration=125
Task=3 Chunk=0 Start=4079876087001 End=4079876206183 Duration=119182
Task=3 Chunk=1 Start=4079876206206 End=4079876207047 Duration=841
Task=3 Chunk=2 Start=4079876207053 End=4079876207168 Duration=115
Task=4 Chunk=0 Start=4079876206184 End=4079876333212 Duration=127028
Task=4 Chunk=1 Start=4079876333224 End=4079876333518 Duration=294
Task=4 Chunk=2 Start=4079876333525 End=4079876333628 Duration=103
Task=5 Chunk=0 Start=4079876333213 End=4079876467757 Duration=134544
Task=5 Chunk=1 Start=4079876467774 End=4079876468087 Duration=313
Task=5 Chunk=2 Start=4079876468098 End=4079876468175 Duration=77
Task=6 Chunk=0 Start=4079876467758 End=4079876601447 Duration=133689
Task=6 Chunk=1 Start=4079876601476 End=4079876602351 Duration=875
Task=6 Chunk=2 Start=4079876602357 End=4079876602411 Duration=54
Task=7 Chunk=0 Start=4079876601453 End=4079876733698 Duration=132245
Task=7 Chunk=1 Start=4079876733721 End=4079876734606 Duration=885
Task=7 Chunk=2 Start=4079876734614 End=4079876734720 Duration=106
Task=8 Chunk=0 Start=4079876733702 End=4079876855460 Duration=121758
Task=8 Chunk=1 Start=4079876855489 End=4079876856086 Duration=597
Task=8 Chunk=2 Start=4079876856098 End=4079876856202 Duration=104
Task=9 Chunk=0 Start=4079876855461 End=4079876984992 Duration=129531
Task=9 Chunk=1 Start=4079876985013 End=4079876985199 Duration=186
Task=9 Chunk=2 Start=4079876985206 End=4079876985264 Duration=58
Task=10 Chunk=0 Start=4079876984993 End=4079877118320 Duration=133327
Task=10 Chunk=1 Start=4079877118326 End=4079877118525 Duration=199
Task=10 Chunk=2 Start=4079877118538 End=4079877118582 Duration=44
Task=11 Chunk=0 Start=4079877118321 End=4079877259964 Duration=141643
Task=11 Chunk=1 Start=4079877259981 End=4079877260148 Duration=167
Task=11 Chunk=2 Start=4079877260158 End=4079877260212 Duration=54
Task=12 Chunk=0 Start=4079877259965 End=4079877386199 Duration=126234
Task=12 Chunk=1 Start=4079877386222 End=4079877386390 Duration=168
Task=12 Chunk=2 Start=4079877386394 End=4079877386435 Duration=41
Task=13 Chunk=0 Start=4079877386200 End=4079877505696 Duration=119496
Task=13 Chunk=1 Start=4079877505725 End=4079877505892 Duration=167
Task=13 Chunk=2 Start=4079877505903 End=4079877505944 Duration=41
Task=14 Chunk=0 Start=4079877505703 End=4079877618441 Duration=112738
Task=14 Chunk=1 Start=4079877618476 End=4079877618624 Duration=148
Task=14 Chunk=2 Start=4079877618631 End=4079877618674 Duration=43
Task=15 Chunk=0 Start=4079877618442 End=4079877734522 Duration=116080
Task=15 Chunk=1 Start=4079877734546 End=4079877734711 Duration=165
Task=15 Chunk=2 Start=4079877734716 End=4079877734778 Duration=62
Task=16 Chunk=0 Start=4079877734523 End=4079877852398 Duration=117875
Task=16 Chunk=1 Start=4079877852418 End=4079877852606 Duration=188
Task=16 Chunk=2 Start=4079877852614 End=4079877852664 Duration=50
Task=17 Chunk=0 Start=4079877852406 End=4079877970417 Duration=118011
Task=17 Chunk=1 Start=4079877970444 End=4079877970606 Duration=162
Task=17 Chunk=2 Start=4079877970615 End=4079877970675 Duration=60
Task=18 Chunk=0 Start=4079877970426 End=4079878088650 Duration=118224
Task=18 Chunk=1 Start=4079878088664 End=4079878088835 Duration=171
Task=18 Chunk=2 Start=4079878088840 End=4079878088890 Duration=50
Task=19 Chunk=0 Start=4079878088652 End=4079878206235 Duration=117583
Task=19 Chunk=1 Start=4079878206257 End=4079878206410 Duration=153
Task=19 Chunk=2 Start=4079878206421 End=4079878206463 Duration=42
Task=20 Chunk=0 Start=4079878206237 End=4079878329120 Duration=122883
Task=20 Chunk=1 Start=4079878329133 End=4079878329290 Duration=157
Task=20 Chunk=2 Start=4079878329299 End=4079878329348 Duration=49
Task=21 Chunk=0 Start=4079878329122 End=4079878444716 Duration=115594
Task=21 Chunk=1 Start=4079878444745 End=4079878445006 Duration=261
Task=21 Chunk=2 Start=4079878445016 End=4079878445099 Duration=83
Task=22 Chunk=0 Start=4079878444721 End=4079878557023 Duration=112302
Task=22 Chunk=1 Start=4079878557052 End=4079878557232 Duration=180
Task=22 Chunk=2 Start=4079878557238 End=4079878557281 Duration=43
Task=23 Chunk=0 Start=4079878557024 End=4079878669290 Duration=112266
Task=23 Chunk=1 Start=4079878669314 End=4079878669476 Duration=162
Task=23 Chunk=2 Start=4079878669486 End=4079878669534 Duration=48
Task=24 Chunk=0 Start=4079878669291 End=4079878783219 Duration=113928
Task=24 Chunk=1 Start=4079878783226 End=4079878783379 Duration=153
Task=24 Chunk=2 Start=4079878783387 End=4079878783432 Duration=45
Task=25 Chunk=0 Start=4079878783221 End=4079878896035 Duration=112814
Task=25 Chunk=1 Start=4079878896068 End=4079878896230 Duration=162
Task=25 Chunk=2 Start=4079878896239 End=4079878896283 Duration=44
Task=26 Chunk=0 Start=4079878896037 End=4079879019112 Duration=123075
Task=26 Chunk=1 Start=4079879019134 End=4079879019299 Duration=165
Task=26 Chunk=2 Start=4079879019311 End=4079879019359 Duration=48
Task=27 Chunk=0 Start=4079879019114 End=4079879139270 Duration=120156
Task=27 Chunk=1 Start=4079879139282 End=4079879139441 Duration=159
Task=27 Chunk=2 Start=4079879139450 End=4079879139496 Duration=46
Task=28 Chunk=0 Start=4079879139272 End=4079879260276 Duration=121004
Task=28 Chunk=1 Start=4079879260303 End=4079879260451 Duration=148
Task=28 Chunk=2 Start=4079879260464 End=4079879260508 Duration=44
Task=29 Chunk=0 Start=4079879260278 End=4079879381048 Duration=120770
Task=29 Chunk=1 Start=4079879381079 End=4079879381232 Duration=153
Task=29 Chunk=2 Start=4079879381243 End=4079879381289 Duration=46
Task=30 Chunk=0 Start=4079879381049 End=4079879501519 Duration=120470
Task=30 Chunk=1 Start=4079879501553 End=4079879501703 Duration=150
Task=30 Chunk=2 Start=4079879501715 End=4079879501760 Duration=45
Task=31 Chunk=0 Start=4079879501520 End=4079879620765 Duration=119245
Task=31 Chunk=1 Start=4079879620778 End=4079879620932 Duration=154
Task=31 Chunk=2 Start=4079879620940 End=4079879620984 Duration=44
Task=32 Chunk=0 Start=4079879620772 End=4079879750767 Duration=129995
Task=32 Chunk=1 Start=4079879750787 End=4079879750947 Duration=160
Task=32 Chunk=2 Start=4079879750956 End=4079879751000 Duration=44
Task=33 Chunk=0 Start=4079879750768 End=4079879880527 Duration=129759
Task=33 Chunk=1 Start=4079879880556 End=4079879880708 Duration=152
Task=33 Chunk=2 Start=4079879880719 End=4079879880762 Duration=43
Task=34 Chunk=0 Start=4079879880534 End=4079880004224 Duration=123690
Task=34 Chunk=1 Start=4079880004255 End=4079880004413 Duration=158
Task=34 Chunk=2 Start=4079880004420 End=4079880004471 Duration=51
Task=35 Chunk=0 Start=4079880004226 End=4079880127360 Duration=123134
Task=35 Chunk=1 Start=4079880127376 End=4079880127530 Duration=154
Task=35 Chunk=2 Start=4079880127543 End=4079880127589 Duration=46
Task=36 Chunk=0 Start=4079880127361 End=4079880250264 Duration=122903
Task=36 Chunk=1 Start=4079880250291 End=4079880250443 Duration=152
Task=36 Chunk=2 Start=4079880250447 End=4079880250499 Duration=52
Task=37 Chunk=0 Start=4079880250267 End=4079880372522 Duration=122255
Task=37 Chunk=1 Start=4079880372548 End=4079880372701 Duration=153
Task=37 Chunk=2 Start=4079880372707 End=4079880372751 Duration=44
Task=38 Chunk=0 Start=4079880372524 End=4079880493609 Duration=121085
Task=38 Chunk=1 Start=4079880493627 End=4079880493785 Duration=158
Task=38 Chunk=2 Start=4079880493797 End=4079880493844 Duration=47
Task=39 Chunk=0 Start=4079880493610 End=4079880611435 Duration=117825
Task=39 Chunk=1 Start=4079880611462 End=4079880611609 Duration=147
Task=39 Chunk=2 Start=4079880611621 End=4079880611665 Duration=44
Task=40 Chunk=0 Start=4079880611436 End=4079880729435 Duration=117999
Task=40 Chunk=1 Start=4079880729448 End=4079880729595 Duration=147
Task=40 Chunk=2 Start=4079880729602 End=4079880729647 Duration=45
Task=41 Chunk=0 Start=4079880729436 End=4079880847124 Duration=117688
Task=41 Chunk=1 Start=4079880847140 End=4079880847295 Duration=155
Task=41 Chunk=2 Start=4079880847303 End=4079880847350 Duration=47
Task=42 Chunk=0 Start=4079880847125 End=4079880965140 Duration=118015
Task=42 Chunk=1 Start=4079880965158 End=4079880965314 Duration=156
Task=42 Chunk=2 Start=4079880965321 End=4079880965365 Duration=44
Task=43 Chunk=0 Start=4079880965142 End=4079881082913 Duration=117771
Task=43 Chunk=1 Start=4079881082928 End=4079881083088 Duration=160
Task=43 Chunk=2 Start=4079881083093 End=4079881083138 Duration=45
Task=44 Chunk=0 Start=4079881082915 End=4079881207879 Duration=124964
Task=44 Chunk=1 Start=4079881207912 End=4079881208066 Duration=154
Task=44 Chunk=2 Start=4079881208074 End=4079881208117 Duration=43
Task=45 Chunk=0 Start=4079881207881 End=4079881335937 Duration=128056
Task=45 Chunk=1 Start=4079881335964 End=4079881336133 Duration=169
Task=45 Chunk=2 Start=4079881336143 End=4079881336195 Duration=52
Task=46 Chunk=0 Start=4079881335939 End=4079881457633 Duration=121694
Task=46 Chunk=1 Start=4079881457660 End=4079881457808 Duration=148
Task=46 Chunk=2 Start=4079881457816 End=4079881457862 Duration=46
Task=47 Chunk=0 Start=4079881457640 End=4079881577292 Duration=119652
Task=47 Chunk=1 Start=4079881577320 End=4079881577474 Duration=154
Task=47 Chunk=2 Start=4079881577481 End=4079881577526 Duration=45
Task=48 Chunk=0 Start=4079881577293 End=4079881700790 Duration=123497
Task=48 Chunk=1 Start=4079881700800 End=4079881700954 Duration=154
Task=48 Chunk=2 Start=4079881700959 End=4079881701006 Duration=47
Task=49 Chunk=0 Start=4079881700792 End=4079881820953 Duration=120161
Task=49 Chunk=1 Start=4079881820976 End=4079881821128 Duration=152
Task=49 Chunk=2 Start=4079881821133 End=4079881821179 Duration=46
Task=50 Chunk=0 Start=4079881820954 End=4079881941199 Duration=120245
Task=50 Chunk=1 Start=4079881941223 End=4079881941374 Duration=151
Task=50 Chunk=2 Start=4079881941382 End=4079881941424 Duration=42
Task=51 Chunk=0 Start=4079881941201 End=4079882068430 Duration=127229
Task=51 Chunk=1 Start=4079882068443 End=4079882068598 Duration=155
Task=51 Chunk=2 Start=4079882068605 End=4079882068651 Duration=46
Task=52 Chunk=0 Start=4079882068431 End=4079882198990 Duration=130559
Task=52 Chunk=1 Start=4079882199025 End=4079882199186 Duration=161
Task=52 Chunk=2 Start=4079882199191 End=4079882199235 Duration=44
Task=53 Chunk=0 Start=4079882199000 End=4079882327634 Duration=128634
Task=53 Chunk=1 Start=4079882327657 End=4079882327806 Duration=149
Task=53 Chunk=2 Start=4079882327811 End=4079882327858 Duration=47
Task=54 Chunk=0 Start=4079882327636 End=4079882456022 Duration=128386
Task=54 Chunk=1 Start=4079882456034 End=4079882456198 Duration=164
Task=54 Chunk=2 Start=4079882456202 End=4079882456246 Duration=44
Task=55 Chunk=0 Start=4079882456024 End=4079882584140 Duration=128116
Task=55 Chunk=1 Start=4079882584163 End=4079882584378 Duration=215
Task=55 Chunk=2 Start=4079882584383 End=4079882584428 Duration=45
Task=56 Chunk=0 Start=4079882584142 End=4079882712151 Duration=128009
Task=56 Chunk=1 Start=4079882712179 End=4079882712363 Duration=184
Task=56 Chunk=2 Start=4079882712370 End=4079882712414 Duration=44
Task=57 Chunk=0 Start=4079882712153 End=4079882840435 Duration=128282
Task=57 Chunk=1 Start=4079882840467 End=4079882840620 Duration=153
Task=57 Chunk=2 Start=4079882840624 End=4079882840667 Duration=43
Task=58 Chunk=0 Start=4079882840437 End=4079882961560 Duration=121123
Task=58 Chunk=1 Start=4079882961591 End=4079882961756 Duration=165
Task=58 Chunk=2 Start=4079882961767 End=4079882961813 Duration=46
Task=59 Chunk=0 Start=4079882961562 End=4079883081225 Duration=119663
Task=59 Chunk=1 Start=4079883081235 End=4079883081385 Duration=150
Task=59 Chunk=2 Start=4079883081389 End=4079883081433 Duration=44
Task=60 Chunk=0 Start=4079883081226 End=4079883198561 Duration=117335
Task=60 Chunk=1 Start=4079883198585 End=4079883198736 Duration=151
Task=60 Chunk=2 Start=4079883198748 End=4079883198792 Duration=44
Task=61 Chunk=0 Start=4079883198563 End=4079883316449 Duration=117886
Task=61 Chunk=1 Start=4079883316461 End=4079883316620 Duration=159
Task=61 Chunk=2 Start=4079883316632 End=4079883316676 Duration=44
Task=62 Chunk=0 Start=4079883316451 End=4079883435286 Duration=118835
Task=62 Chunk=1 Start=4079883435311 End=4079883435459 Duration=148
Task=62 Chunk=2 Start=4079883435469 End=4079883435513 Duration=44
Task=63 Chunk=0 Start=4079883435288 End=4079883554675 Duration=119387
Task=63 Chunk=1 Start=4079883554692 End=4079883554856 Duration=164
Task=63 Chunk=2 Start=4079883554865 End=4079883554910 Duration=45
Task=64 Chunk=0 Start=4079883554677 End=4079883675423 Duration=120746
Task=64 Chunk=1 Start=4079883675433 End=4079883675589 Duration=156
Task=64 Chunk=2 Start=4079883675597 End=4079883675642 Duration=45
Task=65 Chunk=0 Start=4079883675424 End=4079883795469 Duration=120045
Task=65 Chunk=1 Start=4079883795485 End=4079883795638 Duration=153
Task=65 Chunk=2 Start=4079883795643 End=4079883795689 Duration=46
Task=66 Chunk=0 Start=4079883795470 End=4079883926944 Duration=131474
Task=66 Chunk=1 Start=4079883926961 End=4079883927112 Duration=151
Task=66 Chunk=2 Start=4079883927122 End=4079883927167 Duration=45
Task=67 Chunk=0 Start=4079883926946 End=4079884055896 Duration=128950
Task=67 Chunk=1 Start=4079884055925 End=4079884056079 Duration=154
Task=67 Chunk=2 Start=4079884056086 End=4079884056133 Duration=47
Task=68 Chunk=0 Start=4079884055898 End=4079884186888 Duration=130990
Task=68 Chunk=1 Start=4079884186910 End=4079884187070 Duration=160
Task=68 Chunk=2 Start=4079884187082 End=4079884187125 Duration=43
Task=69 Chunk=0 Start=4079884186890 End=4079884315187 Duration=128297
Task=69 Chunk=1 Start=4079884315201 End=4079884315357 Duration=156
Task=69 Chunk=2 Start=4079884315367 End=4079884315410 Duration=43
Task=70 Chunk=0 Start=4079884315189 End=4079884443942 Duration=128753
Task=70 Chunk=1 Start=4079884443953 End=4079884444118 Duration=165
Task=70 Chunk=2 Start=4079884444128 End=4079884444180 Duration=52
Task=71 Chunk=0 Start=4079884443944 End=4079884571993 Duration=128049
Task=71 Chunk=1 Start=4079884572007 End=4079884572157 Duration=150
Task=71 Chunk=2 Start=4079884572168 End=4079884572211 Duration=43
Task=72 Chunk=0 Start=4079884571995 End=4079884701810 Duration=129815
Task=72 Chunk=1 Start=4079884701832 End=4079884701991 Duration=159
Task=72 Chunk=2 Start=4079884702002 End=4079884702045 Duration=43
Task=73 Chunk=0 Start=4079884701813 End=4079884830224 Duration=128411
Task=73 Chunk=1 Start=4079884830239 End=4079884830406 Duration=167
Task=73 Chunk=2 Start=4079884830412 End=4079884830457 Duration=45
Task=74 Chunk=0 Start=4079884830226 End=4079884960628 Duration=130402
Task=74 Chunk=1 Start=4079884960646 End=4079884960797 Duration=151
Task=74 Chunk=2 Start=4079884960806 End=4079884960854 Duration=48
Task=75 Chunk=0 Start=4079884960629 End=4079885081048 Duration=120419
Task=75 Chunk=1 Start=4079885081075 End=4079885081222 Duration=147
Task=75 Chunk=2 Start=4079885081228 End=4079885081273 Duration=45
Task=76 Chunk=0 Start=4079885081050 End=4079885200972 Duration=119922
Task=76 Chunk=1 Start=4079885200982 End=4079885201134 Duration=152
Task=76 Chunk=2 Start=4079885201145 End=4079885201187 Duration=42
Task=77 Chunk=0 Start=4079885200973 End=4079885327053 Duration=126080
Task=77 Chunk=1 Start=4079885327089 End=4079885327252 Duration=163
Task=77 Chunk=2 Start=4079885327260 End=4079885327306 Duration=46
Task=78 Chunk=0 Start=4079885327055 End=4079885455860 Duration=128805
Task=78 Chunk=1 Start=4079885455895 End=4079885456081 Duration=186
Task=78 Chunk=2 Start=4079885456094 End=4079885456139 Duration=45
Task=79 Chunk=0 Start=4079885455862 End=4079885578563 Duration=122701
Task=79 Chunk=1 Start=4079885578586 End=4079885578744 Duration=158
Task=79 Chunk=2 Start=4079885578752 End=4079885578799 Duration=47
Task=80 Chunk=0 Start=4079885578565 End=4079885699210 Duration=120645
Task=80 Chunk=1 Start=4079885699231 End=4079885699396 Duration=165
Task=80 Chunk=2 Start=4079885699403 End=4079885699447 Duration=44
Task=81 Chunk=0 Start=4079885699212 End=4079885815563 Duration=116351
Task=81 Chunk=1 Start=4079885815575 End=4079885815722 Duration=147
Task=81 Chunk=2 Start=4079885815732 End=4079885815786 Duration=54
Task=82 Chunk=0 Start=4079885815565 End=4079885934329 Duration=118764
Task=82 Chunk=1 Start=4079885934357 End=4079885934506 Duration=149
Task=82 Chunk=2 Start=4079885934516 End=4079885934560 Duration=44
Task=83 Chunk=0 Start=4079885934331 End=4079886054466 Duration=120135
Task=83 Chunk=1 Start=4079886054487 End=4079886054638 Duration=151
Task=83 Chunk=2 Start=4079886054642 End=4079886054688 Duration=46
Task=84 Chunk=0 Start=4079886054468 End=4079886176259 Duration=121791
Task=84 Chunk=1 Start=4079886176284 End=4079886176439 Duration=155
Task=84 Chunk=2 Start=4079886176452 End=4079886176494 Duration=42
Task=85 Chunk=0 Start=4079886176267 End=4079886305197 Duration=128930
Task=85 Chunk=1 Start=4079886305211 End=4079886305385 Duration=174
Task=85 Chunk=2 Start=4079886305396 End=4079886305440 Duration=44
Task=86 Chunk=0 Start=4079886305199 End=4079886434819 Duration=129620
Task=86 Chunk=1 Start=4079886434837 End=4079886434985 Duration=148
Task=86 Chunk=2 Start=4079886434991 End=4079886435037 Duration=46
Task=87 Chunk=0 Start=4079886434821 End=4079886564075 Duration=129254
Task=87 Chunk=1 Start=4079886564104 End=4079886564253 Duration=149
Task=87 Chunk=2 Start=4079886564260 End=4079886564302 Duration=42
Task=88 Chunk=0 Start=4079886564076 End=4079886694494 Duration=130418
Task=88 Chunk=1 Start=4079886694510 End=4079886694667 Duration=157
Task=88 Chunk=2 Start=4079886694672 End=4079886694718 Duration=46
Task=89 Chunk=0 Start=4079886694495 End=4079886821568 Duration=127073
Task=89 Chunk=1 Start=4079886821578 End=4079886821737 Duration=159
Task=89 Chunk=2 Start=4079886821744 End=4079886821790 Duration=46
Task=90 Chunk=0 Start=4079886821570 End=4079886950158 Duration=128588
Task=90 Chunk=1 Start=4079886950189 End=4079886950345 Duration=156
Task=90 Chunk=2 Start=4079886950355 End=4079886950403 Duration=48
Task=91 Chunk=0 Start=4079886950160 End=4079887071550 Duration=121390
Task=91 Chunk=1 Start=4079887071578 End=4079887071729 Duration=151
Task=91 Chunk=2 Start=4079887071740 End=4079887071786 Duration=46
Task=92 Chunk=0 Start=4079887071552 End=4079887188868 Duration=117316
Task=92 Chunk=1 Start=4079887188882 End=4079887189085 Duration=203
Task=92 Chunk=2 Start=4079887189096 End=4079887189139 Duration=43
Task=93 Chunk=0 Start=4079887188870 End=4079887307428 Duration=118558
Task=93 Chunk=1 Start=4079887307442 End=4079887307598 Duration=156
Task=93 Chunk=2 Start=4079887307611 End=4079887307658 Duration=47
Task=94 Chunk=0 Start=4079887307430 End=4079887435669 Duration=128239
Task=94 Chunk=1 Start=4079887435698 End=4079887435848 Duration=150
Task=94 Chunk=2 Start=4079887435852 End=4079887435898 Duration=46
Task=95 Chunk=0 Start=4079887435670 End=4079887571030 Duration=135360
Task=95 Chunk=1 Start=4079887571048 End=4079887571234 Duration=186
Task=95 Chunk=2 Start=4079887571246 End=4079887571291 Duration=45
Task=96 Chunk=0 Start=4079887571032 End=4079887692300 Duration=121268
Task=96 Chunk=1 Start=4079887692313 End=4079887692472 Duration=159
Task=96 Chunk=2 Start=4079887692480 End=4079887692523 Duration=43
Task=97 Chunk=0 Start=4079887692302 End=4079887852032 Duration=159730
Task=97 Chunk=1 Start=4079887852058 End=4079887852226 Duration=168
Task=97 Chunk=2 Start=4079887852230 End=4079887852278 Duration=48
Task=98 Chunk=0 Start=4079887852034 End=4079887971693 Duration=119659
Task=98 Chunk=1 Start=4079887971724 End=4079887971884 Duration=160
Task=98 Chunk=2 Start=4079887971891 End=4079887971938 Duration=47
Task=99 Chunk=0 Start=4079887971695 End=4079888090231 Duration=118536
Task=99 Chunk=1 Start=4079888090262 End=4079888090424 Duration=162
Task=99 Chunk=2 Start=4079888090430 End=4079888090476 Duration=46
### Python End ###

--------------------------------
[2025-06-26 18:20:58.570] [info] Available Vulkan Layers:
[2025-06-26 18:20:58.570] [warning] Validation layer requested but not available, continuing without it...
[2025-06-26 18:20:58.572] [info] Using integrated GPU: Mali-G710
### Python Begin ###
Schedule_UID=SCH-G8B1-G621-2776
Frequency=24576000 Hz
Task=0 Chunk=0 Start=4079894436921 End=4079894681895 Duration=244974
Task=0 Chunk=1 Start=4079894682040 End=4079894750348 Duration=68308
Task=1 Chunk=0 Start=4079894681899 End=4079894810591 Duration=128692
Task=1 Chunk=1 Start=4079894810706 End=4079894811354 Duration=648
Task=2 Chunk=0 Start=4079894810598 End=4079894938708 Duration=128110
Task=2 Chunk=1 Start=4079894939051 End=4079894940498 Duration=1447
Task=3 Chunk=0 Start=4079894938709 End=4079895067978 Duration=129269
Task=3 Chunk=1 Start=4079895068003 End=4079895068787 Duration=784
Task=4 Chunk=0 Start=4079895067983 End=4079895197801 Duration=129818
Task=4 Chunk=1 Start=4079895197822 End=4079895198351 Duration=529
Task=5 Chunk=0 Start=4079895197807 End=4079895326318 Duration=128511
Task=5 Chunk=1 Start=4079895326352 End=4079895326835 Duration=483
Task=6 Chunk=0 Start=4079895326319 End=4079895459470 Duration=133151
Task=6 Chunk=1 Start=4079895459490 End=4079895460209 Duration=719
Task=7 Chunk=0 Start=4079895459477 End=4079895596578 Duration=137101
Task=7 Chunk=1 Start=4079895596687 End=4079895597386 Duration=699
Task=8 Chunk=0 Start=4079895596581 End=4079895740332 Duration=143751
Task=8 Chunk=1 Start=4079895740358 End=4079895740660 Duration=302
Task=9 Chunk=0 Start=4079895740345 End=4079895883407 Duration=143062
Task=9 Chunk=1 Start=4079895883424 End=4079895883549 Duration=125
Task=10 Chunk=0 Start=4079895883417 End=4079896029401 Duration=145984
Task=10 Chunk=1 Start=4079896029414 End=4079896029561 Duration=147
Task=11 Chunk=0 Start=4079896029410 End=4079896161309 Duration=131899
Task=11 Chunk=1 Start=4079896161330 End=4079896161478 Duration=148
Task=12 Chunk=0 Start=4079896161311 End=4079896314006 Duration=152695
Task=12 Chunk=1 Start=4079896314046 End=4079896314181 Duration=135
Task=13 Chunk=0 Start=4079896314029 End=4079896462151 Duration=148122
Task=13 Chunk=1 Start=4079896462165 End=4079896462298 Duration=133
Task=14 Chunk=0 Start=4079896462154 End=4079896605004 Duration=142850
Task=14 Chunk=1 Start=4079896605025 End=4079896605110 Duration=85
Task=15 Chunk=0 Start=4079896605009 End=4079896754330 Duration=149321
Task=15 Chunk=1 Start=4079896754348 End=4079896754419 Duration=71
Task=16 Chunk=0 Start=4079896754342 End=4079896904037 Duration=149695
Task=16 Chunk=1 Start=4079896904049 End=4079896904121 Duration=72
Task=17 Chunk=0 Start=4079896904042 End=4079897052383 Duration=148341
Task=17 Chunk=1 Start=4079897052404 End=4079897052487 Duration=83
Task=18 Chunk=0 Start=4079897052388 End=4079897205121 Duration=152733
Task=18 Chunk=1 Start=4079897205144 End=4079897205217 Duration=73
Task=19 Chunk=0 Start=4079897205127 End=4079897354277 Duration=149150
Task=19 Chunk=1 Start=4079897354294 End=4079897354365 Duration=71
Task=20 Chunk=0 Start=4079897354289 End=4079897506057 Duration=151768
Task=20 Chunk=1 Start=4079897506086 End=4079897506155 Duration=69
Task=21 Chunk=0 Start=4079897506068 End=4079897664613 Duration=158545
Task=21 Chunk=1 Start=4079897664641 End=4079897664715 Duration=74
Task=22 Chunk=0 Start=4079897664628 End=4079897817829 Duration=153201
Task=22 Chunk=1 Start=4079897817856 End=4079897817934 Duration=78
Task=23 Chunk=0 Start=4079897817844 End=4079897970673 Duration=152829
Task=23 Chunk=1 Start=4079897970690 End=4079897970767 Duration=77
Task=24 Chunk=0 Start=4079897970679 End=4079898122626 Duration=151947
Task=24 Chunk=1 Start=4079898122650 End=4079898122725 Duration=75
Task=25 Chunk=0 Start=4079898122639 End=4079898279452 Duration=156813
Task=25 Chunk=1 Start=4079898279478 End=4079898279569 Duration=91
Task=26 Chunk=0 Start=4079898279465 End=4079898462788 Duration=183323
Task=26 Chunk=1 Start=4079898462816 End=4079898462893 Duration=77
Task=27 Chunk=0 Start=4079898462810 End=4079898621696 Duration=158886
Task=27 Chunk=1 Start=4079898621729 End=4079898621800 Duration=71
Task=28 Chunk=0 Start=4079898621717 End=4079898777395 Duration=155678
Task=28 Chunk=1 Start=4079898777415 End=4079898777515 Duration=100
Task=29 Chunk=0 Start=4079898777404 End=4079898920221 Duration=142817
Task=29 Chunk=1 Start=4079898920248 End=4079898920323 Duration=75
Task=30 Chunk=0 Start=4079898920240 End=4079899060123 Duration=139883
Task=30 Chunk=1 Start=4079899060142 End=4079899060212 Duration=70
Task=31 Chunk=0 Start=4079899060138 End=4079899214710 Duration=154572
Task=31 Chunk=1 Start=4079899214732 End=4079899214800 Duration=68
Task=32 Chunk=0 Start=4079899214723 End=4079899373383 Duration=158660
Task=32 Chunk=1 Start=4079899373408 End=4079899373477 Duration=69
Task=33 Chunk=0 Start=4079899373395 End=4079899540024 Duration=166629
Task=33 Chunk=1 Start=4079899540054 End=4079899540131 Duration=77
Task=34 Chunk=0 Start=4079899540041 End=4079899719291 Duration=179250
Task=34 Chunk=1 Start=4079899719310 End=4079899719393 Duration=83
Task=35 Chunk=0 Start=4079899719303 End=4079899894284 Duration=174981
Task=35 Chunk=1 Start=4079899894306 End=4079899894377 Duration=71
Task=36 Chunk=0 Start=4079899894299 End=4079900069317 Duration=175018
Task=36 Chunk=1 Start=4079900069340 End=4079900069411 Duration=71
Task=37 Chunk=0 Start=4079900069331 End=4079900243718 Duration=174387
Task=37 Chunk=1 Start=4079900243751 End=4079900243827 Duration=76
Task=38 Chunk=0 Start=4079900243735 End=4079900418003 Duration=174268
Task=38 Chunk=1 Start=4079900418032 End=4079900418113 Duration=81
Task=39 Chunk=0 Start=4079900418028 End=4079900597883 Duration=179855
Task=39 Chunk=1 Start=4079900597910 End=4079900598002 Duration=92
Task=40 Chunk=0 Start=4079900597909 End=4079900786812 Duration=188903
Task=40 Chunk=1 Start=4079900786838 End=4079900786914 Duration=76
Task=41 Chunk=0 Start=4079900786829 End=4079900991405 Duration=204576
Task=41 Chunk=1 Start=4079900991440 End=4079900991516 Duration=76
Task=42 Chunk=0 Start=4079900991425 End=4079901184910 Duration=193485
Task=42 Chunk=1 Start=4079901184938 End=4079901185009 Duration=71
Task=43 Chunk=0 Start=4079901184928 End=4079901375782 Duration=190854
Task=43 Chunk=1 Start=4079901375797 End=4079901375879 Duration=82
Task=44 Chunk=0 Start=4079901375800 End=4079901562262 Duration=186462
Task=44 Chunk=1 Start=4079901562292 End=4079901562394 Duration=102
Task=45 Chunk=0 Start=4079901562282 End=4079901740066 Duration=177784
Task=45 Chunk=1 Start=4079901740088 End=4079901740164 Duration=76
Task=46 Chunk=0 Start=4079901740081 End=4079901923452 Duration=183371
Task=46 Chunk=1 Start=4079901923471 End=4079901923547 Duration=76
Task=47 Chunk=0 Start=4079901923468 End=4079902107465 Duration=183997
Task=47 Chunk=1 Start=4079902107478 End=4079902107576 Duration=98
Task=48 Chunk=0 Start=4079902107480 End=4079902295702 Duration=188222
Task=48 Chunk=1 Start=4079902295722 End=4079902295795 Duration=73
Task=49 Chunk=0 Start=4079902295719 End=4079902489442 Duration=193723
Task=49 Chunk=1 Start=4079902489464 End=4079902489535 Duration=71
Task=50 Chunk=0 Start=4079902489460 End=4079902678086 Duration=188626
Task=50 Chunk=1 Start=4079902678106 End=4079902678183 Duration=77
Task=51 Chunk=0 Start=4079902678103 End=4079902867959 Duration=189856
Task=51 Chunk=1 Start=4079902867977 End=4079902868062 Duration=85
Task=52 Chunk=0 Start=4079902867976 End=4079903055112 Duration=187136
Task=52 Chunk=1 Start=4079903055131 End=4079903055221 Duration=90
Task=53 Chunk=0 Start=4079903055129 End=4079903239012 Duration=183883
Task=53 Chunk=1 Start=4079903239039 End=4079903239113 Duration=74
Task=54 Chunk=0 Start=4079903239030 End=4079903418814 Duration=179784
Task=54 Chunk=1 Start=4079903418830 End=4079903418898 Duration=68
Task=55 Chunk=0 Start=4079903418831 End=4079903612656 Duration=193825
Task=55 Chunk=1 Start=4079903612672 End=4079903612747 Duration=75
Task=56 Chunk=0 Start=4079903612674 End=4079903827855 Duration=215181
Task=56 Chunk=1 Start=4079903827878 End=4079903827965 Duration=87
Task=57 Chunk=0 Start=4079903827872 End=4079904016037 Duration=188165
Task=57 Chunk=1 Start=4079904016054 End=4079904016130 Duration=76
Task=58 Chunk=0 Start=4079904016054 End=4079904208118 Duration=192064
Task=58 Chunk=1 Start=4079904208146 End=4079904208220 Duration=74
Task=59 Chunk=0 Start=4079904208136 End=4079904401865 Duration=193729
Task=59 Chunk=1 Start=4079904401883 End=4079904401954 Duration=71
Task=60 Chunk=0 Start=4079904401879 End=4079904596173 Duration=194294
Task=60 Chunk=1 Start=4079904596196 End=4079904596274 Duration=78
Task=61 Chunk=0 Start=4079904596191 End=4079904790426 Duration=194235
Task=61 Chunk=1 Start=4079904790452 End=4079904790531 Duration=79
Task=62 Chunk=0 Start=4079904790439 End=4079904993397 Duration=202958
Task=62 Chunk=1 Start=4079904993418 End=4079904993492 Duration=74
Task=63 Chunk=0 Start=4079904993416 End=4079905182095 Duration=188679
Task=63 Chunk=1 Start=4079905182122 End=4079905182210 Duration=88
Task=64 Chunk=0 Start=4079905182112 End=4079905373063 Duration=190951
Task=64 Chunk=1 Start=4079905373094 End=4079905373170 Duration=76
Task=65 Chunk=0 Start=4079905373080 End=4079905581960 Duration=208880
Task=65 Chunk=1 Start=4079905581986 End=4079905582075 Duration=89
Task=66 Chunk=0 Start=4079905581976 End=4079905769359 Duration=187383
Task=66 Chunk=1 Start=4079905769389 End=4079905769464 Duration=75
Task=67 Chunk=0 Start=4079905769377 End=4079905956708 Duration=187331
Task=67 Chunk=1 Start=4079905956718 End=4079905956793 Duration=75
Task=68 Chunk=0 Start=4079905956720 End=4079906151525 Duration=194805
Task=68 Chunk=1 Start=4079906151544 End=4079906151617 Duration=73
Task=69 Chunk=0 Start=4079906151538 End=4079906351683 Duration=200145
Task=69 Chunk=1 Start=4079906351713 End=4079906351786 Duration=73
Task=70 Chunk=0 Start=4079906351703 End=4079906569697 Duration=217994
Task=70 Chunk=1 Start=4079906569723 End=4079906569793 Duration=70
Task=71 Chunk=0 Start=4079906569714 End=4079906763796 Duration=194082
Task=71 Chunk=1 Start=4079906763814 End=4079906763895 Duration=81
Task=72 Chunk=0 Start=4079906763813 End=4079906956415 Duration=192602
Task=72 Chunk=1 Start=4079906956434 End=4079906956506 Duration=72
Task=73 Chunk=0 Start=4079906956427 End=4079907145218 Duration=188791
Task=73 Chunk=1 Start=4079907145240 End=4079907145313 Duration=73
Task=74 Chunk=0 Start=4079907145235 End=4079907347725 Duration=202490
Task=74 Chunk=1 Start=4079907347753 End=4079907347824 Duration=71
Task=75 Chunk=0 Start=4079907347741 End=4079907538451 Duration=190710
Task=75 Chunk=1 Start=4079907538477 End=4079907538549 Duration=72
Task=76 Chunk=0 Start=4079907538467 End=4079907732117 Duration=193650
Task=76 Chunk=1 Start=4079907732139 End=4079907732262 Duration=123
Task=77 Chunk=0 Start=4079907732135 End=4079907923642 Duration=191507
Task=77 Chunk=1 Start=4079907923656 End=4079907923728 Duration=72
Task=78 Chunk=0 Start=4079907923659 End=4079908133837 Duration=210178
Task=78 Chunk=1 Start=4079908133861 End=4079908133935 Duration=74
Task=79 Chunk=0 Start=4079908133851 End=4079908328083 Duration=194232
Task=79 Chunk=1 Start=4079908328094 End=4079908328169 Duration=75
Task=80 Chunk=0 Start=4079908328096 End=4079908517984 Duration=189888
Task=80 Chunk=1 Start=4079908518005 End=4079908518078 Duration=73
Task=81 Chunk=0 Start=4079908517999 End=4079908715391 Duration=197392
Task=81 Chunk=1 Start=4079908715412 End=4079908715481 Duration=69
Task=82 Chunk=0 Start=4079908715408 End=4079908902282 Duration=186874
Task=82 Chunk=1 Start=4079908902292 End=4079908902363 Duration=71
Task=83 Chunk=0 Start=4079908902295 End=4079909108119 Duration=205824
Task=83 Chunk=1 Start=4079909108134 End=4079909108205 Duration=71
Task=84 Chunk=0 Start=4079909108137 End=4079909295570 Duration=187433
Task=84 Chunk=1 Start=4079909295585 End=4079909295653 Duration=68
Task=85 Chunk=0 Start=4079909295587 End=4079909484912 Duration=189325
Task=85 Chunk=1 Start=4079909484934 End=4079909485015 Duration=81
Task=86 Chunk=0 Start=4079909484929 End=4079909680072 Duration=195143
Task=86 Chunk=1 Start=4079909680095 End=4079909680169 Duration=74
Task=87 Chunk=0 Start=4079909680090 End=4079909865777 Duration=185687
Task=87 Chunk=1 Start=4079909865805 End=4079909865877 Duration=72
Task=88 Chunk=0 Start=4079909865794 End=4079910061936 Duration=196142
Task=88 Chunk=1 Start=4079910061966 End=4079910062035 Duration=69
Task=89 Chunk=0 Start=4079910061952 End=4079910256653 Duration=194701
Task=89 Chunk=1 Start=4079910256667 End=4079910256742 Duration=75
Task=90 Chunk=0 Start=4079910256664 End=4079910443717 Duration=187053
Task=90 Chunk=1 Start=4079910443734 End=4079910443801 Duration=67
Task=91 Chunk=0 Start=4079910443729 End=4079910637248 Duration=193519
Task=91 Chunk=1 Start=4079910637271 End=4079910637341 Duration=70
Task=92 Chunk=0 Start=4079910637259 End=4079910835565 Duration=198306
Task=92 Chunk=1 Start=4079910835575 End=4079910835644 Duration=69
Task=93 Chunk=0 Start=4079910835576 End=4079911020856 Duration=185280
Task=93 Chunk=1 Start=4079911020884 End=4079911020971 Duration=87
Task=94 Chunk=0 Start=4079911020873 End=4079911214918 Duration=194045
Task=94 Chunk=1 Start=4079911214942 End=4079911215016 Duration=74
Task=95 Chunk=0 Start=4079911214930 End=4079911423848 Duration=208918
Task=95 Chunk=1 Start=4079911423869 End=4079911423942 Duration=73
Task=96 Chunk=0 Start=4079911423859 End=4079911630651 Duration=206792
Task=96 Chunk=1 Start=4079911630662 End=4079911630732 Duration=70
Task=97 Chunk=0 Start=4079911630661 End=4079911835363 Duration=204702
Task=97 Chunk=1 Start=4079911835378 End=4079911835456 Duration=78
Task=98 Chunk=0 Start=4079911835374 End=4079912023711 Duration=188337
Task=98 Chunk=1 Start=4079912023730 End=4079912023804 Duration=74
Task=99 Chunk=0 Start=4079912023722 End=4079912211041 Duration=187319
Task=99 Chunk=1 Start=4079912211049 End=4079912211121 Duration=72
### Python End ###

--------------------------------
[2025-06-26 18:20:59.557] [info] Available Vulkan Layers:
[2025-06-26 18:20:59.557] [warning] Validation layer requested but not available, continuing without it...
[2025-06-26 18:20:59.559] [info] Using integrated GPU: Mali-G710
### Python Begin ###
Schedule_UID=SCH-G8M1-G627-9cd6
Frequency=24576000 Hz
Task=0 Chunk=0 Start=4079918469766 End=4079918697148 Duration=227382
Task=0 Chunk=1 Start=4079918697367 End=4079918769513 Duration=72146
Task=1 Chunk=0 Start=4079918697151 End=4079918825329 Duration=128178
Task=1 Chunk=1 Start=4079918825378 End=4079918828422 Duration=3044
Task=2 Chunk=0 Start=4079918825330 End=4079918953185 Duration=127855
Task=2 Chunk=1 Start=4079918954367 End=4079918954838 Duration=471
Task=3 Chunk=0 Start=4079918953186 End=4079919079677 Duration=126491
Task=3 Chunk=1 Start=4079919079717 End=4079919080297 Duration=580
Task=4 Chunk=0 Start=4079919079678 End=4079919208865 Duration=129187
Task=4 Chunk=1 Start=4079919208967 End=4079919210258 Duration=1291
Task=5 Chunk=0 Start=4079919208866 End=4079919337555 Duration=128689
Task=5 Chunk=1 Start=4079919337644 End=4079919338804 Duration=1160
Task=6 Chunk=0 Start=4079919337556 End=4079919494866 Duration=157310
Task=6 Chunk=1 Start=4079919494878 End=4079919495569 Duration=691
Task=7 Chunk=0 Start=4079919494867 End=4079919620351 Duration=125484
Task=7 Chunk=1 Start=4079919620372 End=4079919620912 Duration=540
Task=8 Chunk=0 Start=4079919620352 End=4079919740854 Duration=120502
Task=8 Chunk=1 Start=4079919740868 End=4079919741253 Duration=385
Task=9 Chunk=0 Start=4079919740855 End=4079919863722 Duration=122867
Task=9 Chunk=1 Start=4079919863736 End=4079919864082 Duration=346
Task=10 Chunk=0 Start=4079919863723 End=4079919987461 Duration=123738
Task=10 Chunk=1 Start=4079919987477 End=4079919987880 Duration=403
Task=11 Chunk=0 Start=4079919987462 End=4079920115182 Duration=127720
Task=11 Chunk=1 Start=4079920115286 End=4079920115640 Duration=354
Task=12 Chunk=0 Start=4079920115183 End=4079920237178 Duration=121995
Task=12 Chunk=1 Start=4079920237189 End=4079920237587 Duration=398
Task=13 Chunk=0 Start=4079920237179 End=4079920357800 Duration=120621
Task=13 Chunk=1 Start=4079920357909 End=4079920358308 Duration=399
Task=14 Chunk=0 Start=4079920357801 End=4079920492649 Duration=134848
Task=14 Chunk=1 Start=4079920492680 End=4079920492999 Duration=319
Task=15 Chunk=0 Start=4079920492651 End=4079920617847 Duration=125196
Task=15 Chunk=1 Start=4079920617911 End=4079920618206 Duration=295
Task=16 Chunk=0 Start=4079920617849 End=4079920744218 Duration=126369
Task=16 Chunk=1 Start=4079920744330 End=4079920744653 Duration=323
Task=17 Chunk=0 Start=4079920744220 End=4079920885660 Duration=141440
Task=17 Chunk=1 Start=4079920885674 End=4079920885880 Duration=206
Task=18 Chunk=0 Start=4079920885662 End=4079921028976 Duration=143314
Task=18 Chunk=1 Start=4079921028988 End=4079921029122 Duration=134
Task=19 Chunk=0 Start=4079921028978 End=4079921177770 Duration=148792
Task=19 Chunk=1 Start=4079921177780 End=4079921177907 Duration=127
Task=20 Chunk=0 Start=4079921177772 End=4079921322479 Duration=144707
Task=20 Chunk=1 Start=4079921322494 End=4079921322601 Duration=107
Task=21 Chunk=0 Start=4079921322481 End=4079921464676 Duration=142195
Task=21 Chunk=1 Start=4079921464690 End=4079921464758 Duration=68
Task=22 Chunk=0 Start=4079921464678 End=4079921602223 Duration=137545
Task=22 Chunk=1 Start=4079921602233 End=4079921602317 Duration=84
Task=23 Chunk=0 Start=4079921602225 End=4079921735793 Duration=133568
Task=23 Chunk=1 Start=4079921735807 End=4079921735917 Duration=110
Task=24 Chunk=0 Start=4079921735795 End=4079921877936 Duration=142141
Task=24 Chunk=1 Start=4079921877948 End=4079921878010 Duration=62
Task=25 Chunk=0 Start=4079921877938 End=4079922029924 Duration=151986
Task=25 Chunk=1 Start=4079922029932 End=4079922029980 Duration=48
Task=26 Chunk=0 Start=4079922029926 End=4079922169224 Duration=139298
Task=26 Chunk=1 Start=4079922169235 End=4079922169279 Duration=44
Task=27 Chunk=0 Start=4079922169226 End=4079922304510 Duration=135284
Task=27 Chunk=1 Start=4079922304523 End=4079922304570 Duration=47
Task=28 Chunk=0 Start=4079922304512 End=4079922452681 Duration=148169
Task=28 Chunk=1 Start=4079922452695 End=4079922452773 Duration=78
Task=29 Chunk=0 Start=4079922452693 End=4079922582927 Duration=130234
Task=29 Chunk=1 Start=4079922582938 End=4079922582985 Duration=47
Task=30 Chunk=0 Start=4079922582935 End=4079922717651 Duration=134716
Task=30 Chunk=1 Start=4079922717661 End=4079922717712 Duration=51
Task=31 Chunk=0 Start=4079922717661 End=4079922864023 Duration=146362
Task=31 Chunk=1 Start=4079922864032 End=4079922864081 Duration=49
Task=32 Chunk=0 Start=4079922864031 End=4079923006394 Duration=142363
Task=32 Chunk=1 Start=4079923006403 End=4079923006455 Duration=52
Task=33 Chunk=0 Start=4079923006404 End=4079923169506 Duration=163102
Task=33 Chunk=1 Start=4079923169522 End=4079923169568 Duration=46
Task=34 Chunk=0 Start=4079923169517 End=4079923367878 Duration=198361
Task=34 Chunk=1 Start=4079923367892 End=4079923367936 Duration=44
Task=35 Chunk=0 Start=4079923367915 End=4079923518659 Duration=150744
Task=35 Chunk=1 Start=4079923518669 End=4079923518711 Duration=42
Task=36 Chunk=0 Start=4079923518668 End=4079923667658 Duration=148990
Task=36 Chunk=1 Start=4079923667665 End=4079923667714 Duration=49
Task=37 Chunk=0 Start=4079923667667 End=4079923815724 Duration=148057
Task=37 Chunk=1 Start=4079923815732 End=4079923815776 Duration=44
Task=38 Chunk=0 Start=4079923815733 End=4079923969425 Duration=153692
Task=38 Chunk=1 Start=4079923969439 End=4079923969482 Duration=43
Task=39 Chunk=0 Start=4079923969435 End=4079924118000 Duration=148565
Task=39 Chunk=1 Start=4079924118015 End=4079924118057 Duration=42
Task=40 Chunk=0 Start=4079924118009 End=4079924270565 Duration=152556
Task=40 Chunk=1 Start=4079924270579 End=4079924270629 Duration=50
Task=41 Chunk=0 Start=4079924270575 End=4079924440982 Duration=170407
Task=41 Chunk=1 Start=4079924440993 End=4079924441041 Duration=48
Task=42 Chunk=0 Start=4079924440991 End=4079924603001 Duration=162010
Task=42 Chunk=1 Start=4079924603014 End=4079924603063 Duration=49
Task=43 Chunk=0 Start=4079924603010 End=4079924761678 Duration=158668
Task=43 Chunk=1 Start=4079924761693 End=4079924761742 Duration=49
Task=44 Chunk=0 Start=4079924761687 End=4079924931211 Duration=169524
Task=44 Chunk=1 Start=4079924931226 End=4079924931270 Duration=44
Task=45 Chunk=0 Start=4079924931220 End=4079925102181 Duration=170961
Task=45 Chunk=1 Start=4079925102196 End=4079925102235 Duration=39
Task=46 Chunk=0 Start=4079925102190 End=4079925261338 Duration=159148
Task=46 Chunk=1 Start=4079925261359 End=4079925261401 Duration=42
Task=47 Chunk=0 Start=4079925261360 End=4079925420083 Duration=158723
Task=47 Chunk=1 Start=4079925420146 End=4079925420188 Duration=42
Task=48 Chunk=0 Start=4079925420141 End=4079925591817 Duration=171676
Task=48 Chunk=1 Start=4079925591830 End=4079925591876 Duration=46
Task=49 Chunk=0 Start=4079925591828 End=4079925772751 Duration=180923
Task=49 Chunk=1 Start=4079925772761 End=4079925772804 Duration=43
Task=50 Chunk=0 Start=4079925772761 End=4079925945187 Duration=172426
Task=50 Chunk=1 Start=4079925945196 End=4079925945241 Duration=45
Task=51 Chunk=0 Start=4079925945197 End=4079926119706 Duration=174509
Task=51 Chunk=1 Start=4079926119713 End=4079926119760 Duration=47
Task=52 Chunk=0 Start=4079926119713 End=4079926291975 Duration=172262
Task=52 Chunk=1 Start=4079926292000 End=4079926292051 Duration=51
Task=53 Chunk=0 Start=4079926291999 End=4079926464480 Duration=172481
Task=53 Chunk=1 Start=4079926464493 End=4079926464543 Duration=50
Task=54 Chunk=0 Start=4079926464489 End=4079926638218 Duration=173729
Task=54 Chunk=1 Start=4079926638239 End=4079926638284 Duration=45
Task=55 Chunk=0 Start=4079926638235 End=4079926809347 Duration=171112
Task=55 Chunk=1 Start=4079926809360 End=4079926809404 Duration=44
Task=56 Chunk=0 Start=4079926809358 End=4079926981331 Duration=171973
Task=56 Chunk=1 Start=4079926981349 End=4079926981390 Duration=41
Task=57 Chunk=0 Start=4079926981342 End=4079927160994 Duration=179652
Task=57 Chunk=1 Start=4079927161004 End=4079927161055 Duration=51
Task=58 Chunk=0 Start=4079927161005 End=4079927333667 Duration=172662
Task=58 Chunk=1 Start=4079927333675 End=4079927333717 Duration=42
Task=59 Chunk=0 Start=4079927333676 End=4079927504573 Duration=170897
Task=59 Chunk=1 Start=4079927504584 End=4079927504634 Duration=50
Task=60 Chunk=0 Start=4079927504582 End=4079927676657 Duration=172075
Task=60 Chunk=1 Start=4079927676675 End=4079927676723 Duration=48
Task=61 Chunk=0 Start=4079927676675 End=4079927846280 Duration=169605
Task=61 Chunk=1 Start=4079927846304 End=4079927846347 Duration=43
Task=62 Chunk=0 Start=4079927846298 End=4079928019507 Duration=173209
Task=62 Chunk=1 Start=4079928019515 End=4079928019565 Duration=50
Task=63 Chunk=0 Start=4079928019516 End=4079928190317 Duration=170801
Task=63 Chunk=1 Start=4079928190324 End=4079928190376 Duration=52
Task=64 Chunk=0 Start=4079928190325 End=4079928363291 Duration=172966
Task=64 Chunk=1 Start=4079928363303 End=4079928363348 Duration=45
Task=65 Chunk=0 Start=4079928363299 End=4079928539258 Duration=175959
Task=65 Chunk=1 Start=4079928539266 End=4079928539317 Duration=51
Task=66 Chunk=0 Start=4079928539267 End=4079928713506 Duration=174239
Task=66 Chunk=1 Start=4079928713520 End=4079928713567 Duration=47
Task=67 Chunk=0 Start=4079928713515 End=4079928886873 Duration=173358
Task=67 Chunk=1 Start=4079928886881 End=4079928886930 Duration=49
Task=68 Chunk=0 Start=4079928886882 End=4079929061161 Duration=174279
Task=68 Chunk=1 Start=4079929061169 End=4079929061211 Duration=42
Task=69 Chunk=0 Start=4079929061170 End=4079929233887 Duration=172717
Task=69 Chunk=1 Start=4079929233898 End=4079929233946 Duration=48
Task=70 Chunk=0 Start=4079929233896 End=4079929406543 Duration=172647
Task=70 Chunk=1 Start=4079929406553 End=4079929406595 Duration=42
Task=71 Chunk=0 Start=4079929406551 End=4079929578975 Duration=172424
Task=71 Chunk=1 Start=4079929579008 End=4079929579058 Duration=50
Task=72 Chunk=0 Start=4079929579006 End=4079929751798 Duration=172792
Task=72 Chunk=1 Start=4079929751810 End=4079929751862 Duration=52
Task=73 Chunk=0 Start=4079929751806 End=4079929923801 Duration=171995
Task=73 Chunk=1 Start=4079929923812 End=4079929923859 Duration=47
Task=74 Chunk=0 Start=4079929923811 End=4079930103974 Duration=180163
Task=74 Chunk=1 Start=4079930103988 End=4079930104033 Duration=45
Task=75 Chunk=0 Start=4079930103986 End=4079930276243 Duration=172257
Task=75 Chunk=1 Start=4079930276257 End=4079930276306 Duration=49
Task=76 Chunk=0 Start=4079930276251 End=4079930452673 Duration=176422
Task=76 Chunk=1 Start=4079930452682 End=4079930452731 Duration=49
Task=77 Chunk=0 Start=4079930452682 End=4079930627453 Duration=174771
Task=77 Chunk=1 Start=4079930627468 End=4079930627517 Duration=49
Task=78 Chunk=0 Start=4079930627462 End=4079930808092 Duration=180630
Task=78 Chunk=1 Start=4079930808103 End=4079930808153 Duration=50
Task=79 Chunk=0 Start=4079930808101 End=4079930970150 Duration=162049
Task=79 Chunk=1 Start=4079930970163 End=4079930970212 Duration=49
Task=80 Chunk=0 Start=4079930970161 End=4079931139382 Duration=169221
Task=80 Chunk=1 Start=4079931139396 End=4079931139443 Duration=47
Task=81 Chunk=0 Start=4079931139391 End=4079931313761 Duration=174370
Task=81 Chunk=1 Start=4079931313777 End=4079931313823 Duration=46
Task=82 Chunk=0 Start=4079931313770 End=4079931486421 Duration=172651
Task=82 Chunk=1 Start=4079931486434 End=4079931486474 Duration=40
Task=83 Chunk=0 Start=4079931486430 End=4079931660183 Duration=173753
Task=83 Chunk=1 Start=4079931660196 End=4079931660243 Duration=47
Task=84 Chunk=0 Start=4079931660192 End=4079931831994 Duration=171802
Task=84 Chunk=1 Start=4079931832003 End=4079931832059 Duration=56
Task=85 Chunk=0 Start=4079931832003 End=4079932005924 Duration=173921
Task=85 Chunk=1 Start=4079932005958 End=4079932006005 Duration=47
Task=86 Chunk=0 Start=4079932005958 End=4079932178291 Duration=172333
Task=86 Chunk=1 Start=4079932178303 End=4079932178348 Duration=45
Task=87 Chunk=0 Start=4079932178300 End=4079932350952 Duration=172652
Task=87 Chunk=1 Start=4079932350960 End=4079932351005 Duration=45
Task=88 Chunk=0 Start=4079932350961 End=4079932524564 Duration=173603
Task=88 Chunk=1 Start=4079932524572 End=4079932524620 Duration=48
Task=89 Chunk=0 Start=4079932524573 End=4079932697833 Duration=173260
Task=89 Chunk=1 Start=4079932697845 End=4079932697889 Duration=44
Task=90 Chunk=0 Start=4079932697839 End=4079932872223 Duration=174384
Task=90 Chunk=1 Start=4079932872234 End=4079932872279 Duration=45
Task=91 Chunk=0 Start=4079932872229 End=4079933051540 Duration=179311
Task=91 Chunk=1 Start=4079933051576 End=4079933051618 Duration=42
Task=92 Chunk=0 Start=4079933051573 End=4079933226957 Duration=175384
Task=92 Chunk=1 Start=4079933226970 End=4079933227012 Duration=42
Task=93 Chunk=0 Start=4079933226962 End=4079933400570 Duration=173608
Task=93 Chunk=1 Start=4079933400581 End=4079933400630 Duration=49
Task=94 Chunk=0 Start=4079933400575 End=4079933573159 Duration=172584
Task=94 Chunk=1 Start=4079933573169 End=4079933573218 Duration=49
Task=95 Chunk=0 Start=4079933573164 End=4079933744879 Duration=171715
Task=95 Chunk=1 Start=4079933744885 End=4079933744928 Duration=43
Task=96 Chunk=0 Start=4079933744885 End=4079933916566 Duration=171681
Task=96 Chunk=1 Start=4079933916579 End=4079933916625 Duration=46
Task=97 Chunk=0 Start=4079933916572 End=4079934087948 Duration=171376
Task=97 Chunk=1 Start=4079934087960 End=4079934088007 Duration=47
Task=98 Chunk=0 Start=4079934087957 End=4079934261379 Duration=173422
Task=98 Chunk=1 Start=4079934261392 End=4079934261444 Duration=52
Task=99 Chunk=0 Start=4079934261386 End=4079934433748 Duration=172362
Task=99 Chunk=1 Start=4079934433763 End=4079934433807 Duration=44
### Python End ###

--------------------------------
[2025-06-26 18:21:00.458] [info] Available Vulkan Layers:
[2025-06-26 18:21:00.458] [warning] Validation layer requested but not available, continuing without it...
[2025-06-26 18:21:00.460] [info] Using integrated GPU: Mali-G710
### Python Begin ###
Schedule_UID=SCH-M6L3-G1611-6653
Frequency=24576000 Hz
Task=0 Chunk=0 Start=4079940699106 End=4079954250047 Duration=13550941
Task=0 Chunk=1 Start=4079954250130 End=4079954370020 Duration=119890
Task=1 Chunk=0 Start=4079954250123 End=4079967197825 Duration=12947702
Task=1 Chunk=1 Start=4079967197954 End=4079967280994 Duration=83040
Task=2 Chunk=0 Start=4079967197838 End=4079980286012 Duration=13088174
Task=2 Chunk=1 Start=4079980286078 End=4079980358846 Duration=72768
Task=3 Chunk=0 Start=4079980286058 End=4079993388227 Duration=13102169
Task=3 Chunk=1 Start=4079993388296 End=4079993466986 Duration=78690
Task=4 Chunk=0 Start=4079993388227 End=4080006439763 Duration=13051536
Task=4 Chunk=1 Start=4080006439832 End=4080006510963 Duration=71131
Task=5 Chunk=0 Start=4080006439813 End=4080019400832 Duration=12961019
Task=5 Chunk=1 Start=4080019400869 End=4080019495740 Duration=94871
Task=6 Chunk=0 Start=4080019400833 End=4080032364523 Duration=12963690
Task=6 Chunk=1 Start=4080032364612 End=4080032436370 Duration=71758
Task=7 Chunk=0 Start=4080032364534 End=4080045351954 Duration=12987420
Task=7 Chunk=1 Start=4080045351994 End=4080045421602 Duration=69608
Task=8 Chunk=0 Start=4080045351972 End=4080058344294 Duration=12992322
Task=8 Chunk=1 Start=4080058344339 End=4080058414755 Duration=70416
Task=9 Chunk=0 Start=4080058344303 End=4080071334746 Duration=12990443
Task=9 Chunk=1 Start=4080071334798 End=4080071408075 Duration=73277
Task=10 Chunk=0 Start=4080071334754 End=4080084326078 Duration=12991324
Task=10 Chunk=1 Start=4080084326151 End=4080084407708 Duration=81557
Task=11 Chunk=0 Start=4080084326092 End=4080097322221 Duration=12996129
Task=11 Chunk=1 Start=4080097322264 End=4080097393306 Duration=71042
Task=12 Chunk=0 Start=4080097322226 End=4080110392120 Duration=13069894
Task=12 Chunk=1 Start=4080110392193 End=4080110471742 Duration=79549
Task=13 Chunk=0 Start=4080110392128 End=4080124212763 Duration=13820635
Task=13 Chunk=1 Start=4080124212918 End=4080124305903 Duration=92985
Task=14 Chunk=0 Start=4080124212785 End=4080138075654 Duration=13862869
Task=14 Chunk=1 Start=4080138075724 End=4080138165737 Duration=90013
Task=15 Chunk=0 Start=4080138075654 End=4080152323058 Duration=14247404
Task=15 Chunk=1 Start=4080152323150 End=4080152413182 Duration=90032
Task=16 Chunk=0 Start=4080152323076 End=4080166027599 Duration=13704523
Task=16 Chunk=1 Start=4080166027660 End=4080166104577 Duration=76917
Task=17 Chunk=0 Start=4080166027600 End=4080179746290 Duration=13718690
Task=17 Chunk=1 Start=4080179746383 End=4080179838227 Duration=91844
Task=18 Chunk=0 Start=4080179746313 End=4080193498191 Duration=13751878
Task=18 Chunk=1 Start=4080193498276 End=4080193576058 Duration=77782
Task=19 Chunk=0 Start=4080193498192 End=4080207276875 Duration=13778683
Task=19 Chunk=1 Start=4080207276936 End=4080207354269 Duration=77333
Task=20 Chunk=0 Start=4080207276884 End=4080221007942 Duration=13731058
Task=20 Chunk=1 Start=4080221007990 End=4080221084331 Duration=76341
Task=21 Chunk=0 Start=4080221007984 End=4080234708699 Duration=13700715
Task=21 Chunk=1 Start=4080234708768 End=4080234791815 Duration=83047
Task=22 Chunk=0 Start=4080234708712 End=4080248673082 Duration=13964370
Task=22 Chunk=1 Start=4080248673154 End=4080248752034 Duration=78880
Task=23 Chunk=0 Start=4080248673095 End=4080262249154 Duration=13576059
Task=23 Chunk=1 Start=4080262249261 End=4080262329407 Duration=80146
Task=24 Chunk=0 Start=4080262249252 End=4080275827212 Duration=13577960
Task=24 Chunk=1 Start=4080275827265 End=4080275906307 Duration=79042
Task=25 Chunk=0 Start=4080275827224 End=4080289887349 Duration=14060125
Task=25 Chunk=1 Start=4080289887401 End=4080289976805 Duration=89404
Task=26 Chunk=0 Start=4080289887350 End=4080304354666 Duration=14467316
Task=26 Chunk=1 Start=4080304354759 End=4080304444814 Duration=90055
Task=27 Chunk=0 Start=4080304354743 End=4080318813555 Duration=14458812
Task=27 Chunk=1 Start=4080318813685 End=4080318911877 Duration=98192
Task=28 Chunk=0 Start=4080318813556 End=4080333302318 Duration=14488762
Task=28 Chunk=1 Start=4080333302434 End=4080333390188 Duration=87754
Task=29 Chunk=0 Start=4080333302412 End=4080347771733 Duration=14469321
Task=29 Chunk=1 Start=4080347771796 End=4080347863287 Duration=91491
Task=30 Chunk=0 Start=4080347771761 End=4080362254999 Duration=14483238
Task=30 Chunk=1 Start=4080362255122 End=4080362353062 Duration=97940
Task=31 Chunk=0 Start=4080362254999 End=4080376737245 Duration=14482246
Task=31 Chunk=1 Start=4080376737345 End=4080376829692 Duration=92347
Task=32 Chunk=0 Start=4080376737256 End=4080391241712 Duration=14504456
Task=32 Chunk=1 Start=4080391241828 End=4080391340085 Duration=98257
Task=33 Chunk=0 Start=4080391241771 End=4080405774884 Duration=14533113
Task=33 Chunk=1 Start=4080405774996 End=4080405873254 Duration=98258
Task=34 Chunk=0 Start=4080405774884 End=4080420295853 Duration=14520969
Task=34 Chunk=1 Start=4080420295941 End=4080420396713 Duration=100772
Task=35 Chunk=0 Start=4080420295925 End=4080434794269 Duration=14498344
Task=35 Chunk=1 Start=4080434794341 End=4080434885217 Duration=90876
Task=36 Chunk=0 Start=4080434794281 End=4080449273964 Duration=14479683
Task=36 Chunk=1 Start=4080449274059 End=4080449361684 Duration=87625
Task=37 Chunk=0 Start=4080449273975 End=4080464592603 Duration=15318628
Task=37 Chunk=1 Start=4080464592722 End=4080464692482 Duration=99760
Task=38 Chunk=0 Start=4080464592636 End=4080480376599 Duration=15783963
Task=38 Chunk=1 Start=4080480376767 End=4080480478505 Duration=101738
Task=39 Chunk=0 Start=4080480376619 End=4080496797570 Duration=16420951
Task=39 Chunk=1 Start=4080496797721 End=4080496904903 Duration=107182
Task=40 Chunk=0 Start=4080496797586 End=4080512676609 Duration=15879023
Task=40 Chunk=1 Start=4080512676753 End=4080512776953 Duration=100200
Task=41 Chunk=0 Start=4080512676739 End=4080528504339 Duration=15827600
Task=41 Chunk=1 Start=4080528504493 End=4080528604095 Duration=99602
Task=42 Chunk=0 Start=4080528504362 End=4080544307631 Duration=15803269
Task=42 Chunk=1 Start=4080544307771 End=4080544412490 Duration=104719
Task=43 Chunk=0 Start=4080544307648 End=4080560093723 Duration=15786075
Task=43 Chunk=1 Start=4080560093915 End=4080560204257 Duration=110342
Task=44 Chunk=0 Start=4080560093740 End=4080575869452 Duration=15775712
Task=44 Chunk=1 Start=4080575869518 End=4080575960111 Duration=90593
Task=45 Chunk=0 Start=4080575869460 End=4080591640715 Duration=15771255
Task=45 Chunk=1 Start=4080591640785 End=4080591733379 Duration=92594
Task=46 Chunk=0 Start=4080591640724 End=4080607414420 Duration=15773696
Task=46 Chunk=1 Start=4080607414603 End=4080607517085 Duration=102482
Task=47 Chunk=0 Start=4080607414466 End=4080623270419 Duration=15855953
Task=47 Chunk=1 Start=4080623270549 End=4080623369585 Duration=99036
Task=48 Chunk=0 Start=4080623270530 End=4080640695606 Duration=17425076
Task=48 Chunk=1 Start=4080640695703 End=4080640789947 Duration=94244
Task=49 Chunk=0 Start=4080640695606 End=4080658223810 Duration=17528204
Task=49 Chunk=1 Start=4080658223937 End=4080658325456 Duration=101519
Task=50 Chunk=0 Start=4080658223829 End=4080675664254 Duration=17440425
Task=50 Chunk=1 Start=4080675664406 End=4080675764348 Duration=99942
Task=51 Chunk=0 Start=4080675664271 End=4080693066181 Duration=17401910
Task=51 Chunk=1 Start=4080693066353 End=4080693165245 Duration=98892
Task=52 Chunk=0 Start=4080693066182 End=4080710463101 Duration=17396919
Task=52 Chunk=1 Start=4080710463283 End=4080710561189 Duration=97906
Task=53 Chunk=0 Start=4080710463122 End=4080727870224 Duration=17407102
Task=53 Chunk=1 Start=4080727870364 End=4080727971705 Duration=101341
Task=54 Chunk=0 Start=4080727870225 End=4080745261829 Duration=17391604
Task=54 Chunk=1 Start=4080745261885 End=4080745352855 Duration=90970
Task=55 Chunk=0 Start=4080745261831 End=4080762661029 Duration=17399198
Task=55 Chunk=1 Start=4080762661196 End=4080762758690 Duration=97494
Task=56 Chunk=0 Start=4080762661066 End=4080780104857 Duration=17443791
Task=56 Chunk=1 Start=4080780104962 End=4080780210799 Duration=105837
Task=57 Chunk=0 Start=4080780104946 End=4080797529086 Duration=17424140
Task=57 Chunk=1 Start=4080797529243 End=4080797630355 Duration=101112
Task=58 Chunk=0 Start=4080797529106 End=4080816829909 Duration=19300803
Task=58 Chunk=1 Start=4080816830064 End=4080816926542 Duration=96478
Task=59 Chunk=0 Start=4080816830045 End=4080836804836 Duration=19974791
Task=59 Chunk=1 Start=4080836804978 End=4080836908146 Duration=103168
Task=60 Chunk=0 Start=4080836804836 End=4080856557920 Duration=19753084
Task=60 Chunk=1 Start=4080856558095 End=4080856658056 Duration=99961
Task=61 Chunk=0 Start=4080856557922 End=4080876089048 Duration=19531126
Task=61 Chunk=1 Start=4080876089204 End=4080876192452 Duration=103248
Task=62 Chunk=0 Start=4080876089079 End=4080895620836 Duration=19531757
Task=62 Chunk=1 Start=4080895620947 End=4080895719331 Duration=98384
Task=63 Chunk=0 Start=4080895620845 End=4080915107430 Duration=19486585
Task=63 Chunk=1 Start=4080915107551 End=4080915206689 Duration=99138
Task=64 Chunk=0 Start=4080915107548 End=4080934593017 Duration=19485469
Task=64 Chunk=1 Start=4080934593120 End=4080934688813 Duration=95693
Task=65 Chunk=0 Start=4080934593035 End=4080954055847 Duration=19462812
Task=65 Chunk=1 Start=4080954055986 End=4080954154985 Duration=98999
Task=66 Chunk=0 Start=4080954055868 End=4080973705405 Duration=19649537
Task=66 Chunk=1 Start=4080973705486 End=4080973795001 Duration=89515
Task=67 Chunk=0 Start=4080973705416 End=4080995580640 Duration=21875224
Task=67 Chunk=1 Start=4080995580749 End=4080995670656 Duration=89907
Task=68 Chunk=0 Start=4080995580641 End=4081017423748 Duration=21843107
Task=68 Chunk=1 Start=4081017423879 End=4081017528404 Duration=104525
Task=69 Chunk=0 Start=4081017423860 End=4081039284512 Duration=21860652
Task=69 Chunk=1 Start=4081039284572 End=4081039382019 Duration=97447
Task=70 Chunk=0 Start=4081039284532 End=4081061185492 Duration=21900960
Task=70 Chunk=1 Start=4081061185661 End=4081061284277 Duration=98616
Task=71 Chunk=0 Start=4081061185535 End=4081083313083 Duration=22127548
Task=71 Chunk=1 Start=4081083313186 End=4081083409744 Duration=96558
Task=72 Chunk=0 Start=4081083313104 End=4081105582919 Duration=22269815
Task=72 Chunk=1 Start=4081105583059 End=4081105685286 Duration=102227
Task=73 Chunk=0 Start=4081105583025 End=4081127418344 Duration=21835319
Task=73 Chunk=1 Start=4081127418487 End=4081127521344 Duration=102857
Task=74 Chunk=0 Start=4081127418364 End=4081149798198 Duration=22379834
Task=74 Chunk=1 Start=4081149798332 End=4081149906644 Duration=108312
Task=75 Chunk=0 Start=4081149798218 End=4081174032889 Duration=24234671
Task=75 Chunk=1 Start=4081174033038 End=4081174140799 Duration=107761
Task=76 Chunk=0 Start=4081174032912 End=4081198294985 Duration=24262073
Task=76 Chunk=1 Start=4081198295174 End=4081198400732 Duration=105558
Task=77 Chunk=0 Start=4081198295005 End=4081222618049 Duration=24323044
Task=77 Chunk=1 Start=4081222618201 End=4081222722414 Duration=104213
Task=78 Chunk=0 Start=4081222618181 End=4081246922763 Duration=24304582
Task=78 Chunk=1 Start=4081246922889 End=4081247033627 Duration=110738
Task=79 Chunk=0 Start=4081246922791 End=4081271259186 Duration=24336395
Task=79 Chunk=1 Start=4081271259274 End=4081271359976 Duration=100702
Task=80 Chunk=0 Start=4081271259187 End=4081296168328 Duration=24909141
Task=80 Chunk=1 Start=4081296168459 End=4081296266582 Duration=98123
Task=81 Chunk=0 Start=4081296168347 End=4081321868742 Duration=25700395
Task=81 Chunk=1 Start=4081321868921 End=4081321972563 Duration=103642
Task=82 Chunk=0 Start=4081321868762 End=4081350431164 Duration=28562402
Task=82 Chunk=1 Start=4081350431328 End=4081350529942 Duration=98614
Task=83 Chunk=0 Start=4081350431212 End=4081379000890 Duration=28569678
Task=83 Chunk=1 Start=4081379001043 End=4081379100863 Duration=99820
Task=84 Chunk=0 Start=4081379000892 End=4081407564165 Duration=28563273
Task=84 Chunk=1 Start=4081407564333 End=4081407663908 Duration=99575
Task=85 Chunk=0 Start=4081407564324 End=4081435997667 Duration=28433343
Task=85 Chunk=1 Start=4081435997807 End=4081436094880 Duration=97073
Task=86 Chunk=0 Start=4081435997780 End=4081464369523 Duration=28371743
Task=86 Chunk=1 Start=4081464369597 End=4081464454576 Duration=84979
Task=87 Chunk=0 Start=4081464369524 End=4081492669268 Duration=28299744
Task=87 Chunk=1 Start=4081492669398 End=4081492752090 Duration=82692
Task=88 Chunk=0 Start=4081492669286 End=4081521043196 Duration=28373910
Task=88 Chunk=1 Start=4081521043344 End=4081521135810 Duration=92466
Task=89 Chunk=0 Start=4081521043314 End=4081549414648 Duration=28371334
Task=89 Chunk=1 Start=4081549414756 End=4081549503164 Duration=88408
Task=90 Chunk=0 Start=4081549414669 End=4081577766353 Duration=28351684
Task=90 Chunk=1 Start=4081577766534 End=4081577853902 Duration=87368
Task=91 Chunk=0 Start=4081577766384 End=4081606121336 Duration=28354952
Task=91 Chunk=1 Start=4081606121514 End=4081606205614 Duration=84100
Task=92 Chunk=0 Start=4081606121483 End=4081634512257 Duration=28390774
Task=92 Chunk=1 Start=4081634512385 End=4081634599499 Duration=87114
Task=93 Chunk=0 Start=4081634512277 End=4081662945857 Duration=28433580
Task=93 Chunk=1 Start=4081662945890 End=4081663029567 Duration=83677
Task=94 Chunk=0 Start=4081662945858 End=4081691726494 Duration=28780636
Task=94 Chunk=1 Start=4081691726611 End=4081691825395 Duration=98784
Task=95 Chunk=0 Start=4081691726590 End=4081720780798 Duration=29054208
Task=95 Chunk=1 Start=4081720780919 End=4081720888052 Duration=107133
Task=96 Chunk=0 Start=4081720780799 End=4081749366639 Duration=28585840
Task=96 Chunk=1 Start=4081749366776 End=4081749463980 Duration=97204
Task=97 Chunk=0 Start=4081749366655 End=4081777920436 Duration=28553781
Task=97 Chunk=1 Start=4081777920595 End=4081778017566 Duration=96971
Task=98 Chunk=0 Start=4081777920454 End=4081806315480 Duration=28395026
Task=98 Chunk=1 Start=4081806315607 End=4081806412873 Duration=97266
Task=99 Chunk=0 Start=4081806315480 End=4081834637226 Duration=28321746
Task=99 Chunk=1 Start=4081834637398 End=4081834732601 Duration=95203
### Python End ###

--------------------------------
[2025-06-26 18:22:17.788] [info] Available Vulkan Layers:
[2025-06-26 18:22:17.788] [warning] Validation layer requested but not available, continuing without it...
[2025-06-26 18:22:17.793] [info] Using integrated GPU: Mali-G710
### Python Begin ###
Schedule_UID=SCH-M1G8-G6090-a235
Frequency=24576000 Hz
Task=0 Chunk=0 Start=4081841797508 End=4081841856346 Duration=58838
Task=0 Chunk=1 Start=4081841856396 End=4081842120922 Duration=264526
Task=1 Chunk=0 Start=4081841856373 End=4081841857224 Duration=851
Task=1 Chunk=1 Start=4081842120944 End=4081842259241 Duration=138297
Task=2 Chunk=0 Start=4081841857226 End=4081841857587 Duration=361
Task=2 Chunk=1 Start=4081842259249 End=4081842428449 Duration=169200
Task=3 Chunk=0 Start=4081841857588 End=4081841857874 Duration=286
Task=3 Chunk=1 Start=4081842428464 End=4081842580402 Duration=151938
Task=4 Chunk=0 Start=4081841857875 End=4081841858166 Duration=291
Task=4 Chunk=1 Start=4081842580416 End=4081842745223 Duration=164807
Task=5 Chunk=0 Start=4081841858167 End=4081841858502 Duration=335
Task=5 Chunk=1 Start=4081842745228 End=4081842903836 Duration=158608
Task=6 Chunk=0 Start=4081841858503 End=4081841858791 Duration=288
Task=6 Chunk=1 Start=4081842903841 End=4081843056145 Duration=152304
Task=7 Chunk=0 Start=4081841858792 End=4081841859066 Duration=274
Task=7 Chunk=1 Start=4081843056147 End=4081843206290 Duration=150143
Task=8 Chunk=0 Start=4081841859067 End=4081841859297 Duration=230
Task=8 Chunk=1 Start=4081843206291 End=4081843373295 Duration=167004
Task=9 Chunk=0 Start=4081841859298 End=4081841859526 Duration=228
Task=9 Chunk=1 Start=4081843373296 End=4081843548628 Duration=175332
Task=10 Chunk=0 Start=4081841859527 End=4081841859723 Duration=196
Task=10 Chunk=1 Start=4081843548629 End=4081843724157 Duration=175528
Task=11 Chunk=0 Start=4081841859725 End=4081841859909 Duration=184
Task=11 Chunk=1 Start=4081843724189 End=4081843888160 Duration=163971
Task=12 Chunk=0 Start=4081841859911 End=4081841860086 Duration=175
Task=12 Chunk=1 Start=4081843888200 End=4081844049251 Duration=161051
Task=13 Chunk=0 Start=4081841860087 End=4081841860265 Duration=178
Task=13 Chunk=1 Start=4081844049289 End=4081844214027 Duration=164738
Task=14 Chunk=0 Start=4081841860267 End=4081841860446 Duration=179
Task=14 Chunk=1 Start=4081844214047 End=4081844388845 Duration=174798
Task=15 Chunk=0 Start=4081842838890 End=4081842843084 Duration=4194
Task=15 Chunk=1 Start=4081844388893 End=4081844573384 Duration=184491
Task=16 Chunk=0 Start=4081842843094 End=4081842843268 Duration=174
Task=16 Chunk=1 Start=4081844573433 End=4081844755750 Duration=182317
Task=17 Chunk=0 Start=4081842843269 End=4081842843384 Duration=115
Task=17 Chunk=1 Start=4081844755790 End=4081844936933 Duration=181143
Task=18 Chunk=0 Start=4081842843385 End=4081842843485 Duration=100
Task=18 Chunk=1 Start=4081844937002 End=4081845121446 Duration=184444
Task=19 Chunk=0 Start=4081842843486 End=4081842843567 Duration=81
Task=19 Chunk=1 Start=4081845121482 End=4081845303613 Duration=182131
Task=20 Chunk=0 Start=4081842905788 End=4081842906066 Duration=278
Task=20 Chunk=1 Start=4081845303637 End=4081845482065 Duration=178428
Task=21 Chunk=0 Start=4081843058302 End=4081843058608 Duration=306
Task=21 Chunk=1 Start=4081845482091 End=4081845654157 Duration=172066
Task=22 Chunk=0 Start=4081843208195 End=4081843208519 Duration=324
Task=22 Chunk=1 Start=4081845654172 End=4081845816547 Duration=162375
Task=23 Chunk=0 Start=4081843375213 End=4081843375525 Duration=312
Task=23 Chunk=1 Start=4081845816572 End=4081845969437 Duration=152865
Task=24 Chunk=0 Start=4081843550428 End=4081843550727 Duration=299
Task=24 Chunk=1 Start=4081845969456 End=4081846122615 Duration=153159
Task=25 Chunk=0 Start=4081843724191 End=4081843724466 Duration=275
Task=25 Chunk=1 Start=4081846122662 End=4081846297319 Duration=174657
Task=26 Chunk=0 Start=4081843888219 End=4081843888376 Duration=157
Task=26 Chunk=1 Start=4081846297341 End=4081846480530 Duration=183189
Task=27 Chunk=0 Start=4081844049306 End=4081844049415 Duration=109
Task=27 Chunk=1 Start=4081846480591 End=4081846659343 Duration=178752
Task=28 Chunk=0 Start=4081844214051 End=4081844214169 Duration=118
Task=28 Chunk=1 Start=4081846659404 End=4081846837744 Duration=178340
Task=29 Chunk=0 Start=4081844388900 End=4081844389035 Duration=135
Task=29 Chunk=1 Start=4081846837797 End=4081847018148 Duration=180351
Task=30 Chunk=0 Start=4081844573439 End=4081844573566 Duration=127
Task=30 Chunk=1 Start=4081847018213 End=4081847196013 Duration=177800
Task=31 Chunk=0 Start=4081844755793 End=4081844755926 Duration=133
Task=31 Chunk=1 Start=4081847196047 End=4081847379787 Duration=183740
Task=32 Chunk=0 Start=4081844937012 End=4081844937160 Duration=148
Task=32 Chunk=1 Start=4081847379833 End=4081847578909 Duration=199076
Task=33 Chunk=0 Start=4081845121498 End=4081845121643 Duration=145
Task=33 Chunk=1 Start=4081847578990 End=4081847783139 Duration=204149
Task=34 Chunk=0 Start=4081845303648 End=4081845303774 Duration=126
Task=34 Chunk=1 Start=4081847783163 End=4081847986176 Duration=203013
Task=35 Chunk=0 Start=4081845482091 End=4081845482284 Duration=193
Task=35 Chunk=1 Start=4081847986204 End=4081848195198 Duration=208994
Task=36 Chunk=0 Start=4081845654186 End=4081845654357 Duration=171
Task=36 Chunk=1 Start=4081848195217 End=4081848392219 Duration=197002
Task=37 Chunk=0 Start=4081845816577 End=4081845816696 Duration=119
Task=37 Chunk=1 Start=4081848392237 End=4081848585842 Duration=193605
Task=38 Chunk=0 Start=4081845969466 End=4081845969583 Duration=117
Task=38 Chunk=1 Start=4081848585861 End=4081848756161 Duration=170300
Task=39 Chunk=0 Start=4081846122675 End=4081846122785 Duration=110
Task=39 Chunk=1 Start=4081848756191 End=4081848920691 Duration=164500
Task=40 Chunk=0 Start=4081846297355 End=4081846297506 Duration=151
Task=40 Chunk=1 Start=4081848920713 End=4081849135010 Duration=214297
Task=41 Chunk=0 Start=4081846480607 End=4081846480734 Duration=127
Task=41 Chunk=1 Start=4081849135033 End=4081849316647 Duration=181614
Task=42 Chunk=0 Start=4081846659416 End=4081846659538 Duration=122
Task=42 Chunk=1 Start=4081849316665 End=4081849500173 Duration=183508
Task=43 Chunk=0 Start=4081846837815 End=4081846837949 Duration=134
Task=43 Chunk=1 Start=4081849500185 End=4081849683760 Duration=183575
Task=44 Chunk=0 Start=4081847018216 End=4081847018333 Duration=117
Task=44 Chunk=1 Start=4081849683778 End=4081849864575 Duration=180797
Task=45 Chunk=0 Start=4081847196048 End=4081847196196 Duration=148
Task=45 Chunk=1 Start=4081849864594 End=4081850049269 Duration=184675
Task=46 Chunk=0 Start=4081847379843 End=4081847379996 Duration=153
Task=46 Chunk=1 Start=4081850049287 End=4081850250078 Duration=200791
Task=47 Chunk=0 Start=4081847579002 End=4081847579147 Duration=145
Task=47 Chunk=1 Start=4081850250099 End=4081850455089 Duration=204990
Task=48 Chunk=0 Start=4081847783169 End=4081847783319 Duration=150
Task=48 Chunk=1 Start=4081850455114 End=4081850660588 Duration=205474
Task=49 Chunk=0 Start=4081847986217 End=4081847986347 Duration=130
Task=49 Chunk=1 Start=4081850660600 End=4081850864221 Duration=203621
Task=50 Chunk=0 Start=4081848195218 End=4081848195388 Duration=170
Task=50 Chunk=1 Start=4081850864237 End=4081851064438 Duration=200201
Task=51 Chunk=0 Start=4081848392236 End=4081848392402 Duration=166
Task=51 Chunk=1 Start=4081851064450 End=4081851270368 Duration=205918
Task=52 Chunk=0 Start=4081848585876 End=4081848586000 Duration=124
Task=52 Chunk=1 Start=4081851270393 End=4081851477910 Duration=207517
Task=53 Chunk=0 Start=4081848756202 End=4081848756361 Duration=159
Task=53 Chunk=1 Start=4081851477929 End=4081851685302 Duration=207373
Task=54 Chunk=0 Start=4081848920720 End=4081848920839 Duration=119
Task=54 Chunk=1 Start=4081851685320 End=4081851883344 Duration=198024
Task=55 Chunk=0 Start=4081849135043 End=4081849135192 Duration=149
Task=55 Chunk=1 Start=4081851883363 End=4081852083898 Duration=200535
Task=56 Chunk=0 Start=4081849316667 End=4081849316810 Duration=143
Task=56 Chunk=1 Start=4081852083941 End=4081852281784 Duration=197843
Task=57 Chunk=0 Start=4081849500187 End=4081849500302 Duration=115
Task=57 Chunk=1 Start=4081852281801 End=4081852481320 Duration=199519
Task=58 Chunk=0 Start=4081849683784 End=4081849683918 Duration=134
Task=58 Chunk=1 Start=4081852481337 End=4081852687305 Duration=205968
Task=59 Chunk=0 Start=4081849864608 End=4081849864750 Duration=142
Task=59 Chunk=1 Start=4081852687317 End=4081852892145 Duration=204828
Task=60 Chunk=0 Start=4081850049303 End=4081850049454 Duration=151
Task=60 Chunk=1 Start=4081852892164 End=4081853117583 Duration=225419
Task=61 Chunk=0 Start=4081850250098 End=4081850250272 Duration=174
Task=61 Chunk=1 Start=4081853117595 End=4081853314592 Duration=196997
Task=62 Chunk=0 Start=4081850455113 End=4081850455349 Duration=236
Task=62 Chunk=1 Start=4081853314609 End=4081853514361 Duration=199752
Task=63 Chunk=0 Start=4081850660606 End=4081850660745 Duration=139
Task=63 Chunk=1 Start=4081853514388 End=4081853714966 Duration=200578
Task=64 Chunk=0 Start=4081850864259 End=4081850864434 Duration=175
Task=64 Chunk=1 Start=4081853714993 End=4081853919518 Duration=204525
Task=65 Chunk=0 Start=4081851064453 End=4081851064633 Duration=180
Task=65 Chunk=1 Start=4081853919536 End=4081854133565 Duration=214029
Task=66 Chunk=0 Start=4081851270393 End=4081851270635 Duration=242
Task=66 Chunk=1 Start=4081854133577 End=4081854493812 Duration=360235
Task=67 Chunk=0 Start=4081851477929 End=4081851478097 Duration=168
Task=67 Chunk=1 Start=4081854493824 End=4081854723695 Duration=229871
Task=68 Chunk=0 Start=4081851685325 End=4081851685514 Duration=189
Task=68 Chunk=1 Start=4081854723719 End=4081854931153 Duration=207434
Task=69 Chunk=0 Start=4081851883380 End=4081851883550 Duration=170
Task=69 Chunk=1 Start=4081854931178 End=4081855127101 Duration=195923
Task=70 Chunk=0 Start=4081852083955 End=4081852084104 Duration=149
Task=70 Chunk=1 Start=4081855127115 End=4081855324875 Duration=197760
Task=71 Chunk=0 Start=4081852281822 End=4081852281986 Duration=164
Task=71 Chunk=1 Start=4081855324901 End=4081855522686 Duration=197785
Task=72 Chunk=0 Start=4081852481343 End=4081852481509 Duration=166
Task=72 Chunk=1 Start=4081855522711 End=4081855719630 Duration=196919
Task=73 Chunk=0 Start=4081852687329 End=4081852687490 Duration=161
Task=73 Chunk=1 Start=4081855719642 End=4081855917893 Duration=198251
Task=74 Chunk=0 Start=4081852892174 End=4081852892371 Duration=197
Task=74 Chunk=1 Start=4081855917910 End=4081856114068 Duration=196158
Task=75 Chunk=0 Start=4081853117610 End=4081853117758 Duration=148
Task=75 Chunk=1 Start=4081856114086 End=4081856307135 Duration=193049
Task=76 Chunk=0 Start=4081853314621 End=4081853314759 Duration=138
Task=76 Chunk=1 Start=4081856307150 End=4081856507952 Duration=200802
Task=77 Chunk=0 Start=4081853514407 End=4081853514612 Duration=205
Task=77 Chunk=1 Start=4081856507970 End=4081856706142 Duration=198172
Task=78 Chunk=0 Start=4081853714998 End=4081853715171 Duration=173
Task=78 Chunk=1 Start=4081856706170 End=4081856902886 Duration=196716
Task=79 Chunk=0 Start=4081853919536 End=4081853919698 Duration=162
Task=79 Chunk=1 Start=4081856902905 End=4081857100093 Duration=197188
Task=80 Chunk=0 Start=4081854133574 End=4081854133734 Duration=160
Task=80 Chunk=1 Start=4081857100107 End=4081857296853 Duration=196746
Task=81 Chunk=0 Start=4081854493837 End=4081854494002 Duration=165
Task=81 Chunk=1 Start=4081857296864 End=4081857493592 Duration=196728
Task=82 Chunk=0 Start=4081854723723 End=4081854723920 Duration=197
Task=82 Chunk=1 Start=4081857493610 End=4081857690118 Duration=196508
Task=83 Chunk=0 Start=4081854931180 End=4081854931305 Duration=125
Task=83 Chunk=1 Start=4081857690131 End=4081857887000 Duration=196869
Task=84 Chunk=0 Start=4081855127129 End=4081855127293 Duration=164
Task=84 Chunk=1 Start=4081857887019 End=4081858090692 Duration=203673
Task=85 Chunk=0 Start=4081855324898 End=4081855325049 Duration=151
Task=85 Chunk=1 Start=4081858090715 End=4081858283501 Duration=192786
Task=86 Chunk=0 Start=4081855522720 End=4081855522844 Duration=124
Task=86 Chunk=1 Start=4081858283727 End=4081858483510 Duration=199783
Task=87 Chunk=0 Start=4081855719656 End=4081855719816 Duration=160
Task=87 Chunk=1 Start=4081858483517 End=4081858675566 Duration=192049
Task=88 Chunk=0 Start=4081855917917 End=4081855918084 Duration=167
Task=88 Chunk=1 Start=4081858675583 End=4081858883571 Duration=207988
Task=89 Chunk=0 Start=4081856114102 End=4081856114276 Duration=174
Task=89 Chunk=1 Start=4081858883611 End=4081859156203 Duration=272592
Task=90 Chunk=0 Start=4081856307149 End=4081856307293 Duration=144
Task=90 Chunk=1 Start=4081859156257 End=4081859391610 Duration=235353
Task=91 Chunk=0 Start=4081856507981 End=4081856508155 Duration=174
Task=91 Chunk=1 Start=4081859391628 End=4081859625693 Duration=234065
Task=92 Chunk=0 Start=4081856706167 End=4081856706332 Duration=165
Task=92 Chunk=1 Start=4081859625709 End=4081859914079 Duration=288370
Task=93 Chunk=0 Start=4081856902909 End=4081856903103 Duration=194
Task=93 Chunk=1 Start=4081859914109 End=4081860157557 Duration=243448
Task=94 Chunk=0 Start=4081857100106 End=4081857100261 Duration=155
Task=94 Chunk=1 Start=4081860157576 End=4081860402197 Duration=244621
Task=95 Chunk=0 Start=4081857296877 End=4081857297013 Duration=136
Task=95 Chunk=1 Start=4081860402210 End=4081860645337 Duration=243127
Task=96 Chunk=0 Start=4081857493627 End=4081857493811 Duration=184
Task=96 Chunk=1 Start=4081860645356 End=4081860884402 Duration=239046
Task=97 Chunk=0 Start=4081857690130 End=4081857690290 Duration=160
Task=97 Chunk=1 Start=4081860884420 End=4081861141712 Duration=257292
Task=98 Chunk=0 Start=4081857887021 End=4081857887153 Duration=132
Task=98 Chunk=1 Start=4081861141757 End=4081861392234 Duration=250477
Task=99 Chunk=0 Start=4081858090731 End=4081858090894 Duration=163
Task=99 Chunk=1 Start=4081861392265 End=4081861672226 Duration=279961
### Python End ###

--------------------------------
[2025-06-26 18:22:18.876] [info] Available Vulkan Layers:
[2025-06-26 18:22:18.876] [warning] Validation layer requested but not available, continuing without it...
[2025-06-26 18:22:18.879] [info] Using integrated GPU: Mali-G710
### Python Begin ###
Schedule_UID=SCH-M1L1G7-G6124-e686
Frequency=24576000 Hz
Task=0 Chunk=0 Start=4081867135984 End=4081867190880 Duration=54896
Task=0 Chunk=1 Start=4081867190907 End=4081867215984 Duration=25077
Task=0 Chunk=2 Start=4081867215996 End=4081867428836 Duration=212840
Task=1 Chunk=0 Start=4081867190895 End=4081867191908 Duration=1013
Task=1 Chunk=1 Start=4081867215996 End=4081867216291 Duration=295
Task=1 Chunk=2 Start=4081867428839 End=4081867560586 Duration=131747
Task=2 Chunk=0 Start=4081867191908 End=4081867205260 Duration=13352
Task=2 Chunk=1 Start=4081867216296 End=4081867216450 Duration=154
Task=2 Chunk=2 Start=4081867560587 End=4081867688158 Duration=127571
Task=3 Chunk=0 Start=4081867205261 End=4081867205869 Duration=608
Task=3 Chunk=1 Start=4081867216451 End=4081867216618 Duration=167
Task=3 Chunk=2 Start=4081867688158 End=4081867817124 Duration=128966
Task=4 Chunk=0 Start=4081867205870 End=4081867206479 Duration=609
Task=4 Chunk=1 Start=4081867216620 End=4081867216785 Duration=165
Task=4 Chunk=2 Start=4081867817125 End=4081867952625 Duration=135500
Task=5 Chunk=0 Start=4081867206480 End=4081867207051 Duration=571
Task=5 Chunk=1 Start=4081867216787 End=4081867216950 Duration=163
Task=5 Chunk=2 Start=4081867952626 End=4081868087206 Duration=134580
Task=6 Chunk=0 Start=4081867207052 End=4081867207608 Duration=556
Task=6 Chunk=1 Start=4081867216951 End=4081867217106 Duration=155
Task=6 Chunk=2 Start=4081868087209 End=4081868224146 Duration=136937
Task=7 Chunk=0 Start=4081867207609 End=4081867208183 Duration=574
Task=7 Chunk=1 Start=4081867217107 End=4081867217267 Duration=160
Task=7 Chunk=2 Start=4081868224147 End=4081868359254 Duration=135107
Task=8 Chunk=0 Start=4081867208184 End=4081867208765 Duration=581
Task=8 Chunk=1 Start=4081867217268 End=4081867217423 Duration=155
Task=8 Chunk=2 Start=4081868359255 End=4081868495189 Duration=135934
Task=9 Chunk=0 Start=4081867208766 End=4081867209326 Duration=560
Task=9 Chunk=1 Start=4081867217426 End=4081867217559 Duration=133
Task=9 Chunk=2 Start=4081868495190 End=4081868631595 Duration=136405
Task=10 Chunk=0 Start=4081867209327 End=4081867209905 Duration=578
Task=10 Chunk=1 Start=4081867217560 End=4081867217718 Duration=158
Task=10 Chunk=2 Start=4081868631596 End=4081868769146 Duration=137550
Task=11 Chunk=0 Start=4081867209906 End=4081867210465 Duration=559
Task=11 Chunk=1 Start=4081867217719 End=4081867217869 Duration=150
Task=11 Chunk=2 Start=4081868769147 End=4081868903088 Duration=133941
Task=12 Chunk=0 Start=4081867210465 End=4081867211053 Duration=588
Task=12 Chunk=1 Start=4081867217871 End=4081867218024 Duration=153
Task=12 Chunk=2 Start=4081868903089 End=4081869028859 Duration=125770
Task=13 Chunk=0 Start=4081867211054 End=4081867212904 Duration=1850
Task=13 Chunk=1 Start=4081867218025 End=4081867218184 Duration=159
Task=13 Chunk=2 Start=4081869028860 End=4081869154010 Duration=125150
Task=14 Chunk=0 Start=4081867212905 End=4081867213498 Duration=593
Task=14 Chunk=1 Start=4081867218185 End=4081867218332 Duration=147
Task=14 Chunk=2 Start=4081869154011 End=4081869278729 Duration=124718
Task=15 Chunk=0 Start=4081867428851 End=4081867429230 Duration=379
Task=15 Chunk=1 Start=4081867429241 End=4081867429508 Duration=267
Task=15 Chunk=2 Start=4081869278730 End=4081869406715 Duration=127985
Task=16 Chunk=0 Start=4081867560598 End=4081867560759 Duration=161
Task=16 Chunk=1 Start=4081867560795 End=4081867561914 Duration=1119
Task=16 Chunk=2 Start=4081869406716 End=4081869539070 Duration=132354
Task=17 Chunk=0 Start=4081867688191 End=4081867688439 Duration=248
Task=17 Chunk=1 Start=4081867688465 End=4081867689606 Duration=1141
Task=17 Chunk=2 Start=4081869539071 End=4081869673269 Duration=134198
Task=18 Chunk=0 Start=4081867817138 End=4081867817372 Duration=234
Task=18 Chunk=1 Start=4081867817404 End=4081867817946 Duration=542
Task=18 Chunk=2 Start=4081869673269 End=4081869807999 Duration=134730
Task=19 Chunk=0 Start=4081867952656 End=4081867952862 Duration=206
Task=19 Chunk=1 Start=4081867952878 End=4081867953091 Duration=213
Task=19 Chunk=2 Start=4081869808004 End=4081869947885 Duration=139881
Task=20 Chunk=0 Start=4081868087254 End=4081868087446 Duration=192
Task=20 Chunk=1 Start=4081868087486 End=4081868087701 Duration=215
Task=20 Chunk=2 Start=4081869947886 End=4081870089506 Duration=141620
Task=21 Chunk=0 Start=4081868224155 End=4081868224323 Duration=168
Task=21 Chunk=1 Start=4081868224342 End=4081868224558 Duration=216
Task=21 Chunk=2 Start=4081870089507 End=4081870234047 Duration=144540
Task=22 Chunk=0 Start=4081868359288 End=4081868359408 Duration=120
Task=22 Chunk=1 Start=4081868359446 End=4081868359638 Duration=192
Task=22 Chunk=2 Start=4081870234048 End=4081870359827 Duration=125779
Task=23 Chunk=0 Start=4081868495203 End=4081868495306 Duration=103
Task=23 Chunk=1 Start=4081868495320 End=4081868495522 Duration=202
Task=23 Chunk=2 Start=4081870359828 End=4081870484978 Duration=125150
Task=24 Chunk=0 Start=4081868631603 End=4081868631694 Duration=91
Task=24 Chunk=1 Start=4081868631718 End=4081868631911 Duration=193
Task=24 Chunk=2 Start=4081870484980 End=4081870611728 Duration=126748
Task=25 Chunk=0 Start=4081868769170 End=4081868769269 Duration=99
Task=25 Chunk=1 Start=4081868769295 End=4081868769504 Duration=209
Task=25 Chunk=2 Start=4081870611730 End=4081870748309 Duration=136579
Task=26 Chunk=0 Start=4081868903111 End=4081868903276 Duration=165
Task=26 Chunk=1 Start=4081868903310 End=4081868903654 Duration=344
Task=26 Chunk=2 Start=4081870748311 End=4081870882919 Duration=134608
Task=27 Chunk=0 Start=4081869028879 End=4081869028984 Duration=105
Task=27 Chunk=1 Start=4081869029019 End=4081869029234 Duration=215
Task=27 Chunk=2 Start=4081870882921 End=4081871008927 Duration=126006
Task=28 Chunk=0 Start=4081869154035 End=4081869154134 Duration=99
Task=28 Chunk=1 Start=4081869154156 End=4081869154374 Duration=218
Task=28 Chunk=2 Start=4081871008929 End=4081871134672 Duration=125743
Task=29 Chunk=0 Start=4081869278749 End=4081869278911 Duration=162
Task=29 Chunk=1 Start=4081869278937 End=4081869279156 Duration=219
Task=29 Chunk=2 Start=4081871134673 End=4081871263084 Duration=128411
Task=30 Chunk=0 Start=4081869406733 End=4081869406844 Duration=111
Task=30 Chunk=1 Start=4081869406879 End=4081869407100 Duration=221
Task=30 Chunk=2 Start=4081871263085 End=4081871398775 Duration=135690
Task=31 Chunk=0 Start=4081869539095 End=4081869539197 Duration=102
Task=31 Chunk=1 Start=4081869539236 End=4081869539440 Duration=204
Task=31 Chunk=2 Start=4081871398784 End=4081871525951 Duration=127167
Task=32 Chunk=0 Start=4081869673280 End=4081869673393 Duration=113
Task=32 Chunk=1 Start=4081869673414 End=4081869673622 Duration=208
Task=32 Chunk=2 Start=4081871525953 End=4081871650050 Duration=124097
Task=33 Chunk=0 Start=4081869808014 End=4081869808146 Duration=132
Task=33 Chunk=1 Start=4081869808180 End=4081869808387 Duration=207
Task=33 Chunk=2 Start=4081871650052 End=4081871775306 Duration=125254
Task=34 Chunk=0 Start=4081869947893 End=4081869948031 Duration=138
Task=34 Chunk=1 Start=4081869948064 End=4081869948251 Duration=187
Task=34 Chunk=2 Start=4081871775308 End=4081871899305 Duration=123997
Task=35 Chunk=0 Start=4081870089516 End=4081870089639 Duration=123
Task=35 Chunk=1 Start=4081870089670 End=4081870089877 Duration=207
Task=35 Chunk=2 Start=4081871899307 End=4081872013721 Duration=114414
Task=36 Chunk=0 Start=4081870234059 End=4081870234174 Duration=115
Task=36 Chunk=1 Start=4081870234189 End=4081870234412 Duration=223
Task=36 Chunk=2 Start=4081872013726 End=4081872123891 Duration=110165
Task=37 Chunk=0 Start=4081870359836 End=4081870359952 Duration=116
Task=37 Chunk=1 Start=4081870359964 End=4081870360170 Duration=206
Task=37 Chunk=2 Start=4081872123897 End=4081872234998 Duration=111101
Task=38 Chunk=0 Start=4081870484995 End=4081870485092 Duration=97
Task=38 Chunk=1 Start=4081870485120 End=4081870485319 Duration=199
Task=38 Chunk=2 Start=4081872234999 End=4081872344642 Duration=109643
Task=39 Chunk=0 Start=4081870611742 End=4081870611865 Duration=123
Task=39 Chunk=1 Start=4081870611883 End=4081870612081 Duration=198
Task=39 Chunk=2 Start=4081872344643 End=4081872454699 Duration=110056
Task=40 Chunk=0 Start=4081870748321 End=4081870748457 Duration=136
Task=40 Chunk=1 Start=4081870748496 End=4081870748693 Duration=197
Task=40 Chunk=2 Start=4081872454701 End=4081872574980 Duration=120279
Task=41 Chunk=0 Start=4081870882942 End=4081870883038 Duration=96
Task=41 Chunk=1 Start=4081870883071 End=4081870883290 Duration=219
Task=41 Chunk=2 Start=4081872574982 End=4081872695169 Duration=120187
Task=42 Chunk=0 Start=4081871008935 End=4081871009028 Duration=93
Task=42 Chunk=1 Start=4081871009049 End=4081871009249 Duration=200
Task=42 Chunk=2 Start=4081872695171 End=4081872819924 Duration=124753
Task=43 Chunk=0 Start=4081871134691 End=4081871134783 Duration=92
Task=43 Chunk=1 Start=4081871134822 End=4081871135013 Duration=191
Task=43 Chunk=2 Start=4081872819926 End=4081872944559 Duration=124633
Task=44 Chunk=0 Start=4081871263095 End=4081871263205 Duration=110
Task=44 Chunk=1 Start=4081871263217 End=4081871263421 Duration=204
Task=44 Chunk=2 Start=4081872944561 End=4081873079375 Duration=134814
Task=45 Chunk=0 Start=4081871398798 End=4081871398902 Duration=104
Task=45 Chunk=1 Start=4081871398928 End=4081871399147 Duration=219
Task=45 Chunk=2 Start=4081873079377 End=4081873214519 Duration=135142
Task=46 Chunk=0 Start=4081871525971 End=4081871526077 Duration=106
Task=46 Chunk=1 Start=4081871526090 End=4081871526277 Duration=187
Task=46 Chunk=2 Start=4081873214521 End=4081873347153 Duration=132632
Task=47 Chunk=0 Start=4081871650064 End=4081871650156 Duration=92
Task=47 Chunk=1 Start=4081871650177 End=4081871650373 Duration=196
Task=47 Chunk=2 Start=4081873347155 End=4081873478317 Duration=131162
Task=48 Chunk=0 Start=4081871775336 End=4081871775463 Duration=127
Task=48 Chunk=1 Start=4081871775488 End=4081871775703 Duration=215
Task=48 Chunk=2 Start=4081873478319 End=4081873611029 Duration=132710
Task=49 Chunk=0 Start=4081871899324 End=4081871899415 Duration=91
Task=49 Chunk=1 Start=4081871899430 End=4081871899639 Duration=209
Task=49 Chunk=2 Start=4081873611031 End=4081873744200 Duration=133169
Task=50 Chunk=0 Start=4081872013732 End=4081872013879 Duration=147
Task=50 Chunk=1 Start=4081872013919 End=4081872014252 Duration=333
Task=50 Chunk=2 Start=4081873744207 End=4081873878441 Duration=134234
Task=51 Chunk=0 Start=4081872123903 End=4081872123995 Duration=92
Task=51 Chunk=1 Start=4081872124028 End=4081872124234 Duration=206
Task=51 Chunk=2 Start=4081873878442 End=4081874010709 Duration=132267
Task=52 Chunk=0 Start=4081872235011 End=4081872235119 Duration=108
Task=52 Chunk=1 Start=4081872235128 End=4081872235334 Duration=206
Task=52 Chunk=2 Start=4081874010710 End=4081874147782 Duration=137072
Task=53 Chunk=0 Start=4081872344648 End=4081872344745 Duration=97
Task=53 Chunk=1 Start=4081872344765 End=4081872344969 Duration=204
Task=53 Chunk=2 Start=4081874147784 End=4081874273220 Duration=125436
Task=54 Chunk=0 Start=4081872454721 End=4081872454825 Duration=104
Task=54 Chunk=1 Start=4081872454848 End=4081872455054 Duration=206
Task=54 Chunk=2 Start=4081874273227 End=4081874397146 Duration=123919
Task=55 Chunk=0 Start=4081872574991 End=4081872575090 Duration=99
Task=55 Chunk=1 Start=4081872575118 End=4081872575313 Duration=195
Task=55 Chunk=2 Start=4081874397148 End=4081874522361 Duration=125213
Task=56 Chunk=0 Start=4081872695192 End=4081872695283 Duration=91
Task=56 Chunk=1 Start=4081872695320 End=4081872695611 Duration=291
Task=56 Chunk=2 Start=4081874522373 End=4081874646294 Duration=123921
Task=57 Chunk=0 Start=4081872819938 End=4081872820029 Duration=91
Task=57 Chunk=1 Start=4081872820038 End=4081872820288 Duration=250
Task=57 Chunk=2 Start=4081874646296 End=4081874769159 Duration=122863
Task=58 Chunk=0 Start=4081872944568 End=4081872944681 Duration=113
Task=58 Chunk=1 Start=4081872944703 End=4081872944910 Duration=207
Task=58 Chunk=2 Start=4081874769160 End=4081874892471 Duration=123311
Task=59 Chunk=0 Start=4081873079392 End=4081873079489 Duration=97
Task=59 Chunk=1 Start=4081873079508 End=4081873079699 Duration=191
Task=59 Chunk=2 Start=4081874892473 End=4081875004517 Duration=112044
Task=60 Chunk=0 Start=4081873214545 End=4081873214658 Duration=113
Task=60 Chunk=1 Start=4081873214697 End=4081873214934 Duration=237
Task=60 Chunk=2 Start=4081875004522 End=4081875118448 Duration=113926
Task=61 Chunk=0 Start=4081873347174 End=4081873347299 Duration=125
Task=61 Chunk=1 Start=4081873347309 End=4081873347507 Duration=198
Task=61 Chunk=2 Start=4081875118453 End=4081875240070 Duration=121617
Task=62 Chunk=0 Start=4081873478328 End=4081873478460 Duration=132
Task=62 Chunk=1 Start=4081873478497 End=4081873478693 Duration=196
Task=62 Chunk=2 Start=4081875240078 End=4081875363970 Duration=123892
Task=63 Chunk=0 Start=4081873611043 End=4081873611141 Duration=98
Task=63 Chunk=1 Start=4081873611150 End=4081873611346 Duration=196
Task=63 Chunk=2 Start=4081875363972 End=4081875490070 Duration=126098
Task=64 Chunk=0 Start=4081873744214 End=4081873744322 Duration=108
Task=64 Chunk=1 Start=4081873744334 End=4081873744533 Duration=199
Task=64 Chunk=2 Start=4081875490071 End=4081875613785 Duration=123714
Task=65 Chunk=0 Start=4081873878460 End=4081873878553 Duration=93
Task=65 Chunk=1 Start=4081873878570 End=4081873878758 Duration=188
Task=65 Chunk=2 Start=4081875613787 End=4081875738739 Duration=124952
Task=66 Chunk=0 Start=4081874010728 End=4081874010828 Duration=100
Task=66 Chunk=1 Start=4081874010865 End=4081874011071 Duration=206
Task=66 Chunk=2 Start=4081875738741 End=4081875869268 Duration=130527
Task=67 Chunk=0 Start=4081874147790 End=4081874147888 Duration=98
Task=67 Chunk=1 Start=4081874147903 End=4081874148099 Duration=196
Task=67 Chunk=2 Start=4081875869270 End=4081876005510 Duration=136240
Task=68 Chunk=0 Start=4081874273233 End=4081874273349 Duration=116
Task=68 Chunk=1 Start=4081874273381 End=4081874273570 Duration=189
Task=68 Chunk=2 Start=4081876005512 End=4081876142201 Duration=136689
Task=69 Chunk=0 Start=4081874397158 End=4081874397282 Duration=124
Task=69 Chunk=1 Start=4081874397301 End=4081874397500 Duration=199
Task=69 Chunk=2 Start=4081876142203 End=4081876279191 Duration=136988
Task=70 Chunk=0 Start=4081874522374 End=4081874522481 Duration=107
Task=70 Chunk=1 Start=4081874522489 End=4081874522678 Duration=189
Task=70 Chunk=2 Start=4081876279198 End=4081876406265 Duration=127067
Task=71 Chunk=0 Start=4081874646325 End=4081874646443 Duration=118
Task=71 Chunk=1 Start=4081874646482 End=4081874646675 Duration=193
Task=71 Chunk=2 Start=4081876406267 End=4081876533172 Duration=126905
Task=72 Chunk=0 Start=4081874769173 End=4081874769281 Duration=108
Task=72 Chunk=1 Start=4081874769307 End=4081874769505 Duration=198
Task=72 Chunk=2 Start=4081876533173 End=4081876656751 Duration=123578
Task=73 Chunk=0 Start=4081874892482 End=4081874892640 Duration=158
Task=73 Chunk=1 Start=4081874892673 End=4081874892993 Duration=320
Task=73 Chunk=2 Start=4081876656752 End=4081876789716 Duration=132964
Task=74 Chunk=0 Start=4081875004543 End=4081875004645 Duration=102
Task=74 Chunk=1 Start=4081875004680 End=4081875004911 Duration=231
Task=74 Chunk=2 Start=4081876789723 End=4081876922272 Duration=132549
Task=75 Chunk=0 Start=4081875118838 End=4081875118963 Duration=125
Task=75 Chunk=1 Start=4081875118989 End=4081875119205 Duration=216
Task=75 Chunk=2 Start=4081876922273 End=4081877057688 Duration=135415
Task=76 Chunk=0 Start=4081875240090 End=4081875240222 Duration=132
Task=76 Chunk=1 Start=4081875240250 End=4081875240443 Duration=193
Task=76 Chunk=2 Start=4081877057689 End=4081877189506 Duration=131817
Task=77 Chunk=0 Start=4081875363996 End=4081875364102 Duration=106
Task=77 Chunk=1 Start=4081875364116 End=4081875364309 Duration=193
Task=77 Chunk=2 Start=4081877189514 End=4081877318036 Duration=128522
Task=78 Chunk=0 Start=4081875490084 End=4081875490182 Duration=98
Task=78 Chunk=1 Start=4081875490214 End=4081875490425 Duration=211
Task=78 Chunk=2 Start=4081877318038 End=4081877442074 Duration=124036
Task=79 Chunk=0 Start=4081875613798 End=4081875613900 Duration=102
Task=79 Chunk=1 Start=4081875613930 End=4081875614118 Duration=188
Task=79 Chunk=2 Start=4081877442075 End=4081877568177 Duration=126102
Task=80 Chunk=0 Start=4081875738762 End=4081875738859 Duration=97
Task=80 Chunk=1 Start=4081875738875 End=4081875739074 Duration=199
Task=80 Chunk=2 Start=4081877568190 End=4081877702042 Duration=133852
Task=81 Chunk=0 Start=4081875869277 End=4081875869387 Duration=110
Task=81 Chunk=1 Start=4081875869412 End=4081875869613 Duration=201
Task=81 Chunk=2 Start=4081877702051 End=4081877834065 Duration=132014
Task=82 Chunk=0 Start=4081876005525 End=4081876005618 Duration=93
Task=82 Chunk=1 Start=4081876005634 End=4081876005830 Duration=196
Task=82 Chunk=2 Start=4081877834067 End=4081877959623 Duration=125556
Task=83 Chunk=0 Start=4081876142220 End=4081876142322 Duration=102
Task=83 Chunk=1 Start=4081876142351 End=4081876142544 Duration=193
Task=83 Chunk=2 Start=4081877959625 End=4081878084140 Duration=124515
Task=84 Chunk=0 Start=4081876279200 End=4081876279304 Duration=104
Task=84 Chunk=1 Start=4081876279342 End=4081876279540 Duration=198
Task=84 Chunk=2 Start=4081878084142 End=4081878210069 Duration=125927
Task=85 Chunk=0 Start=4081876406282 End=4081876406378 Duration=96
Task=85 Chunk=1 Start=4081876406386 End=4081876406592 Duration=206
Task=85 Chunk=2 Start=4081878210071 End=4081878331911 Duration=121840
Task=86 Chunk=0 Start=4081876533184 End=4081876533274 Duration=90
Task=86 Chunk=1 Start=4081876533306 End=4081876533500 Duration=194
Task=86 Chunk=2 Start=4081878331912 End=4081878457063 Duration=125151
Task=87 Chunk=0 Start=4081876656777 End=4081876656880 Duration=103
Task=87 Chunk=1 Start=4081876656904 End=4081876657108 Duration=204
Task=87 Chunk=2 Start=4081878457065 End=4081878581454 Duration=124389
Task=88 Chunk=0 Start=4081876789725 End=4081876789824 Duration=99
Task=88 Chunk=1 Start=4081876789847 End=4081876790035 Duration=188
Task=88 Chunk=2 Start=4081878581456 End=4081878707831 Duration=126375
Task=89 Chunk=0 Start=4081876922295 End=4081876922447 Duration=152
Task=89 Chunk=1 Start=4081876922461 End=4081876922669 Duration=208
Task=89 Chunk=2 Start=4081878707833 End=4081878837967 Duration=130134
Task=90 Chunk=0 Start=4081877057698 End=4081877057836 Duration=138
Task=90 Chunk=1 Start=4081877057860 End=4081877058063 Duration=203
Task=90 Chunk=2 Start=4081878837970 End=4081878980990 Duration=143020
Task=91 Chunk=0 Start=4081877189523 End=4081877189650 Duration=127
Task=91 Chunk=1 Start=4081877189667 End=4081877189861 Duration=194
Task=91 Chunk=2 Start=4081878980993 End=4081879120501 Duration=139508
Task=92 Chunk=0 Start=4081877318053 End=4081877318159 Duration=106
Task=92 Chunk=1 Start=4081877318170 End=4081877318371 Duration=201
Task=92 Chunk=2 Start=4081879120504 End=4081879262265 Duration=141761
Task=93 Chunk=0 Start=4081877442099 End=4081877442235 Duration=136
Task=93 Chunk=1 Start=4081877442268 End=4081877442496 Duration=228
Task=93 Chunk=2 Start=4081879262267 End=4081879406189 Duration=143922
Task=94 Chunk=0 Start=4081877568197 End=4081877568322 Duration=125
Task=94 Chunk=1 Start=4081877568335 End=4081877568542 Duration=207
Task=94 Chunk=2 Start=4081879406192 End=4081879547568 Duration=141376
Task=95 Chunk=0 Start=4081877702060 End=4081877702202 Duration=142
Task=95 Chunk=1 Start=4081877702242 End=4081877702441 Duration=199
Task=95 Chunk=2 Start=4081879547571 End=4081879681551 Duration=133980
Task=96 Chunk=0 Start=4081877834090 End=4081877834208 Duration=118
Task=96 Chunk=1 Start=4081877834221 End=4081877834432 Duration=211
Task=96 Chunk=2 Start=4081879681554 End=4081879823285 Duration=141731
Task=97 Chunk=0 Start=4081877959631 End=4081877959756 Duration=125
Task=97 Chunk=1 Start=4081877959773 End=4081877959970 Duration=197
Task=97 Chunk=2 Start=4081879823288 End=4081879986812 Duration=163524
Task=98 Chunk=0 Start=4081878084151 End=4081878084273 Duration=122
Task=98 Chunk=1 Start=4081878084307 End=4081878084500 Duration=193
Task=98 Chunk=2 Start=4081879986815 End=4081880135266 Duration=148451
Task=99 Chunk=0 Start=4081878210093 End=4081878210213 Duration=120
Task=99 Chunk=1 Start=4081878210229 End=4081878210850 Duration=621
Task=99 Chunk=2 Start=4081880135269 End=4081880302962 Duration=167693
### Python End ###

--------------------------------
[2025-06-26 18:22:19.635] [info] Available Vulkan Layers:
[2025-06-26 18:22:19.635] [warning] Validation layer requested but not available, continuing without it...
[2025-06-26 18:22:19.637] [info] Using integrated GPU: Mali-G710
### Python Begin ###
Schedule_UID=SCH-M1G6L2-G6354-1d47
Frequency=24576000 Hz
Task=0 Chunk=0 Start=4081888303877 End=4081888362367 Duration=58490
Task=0 Chunk=1 Start=4081888362414 End=4081888554346 Duration=191932
Task=0 Chunk=2 Start=4081888555425 End=4081888607212 Duration=51787
Task=1 Chunk=0 Start=4081888362379 End=4081888363417 Duration=1038
Task=1 Chunk=1 Start=4081888554348 End=4081888689423 Duration=135075
Task=1 Chunk=2 Start=4081888689441 End=4081888726728 Duration=37287
Task=2 Chunk=0 Start=4081888363418 End=4081888364111 Duration=693
Task=2 Chunk=1 Start=4081888689428 End=4081888811297 Duration=121869
Task=2 Chunk=2 Start=4081888811313 End=4081888849122 Duration=37809
Task=3 Chunk=0 Start=4081888364112 End=4081888364710 Duration=598
Task=3 Chunk=1 Start=4081888811304 End=4081888930277 Duration=118973
Task=3 Chunk=2 Start=4081888930301 End=4081888964330 Duration=34029
Task=4 Chunk=0 Start=4081888364711 End=4081888365276 Duration=565
Task=4 Chunk=1 Start=4081888930281 End=4081889048337 Duration=118056
Task=4 Chunk=2 Start=4081889048346 End=4081889082849 Duration=34503
Task=5 Chunk=0 Start=4081888365277 End=4081888365843 Duration=566
Task=5 Chunk=1 Start=4081889048341 End=4081889169126 Duration=120785
Task=5 Chunk=2 Start=4081889169136 End=4081889202931 Duration=33795
Task=6 Chunk=0 Start=4081888365844 End=4081888366416 Duration=572
Task=6 Chunk=1 Start=4081889169131 End=4081889285176 Duration=116045
Task=6 Chunk=2 Start=4081889285196 End=4081889318842 Duration=33646
Task=7 Chunk=0 Start=4081888366417 End=4081888366984 Duration=567
Task=7 Chunk=1 Start=4081889285180 End=4081889402208 Duration=117028
Task=7 Chunk=2 Start=4081889402235 End=4081889436780 Duration=34545
Task=8 Chunk=0 Start=4081888366985 End=4081888367596 Duration=611
Task=8 Chunk=1 Start=4081889402215 End=4081889519821 Duration=117606
Task=8 Chunk=2 Start=4081889519859 End=4081889554521 Duration=34662
Task=9 Chunk=0 Start=4081888367597 End=4081888368167 Duration=570
Task=9 Chunk=1 Start=4081889519828 End=4081889695076 Duration=175248
Task=9 Chunk=2 Start=4081889695110 End=4081889729383 Duration=34273
Task=10 Chunk=0 Start=4081888368168 End=4081888368757 Duration=589
Task=10 Chunk=1 Start=4081889695083 End=4081889817239 Duration=122156
Task=10 Chunk=2 Start=4081889817259 End=4081889852865 Duration=35606
Task=11 Chunk=0 Start=4081888368758 End=4081888369313 Duration=555
Task=11 Chunk=1 Start=4081889817240 End=4081889937487 Duration=120247
Task=11 Chunk=2 Start=4081889937506 End=4081889970744 Duration=33238
Task=12 Chunk=0 Start=4081888369313 End=4081888369873 Duration=560
Task=12 Chunk=1 Start=4081889937489 End=4081890063032 Duration=125543
Task=12 Chunk=2 Start=4081890063043 End=4081890096257 Duration=33214
Task=13 Chunk=0 Start=4081888369873 End=4081888370444 Duration=571
Task=13 Chunk=1 Start=4081890063033 End=4081890179896 Duration=116863
Task=13 Chunk=2 Start=4081890179917 End=4081890213181 Duration=33264
Task=14 Chunk=0 Start=4081888370445 End=4081888371013 Duration=568
Task=14 Chunk=1 Start=4081890179901 End=4081890289567 Duration=109666
Task=14 Chunk=2 Start=4081890289589 End=4081890323778 Duration=34189
Task=15 Chunk=0 Start=4081888607374 End=4081888608041 Duration=667
Task=15 Chunk=1 Start=4081890289568 End=4081890399558 Duration=109990
Task=15 Chunk=2 Start=4081890399567 End=4081890433924 Duration=34357
Task=16 Chunk=0 Start=4081888726930 End=4081888727565 Duration=635
Task=16 Chunk=1 Start=4081890399559 End=4081890513078 Duration=113519
Task=16 Chunk=2 Start=4081890513092 End=4081890546331 Duration=33239
Task=17 Chunk=0 Start=4081888849159 End=4081888849814 Duration=655
Task=17 Chunk=1 Start=4081890513083 End=4081890636328 Duration=123245
Task=17 Chunk=2 Start=4081890636347 End=4081890669443 Duration=33096
Task=18 Chunk=0 Start=4081888964471 End=4081888965108 Duration=637
Task=18 Chunk=1 Start=4081890636330 End=4081890760513 Duration=124183
Task=18 Chunk=2 Start=4081890760532 End=4081890793614 Duration=33082
Task=19 Chunk=0 Start=4081889082889 End=4081889083526 Duration=637
Task=19 Chunk=1 Start=4081890760515 End=4081890882045 Duration=121530
Task=19 Chunk=2 Start=4081890882062 End=4081890920158 Duration=38096
Task=20 Chunk=0 Start=4081889202969 End=4081889203616 Duration=647
Task=20 Chunk=1 Start=4081890882047 End=4081891010485 Duration=128438
Task=20 Chunk=2 Start=4081891010528 End=4081891044401 Duration=33873
Task=21 Chunk=0 Start=4081889319006 End=4081889319662 Duration=656
Task=21 Chunk=1 Start=4081891010487 End=4081891134600 Duration=124113
Task=21 Chunk=2 Start=4081891134614 End=4081891168219 Duration=33605
Task=22 Chunk=0 Start=4081889436962 End=4081889437584 Duration=622
Task=22 Chunk=1 Start=4081891134601 End=4081891257786 Duration=123185
Task=22 Chunk=2 Start=4081891257809 End=4081891290942 Duration=33133
Task=23 Chunk=0 Start=4081889561229 End=4081889561639 Duration=410
Task=23 Chunk=1 Start=4081891257790 End=4081891377035 Duration=119245
Task=23 Chunk=2 Start=4081891377059 End=4081891411190 Duration=34131
Task=24 Chunk=0 Start=4081889729397 End=4081889729636 Duration=239
Task=24 Chunk=1 Start=4081891377039 End=4081891502005 Duration=124966
Task=24 Chunk=2 Start=4081891502027 End=4081891535156 Duration=33129
Task=25 Chunk=0 Start=4081889852905 End=4081889853059 Duration=154
Task=25 Chunk=1 Start=4081891502007 End=4081891627309 Duration=125302
Task=25 Chunk=2 Start=4081891627325 End=4081891660920 Duration=33595
Task=26 Chunk=0 Start=4081889970766 End=4081889970891 Duration=125
Task=26 Chunk=1 Start=4081891627311 End=4081891753263 Duration=125952
Task=26 Chunk=2 Start=4081891753310 End=4081891786336 Duration=33026
Task=27 Chunk=0 Start=4081890096271 End=4081890096380 Duration=109
Task=27 Chunk=1 Start=4081891753265 End=4081891878792 Duration=125527
Task=27 Chunk=2 Start=4081891878813 End=4081891913254 Duration=34441
Task=28 Chunk=0 Start=4081890213204 End=4081890213378 Duration=174
Task=28 Chunk=1 Start=4081891878793 End=4081892005133 Duration=126340
Task=28 Chunk=2 Start=4081892005169 End=4081892038362 Duration=33193
Task=29 Chunk=0 Start=4081890323795 End=4081890323896 Duration=101
Task=29 Chunk=1 Start=4081892005135 End=4081892128736 Duration=123601
Task=29 Chunk=2 Start=4081892128755 End=4081892161862 Duration=33107
Task=30 Chunk=0 Start=4081890433945 End=4081890434043 Duration=98
Task=30 Chunk=1 Start=4081892128738 End=4081892255354 Duration=126616
Task=30 Chunk=2 Start=4081892255381 End=4081892289640 Duration=34259
Task=31 Chunk=0 Start=4081890546359 End=4081890546463 Duration=104
Task=31 Chunk=1 Start=4081892255356 End=4081892379530 Duration=124174
Task=31 Chunk=2 Start=4081892379548 End=4081892413318 Duration=33770
Task=32 Chunk=0 Start=4081890669457 End=4081890669544 Duration=87
Task=32 Chunk=1 Start=4081892379531 End=4081892506281 Duration=126750
Task=32 Chunk=2 Start=4081892506319 End=4081892539992 Duration=33673
Task=33 Chunk=0 Start=4081890793622 End=4081890793736 Duration=114
Task=33 Chunk=1 Start=4081892506283 End=4081892634726 Duration=128443
Task=33 Chunk=2 Start=4081892634767 End=4081892668004 Duration=33237
Task=34 Chunk=0 Start=4081890920179 End=4081890920302 Duration=123
Task=34 Chunk=1 Start=4081892634727 End=4081892762416 Duration=127689
Task=34 Chunk=2 Start=4081892762435 End=4081892797678 Duration=35243
Task=35 Chunk=0 Start=4081891044425 End=4081891044524 Duration=99
Task=35 Chunk=1 Start=4081892762417 End=4081892891763 Duration=129346
Task=35 Chunk=2 Start=4081892891784 End=4081892926182 Duration=34398
Task=36 Chunk=0 Start=4081891168236 End=4081891168327 Duration=91
Task=36 Chunk=1 Start=4081892891765 End=4081893018404 Duration=126639
Task=36 Chunk=2 Start=4081893018421 End=4081893052791 Duration=34370
Task=37 Chunk=0 Start=4081891290975 End=4081891291078 Duration=103
Task=37 Chunk=1 Start=4081893018414 End=4081893132401 Duration=113987
Task=37 Chunk=2 Start=4081893132433 End=4081893167025 Duration=34592
Task=38 Chunk=0 Start=4081891411209 End=4081891411306 Duration=97
Task=38 Chunk=1 Start=4081893132402 End=4081893246132 Duration=113730
Task=38 Chunk=2 Start=4081893246152 End=4081893280585 Duration=34433
Task=39 Chunk=0 Start=4081891535174 End=4081891535264 Duration=90
Task=39 Chunk=1 Start=4081893246133 End=4081893365552 Duration=119419
Task=39 Chunk=2 Start=4081893365581 End=4081893399663 Duration=34082
Task=40 Chunk=0 Start=4081891660952 End=4081891661042 Duration=90
Task=40 Chunk=1 Start=4081893365553 End=4081893492175 Duration=126622
Task=40 Chunk=2 Start=4081893492197 End=4081893525508 Duration=33311
Task=41 Chunk=0 Start=4081891786362 End=4081891786451 Duration=89
Task=41 Chunk=1 Start=4081893492177 End=4081893617213 Duration=125036
Task=41 Chunk=2 Start=4081893617253 End=4081893650815 Duration=33562
Task=42 Chunk=0 Start=4081891913263 End=4081891913355 Duration=92
Task=42 Chunk=1 Start=4081893617215 End=4081893746630 Duration=129415
Task=42 Chunk=2 Start=4081893746647 End=4081893781599 Duration=34952
Task=43 Chunk=0 Start=4081892038383 End=4081892038490 Duration=107
Task=43 Chunk=1 Start=4081893746632 End=4081893873072 Duration=126440
Task=43 Chunk=2 Start=4081893873095 End=4081893906834 Duration=33739
Task=44 Chunk=0 Start=4081892161879 End=4081892161969 Duration=90
Task=44 Chunk=1 Start=4081893873074 End=4081894003886 Duration=130812
Task=44 Chunk=2 Start=4081894003898 End=4081894037495 Duration=33597
Task=45 Chunk=0 Start=4081892289663 End=4081892289765 Duration=102
Task=45 Chunk=1 Start=4081894003887 End=4081894135790 Duration=131903
Task=45 Chunk=2 Start=4081894135829 End=4081894170996 Duration=35167
Task=46 Chunk=0 Start=4081892413329 End=4081892413416 Duration=87
Task=46 Chunk=1 Start=4081894135791 End=4081894268189 Duration=132398
Task=46 Chunk=2 Start=4081894268213 End=4081894302476 Duration=34263
Task=47 Chunk=0 Start=4081892540012 End=4081892540108 Duration=96
Task=47 Chunk=1 Start=4081894268191 End=4081894399195 Duration=131004
Task=47 Chunk=2 Start=4081894399237 End=4081894432876 Duration=33639
Task=48 Chunk=0 Start=4081892668014 End=4081892668099 Duration=85
Task=48 Chunk=1 Start=4081894399197 End=4081894529815 Duration=130618
Task=48 Chunk=2 Start=4081894529826 End=4081894564362 Duration=34536
Task=49 Chunk=0 Start=4081892797703 End=4081892797795 Duration=92
Task=49 Chunk=1 Start=4081894529816 End=4081894658674 Duration=128858
Task=49 Chunk=2 Start=4081894658695 End=4081894692323 Duration=33628
Task=50 Chunk=0 Start=4081892926208 End=4081892926315 Duration=107
Task=50 Chunk=1 Start=4081894658676 End=4081894788973 Duration=130297
Task=50 Chunk=2 Start=4081894789000 End=4081894825116 Duration=36116
Task=51 Chunk=0 Start=4081893052812 End=4081893052970 Duration=158
Task=51 Chunk=1 Start=4081894788974 End=4081894920967 Duration=131993
Task=51 Chunk=2 Start=4081894921000 End=4081894956261 Duration=35261
Task=52 Chunk=0 Start=4081893167041 End=4081893167137 Duration=96
Task=52 Chunk=1 Start=4081894920969 End=4081895049501 Duration=128532
Task=52 Chunk=2 Start=4081895049530 End=4081895083764 Duration=34234
Task=53 Chunk=0 Start=4081893280596 End=4081893280698 Duration=102
Task=53 Chunk=1 Start=4081895049513 End=4081895187694 Duration=138181
Task=53 Chunk=2 Start=4081895187730 End=4081895221945 Duration=34215
Task=54 Chunk=0 Start=4081893399693 End=4081893399781 Duration=88
Task=54 Chunk=1 Start=4081895187695 End=4081895325183 Duration=137488
Task=54 Chunk=2 Start=4081895325212 End=4081895360733 Duration=35521
Task=55 Chunk=0 Start=4081893525522 End=4081893525609 Duration=87
Task=55 Chunk=1 Start=4081895325184 End=4081895458685 Duration=133501
Task=55 Chunk=2 Start=4081895458714 End=4081895492270 Duration=33556
Task=56 Chunk=0 Start=4081893650825 End=4081893650920 Duration=95
Task=56 Chunk=1 Start=4081895458687 End=4081895588219 Duration=129532
Task=56 Chunk=2 Start=4081895588230 End=4081895623064 Duration=34834
Task=57 Chunk=0 Start=4081893781635 End=4081893781749 Duration=114
Task=57 Chunk=1 Start=4081895588221 End=4081895718338 Duration=130117
Task=57 Chunk=2 Start=4081895718376 End=4081895753069 Duration=34693
Task=58 Chunk=0 Start=4081893906860 End=4081893907002 Duration=142
Task=58 Chunk=1 Start=4081895718339 End=4081895846230 Duration=127891
Task=58 Chunk=2 Start=4081895846265 End=4081895880121 Duration=33856
Task=59 Chunk=0 Start=4081894037525 End=4081894037626 Duration=101
Task=59 Chunk=1 Start=4081895846231 End=4081895976001 Duration=129770
Task=59 Chunk=2 Start=4081895976039 End=4081896009704 Duration=33665
Task=60 Chunk=0 Start=4081894171018 End=4081894171121 Duration=103
Task=60 Chunk=1 Start=4081895976003 End=4081896106505 Duration=130502
Task=60 Chunk=2 Start=4081896106519 End=4081896141207 Duration=34688
Task=61 Chunk=0 Start=4081894302498 End=4081894302613 Duration=115
Task=61 Chunk=1 Start=4081896106507 End=4081896238457 Duration=131950
Task=61 Chunk=2 Start=4081896238491 End=4081896272816 Duration=34325
Task=62 Chunk=0 Start=4081894432888 End=4081894432976 Duration=88
Task=62 Chunk=1 Start=4081896238459 End=4081896368445 Duration=129986
Task=62 Chunk=2 Start=4081896368465 End=4081896402112 Duration=33647
Task=63 Chunk=0 Start=4081894564402 End=4081894564521 Duration=119
Task=63 Chunk=1 Start=4081896368447 End=4081896498992 Duration=130545
Task=63 Chunk=2 Start=4081896499021 End=4081896533961 Duration=34940
Task=64 Chunk=0 Start=4081894692345 End=4081894692439 Duration=94
Task=64 Chunk=1 Start=4081896498995 End=4081896628855 Duration=129860
Task=64 Chunk=2 Start=4081896628876 End=4081896662741 Duration=33865
Task=65 Chunk=0 Start=4081894825141 End=4081894825234 Duration=93
Task=65 Chunk=1 Start=4081896628856 End=4081896757617 Duration=128761
Task=65 Chunk=2 Start=4081896757632 End=4081896792863 Duration=35231
Task=66 Chunk=0 Start=4081894956279 End=4081894956387 Duration=108
Task=66 Chunk=1 Start=4081896757619 End=4081896889051 Duration=131432
Task=66 Chunk=2 Start=4081896889085 End=4081896924581 Duration=35496
Task=67 Chunk=0 Start=4081895083801 End=4081895083893 Duration=92
Task=67 Chunk=1 Start=4081896889052 End=4081897017965 Duration=128913
Task=67 Chunk=2 Start=4081897018001 End=4081897051651 Duration=33650
Task=68 Chunk=0 Start=4081895221951 End=4081895222042 Duration=91
Task=68 Chunk=1 Start=4081897017967 End=4081897147075 Duration=129108
Task=68 Chunk=2 Start=4081897147087 End=4081897180632 Duration=33545
Task=69 Chunk=0 Start=4081895360752 End=4081895360843 Duration=91
Task=69 Chunk=1 Start=4081897147077 End=4081897276337 Duration=129260
Task=69 Chunk=2 Start=4081897276350 End=4081897311134 Duration=34784
Task=70 Chunk=0 Start=4081895492313 End=4081895492405 Duration=92
Task=70 Chunk=1 Start=4081897276339 End=4081897406468 Duration=130129
Task=70 Chunk=2 Start=4081897406492 End=4081897440855 Duration=34363
Task=71 Chunk=0 Start=4081895623081 End=4081895623187 Duration=106
Task=71 Chunk=1 Start=4081897406477 End=4081897542704 Duration=136227
Task=71 Chunk=2 Start=4081897542715 End=4081897576836 Duration=34121
Task=72 Chunk=0 Start=4081895753089 End=4081895753190 Duration=101
Task=72 Chunk=1 Start=4081897542706 End=4081897680437 Duration=137731
Task=72 Chunk=2 Start=4081897680448 End=4081897715962 Duration=35514
Task=73 Chunk=0 Start=4081895880147 End=4081895880235 Duration=88
Task=73 Chunk=1 Start=4081897680439 End=4081897810699 Duration=130260
Task=73 Chunk=2 Start=4081897810710 End=4081897844397 Duration=33687
Task=74 Chunk=0 Start=4081896009764 End=4081896009857 Duration=93
Task=74 Chunk=1 Start=4081897810700 End=4081897940111 Duration=129411
Task=74 Chunk=2 Start=4081897940151 End=4081897973802 Duration=33651
Task=75 Chunk=0 Start=4081896141228 End=4081896141326 Duration=98
Task=75 Chunk=1 Start=4081897940112 End=4081898069761 Duration=129649
Task=75 Chunk=2 Start=4081898069794 End=4081898104617 Duration=34823
Task=76 Chunk=0 Start=4081896272835 End=4081896272935 Duration=100
Task=76 Chunk=1 Start=4081898069762 End=4081898201710 Duration=131948
Task=76 Chunk=2 Start=4081898201747 End=4081898236083 Duration=34336
Task=77 Chunk=0 Start=4081896402125 End=4081896402214 Duration=89
Task=77 Chunk=1 Start=4081898201712 End=4081898330110 Duration=128398
Task=77 Chunk=2 Start=4081898330143 End=4081898364615 Duration=34472
Task=78 Chunk=0 Start=4081896533999 End=4081896534098 Duration=99
Task=78 Chunk=1 Start=4081898330114 End=4081898468932 Duration=138818
Task=78 Chunk=2 Start=4081898468952 End=4081898504589 Duration=35637
Task=79 Chunk=0 Start=4081896662756 End=4081896662845 Duration=89
Task=79 Chunk=1 Start=4081898468936 End=4081898601487 Duration=132551
Task=79 Chunk=2 Start=4081898601517 End=4081898635385 Duration=33868
Task=80 Chunk=0 Start=4081896792884 End=4081896792984 Duration=100
Task=80 Chunk=1 Start=4081898601488 End=4081898730633 Duration=129145
Task=80 Chunk=2 Start=4081898730653 End=4081898765366 Duration=34713
Task=81 Chunk=0 Start=4081896924600 End=4081896924721 Duration=121
Task=81 Chunk=1 Start=4081898730634 End=4081898860911 Duration=130277
Task=81 Chunk=2 Start=4081898860945 End=4081898896360 Duration=35415
Task=82 Chunk=0 Start=4081897051698 End=4081897051812 Duration=114
Task=82 Chunk=1 Start=4081898860912 End=4081898990328 Duration=129416
Task=82 Chunk=2 Start=4081898990349 End=4081899024104 Duration=33755
Task=83 Chunk=0 Start=4081897180642 End=4081897180753 Duration=111
Task=83 Chunk=1 Start=4081898990329 End=4081899121168 Duration=130839
Task=83 Chunk=2 Start=4081899121186 End=4081899154641 Duration=33455
Task=84 Chunk=0 Start=4081897311148 End=4081897311236 Duration=88
Task=84 Chunk=1 Start=4081899121170 End=4081899250776 Duration=129606
Task=84 Chunk=2 Start=4081899250805 End=4081899285504 Duration=34699
Task=85 Chunk=0 Start=4081897440877 End=4081897440977 Duration=100
Task=85 Chunk=1 Start=4081899250777 End=4081899379651 Duration=128874
Task=85 Chunk=2 Start=4081899379672 End=4081899413552 Duration=33880
Task=86 Chunk=0 Start=4081897576860 End=4081897576954 Duration=94
Task=86 Chunk=1 Start=4081899379652 End=4081899509343 Duration=129691
Task=86 Chunk=2 Start=4081899509369 End=4081899542919 Duration=33550
Task=87 Chunk=0 Start=4081897715984 End=4081897716079 Duration=95
Task=87 Chunk=1 Start=4081899509345 End=4081899639881 Duration=130536
Task=87 Chunk=2 Start=4081899639920 End=4081899674978 Duration=35058
Task=88 Chunk=0 Start=4081897844423 End=4081897844510 Duration=87
Task=88 Chunk=1 Start=4081899639882 End=4081899768661 Duration=128779
Task=88 Chunk=2 Start=4081899768686 End=4081899802412 Duration=33726
Task=89 Chunk=0 Start=4081897973817 End=4081897973919 Duration=102
Task=89 Chunk=1 Start=4081899768663 End=4081899897917 Duration=129254
Task=89 Chunk=2 Start=4081899897947 End=4081899931797 Duration=33850
Task=90 Chunk=0 Start=4081898104629 End=4081898104736 Duration=107
Task=90 Chunk=1 Start=4081899897919 End=4081900026630 Duration=128711
Task=90 Chunk=2 Start=4081900026657 End=4081900061372 Duration=34715
Task=91 Chunk=0 Start=4081898236097 End=4081898236216 Duration=119
Task=91 Chunk=1 Start=4081900026632 End=4081900155295 Duration=128663
Task=91 Chunk=2 Start=4081900155318 End=4081900189045 Duration=33727
Task=92 Chunk=0 Start=4081898364638 End=4081898364774 Duration=136
Task=92 Chunk=1 Start=4081900155297 End=4081900286085 Duration=130788
Task=92 Chunk=2 Start=4081900286100 End=4081900319800 Duration=33700
Task=93 Chunk=0 Start=4081898504622 End=4081898504746 Duration=124
Task=93 Chunk=1 Start=4081900286087 End=4081900414671 Duration=128584
Task=93 Chunk=2 Start=4081900414711 End=4081900449441 Duration=34730
Task=94 Chunk=0 Start=4081898635410 End=4081898635517 Duration=107
Task=94 Chunk=1 Start=4081900414673 End=4081900543219 Duration=128546
Task=94 Chunk=2 Start=4081900543236 End=4081900577155 Duration=33919
Task=95 Chunk=0 Start=4081898765390 End=4081898765491 Duration=101
Task=95 Chunk=1 Start=4081900543221 End=4081900672381 Duration=129160
Task=95 Chunk=2 Start=4081900672407 End=4081900786342 Duration=113935
Task=96 Chunk=0 Start=4081898896383 End=4081898896507 Duration=124
Task=96 Chunk=1 Start=4081900672383 End=4081900790756 Duration=118373
Task=96 Chunk=2 Start=4081900790789 End=4081900824942 Duration=34153
Task=97 Chunk=0 Start=4081899024144 End=4081899024271 Duration=127
Task=97 Chunk=1 Start=4081900790758 End=4081900920865 Duration=130107
Task=97 Chunk=2 Start=4081900920886 End=4081900955977 Duration=35091
Task=98 Chunk=0 Start=4081899154674 End=4081899154774 Duration=100
Task=98 Chunk=1 Start=4081900920867 End=4081901049120 Duration=128253
Task=98 Chunk=2 Start=4081901049154 End=4081901082582 Duration=33428
Task=99 Chunk=0 Start=4081899285520 End=4081899285639 Duration=119
Task=99 Chunk=1 Start=4081901049122 End=4081901177842 Duration=128720
Task=99 Chunk=2 Start=4081901177885 End=4081901210408 Duration=32523
### Python End ###

--------------------------------
[2025-06-26 18:22:20.484] [info] Available Vulkan Layers:
[2025-06-26 18:22:20.484] [warning] Validation layer requested but not available, continuing without it...
[2025-06-26 18:22:20.486] [info] Using integrated GPU: Mali-G710
### Python Begin ###
Schedule_UID=SCH-B1G8-G6369-d81e
Frequency=24576000 Hz
Task=0 Chunk=0 Start=4081907450812 End=4081907505924 Duration=55112
Task=0 Chunk=1 Start=4081907505962 End=4081907745110 Duration=239148
Task=1 Chunk=0 Start=4081907505936 End=4081907506792 Duration=856
Task=1 Chunk=1 Start=4081907745124 End=4081907928992 Duration=183868
Task=2 Chunk=0 Start=4081907506797 End=4081907507396 Duration=599
Task=2 Chunk=1 Start=4081907929012 End=4081908101654 Duration=172642
Task=3 Chunk=0 Start=4081907507400 End=4081907507717 Duration=317
Task=3 Chunk=1 Start=4081908101674 End=4081908250392 Duration=148718
Task=4 Chunk=0 Start=4081907507720 End=4081907507969 Duration=249
Task=4 Chunk=1 Start=4081908250404 End=4081908398146 Duration=147742
Task=5 Chunk=0 Start=4081907507972 End=4081907508221 Duration=249
Task=5 Chunk=1 Start=4081908398157 End=4081908543209 Duration=145052
Task=6 Chunk=0 Start=4081907508221 End=4081907508468 Duration=247
Task=6 Chunk=1 Start=4081908543224 End=4081908703639 Duration=160415
Task=7 Chunk=0 Start=4081907508469 End=4081907508717 Duration=248
Task=7 Chunk=1 Start=4081908703660 End=4081908867566 Duration=163906
Task=8 Chunk=0 Start=4081907508718 End=4081907508972 Duration=254
Task=8 Chunk=1 Start=4081908867583 End=4081909052761 Duration=185178
Task=9 Chunk=0 Start=4081907508972 End=4081907509221 Duration=249
Task=9 Chunk=1 Start=4081909052781 End=4081909218975 Duration=166194
Task=10 Chunk=0 Start=4081907509222 End=4081907509472 Duration=250
Task=10 Chunk=1 Start=4081909218998 End=4081909371097 Duration=152099
Task=11 Chunk=0 Start=4081907509472 End=4081907509722 Duration=250
Task=11 Chunk=1 Start=4081909371115 End=4081909541266 Duration=170151
Task=12 Chunk=0 Start=4081907509723 End=4081907509971 Duration=248
Task=12 Chunk=1 Start=4081909541288 End=4081909704234 Duration=162946
Task=13 Chunk=0 Start=4081907509971 End=4081907510215 Duration=244
Task=13 Chunk=1 Start=4081909704255 End=4081909870631 Duration=166376
Task=14 Chunk=0 Start=4081907510216 End=4081907510481 Duration=265
Task=14 Chunk=1 Start=4081909870660 End=4081910032509 Duration=161849
Task=15 Chunk=0 Start=4081907745154 End=4081907745593 Duration=439
Task=15 Chunk=1 Start=4081910032529 End=4081910216712 Duration=184183
Task=16 Chunk=0 Start=4081907929103 End=4081907929604 Duration=501
Task=16 Chunk=1 Start=4081910216725 End=4081910373818 Duration=157093
Task=17 Chunk=0 Start=4081908101689 End=4081908102032 Duration=343
Task=17 Chunk=1 Start=4081910373840 End=4081910540601 Duration=166761
Task=18 Chunk=0 Start=4081908250410 End=4081908250708 Duration=298
Task=18 Chunk=1 Start=4081910540612 End=4081910706580 Duration=165968
Task=19 Chunk=0 Start=4081908398258 End=4081908398536 Duration=278
Task=19 Chunk=1 Start=4081910706590 End=4081910875419 Duration=168829
Task=20 Chunk=0 Start=4081908543223 End=4081908543505 Duration=282
Task=20 Chunk=1 Start=4081910875424 End=4081911040352 Duration=164928
Task=21 Chunk=0 Start=4081908703660 End=4081908703929 Duration=269
Task=21 Chunk=1 Start=4081911040370 End=4081911203997 Duration=163627
Task=22 Chunk=0 Start=4081908867627 End=4081908867893 Duration=266
Task=22 Chunk=1 Start=4081911204010 End=4081911359041 Duration=155031
Task=23 Chunk=0 Start=4081909052790 End=4081909053137 Duration=347
Task=23 Chunk=1 Start=4081911359051 End=4081911513860 Duration=154809
Task=24 Chunk=0 Start=4081909218998 End=4081909219065 Duration=67
Task=24 Chunk=1 Start=4081911513868 End=4081911669380 Duration=155512
Task=25 Chunk=0 Start=4081909371116 End=4081909549019 Duration=177903
Task=25 Chunk=1 Start=4081911669399 End=4081911827493 Duration=158094
Task=26 Chunk=0 Start=4081909549026 End=4081909549076 Duration=50
Task=26 Chunk=1 Start=4081911827504 End=4081911981525 Duration=154021
Task=27 Chunk=0 Start=4081909704254 End=4081909704304 Duration=50
Task=27 Chunk=1 Start=4081911981538 End=4081912121961 Duration=140423
Task=28 Chunk=0 Start=4081909870666 End=4081909870716 Duration=50
Task=28 Chunk=1 Start=4081912121976 End=4081912274109 Duration=152133
Task=29 Chunk=0 Start=4081910032534 End=4081910032575 Duration=41
Task=29 Chunk=1 Start=4081912274120 End=4081912435935 Duration=161815
Task=30 Chunk=0 Start=4081910216733 End=4081910216779 Duration=46
Task=30 Chunk=1 Start=4081912435945 End=4081912600491 Duration=164546
Task=31 Chunk=0 Start=4081910373840 End=4081910373888 Duration=48
Task=31 Chunk=1 Start=4081912600508 End=4081912768726 Duration=168218
Task=32 Chunk=0 Start=4081910540617 End=4081910540660 Duration=43
Task=32 Chunk=1 Start=4081912768744 End=4081912936335 Duration=167591
Task=33 Chunk=0 Start=4081910706591 End=4081910706639 Duration=48
Task=33 Chunk=1 Start=4081912936347 End=4081913104467 Duration=168120
Task=34 Chunk=0 Start=4081910875443 End=4081910875495 Duration=52
Task=34 Chunk=1 Start=4081913104481 End=4081913273511 Duration=169030
Task=35 Chunk=0 Start=4081911040376 End=4081911040432 Duration=56
Task=35 Chunk=1 Start=4081913273523 End=4081913454615 Duration=181092
Task=36 Chunk=0 Start=4081911204017 End=4081911204062 Duration=45
Task=36 Chunk=1 Start=4081913454619 End=4081913638761 Duration=184142
Task=37 Chunk=0 Start=4081911359057 End=4081911359103 Duration=46
Task=37 Chunk=1 Start=4081913638766 End=4081913819403 Duration=180637
Task=38 Chunk=0 Start=4081911513878 End=4081911513925 Duration=47
Task=38 Chunk=1 Start=4081913819413 End=4081914001085 Duration=181672
Task=39 Chunk=0 Start=4081911669399 End=4081911669447 Duration=48
Task=39 Chunk=1 Start=4081914001096 End=4081914183981 Duration=182885
Task=40 Chunk=0 Start=4081911827513 End=4081911827553 Duration=40
Task=40 Chunk=1 Start=4081914183998 End=4081914366700 Duration=182702
Task=41 Chunk=0 Start=4081911981542 End=4081911981580 Duration=38
Task=41 Chunk=1 Start=4081914366724 End=4081914567232 Duration=200508
Task=42 Chunk=0 Start=4081912121982 End=4081912122037 Duration=55
Task=42 Chunk=1 Start=4081914567236 End=4081914763148 Duration=195912
Task=43 Chunk=0 Start=4081912274120 End=4081912274166 Duration=46
Task=43 Chunk=1 Start=4081914763163 End=4081914962445 Duration=199282
Task=44 Chunk=0 Start=4081912435950 End=4081912436002 Duration=52
Task=44 Chunk=1 Start=4081914962462 End=4081915155604 Duration=193142
Task=45 Chunk=0 Start=4081912600508 End=4081912600553 Duration=45
Task=45 Chunk=1 Start=4081915155622 End=4081915354055 Duration=198433
Task=46 Chunk=0 Start=4081912768744 End=4081912768787 Duration=43
Task=46 Chunk=1 Start=4081915354071 End=4081915543857 Duration=189786
Task=47 Chunk=0 Start=4081912936347 End=4081912936391 Duration=44
Task=47 Chunk=1 Start=4081915543868 End=4081915736057 Duration=192189
Task=48 Chunk=0 Start=4081913104483 End=4081913104540 Duration=57
Task=48 Chunk=1 Start=4081915736070 End=4081915925851 Duration=189781
Task=49 Chunk=0 Start=4081913273525 End=4081913273572 Duration=47
Task=49 Chunk=1 Start=4081915925864 End=4081916112402 Duration=186538
Task=50 Chunk=0 Start=4081913454630 End=4081913454674 Duration=44
Task=50 Chunk=1 Start=4081916112412 End=4081916302347 Duration=189935
Task=51 Chunk=0 Start=4081913638791 End=4081913638838 Duration=47
Task=51 Chunk=1 Start=4081916302358 End=4081916494747 Duration=192389
Task=52 Chunk=0 Start=4081913819414 End=4081913819461 Duration=47
Task=52 Chunk=1 Start=4081916494750 End=4081916684139 Duration=189389
Task=53 Chunk=0 Start=4081914001100 End=4081914001144 Duration=44
Task=53 Chunk=1 Start=4081916684149 End=4081916869992 Duration=185843
Task=54 Chunk=0 Start=4081914184000 End=4081914184046 Duration=46
Task=54 Chunk=1 Start=4081916870003 End=4081917059023 Duration=189020
Task=55 Chunk=0 Start=4081914366730 End=4081914366777 Duration=47
Task=55 Chunk=1 Start=4081917059039 End=4081917255448 Duration=196409
Task=56 Chunk=0 Start=4081914567249 End=4081914567289 Duration=40
Task=56 Chunk=1 Start=4081917255452 End=4081917453727 Duration=198275
Task=57 Chunk=0 Start=4081914763169 End=4081914763215 Duration=46
Task=57 Chunk=1 Start=4081917453737 End=4081917651820 Duration=198083
Task=58 Chunk=0 Start=4081914962462 End=4081914962507 Duration=45
Task=58 Chunk=1 Start=4081917651835 End=4081917845452 Duration=193617
Task=59 Chunk=0 Start=4081915155622 End=4081915155709 Duration=87
Task=59 Chunk=1 Start=4081917845465 End=4081918043241 Duration=197776
Task=60 Chunk=0 Start=4081915354068 End=4081915354133 Duration=65
Task=60 Chunk=1 Start=4081918043255 End=4081918259267 Duration=216012
Task=61 Chunk=0 Start=4081915543877 End=4081915543953 Duration=76
Task=61 Chunk=1 Start=4081918259280 End=4081918446065 Duration=186785
Task=62 Chunk=0 Start=4081915736071 End=4081915736159 Duration=88
Task=62 Chunk=1 Start=4081918446076 End=4081918639842 Duration=193766
Task=63 Chunk=0 Start=4081915925864 End=4081915925915 Duration=51
Task=63 Chunk=1 Start=4081918639852 End=4081918831905 Duration=192053
Task=64 Chunk=0 Start=4081916112413 End=4081916112519 Duration=106
Task=64 Chunk=1 Start=4081918831920 End=4081919024700 Duration=192780
Task=65 Chunk=0 Start=4081916302365 End=4081916302417 Duration=52
Task=65 Chunk=1 Start=4081919024711 End=4081919217481 Duration=192770
Task=66 Chunk=0 Start=4081916494765 End=4081916494825 Duration=60
Task=66 Chunk=1 Start=4081919217491 End=4081919412095 Duration=194604
Task=67 Chunk=0 Start=4081916684149 End=4081916684199 Duration=50
Task=67 Chunk=1 Start=4081919412106 End=4081919599055 Duration=186949
Task=68 Chunk=0 Start=4081916870006 End=4081916870093 Duration=87
Task=68 Chunk=1 Start=4081919599066 End=4081919794323 Duration=195257
Task=69 Chunk=0 Start=4081917059045 End=4081917059090 Duration=45
Task=69 Chunk=1 Start=4081919794335 End=4081920158337 Duration=364002
Task=70 Chunk=0 Start=4081917255462 End=4081917255504 Duration=42
Task=70 Chunk=1 Start=4081920158351 End=4081920349955 Duration=191604
Task=71 Chunk=0 Start=4081917453737 End=4081917453778 Duration=41
Task=71 Chunk=1 Start=4081920349965 End=4081920538394 Duration=188429
Task=72 Chunk=0 Start=4081917651835 End=4081917651874 Duration=39
Task=72 Chunk=1 Start=4081920538408 End=4081920731347 Duration=192939
Task=73 Chunk=0 Start=4081917845471 End=4081917845513 Duration=42
Task=73 Chunk=1 Start=4081920731357 End=4081920934074 Duration=202717
Task=74 Chunk=0 Start=4081918043254 End=4081918043294 Duration=40
Task=74 Chunk=1 Start=4081920934088 End=4081921126603 Duration=192515
Task=75 Chunk=0 Start=4081918259285 End=4081918259325 Duration=40
Task=75 Chunk=1 Start=4081921126616 End=4081921318533 Duration=191917
Task=76 Chunk=0 Start=4081918446078 End=4081918446120 Duration=42
Task=76 Chunk=1 Start=4081921318543 End=4081921516706 Duration=198163
Task=77 Chunk=0 Start=4081918639853 End=4081918639902 Duration=49
Task=77 Chunk=1 Start=4081921516717 End=4081921706824 Duration=190107
Task=78 Chunk=0 Start=4081918831924 End=4081918831966 Duration=42
Task=78 Chunk=1 Start=4081921706837 End=4081921894695 Duration=187858
Task=79 Chunk=0 Start=4081919024709 End=4081919024753 Duration=44
Task=79 Chunk=1 Start=4081921894705 End=4081922081020 Duration=186315
Task=80 Chunk=0 Start=4081919217492 End=4081919217530 Duration=38
Task=80 Chunk=1 Start=4081922081030 End=4081922267424 Duration=186394
Task=81 Chunk=0 Start=4081919412105 End=4081919412154 Duration=49
Task=81 Chunk=1 Start=4081922267434 End=4081922455223 Duration=187789
Task=82 Chunk=0 Start=4081919599065 End=4081919599107 Duration=42
Task=82 Chunk=1 Start=4081922455233 End=4081922652023 Duration=196790
Task=83 Chunk=0 Start=4081919794338 End=4081919794379 Duration=41
Task=83 Chunk=1 Start=4081922652033 End=4081922838897 Duration=186864
Task=84 Chunk=0 Start=4081920158355 End=4081920158400 Duration=45
Task=84 Chunk=1 Start=4081922838907 End=4081923026742 Duration=187835
Task=85 Chunk=0 Start=4081920349968 End=4081920350009 Duration=41
Task=85 Chunk=1 Start=4081923026752 End=4081923221680 Duration=194928
Task=86 Chunk=0 Start=4081920538413 End=4081920538459 Duration=46
Task=86 Chunk=1 Start=4081923221808 End=4081923412683 Duration=190875
Task=87 Chunk=0 Start=4081920731361 End=4081920731400 Duration=39
Task=87 Chunk=1 Start=4081923412695 End=4081923616707 Duration=204012
Task=88 Chunk=0 Start=4081920934091 End=4081920934130 Duration=39
Task=88 Chunk=1 Start=4081923616718 End=4081923867479 Duration=250761
Task=89 Chunk=0 Start=4081921126623 End=4081921126727 Duration=104
Task=89 Chunk=1 Start=4081923867496 End=4081924094578 Duration=227082
Task=90 Chunk=0 Start=4081921318542 End=4081921318582 Duration=40
Task=90 Chunk=1 Start=4081924094601 End=4081924336779 Duration=242178
Task=91 Chunk=0 Start=4081921516721 End=4081921516763 Duration=42
Task=91 Chunk=1 Start=4081924336798 End=4081924603621 Duration=266823
Task=92 Chunk=0 Start=4081921706836 End=4081921706885 Duration=49
Task=92 Chunk=1 Start=4081924603669 End=4081924870132 Duration=266463
Task=93 Chunk=0 Start=4081921894708 End=4081921894749 Duration=41
Task=93 Chunk=1 Start=4081924870150 End=4081925094098 Duration=223948
Task=94 Chunk=0 Start=4081922081029 End=4081922081069 Duration=40
Task=94 Chunk=1 Start=4081925094146 End=4081925346611 Duration=252465
Task=95 Chunk=0 Start=4081922267439 End=4081922267482 Duration=43
Task=95 Chunk=1 Start=4081925346659 End=4081925585376 Duration=238717
Task=96 Chunk=0 Start=4081922455239 End=4081922455276 Duration=37
Task=96 Chunk=1 Start=4081925585411 End=4081925826825 Duration=241414
Task=97 Chunk=0 Start=4081922652035 End=4081922652077 Duration=42
Task=97 Chunk=1 Start=4081925826859 End=4081926066363 Duration=239504
Task=98 Chunk=0 Start=4081922838915 End=4081922838955 Duration=40
Task=98 Chunk=1 Start=4081926066396 End=4081926308950 Duration=242554
Task=99 Chunk=0 Start=4081923026757 End=4081923026802 Duration=45
Task=99 Chunk=1 Start=4081926308972 End=4081926552253 Duration=243281
### Python End ###

--------------------------------
[2025-06-26 18:22:21.520] [info] Available Vulkan Layers:
[2025-06-26 18:22:21.520] [warning] Validation layer requested but not available, continuing without it...
[2025-06-26 18:22:21.523] [info] Using integrated GPU: Mali-G710
### Python Begin ###
Schedule_UID=SCH-M1B1G5L2-G6399-bce8
Frequency=24576000 Hz
Task=0 Chunk=0 Start=4081931964865 End=4081932015310 Duration=50445
Task=0 Chunk=1 Start=4081932015339 End=4081932027705 Duration=12366
Task=0 Chunk=2 Start=4081932027720 End=4081932211373 Duration=183653
Task=0 Chunk=3 Start=4081932211491 End=4081932275500 Duration=64009
Task=1 Chunk=0 Start=4081932015320 End=4081932019611 Duration=4291
Task=1 Chunk=1 Start=4081932027716 End=4081932028963 Duration=1247
Task=1 Chunk=2 Start=4081932211376 End=4081932310123 Duration=98747
Task=1 Chunk=3 Start=4081932310148 End=4081932344367 Duration=34219
Task=2 Chunk=0 Start=4081932019611 End=4081932020246 Duration=635
Task=2 Chunk=1 Start=4081932028968 End=4081932029442 Duration=474
Task=2 Chunk=2 Start=4081932310126 End=4081932411263 Duration=101137
Task=2 Chunk=3 Start=4081932411298 End=4081932469594 Duration=58296
Task=3 Chunk=0 Start=4081932020246 End=4081932020839 Duration=593
Task=3 Chunk=1 Start=4081932029442 End=4081932029780 Duration=338
Task=3 Chunk=2 Start=4081932411265 End=4081932510638 Duration=99373
Task=3 Chunk=3 Start=4081932510675 End=4081932545032 Duration=34357
Task=4 Chunk=0 Start=4081932020840 End=4081932021410 Duration=570
Task=4 Chunk=1 Start=4081932029781 End=4081932030097 Duration=316
Task=4 Chunk=2 Start=4081932510640 End=4081932612216 Duration=101576
Task=4 Chunk=3 Start=4081932612228 End=4081932673689 Duration=61461
Task=5 Chunk=0 Start=4081932021410 End=4081932021995 Duration=585
Task=5 Chunk=1 Start=4081932030100 End=4081932030421 Duration=321
Task=5 Chunk=2 Start=4081932612217 End=4081932719206 Duration=106989
Task=5 Chunk=3 Start=4081932719238 End=4081932753769 Duration=34531
Task=6 Chunk=0 Start=4081932021996 End=4081932022563 Duration=567
Task=6 Chunk=1 Start=4081932030424 End=4081932030872 Duration=448
Task=6 Chunk=2 Start=4081932719208 End=4081932828584 Duration=109376
Task=6 Chunk=3 Start=4081932828612 End=4081932862982 Duration=34370
Task=7 Chunk=0 Start=4081932022564 End=4081932023114 Duration=550
Task=7 Chunk=1 Start=4081932030873 End=4081932031192 Duration=319
Task=7 Chunk=2 Start=4081932828586 End=4081932936217 Duration=107631
Task=7 Chunk=3 Start=4081932936233 End=4081932971089 Duration=34856
Task=8 Chunk=0 Start=4081932023115 End=4081932023668 Duration=553
Task=8 Chunk=1 Start=4081932031194 End=4081932031529 Duration=335
Task=8 Chunk=2 Start=4081932936219 End=4081933042473 Duration=106254
Task=8 Chunk=3 Start=4081933042499 End=4081933077699 Duration=35200
Task=9 Chunk=0 Start=4081932023669 End=4081932024253 Duration=584
Task=9 Chunk=1 Start=4081932031530 End=4081932031858 Duration=328
Task=9 Chunk=2 Start=4081933042475 End=4081933148754 Duration=106279
Task=9 Chunk=3 Start=4081933148781 End=4081933184614 Duration=35833
Task=10 Chunk=0 Start=4081932024253 End=4081932024807 Duration=554
Task=10 Chunk=1 Start=4081932031859 End=4081932032278 Duration=419
Task=10 Chunk=2 Start=4081933148755 End=4081933254609 Duration=105854
Task=10 Chunk=3 Start=4081933254643 End=4081933290394 Duration=35751
Task=11 Chunk=0 Start=4081932024808 End=4081932025371 Duration=563
Task=11 Chunk=1 Start=4081932032281 End=4081932032612 Duration=331
Task=11 Chunk=2 Start=4081933254611 End=4081933360071 Duration=105460
Task=11 Chunk=3 Start=4081933360103 End=4081933402320 Duration=42217
Task=12 Chunk=0 Start=4081932025371 End=4081932025924 Duration=553
Task=12 Chunk=1 Start=4081932032615 End=4081932032996 Duration=381
Task=12 Chunk=2 Start=4081933360072 End=4081933597061 Duration=236989
Task=12 Chunk=3 Start=4081933597068 End=4081933630310 Duration=33242
Task=13 Chunk=0 Start=4081932025925 End=4081932026474 Duration=549
Task=13 Chunk=1 Start=4081932032996 End=4081932033364 Duration=368
Task=13 Chunk=2 Start=4081933597065 End=4081933855321 Duration=258256
Task=13 Chunk=3 Start=4081933855337 End=4081933891237 Duration=35900
Task=14 Chunk=0 Start=4081932026475 End=4081932027042 Duration=567
Task=14 Chunk=1 Start=4081932033365 End=4081932033794 Duration=429
Task=14 Chunk=2 Start=4081933855325 End=4081933957452 Duration=102127
Task=14 Chunk=3 Start=4081933957493 End=4081933991339 Duration=33846
Task=15 Chunk=0 Start=4081932275761 End=4081932276503 Duration=742
Task=15 Chunk=1 Start=4081932276513 End=4081932276678 Duration=165
Task=15 Chunk=2 Start=4081933957457 End=4081934059571 Duration=102114
Task=15 Chunk=3 Start=4081934059590 End=4081934092504 Duration=32914
Task=16 Chunk=0 Start=4081932344601 End=4081932345267 Duration=666
Task=16 Chunk=1 Start=4081932345279 End=4081932345341 Duration=62
Task=16 Chunk=2 Start=4081934059573 End=4081934160990 Duration=101417
Task=16 Chunk=3 Start=4081934161031 End=4081934193975 Duration=32944
Task=17 Chunk=0 Start=4081932469632 End=4081932470270 Duration=638
Task=17 Chunk=1 Start=4081932470282 End=4081932470342 Duration=60
Task=17 Chunk=2 Start=4081934160998 End=4081934261902 Duration=100904
Task=17 Chunk=3 Start=4081934261927 End=4081934296360 Duration=34433
Task=18 Chunk=0 Start=4081932545176 End=4081932545815 Duration=639
Task=18 Chunk=1 Start=4081932545825 End=4081932545893 Duration=68
Task=18 Chunk=2 Start=4081934261908 End=4081934370666 Duration=108758
Task=18 Chunk=3 Start=4081934370689 End=4081934407432 Duration=36743
Task=19 Chunk=0 Start=4081932673725 End=4081932674208 Duration=483
Task=19 Chunk=1 Start=4081932674216 End=4081932674277 Duration=61
Task=19 Chunk=2 Start=4081934370668 End=4081934477009 Duration=106341
Task=19 Chunk=3 Start=4081934479222 End=4081934518420 Duration=39198
Task=20 Chunk=0 Start=4081932753801 End=4081932754016 Duration=215
Task=20 Chunk=1 Start=4081932754024 End=4081932754081 Duration=57
Task=20 Chunk=2 Start=4081934477014 End=4081934589698 Duration=112684
Task=20 Chunk=3 Start=4081934589772 End=4081934631171 Duration=41399
Task=21 Chunk=0 Start=4081932863007 End=4081932863209 Duration=202
Task=21 Chunk=1 Start=4081932863220 End=4081932863279 Duration=59
Task=21 Chunk=2 Start=4081934589707 End=4081934700426 Duration=110719
Task=21 Chunk=3 Start=4081934700476 End=4081934742235 Duration=41759
Task=22 Chunk=0 Start=4081932971127 End=4081932971328 Duration=201
Task=22 Chunk=1 Start=4081932971336 End=4081932971392 Duration=56
Task=22 Chunk=2 Start=4081934700449 End=4081934811915 Duration=111466
Task=22 Chunk=3 Start=4081934812055 End=4081934853920 Duration=41865
Task=23 Chunk=0 Start=4081933077710 End=4081933077902 Duration=192
Task=23 Chunk=1 Start=4081933077914 End=4081933077973 Duration=59
Task=23 Chunk=2 Start=4081934811923 End=4081934922277 Duration=110354
Task=23 Chunk=3 Start=4081934922291 End=4081934962976 Duration=40685
Task=24 Chunk=0 Start=4081933184639 End=4081933184801 Duration=162
Task=24 Chunk=1 Start=4081933184808 End=4081933184867 Duration=59
Task=24 Chunk=2 Start=4081934922285 End=4081935031934 Duration=109649
Task=24 Chunk=3 Start=4081935031962 End=4081935073417 Duration=41455
Task=25 Chunk=0 Start=4081933290416 End=4081933290539 Duration=123
Task=25 Chunk=1 Start=4081933290546 End=4081933290623 Duration=77
Task=25 Chunk=2 Start=4081935031945 End=4081935143201 Duration=111256
Task=25 Chunk=3 Start=4081935143220 End=4081935182664 Duration=39444
Task=26 Chunk=0 Start=4081933402341 End=4081933402443 Duration=102
Task=26 Chunk=1 Start=4081933402453 End=4081933402531 Duration=78
Task=26 Chunk=2 Start=4081935143209 End=4081935254405 Duration=111196
Task=26 Chunk=3 Start=4081935254424 End=4081935293855 Duration=39431
Task=27 Chunk=0 Start=4081933630331 End=4081933630498 Duration=167
Task=27 Chunk=1 Start=4081933630505 End=4081933916075 Duration=285570
Task=27 Chunk=2 Start=4081935254414 End=4081935364246 Duration=109832
Task=27 Chunk=3 Start=4081935364286 End=4081935403738 Duration=39452
Task=28 Chunk=0 Start=4081933891248 End=4081933892189 Duration=941
Task=28 Chunk=1 Start=4081933916079 End=4081933916132 Duration=53
Task=28 Chunk=2 Start=4081935364255 End=4081935477405 Duration=113150
Task=28 Chunk=3 Start=4081935477434 End=4081935519824 Duration=42390
Task=29 Chunk=0 Start=4081933991363 End=4081933992022 Duration=659
Task=29 Chunk=1 Start=4081933992027 End=4081933992086 Duration=59
Task=29 Chunk=2 Start=4081935477415 End=4081935586824 Duration=109409
Task=29 Chunk=3 Start=4081935586869 End=4081935627564 Duration=40695
Task=30 Chunk=0 Start=4081934092609 End=4081934093235 Duration=626
Task=30 Chunk=1 Start=4081934093248 End=4081934093302 Duration=54
Task=30 Chunk=2 Start=4081935586837 End=4081935698950 Duration=112113
Task=30 Chunk=3 Start=4081935698977 End=4081935738309 Duration=39332
Task=31 Chunk=0 Start=4081934194064 End=4081934194692 Duration=628
Task=31 Chunk=1 Start=4081934194703 End=4081934194747 Duration=44
Task=31 Chunk=2 Start=4081935698954 End=4081935811179 Duration=112225
Task=31 Chunk=3 Start=4081935811190 End=4081935852351 Duration=41161
Task=32 Chunk=0 Start=4081934296387 End=4081934296695 Duration=308
Task=32 Chunk=1 Start=4081934296702 End=4081934296764 Duration=62
Task=32 Chunk=2 Start=4081935811182 End=4081935922388 Duration=111206
Task=32 Chunk=3 Start=4081935922420 End=4081935961296 Duration=38876
Task=33 Chunk=0 Start=4081934407467 End=4081934407629 Duration=162
Task=33 Chunk=1 Start=4081934407641 End=4081934407720 Duration=79
Task=33 Chunk=2 Start=4081935922400 End=4081936034702 Duration=112302
Task=33 Chunk=3 Start=4081936034728 End=4081936074114 Duration=39386
Task=34 Chunk=0 Start=4081934518444 End=4081934518653 Duration=209
Task=34 Chunk=1 Start=4081934518660 End=4081934518728 Duration=68
Task=34 Chunk=2 Start=4081936034714 End=4081936144903 Duration=110189
Task=34 Chunk=3 Start=4081936146917 End=4081936184952 Duration=38035
Task=35 Chunk=0 Start=4081934631206 End=4081934631459 Duration=253
Task=35 Chunk=1 Start=4081934631472 End=4081934631543 Duration=71
Task=35 Chunk=2 Start=4081936144909 End=4081936255185 Duration=110276
Task=35 Chunk=3 Start=4081936255263 End=4081936296050 Duration=40787
Task=36 Chunk=0 Start=4081934742262 End=4081934742465 Duration=203
Task=36 Chunk=1 Start=4081934742477 End=4081934742527 Duration=50
Task=36 Chunk=2 Start=4081936255193 End=4081936366584 Duration=111391
Task=36 Chunk=3 Start=4081936366609 End=4081936938482 Duration=571873
Task=37 Chunk=0 Start=4081934853942 End=4081934854146 Duration=204
Task=37 Chunk=1 Start=4081934854156 End=4081934854242 Duration=86
Task=37 Chunk=2 Start=4081936366585 End=4081936468081 Duration=101496
Task=37 Chunk=3 Start=4081936938496 End=4081936974052 Duration=35556
Task=38 Chunk=0 Start=4081934963013 End=4081934963206 Duration=193
Task=38 Chunk=1 Start=4081934963218 End=4081934963288 Duration=70
Task=38 Chunk=2 Start=4081936468082 End=4081936568988 Duration=100906
Task=38 Chunk=3 Start=4081936974061 End=4081937017613 Duration=43552
Task=39 Chunk=0 Start=4081935073448 End=4081935073654 Duration=206
Task=39 Chunk=1 Start=4081935073662 End=4081935073744 Duration=82
Task=39 Chunk=2 Start=4081936568995 End=4081936671972 Duration=102977
Task=39 Chunk=3 Start=4081937017622 End=4081937051950 Duration=34328
Task=40 Chunk=0 Start=4081935182673 End=4081935182866 Duration=193
Task=40 Chunk=1 Start=4081935182878 End=4081935182949 Duration=71
Task=40 Chunk=2 Start=4081936671975 End=4081936774971 Duration=102996
Task=40 Chunk=3 Start=4081937051956 End=4081937084751 Duration=32795
Task=41 Chunk=0 Start=4081935293880 End=4081935294085 Duration=205
Task=41 Chunk=1 Start=4081935294091 End=4081935294142 Duration=51
Task=41 Chunk=2 Start=4081936774972 End=4081936876861 Duration=101889
Task=41 Chunk=3 Start=4081937084759 End=4081937118148 Duration=33389
Task=42 Chunk=0 Start=4081935403751 End=4081935403972 Duration=221
Task=42 Chunk=1 Start=4081935403982 End=4081935404060 Duration=78
Task=42 Chunk=2 Start=4081936876865 End=4081936984488 Duration=107623
Task=42 Chunk=3 Start=4081937118166 End=4081937150489 Duration=32323
Task=43 Chunk=0 Start=4081935519849 End=4081935520094 Duration=245
Task=43 Chunk=1 Start=4081935520100 End=4081935520174 Duration=74
Task=43 Chunk=2 Start=4081936984496 End=4081937089427 Duration=104931
Task=43 Chunk=3 Start=4081937150496 End=4081937182532 Duration=32036
Task=44 Chunk=0 Start=4081935627625 End=4081935627798 Duration=173
Task=44 Chunk=1 Start=4081935627802 End=4081935627859 Duration=57
Task=44 Chunk=2 Start=4081937089430 End=4081937196194 Duration=106764
Task=44 Chunk=3 Start=4081937196214 End=4081937232329 Duration=36115
Task=45 Chunk=0 Start=4081935738328 End=4081935738529 Duration=201
Task=45 Chunk=1 Start=4081935738535 End=4081935738608 Duration=73
Task=45 Chunk=2 Start=4081937196197 End=4081937306182 Duration=109985
Task=45 Chunk=3 Start=4081937306196 End=4081937344098 Duration=37902
Task=46 Chunk=0 Start=4081935852377 End=4081935852628 Duration=251
Task=46 Chunk=1 Start=4081935852638 End=4081935852708 Duration=70
Task=46 Chunk=2 Start=4081937306191 End=4081937417596 Duration=111405
Task=46 Chunk=3 Start=4081937417627 End=4081937454090 Duration=36463
Task=47 Chunk=0 Start=4081935961313 End=4081935961562 Duration=249
Task=47 Chunk=1 Start=4081935961569 End=4081935961637 Duration=68
Task=47 Chunk=2 Start=4081937417607 End=4081937528178 Duration=110571
Task=47 Chunk=3 Start=4081937530228 End=4081937566397 Duration=36169
Task=48 Chunk=0 Start=4081936074147 End=4081936074386 Duration=239
Task=48 Chunk=1 Start=4081936074396 End=4081936074445 Duration=49
Task=48 Chunk=2 Start=4081937528182 End=4081937636999 Duration=108817
Task=48 Chunk=3 Start=4081937639861 End=4081937678856 Duration=38995
Task=49 Chunk=0 Start=4081936184977 End=4081936185190 Duration=213
Task=49 Chunk=1 Start=4081936185196 End=4081936185264 Duration=68
Task=49 Chunk=2 Start=4081937637005 End=4081937749961 Duration=112956
Task=49 Chunk=3 Start=4081937749971 End=4081937792162 Duration=42191
Task=50 Chunk=0 Start=4081936296078 End=4081936296258 Duration=180
Task=50 Chunk=1 Start=4081936296263 End=4081936296313 Duration=50
Task=50 Chunk=2 Start=4081937749963 End=4081937862189 Duration=112226
Task=50 Chunk=3 Start=4081937862386 End=4081937901200 Duration=38814
Task=51 Chunk=0 Start=4081936938514 End=4081936938862 Duration=348
Task=51 Chunk=1 Start=4081936938869 End=4081937009044 Duration=70175
Task=51 Chunk=2 Start=4081937862190 End=4081937978195 Duration=116005
Task=51 Chunk=3 Start=4081937978215 End=4081938023381 Duration=45166
Task=52 Chunk=0 Start=4081936974067 End=4081936974194 Duration=127
Task=52 Chunk=1 Start=4081937009048 End=4081937009328 Duration=280
Task=52 Chunk=2 Start=4081937978199 End=4081938091634 Duration=113435
Task=52 Chunk=3 Start=4081938091664 End=4081938130677 Duration=39013
Task=53 Chunk=0 Start=4081937017629 End=4081937017869 Duration=240
Task=53 Chunk=1 Start=4081937017918 End=4081937018174 Duration=256
Task=53 Chunk=2 Start=4081938091646 End=4081938206267 Duration=114621
Task=53 Chunk=3 Start=4081938206348 End=4081938243034 Duration=36686
Task=54 Chunk=0 Start=4081937051966 End=4081937052060 Duration=94
Task=54 Chunk=1 Start=4081937052064 End=4081937052352 Duration=288
Task=54 Chunk=2 Start=4081938206273 End=4081938319976 Duration=113703
Task=54 Chunk=3 Start=4081938320037 End=4081938356643 Duration=36606
Task=55 Chunk=0 Start=4081937084775 End=4081937084909 Duration=134
Task=55 Chunk=1 Start=4081937084940 End=4081937085192 Duration=252
Task=55 Chunk=2 Start=4081938319988 End=4081938433624 Duration=113636
Task=55 Chunk=3 Start=4081938433655 End=4081938474585 Duration=40930
Task=56 Chunk=0 Start=4081937118182 End=4081937118284 Duration=102
Task=56 Chunk=1 Start=4081937118361 End=4081937118612 Duration=251
Task=56 Chunk=2 Start=4081938433635 End=4081938548392 Duration=114757
Task=56 Chunk=3 Start=4081938548415 End=4081938591327 Duration=42912
Task=57 Chunk=0 Start=4081937150507 End=4081937150610 Duration=103
Task=57 Chunk=1 Start=4081937150706 End=4081937150959 Duration=253
Task=57 Chunk=2 Start=4081938548404 End=4081938663311 Duration=114907
Task=57 Chunk=3 Start=4081938663349 End=4081938706717 Duration=43368
Task=58 Chunk=0 Start=4081937182546 End=4081937182626 Duration=80
Task=58 Chunk=1 Start=4081937182726 End=4081937183022 Duration=296
Task=58 Chunk=2 Start=4081938663312 End=4081938780911 Duration=117599
Task=58 Chunk=3 Start=4081938780968 End=4081938819112 Duration=38144
Task=59 Chunk=0 Start=4081937232350 End=4081937232442 Duration=92
Task=59 Chunk=1 Start=4081937232450 End=4081937232612 Duration=162
Task=59 Chunk=2 Start=4081938780922 End=4081938900191 Duration=119269
Task=59 Chunk=3 Start=4081938900197 End=4081938936827 Duration=36630
Task=60 Chunk=0 Start=4081937344125 End=4081937344294 Duration=169
Task=60 Chunk=1 Start=4081937344304 End=4081937344370 Duration=66
Task=60 Chunk=2 Start=4081938900192 End=4081939020587 Duration=120395
Task=60 Chunk=3 Start=4081939020684 End=4081939062259 Duration=41575
Task=61 Chunk=0 Start=4081937454118 End=4081937454331 Duration=213
Task=61 Chunk=1 Start=4081937454338 End=4081937454393 Duration=55
Task=61 Chunk=2 Start=4081939020597 End=4081939141973 Duration=121376
Task=61 Chunk=3 Start=4081939142148 End=4081939184027 Duration=41879
Task=62 Chunk=0 Start=4081937566407 End=4081937566625 Duration=218
Task=62 Chunk=1 Start=4081937566635 End=4081937566708 Duration=73
Task=62 Chunk=2 Start=4081939141975 End=4081939266308 Duration=124333
Task=62 Chunk=3 Start=4081939266340 End=4081939304063 Duration=37723
Task=63 Chunk=0 Start=4081937678893 End=4081937679082 Duration=189
Task=63 Chunk=1 Start=4081937679094 End=4081937679178 Duration=84
Task=63 Chunk=2 Start=4081939266322 End=4081939386824 Duration=120502
Task=63 Chunk=3 Start=4081939386836 End=4081939425030 Duration=38194
Task=64 Chunk=0 Start=4081937792204 End=4081937792416 Duration=212
Task=64 Chunk=1 Start=4081937792424 End=4081937792484 Duration=60
Task=64 Chunk=2 Start=4081939386825 End=4081939507968 Duration=121143
Task=64 Chunk=3 Start=4081939508002 End=4081940089169 Duration=581167
Task=65 Chunk=0 Start=4081937901226 End=4081937901492 Duration=266
Task=65 Chunk=1 Start=4081937901501 End=4081937901576 Duration=75
Task=65 Chunk=2 Start=4081939507980 End=4081939620076 Duration=112096
Task=65 Chunk=3 Start=4081940089181 End=4081940126154 Duration=36973
Task=66 Chunk=0 Start=4081938023412 End=4081938023596 Duration=184
Task=66 Chunk=1 Start=4081938023607 End=4081938023668 Duration=61
Task=66 Chunk=2 Start=4081939620077 End=4081939731394 Duration=111317
Task=66 Chunk=3 Start=4081940126176 End=4081940162983 Duration=36807
Task=67 Chunk=0 Start=4081938130710 End=4081938130940 Duration=230
Task=67 Chunk=1 Start=4081938130945 End=4081938130996 Duration=51
Task=67 Chunk=2 Start=4081939731404 End=4081939844757 Duration=113353
Task=67 Chunk=3 Start=4081940162989 End=4081940197881 Duration=34892
Task=68 Chunk=0 Start=4081938243056 End=4081938243265 Duration=209
Task=68 Chunk=1 Start=4081938243274 End=4081938243352 Duration=78
Task=68 Chunk=2 Start=4081939844757 End=4081939960314 Duration=115557
Task=68 Chunk=3 Start=4081940197896 End=4081940231326 Duration=33430
Task=69 Chunk=0 Start=4081938356684 End=4081938356955 Duration=271
Task=69 Chunk=1 Start=4081938356968 End=4081938357043 Duration=75
Task=69 Chunk=2 Start=4081939960320 End=4081940072715 Duration=112395
Task=69 Chunk=3 Start=4081940231343 End=4081940268419 Duration=37076
Task=70 Chunk=0 Start=4081938474604 End=4081938474803 Duration=199
Task=70 Chunk=1 Start=4081938474816 End=4081938474874 Duration=58
Task=70 Chunk=2 Start=4081940072717 End=4081940177442 Duration=104725
Task=70 Chunk=3 Start=4081940268429 End=4081940303435 Duration=35006
Task=71 Chunk=0 Start=4081938591353 End=4081938591550 Duration=197
Task=71 Chunk=1 Start=4081938591559 End=4081938591633 Duration=74
Task=71 Chunk=2 Start=4081940177443 End=4081940280322 Duration=102879
Task=71 Chunk=3 Start=4081940303455 End=4081940338463 Duration=35008
Task=72 Chunk=0 Start=4081938706742 End=4081938706973 Duration=231
Task=72 Chunk=1 Start=4081938706986 End=4081938707064 Duration=78
Task=72 Chunk=2 Start=4081940280323 End=4081940389664 Duration=109341
Task=72 Chunk=3 Start=4081940389689 End=4081940427248 Duration=37559
Task=73 Chunk=0 Start=4081938819138 End=4081938819383 Duration=245
Task=73 Chunk=1 Start=4081938819396 End=4081938819474 Duration=78
Task=73 Chunk=2 Start=4081940389673 End=4081940503626 Duration=113953
Task=73 Chunk=3 Start=4081940503652 End=4081940545945 Duration=42293
Task=74 Chunk=0 Start=4081938936876 End=4081938937100 Duration=224
Task=74 Chunk=1 Start=4081938937104 End=4081938937180 Duration=76
Task=74 Chunk=2 Start=4081940503630 End=4081940615103 Duration=111473
Task=74 Chunk=3 Start=4081940615146 End=4081940653063 Duration=37917
Task=75 Chunk=0 Start=4081939062308 End=4081939062530 Duration=222
Task=75 Chunk=1 Start=4081939062535 End=4081939062613 Duration=78
Task=75 Chunk=2 Start=4081940615114 End=4081940729232 Duration=114118
Task=75 Chunk=3 Start=4081940729257 End=4081940772459 Duration=43202
Task=76 Chunk=0 Start=4081939184056 End=4081939184314 Duration=258
Task=76 Chunk=1 Start=4081939184328 End=4081939184410 Duration=82
Task=76 Chunk=2 Start=4081940729239 End=4081940842304 Duration=113065
Task=76 Chunk=3 Start=4081940842339 End=4081940877762 Duration=35423
Task=77 Chunk=0 Start=4081939304085 End=4081939304309 Duration=224
Task=77 Chunk=1 Start=4081939304321 End=4081939304392 Duration=71
Task=77 Chunk=2 Start=4081940842304 End=4081940955525 Duration=113221
Task=77 Chunk=3 Start=4081940955548 End=4081940993341 Duration=37793
Task=78 Chunk=0 Start=4081939425051 End=4081939425309 Duration=258
Task=78 Chunk=1 Start=4081939425321 End=4081939425398 Duration=77
Task=78 Chunk=2 Start=4081940955527 End=4081941068389 Duration=112862
Task=78 Chunk=3 Start=4081941070470 End=4081941107074 Duration=36604
Task=79 Chunk=0 Start=4081940089197 End=4081940089547 Duration=350
Task=79 Chunk=1 Start=4081940089557 End=4081940089652 Duration=95
Task=79 Chunk=2 Start=4081941068394 End=4081941180980 Duration=112586
Task=79 Chunk=3 Start=4081941181057 End=4081941223499 Duration=42442
Task=80 Chunk=0 Start=4081940126186 End=4081940126356 Duration=170
Task=80 Chunk=1 Start=4081940126363 End=4081940126414 Duration=51
Task=80 Chunk=2 Start=4081941180990 End=4081941293084 Duration=112094
Task=80 Chunk=3 Start=4081941295173 End=4081941334313 Duration=39140
Task=81 Chunk=0 Start=4081940163007 End=4081940163119 Duration=112
Task=81 Chunk=1 Start=4081940163132 End=4081940163236 Duration=104
Task=81 Chunk=2 Start=4081941293089 End=4081941406022 Duration=112933
Task=81 Chunk=3 Start=4081941408319 End=4081941446998 Duration=38679
Task=82 Chunk=0 Start=4081940197901 End=4081940198058 Duration=157
Task=82 Chunk=1 Start=4081940198065 End=4081940198141 Duration=76
Task=82 Chunk=2 Start=4081941406027 End=4081941524888 Duration=118861
Task=82 Chunk=3 Start=4081941524926 End=4081941565505 Duration=40579
Task=83 Chunk=0 Start=4081940231364 End=4081940231570 Duration=206
Task=83 Chunk=1 Start=4081940231578 End=4081940231621 Duration=43
Task=83 Chunk=2 Start=4081941524897 End=4081941644020 Duration=119123
Task=83 Chunk=3 Start=4081941644026 End=4081941684587 Duration=40561
Task=84 Chunk=0 Start=4081940268428 End=4081940268553 Duration=125
Task=84 Chunk=1 Start=4081940268564 End=4081940268636 Duration=72
Task=84 Chunk=2 Start=4081941644022 End=4081941766062 Duration=122040
Task=84 Chunk=3 Start=4081941766075 End=4081941804609 Duration=38534
Task=85 Chunk=0 Start=4081940303472 End=4081940303569 Duration=97
Task=85 Chunk=1 Start=4081940303576 End=4081940303698 Duration=122
Task=85 Chunk=2 Start=4081941766064 End=4081941884991 Duration=118927
Task=85 Chunk=3 Start=4081941885014 End=4081941921553 Duration=36539
Task=86 Chunk=0 Start=4081940338491 End=4081940338595 Duration=104
Task=86 Chunk=1 Start=4081940338609 End=4081940338662 Duration=53
Task=86 Chunk=2 Start=4081941884997 End=4081942008940 Duration=123943
Task=86 Chunk=3 Start=4081942008950 End=4081942044025 Duration=35075
Task=87 Chunk=0 Start=4081940427261 End=4081940427499 Duration=238
Task=87 Chunk=1 Start=4081940427505 End=4081940427579 Duration=74
Task=87 Chunk=2 Start=4081942008945 End=4081942124761 Duration=115816
Task=87 Chunk=3 Start=4081942124781 End=4081942158659 Duration=33878
Task=88 Chunk=0 Start=4081940545972 End=4081940547676 Duration=1704
Task=88 Chunk=1 Start=4081940547681 End=4081940547764 Duration=83
Task=88 Chunk=2 Start=4081942124762 End=4081942242194 Duration=117432
Task=88 Chunk=3 Start=4081942242217 End=4081942276051 Duration=33834
Task=89 Chunk=0 Start=4081940653088 End=4081940653288 Duration=200
Task=89 Chunk=1 Start=4081940653296 End=4081940653376 Duration=80
Task=89 Chunk=2 Start=4081942242202 End=4081942359381 Duration=117179
Task=89 Chunk=3 Start=4081942359400 End=4081942393600 Duration=34200
Task=90 Chunk=0 Start=4081940772491 End=4081940772755 Duration=264
Task=90 Chunk=1 Start=4081940772760 End=4081940772838 Duration=78
Task=90 Chunk=2 Start=4081942359387 End=4081942472652 Duration=113265
Task=90 Chunk=3 Start=4081942472680 End=4081942506037 Duration=33357
Task=91 Chunk=0 Start=4081940877800 End=4081940878065 Duration=265
Task=91 Chunk=1 Start=4081940878069 End=4081940878138 Duration=69
Task=91 Chunk=2 Start=4081942472658 End=4081942585259 Duration=112601
Task=91 Chunk=3 Start=4081942585277 End=4081942620049 Duration=34772
Task=92 Chunk=0 Start=4081940993359 End=4081940993563 Duration=204
Task=92 Chunk=1 Start=4081940993572 End=4081940993652 Duration=80
Task=92 Chunk=2 Start=4081942585267 End=4081942699717 Duration=114450
Task=92 Chunk=3 Start=4081942699742 End=4081942735638 Duration=35896
Task=93 Chunk=0 Start=4081941107090 End=4081941107347 Duration=257
Task=93 Chunk=1 Start=4081941107356 End=4081941107440 Duration=84
Task=93 Chunk=2 Start=4081942699724 End=4081942819322 Duration=119598
Task=93 Chunk=3 Start=4081942819330 End=4081942853198 Duration=33868
Task=94 Chunk=0 Start=4081941223536 End=4081941223690 Duration=154
Task=94 Chunk=1 Start=4081941223697 End=4081941223755 Duration=58
Task=94 Chunk=2 Start=4081942819324 End=4081942934784 Duration=115460
Task=94 Chunk=3 Start=4081942934811 End=4081942968565 Duration=33754
Task=95 Chunk=0 Start=4081941334355 End=4081941334542 Duration=187
Task=95 Chunk=1 Start=4081941334546 End=4081941334619 Duration=73
Task=95 Chunk=2 Start=4081942934790 End=4081943048587 Duration=113797
Task=95 Chunk=3 Start=4081943048603 End=4081943082927 Duration=34324
Task=96 Chunk=0 Start=4081941447047 End=4081941447253 Duration=206
Task=96 Chunk=1 Start=4081941447265 End=4081941447359 Duration=94
Task=96 Chunk=2 Start=4081943048593 End=4081943160999 Duration=112406
Task=96 Chunk=3 Start=4081943161007 End=4081943195014 Duration=34007
Task=97 Chunk=0 Start=4081941565559 End=4081941565815 Duration=256
Task=97 Chunk=1 Start=4081941565827 End=4081941565894 Duration=67
Task=97 Chunk=2 Start=4081943161003 End=4081943273562 Duration=112559
Task=97 Chunk=3 Start=4081943273592 End=4081943309026 Duration=35434
Task=98 Chunk=0 Start=4081941684626 End=4081941684871 Duration=245
Task=98 Chunk=1 Start=4081941684880 End=4081941684947 Duration=67
Task=98 Chunk=2 Start=4081943273563 End=4081943388915 Duration=115352
Task=98 Chunk=3 Start=4081943388924 End=4081943424180 Duration=35256
Task=99 Chunk=0 Start=4081941804653 End=4081941804870 Duration=217
Task=99 Chunk=1 Start=4081941804882 End=4081941804962 Duration=80
Task=99 Chunk=2 Start=4081943388921 End=4081943491964 Duration=103043
Task=99 Chunk=3 Start=4081943491979 End=4081943525210 Duration=33231
### Python End ###

--------------------------------
[2025-06-26 18:22:22.207] [info] Available Vulkan Layers:
[2025-06-26 18:22:22.207] [warning] Validation layer requested but not available, continuing without it...
[2025-06-26 18:22:22.210] [info] Using integrated GPU: Mali-G710
### Python Begin ###
Schedule_UID=SCH-M1B1G7-G6399-5ce4
Frequency=24576000 Hz
Task=0 Chunk=0 Start=4081949650990 End=4081949711558 Duration=60568
Task=0 Chunk=1 Start=4081949711587 End=4081949727681 Duration=16094
Task=0 Chunk=2 Start=4081949727723 End=4081949932880 Duration=205157
Task=1 Chunk=0 Start=4081949711569 End=4081949712474 Duration=905
Task=1 Chunk=1 Start=4081949727686 End=4081949728161 Duration=475
Task=1 Chunk=2 Start=4081949932882 End=4081950061623 Duration=128741
Task=2 Chunk=0 Start=4081949712475 End=4081949712598 Duration=123
Task=2 Chunk=1 Start=4081949728164 End=4081949728457 Duration=293
Task=2 Chunk=2 Start=4081950061624 End=4081950195268 Duration=133644
Task=3 Chunk=0 Start=4081949712598 End=4081949716348 Duration=3750
Task=3 Chunk=1 Start=4081949728457 End=4081949728710 Duration=253
Task=3 Chunk=2 Start=4081950195269 End=4081950325605 Duration=130336
Task=4 Chunk=0 Start=4081949716349 End=4081949716448 Duration=99
Task=4 Chunk=1 Start=4081949728714 End=4081949728961 Duration=247
Task=4 Chunk=2 Start=4081950325606 End=4081950456620 Duration=131014
Task=5 Chunk=0 Start=4081949716449 End=4081949716528 Duration=79
Task=5 Chunk=1 Start=4081949728962 End=4081949729209 Duration=247
Task=5 Chunk=2 Start=4081950456627 End=4081950591513 Duration=134886
Task=6 Chunk=0 Start=4081949716529 End=4081949716619 Duration=90
Task=6 Chunk=1 Start=4081949729211 End=4081949729453 Duration=242
Task=6 Chunk=2 Start=4081950591526 End=4081950723214 Duration=131688
Task=7 Chunk=0 Start=4081949716620 End=4081949716706 Duration=86
Task=7 Chunk=1 Start=4081949729456 End=4081949729701 Duration=245
Task=7 Chunk=2 Start=4081950723225 End=4081950858778 Duration=135553
Task=8 Chunk=0 Start=4081949716707 End=4081949716783 Duration=76
Task=8 Chunk=1 Start=4081949729701 End=4081949729947 Duration=246
Task=8 Chunk=2 Start=4081950858817 End=4081951001598 Duration=142781
Task=9 Chunk=0 Start=4081949716784 End=4081949716856 Duration=72
Task=9 Chunk=1 Start=4081949729948 End=4081949730194 Duration=246
Task=9 Chunk=2 Start=4081951001610 End=4081951127983 Duration=126373
Task=10 Chunk=0 Start=4081949716857 End=4081949716926 Duration=69
Task=10 Chunk=1 Start=4081949730195 End=4081949730437 Duration=242
Task=10 Chunk=2 Start=4081951127994 End=4081951257915 Duration=129921
Task=11 Chunk=0 Start=4081949716926 End=4081949716996 Duration=70
Task=11 Chunk=1 Start=4081949730438 End=4081949730684 Duration=246
Task=11 Chunk=2 Start=4081951257935 End=4081951389172 Duration=131237
Task=12 Chunk=0 Start=4081949716997 End=4081949717073 Duration=76
Task=12 Chunk=1 Start=4081949730685 End=4081949730928 Duration=243
Task=12 Chunk=2 Start=4081951389203 End=4081951528767 Duration=139564
Task=13 Chunk=0 Start=4081949717074 End=4081949717143 Duration=69
Task=13 Chunk=1 Start=4081949730928 End=4081949731176 Duration=248
Task=13 Chunk=2 Start=4081951528797 End=4081951666833 Duration=138036
Task=14 Chunk=0 Start=4081949717144 End=4081949717221 Duration=77
Task=14 Chunk=1 Start=4081949731176 End=4081949731422 Duration=246
Task=14 Chunk=2 Start=4081951666856 End=4081951805831 Duration=138975
Task=15 Chunk=0 Start=4081949934911 End=4081949935229 Duration=318
Task=15 Chunk=1 Start=4081949935371 End=4081949935884 Duration=513
Task=15 Chunk=2 Start=4081951805861 End=4081951943680 Duration=137819
Task=16 Chunk=0 Start=4081950063515 End=4081950063783 Duration=268
Task=16 Chunk=1 Start=4081950063831 End=4081950064245 Duration=414
Task=16 Chunk=2 Start=4081951943690 End=4081952086281 Duration=142591
Task=17 Chunk=0 Start=4081950197943 End=4081950198253 Duration=310
Task=17 Chunk=1 Start=4081950198324 End=4081950198733 Duration=409
Task=17 Chunk=2 Start=4081952086291 End=4081952225658 Duration=139367
Task=18 Chunk=0 Start=4081950327279 End=4081950327567 Duration=288
Task=18 Chunk=1 Start=4081950327631 End=4081950328034 Duration=403
Task=18 Chunk=2 Start=4081952225665 End=4081952366150 Duration=140485
Task=19 Chunk=0 Start=4081950458022 End=4081950458293 Duration=271
Task=19 Chunk=1 Start=4081950458362 End=4081950458741 Duration=379
Task=19 Chunk=2 Start=4081952366161 End=4081952505722 Duration=139561
Task=20 Chunk=0 Start=4081950591526 End=4081950591799 Duration=273
Task=20 Chunk=1 Start=4081950591812 End=4081950592146 Duration=334
Task=20 Chunk=2 Start=4081952505754 End=4081952644225 Duration=138471
Task=21 Chunk=0 Start=4081950723238 End=4081950723459 Duration=221
Task=21 Chunk=1 Start=4081950723517 End=4081950723830 Duration=313
Task=21 Chunk=2 Start=4081952644234 End=4081952782543 Duration=138309
Task=22 Chunk=0 Start=4081950858818 End=4081950858971 Duration=153
Task=22 Chunk=1 Start=4081950858988 End=4081950859212 Duration=224
Task=22 Chunk=2 Start=4081952782552 End=4081952919817 Duration=137265
Task=23 Chunk=0 Start=4081951001610 End=4081951001789 Duration=179
Task=23 Chunk=1 Start=4081951001796 End=4081951237702 Duration=235906
Task=23 Chunk=2 Start=4081952919856 End=4081953066654 Duration=146798
Task=24 Chunk=0 Start=4081951128009 End=4081951128101 Duration=92
Task=24 Chunk=1 Start=4081951237705 End=4081951237756 Duration=51
Task=24 Chunk=2 Start=4081953066687 End=4081953206795 Duration=140108
Task=25 Chunk=0 Start=4081951257951 End=4081951258042 Duration=91
Task=25 Chunk=1 Start=4081951258050 End=4081951258105 Duration=55
Task=25 Chunk=2 Start=4081953206810 End=4081953343838 Duration=137028
Task=26 Chunk=0 Start=4081951389206 End=4081951389294 Duration=88
Task=26 Chunk=1 Start=4081951389300 End=4081951389354 Duration=54
Task=26 Chunk=2 Start=4081953343851 End=4081953481873 Duration=138022
Task=27 Chunk=0 Start=4081951528812 End=4081951528901 Duration=89
Task=27 Chunk=1 Start=4081951528910 End=4081951528967 Duration=57
Task=27 Chunk=2 Start=4081953481896 End=4081953622760 Duration=140864
Task=28 Chunk=0 Start=4081951666859 End=4081951666964 Duration=105
Task=28 Chunk=1 Start=4081951666967 End=4081951667022 Duration=55
Task=28 Chunk=2 Start=4081953622789 End=4081953757227 Duration=134438
Task=29 Chunk=0 Start=4081951805881 End=4081951805975 Duration=94
Task=29 Chunk=1 Start=4081951805985 End=4081951806030 Duration=45
Task=29 Chunk=2 Start=4081953757238 End=4081953881814 Duration=124576
Task=30 Chunk=0 Start=4081951943710 End=4081951943798 Duration=88
Task=30 Chunk=1 Start=4081951943804 End=4081951943849 Duration=45
Task=30 Chunk=2 Start=4081953881823 End=4081954010112 Duration=128289
Task=31 Chunk=0 Start=4081952086304 End=4081952086394 Duration=90
Task=31 Chunk=1 Start=4081952086401 End=4081952086446 Duration=45
Task=31 Chunk=2 Start=4081954010122 End=4081954152221 Duration=142099
Task=32 Chunk=0 Start=4081952225683 End=4081952225772 Duration=89
Task=32 Chunk=1 Start=4081952225781 End=4081952225823 Duration=42
Task=32 Chunk=2 Start=4081954152230 End=4081954294707 Duration=142477
Task=33 Chunk=0 Start=4081952366160 End=4081952366251 Duration=91
Task=33 Chunk=1 Start=4081952366261 End=4081952366311 Duration=50
Task=33 Chunk=2 Start=4081954294719 End=4081954438121 Duration=143402
Task=34 Chunk=0 Start=4081952505755 End=4081952505846 Duration=91
Task=34 Chunk=1 Start=4081952505851 End=4081952505892 Duration=41
Task=34 Chunk=2 Start=4081954438130 End=4081954581334 Duration=143204
Task=35 Chunk=0 Start=4081952644250 End=4081952644344 Duration=94
Task=35 Chunk=1 Start=4081952644349 End=4081952644398 Duration=49
Task=35 Chunk=2 Start=4081954581344 End=4081954724450 Duration=143106
Task=36 Chunk=0 Start=4081952782552 End=4081952782640 Duration=88
Task=36 Chunk=1 Start=4081952782644 End=4081952782696 Duration=52
Task=36 Chunk=2 Start=4081954724461 End=4081954872037 Duration=147576
Task=37 Chunk=0 Start=4081952919856 End=4081952919946 Duration=90
Task=37 Chunk=1 Start=4081952919958 End=4081952920002 Duration=44
Task=37 Chunk=2 Start=4081954872045 End=4081955020342 Duration=148297
Task=38 Chunk=0 Start=4081953066699 End=4081953066790 Duration=91
Task=38 Chunk=1 Start=4081953066799 End=4081953066851 Duration=52
Task=38 Chunk=2 Start=4081955020355 End=4081955175772 Duration=155417
Task=39 Chunk=0 Start=4081953206815 End=4081953206904 Duration=89
Task=39 Chunk=1 Start=4081953206910 End=4081953206957 Duration=47
Task=39 Chunk=2 Start=4081955175795 End=4081955330143 Duration=154348
Task=40 Chunk=0 Start=4081953343855 End=4081953343948 Duration=93
Task=40 Chunk=1 Start=4081953343954 End=4081953344001 Duration=47
Task=40 Chunk=2 Start=4081955330153 End=4081955484003 Duration=153850
Task=41 Chunk=0 Start=4081953481895 End=4081953481984 Duration=89
Task=41 Chunk=1 Start=4081953481988 End=4081953482034 Duration=46
Task=41 Chunk=2 Start=4081955484012 End=4081955638317 Duration=154305
Task=42 Chunk=0 Start=4081953622794 End=4081953622881 Duration=87
Task=42 Chunk=1 Start=4081953622890 End=4081953622936 Duration=46
Task=42 Chunk=2 Start=4081955638328 End=4081955792005 Duration=153677
Task=43 Chunk=0 Start=4081953757257 End=4081953757385 Duration=128
Task=43 Chunk=1 Start=4081953757391 End=4081953757453 Duration=62
Task=43 Chunk=2 Start=4081955792034 End=4081955946772 Duration=154738
Task=44 Chunk=0 Start=4081953881843 End=4081953881929 Duration=86
Task=44 Chunk=1 Start=4081953881942 End=4081953881989 Duration=47
Task=44 Chunk=2 Start=4081955946798 End=4081956106533 Duration=159735
Task=45 Chunk=0 Start=4081954010126 End=4081954010219 Duration=93
Task=45 Chunk=1 Start=4081954010223 End=4081954010274 Duration=51
Task=45 Chunk=2 Start=4081956106566 End=4081956273247 Duration=166681
Task=46 Chunk=0 Start=4081954152244 End=4081954152334 Duration=90
Task=46 Chunk=1 Start=4081954152338 End=4081954152384 Duration=46
Task=46 Chunk=2 Start=4081956273257 End=4081956440896 Duration=167639
Task=47 Chunk=0 Start=4081954294737 End=4081954294826 Duration=89
Task=47 Chunk=1 Start=4081954294835 End=4081954294882 Duration=47
Task=47 Chunk=2 Start=4081956440905 End=4081956611325 Duration=170420
Task=48 Chunk=0 Start=4081954438146 End=4081954438251 Duration=105
Task=48 Chunk=1 Start=4081954438257 End=4081954438303 Duration=46
Task=48 Chunk=2 Start=4081956611333 End=4081956780811 Duration=169478
Task=49 Chunk=0 Start=4081954581364 End=4081954581452 Duration=88
Task=49 Chunk=1 Start=4081954581459 End=4081954581504 Duration=45
Task=49 Chunk=2 Start=4081956780820 End=4081956949901 Duration=169081
Task=50 Chunk=0 Start=4081954724468 End=4081954724559 Duration=91
Task=50 Chunk=1 Start=4081954724567 End=4081954724612 Duration=45
Task=50 Chunk=2 Start=4081956949910 End=4081957116649 Duration=166739
Task=51 Chunk=0 Start=4081954872046 End=4081954872137 Duration=91
Task=51 Chunk=1 Start=4081954872147 End=4081954872194 Duration=47
Task=51 Chunk=2 Start=4081957116657 End=4081957286118 Duration=169461
Task=52 Chunk=0 Start=4081955020372 End=4081955020497 Duration=125
Task=52 Chunk=1 Start=4081955020502 End=4081955020550 Duration=48
Task=52 Chunk=2 Start=4081957286127 End=4081957453528 Duration=167401
Task=53 Chunk=0 Start=4081955175810 End=4081955175928 Duration=118
Task=53 Chunk=1 Start=4081955175937 End=4081955175980 Duration=43
Task=53 Chunk=2 Start=4081957453537 End=4081957626412 Duration=172875
Task=54 Chunk=0 Start=4081955330163 End=4081955330271 Duration=108
Task=54 Chunk=1 Start=4081955330280 End=4081955330327 Duration=47
Task=54 Chunk=2 Start=4081957626422 End=4081957792950 Duration=166528
Task=55 Chunk=0 Start=4081955484021 End=4081955484114 Duration=93
Task=55 Chunk=1 Start=4081955484118 End=4081955484171 Duration=53
Task=55 Chunk=2 Start=4081957792958 End=4081957959143 Duration=166185
Task=56 Chunk=0 Start=4081955638328 End=4081955638416 Duration=88
Task=56 Chunk=1 Start=4081955638425 End=4081955638469 Duration=44
Task=56 Chunk=2 Start=4081957959152 End=4081958130219 Duration=171067
Task=57 Chunk=0 Start=4081955792033 End=4081955792229 Duration=196
Task=57 Chunk=1 Start=4081955792241 End=4081955792286 Duration=45
Task=57 Chunk=2 Start=4081958130229 End=4081958297117 Duration=166888
Task=58 Chunk=0 Start=4081955946802 End=4081955946936 Duration=134
Task=58 Chunk=1 Start=4081955946944 End=4081955946990 Duration=46
Task=58 Chunk=2 Start=4081958297127 End=4081958465642 Duration=168515
Task=59 Chunk=0 Start=4081956106565 End=4081956106665 Duration=100
Task=59 Chunk=1 Start=4081956106672 End=4081956106720 Duration=48
Task=59 Chunk=2 Start=4081958465679 End=4081958632448 Duration=166769
Task=60 Chunk=0 Start=4081956273257 End=4081956273351 Duration=94
Task=60 Chunk=1 Start=4081956273357 End=4081956273404 Duration=47
Task=60 Chunk=2 Start=4081958632460 End=4081958800203 Duration=167743
Task=61 Chunk=0 Start=4081956440915 End=4081956441009 Duration=94
Task=61 Chunk=1 Start=4081956441015 End=4081956441056 Duration=41
Task=61 Chunk=2 Start=4081958800213 End=4081958966867 Duration=166654
Task=62 Chunk=0 Start=4081956611348 End=4081956611434 Duration=86
Task=62 Chunk=1 Start=4081956611445 End=4081956611497 Duration=52
Task=62 Chunk=2 Start=4081958966876 End=4081959138591 Duration=171715
Task=63 Chunk=0 Start=4081956780819 End=4081956780912 Duration=93
Task=63 Chunk=1 Start=4081956780919 End=4081956780961 Duration=42
Task=63 Chunk=2 Start=4081959138602 End=4081959306681 Duration=168079
Task=64 Chunk=0 Start=4081956949910 End=4081956949998 Duration=88
Task=64 Chunk=1 Start=4081956950010 End=4081956950052 Duration=42
Task=64 Chunk=2 Start=4081959306690 End=4081959473980 Duration=167290
Task=65 Chunk=0 Start=4081957116661 End=4081957116753 Duration=92
Task=65 Chunk=1 Start=4081957116759 End=4081957116803 Duration=44
Task=65 Chunk=2 Start=4081959473989 End=4081959642622 Duration=168633
Task=66 Chunk=0 Start=4081957286141 End=4081957286238 Duration=97
Task=66 Chunk=1 Start=4081957286250 End=4081957286304 Duration=54
Task=66 Chunk=2 Start=4081959642631 End=4081959809052 Duration=166421
Task=67 Chunk=0 Start=4081957453543 End=4081957453640 Duration=97
Task=67 Chunk=1 Start=4081957453650 End=4081957453695 Duration=45
Task=67 Chunk=2 Start=4081959809064 End=4081959976043 Duration=166979
Task=68 Chunk=0 Start=4081957626431 End=4081957626521 Duration=90
Task=68 Chunk=1 Start=4081957626534 End=4081957626583 Duration=49
Task=68 Chunk=2 Start=4081959976054 End=4081960145260 Duration=169206
Task=69 Chunk=0 Start=4081957792971 End=4081957793059 Duration=88
Task=69 Chunk=1 Start=4081957793064 End=4081957793108 Duration=44
Task=69 Chunk=2 Start=4081960145269 End=4081960313307 Duration=168038
Task=70 Chunk=0 Start=4081957959157 End=4081957959246 Duration=89
Task=70 Chunk=1 Start=4081957959251 End=4081957959301 Duration=50
Task=70 Chunk=2 Start=4081960313315 End=4081960481772 Duration=168457
Task=71 Chunk=0 Start=4081958130241 End=4081958130334 Duration=93
Task=71 Chunk=1 Start=4081958130346 End=4081958130394 Duration=48
Task=71 Chunk=2 Start=4081960481782 End=4081960649747 Duration=167965
Task=72 Chunk=0 Start=4081958297131 End=4081958297227 Duration=96
Task=72 Chunk=1 Start=4081958297237 End=4081958297278 Duration=41
Task=72 Chunk=2 Start=4081960649757 End=4081960817659 Duration=167902
Task=73 Chunk=0 Start=4081958465683 End=4081958465771 Duration=88
Task=73 Chunk=1 Start=4081958465776 End=4081958465818 Duration=42
Task=73 Chunk=2 Start=4081960817668 End=4081960987119 Duration=169451
Task=74 Chunk=0 Start=4081958632464 End=4081958632548 Duration=84
Task=74 Chunk=1 Start=4081958632556 End=4081958632603 Duration=47
Task=74 Chunk=2 Start=4081960987144 End=4081961154119 Duration=166975
Task=75 Chunk=0 Start=4081958800213 End=4081958800301 Duration=88
Task=75 Chunk=1 Start=4081958800309 End=4081958800354 Duration=45
Task=75 Chunk=2 Start=4081961154129 End=4081961326506 Duration=172377
Task=76 Chunk=0 Start=4081958966879 End=4081958966992 Duration=113
Task=76 Chunk=1 Start=4081958967004 End=4081958967047 Duration=43
Task=76 Chunk=2 Start=4081961326518 End=4081961494093 Duration=167575
Task=77 Chunk=0 Start=4081959138601 End=4081959138692 Duration=91
Task=77 Chunk=1 Start=4081959138699 End=4081959138751 Duration=52
Task=77 Chunk=2 Start=4081961494104 End=4081961662921 Duration=168817
Task=78 Chunk=0 Start=4081959306710 End=4081959306802 Duration=92
Task=78 Chunk=1 Start=4081959306808 End=4081959306854 Duration=46
Task=78 Chunk=2 Start=4081961662929 End=4081961829661 Duration=166732
Task=79 Chunk=0 Start=4081959474003 End=4081959474095 Duration=92
Task=79 Chunk=1 Start=4081959474107 End=4081959474154 Duration=47
Task=79 Chunk=2 Start=4081961829669 End=4081961997081 Duration=167412
Task=80 Chunk=0 Start=4081959642636 End=4081959642725 Duration=89
Task=80 Chunk=1 Start=4081959642731 End=4081959642785 Duration=54
Task=80 Chunk=2 Start=4081961997088 End=4081962153986 Duration=156898
Task=81 Chunk=0 Start=4081959809067 End=4081959809163 Duration=96
Task=81 Chunk=1 Start=4081959809175 End=4081959809221 Duration=46
Task=81 Chunk=2 Start=4081962153995 End=4081962311528 Duration=157533
Task=82 Chunk=0 Start=4081959976071 End=4081959976157 Duration=86
Task=82 Chunk=1 Start=4081959976171 End=4081959976218 Duration=47
Task=82 Chunk=2 Start=4081962311535 End=4081962478951 Duration=167416
Task=83 Chunk=0 Start=4081960145278 End=4081960145387 Duration=109
Task=83 Chunk=1 Start=4081960145394 End=4081960145438 Duration=44
Task=83 Chunk=2 Start=4081962478963 End=4081962646586 Duration=167623
Task=84 Chunk=0 Start=4081960313321 End=4081960313407 Duration=86
Task=84 Chunk=1 Start=4081960313418 End=4081960313463 Duration=45
Task=84 Chunk=2 Start=4081962646595 End=4081962812856 Duration=166261
Task=85 Chunk=0 Start=4081960481802 End=4081960481897 Duration=95
Task=85 Chunk=1 Start=4081960481910 End=4081960481955 Duration=45
Task=85 Chunk=2 Start=4081962812867 End=4081963016101 Duration=203234
Task=86 Chunk=0 Start=4081960649757 End=4081960649843 Duration=86
Task=86 Chunk=1 Start=4081960649855 End=4081960649906 Duration=51
Task=86 Chunk=2 Start=4081963016162 End=4081963223741 Duration=207579
Task=87 Chunk=0 Start=4081960817680 End=4081960817768 Duration=88
Task=87 Chunk=1 Start=4081960817780 End=4081960817822 Duration=42
Task=87 Chunk=2 Start=4081963223760 End=4081963430062 Duration=206302
Task=88 Chunk=0 Start=4081960987163 End=4081960987249 Duration=86
Task=88 Chunk=1 Start=4081960987255 End=4081960987308 Duration=53
Task=88 Chunk=2 Start=4081963430098 End=4081963643569 Duration=213471
Task=89 Chunk=0 Start=4081961154134 End=4081961154249 Duration=115
Task=89 Chunk=1 Start=4081961154263 End=4081961154310 Duration=47
Task=89 Chunk=2 Start=4081963643606 End=4081963856574 Duration=212968
Task=90 Chunk=0 Start=4081961326530 End=4081961326642 Duration=112
Task=90 Chunk=1 Start=4081961326648 End=4081961326693 Duration=45
Task=90 Chunk=2 Start=4081963856595 End=4081964074273 Duration=217678
Task=91 Chunk=0 Start=4081961494108 End=4081961494221 Duration=113
Task=91 Chunk=1 Start=4081961494226 End=4081961494271 Duration=45
Task=91 Chunk=2 Start=4081964074290 End=4081964295932 Duration=221642
Task=92 Chunk=0 Start=4081961662947 End=4081961663030 Duration=83
Task=92 Chunk=1 Start=4081961663036 End=4081961663082 Duration=46
Task=92 Chunk=2 Start=4081964295956 End=4081964509326 Duration=213370
Task=93 Chunk=0 Start=4081961829693 End=4081961829845 Duration=152
Task=93 Chunk=1 Start=4081961829852 End=4081961829901 Duration=49
Task=93 Chunk=2 Start=4081964509342 End=4081964719340 Duration=209998
Task=94 Chunk=0 Start=4081961997090 End=4081961997178 Duration=88
Task=94 Chunk=1 Start=4081961997188 End=4081961997235 Duration=47
Task=94 Chunk=2 Start=4081964719356 End=4081964949152 Duration=229796
Task=95 Chunk=0 Start=4081962154014 End=4081962154111 Duration=97
Task=95 Chunk=1 Start=4081962154119 End=4081962154166 Duration=47
Task=95 Chunk=2 Start=4081964949168 End=4081965180447 Duration=231279
Task=96 Chunk=0 Start=4081962311551 End=4081962311645 Duration=94
Task=96 Chunk=1 Start=4081962311656 End=4081962311701 Duration=45
Task=96 Chunk=2 Start=4081965180465 End=4081965452948 Duration=272483
Task=97 Chunk=0 Start=4081962478967 End=4081962479057 Duration=90
Task=97 Chunk=1 Start=4081962479067 End=4081962479115 Duration=48
Task=97 Chunk=2 Start=4081965452965 End=4081965671399 Duration=218434
Task=98 Chunk=0 Start=4081962646597 End=4081962646689 Duration=92
Task=98 Chunk=1 Start=4081962646701 End=4081962646748 Duration=47
Task=98 Chunk=2 Start=4081965671517 End=4081965903046 Duration=231529
Task=99 Chunk=0 Start=4081962812882 End=4081962812971 Duration=89
Task=99 Chunk=1 Start=4081962812981 End=4081962813033 Duration=52
Task=99 Chunk=2 Start=4081965903068 End=4081966119783 Duration=216715
### Python End ###

--------------------------------
[2025-06-26 18:22:23.236] [info] Available Vulkan Layers:
[2025-06-26 18:22:23.237] [warning] Validation layer requested but not available, continuing without it...
[2025-06-26 18:22:23.243] [info] Using integrated GPU: Mali-G710
### Python Begin ###
Schedule_UID=SCH-B1L1G7-G6403-ee11
Frequency=24576000 Hz
Task=0 Chunk=0 Start=4081974920078 End=4081974956754 Duration=36676
Task=0 Chunk=1 Start=4081974957001 End=4081974970771 Duration=13770
Task=0 Chunk=2 Start=4081974970800 End=4081975196316 Duration=225516
Task=1 Chunk=0 Start=4081974956762 End=4081974962176 Duration=5414
Task=1 Chunk=1 Start=4081974970782 End=4081974971972 Duration=1190
Task=1 Chunk=2 Start=4081975196324 End=4081975370006 Duration=173682
Task=2 Chunk=0 Start=4081974962176 End=4081974962246 Duration=70
Task=2 Chunk=1 Start=4081974971975 End=4081974972993 Duration=1018
Task=2 Chunk=2 Start=4081975370026 End=4081975526973 Duration=156947
Task=3 Chunk=0 Start=4081974962247 End=4081974962284 Duration=37
Task=3 Chunk=1 Start=4081974972995 End=4081974974009 Duration=1014
Task=3 Chunk=2 Start=4081975526995 End=4081975675448 Duration=148453
Task=4 Chunk=0 Start=4081974962285 End=4081974962320 Duration=35
Task=4 Chunk=1 Start=4081974974011 End=4081974975000 Duration=989
Task=4 Chunk=2 Start=4081975675464 End=4081975819238 Duration=143774
Task=5 Chunk=0 Start=4081974962321 End=4081974962357 Duration=36
Task=5 Chunk=1 Start=4081974975001 End=4081974975988 Duration=987
Task=5 Chunk=2 Start=4081975819242 End=4081975966934 Duration=147692
Task=6 Chunk=0 Start=4081974962357 End=4081974962393 Duration=36
Task=6 Chunk=1 Start=4081974975989 End=4081974976979 Duration=990
Task=6 Chunk=2 Start=4081975966950 End=4081976110294 Duration=143344
Task=7 Chunk=0 Start=4081974962393 End=4081974962427 Duration=34
Task=7 Chunk=1 Start=4081974976980 End=4081974977963 Duration=983
Task=7 Chunk=2 Start=4081976110305 End=4081976260222 Duration=149917
Task=8 Chunk=0 Start=4081974962428 End=4081974962464 Duration=36
Task=8 Chunk=1 Start=4081974977965 End=4081974978955 Duration=990
Task=8 Chunk=2 Start=4081976260237 End=4081976408560 Duration=148323
Task=9 Chunk=0 Start=4081974962465 End=4081974962500 Duration=35
Task=9 Chunk=1 Start=4081974978958 End=4081974979944 Duration=986
Task=9 Chunk=2 Start=4081976408578 End=4081976558560 Duration=149982
Task=10 Chunk=0 Start=4081974962501 End=4081974962536 Duration=35
Task=10 Chunk=1 Start=4081974979945 End=4081974980928 Duration=983
Task=10 Chunk=2 Start=4081976558565 End=4081976709076 Duration=150511
Task=11 Chunk=0 Start=4081974962536 End=4081974962572 Duration=36
Task=11 Chunk=1 Start=4081974980929 End=4081974981909 Duration=980
Task=11 Chunk=2 Start=4081976709086 End=4081976858413 Duration=149327
Task=12 Chunk=0 Start=4081974962572 End=4081974962608 Duration=36
Task=12 Chunk=1 Start=4081974981910 End=4081974982894 Duration=984
Task=12 Chunk=2 Start=4081976858422 End=4081977004983 Duration=146561
Task=13 Chunk=0 Start=4081974962609 End=4081974962644 Duration=35
Task=13 Chunk=1 Start=4081974982895 End=4081974983872 Duration=977
Task=13 Chunk=2 Start=4081977004999 End=4081977158796 Duration=153797
Task=14 Chunk=0 Start=4081974962645 End=4081974962679 Duration=34
Task=14 Chunk=1 Start=4081974983873 End=4081974984861 Duration=988
Task=14 Chunk=2 Start=4081977158815 End=4081977310576 Duration=151761
Task=15 Chunk=0 Start=4081975458450 End=4081975458850 Duration=400
Task=15 Chunk=1 Start=4081975458876 End=4081975459429 Duration=553
Task=15 Chunk=2 Start=4081977310589 End=4081977465885 Duration=155296
Task=16 Chunk=0 Start=4081975458850 End=4081975458899 Duration=49
Task=16 Chunk=1 Start=4081975459438 End=4081975459621 Duration=183
Task=16 Chunk=2 Start=4081977465888 End=4081977615410 Duration=149522
Task=17 Chunk=0 Start=4081975527001 End=4081975527069 Duration=68
Task=17 Chunk=1 Start=4081975527086 End=4081975527302 Duration=216
Task=17 Chunk=2 Start=4081977615428 End=4081977769133 Duration=153705
Task=18 Chunk=0 Start=4081975675467 End=4081975675522 Duration=55
Task=18 Chunk=1 Start=4081975675559 End=4081975675853 Duration=294
Task=18 Chunk=2 Start=4081977769147 End=4081977926027 Duration=156880
Task=19 Chunk=0 Start=4081975819254 End=4081975819308 Duration=54
Task=19 Chunk=1 Start=4081975819328 End=4081975819585 Duration=257
Task=19 Chunk=2 Start=4081977926029 End=4081978058019 Duration=131990
Task=20 Chunk=0 Start=4081975966956 End=4081975967009 Duration=53
Task=20 Chunk=1 Start=4081975967043 End=4081975967306 Duration=263
Task=20 Chunk=2 Start=4081978058024 End=4081978211135 Duration=153111
Task=21 Chunk=0 Start=4081976110307 End=4081976110354 Duration=47
Task=21 Chunk=1 Start=4081976110385 End=4081976110638 Duration=253
Task=21 Chunk=2 Start=4081978211139 End=4081978368468 Duration=157329
Task=22 Chunk=0 Start=4081976260237 End=4081976260284 Duration=47
Task=22 Chunk=1 Start=4081976260294 End=4081976260561 Duration=267
Task=22 Chunk=2 Start=4081978368484 End=4081978529609 Duration=161125
Task=23 Chunk=0 Start=4081976408581 End=4081976408624 Duration=43
Task=23 Chunk=1 Start=4081976408632 End=4081976408876 Duration=244
Task=23 Chunk=2 Start=4081978529627 End=4081978696596 Duration=166969
Task=24 Chunk=0 Start=4081976558576 End=4081976558631 Duration=55
Task=24 Chunk=1 Start=4081976558643 End=4081976558910 Duration=267
Task=24 Chunk=2 Start=4081978696611 End=4081978866196 Duration=169585
Task=25 Chunk=0 Start=4081976709086 End=4081976709152 Duration=66
Task=25 Chunk=1 Start=4081976709167 End=4081976709432 Duration=265
Task=25 Chunk=2 Start=4081978866215 End=4081979035867 Duration=169652
Task=26 Chunk=0 Start=4081976858423 End=4081976858467 Duration=44
Task=26 Chunk=1 Start=4081976858488 End=4081976858736 Duration=248
Task=26 Chunk=2 Start=4081979035880 End=4081979206176 Duration=170296
Task=27 Chunk=0 Start=4081977005002 End=4081977005057 Duration=55
Task=27 Chunk=1 Start=4081977005091 End=4081977005339 Duration=248
Task=27 Chunk=2 Start=4081979206180 End=4081979373981 Duration=167801
Task=28 Chunk=0 Start=4081977158817 End=4081977158860 Duration=43
Task=28 Chunk=1 Start=4081977158892 End=4081977159135 Duration=243
Task=28 Chunk=2 Start=4081979373999 End=4081979540002 Duration=166003
Task=29 Chunk=0 Start=4081977310593 End=4081977310641 Duration=48
Task=29 Chunk=1 Start=4081977310669 End=4081977310916 Duration=247
Task=29 Chunk=2 Start=4081979540018 End=4081979713984 Duration=173966
Task=30 Chunk=0 Start=4081977465902 End=4081977465944 Duration=42
Task=30 Chunk=1 Start=4081977465965 End=4081977466218 Duration=253
Task=30 Chunk=2 Start=4081979714005 End=4081979891636 Duration=177631
Task=31 Chunk=0 Start=4081977615433 End=4081977615481 Duration=48
Task=31 Chunk=1 Start=4081977615495 End=4081977615744 Duration=249
Task=31 Chunk=2 Start=4081979891651 End=4081980072402 Duration=180751
Task=32 Chunk=0 Start=4081977769148 End=4081977769199 Duration=51
Task=32 Chunk=1 Start=4081977769209 End=4081977769451 Duration=242
Task=32 Chunk=2 Start=4081980072421 End=4081980253827 Duration=181406
Task=33 Chunk=0 Start=4081977926036 End=4081977926085 Duration=49
Task=33 Chunk=1 Start=4081977926091 End=4081977926364 Duration=273
Task=33 Chunk=2 Start=4081980253844 End=4081980432571 Duration=178727
Task=34 Chunk=0 Start=4081978058024 End=4081978058077 Duration=53
Task=34 Chunk=1 Start=4081978058100 End=4081978058499 Duration=399
Task=34 Chunk=2 Start=4081980432581 End=4081980609677 Duration=177096
Task=35 Chunk=0 Start=4081978211165 End=4081978211211 Duration=46
Task=35 Chunk=1 Start=4081978211227 End=4081978211499 Duration=272
Task=35 Chunk=2 Start=4081980609686 End=4081980778214 Duration=168528
Task=36 Chunk=0 Start=4081978368490 End=4081978368544 Duration=54
Task=36 Chunk=1 Start=4081978368572 End=4081978368810 Duration=238
Task=36 Chunk=2 Start=4081980778217 End=4081980992668 Duration=214451
Task=37 Chunk=0 Start=4081978529632 End=4081978529684 Duration=52
Task=37 Chunk=1 Start=4081978529696 End=4081978529956 Duration=260
Task=37 Chunk=2 Start=4081980992692 End=4081981180689 Duration=187997
Task=38 Chunk=0 Start=4081978696616 End=4081978696659 Duration=43
Task=38 Chunk=1 Start=4081978696690 End=4081978696951 Duration=261
Task=38 Chunk=2 Start=4081981180707 End=4081981355718 Duration=175011
Task=39 Chunk=0 Start=4081978866217 End=4081978866263 Duration=46
Task=39 Chunk=1 Start=4081978866285 End=4081978866540 Duration=255
Task=39 Chunk=2 Start=4081981355740 End=4081981532828 Duration=177088
Task=40 Chunk=0 Start=4081979035882 End=4081979035936 Duration=54
Task=40 Chunk=1 Start=4081979035953 End=4081979036212 Duration=259
Task=40 Chunk=2 Start=4081981532833 End=4081981707096 Duration=174263
Task=41 Chunk=0 Start=4081979206199 End=4081979206251 Duration=52
Task=41 Chunk=1 Start=4081979206269 End=4081979206516 Duration=247
Task=41 Chunk=2 Start=4081981707111 End=4081981880692 Duration=173581
Task=42 Chunk=0 Start=4081979373999 End=4081979374044 Duration=45
Task=42 Chunk=1 Start=4081979374060 End=4081979374299 Duration=239
Task=42 Chunk=2 Start=4081981880712 End=4081982058695 Duration=177983
Task=43 Chunk=0 Start=4081979540020 End=4081979540065 Duration=45
Task=43 Chunk=1 Start=4081979540096 End=4081979540347 Duration=251
Task=43 Chunk=2 Start=4081982058711 End=4081982234516 Duration=175805
Task=44 Chunk=0 Start=4081979714011 End=4081979714056 Duration=45
Task=44 Chunk=1 Start=4081979714084 End=4081979714343 Duration=259
Task=44 Chunk=2 Start=4081982234542 End=4081982410842 Duration=176300
Task=45 Chunk=0 Start=4081979891655 End=4081979891703 Duration=48
Task=45 Chunk=1 Start=4081979891712 End=4081979891955 Duration=243
Task=45 Chunk=2 Start=4081982410865 End=4081982594225 Duration=183360
Task=46 Chunk=0 Start=4081980072426 End=4081980072477 Duration=51
Task=46 Chunk=1 Start=4081980072498 End=4081980072746 Duration=248
Task=46 Chunk=2 Start=4081982594242 End=4081982767407 Duration=173165
Task=47 Chunk=0 Start=4081980253846 End=4081980253892 Duration=46
Task=47 Chunk=1 Start=4081980253909 End=4081980254183 Duration=274
Task=47 Chunk=2 Start=4081982767425 End=4081982946152 Duration=178727
Task=48 Chunk=0 Start=4081980432588 End=4081980432638 Duration=50
Task=48 Chunk=1 Start=4081980432663 End=4081980432918 Duration=255
Task=48 Chunk=2 Start=4081982946169 End=4081983122246 Duration=176077
Task=49 Chunk=0 Start=4081980609692 End=4081980609736 Duration=44
Task=49 Chunk=1 Start=4081980609749 End=4081980610010 Duration=261
Task=49 Chunk=2 Start=4081983122255 End=4081983291081 Duration=168826
Task=50 Chunk=0 Start=4081980778232 End=4081980778291 Duration=59
Task=50 Chunk=1 Start=4081980778311 End=4081980778589 Duration=278
Task=50 Chunk=2 Start=4081983291099 End=4081983465218 Duration=174119
Task=51 Chunk=0 Start=4081980992697 End=4081980992736 Duration=39
Task=51 Chunk=1 Start=4081980992772 End=4081980993192 Duration=420
Task=51 Chunk=2 Start=4081983465238 End=4081983647299 Duration=182061
Task=52 Chunk=0 Start=4081981180708 End=4081981180756 Duration=48
Task=52 Chunk=1 Start=4081981180761 End=4081981181091 Duration=330
Task=52 Chunk=2 Start=4081983647309 End=4081983821555 Duration=174246
Task=53 Chunk=0 Start=4081981355740 End=4081981355781 Duration=41
Task=53 Chunk=1 Start=4081981355815 End=4081981356099 Duration=284
Task=53 Chunk=2 Start=4081983821568 End=4081984000802 Duration=179234
Task=54 Chunk=0 Start=4081981532844 End=4081981532894 Duration=50
Task=54 Chunk=1 Start=4081981532933 End=4081981533191 Duration=258
Task=54 Chunk=2 Start=4081984000824 End=4081984174975 Duration=174151
Task=55 Chunk=0 Start=4081981707118 End=4081981707161 Duration=43
Task=55 Chunk=1 Start=4081981707182 End=4081981707426 Duration=244
Task=55 Chunk=2 Start=4081984174998 End=4081984353452 Duration=178454
Task=56 Chunk=0 Start=4081981880717 End=4081981880774 Duration=57
Task=56 Chunk=1 Start=4081981880808 End=4081981881100 Duration=292
Task=56 Chunk=2 Start=4081984353469 End=4081984531518 Duration=178049
Task=57 Chunk=0 Start=4081982058715 End=4081982058806 Duration=91
Task=57 Chunk=1 Start=4081982058841 End=4081982059096 Duration=255
Task=57 Chunk=2 Start=4081984531532 End=4081984705530 Duration=173998
Task=58 Chunk=0 Start=4081982234550 End=4081982234644 Duration=94
Task=58 Chunk=1 Start=4081982234665 End=4081982234917 Duration=252
Task=58 Chunk=2 Start=4081984705548 End=4081984884972 Duration=179424
Task=59 Chunk=0 Start=4081982410870 End=4081982410952 Duration=82
Task=59 Chunk=1 Start=4081982410974 End=4081982411225 Duration=251
Task=59 Chunk=2 Start=4081984884988 End=4081985057359 Duration=172371
Task=60 Chunk=0 Start=4081982594242 End=4081982594317 Duration=75
Task=60 Chunk=1 Start=4081982594336 End=4081982594595 Duration=259
Task=60 Chunk=2 Start=4081985057363 End=4081985235746 Duration=178383
Task=61 Chunk=0 Start=4081982767429 End=4081982767521 Duration=92
Task=61 Chunk=1 Start=4081982767544 End=4081982767787 Duration=243
Task=61 Chunk=2 Start=4081985235759 End=4081985416999 Duration=181240
Task=62 Chunk=0 Start=4081982946174 End=4081982946273 Duration=99
Task=62 Chunk=1 Start=4081982946311 End=4081982946566 Duration=255
Task=62 Chunk=2 Start=4081985417023 End=4081985591499 Duration=174476
Task=63 Chunk=0 Start=4081983122257 End=4081983122359 Duration=102
Task=63 Chunk=1 Start=4081983122380 End=4081983122621 Duration=241
Task=63 Chunk=2 Start=4081985591512 End=4081985769432 Duration=177920
Task=64 Chunk=0 Start=4081983291100 End=4081983291218 Duration=118
Task=64 Chunk=1 Start=4081983291247 End=4081983291479 Duration=232
Task=64 Chunk=2 Start=4081985769443 End=4081985944237 Duration=174794
Task=65 Chunk=0 Start=4081983465239 End=4081983465321 Duration=82
Task=65 Chunk=1 Start=4081983465359 End=4081983465603 Duration=244
Task=65 Chunk=2 Start=4081985944257 End=4081986118452 Duration=174195
Task=66 Chunk=0 Start=4081983647315 End=4081983647414 Duration=99
Task=66 Chunk=1 Start=4081983647429 End=4081983647664 Duration=235
Task=66 Chunk=2 Start=4081986118472 End=4081986298766 Duration=180294
Task=67 Chunk=0 Start=4081983821568 End=4081983821659 Duration=91
Task=67 Chunk=1 Start=4081983821683 End=4081983821919 Duration=236
Task=67 Chunk=2 Start=4081986298781 End=4081986472946 Duration=174165
Task=68 Chunk=0 Start=4081984000825 End=4081984000939 Duration=114
Task=68 Chunk=1 Start=4081984000954 End=4081984001218 Duration=264
Task=68 Chunk=2 Start=4081986472960 End=4081986648021 Duration=175061
Task=69 Chunk=0 Start=4081984175004 End=4081984175084 Duration=80
Task=69 Chunk=1 Start=4081984175102 End=4081984175347 Duration=245
Task=69 Chunk=2 Start=4081986648039 End=4081986823401 Duration=175362
Task=70 Chunk=0 Start=4081984353469 End=4081984353557 Duration=88
Task=70 Chunk=1 Start=4081984353596 End=4081984353842 Duration=246
Task=70 Chunk=2 Start=4081986823416 End=4081986997319 Duration=173903
Task=71 Chunk=0 Start=4081984531532 End=4081984531618 Duration=86
Task=71 Chunk=1 Start=4081984531637 End=4081984531883 Duration=246
Task=71 Chunk=2 Start=4081986997333 End=4081987175108 Duration=177775
Task=72 Chunk=0 Start=4081984705548 End=4081984705642 Duration=94
Task=72 Chunk=1 Start=4081984705663 End=4081984705902 Duration=239
Task=72 Chunk=2 Start=4081987175118 End=4081987417850 Duration=242732
Task=73 Chunk=0 Start=4081984884993 End=4081984885085 Duration=92
Task=73 Chunk=1 Start=4081984885103 End=4081984885343 Duration=240
Task=73 Chunk=2 Start=4081987417855 End=4081987594439 Duration=176584
Task=74 Chunk=0 Start=4081985057392 End=4081985057485 Duration=93
Task=74 Chunk=1 Start=4081985057498 End=4081985057744 Duration=246
Task=74 Chunk=2 Start=4081987594461 End=4081987775341 Duration=180880
Task=75 Chunk=0 Start=4081985235764 End=4081985235850 Duration=86
Task=75 Chunk=1 Start=4081985235887 End=4081985236147 Duration=260
Task=75 Chunk=2 Start=4081987775345 End=4081987948754 Duration=173409
Task=76 Chunk=0 Start=4081985417029 End=4081985417107 Duration=78
Task=76 Chunk=1 Start=4081985417138 End=4081985417420 Duration=282
Task=76 Chunk=2 Start=4081987948760 End=4081988127585 Duration=178825
Task=77 Chunk=0 Start=4081985591514 End=4081985591579 Duration=65
Task=77 Chunk=1 Start=4081985591615 End=4081985591861 Duration=246
Task=77 Chunk=2 Start=4081988127602 End=4081988300948 Duration=173346
Task=78 Chunk=0 Start=4081985769442 End=4081985769501 Duration=59
Task=78 Chunk=1 Start=4081985769528 End=4081985769763 Duration=235
Task=78 Chunk=2 Start=4081988300967 End=4081988492486 Duration=191519
Task=79 Chunk=0 Start=4081985944263 End=4081985944351 Duration=88
Task=79 Chunk=1 Start=4081985944386 End=4081985944638 Duration=252
Task=79 Chunk=2 Start=4081988492503 End=4081988674311 Duration=181808
Task=80 Chunk=0 Start=4081986118472 End=4081986118534 Duration=62
Task=80 Chunk=1 Start=4081986118564 End=4081986118830 Duration=266
Task=80 Chunk=2 Start=4081988674328 End=4081988857355 Duration=183027
Task=81 Chunk=0 Start=4081986298783 End=4081986298883 Duration=100
Task=81 Chunk=1 Start=4081986298910 End=4081986299212 Duration=302
Task=81 Chunk=2 Start=4081988857376 End=4081989037731 Duration=180355
Task=82 Chunk=0 Start=4081986472960 End=4081986473037 Duration=77
Task=82 Chunk=1 Start=4081986473064 End=4081986473326 Duration=262
Task=82 Chunk=2 Start=4081989037752 End=4081989215612 Duration=177860
Task=83 Chunk=0 Start=4081986648039 End=4081986648118 Duration=79
Task=83 Chunk=1 Start=4081986648135 End=4081986648398 Duration=263
Task=83 Chunk=2 Start=4081989215629 End=4081989400183 Duration=184554
Task=84 Chunk=0 Start=4081986823417 End=4081986823512 Duration=95
Task=84 Chunk=1 Start=4081986823552 End=4081986823803 Duration=251
Task=84 Chunk=2 Start=4081989400197 End=4081989575737 Duration=175540
Task=85 Chunk=0 Start=4081986997334 End=4081986997430 Duration=96
Task=85 Chunk=1 Start=4081986997442 End=4081986997694 Duration=252
Task=85 Chunk=2 Start=4081989575742 End=4081989741746 Duration=166004
Task=86 Chunk=0 Start=4081987175118 End=4081987175207 Duration=89
Task=86 Chunk=1 Start=4081987175244 End=4081987175496 Duration=252
Task=86 Chunk=2 Start=4081989741751 End=4081989925026 Duration=183275
Task=87 Chunk=0 Start=4081987417877 End=4081987417965 Duration=88
Task=87 Chunk=1 Start=4081987417999 End=4081987418251 Duration=252
Task=87 Chunk=2 Start=4081989925032 End=4081990107547 Duration=182515
Task=88 Chunk=0 Start=4081987594468 End=4081987594556 Duration=88
Task=88 Chunk=1 Start=4081987594569 End=4081987594821 Duration=252
Task=88 Chunk=2 Start=4081990107553 End=4081990291580 Duration=184027
Task=89 Chunk=0 Start=4081987775351 End=4081987775442 Duration=91
Task=89 Chunk=1 Start=4081987775458 End=4081987775702 Duration=244
Task=89 Chunk=2 Start=4081990291586 End=4081990469400 Duration=177814
Task=90 Chunk=0 Start=4081987948776 End=4081987948867 Duration=91
Task=90 Chunk=1 Start=4081987948905 End=4081987949144 Duration=239
Task=90 Chunk=2 Start=4081990469405 End=4081990657622 Duration=188217
Task=91 Chunk=0 Start=4081988127606 End=4081988127694 Duration=88
Task=91 Chunk=1 Start=4081988127717 End=4081988127956 Duration=239
Task=91 Chunk=2 Start=4081990657628 End=4081990843295 Duration=185667
Task=92 Chunk=0 Start=4081988300970 End=4081988301075 Duration=105
Task=92 Chunk=1 Start=4081988301088 End=4081988301343 Duration=255
Task=92 Chunk=2 Start=4081990843301 End=4081991025439 Duration=182138
Task=93 Chunk=0 Start=4081988492506 End=4081988492594 Duration=88
Task=93 Chunk=1 Start=4081988492628 End=4081988492874 Duration=246
Task=93 Chunk=2 Start=4081991025444 End=4081991209161 Duration=183717
Task=94 Chunk=0 Start=4081988674333 End=4081988674436 Duration=103
Task=94 Chunk=1 Start=4081988674472 End=4081988674718 Duration=246
Task=94 Chunk=2 Start=4081991209165 End=4081991390941 Duration=181776
Task=95 Chunk=0 Start=4081988857376 End=4081988857463 Duration=87
Task=95 Chunk=1 Start=4081988857477 End=4081988857741 Duration=264
Task=95 Chunk=2 Start=4081991390947 End=4081991575122 Duration=184175
Task=96 Chunk=0 Start=4081989037758 End=4081989037843 Duration=85
Task=96 Chunk=1 Start=4081989037867 End=4081989038115 Duration=248
Task=96 Chunk=2 Start=4081991575127 End=4081991766211 Duration=191084
Task=97 Chunk=0 Start=4081989215629 End=4081989215678 Duration=49
Task=97 Chunk=1 Start=4081989215695 End=4081989215945 Duration=250
Task=97 Chunk=2 Start=4081991766217 End=4081991954961 Duration=188744
Task=98 Chunk=0 Start=4081989400202 End=4081989400255 Duration=53
Task=98 Chunk=1 Start=4081989400270 End=4081989400531 Duration=261
Task=98 Chunk=2 Start=4081991954966 End=4081992139673 Duration=184707
Task=99 Chunk=0 Start=4081989575759 End=4081989575819 Duration=60
Task=99 Chunk=1 Start=4081989575828 End=4081989576754 Duration=926
Task=99 Chunk=2 Start=4081992139678 End=4081992321865 Duration=182187
### Python End ###

--------------------------------
[2025-06-26 18:22:24.193] [info] Available Vulkan Layers:
[2025-06-26 18:22:24.193] [warning] Validation layer requested but not available, continuing without it...
[2025-06-26 18:22:24.195] [info] Using integrated GPU: Mali-G710
### Python Begin ###
Schedule_UID=SCH-M2G7-G6510-760f
Frequency=24576000 Hz
Task=0 Chunk=0 Start=4081997947339 End=4081998179231 Duration=231892
Task=0 Chunk=1 Start=4081998179248 End=4081998859315 Duration=680067
Task=1 Chunk=0 Start=4081998179246 End=4081998369630 Duration=190384
Task=1 Chunk=1 Start=4081998859320 End=4081998980162 Duration=120842
Task=2 Chunk=0 Start=4081998369642 End=4081998541953 Duration=172311
Task=2 Chunk=1 Start=4081998980163 End=4081999101554 Duration=121391
Task=3 Chunk=0 Start=4081998541954 End=4081998719189 Duration=177235
Task=3 Chunk=1 Start=4081999101555 End=4081999232279 Duration=130724
Task=4 Chunk=0 Start=4081998719193 End=4081998896202 Duration=177009
Task=4 Chunk=1 Start=4081999232280 End=4081999357404 Duration=125124
Task=5 Chunk=0 Start=4081998896216 End=4081999068192 Duration=171976
Task=5 Chunk=1 Start=4081999357405 End=4081999489276 Duration=131871
Task=6 Chunk=0 Start=4081999068201 End=4081999240010 Duration=171809
Task=6 Chunk=1 Start=4081999489277 End=4081999617709 Duration=128432
Task=7 Chunk=0 Start=4081999240011 End=4081999411813 Duration=171802
Task=7 Chunk=1 Start=4081999617711 End=4081999752037 Duration=134326
Task=8 Chunk=0 Start=4081999411814 End=4081999583722 Duration=171908
Task=8 Chunk=1 Start=4081999752038 End=4081999880295 Duration=128257
Task=9 Chunk=0 Start=4081999583724 End=4081999755780 Duration=172056
Task=9 Chunk=1 Start=4081999880297 End=4082000008337 Duration=128040
Task=10 Chunk=0 Start=4081999755781 End=4081999927192 Duration=171411
Task=10 Chunk=1 Start=4082000008338 End=4082000138659 Duration=130321
Task=11 Chunk=0 Start=4081999927194 End=4082000098195 Duration=171001
Task=11 Chunk=1 Start=4082000138660 End=4082000271905 Duration=133245
Task=12 Chunk=0 Start=4082000098197 End=4082000270636 Duration=172439
Task=12 Chunk=1 Start=4082000271906 End=4082000395769 Duration=123863
Task=13 Chunk=0 Start=4082000270639 End=4082000443774 Duration=173135
Task=13 Chunk=1 Start=4082000443804 End=4082000578583 Duration=134779
Task=14 Chunk=0 Start=4082000443775 End=4082000615777 Duration=172002
Task=14 Chunk=1 Start=4082000615808 End=4082000740731 Duration=124923
Task=15 Chunk=0 Start=4082000615778 End=4082000787086 Duration=171308
Task=15 Chunk=1 Start=4082000787098 End=4082000918043 Duration=130945
Task=16 Chunk=0 Start=4082000787087 End=4082000959428 Duration=172341
Task=16 Chunk=1 Start=4082000959461 End=4082001090642 Duration=131181
Task=17 Chunk=0 Start=4082000959429 End=4082001131339 Duration=171910
Task=17 Chunk=1 Start=4082001131371 End=4082001263741 Duration=132370
Task=18 Chunk=0 Start=4082001131340 End=4082001303726 Duration=172386
Task=18 Chunk=1 Start=4082001303742 End=4082001427439 Duration=123697
Task=19 Chunk=0 Start=4082001303728 End=4082001475033 Duration=171305
Task=19 Chunk=1 Start=4082001475052 End=4082001598810 Duration=123758
Task=20 Chunk=0 Start=4082001475039 End=4082001646840 Duration=171801
Task=20 Chunk=1 Start=4082001646864 End=4082001770442 Duration=123578
Task=21 Chunk=0 Start=4082001646842 End=4082001819109 Duration=172267
Task=21 Chunk=1 Start=4082001819139 End=4082001947128 Duration=127989
Task=22 Chunk=0 Start=4082001819110 End=4082001991152 Duration=172042
Task=22 Chunk=1 Start=4082001991186 End=4082002133225 Duration=142039
Task=23 Chunk=0 Start=4082001991154 End=4082002162740 Duration=171586
Task=23 Chunk=1 Start=4082002162770 End=4082002292120 Duration=129350
Task=24 Chunk=0 Start=4082002162741 End=4082002335829 Duration=173088
Task=24 Chunk=1 Start=4082002335882 End=4082002467349 Duration=131467
Task=25 Chunk=0 Start=4082002335830 End=4082002507891 Duration=172061
Task=25 Chunk=1 Start=4082002507949 End=4082002641396 Duration=133447
Task=26 Chunk=0 Start=4082002507892 End=4082002680527 Duration=172635
Task=26 Chunk=1 Start=4082002680539 End=4082002808886 Duration=128347
Task=27 Chunk=0 Start=4082002680529 End=4082002851829 Duration=171300
Task=27 Chunk=1 Start=4082002851866 End=4082002978086 Duration=126220
Task=28 Chunk=0 Start=4082002851830 End=4082003024361 Duration=172531
Task=28 Chunk=1 Start=4082003024409 End=4082003163504 Duration=139095
Task=29 Chunk=0 Start=4082003024362 End=4082003196799 Duration=172437
Task=29 Chunk=1 Start=4082003196827 End=4082003325470 Duration=128643
Task=30 Chunk=0 Start=4082003196801 End=4082003369244 Duration=172443
Task=30 Chunk=1 Start=4082003369299 End=4082003507711 Duration=138412
Task=31 Chunk=0 Start=4082003369245 End=4082003541230 Duration=171985
Task=31 Chunk=1 Start=4082003541262 End=4082003675190 Duration=133928
Task=32 Chunk=0 Start=4082003541232 End=4082003713620 Duration=172388
Task=32 Chunk=1 Start=4082003713642 End=4082003840174 Duration=126532
Task=33 Chunk=0 Start=4082003713621 End=4082003885865 Duration=172244
Task=33 Chunk=1 Start=4082003885904 End=4082004018629 Duration=132725
Task=34 Chunk=0 Start=4082003885866 End=4082004058246 Duration=172380
Task=34 Chunk=1 Start=4082004058289 End=4082004185116 Duration=126827
Task=35 Chunk=0 Start=4082004058247 End=4082004229534 Duration=171287
Task=35 Chunk=1 Start=4082004229568 End=4082004351109 Duration=121541
Task=36 Chunk=0 Start=4082004229535 End=4082004401640 Duration=172105
Task=36 Chunk=1 Start=4082004401657 End=4082004532828 Duration=131171
Task=37 Chunk=0 Start=4082004401641 End=4082004574126 Duration=172485
Task=37 Chunk=1 Start=4082004574143 End=4082004700551 Duration=126408
Task=38 Chunk=0 Start=4082004574127 End=4082004746309 Duration=172182
Task=38 Chunk=1 Start=4082004746359 End=4082004879936 Duration=133577
Task=39 Chunk=0 Start=4082004746310 End=4082004917445 Duration=171135
Task=39 Chunk=1 Start=4082004917460 End=4082005043542 Duration=126082
Task=40 Chunk=0 Start=4082004917446 End=4082005089916 Duration=172470
Task=40 Chunk=1 Start=4082005089953 End=4082005222445 Duration=132492
Task=41 Chunk=0 Start=4082005089917 End=4082005262235 Duration=172318
Task=41 Chunk=1 Start=4082005262261 End=4082005392109 Duration=129848
Task=42 Chunk=0 Start=4082005262236 End=4082005435475 Duration=173239
Task=42 Chunk=1 Start=4082005435536 End=4082005562037 Duration=126501
Task=43 Chunk=0 Start=4082005435477 End=4082005607569 Duration=172092
Task=43 Chunk=1 Start=4082005607583 End=4082005745519 Duration=137936
Task=44 Chunk=0 Start=4082005607570 End=4082005779929 Duration=172359
Task=44 Chunk=1 Start=4082005779955 End=4082005907124 Duration=127169
Task=45 Chunk=0 Start=4082005779930 End=4082005952787 Duration=172857
Task=45 Chunk=1 Start=4082005952817 End=4082006082167 Duration=129350
Task=46 Chunk=0 Start=4082005952788 End=4082006125182 Duration=172394
Task=46 Chunk=1 Start=4082006125217 End=4082006263747 Duration=138530
Task=47 Chunk=0 Start=4082006125183 End=4082006296375 Duration=171192
Task=47 Chunk=1 Start=4082006296395 End=4082006422659 Duration=126264
Task=48 Chunk=0 Start=4082006296377 End=4082006469035 Duration=172658
Task=48 Chunk=1 Start=4082006469056 End=4082006607363 Duration=138307
Task=49 Chunk=0 Start=4082006469036 End=4082006641224 Duration=172188
Task=49 Chunk=1 Start=4082006678636 End=4082006814312 Duration=135676
Task=50 Chunk=0 Start=4082006641225 End=4082006813966 Duration=172741
Task=50 Chunk=1 Start=4082006814313 End=4082006993380 Duration=179067
Task=51 Chunk=0 Start=4082006813967 End=4082006985323 Duration=171356
Task=51 Chunk=1 Start=4082006993381 End=4082007133645 Duration=140264
Task=52 Chunk=0 Start=4082006985324 End=4082007137323 Duration=151999
Task=52 Chunk=1 Start=4082007137397 End=4082007266648 Duration=129251
Task=53 Chunk=0 Start=4082007137324 End=4082007284628 Duration=147304
Task=53 Chunk=1 Start=4082007284671 End=4082007422275 Duration=137604
Task=54 Chunk=0 Start=4082007284629 End=4082007432235 Duration=147606
Task=54 Chunk=1 Start=4082007432297 End=4082007566975 Duration=134678
Task=55 Chunk=0 Start=4082007432236 End=4082007579000 Duration=146764
Task=55 Chunk=1 Start=4082007579016 End=4082007720367 Duration=141351
Task=56 Chunk=0 Start=4082007579002 End=4082007726744 Duration=147742
Task=56 Chunk=1 Start=4082007726806 End=4082007872294 Duration=145488
Task=57 Chunk=0 Start=4082007726745 End=4082007873621 Duration=146876
Task=57 Chunk=1 Start=4082007873675 End=4082008012572 Duration=138897
Task=58 Chunk=0 Start=4082007873622 End=4082008021308 Duration=147686
Task=58 Chunk=1 Start=4082008021336 End=4082008159116 Duration=137780
Task=59 Chunk=0 Start=4082008021309 End=4082008168357 Duration=147048
Task=59 Chunk=1 Start=4082008168406 End=4082008305588 Duration=137182
Task=60 Chunk=0 Start=4082008168358 End=4082008316311 Duration=147953
Task=60 Chunk=1 Start=4082008316337 End=4082008454120 Duration=137783
Task=61 Chunk=0 Start=4082008316313 End=4082008463166 Duration=146853
Task=61 Chunk=1 Start=4082008463209 End=4082008604888 Duration=141679
Task=62 Chunk=0 Start=4082008463167 End=4082008611079 Duration=147912
Task=62 Chunk=1 Start=4082008611146 End=4082008746554 Duration=135408
Task=63 Chunk=0 Start=4082008611081 End=4082008758380 Duration=147299
Task=63 Chunk=1 Start=4082008758439 End=4082008896948 Duration=138509
Task=64 Chunk=0 Start=4082008758381 End=4082008906630 Duration=148249
Task=64 Chunk=1 Start=4082008906690 End=4082009041761 Duration=135071
Task=65 Chunk=0 Start=4082008906632 End=4082009053884 Duration=147252
Task=65 Chunk=1 Start=4082009053900 End=4082009193756 Duration=139856
Task=66 Chunk=0 Start=4082009053885 End=4082009201693 Duration=147808
Task=66 Chunk=1 Start=4082009201710 End=4082009340131 Duration=138421
Task=67 Chunk=0 Start=4082009201694 End=4082009349451 Duration=147757
Task=67 Chunk=1 Start=4082009349515 End=4082009501053 Duration=151538
Task=68 Chunk=0 Start=4082009349453 End=4082009497653 Duration=148200
Task=68 Chunk=1 Start=4082009501075 End=4082009645362 Duration=144287
Task=69 Chunk=0 Start=4082009497654 End=4082009644691 Duration=147037
Task=69 Chunk=1 Start=4082009645388 End=4082009788980 Duration=143592
Task=70 Chunk=0 Start=4082009644695 End=4082009792241 Duration=147546
Task=70 Chunk=1 Start=4082009792270 End=4082009932818 Duration=140548
Task=71 Chunk=0 Start=4082009792242 End=4082009939292 Duration=147050
Task=71 Chunk=1 Start=4082009939331 End=4082010086359 Duration=147028
Task=72 Chunk=0 Start=4082009939293 End=4082010087103 Duration=147810
Task=72 Chunk=1 Start=4082010087176 End=4082010227523 Duration=140347
Task=73 Chunk=0 Start=4082010087104 End=4082010234078 Duration=146974
Task=73 Chunk=1 Start=4082010234110 End=4082010375344 Duration=141234
Task=74 Chunk=0 Start=4082010234079 End=4082010381859 Duration=147780
Task=74 Chunk=1 Start=4082010381911 End=4082010517097 Duration=135186
Task=75 Chunk=0 Start=4082010381860 End=4082010528838 Duration=146978
Task=75 Chunk=1 Start=4082010578465 End=4082010719732 Duration=141267
Task=76 Chunk=0 Start=4082010528839 End=4082010676867 Duration=148028
Task=76 Chunk=1 Start=4082010719751 End=4082010873792 Duration=154041
Task=77 Chunk=0 Start=4082010676869 End=4082010823885 Duration=147016
Task=77 Chunk=1 Start=4082010873809 End=4082011015417 Duration=141608
Task=78 Chunk=0 Start=4082010823886 End=4082010971497 Duration=147611
Task=78 Chunk=1 Start=4082011015439 End=4082011163353 Duration=147914
Task=79 Chunk=0 Start=4082010971498 End=4082011118300 Duration=146802
Task=79 Chunk=1 Start=4082011163375 End=4082011298158 Duration=134783
Task=80 Chunk=0 Start=4082011118315 End=4082011265748 Duration=147433
Task=80 Chunk=1 Start=4082011298168 End=4082011431870 Duration=133702
Task=81 Chunk=0 Start=4082011265750 End=4082011413233 Duration=147483
Task=81 Chunk=1 Start=4082011431886 End=4082011567180 Duration=135294
Task=82 Chunk=0 Start=4082011413234 End=4082011560978 Duration=147744
Task=82 Chunk=1 Start=4082011567196 End=4082011701056 Duration=133860
Task=83 Chunk=0 Start=4082011560979 End=4082011708227 Duration=147248
Task=83 Chunk=1 Start=4082011708257 End=4082011845331 Duration=137074
Task=84 Chunk=0 Start=4082011708229 End=4082011855557 Duration=147328
Task=84 Chunk=1 Start=4082011855588 End=4082011988234 Duration=132646
Task=85 Chunk=0 Start=4082011855558 End=4082012002801 Duration=147243
Task=85 Chunk=1 Start=4082012002858 End=4082012140016 Duration=137158
Task=86 Chunk=0 Start=4082012002803 End=4082012150320 Duration=147517
Task=86 Chunk=1 Start=4082012150407 End=4082012286511 Duration=136104
Task=87 Chunk=0 Start=4082012150321 End=4082012297447 Duration=147126
Task=87 Chunk=1 Start=4082012297510 End=4082012434562 Duration=137052
Task=88 Chunk=0 Start=4082012297448 End=4082012445097 Duration=147649
Task=88 Chunk=1 Start=4082012445145 End=4082012583735 Duration=138590
Task=89 Chunk=0 Start=4082012445098 End=4082012592237 Duration=147139
Task=89 Chunk=1 Start=4082012592273 End=4082012730757 Duration=138484
Task=90 Chunk=0 Start=4082012592239 End=4082012740049 Duration=147810
Task=90 Chunk=1 Start=4082012740079 End=4082012879546 Duration=139467
Task=91 Chunk=0 Start=4082012740050 End=4082012886874 Duration=146824
Task=91 Chunk=1 Start=4082012886946 End=4082013020771 Duration=133825
Task=92 Chunk=0 Start=4082012886875 End=4082013034836 Duration=147961
Task=92 Chunk=1 Start=4082013034874 End=4082013168973 Duration=134099
Task=93 Chunk=0 Start=4082013034838 End=4082013181803 Duration=146965
Task=93 Chunk=1 Start=4082013181867 End=4082013314591 Duration=132724
Task=94 Chunk=0 Start=4082013181805 End=4082013329584 Duration=147779
Task=94 Chunk=1 Start=4082013329640 End=4082013463498 Duration=133858
Task=95 Chunk=0 Start=4082013329585 End=4082013476652 Duration=147067
Task=95 Chunk=1 Start=4082013476703 End=4082013610278 Duration=133575
Task=96 Chunk=0 Start=4082013476653 End=4082013624583 Duration=147930
Task=96 Chunk=1 Start=4082013624612 End=4082013761576 Duration=136964
Task=97 Chunk=0 Start=4082013624584 End=4082013771676 Duration=147092
Task=97 Chunk=1 Start=4082013771738 End=4082013908199 Duration=136461
Task=98 Chunk=0 Start=4082013771677 End=4082013919832 Duration=148155
Task=98 Chunk=1 Start=4082013919903 End=4082014054797 Duration=134894
Task=99 Chunk=0 Start=4082013919833 End=4082014067801 Duration=147968
Task=99 Chunk=1 Start=4082014067817 End=4082014206574 Duration=138757
### Python End ###

--------------------------------
[2025-06-26 18:22:25.083] [info] Available Vulkan Layers:
[2025-06-26 18:22:25.083] [warning] Validation layer requested but not available, continuing without it...
[2025-06-26 18:22:25.086] [info] Using integrated GPU: Mali-G710
### Python Begin ###
Schedule_UID=SCH-M1L1G5B2-G6606-7084
Frequency=24576000 Hz
Task=0 Chunk=0 Start=4082020084128 End=4082020140712 Duration=56584
Task=0 Chunk=1 Start=4082020140743 End=4082020168017 Duration=27274
Task=0 Chunk=2 Start=4082020168163 End=4082020363164 Duration=195001
Task=0 Chunk=3 Start=4082020363176 End=4082020391160 Duration=27984
Task=1 Chunk=0 Start=4082020140722 End=4082020141956 Duration=1234
Task=1 Chunk=1 Start=4082020168029 End=4082020185897 Duration=17868
Task=1 Chunk=2 Start=4082020363172 End=4082020466040 Duration=102868
Task=1 Chunk=3 Start=4082020466046 End=4082020483240 Duration=17194
Task=2 Chunk=0 Start=4082020141956 End=4082020158853 Duration=16897
Task=2 Chunk=1 Start=4082020185899 End=4082020187578 Duration=1679
Task=2 Chunk=2 Start=4082020466047 End=4082020576631 Duration=110584
Task=2 Chunk=3 Start=4082020576646 End=4082020591982 Duration=15336
Task=3 Chunk=0 Start=4082020158854 End=4082020159420 Duration=566
Task=3 Chunk=1 Start=4082020187579 End=4082020189186 Duration=1607
Task=3 Chunk=2 Start=4082020576637 End=4082020690151 Duration=113514
Task=3 Chunk=3 Start=4082020690169 End=4082020705608 Duration=15439
Task=4 Chunk=0 Start=4082020159421 End=4082020159954 Duration=533
Task=4 Chunk=1 Start=4082020189188 End=4082020190777 Duration=1589
Task=4 Chunk=2 Start=4082020690163 End=4082020798151 Duration=107988
Task=4 Chunk=3 Start=4082020798158 End=4082020813743 Duration=15585
Task=5 Chunk=0 Start=4082020159955 End=4082020160452 Duration=497
Task=5 Chunk=1 Start=4082020190778 End=4082020192361 Duration=1583
Task=5 Chunk=2 Start=4082020798154 End=4082020904645 Duration=106491
Task=5 Chunk=3 Start=4082020904660 End=4082020920251 Duration=15591
Task=6 Chunk=0 Start=4082020160453 End=4082020160935 Duration=482
Task=6 Chunk=1 Start=4082020192363 End=4082020193944 Duration=1581
Task=6 Chunk=2 Start=4082020904651 End=4082021006946 Duration=102295
Task=6 Chunk=3 Start=4082021006958 End=4082021022244 Duration=15286
Task=7 Chunk=0 Start=4082020160936 End=4082020161441 Duration=505
Task=7 Chunk=1 Start=4082020193946 End=4082020195524 Duration=1578
Task=7 Chunk=2 Start=4082021006953 End=4082021109106 Duration=102153
Task=7 Chunk=3 Start=4082021109111 End=4082021124378 Duration=15267
Task=8 Chunk=0 Start=4082020161442 End=4082020161951 Duration=509
Task=8 Chunk=1 Start=4082020195527 End=4082020197108 Duration=1581
Task=8 Chunk=2 Start=4082021109110 End=4082021213371 Duration=104261
Task=8 Chunk=3 Start=4082021213383 End=4082021228746 Duration=15363
Task=9 Chunk=0 Start=4082020161952 End=4082020162453 Duration=501
Task=9 Chunk=1 Start=4082020197115 End=4082020198694 Duration=1579
Task=9 Chunk=2 Start=4082021213375 End=4082021319226 Duration=105851
Task=9 Chunk=3 Start=4082021319233 End=4082021335214 Duration=15981
Task=10 Chunk=0 Start=4082020162454 End=4082020162944 Duration=490
Task=10 Chunk=1 Start=4082020198695 End=4082020200273 Duration=1578
Task=10 Chunk=2 Start=4082021319227 End=4082021415028 Duration=95801
Task=10 Chunk=3 Start=4082021415037 End=4082021429709 Duration=14672
Task=11 Chunk=0 Start=4082020162945 End=4082020163429 Duration=484
Task=11 Chunk=1 Start=4082020200275 End=4082020201848 Duration=1573
Task=11 Chunk=2 Start=4082021415032 End=4082021512674 Duration=97642
Task=11 Chunk=3 Start=4082021512684 End=4082021528512 Duration=15828
Task=12 Chunk=0 Start=4082020163430 End=4082020163928 Duration=498
Task=12 Chunk=1 Start=4082020201850 End=4082020203428 Duration=1578
Task=12 Chunk=2 Start=4082021512682 End=4082021616371 Duration=103689
Task=12 Chunk=3 Start=4082021616378 End=4082021633155 Duration=16777
Task=13 Chunk=0 Start=4082020163929 End=4082020164411 Duration=482
Task=13 Chunk=1 Start=4082020203430 End=4082020205001 Duration=1571
Task=13 Chunk=2 Start=4082021616374 End=4082021717560 Duration=101186
Task=13 Chunk=3 Start=4082021717567 End=4082021733083 Duration=15516
Task=14 Chunk=0 Start=4082020164412 End=4082020164920 Duration=508
Task=14 Chunk=1 Start=4082020205002 End=4082020206590 Duration=1588
Task=14 Chunk=2 Start=4082021717565 End=4082021805919 Duration=88354
Task=14 Chunk=3 Start=4082021805932 End=4082021821705 Duration=15773
Task=15 Chunk=0 Start=4082020391342 End=4082020392374 Duration=1032
Task=15 Chunk=1 Start=4082020392382 End=4082020394084 Duration=1702
Task=15 Chunk=2 Start=4082021805923 End=4082021898102 Duration=92179
Task=15 Chunk=3 Start=4082021899034 End=4082021914405 Duration=15371
Task=16 Chunk=0 Start=4082020483461 End=4082020484362 Duration=901
Task=16 Chunk=1 Start=4082020484397 End=4082020486076 Duration=1679
Task=16 Chunk=2 Start=4082021898103 End=4082021990093 Duration=91990
Task=16 Chunk=3 Start=4082021990098 End=4082022006368 Duration=16270
Task=17 Chunk=0 Start=4082020592052 End=4082020592930 Duration=878
Task=17 Chunk=1 Start=4082020593102 End=4082020594787 Duration=1685
Task=17 Chunk=2 Start=4082021990095 End=4082022082824 Duration=92729
Task=17 Chunk=3 Start=4082022082832 End=4082022098584 Duration=15752
Task=18 Chunk=0 Start=4082020706371 End=4082020707163 Duration=792
Task=18 Chunk=1 Start=4082020707324 End=4082020708990 Duration=1666
Task=18 Chunk=2 Start=4082022082831 End=4082022175432 Duration=92601
Task=18 Chunk=3 Start=4082022176252 End=4082022191819 Duration=15567
Task=19 Chunk=0 Start=4082020813759 End=4082020814009 Duration=250
Task=19 Chunk=1 Start=4082020814042 End=4082020814292 Duration=250
Task=19 Chunk=2 Start=4082022175433 End=4082022268002 Duration=92569
Task=19 Chunk=3 Start=4082022268011 End=4082022284743 Duration=16732
Task=20 Chunk=0 Start=4082020920279 End=4082020920495 Duration=216
Task=20 Chunk=1 Start=4082020920793 End=4082020922562 Duration=1769
Task=20 Chunk=2 Start=4082022268010 End=4082022360774 Duration=92764
Task=20 Chunk=3 Start=4082022360791 End=4082022376478 Duration=15687
Task=21 Chunk=0 Start=4082021022275 End=4082021022504 Duration=229
Task=21 Chunk=1 Start=4082021022542 End=4082021024244 Duration=1702
Task=21 Chunk=2 Start=4082022360781 End=4082022452355 Duration=91574
Task=21 Chunk=3 Start=4082022452359 End=4082022467810 Duration=15451
Task=22 Chunk=0 Start=4082021124402 End=4082021124628 Duration=226
Task=22 Chunk=1 Start=4082021124657 End=4082021126372 Duration=1715
Task=22 Chunk=2 Start=4082022452360 End=4082022544932 Duration=92572
Task=22 Chunk=3 Start=4082022544949 End=4082022560741 Duration=15792
Task=23 Chunk=0 Start=4082021228753 End=4082021228977 Duration=224
Task=23 Chunk=1 Start=4082021228989 End=4082021229309 Duration=320
Task=23 Chunk=2 Start=4082022544942 End=4082022637292 Duration=92350
Task=23 Chunk=3 Start=4082022637303 End=4082022652619 Duration=15316
Task=24 Chunk=0 Start=4082021335233 End=4082021529404 Duration=194171
Task=24 Chunk=1 Start=4082021529433 End=4082021529825 Duration=392
Task=24 Chunk=2 Start=4082022637296 End=4082022729125 Duration=91829
Task=24 Chunk=3 Start=4082022729792 End=4082022744986 Duration=15194
Task=25 Chunk=0 Start=4082021529408 End=4082021529603 Duration=195
Task=25 Chunk=1 Start=4082021529830 End=4082021529986 Duration=156
Task=25 Chunk=2 Start=4082022729126 End=4082022819981 Duration=90855
Task=25 Chunk=3 Start=4082022819991 End=4082022836546 Duration=16555
Task=26 Chunk=0 Start=4082021529603 End=4082021529713 Duration=110
Task=26 Chunk=1 Start=4082021529987 End=4082021530134 Duration=147
Task=26 Chunk=2 Start=4082022819986 End=4082022913602 Duration=93616
Task=26 Chunk=3 Start=4082022913615 End=4082022929757 Duration=16142
Task=27 Chunk=0 Start=4082021633163 End=4082021633385 Duration=222
Task=27 Chunk=1 Start=4082021633400 End=4082021633647 Duration=247
Task=27 Chunk=2 Start=4082022913607 End=4082023006079 Duration=92472
Task=27 Chunk=3 Start=4082023006085 End=4082023021614 Duration=15529
Task=28 Chunk=0 Start=4082021733102 End=4082021733307 Duration=205
Task=28 Chunk=1 Start=4082021733333 End=4082021733608 Duration=275
Task=28 Chunk=2 Start=4082023006085 End=4082023097323 Duration=91238
Task=28 Chunk=3 Start=4082023097328 End=4082023112542 Duration=15214
Task=29 Chunk=0 Start=4082021821728 End=4082021821932 Duration=204
Task=29 Chunk=1 Start=4082021821945 End=4082021822231 Duration=286
Task=29 Chunk=2 Start=4082023097326 End=4082023187553 Duration=90227
Task=29 Chunk=3 Start=4082023187563 End=4082023202817 Duration=15254
Task=30 Chunk=0 Start=4082021914411 End=4082021914602 Duration=191
Task=30 Chunk=1 Start=4082021914610 End=4082021914889 Duration=279
Task=30 Chunk=2 Start=4082023187554 End=4082023280809 Duration=93255
Task=30 Chunk=3 Start=4082023280816 End=4082023296918 Duration=16102
Task=31 Chunk=0 Start=4082022006380 End=4082022006554 Duration=174
Task=31 Chunk=1 Start=4082022006568 End=4082022006874 Duration=306
Task=31 Chunk=2 Start=4082023280814 End=4082023369448 Duration=88634
Task=31 Chunk=3 Start=4082023369453 End=4082023385407 Duration=15954
Task=32 Chunk=0 Start=4082022098592 End=4082022098802 Duration=210
Task=32 Chunk=1 Start=4082022098833 End=4082022099123 Duration=290
Task=32 Chunk=2 Start=4082023369449 End=4082023461247 Duration=91798
Task=32 Chunk=3 Start=4082023461251 End=4082023478107 Duration=16856
Task=33 Chunk=0 Start=4082022191827 End=4082022192026 Duration=199
Task=33 Chunk=1 Start=4082022192033 End=4082022192316 Duration=283
Task=33 Chunk=2 Start=4082023461252 End=4082023552333 Duration=91081
Task=33 Chunk=3 Start=4082023552337 End=4082023568207 Duration=15870
Task=34 Chunk=0 Start=4082022284754 End=4082022284891 Duration=137
Task=34 Chunk=1 Start=4082022284921 End=4082022285192 Duration=271
Task=34 Chunk=2 Start=4082023552337 End=4082023643792 Duration=91455
Task=34 Chunk=3 Start=4082023643805 End=4082023659300 Duration=15495
Task=35 Chunk=0 Start=4082022376485 End=4082022376705 Duration=220
Task=35 Chunk=1 Start=4082022376715 End=4082022376998 Duration=283
Task=35 Chunk=2 Start=4082023643799 End=4082023735510 Duration=91711
Task=35 Chunk=3 Start=4082023735522 End=4082023751372 Duration=15850
Task=36 Chunk=0 Start=4082022467825 End=4082022468040 Duration=215
Task=36 Chunk=1 Start=4082022468049 End=4082022468334 Duration=285
Task=36 Chunk=2 Start=4082023735516 End=4082023827347 Duration=91831
Task=36 Chunk=3 Start=4082023827353 End=4082023842829 Duration=15476
Task=37 Chunk=0 Start=4082022560765 End=4082022560968 Duration=203
Task=37 Chunk=1 Start=4082022560983 End=4082022561272 Duration=289
Task=37 Chunk=2 Start=4082023827351 End=4082023920241 Duration=92890
Task=37 Chunk=3 Start=4082023920256 End=4082023936844 Duration=16588
Task=38 Chunk=0 Start=4082022652626 End=4082022652809 Duration=183
Task=38 Chunk=1 Start=4082022652823 End=4082022653100 Duration=277
Task=38 Chunk=2 Start=4082023920247 End=4082024009380 Duration=89133
Task=38 Chunk=3 Start=4082024009436 End=4082024039445 Duration=30009
Task=39 Chunk=0 Start=4082022745000 End=4082022745178 Duration=178
Task=39 Chunk=1 Start=4082022745211 End=4082022745497 Duration=286
Task=39 Chunk=2 Start=4082024009383 End=4082024091568 Duration=82185
Task=39 Chunk=3 Start=4082024091572 End=4082024122330 Duration=30758
Task=40 Chunk=0 Start=4082022836563 End=4082022836688 Duration=125
Task=40 Chunk=1 Start=4082022836702 End=4082022836984 Duration=282
Task=40 Chunk=2 Start=4082024091571 End=4082024173840 Duration=82269
Task=40 Chunk=3 Start=4082024173893 End=4082024204636 Duration=30743
Task=41 Chunk=0 Start=4082022929776 End=4082022929938 Duration=162
Task=41 Chunk=1 Start=4082022929949 End=4082022930217 Duration=268
Task=41 Chunk=2 Start=4082024173844 End=4082024258331 Duration=84487
Task=41 Chunk=3 Start=4082024258429 End=4082024289004 Duration=30575
Task=42 Chunk=0 Start=4082023021635 End=4082023021842 Duration=207
Task=42 Chunk=1 Start=4082023021851 End=4082023022119 Duration=268
Task=42 Chunk=2 Start=4082024258336 End=4082024353305 Duration=94969
Task=42 Chunk=3 Start=4082024353317 End=4082024368557 Duration=15240
Task=43 Chunk=0 Start=4082023112551 End=4082023112742 Duration=191
Task=43 Chunk=1 Start=4082023112760 End=4082023113038 Duration=278
Task=43 Chunk=2 Start=4082024353306 End=4082024446515 Duration=93209
Task=43 Chunk=3 Start=4082024446520 End=4082024461717 Duration=15197
Task=44 Chunk=0 Start=4082023202829 End=4082023203048 Duration=219
Task=44 Chunk=1 Start=4082023203078 End=4082023203345 Duration=267
Task=44 Chunk=2 Start=4082024446516 End=4082024546921 Duration=100405
Task=44 Chunk=3 Start=4082024546936 End=4082024562121 Duration=15185
Task=45 Chunk=0 Start=4082023296935 End=4082023297107 Duration=172
Task=45 Chunk=1 Start=4082023297138 End=4082023297421 Duration=283
Task=45 Chunk=2 Start=4082024546928 End=4082024642070 Duration=95142
Task=45 Chunk=3 Start=4082024642084 End=4082024657350 Duration=15266
Task=46 Chunk=0 Start=4082023385431 End=4082023385656 Duration=225
Task=46 Chunk=1 Start=4082023385684 End=4082023385959 Duration=275
Task=46 Chunk=2 Start=4082024642077 End=4082024736933 Duration=94856
Task=46 Chunk=3 Start=4082024736943 End=4082024753137 Duration=16194
Task=47 Chunk=0 Start=4082023478122 End=4082023478291 Duration=169
Task=47 Chunk=1 Start=4082023478301 End=4082023478600 Duration=299
Task=47 Chunk=2 Start=4082024736935 End=4082024829053 Duration=92118
Task=47 Chunk=3 Start=4082024829064 End=4082024844800 Duration=15736
Task=48 Chunk=0 Start=4082023568220 End=4082023568457 Duration=237
Task=48 Chunk=1 Start=4082023568489 End=4082023568774 Duration=285
Task=48 Chunk=2 Start=4082024829057 End=4082024922198 Duration=93141
Task=48 Chunk=3 Start=4082024922204 End=4082024938183 Duration=15979
Task=49 Chunk=0 Start=4082023659321 End=4082023659531 Duration=210
Task=49 Chunk=1 Start=4082023659540 End=4082023659813 Duration=273
Task=49 Chunk=2 Start=4082024922201 End=4082025013524 Duration=91323
Task=49 Chunk=3 Start=4082025013534 End=4082025029418 Duration=15884
Task=50 Chunk=0 Start=4082023751377 End=4082023751599 Duration=222
Task=50 Chunk=1 Start=4082023751608 End=4082023751880 Duration=272
Task=50 Chunk=2 Start=4082025013527 End=4082025104945 Duration=91418
Task=50 Chunk=3 Start=4082025104959 End=4082025121691 Duration=16732
Task=51 Chunk=0 Start=4082023842845 End=4082023842994 Duration=149
Task=51 Chunk=1 Start=4082023843006 End=4082023843267 Duration=261
Task=51 Chunk=2 Start=4082025104952 End=4082025198078 Duration=93126
Task=51 Chunk=3 Start=4082025198089 End=4082025213786 Duration=15697
Task=52 Chunk=0 Start=4082023936854 End=4082023937080 Duration=226
Task=52 Chunk=1 Start=4082023937102 End=4082023937370 Duration=268
Task=52 Chunk=2 Start=4082025198083 End=4082025289454 Duration=91371
Task=52 Chunk=3 Start=4082025289460 End=4082025305435 Duration=15975
Task=53 Chunk=0 Start=4082024039464 End=4082024039713 Duration=249
Task=53 Chunk=1 Start=4082024039720 End=4082024040062 Duration=342
Task=53 Chunk=2 Start=4082025289459 End=4082025381791 Duration=92332
Task=53 Chunk=3 Start=4082025381804 End=4082025398159 Duration=16355
Task=54 Chunk=0 Start=4082024122348 End=4082024122450 Duration=102
Task=54 Chunk=1 Start=4082024122458 End=4082024122682 Duration=224
Task=54 Chunk=2 Start=4082025381798 End=4082025475906 Duration=94108
Task=54 Chunk=3 Start=4082025475912 End=4082025491976 Duration=16064
Task=55 Chunk=0 Start=4082024204654 End=4082024204740 Duration=86
Task=55 Chunk=1 Start=4082024204769 End=4082024205003 Duration=234
Task=55 Chunk=2 Start=4082025475910 End=4082025569937 Duration=94027
Task=55 Chunk=3 Start=4082025569945 End=4082025586667 Duration=16722
Task=56 Chunk=0 Start=4082024289008 End=4082024289087 Duration=79
Task=56 Chunk=1 Start=4082024289109 End=4082024289303 Duration=194
Task=56 Chunk=2 Start=4082025569941 End=4082025662380 Duration=92439
Task=56 Chunk=3 Start=4082025662389 End=4082025679478 Duration=17089
Task=57 Chunk=0 Start=4082024368577 End=4082024368790 Duration=213
Task=57 Chunk=1 Start=4082024368796 End=4082024369054 Duration=258
Task=57 Chunk=2 Start=4082025662387 End=4082025760723 Duration=98336
Task=57 Chunk=3 Start=4082025760730 End=4082025776774 Duration=16044
Task=58 Chunk=0 Start=4082024461736 End=4082024461941 Duration=205
Task=58 Chunk=1 Start=4082024461962 End=4082024462242 Duration=280
Task=58 Chunk=2 Start=4082025760729 End=4082025854933 Duration=94204
Task=58 Chunk=3 Start=4082025855664 End=4082025871385 Duration=15721
Task=59 Chunk=0 Start=4082024562147 End=4082024562338 Duration=191
Task=59 Chunk=1 Start=4082024562363 End=4082024562653 Duration=290
Task=59 Chunk=2 Start=4082025854934 End=4082025942645 Duration=87711
Task=59 Chunk=3 Start=4082025942654 End=4082025957854 Duration=15200
Task=60 Chunk=0 Start=4082024657381 End=4082024657553 Duration=172
Task=60 Chunk=1 Start=4082024657585 End=4082024657861 Duration=276
Task=60 Chunk=2 Start=4082025942655 End=4082026031966 Duration=89311
Task=60 Chunk=3 Start=4082026031973 End=4082026048437 Duration=16464
Task=61 Chunk=0 Start=4082024753155 End=4082024753363 Duration=208
Task=61 Chunk=1 Start=4082024753379 End=4082024753662 Duration=283
Task=61 Chunk=2 Start=4082026031967 End=4082026125319 Duration=93352
Task=61 Chunk=3 Start=4082026125327 End=4082026141983 Duration=16656
Task=62 Chunk=0 Start=4082024844808 End=4082024845059 Duration=251
Task=62 Chunk=1 Start=4082024845078 End=4082024845352 Duration=274
Task=62 Chunk=2 Start=4082026125325 End=4082026216776 Duration=91451
Task=62 Chunk=3 Start=4082026216791 End=4082026232399 Duration=15608
Task=63 Chunk=0 Start=4082024938204 End=4082024938421 Duration=217
Task=63 Chunk=1 Start=4082024938431 End=4082024938710 Duration=279
Task=63 Chunk=2 Start=4082026216776 End=4082026309402 Duration=92626
Task=63 Chunk=3 Start=4082026309409 End=4082026325358 Duration=15949
Task=64 Chunk=0 Start=4082025029428 End=4082025029638 Duration=210
Task=64 Chunk=1 Start=4082025029671 End=4082025029965 Duration=294
Task=64 Chunk=2 Start=4082026309409 End=4082026401670 Duration=92261
Task=64 Chunk=3 Start=4082026401680 End=4082026417620 Duration=15940
Task=65 Chunk=0 Start=4082025121700 End=4082025121878 Duration=178
Task=65 Chunk=1 Start=4082025121909 End=4082025122201 Duration=292
Task=65 Chunk=2 Start=4082026401674 End=4082026493630 Duration=91956
Task=65 Chunk=3 Start=4082026493641 End=4082026509244 Duration=15603
Task=66 Chunk=0 Start=4082025213798 End=4082025214002 Duration=204
Task=66 Chunk=1 Start=4082025214013 End=4082025214325 Duration=312
Task=66 Chunk=2 Start=4082026493637 End=4082026585426 Duration=91789
Task=66 Chunk=3 Start=4082026585433 End=4082026601348 Duration=15915
Task=67 Chunk=0 Start=4082025305448 End=4082025305676 Duration=228
Task=67 Chunk=1 Start=4082025305705 End=4082025305997 Duration=292
Task=67 Chunk=2 Start=4082026585427 End=4082026676620 Duration=91193
Task=67 Chunk=3 Start=4082026676632 End=4082026693080 Duration=16448
Task=68 Chunk=0 Start=4082025398173 End=4082025398374 Duration=201
Task=68 Chunk=1 Start=4082025398382 End=4082025398650 Duration=268
Task=68 Chunk=2 Start=4082026676623 End=4082026768858 Duration=92235
Task=68 Chunk=3 Start=4082026768868 End=4082026784281 Duration=15413
Task=69 Chunk=0 Start=4082025492002 End=4082025492171 Duration=169
Task=69 Chunk=1 Start=4082025492182 End=4082025492471 Duration=289
Task=69 Chunk=2 Start=4082026768865 End=4082026860197 Duration=91332
Task=69 Chunk=3 Start=4082026860203 End=4082026876075 Duration=15872
Task=70 Chunk=0 Start=4082025586686 End=4082025586856 Duration=170
Task=70 Chunk=1 Start=4082025586884 End=4082025587162 Duration=278
Task=70 Chunk=2 Start=4082026860199 End=4082026952880 Duration=92681
Task=70 Chunk=3 Start=4082026952891 End=4082026969802 Duration=16911
Task=71 Chunk=0 Start=4082025679497 End=4082025679667 Duration=170
Task=71 Chunk=1 Start=4082025679696 End=4082025697606 Duration=17910
Task=71 Chunk=2 Start=4082026952887 End=4082027042550 Duration=89663
Task=71 Chunk=3 Start=4082027042558 End=4082027058381 Duration=15823
Task=72 Chunk=0 Start=4082025776779 End=4082025776994 Duration=215
Task=72 Chunk=1 Start=4082025778797 End=4082025779089 Duration=292
Task=72 Chunk=2 Start=4082027042556 End=4082027132237 Duration=89681
Task=72 Chunk=3 Start=4082027132246 End=4082027148502 Duration=16256
Task=73 Chunk=0 Start=4082025871395 End=4082025871595 Duration=200
Task=73 Chunk=1 Start=4082025871623 End=4082025871889 Duration=266
Task=73 Chunk=2 Start=4082027132241 End=4082027222752 Duration=90511
Task=73 Chunk=3 Start=4082027222759 End=4082027238326 Duration=15567
Task=74 Chunk=0 Start=4082025957875 End=4082025958113 Duration=238
Task=74 Chunk=1 Start=4082025958118 End=4082025958398 Duration=280
Task=74 Chunk=2 Start=4082027222756 End=4082027309964 Duration=87208
Task=74 Chunk=3 Start=4082027309968 End=4082027325119 Duration=15151
Task=75 Chunk=0 Start=4082026048454 End=4082026048701 Duration=247
Task=75 Chunk=1 Start=4082026048722 End=4082026049009 Duration=287
Task=75 Chunk=2 Start=4082027309964 End=4082027402751 Duration=92787
Task=75 Chunk=3 Start=4082027402762 End=4082027417757 Duration=14995
Task=76 Chunk=0 Start=4082026141995 End=4082026142175 Duration=180
Task=76 Chunk=1 Start=4082026142198 End=4082026142476 Duration=278
Task=76 Chunk=2 Start=4082027402758 End=4082027491263 Duration=88505
Task=76 Chunk=3 Start=4082027491270 End=4082027506449 Duration=15179
Task=77 Chunk=0 Start=4082026232417 End=4082026232624 Duration=207
Task=77 Chunk=1 Start=4082026232653 End=4082026232931 Duration=278
Task=77 Chunk=2 Start=4082027491268 End=4082027582408 Duration=91140
Task=77 Chunk=3 Start=4082027582412 End=4082027597553 Duration=15141
Task=78 Chunk=0 Start=4082026325368 End=4082026325564 Duration=196
Task=78 Chunk=1 Start=4082026325598 End=4082026325889 Duration=291
Task=78 Chunk=2 Start=4082027582409 End=4082027674870 Duration=92461
Task=78 Chunk=3 Start=4082027674879 End=4082027690078 Duration=15199
Task=79 Chunk=0 Start=4082026417626 End=4082026417788 Duration=162
Task=79 Chunk=1 Start=4082026417813 End=4082026418096 Duration=283
Task=79 Chunk=2 Start=4082027674875 End=4082027767083 Duration=92208
Task=79 Chunk=3 Start=4082027767089 End=4082027782487 Duration=15398
Task=80 Chunk=0 Start=4082026509267 End=4082026509418 Duration=151
Task=80 Chunk=1 Start=4082026509450 End=4082026509743 Duration=293
Task=80 Chunk=2 Start=4082027767087 End=4082027859860 Duration=92773
Task=80 Chunk=3 Start=4082027859864 End=4082027875665 Duration=15801
Task=81 Chunk=0 Start=4082026601357 End=4082026601521 Duration=164
Task=81 Chunk=1 Start=4082026601551 End=4082026601849 Duration=298
Task=81 Chunk=2 Start=4082027859861 End=4082027950436 Duration=90575
Task=81 Chunk=3 Start=4082027950440 End=4082027966186 Duration=15746
Task=82 Chunk=0 Start=4082026693086 End=4082026693262 Duration=176
Task=82 Chunk=1 Start=4082026693295 End=4082026693592 Duration=297
Task=82 Chunk=2 Start=4082027950437 End=4082028041905 Duration=91468
Task=82 Chunk=3 Start=4082028041916 End=4082028057723 Duration=15807
Task=83 Chunk=0 Start=4082026784290 End=4082026784499 Duration=209
Task=83 Chunk=1 Start=4082026784506 End=4082026784801 Duration=295
Task=83 Chunk=2 Start=4082028041906 End=4082028133002 Duration=91096
Task=83 Chunk=3 Start=4082028133009 End=4082028149378 Duration=16369
Task=84 Chunk=0 Start=4082026876080 End=4082026876273 Duration=193
Task=84 Chunk=1 Start=4082026876285 End=4082026876577 Duration=292
Task=84 Chunk=2 Start=4082028133002 End=4082028224355 Duration=91353
Task=84 Chunk=3 Start=4082028224368 End=4082028241124 Duration=16756
Task=85 Chunk=0 Start=4082026969815 End=4082026969969 Duration=154
Task=85 Chunk=1 Start=4082026969982 End=4082026970240 Duration=258
Task=85 Chunk=2 Start=4082028224361 End=4082028315974 Duration=91613
Task=85 Chunk=3 Start=4082028315993 End=4082028331156 Duration=15163
Task=86 Chunk=0 Start=4082027058390 End=4082027058609 Duration=219
Task=86 Chunk=1 Start=4082027070740 End=4082027071023 Duration=283
Task=86 Chunk=2 Start=4082028315983 End=4082028410469 Duration=94486
Task=86 Chunk=3 Start=4082028410476 End=4082028425476 Duration=15000
Task=87 Chunk=0 Start=4082027148517 End=4082027148706 Duration=189
Task=87 Chunk=1 Start=4082027148737 End=4082027149009 Duration=272
Task=87 Chunk=2 Start=4082028410476 End=4082028507385 Duration=96909
Task=87 Chunk=3 Start=4082028507396 End=4082028522371 Duration=14975
Task=88 Chunk=0 Start=4082027238329 End=4082027238534 Duration=205
Task=88 Chunk=1 Start=4082027238565 End=4082027238838 Duration=273
Task=88 Chunk=2 Start=4082028507389 End=4082028606072 Duration=98683
Task=88 Chunk=3 Start=4082028606077 End=4082028621039 Duration=14962
Task=89 Chunk=0 Start=4082027325141 End=4082027325361 Duration=220
Task=89 Chunk=1 Start=4082027325392 End=4082027325669 Duration=277
Task=89 Chunk=2 Start=4082028606076 End=4082028710558 Duration=104482
Task=89 Chunk=3 Start=4082028710562 End=4082028726387 Duration=15825
Task=90 Chunk=0 Start=4082027417768 End=4082027417981 Duration=213
Task=90 Chunk=1 Start=4082027417996 End=4082027418278 Duration=282
Task=90 Chunk=2 Start=4082028710562 End=4082028805157 Duration=94595
Task=90 Chunk=3 Start=4082028805168 End=4082028820212 Duration=15044
Task=91 Chunk=0 Start=4082027506456 End=4082027506664 Duration=208
Task=91 Chunk=1 Start=4082027506680 End=4082027506966 Duration=286
Task=91 Chunk=2 Start=4082028805162 End=4082028900485 Duration=95323
Task=91 Chunk=3 Start=4082028900494 End=4082028915649 Duration=15155
Task=92 Chunk=0 Start=4082027597564 End=4082027597799 Duration=235
Task=92 Chunk=1 Start=4082027597807 End=4082027598102 Duration=295
Task=92 Chunk=2 Start=4082028900490 End=4082028993805 Duration=93315
Task=92 Chunk=3 Start=4082028993817 End=4082029009015 Duration=15198
Task=93 Chunk=0 Start=4082027690087 End=4082027690303 Duration=216
Task=93 Chunk=1 Start=4082027690323 End=4082027690610 Duration=287
Task=93 Chunk=2 Start=4082028993809 End=4082029084302 Duration=90493
Task=93 Chunk=3 Start=4082029084310 End=4082029099476 Duration=15166
Task=94 Chunk=0 Start=4082027782500 End=4082027782720 Duration=220
Task=94 Chunk=1 Start=4082027782737 End=4082027783018 Duration=281
Task=94 Chunk=2 Start=4082029084307 End=4082029175544 Duration=91237
Task=94 Chunk=3 Start=4082029175552 End=4082029190630 Duration=15078
Task=95 Chunk=0 Start=4082027875674 End=4082027875876 Duration=202
Task=95 Chunk=1 Start=4082027875908 End=4082027876201 Duration=293
Task=95 Chunk=2 Start=4082029175549 End=4082029265852 Duration=90303
Task=95 Chunk=3 Start=4082029265862 End=4082029280922 Duration=15060
Task=96 Chunk=0 Start=4082027966208 End=4082027966415 Duration=207
Task=96 Chunk=1 Start=4082027966445 End=4082027966728 Duration=283
Task=96 Chunk=2 Start=4082029265855 End=4082029355717 Duration=89862
Task=96 Chunk=3 Start=4082029355726 End=4082029370736 Duration=15010
Task=97 Chunk=0 Start=4082028057739 End=4082028057978 Duration=239
Task=97 Chunk=1 Start=4082028057983 End=4082028058272 Duration=289
Task=97 Chunk=2 Start=4082029355721 End=4082029447148 Duration=91427
Task=97 Chunk=3 Start=4082029447157 End=4082029462240 Duration=15083
Task=98 Chunk=0 Start=4082028149394 End=4082028149590 Duration=196
Task=98 Chunk=1 Start=4082028149624 End=4082028149893 Duration=269
Task=98 Chunk=2 Start=4082029447151 End=4082029537344 Duration=90193
Task=98 Chunk=3 Start=4082029537360 End=4082029552504 Duration=15144
Task=99 Chunk=0 Start=4082028241127 End=4082028241335 Duration=208
Task=99 Chunk=1 Start=4082028241341 End=4082028241766 Duration=425
Task=99 Chunk=2 Start=4082029537346 End=4082029627967 Duration=90621
Task=99 Chunk=3 Start=4082029627979 End=4082029643123 Duration=15144
### Python End ###

--------------------------------
[2025-06-26 18:22:25.779] [info] Available Vulkan Layers:
[2025-06-26 18:22:25.779] [warning] Validation layer requested but not available, continuing without it...
[2025-06-26 18:22:25.784] [info] Using integrated GPU: Mali-G710
### Python Begin ###
Schedule_UID=SCH-M1G6B2-G6606-19ef
Frequency=24576000 Hz
Task=0 Chunk=0 Start=4082037048358 End=4082037077836 Duration=29478
Task=0 Chunk=1 Start=4082037077869 End=4082037296185 Duration=218316
Task=0 Chunk=2 Start=4082037296201 End=4082037851756 Duration=555555
Task=1 Chunk=0 Start=4082037077866 End=4082037078626 Duration=760
Task=1 Chunk=1 Start=4082037296192 End=4082037416422 Duration=120230
Task=1 Chunk=2 Start=4082037851788 End=4082037905996 Duration=54208
Task=2 Chunk=0 Start=4082037078627 End=4082037078747 Duration=120
Task=2 Chunk=1 Start=4082037416426 End=4082037535642 Duration=119216
Task=2 Chunk=2 Start=4082037906004 End=4082037959928 Duration=53924
Task=3 Chunk=0 Start=4082037078748 End=4082037078860 Duration=112
Task=3 Chunk=1 Start=4082037535645 End=4082037656007 Duration=120362
Task=3 Chunk=2 Start=4082037959931 End=4082038013196 Duration=53265
Task=4 Chunk=0 Start=4082037078861 End=4082037078958 Duration=97
Task=4 Chunk=1 Start=4082037656009 End=4082037795973 Duration=139964
Task=4 Chunk=2 Start=4082038013200 End=4082038065033 Duration=51833
Task=5 Chunk=0 Start=4082037078959 End=4082037079055 Duration=96
Task=5 Chunk=1 Start=4082037795985 End=4082037920165 Duration=124180
Task=5 Chunk=2 Start=4082038065034 End=4082038117697 Duration=52663
Task=6 Chunk=0 Start=4082037079056 End=4082037079150 Duration=94
Task=6 Chunk=1 Start=4082037920174 End=4082038056943 Duration=136769
Task=6 Chunk=2 Start=4082038117698 End=4082038167553 Duration=49855
Task=7 Chunk=0 Start=4082037079150 End=4082037079246 Duration=96
Task=7 Chunk=1 Start=4082038056947 End=4082038203393 Duration=146446
Task=7 Chunk=2 Start=4082038203407 End=4082038245793 Duration=42386
Task=8 Chunk=0 Start=4082037079247 End=4082037079335 Duration=88
Task=8 Chunk=1 Start=4082038203405 End=4082038336009 Duration=132604
Task=8 Chunk=2 Start=4082038336163 End=4082038379560 Duration=43397
Task=9 Chunk=0 Start=4082037079335 End=4082037079421 Duration=86
Task=9 Chunk=1 Start=4082038336026 End=4082038461128 Duration=125102
Task=9 Chunk=2 Start=4082038461138 End=4082038482307 Duration=21169
Task=10 Chunk=0 Start=4082037079422 End=4082037079510 Duration=88
Task=10 Chunk=1 Start=4082038461134 End=4082038586813 Duration=125679
Task=10 Chunk=2 Start=4082038586820 End=4082038608158 Duration=21338
Task=11 Chunk=0 Start=4082037079511 End=4082037079595 Duration=84
Task=11 Chunk=1 Start=4082038586820 End=4082038713355 Duration=126535
Task=11 Chunk=2 Start=4082038714721 End=4082038733637 Duration=18916
Task=12 Chunk=0 Start=4082037079596 End=4082037079688 Duration=92
Task=12 Chunk=1 Start=4082038713363 End=4082038848805 Duration=135442
Task=12 Chunk=2 Start=4082038848828 End=4082038871009 Duration=22181
Task=13 Chunk=0 Start=4082037079689 End=4082037079763 Duration=74
Task=13 Chunk=1 Start=4082038848819 End=4082038973692 Duration=124873
Task=13 Chunk=2 Start=4082038973709 End=4082038992678 Duration=18969
Task=14 Chunk=0 Start=4082037079763 End=4082037079835 Duration=72
Task=14 Chunk=1 Start=4082038973704 End=4082039104429 Duration=130725
Task=14 Chunk=2 Start=4082039104449 End=4082039122547 Duration=18098
Task=15 Chunk=0 Start=4082037851795 End=4082037852197 Duration=402
Task=15 Chunk=1 Start=4082039104442 End=4082039231412 Duration=126970
Task=15 Chunk=2 Start=4082039231429 End=4082039248211 Duration=16782
Task=16 Chunk=0 Start=4082037906005 End=4082037906194 Duration=189
Task=16 Chunk=1 Start=4082039231424 End=4082039361583 Duration=130159
Task=16 Chunk=2 Start=4082039361599 End=4082039376641 Duration=15042
Task=17 Chunk=0 Start=4082037959952 End=4082037960121 Duration=169
Task=17 Chunk=1 Start=4082039361591 End=4082039487656 Duration=126065
Task=17 Chunk=2 Start=4082039487672 End=4082039502763 Duration=15091
Task=18 Chunk=0 Start=4082038013217 End=4082038013377 Duration=160
Task=18 Chunk=1 Start=4082039487665 End=4082039612706 Duration=125041
Task=18 Chunk=2 Start=4082039612715 End=4082039627833 Duration=15118
Task=19 Chunk=0 Start=4082038065061 End=4082038065223 Duration=162
Task=19 Chunk=1 Start=4082039612716 End=4082039737868 Duration=125152
Task=19 Chunk=2 Start=4082039737883 End=4082039753298 Duration=15415
Task=20 Chunk=0 Start=4082038117713 End=4082038117881 Duration=168
Task=20 Chunk=1 Start=4082039737881 End=4082039863162 Duration=125281
Task=20 Chunk=2 Start=4082039863174 End=4082039878539 Duration=15365
Task=21 Chunk=0 Start=4082038167588 End=4082038167719 Duration=131
Task=21 Chunk=1 Start=4082039863175 End=4082039989483 Duration=126308
Task=21 Chunk=2 Start=4082039989492 End=4082040004819 Duration=15327
Task=22 Chunk=0 Start=4082038245805 End=4082038245890 Duration=85
Task=22 Chunk=1 Start=4082039989493 End=4082040112186 Duration=122693
Task=22 Chunk=2 Start=4082040112199 End=4082040127301 Duration=15102
Task=23 Chunk=0 Start=4082038379581 End=4082038379669 Duration=88
Task=23 Chunk=1 Start=4082040112195 End=4082040239110 Duration=126915
Task=23 Chunk=2 Start=4082040239128 End=4082040254951 Duration=15823
Task=24 Chunk=0 Start=4082038482328 End=4082038482428 Duration=100
Task=24 Chunk=1 Start=4082040239121 End=4082040355676 Duration=116555
Task=24 Chunk=2 Start=4082040355687 End=4082040370639 Duration=14952
Task=25 Chunk=0 Start=4082038608180 End=4082038608278 Duration=98
Task=25 Chunk=1 Start=4082040355686 End=4082040468798 Duration=113112
Task=25 Chunk=2 Start=4082040468806 End=4082040483674 Duration=14868
Task=26 Chunk=0 Start=4082038733666 End=4082038733750 Duration=84
Task=26 Chunk=1 Start=4082040468807 End=4082040586916 Duration=118109
Task=26 Chunk=2 Start=4082040586932 End=4082040602368 Duration=15436
Task=27 Chunk=0 Start=4082038871023 End=4082038871106 Duration=83
Task=27 Chunk=1 Start=4082040586926 End=4082040712310 Duration=125384
Task=27 Chunk=2 Start=4082040712321 End=4082040727950 Duration=15629
Task=28 Chunk=0 Start=4082038992699 End=4082038992783 Duration=84
Task=28 Chunk=1 Start=4082040712321 End=4082040843367 Duration=131046
Task=28 Chunk=2 Start=4082040843375 End=4082040860324 Duration=16949
Task=29 Chunk=0 Start=4082039122560 End=4082039122656 Duration=96
Task=29 Chunk=1 Start=4082040843377 End=4082040978623 Duration=135246
Task=29 Chunk=2 Start=4082040978633 End=4082040995444 Duration=16811
Task=30 Chunk=0 Start=4082039248221 End=4082039248329 Duration=108
Task=30 Chunk=1 Start=4082040978632 End=4082041113821 Duration=135189
Task=30 Chunk=2 Start=4082041113836 End=4082041130773 Duration=16937
Task=31 Chunk=0 Start=4082039376657 End=4082039376743 Duration=86
Task=31 Chunk=1 Start=4082041113831 End=4082041249424 Duration=135593
Task=31 Chunk=2 Start=4082041249433 End=4082041266369 Duration=16936
Task=32 Chunk=0 Start=4082039502787 End=4082039502879 Duration=92
Task=32 Chunk=1 Start=4082041249433 End=4082041384963 Duration=135530
Task=32 Chunk=2 Start=4082041384981 End=4082041401893 Duration=16912
Task=33 Chunk=0 Start=4082039627847 End=4082039627927 Duration=80
Task=33 Chunk=1 Start=4082041384974 End=4082041521171 Duration=136197
Task=33 Chunk=2 Start=4082041521186 End=4082041538125 Duration=16939
Task=34 Chunk=0 Start=4082039753313 End=4082039753399 Duration=86
Task=34 Chunk=1 Start=4082041521181 End=4082041657113 Duration=135932
Task=34 Chunk=2 Start=4082041657129 End=4082041674126 Duration=16997
Task=35 Chunk=0 Start=4082039878545 End=4082039878628 Duration=83
Task=35 Chunk=1 Start=4082041657123 End=4082041795669 Duration=138546
Task=35 Chunk=2 Start=4082041795680 End=4082041812844 Duration=17164
Task=36 Chunk=0 Start=4082040004825 End=4082040004908 Duration=83
Task=36 Chunk=1 Start=4082041795679 End=4082041936266 Duration=140587
Task=36 Chunk=2 Start=4082041936280 End=4082041955763 Duration=19483
Task=37 Chunk=0 Start=4082040127321 End=4082040127405 Duration=84
Task=37 Chunk=1 Start=4082041936276 End=4082042084923 Duration=148647
Task=37 Chunk=2 Start=4082042084935 End=4082042104865 Duration=19930
Task=38 Chunk=0 Start=4082040254961 End=4082040255050 Duration=89
Task=38 Chunk=1 Start=4082042084933 End=4082042247775 Duration=162842
Task=38 Chunk=2 Start=4082042247792 End=4082042267266 Duration=19474
Task=39 Chunk=0 Start=4082040370662 End=4082040370782 Duration=120
Task=39 Chunk=1 Start=4082042247785 End=4082042396949 Duration=149164
Task=39 Chunk=2 Start=4082042396963 End=4082042416094 Duration=19131
Task=40 Chunk=0 Start=4082040483684 End=4082040483765 Duration=81
Task=40 Chunk=1 Start=4082042396958 End=4082042545788 Duration=148830
Task=40 Chunk=2 Start=4082042545798 End=4082042564868 Duration=19070
Task=41 Chunk=0 Start=4082040602378 End=4082040602460 Duration=82
Task=41 Chunk=1 Start=4082042545798 End=4082042694385 Duration=148587
Task=41 Chunk=2 Start=4082042694398 End=4082042713224 Duration=18826
Task=42 Chunk=0 Start=4082040727968 End=4082040728057 Duration=89
Task=42 Chunk=1 Start=4082042694394 End=4082042842716 Duration=148322
Task=42 Chunk=2 Start=4082042842727 End=4082042860837 Duration=18110
Task=43 Chunk=0 Start=4082040860328 End=4082040860417 Duration=89
Task=43 Chunk=1 Start=4082042842726 End=4082042990923 Duration=148197
Task=43 Chunk=2 Start=4082042990936 End=4082043009701 Duration=18765
Task=44 Chunk=0 Start=4082040995455 End=4082040995544 Duration=89
Task=44 Chunk=1 Start=4082042990933 End=4082043138769 Duration=147836
Task=44 Chunk=2 Start=4082043138786 End=4082043157475 Duration=18689
Task=45 Chunk=0 Start=4082041130800 End=4082041130887 Duration=87
Task=45 Chunk=1 Start=4082043138779 End=4082043287198 Duration=148419
Task=45 Chunk=2 Start=4082043287210 End=4082043305392 Duration=18182
Task=46 Chunk=0 Start=4082041266395 End=4082041266502 Duration=107
Task=46 Chunk=1 Start=4082043287208 End=4082043436877 Duration=149669
Task=46 Chunk=2 Start=4082043436893 End=4082043455170 Duration=18277
Task=47 Chunk=0 Start=4082041401926 End=4082041402023 Duration=97
Task=47 Chunk=1 Start=4082043436887 End=4082043583351 Duration=146464
Task=47 Chunk=2 Start=4082043583364 End=4082043601660 Duration=18296
Task=48 Chunk=0 Start=4082041538153 End=4082041538264 Duration=111
Task=48 Chunk=1 Start=4082043583361 End=4082043732810 Duration=149449
Task=48 Chunk=2 Start=4082043732827 End=4082043751409 Duration=18582
Task=49 Chunk=0 Start=4082041674131 End=4082041674249 Duration=118
Task=49 Chunk=1 Start=4082043732820 End=4082043881892 Duration=149072
Task=49 Chunk=2 Start=4082043881908 End=4082043900389 Duration=18481
Task=50 Chunk=0 Start=4082041812882 End=4082041812976 Duration=94
Task=50 Chunk=1 Start=4082043881901 End=4082044028844 Duration=146943
Task=50 Chunk=2 Start=4082044028853 End=4082044047205 Duration=18352
Task=51 Chunk=0 Start=4082041955788 End=4082041955902 Duration=114
Task=51 Chunk=1 Start=4082044028854 End=4082044176999 Duration=148145
Task=51 Chunk=2 Start=4082044177013 End=4082044195340 Duration=18327
Task=52 Chunk=0 Start=4082042104905 End=4082042105014 Duration=109
Task=52 Chunk=1 Start=4082044177009 End=4082044325452 Duration=148443
Task=52 Chunk=2 Start=4082044325461 End=4082044342791 Duration=17330
Task=53 Chunk=0 Start=4082042267279 End=4082042267408 Duration=129
Task=53 Chunk=1 Start=4082044325463 End=4082044472941 Duration=147478
Task=53 Chunk=2 Start=4082044472955 End=4082044490888 Duration=17933
Task=54 Chunk=0 Start=4082042416116 End=4082042416211 Duration=95
Task=54 Chunk=1 Start=4082044472951 End=4082044626781 Duration=153830
Task=54 Chunk=2 Start=4082044626795 End=4082044645135 Duration=18340
Task=55 Chunk=0 Start=4082042564881 End=4082042564990 Duration=109
Task=55 Chunk=1 Start=4082044626791 End=4082044776020 Duration=149229
Task=55 Chunk=2 Start=4082044776030 End=4082044794827 Duration=18797
Task=56 Chunk=0 Start=4082042713253 End=4082042713359 Duration=106
Task=56 Chunk=1 Start=4082044776030 End=4082044925037 Duration=149007
Task=56 Chunk=2 Start=4082044925049 End=4082044943366 Duration=18317
Task=57 Chunk=0 Start=4082042860852 End=4082042860946 Duration=94
Task=57 Chunk=1 Start=4082044925046 End=4082045074316 Duration=149270
Task=57 Chunk=2 Start=4082045074326 End=4082045091864 Duration=17538
Task=58 Chunk=0 Start=4082043009719 End=4082043009822 Duration=103
Task=58 Chunk=1 Start=4082045074326 End=4082045223157 Duration=148831
Task=58 Chunk=2 Start=4082045223165 End=4082045242406 Duration=19241
Task=59 Chunk=0 Start=4082043157488 End=4082043157635 Duration=147
Task=59 Chunk=1 Start=4082045223167 End=4082045373479 Duration=150312
Task=59 Chunk=2 Start=4082045373495 End=4082045391772 Duration=18277
Task=60 Chunk=0 Start=4082043305425 End=4082043305521 Duration=96
Task=60 Chunk=1 Start=4082045373489 End=4082045521916 Duration=148427
Task=60 Chunk=2 Start=4082045521928 End=4082045540410 Duration=18482
Task=61 Chunk=0 Start=4082043455182 End=4082043455300 Duration=118
Task=61 Chunk=1 Start=4082045521925 End=4082045670731 Duration=148806
Task=61 Chunk=2 Start=4082045670745 End=4082045688411 Duration=17666
Task=62 Chunk=0 Start=4082043601682 End=4082043601807 Duration=125
Task=62 Chunk=1 Start=4082045670741 End=4082045820205 Duration=149464
Task=62 Chunk=2 Start=4082045820223 End=4082045838905 Duration=18682
Task=63 Chunk=0 Start=4082043751421 End=4082043751514 Duration=93
Task=63 Chunk=1 Start=4082045820216 End=4082045970378 Duration=150162
Task=63 Chunk=2 Start=4082045970387 End=4082045987832 Duration=17445
Task=64 Chunk=0 Start=4082043900416 End=4082043900511 Duration=95
Task=64 Chunk=1 Start=4082045970388 End=4082046122374 Duration=151986
Task=64 Chunk=2 Start=4082046122391 End=4082046141388 Duration=18997
Task=65 Chunk=0 Start=4082044047221 End=4082044047314 Duration=93
Task=65 Chunk=1 Start=4082046122384 End=4082046278427 Duration=156043
Task=65 Chunk=2 Start=4082046278440 End=4082046296211 Duration=17771
Task=66 Chunk=0 Start=4082044195364 End=4082044195461 Duration=97
Task=66 Chunk=1 Start=4082046278436 End=4082046427002 Duration=148566
Task=66 Chunk=2 Start=4082046427016 End=4082046444271 Duration=17255
Task=67 Chunk=0 Start=4082044342809 End=4082044342908 Duration=99
Task=67 Chunk=1 Start=4082046427012 End=4082046576410 Duration=149398
Task=67 Chunk=2 Start=4082046576422 End=4082046593467 Duration=17045
Task=68 Chunk=0 Start=4082044490909 End=4082044491021 Duration=112
Task=68 Chunk=1 Start=4082046576421 End=4082046724615 Duration=148194
Task=68 Chunk=2 Start=4082046724625 End=4082046742005 Duration=17380
Task=69 Chunk=0 Start=4082044645145 End=4082044645253 Duration=108
Task=69 Chunk=1 Start=4082046724625 End=4082046872062 Duration=147437
Task=69 Chunk=2 Start=4082046872073 End=4082046889957 Duration=17884
Task=70 Chunk=0 Start=4082044794843 End=4082044794952 Duration=109
Task=70 Chunk=1 Start=4082046872071 End=4082047021417 Duration=149346
Task=70 Chunk=2 Start=4082047021432 End=4082047039429 Duration=17997
Task=71 Chunk=0 Start=4082044943390 End=4082044943517 Duration=127
Task=71 Chunk=1 Start=4082047021427 End=4082047174068 Duration=152641
Task=71 Chunk=2 Start=4082047174083 End=4082047191664 Duration=17581
Task=72 Chunk=0 Start=4082045091879 End=4082045092003 Duration=124
Task=72 Chunk=1 Start=4082047174078 End=4082047321548 Duration=147470
Task=72 Chunk=2 Start=4082047321565 End=4082047338823 Duration=17258
Task=73 Chunk=0 Start=4082045242410 End=4082045242513 Duration=103
Task=73 Chunk=1 Start=4082047321558 End=4082047470797 Duration=149239
Task=73 Chunk=2 Start=4082047470810 End=4082047488368 Duration=17558
Task=74 Chunk=0 Start=4082045391791 End=4082045391884 Duration=93
Task=74 Chunk=1 Start=4082047470807 End=4082047618274 Duration=147467
Task=74 Chunk=2 Start=4082047618284 End=4082047635986 Duration=17702
Task=75 Chunk=0 Start=4082045540440 End=4082045540551 Duration=111
Task=75 Chunk=1 Start=4082047618281 End=4082047768636 Duration=150355
Task=75 Chunk=2 Start=4082047768649 End=4082047785780 Duration=17131
Task=76 Chunk=0 Start=4082045688432 End=4082045688544 Duration=112
Task=76 Chunk=1 Start=4082047768647 End=4082047919672 Duration=151025
Task=76 Chunk=2 Start=4082047919688 End=4082047936942 Duration=17254
Task=77 Chunk=0 Start=4082045838933 End=4082045839025 Duration=92
Task=77 Chunk=1 Start=4082047919683 End=4082048069392 Duration=149709
Task=77 Chunk=2 Start=4082048069402 End=4082048086644 Duration=17242
Task=78 Chunk=0 Start=4082045987859 End=4082045987993 Duration=134
Task=78 Chunk=1 Start=4082048069402 End=4082048218629 Duration=149227
Task=78 Chunk=2 Start=4082048218641 End=4082048235804 Duration=17163
Task=79 Chunk=0 Start=4082046141409 End=4082046141518 Duration=109
Task=79 Chunk=1 Start=4082048218639 End=4082048367607 Duration=148968
Task=79 Chunk=2 Start=4082048367624 End=4082048385210 Duration=17586
Task=80 Chunk=0 Start=4082046296232 End=4082046296375 Duration=143
Task=80 Chunk=1 Start=4082048367617 End=4082048515076 Duration=147459
Task=80 Chunk=2 Start=4082048515087 End=4082048532384 Duration=17297
Task=81 Chunk=0 Start=4082046444291 End=4082046444426 Duration=135
Task=81 Chunk=1 Start=4082048515086 End=4082048663431 Duration=148345
Task=81 Chunk=2 Start=4082048663442 End=4082048681609 Duration=18167
Task=82 Chunk=0 Start=4082046593492 End=4082046593620 Duration=128
Task=82 Chunk=1 Start=4082048663441 End=4082048814625 Duration=151184
Task=82 Chunk=2 Start=4082048814638 End=4082048831393 Duration=16755
Task=83 Chunk=0 Start=4082046742015 End=4082046742113 Duration=98
Task=83 Chunk=1 Start=4082048814634 End=4082048963780 Duration=149146
Task=83 Chunk=2 Start=4082048963795 End=4082048981761 Duration=17966
Task=84 Chunk=0 Start=4082046889969 End=4082046890090 Duration=121
Task=84 Chunk=1 Start=4082048963789 End=4082049113534 Duration=149745
Task=84 Chunk=2 Start=4082049113549 End=4082049130839 Duration=17290
Task=85 Chunk=0 Start=4082047039449 End=4082047039544 Duration=95
Task=85 Chunk=1 Start=4082049113544 End=4082049257420 Duration=143876
Task=85 Chunk=2 Start=4082049257428 End=4082049276171 Duration=18743
Task=86 Chunk=0 Start=4082047191679 End=4082047191774 Duration=95
Task=86 Chunk=1 Start=4082049257425 End=4082049405164 Duration=147739
Task=86 Chunk=2 Start=4082049405174 End=4082049422547 Duration=17373
Task=87 Chunk=0 Start=4082047338836 End=4082047338933 Duration=97
Task=87 Chunk=1 Start=4082049405173 End=4082049538845 Duration=133672
Task=87 Chunk=2 Start=4082049538854 End=4082049555568 Duration=16714
Task=88 Chunk=0 Start=4082047488378 End=4082047488481 Duration=103
Task=88 Chunk=1 Start=4082049538853 End=4082049704154 Duration=165301
Task=88 Chunk=2 Start=4082049704163 End=4082049721740 Duration=17577
Task=89 Chunk=0 Start=4082047636004 End=4082047636130 Duration=126
Task=89 Chunk=1 Start=4082049704159 End=4082049853496 Duration=149337
Task=89 Chunk=2 Start=4082049853504 End=4082049871693 Duration=18189
Task=90 Chunk=0 Start=4082047785807 End=4082047785903 Duration=96
Task=90 Chunk=1 Start=4082049853501 End=4082050005937 Duration=152436
Task=90 Chunk=2 Start=4082050005945 End=4082050023662 Duration=17717
Task=91 Chunk=0 Start=4082047936966 End=4082047937063 Duration=97
Task=91 Chunk=1 Start=4082050005942 End=4082050157476 Duration=151534
Task=91 Chunk=2 Start=4082050157486 End=4082050175013 Duration=17527
Task=92 Chunk=0 Start=4082048086658 End=4082048086783 Duration=125
Task=92 Chunk=1 Start=4082050157481 End=4082050308214 Duration=150733
Task=92 Chunk=2 Start=4082050308225 End=4082050325553 Duration=17328
Task=93 Chunk=0 Start=4082048235809 End=4082048235922 Duration=113
Task=93 Chunk=1 Start=4082050308219 End=4082050456046 Duration=147827
Task=93 Chunk=2 Start=4082050456057 End=4082050473209 Duration=17152
Task=94 Chunk=0 Start=4082048385232 End=4082048385358 Duration=126
Task=94 Chunk=1 Start=4082050456051 End=4082050606108 Duration=150057
Task=94 Chunk=2 Start=4082050606116 End=4082050623743 Duration=17627
Task=95 Chunk=0 Start=4082048532405 End=4082048532497 Duration=92
Task=95 Chunk=1 Start=4082050606112 End=4082050753195 Duration=147083
Task=95 Chunk=2 Start=4082050753203 End=4082050770506 Duration=17303
Task=96 Chunk=0 Start=4082048681647 End=4082048681789 Duration=142
Task=96 Chunk=1 Start=4082050753200 End=4082050902221 Duration=149021
Task=96 Chunk=2 Start=4082050902229 End=4082050919591 Duration=17362
Task=97 Chunk=0 Start=4082048831409 End=4082048831526 Duration=117
Task=97 Chunk=1 Start=4082050902229 End=4082051051042 Duration=148813
Task=97 Chunk=2 Start=4082051051050 End=4082051068091 Duration=17041
Task=98 Chunk=0 Start=4082048981769 End=4082048981866 Duration=97
Task=98 Chunk=1 Start=4082051051047 End=4082051200828 Duration=149781
Task=98 Chunk=2 Start=4082051200835 End=4082051218198 Duration=17363
Task=99 Chunk=0 Start=4082049130851 End=4082049130959 Duration=108
Task=99 Chunk=1 Start=4082051200833 End=4082051347307 Duration=146474
Task=99 Chunk=2 Start=4082051347318 End=4082051364696 Duration=17378
### Python End ###

--------------------------------
[2025-06-26 18:22:26.709] [info] Available Vulkan Layers:
[2025-06-26 18:22:26.710] [warning] Validation layer requested but not available, continuing without it...
[2025-06-26 18:22:26.718] [info] Using integrated GPU: Mali-G710
### Python Begin ###
Schedule_UID=SCH-B1G6L2-G6633-48b2
Frequency=24576000 Hz
Task=0 Chunk=0 Start=4082060282422 End=4082060342897 Duration=60475
Task=0 Chunk=1 Start=4082060342916 End=4082060586096 Duration=243180
Task=0 Chunk=2 Start=4082060586120 End=4082060909169 Duration=323049
Task=1 Chunk=0 Start=4082060342901 End=4082060343057 Duration=156
Task=1 Chunk=1 Start=4082060586107 End=4082060712279 Duration=126172
Task=1 Chunk=2 Start=4082060909186 End=4082060938365 Duration=29179
Task=2 Chunk=0 Start=4082060343058 End=4082060343125 Duration=67
Task=2 Chunk=1 Start=4082060712319 End=4082060834695 Duration=122376
Task=2 Chunk=2 Start=4082060938380 End=4082060966850 Duration=28470
Task=3 Chunk=0 Start=4082060343126 End=4082060343177 Duration=51
Task=3 Chunk=1 Start=4082060834722 End=4082060960852 Duration=126130
Task=3 Chunk=2 Start=4082060966856 End=4082060998696 Duration=31840
Task=4 Chunk=0 Start=4082060343178 End=4082060343231 Duration=53
Task=4 Chunk=1 Start=4082060960853 End=4082061079898 Duration=119045
Task=4 Chunk=2 Start=4082061079920 End=4082061109406 Duration=29486
Task=5 Chunk=0 Start=4082060343231 End=4082060343282 Duration=51
Task=5 Chunk=1 Start=4082061079910 End=4082061215497 Duration=135587
Task=5 Chunk=2 Start=4082061215513 End=4082061245497 Duration=29984
Task=6 Chunk=0 Start=4082060343283 End=4082060343337 Duration=54
Task=6 Chunk=1 Start=4082061215506 End=4082061345705 Duration=130199
Task=6 Chunk=2 Start=4082061345741 End=4082061390559 Duration=44818
Task=7 Chunk=0 Start=4082060343337 End=4082060343386 Duration=49
Task=7 Chunk=1 Start=4082061345710 End=4082061476097 Duration=130387
Task=7 Chunk=2 Start=4082061476131 End=4082061506087 Duration=29956
Task=8 Chunk=0 Start=4082060343387 End=4082060343434 Duration=47
Task=8 Chunk=1 Start=4082061476110 End=4082061612827 Duration=136717
Task=8 Chunk=2 Start=4082061612857 End=4082061642217 Duration=29360
Task=9 Chunk=0 Start=4082060343435 End=4082060343480 Duration=45
Task=9 Chunk=1 Start=4082061612840 End=4082061744992 Duration=132152
Task=9 Chunk=2 Start=4082061745022 End=4082061775533 Duration=30511
Task=10 Chunk=0 Start=4082060343481 End=4082060343526 Duration=45
Task=10 Chunk=1 Start=4082061744996 End=4082061878160 Duration=133164
Task=10 Chunk=2 Start=4082061878177 End=4082061907653 Duration=29476
Task=11 Chunk=0 Start=4082060343527 End=4082060343570 Duration=43
Task=11 Chunk=1 Start=4082061878167 End=4082062012625 Duration=134458
Task=11 Chunk=2 Start=4082062012658 End=4082062042093 Duration=29435
Task=12 Chunk=0 Start=4082060343571 End=4082060343615 Duration=44
Task=12 Chunk=1 Start=4082062012642 End=4082062145295 Duration=132653
Task=12 Chunk=2 Start=4082062145316 End=4082062176033 Duration=30717
Task=13 Chunk=0 Start=4082060343616 End=4082060343658 Duration=42
Task=13 Chunk=1 Start=4082062145306 End=4082062278832 Duration=133526
Task=13 Chunk=2 Start=4082062278868 End=4082062308490 Duration=29622
Task=14 Chunk=0 Start=4082060343659 End=4082060343701 Duration=42
Task=14 Chunk=1 Start=4082062278851 End=4082062410664 Duration=131813
Task=14 Chunk=2 Start=4082062410683 End=4082062440070 Duration=29387
Task=15 Chunk=0 Start=4082060909187 End=4082060909358 Duration=171
Task=15 Chunk=1 Start=4082062410674 End=4082062541216 Duration=130542
Task=15 Chunk=2 Start=4082062541253 End=4082062572195 Duration=30942
Task=16 Chunk=0 Start=4082060938384 End=4082060938454 Duration=70
Task=16 Chunk=1 Start=4082062541229 End=4082062685229 Duration=144000
Task=16 Chunk=2 Start=4082062685259 End=4082062715056 Duration=29797
Task=17 Chunk=0 Start=4082060966863 End=4082060966914 Duration=51
Task=17 Chunk=1 Start=4082062685240 End=4082062824012 Duration=138772
Task=17 Chunk=2 Start=4082062824027 End=4082062856326 Duration=32299
Task=18 Chunk=0 Start=4082060998705 End=4082060998749 Duration=44
Task=18 Chunk=1 Start=4082062824023 End=4082062959649 Duration=135626
Task=18 Chunk=2 Start=4082062959690 End=4082062989345 Duration=29655
Task=19 Chunk=0 Start=4082061109421 End=4082061109472 Duration=51
Task=19 Chunk=1 Start=4082062959664 End=4082063094566 Duration=134902
Task=19 Chunk=2 Start=4082063094600 End=4082063124587 Duration=29987
Task=20 Chunk=0 Start=4082061245509 End=4082061245550 Duration=41
Task=20 Chunk=1 Start=4082063094570 End=4082063235033 Duration=140463
Task=20 Chunk=2 Start=4082063235068 End=4082063266002 Duration=30934
Task=21 Chunk=0 Start=4082061390582 End=4082061390623 Duration=41
Task=21 Chunk=1 Start=4082063235043 End=4082063371947 Duration=136904
Task=21 Chunk=2 Start=4082063371962 End=4082063402096 Duration=30134
Task=22 Chunk=0 Start=4082061506101 End=4082061506143 Duration=42
Task=22 Chunk=1 Start=4082063371954 End=4082063495622 Duration=123668
Task=22 Chunk=2 Start=4082063495642 End=4082063527094 Duration=31452
Task=23 Chunk=0 Start=4082061642234 End=4082061642288 Duration=54
Task=23 Chunk=1 Start=4082063495632 End=4082063631130 Duration=135498
Task=23 Chunk=2 Start=4082063631160 End=4082063662639 Duration=31479
Task=24 Chunk=0 Start=4082061775553 End=4082061775597 Duration=44
Task=24 Chunk=1 Start=4082063631143 End=4082063779622 Duration=148479
Task=24 Chunk=2 Start=4082063779670 End=4082063810221 Duration=30551
Task=25 Chunk=0 Start=4082061907668 End=4082061907727 Duration=59
Task=25 Chunk=1 Start=4082063779626 End=4082063930102 Duration=150476
Task=25 Chunk=2 Start=4082063930129 End=4082063961208 Duration=31079
Task=26 Chunk=0 Start=4082062042114 End=4082062042154 Duration=40
Task=26 Chunk=1 Start=4082063930115 End=4082064079694 Duration=149579
Task=26 Chunk=2 Start=4082064079735 End=4082064110018 Duration=30283
Task=27 Chunk=0 Start=4082062176052 End=4082062176095 Duration=43
Task=27 Chunk=1 Start=4082064079707 End=4082064230073 Duration=150366
Task=27 Chunk=2 Start=4082064230099 End=4082064260707 Duration=30608
Task=28 Chunk=0 Start=4082062308513 End=4082062308559 Duration=46
Task=28 Chunk=1 Start=4082064230095 End=4082064377114 Duration=147019
Task=28 Chunk=2 Start=4082064377130 End=4082064407853 Duration=30723
Task=29 Chunk=0 Start=4082062440090 End=4082062440130 Duration=40
Task=29 Chunk=1 Start=4082064377125 End=4082064525876 Duration=148751
Task=29 Chunk=2 Start=4082064525902 End=4082064556567 Duration=30665
Task=30 Chunk=0 Start=4082062572208 End=4082062572253 Duration=45
Task=30 Chunk=1 Start=4082064525896 End=4082064672627 Duration=146731
Task=30 Chunk=2 Start=4082064672667 End=4082064706968 Duration=34301
Task=31 Chunk=0 Start=4082062715077 End=4082062715117 Duration=40
Task=31 Chunk=1 Start=4082064672637 End=4082064840630 Duration=167993
Task=31 Chunk=2 Start=4082064840661 End=4082064872491 Duration=31830
Task=32 Chunk=0 Start=4082062856353 End=4082062856395 Duration=42
Task=32 Chunk=1 Start=4082064840644 End=4082065002627 Duration=161983
Task=32 Chunk=2 Start=4082065002642 End=4082065035042 Duration=32400
Task=33 Chunk=0 Start=4082062989363 End=4082062989413 Duration=50
Task=33 Chunk=1 Start=4082065002637 End=4082065163546 Duration=160909
Task=33 Chunk=2 Start=4082065163573 End=4082065195103 Duration=31530
Task=34 Chunk=0 Start=4082063124615 End=4082063124655 Duration=40
Task=34 Chunk=1 Start=4082065163568 End=4082065325297 Duration=161729
Task=34 Chunk=2 Start=4082065325337 End=4082065358588 Duration=33251
Task=35 Chunk=0 Start=4082063266016 End=4082063266064 Duration=48
Task=35 Chunk=1 Start=4082065325319 End=4082065484077 Duration=158758
Task=35 Chunk=2 Start=4082065484107 End=4082065519063 Duration=34956
Task=36 Chunk=0 Start=4082063402112 End=4082063402173 Duration=61
Task=36 Chunk=1 Start=4082065484087 End=4082065643887 Duration=159800
Task=36 Chunk=2 Start=4082065643912 End=4082065675971 Duration=32059
Task=37 Chunk=0 Start=4082063527100 End=4082063527144 Duration=44
Task=37 Chunk=1 Start=4082065643908 End=4082065801853 Duration=157945
Task=37 Chunk=2 Start=4082065801889 End=4082065833077 Duration=31188
Task=38 Chunk=0 Start=4082063662668 End=4082063662709 Duration=41
Task=38 Chunk=1 Start=4082065801865 End=4082065958847 Duration=156982
Task=38 Chunk=2 Start=4082065958871 End=4082065991448 Duration=32577
Task=39 Chunk=0 Start=4082063810256 End=4082063810304 Duration=48
Task=39 Chunk=1 Start=4082065958857 End=4082066115077 Duration=156220
Task=39 Chunk=2 Start=4082066115110 End=4082066146389 Duration=31279
Task=40 Chunk=0 Start=4082063961236 End=4082063961278 Duration=42
Task=40 Chunk=1 Start=4082066115101 End=4082066274797 Duration=159696
Task=40 Chunk=2 Start=4082066274840 End=4082066309743 Duration=34903
Task=41 Chunk=0 Start=4082064110068 End=4082064110108 Duration=40
Task=41 Chunk=1 Start=4082066274816 End=4082066433748 Duration=158932
Task=41 Chunk=2 Start=4082066433795 End=4082066465006 Duration=31211
Task=42 Chunk=0 Start=4082064260736 End=4082064260777 Duration=41
Task=42 Chunk=1 Start=4082066433768 End=4082066592104 Duration=158336
Task=42 Chunk=2 Start=4082066592145 End=4082066623811 Duration=31666
Task=43 Chunk=0 Start=4082064407884 End=4082064407927 Duration=43
Task=43 Chunk=1 Start=4082066592120 End=4082066750324 Duration=158204
Task=43 Chunk=2 Start=4082066750364 End=4082066786801 Duration=36437
Task=44 Chunk=0 Start=4082064556603 End=4082064556645 Duration=42
Task=44 Chunk=1 Start=4082066750340 End=4082066915868 Duration=165528
Task=44 Chunk=2 Start=4082066915908 End=4082066947222 Duration=31314
Task=45 Chunk=0 Start=4082064706986 End=4082064707026 Duration=40
Task=45 Chunk=1 Start=4082066915880 End=4082067069847 Duration=153967
Task=45 Chunk=2 Start=4082067069870 End=4082067100854 Duration=30984
Task=46 Chunk=0 Start=4082064872522 End=4082064872559 Duration=37
Task=46 Chunk=1 Start=4082067069865 End=4082067224040 Duration=154175
Task=46 Chunk=2 Start=4082067224079 End=4082067255321 Duration=31242
Task=47 Chunk=0 Start=4082065035096 End=4082065035155 Duration=59
Task=47 Chunk=1 Start=4082067224053 End=4082067376107 Duration=152054
Task=47 Chunk=2 Start=4082067376146 End=4082067407940 Duration=31794
Task=48 Chunk=0 Start=4082065195161 End=4082065195207 Duration=46
Task=48 Chunk=1 Start=4082067376125 End=4082067529570 Duration=153445
Task=48 Chunk=2 Start=4082067529588 End=4082067564636 Duration=35048
Task=49 Chunk=0 Start=4082065358612 End=4082065358693 Duration=81
Task=49 Chunk=1 Start=4082067529580 End=4082067690881 Duration=161301
Task=49 Chunk=2 Start=4082067690918 End=4082067722092 Duration=31174
Task=50 Chunk=0 Start=4082065519118 End=4082065519164 Duration=46
Task=50 Chunk=1 Start=4082067690896 End=4082067843708 Duration=152812
Task=50 Chunk=2 Start=4082067843738 End=4082067878464 Duration=34726
Task=51 Chunk=0 Start=4082065675986 End=4082065676027 Duration=41
Task=51 Chunk=1 Start=4082067843719 End=4082068000984 Duration=157265
Task=51 Chunk=2 Start=4082068001025 End=4082068032829 Duration=31804
Task=52 Chunk=0 Start=4082065833091 End=4082065833171 Duration=80
Task=52 Chunk=1 Start=4082068001000 End=4082068153778 Duration=152778
Task=52 Chunk=2 Start=4082068153809 End=4082068184776 Duration=30967
Task=53 Chunk=0 Start=4082065991466 End=4082065991506 Duration=40
Task=53 Chunk=1 Start=4082068153793 End=4082068309510 Duration=155717
Task=53 Chunk=2 Start=4082068309547 End=4082068340397 Duration=30850
Task=54 Chunk=0 Start=4082066146404 End=4082066146539 Duration=135
Task=54 Chunk=1 Start=4082068309520 End=4082068462859 Duration=153339
Task=54 Chunk=2 Start=4082068462879 End=4082068494037 Duration=31158
Task=55 Chunk=0 Start=4082066309775 End=4082066309819 Duration=44
Task=55 Chunk=1 Start=4082068462875 End=4082068617242 Duration=154367
Task=55 Chunk=2 Start=4082068617272 End=4082068651072 Duration=33800
Task=56 Chunk=0 Start=4082066465029 End=4082066465072 Duration=43
Task=56 Chunk=1 Start=4082068617251 End=4082068769674 Duration=152423
Task=56 Chunk=2 Start=4082068769688 End=4082068800951 Duration=31263
Task=57 Chunk=0 Start=4082066623854 End=4082066623897 Duration=43
Task=57 Chunk=1 Start=4082068769683 End=4082068924833 Duration=155150
Task=57 Chunk=2 Start=4082068924875 End=4082068958155 Duration=33280
Task=58 Chunk=0 Start=4082066786824 End=4082066786867 Duration=43
Task=58 Chunk=1 Start=4082068924852 End=4082069082186 Duration=157334
Task=58 Chunk=2 Start=4082069082232 End=4082069113861 Duration=31629
Task=59 Chunk=0 Start=4082066947239 End=4082066947282 Duration=43
Task=59 Chunk=1 Start=4082069082190 End=4082069240785 Duration=158595
Task=59 Chunk=2 Start=4082069240811 End=4082069272455 Duration=31644
Task=60 Chunk=0 Start=4082067100873 End=4082067100917 Duration=44
Task=60 Chunk=1 Start=4082069240801 End=4082069401632 Duration=160831
Task=60 Chunk=2 Start=4082069401649 End=4082069434203 Duration=32554
Task=61 Chunk=0 Start=4082067255342 End=4082067255392 Duration=50
Task=61 Chunk=1 Start=4082069401645 End=4082069559331 Duration=157686
Task=61 Chunk=2 Start=4082069559353 End=4082069590505 Duration=31152
Task=62 Chunk=0 Start=4082067407995 End=4082067408043 Duration=48
Task=62 Chunk=1 Start=4082069559349 End=4082069722406 Duration=163057
Task=62 Chunk=2 Start=4082069722422 End=4082069755619 Duration=33197
Task=63 Chunk=0 Start=4082067564658 End=4082067564704 Duration=46
Task=63 Chunk=1 Start=4082069722418 End=4082069875073 Duration=152655
Task=63 Chunk=2 Start=4082069875103 End=4082069906304 Duration=31201
Task=64 Chunk=0 Start=4082067722106 End=4082067722151 Duration=45
Task=64 Chunk=1 Start=4082069875077 End=4082070031926 Duration=156849
Task=64 Chunk=2 Start=4082070031963 End=4082070063889 Duration=31926
Task=65 Chunk=0 Start=4082067878484 End=4082067878537 Duration=53
Task=65 Chunk=1 Start=4082070031929 End=4082070185292 Duration=153363
Task=65 Chunk=2 Start=4082070185328 End=4082070225041 Duration=39713
Task=66 Chunk=0 Start=4082068032890 End=4082068032939 Duration=49
Task=66 Chunk=1 Start=4082070185315 End=4082070342674 Duration=157359
Task=66 Chunk=2 Start=4082070342700 End=4082070374733 Duration=32033
Task=67 Chunk=0 Start=4082068184792 End=4082068184848 Duration=56
Task=67 Chunk=1 Start=4082070342696 End=4082070498675 Duration=155979
Task=67 Chunk=2 Start=4082070498704 End=4082070531500 Duration=32796
Task=68 Chunk=0 Start=4082068340416 End=4082068340461 Duration=45
Task=68 Chunk=1 Start=4082070498689 End=4082070656763 Duration=158074
Task=68 Chunk=2 Start=4082070656794 End=4082070687652 Duration=30858
Task=69 Chunk=0 Start=4082068494054 End=4082068494101 Duration=47
Task=69 Chunk=1 Start=4082070656773 End=4082070813778 Duration=157005
Task=69 Chunk=2 Start=4082070813801 End=4082070845110 Duration=31309
Task=70 Chunk=0 Start=4082068651131 End=4082068651175 Duration=44
Task=70 Chunk=1 Start=4082070813790 End=4082070972888 Duration=159098
Task=70 Chunk=2 Start=4082070972923 End=4082071006077 Duration=33154
Task=71 Chunk=0 Start=4082068800972 End=4082068801015 Duration=43
Task=71 Chunk=1 Start=4082070972903 End=4082071130618 Duration=157715
Task=71 Chunk=2 Start=4082071130658 End=4082071161745 Duration=31087
Task=72 Chunk=0 Start=4082068958182 End=4082068958224 Duration=42
Task=72 Chunk=1 Start=4082071130631 End=4082071284455 Duration=153824
Task=72 Chunk=2 Start=4082071284491 End=4082071317531 Duration=33040
Task=73 Chunk=0 Start=4082069113913 End=4082069113958 Duration=45
Task=73 Chunk=1 Start=4082071284472 End=4082071441491 Duration=157019
Task=73 Chunk=2 Start=4082071441530 End=4082071473646 Duration=32116
Task=74 Chunk=0 Start=4082069272476 End=4082069272520 Duration=44
Task=74 Chunk=1 Start=4082071441495 End=4082071593957 Duration=152462
Task=74 Chunk=2 Start=4082071593985 End=4082071625449 Duration=31464
Task=75 Chunk=0 Start=4082069434222 End=4082069434267 Duration=45
Task=75 Chunk=1 Start=4082071593966 End=4082071747507 Duration=153541
Task=75 Chunk=2 Start=4082071747542 End=4082071778658 Duration=31116
Task=76 Chunk=0 Start=4082069590527 End=4082069590577 Duration=50
Task=76 Chunk=1 Start=4082071747510 End=4082071901676 Duration=154166
Task=76 Chunk=2 Start=4082071901699 End=4082071933227 Duration=31528
Task=77 Chunk=0 Start=4082069755683 End=4082069755726 Duration=43
Task=77 Chunk=1 Start=4082071901693 End=4082072056058 Duration=154365
Task=77 Chunk=2 Start=4082072056090 End=4082072089586 Duration=33496
Task=78 Chunk=0 Start=4082069906323 End=4082069906366 Duration=43
Task=78 Chunk=1 Start=4082072056074 End=4082072210914 Duration=154840
Task=78 Chunk=2 Start=4082072210946 End=4082072241861 Duration=30915
Task=79 Chunk=0 Start=4082070063919 End=4082070063962 Duration=43
Task=79 Chunk=1 Start=4082072210931 End=4082072364086 Duration=153155
Task=79 Chunk=2 Start=4082072364124 End=4082072398174 Duration=34050
Task=80 Chunk=0 Start=4082070225062 End=4082070225103 Duration=41
Task=80 Chunk=1 Start=4082072364107 End=4082072521722 Duration=157615
Task=80 Chunk=2 Start=4082072521744 End=4082072554067 Duration=32323
Task=81 Chunk=0 Start=4082070374774 End=4082070374835 Duration=61
Task=81 Chunk=1 Start=4082072521739 End=4082072675346 Duration=153607
Task=81 Chunk=2 Start=4082072675388 End=4082072853861 Duration=178473
Task=82 Chunk=0 Start=4082070531515 End=4082070531560 Duration=45
Task=82 Chunk=1 Start=4082072675349 End=4082072814440 Duration=139091
Task=82 Chunk=2 Start=4082072853885 End=4082072885829 Duration=31944
Task=83 Chunk=0 Start=4082070687669 End=4082070687719 Duration=50
Task=83 Chunk=1 Start=4082072814444 End=4082072970238 Duration=155794
Task=83 Chunk=2 Start=4082072970283 End=4082073001175 Duration=30892
Task=84 Chunk=0 Start=4082070845128 End=4082070845174 Duration=46
Task=84 Chunk=1 Start=4082072970257 End=4082073122944 Duration=152687
Task=84 Chunk=2 Start=4082073122967 End=4082073154241 Duration=31274
Task=85 Chunk=0 Start=4082071006097 End=4082071006141 Duration=44
Task=85 Chunk=1 Start=4082073122948 End=4082073267607 Duration=144659
Task=85 Chunk=2 Start=4082073267643 End=4082073299281 Duration=31638
Task=86 Chunk=0 Start=4082071161762 End=4082071161805 Duration=43
Task=86 Chunk=1 Start=4082073267614 End=4082073414682 Duration=147068
Task=86 Chunk=2 Start=4082073414718 End=4082073446143 Duration=31425
Task=87 Chunk=0 Start=4082071317552 End=4082071317594 Duration=42
Task=87 Chunk=1 Start=4082073414697 End=4082073566200 Duration=151503
Task=87 Chunk=2 Start=4082073566230 End=4082073598200 Duration=31970
Task=88 Chunk=0 Start=4082071473664 End=4082071473708 Duration=44
Task=88 Chunk=1 Start=4082073566213 End=4082073718693 Duration=152480
Task=88 Chunk=2 Start=4082073718728 End=4082073752609 Duration=33881
Task=89 Chunk=0 Start=4082071625510 End=4082071625599 Duration=89
Task=89 Chunk=1 Start=4082073718712 End=4082073871657 Duration=152945
Task=89 Chunk=2 Start=4082073871679 End=4082073903469 Duration=31790
Task=90 Chunk=0 Start=4082071778680 End=4082071778723 Duration=43
Task=90 Chunk=1 Start=4082073871661 End=4082074023453 Duration=151792
Task=90 Chunk=2 Start=4082074023473 End=4082074056528 Duration=33055
Task=91 Chunk=0 Start=4082071933250 End=4082071933293 Duration=43
Task=91 Chunk=1 Start=4082074023467 End=4082074175511 Duration=152044
Task=91 Chunk=2 Start=4082074175543 End=4082074206888 Duration=31345
Task=92 Chunk=0 Start=4082072089614 End=4082072089662 Duration=48
Task=92 Chunk=1 Start=4082074175525 End=4082074327836 Duration=152311
Task=92 Chunk=2 Start=4082074327867 End=4082074361652 Duration=33785
Task=93 Chunk=0 Start=4082072241881 End=4082072241937 Duration=56
Task=93 Chunk=1 Start=4082074327854 End=4082074485074 Duration=157220
Task=93 Chunk=2 Start=4082074485111 End=4082074516137 Duration=31026
Task=94 Chunk=0 Start=4082072398203 End=4082072398251 Duration=48
Task=94 Chunk=1 Start=4082074485093 End=4082074638653 Duration=153560
Task=94 Chunk=2 Start=4082074638694 End=4082074671540 Duration=32846
Task=95 Chunk=0 Start=4082072554089 End=4082072554136 Duration=47
Task=95 Chunk=1 Start=4082074638667 End=4082074790516 Duration=151849
Task=95 Chunk=2 Start=4082074790563 End=4082074823460 Duration=32897
Task=96 Chunk=0 Start=4082072853885 End=4082072853947 Duration=62
Task=96 Chunk=1 Start=4082074790534 End=4082074940894 Duration=150360
Task=96 Chunk=2 Start=4082074940941 End=4082074972999 Duration=32058
Task=97 Chunk=0 Start=4082072885843 End=4082072885886 Duration=43
Task=97 Chunk=1 Start=4082074940898 End=4082075092711 Duration=151813
Task=97 Chunk=2 Start=4082075092753 End=4082075123812 Duration=31059
Task=98 Chunk=0 Start=4082073001193 End=4082073001246 Duration=53
Task=98 Chunk=1 Start=4082075092724 End=4082075243751 Duration=151027
Task=98 Chunk=2 Start=4082075243807 End=4082075276288 Duration=32481
Task=99 Chunk=0 Start=4082073154257 End=4082073154306 Duration=49
Task=99 Chunk=1 Start=4082075243754 End=4082075396769 Duration=153015
Task=99 Chunk=2 Start=4082075396807 End=4082075427332 Duration=30525
### Python End ###

--------------------------------
[2025-06-26 18:22:27.575] [info] Available Vulkan Layers:
[2025-06-26 18:22:27.575] [warning] Validation layer requested but not available, continuing without it...
[2025-06-26 18:22:27.577] [info] Using integrated GPU: Mali-G710
### Python Begin ###
Schedule_UID=SCH-M1B1G6L1-G6664-007f
Frequency=24576000 Hz
Task=0 Chunk=0 Start=4082081349703 End=4082081406810 Duration=57107
Task=0 Chunk=1 Start=4082081406831 End=4082081423407 Duration=16576
Task=0 Chunk=2 Start=4082081423424 End=4082081637010 Duration=213586
Task=0 Chunk=3 Start=4082081637023 End=4082081662381 Duration=25358
Task=1 Chunk=0 Start=4082081406819 End=4082081407885 Duration=1066
Task=1 Chunk=1 Start=4082081423413 End=4082081423586 Duration=173
Task=1 Chunk=2 Start=4082081637015 End=4082081742748 Duration=105733
Task=1 Chunk=3 Start=4082081742757 End=4082081743040 Duration=283
Task=2 Chunk=0 Start=4082081407886 End=4082081412679 Duration=4793
Task=2 Chunk=1 Start=4082081423587 End=4082081423650 Duration=63
Task=2 Chunk=2 Start=4082081742748 End=4082081858910 Duration=116162
Task=2 Chunk=3 Start=4082081858915 End=4082081859369 Duration=454
Task=3 Chunk=0 Start=4082081412680 End=4082081413302 Duration=622
Task=3 Chunk=1 Start=4082081423650 End=4082081423713 Duration=63
Task=3 Chunk=2 Start=4082081858912 End=4082081972826 Duration=113914
Task=3 Chunk=3 Start=4082081972845 End=4082081973051 Duration=206
Task=4 Chunk=0 Start=4082081413303 End=4082081413804 Duration=501
Task=4 Chunk=1 Start=4082081423714 End=4082081423762 Duration=48
Task=4 Chunk=2 Start=4082081972827 End=4082082092011 Duration=119184
Task=4 Chunk=3 Start=4082082092031 End=4082082092220 Duration=189
Task=5 Chunk=0 Start=4082081413805 End=4082081414306 Duration=501
Task=5 Chunk=1 Start=4082081423765 End=4082081423810 Duration=45
Task=5 Chunk=2 Start=4082082092013 End=4082082210607 Duration=118594
Task=5 Chunk=3 Start=4082082210633 End=4082082210819 Duration=186
Task=6 Chunk=0 Start=4082081414307 End=4082081414812 Duration=505
Task=6 Chunk=1 Start=4082081423810 End=4082081423854 Duration=44
Task=6 Chunk=2 Start=4082082210608 End=4082082329406 Duration=118798
Task=6 Chunk=3 Start=4082082329424 End=4082082329609 Duration=185
Task=7 Chunk=0 Start=4082081414812 End=4082081415302 Duration=490
Task=7 Chunk=1 Start=4082081423855 End=4082081423893 Duration=38
Task=7 Chunk=2 Start=4082082329407 End=4082082448184 Duration=118777
Task=7 Chunk=3 Start=4082082448209 End=4082082448392 Duration=183
Task=8 Chunk=0 Start=4082081415303 End=4082081416979 Duration=1676
Task=8 Chunk=1 Start=4082081423894 End=4082081423935 Duration=41
Task=8 Chunk=2 Start=4082082448185 End=4082082566182 Duration=117997
Task=8 Chunk=3 Start=4082082566198 End=4082082566461 Duration=263
Task=9 Chunk=0 Start=4082081416981 End=4082081417564 Duration=583
Task=9 Chunk=1 Start=4082081423936 End=4082081423993 Duration=57
Task=9 Chunk=2 Start=4082082566183 End=4082082684146 Duration=117963
Task=9 Chunk=3 Start=4082082684164 End=4082082684659 Duration=495
Task=10 Chunk=0 Start=4082081417565 End=4082081418081 Duration=516
Task=10 Chunk=1 Start=4082081423994 End=4082081424031 Duration=37
Task=10 Chunk=2 Start=4082082684147 End=4082082798547 Duration=114400
Task=10 Chunk=3 Start=4082082798579 End=4082082798853 Duration=274
Task=11 Chunk=0 Start=4082081418082 End=4082081418571 Duration=489
Task=11 Chunk=1 Start=4082081424031 End=4082081424089 Duration=58
Task=11 Chunk=2 Start=4082082798547 End=4082082915937 Duration=117390
Task=11 Chunk=3 Start=4082082915946 End=4082082916167 Duration=221
Task=12 Chunk=0 Start=4082081418572 End=4082081419064 Duration=492
Task=12 Chunk=1 Start=4082081424089 End=4082081424126 Duration=37
Task=12 Chunk=2 Start=4082082915938 End=4082083019263 Duration=103325
Task=12 Chunk=3 Start=4082083019278 End=4082083019688 Duration=410
Task=13 Chunk=0 Start=4082081419064 End=4082081419561 Duration=497
Task=13 Chunk=1 Start=4082081424127 End=4082081424164 Duration=37
Task=13 Chunk=2 Start=4082083019264 End=4082083127690 Duration=108426
Task=13 Chunk=3 Start=4082083127711 End=4082083128116 Duration=405
Task=14 Chunk=0 Start=4082081419562 End=4082081420067 Duration=505
Task=14 Chunk=1 Start=4082081424164 End=4082081424201 Duration=37
Task=14 Chunk=2 Start=4082083127691 End=4082083236833 Duration=109142
Task=14 Chunk=3 Start=4082083236865 End=4082083237263 Duration=398
Task=15 Chunk=0 Start=4082081662406 End=4082081663302 Duration=896
Task=15 Chunk=1 Start=4082081663315 End=4082081663415 Duration=100
Task=15 Chunk=2 Start=4082083236834 End=4082083345803 Duration=108969
Task=15 Chunk=3 Start=4082083345835 End=4082083346067 Duration=232
Task=16 Chunk=0 Start=4082081743076 End=4082081744046 Duration=970
Task=16 Chunk=1 Start=4082081744051 End=4082081744136 Duration=85
Task=16 Chunk=2 Start=4082083345804 End=4082083455951 Duration=110147
Task=16 Chunk=3 Start=4082083455980 End=4082083456334 Duration=354
Task=17 Chunk=0 Start=4082081859380 End=4082081859601 Duration=221
Task=17 Chunk=1 Start=4082081859672 End=4082081859748 Duration=76
Task=17 Chunk=2 Start=4082083455953 End=4082083565107 Duration=109154
Task=17 Chunk=3 Start=4082083565113 End=4082083565504 Duration=391
Task=18 Chunk=0 Start=4082081973064 End=4082081973312 Duration=248
Task=18 Chunk=1 Start=4082081973535 End=4082081973609 Duration=74
Task=18 Chunk=2 Start=4082083565110 End=4082083665541 Duration=100431
Task=18 Chunk=3 Start=4082083665574 End=4082083665975 Duration=401
Task=19 Chunk=0 Start=4082082092233 End=4082082092437 Duration=204
Task=19 Chunk=1 Start=4082082092721 End=4082082092789 Duration=68
Task=19 Chunk=2 Start=4082083665543 End=4082083763952 Duration=98409
Task=19 Chunk=3 Start=4082083763960 End=4082083764209 Duration=249
Task=20 Chunk=0 Start=4082082210830 End=4082082211020 Duration=190
Task=20 Chunk=1 Start=4082082211342 End=4082082211415 Duration=73
Task=20 Chunk=2 Start=4082083763955 End=4082083854066 Duration=90111
Task=20 Chunk=3 Start=4082083854090 End=4082083854335 Duration=245
Task=21 Chunk=0 Start=4082082329637 End=4082082329821 Duration=184
Task=21 Chunk=1 Start=4082082330121 End=4082082330194 Duration=73
Task=21 Chunk=2 Start=4082083854070 End=4082083946186 Duration=92116
Task=21 Chunk=3 Start=4082083946203 End=4082083946418 Duration=215
Task=22 Chunk=0 Start=4082082448403 End=4082082448586 Duration=183
Task=22 Chunk=1 Start=4082082448871 End=4082082448941 Duration=70
Task=22 Chunk=2 Start=4082083946195 End=4082084038047 Duration=91852
Task=22 Chunk=3 Start=4082084038074 End=4082084038313 Duration=239
Task=23 Chunk=0 Start=4082082566484 End=4082082566670 Duration=186
Task=23 Chunk=1 Start=4082082566846 End=4082082566915 Duration=69
Task=23 Chunk=2 Start=4082084038055 End=4082084130716 Duration=92661
Task=23 Chunk=3 Start=4082084130729 End=4082084130925 Duration=196
Task=24 Chunk=0 Start=4082082685078 End=4082082685242 Duration=164
Task=24 Chunk=1 Start=4082082685246 End=4082082685317 Duration=71
Task=24 Chunk=2 Start=4082084130721 End=4082084225759 Duration=95038
Task=24 Chunk=3 Start=4082084227741 End=4082084228014 Duration=273
Task=25 Chunk=0 Start=4082082798865 End=4082082799034 Duration=169
Task=25 Chunk=1 Start=4082082799236 End=4082082799305 Duration=69
Task=25 Chunk=2 Start=4082084225764 End=4082084325081 Duration=99317
Task=25 Chunk=3 Start=4082084325222 End=4082084325493 Duration=271
Task=26 Chunk=0 Start=4082082916184 End=4082082916351 Duration=167
Task=26 Chunk=1 Start=4082082916580 End=4082082916646 Duration=66
Task=26 Chunk=2 Start=4082084325082 End=4082084424290 Duration=99208
Task=26 Chunk=3 Start=4082084426673 End=4082084426936 Duration=263
Task=27 Chunk=0 Start=4082083019718 End=4082083019899 Duration=181
Task=27 Chunk=1 Start=4082083020039 End=4082083020108 Duration=69
Task=27 Chunk=2 Start=4082084424297 End=4082084526528 Duration=102231
Task=27 Chunk=3 Start=4082084526877 End=4082084527140 Duration=263
Task=28 Chunk=0 Start=4082083128134 End=4082083128294 Duration=160
Task=28 Chunk=1 Start=4082083128529 End=4082083128603 Duration=74
Task=28 Chunk=2 Start=4082084526529 End=4082084627285 Duration=100756
Task=28 Chunk=3 Start=4082084629688 End=4082084629962 Duration=274
Task=29 Chunk=0 Start=4082083237277 End=4082083237481 Duration=204
Task=29 Chunk=1 Start=4082083237567 End=4082083237640 Duration=73
Task=29 Chunk=2 Start=4082084627293 End=4082084724735 Duration=97442
Task=29 Chunk=3 Start=4082084724890 End=4082084725152 Duration=262
Task=30 Chunk=0 Start=4082083346090 End=4082083346257 Duration=167
Task=30 Chunk=1 Start=4082083346564 End=4082083346635 Duration=71
Task=30 Chunk=2 Start=4082084724736 End=4082084825506 Duration=100770
Task=30 Chunk=3 Start=4082084825790 End=4082084827006 Duration=1216
Task=31 Chunk=0 Start=4082083456353 End=4082083456468 Duration=115
Task=31 Chunk=1 Start=4082083456677 End=4082083456749 Duration=72
Task=31 Chunk=2 Start=4082084825508 End=4082084926221 Duration=100713
Task=31 Chunk=3 Start=4082084926582 End=4082084927674 Duration=1092
Task=32 Chunk=0 Start=4082083565528 End=4082083565685 Duration=157
Task=32 Chunk=1 Start=4082083565930 End=4082083566007 Duration=77
Task=32 Chunk=2 Start=4082084926223 End=4082085028482 Duration=102259
Task=32 Chunk=3 Start=4082085028588 End=4082085028863 Duration=275
Task=33 Chunk=0 Start=4082083874796 End=4082083875911 Duration=1115
Task=33 Chunk=1 Start=4082083875917 End=4082083876036 Duration=119
Task=33 Chunk=2 Start=4082085028483 End=4082085130490 Duration=102007
Task=33 Chunk=3 Start=4082085130584 End=4082085130847 Duration=263
Task=34 Chunk=0 Start=4082083875912 End=4082083876457 Duration=545
Task=34 Chunk=1 Start=4082083876470 End=4082083876521 Duration=51
Task=34 Chunk=2 Start=4082085130492 End=4082085228930 Duration=98438
Task=34 Chunk=3 Start=4082085229088 End=4082085229339 Duration=251
Task=35 Chunk=0 Start=4082083876458 End=4082083877003 Duration=545
Task=35 Chunk=1 Start=4082083877013 End=4082083877057 Duration=44
Task=35 Chunk=2 Start=4082085228930 End=4082085330578 Duration=101648
Task=35 Chunk=3 Start=4082085332363 End=4082085332624 Duration=261
Task=36 Chunk=0 Start=4082083946501 End=4082083947023 Duration=522
Task=36 Chunk=1 Start=4082083947032 End=4082083947072 Duration=40
Task=36 Chunk=2 Start=4082085330584 End=4082085428969 Duration=98385
Task=36 Chunk=3 Start=4082085431379 End=4082085431671 Duration=292
Task=37 Chunk=0 Start=4082084038417 End=4082084038951 Duration=534
Task=37 Chunk=1 Start=4082084038965 End=4082084039009 Duration=44
Task=37 Chunk=2 Start=4082085428976 End=4082085533694 Duration=104718
Task=37 Chunk=3 Start=4082085536047 End=4082085536324 Duration=277
Task=38 Chunk=0 Start=4082084130936 End=4082084131464 Duration=528
Task=38 Chunk=1 Start=4082084131471 End=4082084131512 Duration=41
Task=38 Chunk=2 Start=4082085533701 End=4082085638196 Duration=104495
Task=38 Chunk=3 Start=4082085638229 End=4082085638503 Duration=274
Task=39 Chunk=0 Start=4082084228033 End=4082084228298 Duration=265
Task=39 Chunk=1 Start=4082084228309 End=4082084228352 Duration=43
Task=39 Chunk=2 Start=4082085638198 End=4082085745809 Duration=107611
Task=39 Chunk=3 Start=4082085745835 End=4082085748800 Duration=2965
Task=40 Chunk=0 Start=4082084325503 End=4082084325660 Duration=157
Task=40 Chunk=1 Start=4082084325714 End=4082084325779 Duration=65
Task=40 Chunk=2 Start=4082085745820 End=4082085849419 Duration=103599
Task=40 Chunk=3 Start=4082085849433 End=4082085851356 Duration=1923
Task=41 Chunk=0 Start=4082084426958 End=4082084427122 Duration=164
Task=41 Chunk=1 Start=4082084427128 End=4082084427205 Duration=77
Task=41 Chunk=2 Start=4082085849427 End=4082085955979 Duration=106552
Task=41 Chunk=3 Start=4082085956011 End=4082085956456 Duration=445
Task=42 Chunk=0 Start=4082084527148 End=4082084527375 Duration=227
Task=42 Chunk=1 Start=4082084527388 End=4082084527458 Duration=70
Task=42 Chunk=2 Start=4082085955980 End=4082086059695 Duration=103715
Task=42 Chunk=3 Start=4082086059725 End=4082086060010 Duration=285
Task=43 Chunk=0 Start=4082084629981 End=4082084630162 Duration=181
Task=43 Chunk=1 Start=4082084630167 End=4082084630239 Duration=72
Task=43 Chunk=2 Start=4082086059697 End=4082086164405 Duration=104708
Task=43 Chunk=3 Start=4082086164436 End=4082086164721 Duration=285
Task=44 Chunk=0 Start=4082084725165 End=4082084725397 Duration=232
Task=44 Chunk=1 Start=4082084725406 End=4082084725544 Duration=138
Task=44 Chunk=2 Start=4082086164407 End=4082086267776 Duration=103369
Task=44 Chunk=3 Start=4082086267794 End=4082086268074 Duration=280
Task=45 Chunk=0 Start=4082084827029 End=4082084827244 Duration=215
Task=45 Chunk=1 Start=4082084827248 End=4082084827315 Duration=67
Task=45 Chunk=2 Start=4082086267778 End=4082086430147 Duration=162369
Task=45 Chunk=3 Start=4082086430288 End=4082086430672 Duration=384
Task=46 Chunk=0 Start=4082084927682 End=4082084927869 Duration=187
Task=46 Chunk=1 Start=4082084927873 End=4082084927943 Duration=70
Task=46 Chunk=2 Start=4082086430150 End=4082086537218 Duration=107068
Task=46 Chunk=3 Start=4082086537255 End=4082086537537 Duration=282
Task=47 Chunk=0 Start=4082085028883 End=4082085029080 Duration=197
Task=47 Chunk=1 Start=4082085029206 End=4082085029275 Duration=69
Task=47 Chunk=2 Start=4082086537224 End=4082086641957 Duration=104733
Task=47 Chunk=3 Start=4082086641975 End=4082086642177 Duration=202
Task=48 Chunk=0 Start=4082085130865 End=4082085131077 Duration=212
Task=48 Chunk=1 Start=4082085131087 End=4082085131217 Duration=130
Task=48 Chunk=2 Start=4082086641964 End=4082086741222 Duration=99258
Task=48 Chunk=3 Start=4082086741251 End=4082086741444 Duration=193
Task=49 Chunk=0 Start=4082085230320 End=4082085230551 Duration=231
Task=49 Chunk=1 Start=4082085230559 End=4082085230630 Duration=71
Task=49 Chunk=2 Start=4082086741228 End=4082086853882 Duration=112654
Task=49 Chunk=3 Start=4082086853892 End=4082086854081 Duration=189
Task=50 Chunk=0 Start=4082085332639 End=4082085332821 Duration=182
Task=50 Chunk=1 Start=4082085332831 End=4082085332912 Duration=81
Task=50 Chunk=2 Start=4082086853885 End=4082086946429 Duration=92544
Task=50 Chunk=3 Start=4082086946464 End=4082086946640 Duration=176
Task=51 Chunk=0 Start=4082085431690 End=4082085431907 Duration=217
Task=51 Chunk=1 Start=4082085431915 End=4082085431998 Duration=83
Task=51 Chunk=2 Start=4082086946437 End=4082087041139 Duration=94702
Task=51 Chunk=3 Start=4082087041159 End=4082087041337 Duration=178
Task=52 Chunk=0 Start=4082085536345 End=4082085536481 Duration=136
Task=52 Chunk=1 Start=4082085536493 End=4082085536571 Duration=78
Task=52 Chunk=2 Start=4082087041144 End=4082087136791 Duration=95647
Task=52 Chunk=3 Start=4082087136805 End=4082087138866 Duration=2061
Task=53 Chunk=0 Start=4082085640078 End=4082085640299 Duration=221
Task=53 Chunk=1 Start=4082085640303 End=4082085640375 Duration=72
Task=53 Chunk=2 Start=4082087136798 End=4082087241453 Duration=104655
Task=53 Chunk=3 Start=4082087241474 End=4082087243479 Duration=2005
Task=54 Chunk=0 Start=4082085748817 End=4082085748968 Duration=151
Task=54 Chunk=1 Start=4082085748980 End=4082085749058 Duration=78
Task=54 Chunk=2 Start=4082087241461 End=4082087346042 Duration=104581
Task=54 Chunk=3 Start=4082087346050 End=4082087346590 Duration=540
Task=55 Chunk=0 Start=4082085851370 End=4082085851588 Duration=218
Task=55 Chunk=1 Start=4082085851597 End=4082085851671 Duration=74
Task=55 Chunk=2 Start=4082087346043 End=4082087449282 Duration=103239
Task=55 Chunk=3 Start=4082087449292 End=4082087449585 Duration=293
Task=56 Chunk=0 Start=4082085956476 End=4082085956600 Duration=124
Task=56 Chunk=1 Start=4082085956712 End=4082085956778 Duration=66
Task=56 Chunk=2 Start=4082087449282 End=4082087553091 Duration=103809
Task=56 Chunk=3 Start=4082087553130 End=4082087553409 Duration=279
Task=57 Chunk=0 Start=4082086060016 End=4082086060205 Duration=189
Task=57 Chunk=1 Start=4082086060384 End=4082086060539 Duration=155
Task=57 Chunk=2 Start=4082087553099 End=4082087655013 Duration=101914
Task=57 Chunk=3 Start=4082087655027 End=4082087657644 Duration=2617
Task=58 Chunk=0 Start=4082086164736 End=4082086164939 Duration=203
Task=58 Chunk=1 Start=4082086165097 End=4082086165236 Duration=139
Task=58 Chunk=2 Start=4082087655017 End=4082087758966 Duration=103949
Task=58 Chunk=3 Start=4082087758991 End=4082087759269 Duration=278
Task=59 Chunk=0 Start=4082086268093 End=4082086268262 Duration=169
Task=59 Chunk=1 Start=4082086268469 End=4082086268638 Duration=169
Task=59 Chunk=2 Start=4082087758969 End=4082087861311 Duration=102342
Task=59 Chunk=3 Start=4082087861321 End=4082087861605 Duration=284
Task=60 Chunk=0 Start=4082086430690 End=4082086529830 Duration=99140
Task=60 Chunk=1 Start=4082086529845 End=4082086529935 Duration=90
Task=60 Chunk=2 Start=4082087861314 End=4082087965101 Duration=103787
Task=60 Chunk=3 Start=4082087965151 End=4082087965458 Duration=307
Task=61 Chunk=0 Start=4082086537739 End=4082086538390 Duration=651
Task=61 Chunk=1 Start=4082086538395 End=4082086538458 Duration=63
Task=61 Chunk=2 Start=4082087965107 End=4082088068828 Duration=103721
Task=61 Chunk=3 Start=4082088068867 End=4082088069147 Duration=280
Task=62 Chunk=0 Start=4082086642238 End=4082086642808 Duration=570
Task=62 Chunk=1 Start=4082086642816 End=4082086642859 Duration=43
Task=62 Chunk=2 Start=4082088068834 End=4082088187401 Duration=118567
Task=62 Chunk=3 Start=4082088189903 End=4082088190185 Duration=282
Task=63 Chunk=0 Start=4082086741579 End=4082086742119 Duration=540
Task=63 Chunk=1 Start=4082086742127 End=4082086742173 Duration=46
Task=63 Chunk=2 Start=4082088187405 End=4082088300506 Duration=113101
Task=63 Chunk=3 Start=4082088300995 End=4082088302057 Duration=1062
Task=64 Chunk=0 Start=4082086854156 End=4082086854704 Duration=548
Task=64 Chunk=1 Start=4082086854711 End=4082086854752 Duration=41
Task=64 Chunk=2 Start=4082088300506 End=4082088410893 Duration=110387
Task=64 Chunk=3 Start=4082088410920 End=4082088412930 Duration=2010
Task=65 Chunk=0 Start=4082086946663 End=4082086947198 Duration=535
Task=65 Chunk=1 Start=4082086947202 End=4082086947251 Duration=49
Task=65 Chunk=2 Start=4082088410899 End=4082088525059 Duration=114160
Task=65 Chunk=3 Start=4082088525080 End=4082088527946 Duration=2866
Task=66 Chunk=0 Start=4082087041557 End=4082087042099 Duration=542
Task=66 Chunk=1 Start=4082087042103 End=4082087042150 Duration=47
Task=66 Chunk=2 Start=4082088525067 End=4082088638333 Duration=113266
Task=66 Chunk=3 Start=4082088638361 End=4082088638630 Duration=269
Task=67 Chunk=0 Start=4082087138887 End=4082087139179 Duration=292
Task=67 Chunk=1 Start=4082087139183 End=4082087139240 Duration=57
Task=67 Chunk=2 Start=4082088638340 End=4082088753129 Duration=114789
Task=67 Chunk=3 Start=4082088753153 End=4082088753433 Duration=280
Task=68 Chunk=0 Start=4082087243490 End=4082087243741 Duration=251
Task=68 Chunk=1 Start=4082087243750 End=4082087243826 Duration=76
Task=68 Chunk=2 Start=4082088753134 End=4082088866387 Duration=113253
Task=68 Chunk=3 Start=4082088866398 End=4082088866658 Duration=260
Task=69 Chunk=0 Start=4082087346608 End=4082087346840 Duration=232
Task=69 Chunk=1 Start=4082087346843 End=4082087346898 Duration=55
Task=69 Chunk=2 Start=4082088866393 End=4082088980821 Duration=114428
Task=69 Chunk=3 Start=4082088980832 End=4082088983566 Duration=2734
Task=70 Chunk=0 Start=4082087449590 End=4082087449803 Duration=213
Task=70 Chunk=1 Start=4082087449983 End=4082087450051 Duration=68
Task=70 Chunk=2 Start=4082088980829 End=4082089094611 Duration=113782
Task=70 Chunk=3 Start=4082089094629 End=4082089097521 Duration=2892
Task=71 Chunk=0 Start=4082087553422 End=4082087555283 Duration=1861
Task=71 Chunk=1 Start=4082087555294 End=4082087555375 Duration=81
Task=71 Chunk=2 Start=4082089094619 End=4082089213778 Duration=119159
Task=71 Chunk=3 Start=4082089213810 End=4082089214093 Duration=283
Task=72 Chunk=0 Start=4082087657664 End=4082087657836 Duration=172
Task=72 Chunk=1 Start=4082087657846 End=4082087657907 Duration=61
Task=72 Chunk=2 Start=4082089213779 End=4082089338294 Duration=124515
Task=72 Chunk=3 Start=4082089338328 End=4082089338609 Duration=281
Task=73 Chunk=0 Start=4082087759292 End=4082087761173 Duration=1881
Task=73 Chunk=1 Start=4082087761180 End=4082087761247 Duration=67
Task=73 Chunk=2 Start=4082089338301 End=4082089461811 Duration=123510
Task=73 Chunk=3 Start=4082089461839 End=4082089462099 Duration=260
Task=74 Chunk=0 Start=4082087861627 End=4082087863523 Duration=1896
Task=74 Chunk=1 Start=4082087863529 End=4082087863592 Duration=63
Task=74 Chunk=2 Start=4082089461818 End=4082089586775 Duration=124957
Task=74 Chunk=3 Start=4082089586802 End=4082089589015 Duration=2213
Task=75 Chunk=0 Start=4082087965477 End=4082087967234 Duration=1757
Task=75 Chunk=1 Start=4082087967246 End=4082087967309 Duration=63
Task=75 Chunk=2 Start=4082089586783 End=4082089710988 Duration=124205
Task=75 Chunk=3 Start=4082089711010 End=4082089711313 Duration=303
Task=76 Chunk=0 Start=4082088069157 End=4082088071191 Duration=2034
Task=76 Chunk=1 Start=4082088071201 End=4082088071275 Duration=74
Task=76 Chunk=2 Start=4082089710989 End=4082089833121 Duration=122132
Task=76 Chunk=3 Start=4082089833151 End=4082089833416 Duration=265
Task=77 Chunk=0 Start=4082088190203 End=4082088190419 Duration=216
Task=77 Chunk=1 Start=4082088190428 End=4082088190502 Duration=74
Task=77 Chunk=2 Start=4082089833127 End=4082089957590 Duration=124463
Task=77 Chunk=3 Start=4082089957611 End=4082089957870 Duration=259
Task=78 Chunk=0 Start=4082088302067 End=4082088302305 Duration=238
Task=78 Chunk=1 Start=4082088302308 End=4082088302376 Duration=68
Task=78 Chunk=2 Start=4082089957594 End=4082090083880 Duration=126286
Task=78 Chunk=3 Start=4082090083896 End=4082090084146 Duration=250
Task=79 Chunk=0 Start=4082088412956 End=4082088413147 Duration=191
Task=79 Chunk=1 Start=4082088413155 End=4082088413239 Duration=84
Task=79 Chunk=2 Start=4082090083881 End=4082090211401 Duration=127520
Task=79 Chunk=3 Start=4082090211421 End=4082090215068 Duration=3647
Task=80 Chunk=0 Start=4082088527956 End=4082088528147 Duration=191
Task=80 Chunk=1 Start=4082088528160 End=4082088528227 Duration=67
Task=80 Chunk=2 Start=4082090211409 End=4082090335197 Duration=123788
Task=80 Chunk=3 Start=4082090335219 End=4082090335484 Duration=265
Task=81 Chunk=0 Start=4082088638648 End=4082088640976 Duration=2328
Task=81 Chunk=1 Start=4082088640981 End=4082088641053 Duration=72
Task=81 Chunk=2 Start=4082090335204 End=4082090462934 Duration=127730
Task=81 Chunk=3 Start=4082090462953 End=4082090463216 Duration=263
Task=82 Chunk=0 Start=4082088753446 End=4082088755752 Duration=2306
Task=82 Chunk=1 Start=4082088755761 End=4082088755846 Duration=85
Task=82 Chunk=2 Start=4082090462935 End=4082090587095 Duration=124160
Task=82 Chunk=3 Start=4082090587113 End=4082090590376 Duration=3263
Task=83 Chunk=0 Start=4082088866679 End=4082088868784 Duration=2105
Task=83 Chunk=1 Start=4082088868794 End=4082088868877 Duration=83
Task=83 Chunk=2 Start=4082090587104 End=4082090710470 Duration=123366
Task=83 Chunk=3 Start=4082090710498 End=4082090710757 Duration=259
Task=84 Chunk=0 Start=4082088983588 End=4082088983759 Duration=171
Task=84 Chunk=1 Start=4082088983769 End=4082088983843 Duration=74
Task=84 Chunk=2 Start=4082090710473 End=4082090836210 Duration=125737
Task=84 Chunk=3 Start=4082090836221 End=4082090836483 Duration=262
Task=85 Chunk=0 Start=4082089097540 End=4082089097796 Duration=256
Task=85 Chunk=1 Start=4082089097808 End=4082089097887 Duration=79
Task=85 Chunk=2 Start=4082090836214 End=4082090954013 Duration=117799
Task=85 Chunk=3 Start=4082090954031 End=4082090954361 Duration=330
Task=86 Chunk=0 Start=4082089214105 End=4082089214346 Duration=241
Task=86 Chunk=1 Start=4082089215429 End=4082089215499 Duration=70
Task=86 Chunk=2 Start=4082090954016 End=4082091075231 Duration=121215
Task=86 Chunk=3 Start=4082091075260 End=4082091075445 Duration=185
Task=87 Chunk=0 Start=4082089338618 End=4082089341173 Duration=2555
Task=87 Chunk=1 Start=4082089341181 End=4082089341264 Duration=83
Task=87 Chunk=2 Start=4082091075232 End=4082091197698 Duration=122466
Task=87 Chunk=3 Start=4082091197726 End=4082091197917 Duration=191
Task=88 Chunk=0 Start=4082089462112 End=4082089464365 Duration=2253
Task=88 Chunk=1 Start=4082089464376 End=4082089464456 Duration=80
Task=88 Chunk=2 Start=4082091197703 End=4082091319221 Duration=121518
Task=88 Chunk=3 Start=4082091319229 End=4082091319411 Duration=182
Task=89 Chunk=0 Start=4082089589028 End=4082089589278 Duration=250
Task=89 Chunk=1 Start=4082089589287 End=4082089589365 Duration=78
Task=89 Chunk=2 Start=4082091319223 End=4082091428504 Duration=109281
Task=89 Chunk=3 Start=4082091428522 End=4082091428697 Duration=175
Task=90 Chunk=0 Start=4082089712683 End=4082089712892 Duration=209
Task=90 Chunk=1 Start=4082089712899 End=4082089712978 Duration=79
Task=90 Chunk=2 Start=4082091428509 End=4082091529400 Duration=100891
Task=90 Chunk=3 Start=4082091529434 End=4082091529607 Duration=173
Task=91 Chunk=0 Start=4082089833433 End=4082089835916 Duration=2483
Task=91 Chunk=1 Start=4082089835928 End=4082089836001 Duration=73
Task=91 Chunk=2 Start=4082091529406 End=4082091631052 Duration=101646
Task=91 Chunk=3 Start=4082091631064 End=4082091631239 Duration=175
Task=92 Chunk=0 Start=4082089957885 End=4082089960170 Duration=2285
Task=92 Chunk=1 Start=4082089960175 End=4082089960252 Duration=77
Task=92 Chunk=2 Start=4082091631056 End=4082091731044 Duration=99988
Task=92 Chunk=3 Start=4082091731053 End=4082091731232 Duration=179
Task=93 Chunk=0 Start=4082090086630 End=4082090086859 Duration=229
Task=93 Chunk=1 Start=4082090086866 End=4082090086952 Duration=86
Task=93 Chunk=2 Start=4082091731047 End=4082091832086 Duration=101039
Task=93 Chunk=3 Start=4082091832117 End=4082091832293 Duration=176
Task=94 Chunk=0 Start=4082090215085 End=4082090215236 Duration=151
Task=94 Chunk=1 Start=4082090215246 End=4082090215319 Duration=73
Task=94 Chunk=2 Start=4082091832092 End=4082091934125 Duration=102033
Task=94 Chunk=3 Start=4082091935198 End=4082091935426 Duration=228
Task=95 Chunk=0 Start=4082090335505 End=4082090338018 Duration=2513
Task=95 Chunk=1 Start=4082090338023 End=4082090338107 Duration=84
Task=95 Chunk=2 Start=4082091935099 End=4082092043150 Duration=108051
Task=95 Chunk=3 Start=4082092043165 End=4082092043345 Duration=180
Task=96 Chunk=0 Start=4082090463235 End=4082090463435 Duration=200
Task=96 Chunk=1 Start=4082090463447 End=4082090464142 Duration=695
Task=96 Chunk=2 Start=4082092043157 End=4082092152719 Duration=109562
Task=96 Chunk=3 Start=4082092152742 End=4082092152910 Duration=168
Task=97 Chunk=0 Start=4082090590399 End=4082090590646 Duration=247
Task=97 Chunk=1 Start=4082090590654 End=4082090590731 Duration=77
Task=97 Chunk=2 Start=4082092152721 End=4082092262114 Duration=109393
Task=97 Chunk=3 Start=4082092262148 End=4082092262336 Duration=188
Task=98 Chunk=0 Start=4082090710776 End=4082090713087 Duration=2311
Task=98 Chunk=1 Start=4082090713092 End=4082090713177 Duration=85
Task=98 Chunk=2 Start=4082092262115 End=4082092375482 Duration=113367
Task=98 Chunk=3 Start=4082092375518 End=4082092375695 Duration=177
Task=99 Chunk=0 Start=4082090836493 End=4082090838805 Duration=2312
Task=99 Chunk=1 Start=4082090838817 End=4082090838897 Duration=80
Task=99 Chunk=2 Start=4082092375484 End=4082092485309 Duration=109825
Task=99 Chunk=3 Start=4082092485342 End=4082092485517 Duration=175
### Python End ###

--------------------------------
[2025-06-26 18:22:28.268] [info] Available Vulkan Layers:
[2025-06-26 18:22:28.268] [warning] Validation layer requested but not available, continuing without it...
[2025-06-26 18:22:28.271] [info] Using integrated GPU: Mali-G710
### Python Begin ###
Schedule_UID=SCH-M1G7L1-G6664-49da
Frequency=24576000 Hz
Task=0 Chunk=0 Start=4082098483179 End=4082098522597 Duration=39418
Task=0 Chunk=1 Start=4082098522632 End=4082098736815 Duration=214183
Task=0 Chunk=2 Start=4082098736822 End=4082098755538 Duration=18716
Task=1 Chunk=0 Start=4082098522614 End=4082098522950 Duration=336
Task=1 Chunk=1 Start=4082098736819 End=4082098860100 Duration=123281
Task=1 Chunk=2 Start=4082098860111 End=4082098861124 Duration=1013
Task=2 Chunk=0 Start=4082098522951 End=4082098523097 Duration=146
Task=2 Chunk=1 Start=4082098860108 End=4082098985762 Duration=125654
Task=2 Chunk=2 Start=4082098985788 End=4082098986045 Duration=257
Task=3 Chunk=0 Start=4082098523097 End=4082098523214 Duration=117
Task=3 Chunk=1 Start=4082098985768 End=4082099114299 Duration=128531
Task=3 Chunk=2 Start=4082099114311 End=4082099115395 Duration=1084
Task=4 Chunk=0 Start=4082098523214 End=4082098523318 Duration=104
Task=4 Chunk=1 Start=4082099114304 End=4082099234418 Duration=120114
Task=4 Chunk=2 Start=4082099234437 End=4082099235380 Duration=943
Task=5 Chunk=0 Start=4082098523318 End=4082098523422 Duration=104
Task=5 Chunk=1 Start=4082099234419 End=4082099357122 Duration=122703
Task=5 Chunk=2 Start=4082099357130 End=4082099358066 Duration=936
Task=6 Chunk=0 Start=4082098523423 End=4082098523532 Duration=109
Task=6 Chunk=1 Start=4082099357123 End=4082099480302 Duration=123179
Task=6 Chunk=2 Start=4082099480328 End=4082099481260 Duration=932
Task=7 Chunk=0 Start=4082098523533 End=4082098523619 Duration=86
Task=7 Chunk=1 Start=4082099480303 End=4082099610582 Duration=130279
Task=7 Chunk=2 Start=4082099610599 End=4082099611540 Duration=941
Task=8 Chunk=0 Start=4082098523620 End=4082098523687 Duration=67
Task=8 Chunk=1 Start=4082099610591 End=4082099730982 Duration=120391
Task=8 Chunk=2 Start=4082099731001 End=4082099732170 Duration=1169
Task=9 Chunk=0 Start=4082098523688 End=4082098523768 Duration=80
Task=9 Chunk=1 Start=4082099730994 End=4082099849912 Duration=118918
Task=9 Chunk=2 Start=4082099849920 End=4082099850143 Duration=223
Task=10 Chunk=0 Start=4082098523769 End=4082098523847 Duration=78
Task=10 Chunk=1 Start=4082099849913 End=4082099986644 Duration=136731
Task=10 Chunk=2 Start=4082099986677 End=4082099986864 Duration=187
Task=11 Chunk=0 Start=4082098523847 End=4082098523909 Duration=62
Task=11 Chunk=1 Start=4082099986651 End=4082100121523 Duration=134872
Task=11 Chunk=2 Start=4082100121551 End=4082100121731 Duration=180
Task=12 Chunk=0 Start=4082098523910 End=4082098523975 Duration=65
Task=12 Chunk=1 Start=4082100121524 End=4082100259397 Duration=137873
Task=12 Chunk=2 Start=4082100259408 End=4082100259584 Duration=176
Task=13 Chunk=0 Start=4082098523976 End=4082098524041 Duration=65
Task=13 Chunk=1 Start=4082100259399 End=4082100399371 Duration=139972
Task=13 Chunk=2 Start=4082100399394 End=4082100399599 Duration=205
Task=14 Chunk=0 Start=4082098524042 End=4082098524102 Duration=60
Task=14 Chunk=1 Start=4082100399373 End=4082100538967 Duration=139594
Task=14 Chunk=2 Start=4082100538977 End=4082100539156 Duration=179
Task=15 Chunk=0 Start=4082098755550 End=4082098755682 Duration=132
Task=15 Chunk=1 Start=4082100538969 End=4082100678500 Duration=139531
Task=15 Chunk=2 Start=4082100678535 End=4082100678764 Duration=229
Task=16 Chunk=0 Start=4082098861149 End=4082098862053 Duration=904
Task=16 Chunk=1 Start=4082100678502 End=4082100816165 Duration=137663
Task=16 Chunk=2 Start=4082100816190 End=4082100816423 Duration=233
Task=17 Chunk=0 Start=4082098986070 End=4082098987435 Duration=1365
Task=17 Chunk=1 Start=4082100816167 End=4082100956177 Duration=140010
Task=17 Chunk=2 Start=4082100956215 End=4082100956422 Duration=207
Task=18 Chunk=0 Start=4082099115416 End=4082099116003 Duration=587
Task=18 Chunk=1 Start=4082100956179 End=4082101116630 Duration=160451
Task=18 Chunk=2 Start=4082101116659 End=4082101116860 Duration=201
Task=19 Chunk=0 Start=4082099235407 End=4082099235837 Duration=430
Task=19 Chunk=1 Start=4082101116637 End=4082101252753 Duration=136116
Task=19 Chunk=2 Start=4082101252784 End=4082101252976 Duration=192
Task=20 Chunk=0 Start=4082099358099 End=4082099358216 Duration=117
Task=20 Chunk=1 Start=4082101252755 End=4082101390972 Duration=138217
Task=20 Chunk=2 Start=4082101391015 End=4082101391202 Duration=187
Task=21 Chunk=0 Start=4082099481278 End=4082099481364 Duration=86
Task=21 Chunk=1 Start=4082101390985 End=4082101528981 Duration=137996
Task=21 Chunk=2 Start=4082101529006 End=4082101529202 Duration=196
Task=22 Chunk=0 Start=4082099611561 End=4082099611665 Duration=104
Task=22 Chunk=1 Start=4082101528983 End=4082101669735 Duration=140752
Task=22 Chunk=2 Start=4082101669763 End=4082101669951 Duration=188
Task=23 Chunk=0 Start=4082099732186 End=4082099732324 Duration=138
Task=23 Chunk=1 Start=4082101669737 End=4082101809172 Duration=139435
Task=23 Chunk=2 Start=4082101809216 End=4082101809396 Duration=180
Task=24 Chunk=0 Start=4082099850170 End=4082099850249 Duration=79
Task=24 Chunk=1 Start=4082101809173 End=4082101948757 Duration=139584
Task=24 Chunk=2 Start=4082101948781 End=4082101948956 Duration=175
Task=25 Chunk=0 Start=4082099986884 End=4082099986976 Duration=92
Task=25 Chunk=1 Start=4082101948758 End=4082102087757 Duration=138999
Task=25 Chunk=2 Start=4082102087774 End=4082102087964 Duration=190
Task=26 Chunk=0 Start=4082100121749 End=4082100121841 Duration=92
Task=26 Chunk=1 Start=4082102087759 End=4082102227761 Duration=140002
Task=26 Chunk=2 Start=4082102227792 End=4082102228000 Duration=208
Task=27 Chunk=0 Start=4082100259606 End=4082100259690 Duration=84
Task=27 Chunk=1 Start=4082102227765 End=4082102361573 Duration=133808
Task=27 Chunk=2 Start=4082102361584 End=4082102361905 Duration=321
Task=28 Chunk=0 Start=4082100399616 End=4082100399692 Duration=76
Task=28 Chunk=1 Start=4082102361574 End=4082102483236 Duration=121662
Task=28 Chunk=2 Start=4082102483245 End=4082102483424 Duration=179
Task=29 Chunk=0 Start=4082100539178 End=4082100539272 Duration=94
Task=29 Chunk=1 Start=4082102483237 End=4082102605743 Duration=122506
Task=29 Chunk=2 Start=4082102605775 End=4082102605954 Duration=179
Task=30 Chunk=0 Start=4082100678783 End=4082100678927 Duration=144
Task=30 Chunk=1 Start=4082102605744 End=4082102726722 Duration=120978
Task=30 Chunk=2 Start=4082102726745 End=4082102726928 Duration=183
Task=31 Chunk=0 Start=4082100816440 End=4082100816560 Duration=120
Task=31 Chunk=1 Start=4082102726724 End=4082102866524 Duration=139800
Task=31 Chunk=2 Start=4082102866555 End=4082102866747 Duration=192
Task=32 Chunk=0 Start=4082100956431 End=4082100956533 Duration=102
Task=32 Chunk=1 Start=4082102866525 End=4082103005138 Duration=138613
Task=32 Chunk=2 Start=4082103005168 End=4082103005355 Duration=187
Task=33 Chunk=0 Start=4082101116867 End=4082101116955 Duration=88
Task=33 Chunk=1 Start=4082103005140 End=4082103144910 Duration=139770
Task=33 Chunk=2 Start=4082103144942 End=4082103145142 Duration=200
Task=34 Chunk=0 Start=4082101252995 End=4082101253079 Duration=84
Task=34 Chunk=1 Start=4082103144912 End=4082103284988 Duration=140076
Task=34 Chunk=2 Start=4082103285006 End=4082103285201 Duration=195
Task=35 Chunk=0 Start=4082101391225 End=4082101391310 Duration=85
Task=35 Chunk=1 Start=4082103284990 End=4082103425393 Duration=140403
Task=35 Chunk=2 Start=4082103425428 End=4082103425631 Duration=203
Task=36 Chunk=0 Start=4082101529212 End=4082101529293 Duration=81
Task=36 Chunk=1 Start=4082103425394 End=4082103570046 Duration=144652
Task=36 Chunk=2 Start=4082103570067 End=4082103570259 Duration=192
Task=37 Chunk=0 Start=4082101669964 End=4082101670062 Duration=98
Task=37 Chunk=1 Start=4082103570048 End=4082103719808 Duration=149760
Task=37 Chunk=2 Start=4082103719824 End=4082103719998 Duration=174
Task=38 Chunk=0 Start=4082101809410 End=4082101809490 Duration=80
Task=38 Chunk=1 Start=4082103719810 End=4082103862657 Duration=142847
Task=38 Chunk=2 Start=4082103862684 End=4082103862916 Duration=232
Task=39 Chunk=0 Start=4082101948972 End=4082101949046 Duration=74
Task=39 Chunk=1 Start=4082103862659 End=4082104002719 Duration=140060
Task=39 Chunk=2 Start=4082104002745 End=4082104002939 Duration=194
Task=40 Chunk=0 Start=4082102087971 End=4082102088050 Duration=79
Task=40 Chunk=1 Start=4082104002721 End=4082104148552 Duration=145831
Task=40 Chunk=2 Start=4082104148575 End=4082104148759 Duration=184
Task=41 Chunk=0 Start=4082102228023 End=4082102228108 Duration=85
Task=41 Chunk=1 Start=4082104148555 End=4082104300074 Duration=151519
Task=41 Chunk=2 Start=4082104300095 End=4082104300300 Duration=205
Task=42 Chunk=0 Start=4082102361922 End=4082102362049 Duration=127
Task=42 Chunk=1 Start=4082104300076 End=4082104442853 Duration=142777
Task=42 Chunk=2 Start=4082104442878 End=4082104443074 Duration=196
Task=43 Chunk=0 Start=4082102483444 End=4082102483538 Duration=94
Task=43 Chunk=1 Start=4082104442855 End=4082104584815 Duration=141960
Task=43 Chunk=2 Start=4082104584853 End=4082104585043 Duration=190
Task=44 Chunk=0 Start=4082102605964 End=4082102606049 Duration=85
Task=44 Chunk=1 Start=4082104584817 End=4082104727601 Duration=142784
Task=44 Chunk=2 Start=4082104727631 End=4082104727820 Duration=189
Task=45 Chunk=0 Start=4082102726935 End=4082102727024 Duration=89
Task=45 Chunk=1 Start=4082104727603 End=4082104876859 Duration=149256
Task=45 Chunk=2 Start=4082104876875 End=4082104877059 Duration=184
Task=46 Chunk=0 Start=4082102866753 End=4082102866832 Duration=79
Task=46 Chunk=1 Start=4082104876868 End=4082105016000 Duration=139132
Task=46 Chunk=2 Start=4082105016028 End=4082105016208 Duration=180
Task=47 Chunk=0 Start=4082103005368 End=4082103005455 Duration=87
Task=47 Chunk=1 Start=4082105016001 End=4082105155265 Duration=139264
Task=47 Chunk=2 Start=4082105155301 End=4082105155481 Duration=180
Task=48 Chunk=0 Start=4082103145173 End=4082103145259 Duration=86
Task=48 Chunk=1 Start=4082105155267 End=4082105295674 Duration=140407
Task=48 Chunk=2 Start=4082105295695 End=4082105295873 Duration=178
Task=49 Chunk=0 Start=4082103285218 End=4082103285295 Duration=77
Task=49 Chunk=1 Start=4082105295676 End=4082105434189 Duration=138513
Task=49 Chunk=2 Start=4082105434220 End=4082105434401 Duration=181
Task=50 Chunk=0 Start=4082103425639 End=4082103425724 Duration=85
Task=50 Chunk=1 Start=4082105434191 End=4082105571339 Duration=137148
Task=50 Chunk=2 Start=4082105571352 End=4082105571519 Duration=167
Task=51 Chunk=0 Start=4082103570266 End=4082103570344 Duration=78
Task=51 Chunk=1 Start=4082105571341 End=4082105719286 Duration=147945
Task=51 Chunk=2 Start=4082105719323 End=4082105719504 Duration=181
Task=52 Chunk=0 Start=4082103720007 End=4082103720089 Duration=82
Task=52 Chunk=1 Start=4082105719288 End=4082105860668 Duration=141380
Task=52 Chunk=2 Start=4082105860697 End=4082105860876 Duration=179
Task=53 Chunk=0 Start=4082103862931 End=4082103863018 Duration=87
Task=53 Chunk=1 Start=4082105860670 End=4082106001803 Duration=141133
Task=53 Chunk=2 Start=4082106001813 End=4082106002003 Duration=190
Task=54 Chunk=0 Start=4082104002950 End=4082104003034 Duration=84
Task=54 Chunk=1 Start=4082106001804 End=4082106140662 Duration=138858
Task=54 Chunk=2 Start=4082106140685 End=4082106140886 Duration=201
Task=55 Chunk=0 Start=4082104148772 End=4082104148856 Duration=84
Task=55 Chunk=1 Start=4082106140664 End=4082106291438 Duration=150774
Task=55 Chunk=2 Start=4082106291459 End=4082106291646 Duration=187
Task=56 Chunk=0 Start=4082104300316 End=4082104300393 Duration=77
Task=56 Chunk=1 Start=4082106291440 End=4082106437517 Duration=146077
Task=56 Chunk=2 Start=4082106437532 End=4082106437740 Duration=208
Task=57 Chunk=0 Start=4082104443084 End=4082104443165 Duration=81
Task=57 Chunk=1 Start=4082106437529 End=4082106577595 Duration=140066
Task=57 Chunk=2 Start=4082106577630 End=4082106577803 Duration=173
Task=58 Chunk=0 Start=4082104585056 End=4082104585147 Duration=91
Task=58 Chunk=1 Start=4082106577597 End=4082106717705 Duration=140108
Task=58 Chunk=2 Start=4082106717736 End=4082106717922 Duration=186
Task=59 Chunk=0 Start=4082104727840 End=4082104727924 Duration=84
Task=59 Chunk=1 Start=4082106717707 End=4082106855560 Duration=137853
Task=59 Chunk=2 Start=4082106855592 End=4082106855780 Duration=188
Task=60 Chunk=0 Start=4082104877075 End=4082104877154 Duration=79
Task=60 Chunk=1 Start=4082106855562 End=4082106998843 Duration=143281
Task=60 Chunk=2 Start=4082106998855 End=4082106999043 Duration=188
Task=61 Chunk=0 Start=4082105016217 End=4082105016301 Duration=84
Task=61 Chunk=1 Start=4082106998845 End=4082107137412 Duration=138567
Task=61 Chunk=2 Start=4082107137440 End=4082107137623 Duration=183
Task=62 Chunk=0 Start=4082105155504 End=4082105155580 Duration=76
Task=62 Chunk=1 Start=4082107137414 End=4082107278131 Duration=140717
Task=62 Chunk=2 Start=4082107278148 End=4082107278341 Duration=193
Task=63 Chunk=0 Start=4082105295892 End=4082105295972 Duration=80
Task=63 Chunk=1 Start=4082107278132 End=4082107423006 Duration=144874
Task=63 Chunk=2 Start=4082107423023 End=4082107423207 Duration=184
Task=64 Chunk=0 Start=4082105434409 End=4082105434493 Duration=84
Task=64 Chunk=1 Start=4082107423008 End=4082107570485 Duration=147477
Task=64 Chunk=2 Start=4082107570504 End=4082107570694 Duration=190
Task=65 Chunk=0 Start=4082105571529 End=4082105571608 Duration=79
Task=65 Chunk=1 Start=4082107570487 End=4082107721210 Duration=150723
Task=65 Chunk=2 Start=4082107721233 End=4082107721486 Duration=253
Task=66 Chunk=0 Start=4082105719523 End=4082105719605 Duration=82
Task=66 Chunk=1 Start=4082107721212 End=4082107870252 Duration=149040
Task=66 Chunk=2 Start=4082107870269 End=4082107870461 Duration=192
Task=67 Chunk=0 Start=4082105860896 End=4082105860976 Duration=80
Task=67 Chunk=1 Start=4082107870254 End=4082108009716 Duration=139462
Task=67 Chunk=2 Start=4082108009746 End=4082108009940 Duration=194
Task=68 Chunk=0 Start=4082106002024 End=4082106002110 Duration=86
Task=68 Chunk=1 Start=4082108009717 End=4082108151006 Duration=141289
Task=68 Chunk=2 Start=4082108151022 End=4082108151202 Duration=180
Task=69 Chunk=0 Start=4082106140892 End=4082106140973 Duration=81
Task=69 Chunk=1 Start=4082108151008 End=4082108295133 Duration=144125
Task=69 Chunk=2 Start=4082108295164 End=4082108295357 Duration=193
Task=70 Chunk=0 Start=4082106291657 End=4082106291739 Duration=82
Task=70 Chunk=1 Start=4082108295135 End=4082108443188 Duration=148053
Task=70 Chunk=2 Start=4082108443202 End=4082108443388 Duration=186
Task=71 Chunk=0 Start=4082106437760 End=4082106437863 Duration=103
Task=71 Chunk=1 Start=4082108443190 End=4082108592871 Duration=149681
Task=71 Chunk=2 Start=4082108592904 End=4082108593092 Duration=188
Task=72 Chunk=0 Start=4082106577816 End=4082106577893 Duration=77
Task=72 Chunk=1 Start=4082108592873 End=4082108741875 Duration=149002
Task=72 Chunk=2 Start=4082108741905 End=4082108742084 Duration=179
Task=73 Chunk=0 Start=4082106717938 End=4082106718024 Duration=86
Task=73 Chunk=1 Start=4082108741877 End=4082108890094 Duration=148217
Task=73 Chunk=2 Start=4082108890105 End=4082108890290 Duration=185
Task=74 Chunk=0 Start=4082106855789 End=4082106855888 Duration=99
Task=74 Chunk=1 Start=4082108890096 End=4082109037071 Duration=146975
Task=74 Chunk=2 Start=4082109037087 End=4082109037262 Duration=175
Task=75 Chunk=0 Start=4082106999055 End=4082106999150 Duration=95
Task=75 Chunk=1 Start=4082109037073 End=4082109175003 Duration=137930
Task=75 Chunk=2 Start=4082109175031 End=4082109175211 Duration=180
Task=76 Chunk=0 Start=4082107137635 End=4082107137708 Duration=73
Task=76 Chunk=1 Start=4082109175005 End=4082109315072 Duration=140067
Task=76 Chunk=2 Start=4082109315099 End=4082109315280 Duration=181
Task=77 Chunk=0 Start=4082107278347 End=4082107278434 Duration=87
Task=77 Chunk=1 Start=4082109315074 End=4082109454230 Duration=139156
Task=77 Chunk=2 Start=4082109454252 End=4082109454442 Duration=190
Task=78 Chunk=0 Start=4082107423221 End=4082107423300 Duration=79
Task=78 Chunk=1 Start=4082109454231 End=4082109593527 Duration=139296
Task=78 Chunk=2 Start=4082109593552 End=4082109593746 Duration=194
Task=79 Chunk=0 Start=4082107570703 End=4082107570786 Duration=83
Task=79 Chunk=1 Start=4082109593529 End=4082109732772 Duration=139243
Task=79 Chunk=2 Start=4082109732786 End=4082109732976 Duration=190
Task=80 Chunk=0 Start=4082107721498 End=4082107721573 Duration=75
Task=80 Chunk=1 Start=4082109732774 End=4082109872781 Duration=140007
Task=80 Chunk=2 Start=4082109872808 End=4082109873000 Duration=192
Task=81 Chunk=0 Start=4082107870473 End=4082107870557 Duration=84
Task=81 Chunk=1 Start=4082109872782 End=4082110010875 Duration=138093
Task=81 Chunk=2 Start=4082110010887 End=4082110011090 Duration=203
Task=82 Chunk=0 Start=4082108009945 End=4082108010023 Duration=78
Task=82 Chunk=1 Start=4082110010877 End=4082110159638 Duration=148761
Task=82 Chunk=2 Start=4082110159660 End=4082110159858 Duration=198
Task=83 Chunk=0 Start=4082108151225 End=4082108151300 Duration=75
Task=83 Chunk=1 Start=4082110159640 End=4082110306434 Duration=146794
Task=83 Chunk=2 Start=4082110306456 End=4082110306640 Duration=184
Task=84 Chunk=0 Start=4082108295363 End=4082108295443 Duration=80
Task=84 Chunk=1 Start=4082110306436 End=4082110453532 Duration=147096
Task=84 Chunk=2 Start=4082110453560 End=4082110453749 Duration=189
Task=85 Chunk=0 Start=4082108443399 End=4082108443477 Duration=78
Task=85 Chunk=1 Start=4082110453534 End=4082110592061 Duration=138527
Task=85 Chunk=2 Start=4082110592100 End=4082110592320 Duration=220
Task=86 Chunk=0 Start=4082108593102 End=4082108593194 Duration=92
Task=86 Chunk=1 Start=4082110592063 End=4082110728206 Duration=136143
Task=86 Chunk=2 Start=4082110728238 End=4082110728434 Duration=196
Task=87 Chunk=0 Start=4082108742093 End=4082108742175 Duration=82
Task=87 Chunk=1 Start=4082110728208 End=4082110861612 Duration=133404
Task=87 Chunk=2 Start=4082110861644 End=4082110861839 Duration=195
Task=88 Chunk=0 Start=4082108890304 End=4082108890387 Duration=83
Task=88 Chunk=1 Start=4082110861613 End=4082110990907 Duration=129294
Task=88 Chunk=2 Start=4082110990928 End=4082110991141 Duration=213
Task=89 Chunk=0 Start=4082109037284 End=4082109037369 Duration=85
Task=89 Chunk=1 Start=4082110990916 End=4082111128132 Duration=137216
Task=89 Chunk=2 Start=4082111128142 End=4082111128324 Duration=182
Task=90 Chunk=0 Start=4082109175231 End=4082109175316 Duration=85
Task=90 Chunk=1 Start=4082111128133 End=4082111265454 Duration=137321
Task=90 Chunk=2 Start=4082111265487 End=4082111265674 Duration=187
Task=91 Chunk=0 Start=4082109315295 End=4082109315381 Duration=86
Task=91 Chunk=1 Start=4082111265456 End=4082111401511 Duration=136055
Task=91 Chunk=2 Start=4082111401548 End=4082111401734 Duration=186
Task=92 Chunk=0 Start=4082109454462 End=4082109454548 Duration=86
Task=92 Chunk=1 Start=4082111401518 End=4082111552292 Duration=150774
Task=92 Chunk=2 Start=4082111552340 End=4082111552523 Duration=183
Task=93 Chunk=0 Start=4082109593755 End=4082109593845 Duration=90
Task=93 Chunk=1 Start=4082111552294 End=4082111701426 Duration=149132
Task=93 Chunk=2 Start=4082111701443 End=4082111701688 Duration=245
Task=94 Chunk=0 Start=4082109732984 End=4082109733066 Duration=82
Task=94 Chunk=1 Start=4082111701432 End=4082111845161 Duration=143729
Task=94 Chunk=2 Start=4082111845185 End=4082111845365 Duration=180
Task=95 Chunk=0 Start=4082109873014 End=4082109873092 Duration=78
Task=95 Chunk=1 Start=4082111845163 End=4082111985676 Duration=140513
Task=95 Chunk=2 Start=4082111985688 End=4082111985871 Duration=183
Task=96 Chunk=0 Start=4082110011098 End=4082110011178 Duration=80
Task=96 Chunk=1 Start=4082111985678 End=4082112129339 Duration=143661
Task=96 Chunk=2 Start=4082112129367 End=4082112129545 Duration=178
Task=97 Chunk=0 Start=4082110159865 End=4082110159944 Duration=79
Task=97 Chunk=1 Start=4082112129341 End=4082112268414 Duration=139073
Task=97 Chunk=2 Start=4082112268437 End=4082112268612 Duration=175
Task=98 Chunk=0 Start=4082110306644 End=4082110306761 Duration=117
Task=98 Chunk=1 Start=4082112268416 End=4082112410482 Duration=142066
Task=98 Chunk=2 Start=4082112410500 End=4082112410711 Duration=211
Task=99 Chunk=0 Start=4082110453759 End=4082110453838 Duration=79
Task=99 Chunk=1 Start=4082112410484 End=4082112556626 Duration=146142
Task=99 Chunk=2 Start=4082112556656 End=4082112556836 Duration=180
### Python End ###
